TITLE = "Temporal Signal for fault receiver number(s) and simulation(s) 3,1;"
VARIABLES = "Time" ,"SRs" ,"SRd" ,"u_n" ,"Mud" ,"StV" ,"Ts0" ,"Td0" ,"Pn0" ,"Sls" ,"Sld" ,"Vr" ,"ASl" ,"PSR" ,"RT" ,"DS" ,"P_f" ,"Tmp"
# Receiver number 3
# x1	2.0000000000000000e+03
# x2	4.5924254968025837e-13
# x3	-7.5000000000000000e+03
# face-global-id	73859
# plus-cell-global-id	18464
# plus-face-side	3
# minus-cell-global-id	5592
# minus-face-side	0
# P_01	-1.2000000000000000e+08
# T_s1	7.0000000000000000e+07
# T_d1	-7.3478807948865257e-09
0.0000000000000000e+00	-nan	-nan	-nan	6.7700000000000005e-01	0.0000000000000000e+00	-nan	-nan	-nan	0.0000000000000000e+00	-0.0000000000000000e+00	0.0000000000000000e+00	0.0000000000000000e+00	0.0000000000000000e+00	0.0000000000000000e+00	0.0000000000000000e+00	0.0000000000000000e+00	0.0000000000000000e+00	
2.3690113210530165e-03	-0.0000000000000000e+00	-0.0000000000000000e+00	-2.4554448367280564e-06	6.6503326155240283e-01	0.0000000000000000e+00	6.9999999999980554e+07	1.8366501248622438e-06	-1.1999999999989860e+08	3.1491416971022743e-02	-1.7953198335158510e-13	0.0000000000000000e+00	3.1491416967361040e-02	6.9456314918151474e+00	0.0000000000000000e+00	0.0000000000000000e+00	0.0000000000000000e+00	0.0000000000000000e+00	
4.7380226421060330e-03	-0.0000000000000000e+00	-0.0000000000000000e+00	-2.4554448367280564e-06	6.6503326155240283e-01	0.0000000000000000e+00	6.9999999999980554e+07	1.8366501248622438e-06	-1.1999999999989860e+08	3.1491416971022743e-02	-1.7953198335158510e-13	0.0000000000000000e+00	3.1491416967361040e-02	6.9456314918151474e+00	0.0000000000000000e+00	0.0000000000000000e+00	0.0000000000000000e+00	0.0000000000000000e+00	
7.1070339631590495e-03	-0.0000000000000000e+00	-0.0000000000000000e+00	-1.9012434837660678e-06	6.5240679839260718e-01	0.0000000000000000e+00	6.9505398409328014e+07	8.8665082078641863e-03	-1.2000000031123446e+08	6.4718951636832125e-02	-7.7667210082083000e-11	0.0000000000000000e+00	6.4718951598402283e-02	7.3264391573860141e+00	0.0000000000000000e+00	0.0000000000000000e+00	0.0000000000000000e+00	0.0000000000000000e+00	
9.4760452842120660e-03	-0.0000000000000000e+00	-0.0000000000000000e+00	-1.9012434837660678e-06	6.5240679839260718e-01	0.0000000000000000e+00	6.9505398409328014e+07	8.8665082078641863e-03	-1.2000000031123446e+08	6.4718951636832125e-02	-7.7667210082083000e-11	0.0000000000000000e+00	6.4718951598402283e-02	7.3264391573860141e+00	0.0000000000000000e+00	0.0000000000000000e+00	0.0000000000000000e+00	0.0000000000000000e+00	
1.1845056605265082e-02	-0.0000000000000000e+00	-0.0000000000000000e+00	9.8490815068807795e-04	6.3885633781385243e-01	0.0000000000000000e+00	6.9170629037671536e+07	8.8721033559265470e+02	-1.2000787216225186e+08	1.0037813924257494e-01	4.6814502501246046e-07	0.0000000000000000e+00	1.0037805838459905e-01	7.8604254808551275e+00	0.0000000000000000e+00	0.0000000000000000e+00	0.0000000000000000e+00	0.0000000000000000e+00	
1.4214067926318099e-02	-0.0000000000000000e+00	-0.0000000000000000e+00	9.8490815068807795e-04	6.3885633781385243e-01	0.0000000000000000e+00	6.9170629037671536e+07	8.8721033559265470e+02	-1.2000787216225186e+08	1.0037813924257494e-01	4.6814502501246046e-07	0.0000000000000000e+00	1.0037805838459905e-01	7.8604254808551275e+00	0.0000000000000000e+00	0.0000000000000000e+00	0.0000000000000000e+00	0.0000000000000000e+00	
1.6583079247371117e-02	-0.0000000000000000e+00	-0.0000000000000000e+00	5.9751524154152543e-03	6.2415146391715148e-01	0.0000000000000000e+00	6.8941835995659411e+07	1.0398576058855795e+04	-1.2002471058967981e+08	1.3907500958577704e-01	6.7905740045927274e-06	0.0000000000000000e+00	1.3907509495486453e-01	8.5276415004471353e+00	0.0000000000000000e+00	0.0000000000000000e+00	0.0000000000000000e+00	0.0000000000000000e+00	
1.8952090568424132e-02	-0.0000000000000000e+00	-0.0000000000000000e+00	5.9751524154152543e-03	6.2415146391715148e-01	0.0000000000000000e+00	6.8941835995659411e+07	1.0398576058855795e+04	-1.2002471058967981e+08	1.3907500958577704e-01	6.7905740045927274e-06	0.0000000000000000e+00	1.3907509495486453e-01	8.5276415004471353e+00	0.0000000000000000e+00	0.0000000000000000e+00	0.0000000000000000e+00	0.0000000000000000e+00	
2.1321101889477147e-02	-0.0000000000000000e+00	-0.0000000000000000e+00	1.5299095885664837e-02	6.0805922971868942e-01	0.0000000000000000e+00	6.8777764192313194e+07	2.2265119276106143e+04	-1.2003358392495136e+08	1.8142187483916691e-01	2.1748929408553386e-05	0.0000000000000000e+00	1.8142307968765961e-01	9.3298906443988141e+00	0.0000000000000000e+00	0.0000000000000000e+00	0.0000000000000000e+00	0.0000000000000000e+00	
2.3690113210530162e-02	-0.0000000000000000e+00	-0.0000000000000000e+00	1.5299095885664837e-02	6.0805922971868942e-01	0.0000000000000000e+00	6.8777764192313194e+07	2.2265119276106143e+04	-1.2003358392495136e+08	1.8142187483916691e-01	2.1748929408553386e-05	0.0000000000000000e+00	1.8142307968765961e-01	9.3298906443988141e+00	0.0000000000000000e+00	0.0000000000000000e+00	0.0000000000000000e+00	0.0000000000000000e+00	
2.6059124531583183e-02	-0.0000000000000000e+00	-0.0000000000000000e+00	2.5988878913958031e-02	5.9034057683483487e-01	0.0000000000000000e+00	6.8661775364425600e+07	2.9729981868257124e+04	-1.2003367252414578e+08	2.2804726164187836e-01	4.3873330728869853e-05	0.0000000000000000e+00	2.2805111359253982e-01	1.0270600544238706e+01	0.0000000000000000e+00	0.0000000000000000e+00	0.0000000000000000e+00	0.0000000000000000e+00	
2.8428135852636198e-02	-0.0000000000000000e+00	-0.0000000000000000e+00	2.5988878913958031e-02	5.9034057683483487e-01	0.0000000000000000e+00	6.8661775364425600e+07	2.9729981868257124e+04	-1.2003367252414578e+08	2.2804726164187836e-01	4.3873330728869853e-05	0.0000000000000000e+00	2.2805111359253982e-01	1.0270600544238706e+01	0.0000000000000000e+00	0.0000000000000000e+00	0.0000000000000000e+00	0.0000000000000000e+00	
3.0797147173689213e-02	5.1463547168644867e-02	2.2418915085363964e-05	3.4797750836167582e-02	5.7075185109767668e-01	0.0000000000000000e+00	6.8507091082335353e+07	2.9843544454627361e+04	-1.2002956705424526e+08	2.7959227806718145e-01	6.8681711125456699e-05	0.0000000000000000e+00	2.7960039184821933e-01	1.1352036003389602e+01	0.0000000000000000e+00	0.0000000000000000e+00	0.0000000000000000e+00	0.0000000000000000e+00	
3.3166158494742227e-02	5.1463547168644867e-02	2.2418915085363964e-05	3.4797750836167582e-02	5.7075185109767668e-01	0.0000000000000000e+00	6.8507091082335353e+07	2.9843544454627361e+04	-1.2002956705424526e+08	2.7959227806718145e-01	6.8681711125456699e-05	0.0000000000000000e+00	2.7960039184821933e-01	1.1352036003389602e+01	0.0000000000000000e+00	0.0000000000000000e+00	0.0000000000000000e+00	0.0000000000000000e+00	
3.5535169815795249e-02	1.7295387208822663e+00	5.9632891077137404e-04	4.0005017250707840e-02	5.4904794174112626e-01	0.0000000000000000e+00	6.5900309994590551e+07	2.2721815709638071e+04	-1.2002652027570631e+08	3.3670107494580037e-01	9.0850610558921901e-05	0.0000000000000000e+00	3.3671594278650996e-01	1.2574478602146979e+01	0.0000000000000000e+00	0.0000000000000000e+00	0.0000000000000000e+00	0.0000000000000000e+00	
3.7904181136848264e-02	1.7295387208822663e+00	5.9632891077137404e-04	4.0005017250707840e-02	5.4904794174112626e-01	0.0000000000000000e+00	6.5900309994590551e+07	2.2721815709638071e+04	-1.2002652027570631e+08	3.3670107494580037e-01	9.0850610558921901e-05	0.0000000000000000e+00	3.3671594278650996e-01	1.2574478602146979e+01	0.0000000000000000e+00	0.0000000000000000e+00	0.0000000000000000e+00	0.0000000000000000e+00	
4.0273192457901279e-02	3.6022894369124563e+00	7.4278679699914599e-04	4.1417567547751916e-02	5.2500000000000002e-01	0.0000000000000000e+00	6.3014729622134842e+07	1.2993544799640196e+04	-1.2002805897478050e+08	4.0002181591128855e-01	1.0627952472193152e-04	0.0000000000000000e+00	4.0008691618295955e-01	1.3939858141596082e+01	0.0000000000000000e+00	4.1839604980026389e-02	0.0000000000000000e+00	0.0000000000000000e+00	
4.2642203778954293e-02	3.6022894369124563e+00	7.4278679699914599e-04	4.1417567547751916e-02	5.2500000000000002e-01	0.0000000000000000e+00	6.3014729622134842e+07	1.2993544799640196e+04	-1.2002805897478050e+08	4.0002181591128855e-01	1.0627952472193152e-04	0.0000000000000000e+00	4.0008691618295955e-01	1.3939858141596082e+01	0.0000000000000000e+00	4.1839604980026389e-02	0.0000000000000000e+00	0.0000000000000000e+00	
4.5011215100007308e-02	3.5846569454085868e+00	2.6089648762770757e-04	3.9843314245814054e-02	5.2500000000000002e-01	0.0000000000000000e+00	6.3018724848755285e+07	4.5865934225243273e+03	-1.2003566669650422e+08	4.6728302103469155e-01	1.1319554488694442e-04	0.0000000000000000e+00	4.6730508058098469e-01	1.4244817363520964e+01	0.0000000000000000e+00	4.1839604980026389e-02	0.0000000000000000e+00	0.0000000000000000e+00	
4.7380226421060323e-02	3.5846569454085868e+00	2.6089648762770757e-04	3.9843314245814054e-02	5.2500000000000002e-01	0.0000000000000000e+00	6.3018724848755285e+07	4.5865934225243273e+03	-1.2003566669650422e+08	4.6728302103469155e-01	1.1319554488694442e-04	0.0000000000000000e+00	4.6730508058098469e-01	1.4244817363520964e+01	0.0000000000000000e+00	4.1839604980026389e-02	0.0000000000000000e+00	0.0000000000000000e+00	
4.9749237742113338e-02	3.5787024728872470e+00	-4.5030858520277297e-05	3.6185298546720708e-02	5.2500000000000002e-01	0.0000000000000000e+00	6.3025672649025023e+07	-7.9305283680479306e+02	-1.2004890029336099e+08	5.3453276754549184e-01	1.1390683511174727e-04	0.0000000000000000e+00	5.3455035136025053e-01	1.4253732047287231e+01	0.0000000000000000e+00	4.1839604980026389e-02	0.0000000000000000e+00	0.0000000000000000e+00	
5.2118249063166353e-02	3.5787024728872470e+00	-4.5030858520277297e-05	3.6185298546720708e-02	5.2500000000000002e-01	0.0000000000000000e+00	6.3025672649025023e+07	-7.9305283680479306e+02	-1.2004890029336099e+08	5.3453276754549184e-01	1.1390683511174727e-04	0.0000000000000000e+00	5.3455035136025053e-01	1.4253732047287231e+01	0.0000000000000000e+00	4.1839604980026389e-02	0.0000000000000000e+00	0.0000000000000000e+00	
5.4487260384219367e-02	3.6114020069511792e+00	-9.2453419889114164e-05	2.8718863657719546e-02	5.2500000000000002e-01	0.0000000000000000e+00	6.3034096074031547e+07	-1.6136995384191757e+03	-1.2006494494226140e+08	6.0194497238540667e-01	1.1327392640011669e-04	0.0000000000000000e+00	6.0195679037352234e-01	1.4300150698009855e+01	0.0000000000000000e+00	4.1839604980026389e-02	0.0000000000000000e+00	0.0000000000000000e+00	
5.6856271705272382e-02	3.6114020069511792e+00	-9.2453419889114164e-05	2.8718863657719546e-02	5.2500000000000002e-01	0.0000000000000000e+00	6.3034096074031547e+07	-1.6136995384191757e+03	-1.2006494494226140e+08	6.0194497238540667e-01	1.1327392640011669e-04	0.0000000000000000e+00	6.0195679037352234e-01	1.4300150698009855e+01	0.0000000000000000e+00	4.1839604980026389e-02	0.0000000000000000e+00	0.0000000000000000e+00	
5.9225283026325397e-02	3.6752617681172066e+00	1.1390847039753028e-04	1.9125570076455017e-02	5.2500000000000002e-01	0.0000000000000000e+00	6.3044427877268687e+07	1.9539545207050596e+03	-1.2008462458580652e+08	6.6962042833192026e-01	1.1576371506193525e-04	0.0000000000000000e+00	6.6963213934221544e-01	1.4368220433585325e+01	0.0000000000000000e+00	4.1839604980026389e-02	0.0000000000000000e+00	0.0000000000000000e+00	
6.1594294347378412e-02	3.6752617681172066e+00	1.1390847039753028e-04	1.9125570076455017e-02	5.2500000000000002e-01	0.0000000000000000e+00	6.3044427877268687e+07	1.9539545207050596e+03	-1.2008462458580652e+08	6.6962042833192026e-01	1.1576371506193525e-04	0.0000000000000000e+00	6.6963213934221544e-01	1.4368220433585325e+01	0.0000000000000000e+00	4.1839604980026389e-02	0.0000000000000000e+00	0.0000000000000000e+00	
6.3963305668431433e-02	3.7474711774475664e+00	4.9240381391667904e-04	1.0923769475395396e-02	5.2500000000000002e-01	0.0000000000000000e+00	6.3054963471076503e+07	8.2851883388419774e+03	-1.2010469336266288e+08	7.3755730207122261e-01	1.2385464928275217e-04	0.0000000000000000e+00	7.3756895188533944e-01	1.4434708844151119e+01	0.0000000000000000e+00	4.1839604980026389e-02	0.0000000000000000e+00	0.0000000000000000e+00	
6.6332316989484455e-02	3.7474711774475664e+00	4.9240381391667904e-04	1.0923769475395396e-02	5.2500000000000002e-01	0.0000000000000000e+00	6.3054963471076503e+07	8.2851883388419774e+03	-1.2010469336266288e+08	7.3755730207122261e-01	1.2385464928275217e-04	0.0000000000000000e+00	7.3756895188533944e-01	1.4434708844151119e+01	0.0000000000000000e+00	4.1839604980026389e-02	0.0000000000000000e+00	0.0000000000000000e+00	
6.8701328310537463e-02	3.8143351241692542e+00	9.0244162868676793e-04	6.2906852538537669e-03	5.2500000000000002e-01	0.0000000000000000e+00	6.3062667574216224e+07	1.4920130136022777e+04	-1.2011937016992152e+08	8.0570203019164865e-01	1.3766315448793934e-04	0.0000000000000000e+00	8.0571368364446860e-01	1.4487457835414865e+01	0.0000000000000000e+00	4.1839604980026389e-02	0.0000000000000000e+00	0.0000000000000000e+00	
7.1070339631590485e-02	3.8143351241692542e+00	9.0244162868676793e-04	6.2906852538537669e-03	5.2500000000000002e-01	0.0000000000000000e+00	6.3062667574216224e+07	1.4920130136022777e+04	-1.2011937016992152e+08	8.0570203019164865e-01	1.3766315448793934e-04	0.0000000000000000e+00	8.0571368364446860e-01	1.4487457835414865e+01	0.0000000000000000e+00	4.1839604980026389e-02	0.0000000000000000e+00	0.0000000000000000e+00	
7.3439350952643492e-02	3.8683880308839043e+00	1.2408659911260483e-03	6.2592489431701585e-03	5.2500000000000002e-01	0.0000000000000000e+00	6.3065411395039275e+07	2.0229543570011610e+04	-1.2012459931345294e+08	8.7397633772357852e-01	1.5593761375861821e-04	0.0000000000000000e+00	8.7398806100998561e-01	1.4520604517155052e+01	0.0000000000000000e+00	4.1839604980026389e-02	0.0000000000000000e+00	0.0000000000000000e+00	
7.5808362273696514e-02	3.8683880308839043e+00	1.2408659911260483e-03	6.2592489431701585e-03	5.2500000000000002e-01	0.0000000000000000e+00	6.3065411395039275e+07	2.0229543570011610e+04	-1.2012459931345294e+08	8.7397633772357852e-01	1.5593761375861821e-04	0.0000000000000000e+00	8.7398806100998561e-01	1.4520604517155052e+01	0.0000000000000000e+00	4.1839604980026389e-02	0.0000000000000000e+00	0.0000000000000000e+00	
7.8177373594749522e-02	3.9048463740356496e+00	1.4954921512741943e-03	1.1103060440735908e-02	5.2500000000000002e-01	0.0000000000000000e+00	6.3062530316736989e+07	2.4151915362217569e+04	-1.2011911417453459e+08	9.4229238102582957e-01	1.7741155429158812e-04	0.0000000000000000e+00	9.4230421845086310e-01	1.4531704180566912e+01	0.0000000000000000e+00	4.1839604980026389e-02	0.0000000000000000e+00	0.0000000000000000e+00	
8.0546384915802544e-02	3.9048463740356496e+00	1.4954921512741943e-03	1.1103060440735908e-02	5.2500000000000002e-01	0.0000000000000000e+00	6.3062530316736989e+07	2.4151915362217569e+04	-1.2011911417453459e+08	9.4229238102582957e-01	1.7741155429158812e-04	0.0000000000000000e+00	9.4230421845086310e-01	1.4531704180566912e+01	0.0000000000000000e+00	4.1839604980026389e-02	0.0000000000000000e+00	0.0000000000000000e+00	
8.2915396236855551e-02	3.9202035514172593e+00	1.7000795380941950e-03	2.0509089565942384e-02	5.2500000000000002e-01	0.0000000000000000e+00	6.3054320151371248e+07	2.7344845254025640e+04	-1.2010347824896657e+08	1.0105616263293149e+00	2.0135508314280916e-04	0.0000000000000000e+00	1.0105735833754008e+00	1.4531704180566912e+01	0.0000000000000000e+00	4.1839604980026389e-02	0.0000000000000000e+00	0.0000000000000000e+00	
8.5284407557908573e-02	3.9202035514172593e+00	1.7000795380941950e-03	2.0509089565942384e-02	5.2500000000000002e-01	0.0000000000000000e+00	6.3054320151371248e+07	2.7344845254025640e+04	-1.2010347824896657e+08	1.0105616263293149e+00	2.0135508314280916e-04	0.0000000000000000e+00	1.0105735833754008e+00	1.4531704180566912e+01	0.0000000000000000e+00	4.1839604980026389e-02	0.0000000000000000e+00	0.0000000000000000e+00	
8.7653418878961581e-02	3.9129530541709237e+00	1.8888586548007186e-03	3.3688855240954052e-02	5.2500000000000002e-01	0.0000000000000000e+00	6.3041422630209029e+07	3.0431322609171937e+04	-1.2007891423829463e+08	1.0787032667896619e+00	2.2743814204177878e-04	0.0000000000000000e+00	1.0787153066182145e+00	1.4531704180566912e+01	0.0000000000000000e+00	4.1839604980026389e-02	0.0000000000000000e+00	0.0000000000000000e+00	
9.0022430200014603e-02	3.9129530541709237e+00	1.8888586548007186e-03	3.3688855240954052e-02	5.2500000000000002e-01	0.0000000000000000e+00	6.3041422630209029e+07	3.0431322609171937e+04	-1.2007891423829463e+08	1.0787032667896619e+00	2.2743814204177878e-04	0.0000000000000000e+00	1.0787153066182145e+00	1.4531704180566912e+01	0.0000000000000000e+00	4.1839604980026389e-02	0.0000000000000000e+00	0.0000000000000000e+00	
9.2391441521067610e-02	3.8840607035166572e+00	2.0713269565024429e-03	4.9548225040726382e-02	5.2500000000000002e-01	0.0000000000000000e+00	6.3024670228508376e+07	3.3610365113704400e+04	-1.2004700798195660e+08	1.1466513700524394e+00	2.5526679899691088e-04	0.0000000000000000e+00	1.1466634226635026e+00	1.4531704180566912e+01	0.0000000000000000e+00	4.1839604980026389e-02	0.0000000000000000e+00	0.0000000000000000e+00	
9.4760452842120632e-02	3.8840607035166572e+00	2.0713269565024429e-03	4.9548225040726382e-02	5.2500000000000002e-01	0.0000000000000000e+00	6.3024670228508376e+07	3.3610365113704400e+04	-1.2004700798195660e+08	1.1466513700524394e+00	2.5526679899691088e-04	0.0000000000000000e+00	1.1466634226635026e+00	1.4531704180566912e+01	0.0000000000000000e+00	4.1839604980026389e-02	0.0000000000000000e+00	0.0000000000000000e+00	
9.7129464163173640e-02	3.8361924727759313e+00	2.2242706278268408e-03	6.6883727252438741e-02	5.2500000000000002e-01	0.0000000000000000e+00	6.3005224810759649e+07	3.6531188656650411e+04	-1.2000997219308662e+08	1.2143590576273267e+00	2.8394713179072715e-04	0.0000000000000000e+00	1.2143710355875337e+00	1.4531704180566912e+01	0.0000000000000000e+00	4.1839604980026389e-02	0.0000000000000000e+00	0.0000000000000000e+00	
9.9498475484226662e-02	3.8361924727759313e+00	2.2242706278268408e-03	6.6883727252438741e-02	5.2500000000000002e-01	0.0000000000000000e+00	6.3005224810759649e+07	3.6531188656650411e+04	-1.2000997219308662e+08	1.2143590576273267e+00	2.8394713179072715e-04	0.0000000000000000e+00	1.2143710355875337e+00	1.4531704180566912e+01	0.0000000000000000e+00	4.1839604980026389e-02	0.0000000000000000e+00	0.0000000000000000e+00	
1.0186748680527967e-01	3.7731789577557717e+00	2.3135400699177112e-03	8.4491719431507323e-02	5.2500000000000002e-01	0.0000000000000000e+00	6.2984594723932154e+07	3.8619261188717996e+04	-1.1997067916897106e+08	1.2818006826474873e+00	3.1203572889669257e-04	0.0000000000000000e+00	1.2818124977625653e+00	1.4531704180566912e+01	0.0000000000000000e+00	4.1839604980026389e-02	0.0000000000000000e+00	0.0000000000000000e+00	
1.0423649812633269e-01	3.7731789577557717e+00	2.3135400699177112e-03	8.4491719431507323e-02	5.2500000000000002e-01	0.0000000000000000e+00	6.2984594723932154e+07	3.8619261188717996e+04	-1.1997067916897106e+08	1.2818006826474873e+00	3.1203572889669257e-04	0.0000000000000000e+00	1.2818124977625653e+00	1.4531704180566912e+01	0.0000000000000000e+00	4.1839604980026389e-02	0.0000000000000000e+00	0.0000000000000000e+00	
1.0660550944738570e-01	3.6994710482159068e+00	2.3037190841782478e-03	1.0125619472202822e-01	5.2500000000000002e-01	0.0000000000000000e+00	6.2964575212646805e+07	3.9209036009216419e+04	-1.1993254746797864e+08	1.3489714267246962e+00	3.3759888504875232e-04	0.0000000000000000e+00	1.3489830045319045e+00	1.4531704180566912e+01	0.0000000000000000e+00	4.1839604980026389e-02	0.0000000000000000e+00	0.0000000000000000e+00	
1.0897452076843872e-01	3.6994710482159068e+00	2.3037190841782478e-03	1.0125619472202822e-01	5.2500000000000002e-01	0.0000000000000000e+00	6.2964575212646805e+07	3.9209036009216419e+04	-1.1993254746797864e+08	1.3489714267246962e+00	3.3759888504875232e-04	0.0000000000000000e+00	1.3489830045319045e+00	1.4531704180566912e+01	0.0000000000000000e+00	4.1839604980026389e-02	0.0000000000000000e+00	0.0000000000000000e+00	
1.1134353208949173e-01	3.6196115533708642e+00	2.1651463317616530e-03	1.1619290956157841e-01	5.2500000000000002e-01	0.0000000000000000e+00	6.2947023689573690e+07	3.7653078355844817e+04	-1.1989911419249663e+08	1.4158845670931439e+00	3.5834911417823939e-04	0.0000000000000000e+00	1.4158958570319307e+00	1.4531704180566912e+01	0.0000000000000000e+00	4.1839604980026389e-02	0.0000000000000000e+00	0.0000000000000000e+00	
1.1371254341054475e-01	3.6196115533708642e+00	2.1651463317616530e-03	1.1619290956157841e-01	5.2500000000000002e-01	0.0000000000000000e+00	6.2947023689573690e+07	3.7653078355844817e+04	-1.1989911419249663e+08	1.4158845670931439e+00	3.5834911417823939e-04	0.0000000000000000e+00	1.4158958570319307e+00	1.4531704180566912e+01	0.0000000000000000e+00	4.1839604980026389e-02	0.0000000000000000e+00	0.0000000000000000e+00	
1.1608155473159776e-01	3.5376653339696391e+00	1.8767510412052511e-03	1.2851054163425060e-01	5.2500000000000002e-01	0.0000000000000000e+00	6.2933638322049633e+07	3.3386643477439517e+04	-1.1987361367228302e+08	1.4825667942583787e+00	3.7178696878535720e-04	0.0000000000000000e+00	1.4825777742071979e+00	1.4531704180566912e+01	0.0000000000000000e+00	4.1839604980026389e-02	0.0000000000000000e+00	0.0000000000000000e+00	
1.1845056605265078e-01	3.5376653339696391e+00	1.8767510412052511e-03	1.2851054163425060e-01	5.2500000000000002e-01	0.0000000000000000e+00	6.2933638322049633e+07	3.3386643477439517e+04	-1.1987361367228302e+08	1.4825667942583787e+00	3.7178696878535720e-04	0.0000000000000000e+00	1.4825777742071979e+00	1.4531704180566912e+01	0.0000000000000000e+00	4.1839604980026389e-02	0.0000000000000000e+00	0.0000000000000000e+00	
1.2081957737370379e-01	3.4571958929615412e+00	1.4299903268601680e-03	1.3764891456028128e-01	5.2500000000000002e-01	0.0000000000000000e+00	6.2925724201658368e+07	2.6027792380014569e+04	-1.1985853254201874e+08	1.5490539504118495e+00	3.7539907185398332e-04	0.0000000000000000e+00	1.5490646259688081e+00	1.4531704180566912e+01	0.0000000000000000e+00	4.1839604980026389e-02	0.0000000000000000e+00	0.0000000000000000e+00	
1.2318858869475681e-01	3.4571958929615412e+00	1.4299903268601680e-03	1.3764891456028128e-01	5.2500000000000002e-01	0.0000000000000000e+00	6.2925724201658368e+07	2.6027792380014569e+04	-1.1985853254201874e+08	1.5490539504118495e+00	3.7539907185398332e-04	0.0000000000000000e+00	1.5490646259688081e+00	1.4531704180566912e+01	0.0000000000000000e+00	4.1839604980026389e-02	0.0000000000000000e+00	0.0000000000000000e+00	
1.2555760001580982e-01	3.3811612337632257e+00	8.3070103101012067e-04	1.4331079421014367e-01	5.2500000000000002e-01	0.0000000000000000e+00	6.2924041630365849e+07	1.5459501231620079e+04	-1.1985532100847730e+08	1.6153871242153066e+00	3.6688209534805569e-04	0.0000000000000000e+00	1.6153975234786868e+00	1.4531704180566912e+01	0.0000000000000000e+00	4.1839604980026389e-02	0.0000000000000000e+00	0.0000000000000000e+00	
1.2792661133686284e-01	3.3811612337632257e+00	8.3070103101012067e-04	1.4331079421014367e-01	5.2500000000000002e-01	0.0000000000000000e+00	6.2924041630365849e+07	1.5459501231620079e+04	-1.1985532100847730e+08	1.6153871242153066e+00	3.6688209534805569e-04	0.0000000000000000e+00	1.6153975234786868e+00	1.4531704180566912e+01	0.0000000000000000e+00	4.1839604980026389e-02	0.0000000000000000e+00	0.0000000000000000e+00	
1.3029562265791586e-01	3.3119188648357873e+00	9.7382926663347913e-05	1.4547399742832265e-01	5.2500000000000002e-01	0.0000000000000000e+00	6.2928768542162687e+07	1.8503435325732510e+03	-1.1986432108450711e+08	1.6816095361893044e+00	3.4434985346555895e-04	0.0000000000000000e+00	1.6816197012954985e+00	1.4531704180566912e+01	0.0000000000000000e+00	4.1839604980026389e-02	0.0000000000000000e+00	0.0000000000000000e+00	
1.3266463397896888e-01	3.3119188648357873e+00	9.7382926663347913e-05	1.4547399742832265e-01	5.2500000000000002e-01	0.0000000000000000e+00	6.2928768542162687e+07	1.8503435325732510e+03	-1.1986432108450711e+08	1.6816095361893044e+00	3.4434985346555895e-04	0.0000000000000000e+00	1.6816197012954985e+00	1.4531704180566912e+01	0.0000000000000000e+00	4.1839604980026389e-02	0.0000000000000000e+00	0.0000000000000000e+00	
1.3503364530002190e-01	3.2511770777729705e+00	-7.4133369977697925e-04	1.4436517657251202e-01	5.2500000000000002e-01	0.0000000000000000e+00	6.2939470878764212e+07	-1.4351464005928858e+04	-1.1988470955233385e+08	1.7477637787272831e+00	3.0650070535339502e-04	0.0000000000000000e+00	1.7477737559565021e+00	1.4531704180566912e+01	0.0000000000000000e+00	4.1839604980026389e-02	0.0000000000000000e+00	0.0000000000000000e+00	
1.3740265662107493e-01	3.2511770777729705e+00	-7.4133369977697925e-04	1.4436517657251202e-01	5.2500000000000002e-01	0.0000000000000000e+00	6.2939470878764212e+07	-1.4351464005928858e+04	-1.1988470955233385e+08	1.7477637787272831e+00	3.0650070535339502e-04	0.0000000000000000e+00	1.7477737559565021e+00	1.4531704180566912e+01	0.0000000000000000e+00	4.1839604980026389e-02	0.0000000000000000e+00	0.0000000000000000e+00	
1.3977166794212795e-01	3.2000284961690246e+00	-1.6457313737534376e-03	1.4044083743862559e-01	5.2500000000000002e-01	0.0000000000000000e+00	6.2955181301865540e+07	-3.2376998246375380e+04	-1.1991464690931644e+08	1.8138894845810041e+00	2.5281245279225415e-04	0.0000000000000000e+00	1.8138993161303376e+00	1.4531704180566912e+01	0.0000000000000000e+00	4.1839604980026389e-02	0.0000000000000000e+00	0.0000000000000000e+00	
1.4214067926318097e-01	3.2000284961690246e+00	-1.6457313737534376e-03	1.4044083743862559e-01	5.2500000000000002e-01	0.0000000000000000e+00	6.2955181301865540e+07	-3.2376998246375380e+04	-1.1991464690931644e+08	1.8138894845810041e+00	2.5281245279225415e-04	0.0000000000000000e+00	1.8138993161303376e+00	1.4531704180566912e+01	0.0000000000000000e+00	4.1839604980026389e-02	0.0000000000000000e+00	0.0000000000000000e+00	
1.4450969058423399e-01	3.1589852812558155e+00	-2.5690796777515191e-03	1.3433460199941477e-01	5.2500000000000002e-01	0.0000000000000000e+00	6.2974483235776313e+07	-5.1214694179778024e+04	-1.1995143630710624e+08	1.8800213906492331e+00	1.8369761370502072e-04	0.0000000000000000e+00	1.8800311099212745e+00	1.4531704180566912e+01	0.0000000000000000e+00	4.1839604980026389e-02	0.0000000000000000e+00	0.0000000000000000e+00	
1.4687870190528701e-01	3.1589852812558155e+00	-2.5690796777515191e-03	1.3433460199941477e-01	5.2500000000000002e-01	0.0000000000000000e+00	6.2974483235776313e+07	-5.1214694179778024e+04	-1.1995143630710624e+08	1.8800213906492331e+00	1.8369761370502072e-04	0.0000000000000000e+00	1.8800311099212745e+00	1.4531704180566912e+01	0.0000000000000000e+00	4.1839604980026389e-02	0.0000000000000000e+00	0.0000000000000000e+00	
1.4924771322634003e-01	3.1280261295754301e+00	-3.4624078529503777e-03	1.2680847436746451e-01	5.2500000000000002e-01	0.0000000000000000e+00	6.2995662720649034e+07	-6.9729813073969897e+04	-1.1999181202391362e+08	1.9461878496327545e+00	1.0058091924848498e-04	0.0000000000000000e+00	1.9461974801184883e+00	1.4531704180566912e+01	0.0000000000000000e+00	4.1839604980026389e-02	0.0000000000000000e+00	0.0000000000000000e+00	
1.5161672454739306e-01	3.1280261295754301e+00	-3.4624078529503777e-03	1.2680847436746451e-01	5.2500000000000002e-01	0.0000000000000000e+00	6.2995662720649034e+07	-6.9729813073969897e+04	-1.1999181202391362e+08	1.9461878496327545e+00	1.0058091924848498e-04	0.0000000000000000e+00	1.9461974801184883e+00	1.4531704180566912e+01	0.0000000000000000e+00	4.1839604980026389e-02	0.0000000000000000e+00	0.0000000000000000e+00	
1.5398573586844608e-01	3.1068241190019217e+00	-4.2763925590519397e-03	1.1866497357456988e-01	5.2500000000000002e-01	0.0000000000000000e+00	6.3016787519784570e+07	-8.6739548465826054e+04	-1.2003208993551402e+08	2.0124102343150563e+00	5.9045031594813257e-06	0.0000000000000000e+00	2.0124197912591533e+00	1.4531704180566912e+01	0.0000000000000000e+00	4.1839604980026389e-02	0.0000000000000000e+00	0.0000000000000000e+00	
1.5635474718949910e-01	3.1068241190019217e+00	-4.2763925590519397e-03	1.1866497357456988e-01	5.2500000000000002e-01	0.0000000000000000e+00	6.3016787519784570e+07	-8.6739548465826054e+04	-1.2003208993551402e+08	2.0124102343150563e+00	5.9045031594813257e-06	0.0000000000000000e+00	2.0124197912591533e+00	1.4531704180566912e+01	0.0000000000000000e+00	4.1839604980026389e-02	0.0000000000000000e+00	0.0000000000000000e+00	
1.5872375851055212e-01	3.0946648984209921e+00	-4.9666794248546071e-03	1.1071071497229881e-01	5.2500000000000002e-01	0.0000000000000000e+00	6.3035919796156049e+07	-1.0116740136810853e+05	-1.2006857329282008e+08	2.0787023685772126e+00	-9.7001519792321546e-05	0.0000000000000000e+00	2.0787118619541038e+00	1.4531704180566912e+01	0.0000000000000000e+00	4.1839604980026389e-02	0.0000000000000000e+00	0.0000000000000000e+00	
1.6109276983160514e-01	3.0946648984209921e+00	-4.9666794248546071e-03	1.1071071497229881e-01	5.2500000000000002e-01	0.0000000000000000e+00	6.3035919796156049e+07	-1.0116740136810853e+05	-1.2006857329282008e+08	2.0787023685772126e+00	-9.7001519792321546e-05	0.0000000000000000e+00	2.0787118619541038e+00	1.4531704180566912e+01	0.0000000000000000e+00	4.1839604980026389e-02	0.0000000000000000e+00	0.0000000000000000e+00	
1.6346178115265816e-01	3.0906114949017631e+00	-5.4956180976200222e-03	1.0369093346846270e-01	5.2500000000000002e-01	0.0000000000000000e+00	6.3051205805581555e+07	-1.1211546591136091e+05	-1.2009772473412944e+08	2.1450706516910274e+00	-2.0410005345162057e-04	0.0000000000000000e+00	2.1450800899736304e+00	1.4531704180566912e+01	0.0000000000000000e+00	4.1839604980026389e-02	0.0000000000000000e+00	0.0000000000000000e+00	
1.6583079247371119e-01	3.0906114949017631e+00	-5.4956180976200222e-03	1.0369093346846270e-01	5.2500000000000002e-01	0.0000000000000000e+00	6.3051205805581555e+07	-1.1211546591136091e+05	-1.2009772473412944e+08	2.1450706516910274e+00	-2.0410005345162057e-04	0.0000000000000000e+00	2.1450800899736304e+00	1.4531704180566912e+01	0.0000000000000000e+00	4.1839604980026389e-02	0.0000000000000000e+00	0.0000000000000000e+00	
1.6819980379476421e-01	3.0935920916967730e+00	-5.8362165213709733e-03	9.8267931282081236e-02	5.2500000000000002e-01	0.0000000000000000e+00	6.3061038197260417e+07	-1.1896780896533646e+05	-1.2011647698386192e+08	2.2115145601400403e+00	-3.1093213609845654e-04	0.0000000000000000e+00	2.2115239535531743e+00	1.4531704180566912e+01	0.0000000000000000e+00	4.1839604980026389e-02	0.0000000000000000e+00	0.0000000000000000e+00	
1.7056881511581723e-01	3.0935920916967730e+00	-5.8362165213709733e-03	9.8267931282081236e-02	5.2500000000000002e-01	0.0000000000000000e+00	6.3061038197260417e+07	-1.1896780896533646e+05	-1.2011647698386192e+08	2.2115145601400403e+00	-3.1093213609845654e-04	0.0000000000000000e+00	2.2115239535531743e+00	1.4531704180566912e+01	0.0000000000000000e+00	4.1839604980026389e-02	0.0000000000000000e+00	0.0000000000000000e+00	
1.7293782643687025e-01	3.1025301687467715e+00	-5.9723288564171428e-03	9.4982988495412604e-02	5.2500000000000002e-01	0.0000000000000000e+00	6.3064138371089697e+07	-1.2139761836736026e+05	-1.2012239088642465e+08	2.2780275556156848e+00	-4.1294587378478407e-04	0.0000000000000000e+00	2.2780369178088007e+00	1.4531704180566912e+01	0.0000000000000000e+00	4.1839604980026389e-02	0.0000000000000000e+00	0.0000000000000000e+00	
1.7530683775792327e-01	3.1025301687467715e+00	-5.9723288564171428e-03	9.4982988495412604e-02	5.2500000000000002e-01	0.0000000000000000e+00	6.3064138371089697e+07	-1.2139761836736026e+05	-1.2012239088642465e+08	2.2780275556156848e+00	-4.1294587378478407e-04	0.0000000000000000e+00	2.2780369178088007e+00	1.4531704180566912e+01	0.0000000000000000e+00	4.1839604980026389e-02	0.0000000000000000e+00	0.0000000000000000e+00	
1.7767584907897629e-01	3.1164123304219569e+00	-5.9001961175763904e-03	9.4253240704472330e-02	5.2500000000000002e-01	0.0000000000000000e+00	6.3059671838985935e+07	-1.1938870454592525e+05	-1.2011387591646779e+08	2.3445983455935355e+00	-5.0585028090619454e-04	0.0000000000000000e+00	2.3446076931297881e+00	1.4531704180566912e+01	0.0000000000000000e+00	4.1839604980026389e-02	0.0000000000000000e+00	0.0000000000000000e+00	
1.8004486040002932e-01	3.1164123304219569e+00	-5.9001961175763904e-03	9.4253240704472330e-02	5.2500000000000002e-01	0.0000000000000000e+00	6.3059671838985935e+07	-1.1938870454592525e+05	-1.2011387591646779e+08	2.3445983455935355e+00	-5.0585028090619454e-04	0.0000000000000000e+00	2.3446076931297881e+00	1.4531704180566912e+01	0.0000000000000000e+00	4.1839604980026389e-02	0.0000000000000000e+00	0.0000000000000000e+00	
1.8241387172108234e-01	3.1343123499216996e+00	-5.6275390131311810e-03	9.6355368868042315e-02	5.2500000000000002e-01	0.0000000000000000e+00	6.3047298522794314e+07	-1.1319903458837373e+05	-1.2009028599047659e+08	2.4112123819729523e+00	-5.8591502081404342e-04	0.0000000000000000e+00	2.4112217319417919e+00	1.4531704180566912e+01	0.0000000000000000e+00	4.1839604980026389e-02	0.0000000000000000e+00	0.0000000000000000e+00	
1.8478288304213536e-01	3.1343123499216996e+00	-5.6275390131311810e-03	9.6355368868042315e-02	5.2500000000000002e-01	0.0000000000000000e+00	6.3047298522794314e+07	-1.1319903458837373e+05	-1.2009028599047659e+08	2.4112123819729523e+00	-5.8591502081404342e-04	0.0000000000000000e+00	2.4112217319417919e+00	1.4531704180566912e+01	0.0000000000000000e+00	4.1839604980026389e-02	0.0000000000000000e+00	0.0000000000000000e+00	
1.8715189436318838e-01	3.1553896223855422e+00	-5.1698654762166495e-03	1.0142737321953187e-01	5.2500000000000002e-01	0.0000000000000000e+00	6.3027183085947908e+07	-1.0326523722699076e+05	-1.2005193844190983e+08	2.4778534311227203e+00	-6.5015272745330753e-04	0.0000000000000000e+00	2.4778627977722669e+00	1.4531704180566912e+01	0.0000000000000000e+00	4.1839604980026389e-02	0.0000000000000000e+00	0.0000000000000000e+00	
1.8952090568424140e-01	3.1553896223855422e+00	-5.1698654762166495e-03	1.0142737321953187e-01	5.2500000000000002e-01	0.0000000000000000e+00	6.3027183085947908e+07	-1.0326523722699076e+05	-1.2005193844190983e+08	2.4778534311227203e+00	-6.5015272745330753e-04	0.0000000000000000e+00	2.4778627977722669e+00	1.4531704180566912e+01	0.0000000000000000e+00	4.1839604980026389e-02	0.0000000000000000e+00	0.0000000000000000e+00	
1.9188991700529442e-01	3.1788331072267124e+00	-4.5474074262899736e-03	1.0945820526058354e-01	5.2500000000000002e-01	0.0000000000000000e+00	6.2999977604899853e+07	-9.0123185569361871e+04	-1.2000008012705503e+08	2.5445048054097343e+00	-6.9638437770404489e-04	0.0000000000000000e+00	2.5445141968360514e+00	1.4531704180566912e+01	0.0000000000000000e+00	4.1839604980026389e-02	0.0000000000000000e+00	0.0000000000000000e+00	
1.9425892832634745e-01	3.1788331072267124e+00	-4.5474074262899736e-03	1.0945820526058354e-01	5.2500000000000002e-01	0.0000000000000000e+00	6.2999977604899853e+07	-9.0123185569361871e+04	-1.2000008012705503e+08	2.5445048054097343e+00	-6.9638437770404489e-04	0.0000000000000000e+00	2.5445141968360514e+00	1.4531704180566912e+01	0.0000000000000000e+00	4.1839604980026389e-02	0.0000000000000000e+00	0.0000000000000000e+00	
1.9662793964740047e-01	3.2038053791307659e+00	-3.7823331508465338e-03	1.2028776984373765e-01	5.2500000000000002e-01	0.0000000000000000e+00	6.2966757335822709e+07	-7.4336991636242092e+04	-1.1993676422097431e+08	2.6111501248608278e+00	-7.2319650087806673e-04	0.0000000000000000e+00	2.6111595405754504e+00	1.4531704180566912e+01	0.0000000000000000e+00	4.1839604980026389e-02	0.0000000000000000e+00	0.0000000000000000e+00	
1.9899695096845349e-01	3.2038053791307659e+00	-3.7823331508465338e-03	1.2028776984373765e-01	5.2500000000000002e-01	0.0000000000000000e+00	6.2966757335822709e+07	-7.4336991636242092e+04	-1.1993676422097431e+08	2.6111501248608278e+00	-7.2319650087806673e-04	0.0000000000000000e+00	2.6111595405754504e+00	1.4531704180566912e+01	0.0000000000000000e+00	4.1839604980026389e-02	0.0000000000000000e+00	0.0000000000000000e+00	
2.0136596228950651e-01	3.2293955066734794e+00	-2.8986482417649702e-03	1.3361680875051415e-01	5.2500000000000002e-01	0.0000000000000000e+00	6.2928981640146255e+07	-5.6483939985153716e+04	-1.1986477521834949e+08	2.6777736474102594e+00	-7.2986572655343439e-04	0.0000000000000000e+00	2.6777830772455125e+00	1.4531704180566912e+01	0.0000000000000000e+00	4.1839604980026389e-02	0.0000000000000000e+00	0.0000000000000000e+00	
2.0373497361055953e-01	3.2293955066734794e+00	-2.8986482417649702e-03	1.3361680875051415e-01	5.2500000000000002e-01	0.0000000000000000e+00	6.2928981640146255e+07	-5.6483939985153716e+04	-1.1986477521834949e+08	2.6777736474102594e+00	-7.2986572655343439e-04	0.0000000000000000e+00	2.6777830772455125e+00	1.4531704180566912e+01	0.0000000000000000e+00	4.1839604980026389e-02	0.0000000000000000e+00	0.0000000000000000e+00	
2.0610398493161255e-01	3.2546577026676236e+00	-1.9226519285579194e-03	1.4901672605013705e-01	5.2500000000000002e-01	0.0000000000000000e+00	6.2888368476804048e+07	-3.7150586630564780e+04	-1.1978738942846823e+08	2.7443604167929592e+00	-7.1629050475757695e-04	0.0000000000000000e+00	2.7443698410093349e+00	1.4531704180566912e+01	0.0000000000000000e+00	4.1839604980026389e-02	0.0000000000000000e+00	0.0000000000000000e+00	
2.0847299625266558e-01	3.2546577026676236e+00	-1.9226519285579194e-03	1.4901672605013705e-01	5.2500000000000002e-01	0.0000000000000000e+00	6.2888368476804048e+07	-3.7150586630564780e+04	-1.1978738942846823e+08	2.7443604167929592e+00	-7.1629050475757695e-04	0.0000000000000000e+00	2.7443698410093349e+00	1.4531704180566912e+01	0.0000000000000000e+00	4.1839604980026389e-02	0.0000000000000000e+00	0.0000000000000000e+00	
2.1084200757371860e-01	3.2786033839962410e+00	-8.8528887798999280e-04	1.6595859425130183e-01	5.2500000000000002e-01	0.0000000000000000e+00	6.2846828868285030e+07	-1.6969908249840624e+04	-1.1970824982741582e+08	2.8108962386410368e+00	-6.8297127464931218e-04	0.0000000000000000e+00	2.8109056288521375e+00	1.4531704180566912e+01	0.0000000000000000e+00	4.1839604980026389e-02	0.0000000000000000e+00	0.0000000000000000e+00	
2.1321101889477162e-01	3.2786033839962410e+00	-8.8528887798999280e-04	1.6595859425130183e-01	5.2500000000000002e-01	0.0000000000000000e+00	6.2846828868285030e+07	-1.6969908249840624e+04	-1.1970824982741582e+08	2.8108962386410368e+00	-6.8297127464931218e-04	0.0000000000000000e+00	2.8109056288521375e+00	1.4531704180566912e+01	0.0000000000000000e+00	4.1839604980026389e-02	0.0000000000000000e+00	0.0000000000000000e+00	
2.1558003021582464e-01	3.3002766353892796e+00	1.7813441737012917e-04	1.8383187602399045e-01	5.2500000000000002e-01	0.0000000000000000e+00	6.2806308765854970e+07	3.3900083099713675e+03	-1.1963106449017872e+08	2.8773676670997457e+00	-6.3101067362660913e-04	0.0000000000000000e+00	2.8773769876143986e+00	1.4531704180566912e+01	0.0000000000000000e+00	4.1839604980026389e-02	0.0000000000000000e+00	0.0000000000000000e+00	
2.1794904153687766e-01	3.3002766353892796e+00	1.7813441737012917e-04	1.8383187602399045e-01	5.2500000000000002e-01	0.0000000000000000e+00	6.2806308765854970e+07	3.3900083099713675e+03	-1.1963106449017872e+08	2.8773676670997457e+00	-6.3101067362660913e-04	0.0000000000000000e+00	2.8773769876143986e+00	1.4531704180566912e+01	0.0000000000000000e+00	4.1839604980026389e-02	0.0000000000000000e+00	0.0000000000000000e+00	
2.2031805285793069e-01	3.3187475118947209e+00	1.2286861210498057e-03	2.0199312344977619e-01	5.2500000000000002e-01	0.0000000000000000e+00	6.2768734375145927e+07	2.3238608085184773e+04	-1.1955950224173810e+08	2.9437618497588365e+00	-5.6211660428429143e-04	0.0000000000000000e+00	2.9437710592976432e+00	1.4531704180566912e+01	0.0000000000000000e+00	4.1839604980026389e-02	0.0000000000000000e+00	0.0000000000000000e+00	
2.2268706417898371e-01	3.3187475118947209e+00	1.2286861210498057e-03	2.0199312344977619e-01	5.2500000000000002e-01	0.0000000000000000e+00	6.2768734375145927e+07	2.3238608085184773e+04	-1.1955950224173810e+08	2.9437618497588365e+00	-5.6211660428429143e-04	0.0000000000000000e+00	2.9437710592976432e+00	1.4531704180566912e+01	0.0000000000000000e+00	4.1839604980026389e-02	0.0000000000000000e+00	0.0000000000000000e+00	
2.2505607550003673e-01	3.3331967744671602e+00	2.2280716459172128e-03	2.1978846656229234e-01	5.2500000000000002e-01	0.0000000000000000e+00	6.2735867676621847e+07	4.1935720394017386e+04	-1.1949691750964363e+08	3.0100664268027382e+00	-4.7855302008521116e-04	0.0000000000000000e+00	3.0100754805784322e+00	1.4531704180566912e+01	0.0000000000000000e+00	4.1839604980026389e-02	0.0000000000000000e+00	0.0000000000000000e+00	
2.2742508682108975e-01	3.3331967744671602e+00	2.2280716459172128e-03	2.1978846656229234e-01	5.2500000000000002e-01	0.0000000000000000e+00	6.2735867676621847e+07	4.1935720394017386e+04	-1.1949691750964363e+08	3.0100664268027382e+00	-4.7855302008521116e-04	0.0000000000000000e+00	3.0100754805784322e+00	1.4531704180566912e+01	0.0000000000000000e+00	4.1839604980026389e-02	0.0000000000000000e+00	0.0000000000000000e+00	
2.2979409814214277e-01	3.3429191125947453e+00	3.1420840539073923e-03	2.3660334254586823e-01	5.2500000000000002e-01	0.0000000000000000e+00	6.2709279164880954e+07	5.8941846769083328e+04	-1.1944629879095514e+08	3.0762694108122561e+00	-3.8303084170291486e-04	0.0000000000000000e+00	3.0762782628678660e+00	1.4531704180566912e+01	0.0000000000000000e+00	4.1839604980026389e-02	0.0000000000000000e+00	0.0000000000000000e+00	
2.3216310946319579e-01	3.3429191125947453e+00	3.1420840539073923e-03	2.3660334254586823e-01	5.2500000000000002e-01	0.0000000000000000e+00	6.2709279164880954e+07	5.8941846769083328e+04	-1.1944629879095514e+08	3.0762694108122561e+00	-3.8303084170291486e-04	0.0000000000000000e+00	3.0762782628678660e+00	1.4531704180566912e+01	0.0000000000000000e+00	4.1839604980026389e-02	0.0000000000000000e+00	0.0000000000000000e+00	
2.3453212078424882e-01	3.3474159200641442e+00	3.9448639941506236e-03	2.5187188348351008e-01	5.2500000000000002e-01	0.0000000000000000e+00	6.2690232564450316e+07	7.3879209256939517e+04	-1.1941004970863733e+08	3.1423593213651131e+00	-2.7853321830547740e-04	0.0000000000000000e+00	3.1423679268372706e+00	1.4531704180566912e+01	0.0000000000000000e+00	4.1839604980026389e-02	0.0000000000000000e+00	0.0000000000000000e+00	
2.3690113210530184e-01	3.3474159200641442e+00	3.9448639941506236e-03	2.5187188348351008e-01	5.2500000000000002e-01	0.0000000000000000e+00	6.2690232564450316e+07	7.3879209256939517e+04	-1.1941004970863733e+08	3.1423593213651131e+00	-2.7853321830547740e-04	0.0000000000000000e+00	3.1423679268372706e+00	1.4531704180566912e+01	0.0000000000000000e+00	4.1839604980026389e-02	0.0000000000000000e+00	0.0000000000000000e+00	
2.3927014342635486e-01	3.3463486152905846e+00	4.6191249815987689e-03	2.6511271629811034e-01	5.2500000000000002e-01	0.0000000000000000e+00	6.2679688742745414e+07	8.6519771068535061e+04	-1.1938999705981945e+08	3.2083252219385452e+00	-1.6813673100601163e-04	0.0000000000000000e+00	3.2083335390938696e+00	1.4531704180566912e+01	0.0000000000000000e+00	4.1839604980026389e-02	0.0000000000000000e+00	0.0000000000000000e+00	
2.4163915474740788e-01	3.3463486152905846e+00	4.6191249815987689e-03	2.6511271629811034e-01	5.2500000000000002e-01	0.0000000000000000e+00	6.2679688742745414e+07	8.6519771068535061e+04	-1.1938999705981945e+08	3.2083252219385452e+00	-1.6813673100601163e-04	0.0000000000000000e+00	3.2083335390938696e+00	1.4531704180566912e+01	0.0000000000000000e+00	4.1839604980026389e-02	0.0000000000000000e+00	0.0000000000000000e+00	
2.4400816606846090e-01	3.3395775798830005e+00	5.1562921318500732e-03	2.7592130530758435e-01	5.2500000000000002e-01	0.0000000000000000e+00	6.2678235461517245e+07	9.6774901800541571e+04	-1.1938725746946692e+08	3.2741569025479835e+00	-5.4840056156937516e-05	0.0000000000000000e+00	3.2741648945413977e+00	1.4531704180566912e+01	0.0000000000000000e+00	4.1839604980026389e-02	0.0000000000000000e+00	0.0000000000000000e+00	
2.4637717738951392e-01	3.3395775798830005e+00	5.1562921318500732e-03	2.7592130530758435e-01	5.2500000000000002e-01	0.0000000000000000e+00	6.2678235461517245e+07	9.6774901800541571e+04	-1.1938725746946692e+08	3.2741569025479835e+00	-5.4840056156937516e-05	0.0000000000000000e+00	3.2741648945413977e+00	1.4531704180566912e+01	0.0000000000000000e+00	4.1839604980026389e-02	0.0000000000000000e+00	0.0000000000000000e+00	
2.4874618871056695e-01	3.3271015152149279e+00	5.5541787868258023e-03	2.8398917344136049e-01	5.2500000000000002e-01	0.0000000000000000e+00	6.2686116739016548e+07	1.0464661154104877e+05	-1.1940229349743570e+08	3.3398449413648033e+00	5.8563558521383000e-05	0.0000000000000000e+00	3.3398525777471195e+00	1.4531704180566912e+01	0.0000000000000000e+00	4.1839604980026389e-02	0.0000000000000000e+00	0.0000000000000000e+00	
2.5111520003161997e-01	3.3271015152149279e+00	5.5541787868258023e-03	2.8398917344136049e-01	5.2500000000000002e-01	0.0000000000000000e+00	6.2686116739016548e+07	1.0464661154104877e+05	-1.1940229349743570e+08	3.3398449413648033e+00	5.8563558521383000e-05	0.0000000000000000e+00	3.3398525777471195e+00	1.4531704180566912e+01	0.0000000000000000e+00	4.1839604980026389e-02	0.0000000000000000e+00	0.0000000000000000e+00	
2.5348421135267296e-01	3.3090702772366782e+00	5.8158250900480152e-03	2.8908680761216826e-01	5.2500000000000002e-01	0.0000000000000000e+00	6.2703212053284958e+07	1.1020343580935460e+05	-1.1943487408897525e+08	3.4053808513233772e+00	1.6958067113281668e-04	0.0000000000000000e+00	3.4053881093034444e+00	1.4531704180566912e+01	0.0000000000000000e+00	4.1839604980026389e-02	0.0000000000000000e+00	0.0000000000000000e+00	
2.5585322267372596e-01	3.3090702772366782e+00	5.8158250900480152e-03	2.8908680761216826e-01	5.2500000000000002e-01	0.0000000000000000e+00	6.2703212053284958e+07	1.1020343580935460e+05	-1.1943487408897525e+08	3.4053808513233772e+00	1.6958067113281668e-04	0.0000000000000000e+00	3.4053881093034444e+00	1.4531704180566912e+01	0.0000000000000000e+00	4.1839604980026389e-02	0.0000000000000000e+00	0.0000000000000000e+00	
2.5822223399477900e-01	3.2857127234385763e+00	5.9472979705223368e-03	2.9107431778085069e-01	5.2500000000000002e-01	0.0000000000000000e+00	6.2729084132705770e+07	1.1354265760785718e+05	-1.1948416550753462e+08	3.4707570136115096e+00	2.7606417585926201e-04	0.0000000000000000e+00	3.4707638790231958e+00	1.4531704180566912e+01	0.0000000000000000e+00	4.1839604980026389e-02	0.0000000000000000e+00	0.0000000000000000e+00	
2.6059124531583200e-01	3.2857127234385763e+00	5.9472979705223368e-03	2.9107431778085069e-01	5.2500000000000002e-01	0.0000000000000000e+00	6.2729084132705770e+07	1.1354265760785718e+05	-1.1948416550753462e+08	3.4707570136115096e+00	2.7606417585926201e-04	0.0000000000000000e+00	3.4707638790231958e+00	1.4531704180566912e+01	0.0000000000000000e+00	4.1839604980026389e-02	0.0000000000000000e+00	0.0000000000000000e+00	
2.6296025663688505e-01	3.2573464167234749e+00	5.9569007777931842e-03	2.8988233652667239e-01	5.2500000000000002e-01	0.0000000000000000e+00	6.2762997310836971e+07	1.1477838082497555e+05	-1.1954876621282597e+08	3.5359666739025717e+00	3.7623271317461821e-04	0.0000000000000000e+00	3.5359731418706675e+00	1.4531704180566912e+01	0.0000000000000000e+00	4.1839604980026389e-02	0.0000000000000000e+00	0.0000000000000000e+00	
2.6532926795793804e-01	3.2573464167234749e+00	5.9569007777931842e-03	2.8988233652667239e-01	5.2500000000000002e-01	0.0000000000000000e+00	6.2762997310836971e+07	1.1477838082497555e+05	-1.1954876621282597e+08	3.5359666739025717e+00	3.7623271317461821e-04	0.0000000000000000e+00	3.5359731418706675e+00	1.4531704180566912e+01	0.0000000000000000e+00	4.1839604980026389e-02	0.0000000000000000e+00	0.0000000000000000e+00	
2.6769827927899109e-01	3.2243425992290162e+00	5.8543164085776023e-03	2.8551836574392542e-01	5.2500000000000002e-01	0.0000000000000000e+00	6.2803973086694002e+07	1.1403078886629904e+05	-1.1962681258532402e+08	3.6010038268926321e+00	4.6866329250270730e-04	0.0000000000000000e+00	3.6010099021704787e+00	1.4531704180566912e+01	0.0000000000000000e+00	4.1839604980026389e-02	0.0000000000000000e+00	0.0000000000000000e+00	
2.7006729060004409e-01	3.2243425992290162e+00	5.8543164085776023e-03	2.8551836574392542e-01	5.2500000000000002e-01	0.0000000000000000e+00	6.2803973086694002e+07	1.1403078886629904e+05	-1.1962681258532402e+08	3.6010038268926321e+00	4.6866329250270730e-04	0.0000000000000000e+00	3.6010099021704787e+00	1.4531704180566912e+01	0.0000000000000000e+00	4.1839604980026389e-02	0.0000000000000000e+00	0.0000000000000000e+00	
2.7243630192109713e-01	3.1871385051602301e+00	5.6503109380817143e-03	2.7805388482976134e-01	5.2500000000000002e-01	0.0000000000000000e+00	6.2850848184944093e+07	1.1142497710473635e+05	-1.1971608943737075e+08	3.6658632329300413e+00	5.5226948552581029e-04	0.0000000000000000e+00	3.6658689299651703e+00	1.4531704180566912e+01	0.0000000000000000e+00	4.1839604980026389e-02	0.0000000000000000e+00	0.0000000000000000e+00	
2.7480531324215013e-01	3.1871385051602301e+00	5.6503109380817143e-03	2.7805388482976134e-01	5.2500000000000002e-01	0.0000000000000000e+00	6.2850848184944093e+07	1.1142497710473635e+05	-1.1971608943737075e+08	3.6658632329300413e+00	5.5226948552581029e-04	0.0000000000000000e+00	3.6658689299651703e+00	1.4531704180566912e+01	0.0000000000000000e+00	4.1839604980026389e-02	0.0000000000000000e+00	0.0000000000000000e+00	
2.7717432456320318e-01	3.1462210121787582e+00	5.3564272831814206e-03	2.6762687486069631e-01	5.2500000000000002e-01	0.0000000000000000e+00	6.2902324274576336e+07	1.0709092737466046e+05	-1.1981412463890308e+08	3.7305404122547028e+00	6.2626370145845030e-04	0.0000000000000000e+00	3.7305457549459171e+00	1.4531704180566912e+01	0.0000000000000000e+00	4.1839604980026389e-02	0.0000000000000000e+00	0.0000000000000000e+00	
2.7954333588425617e-01	3.1462210121787582e+00	5.3564272831814206e-03	2.6762687486069631e-01	5.2500000000000002e-01	0.0000000000000000e+00	6.2902324274576336e+07	1.0709092737466046e+05	-1.1981412463890308e+08	3.7305404122547028e+00	6.2626370145845030e-04	0.0000000000000000e+00	3.7305457549459171e+00	1.4531704180566912e+01	0.0000000000000000e+00	4.1839604980026389e-02	0.0000000000000000e+00	0.0000000000000000e+00	
2.8191234720530922e-01	3.1021264458284903e+00	4.9844910770650190e-03	2.5443052048660858e-01	5.2500000000000002e-01	0.0000000000000000e+00	6.2957036460056975e+07	1.0115925058296649e+05	-1.1991831948810200e+08	3.7950317749795315e+00	6.9011074914237679e-04	0.0000000000000000e+00	3.7950367961090774e+00	1.4531704180566912e+01	0.0000000000000000e+00	4.1839604980026389e-02	0.0000000000000000e+00	0.0000000000000000e+00	
2.8428135852636222e-01	3.1021264458284903e+00	4.9844910770650190e-03	2.5443052048660858e-01	5.2500000000000002e-01	0.0000000000000000e+00	6.2957036460056975e+07	1.0115925058296649e+05	-1.1991831948810200e+08	3.7950317749795315e+00	6.9011074914237679e-04	0.0000000000000000e+00	3.7950367961090774e+00	1.4531704180566912e+01	0.0000000000000000e+00	4.1839604980026389e-02	0.0000000000000000e+00	0.0000000000000000e+00	
2.8665036984741527e-01	3.0554196033211172e+00	4.5465408068574948e-03	2.3871166381846604e-01	5.2500000000000002e-01	0.0000000000000000e+00	6.3013590777110949e+07	9.3765799480813439e+04	-1.2002602007619050e+08	3.8593347018115391e+00	7.4347990486276036e-04	0.0000000000000000e+00	3.8593394420522875e+00	1.4531704180566912e+01	0.0000000000000000e+00	4.1839604980026389e-02	0.0000000000000000e+00	0.0000000000000000e+00	
2.8901938116846826e-01	3.0554196033211172e+00	4.5465408068574948e-03	2.3871166381846604e-01	5.2500000000000002e-01	0.0000000000000000e+00	6.3013590777110949e+07	9.3765799480813439e+04	-1.2002602007619050e+08	3.8593347018115391e+00	7.4347990486276036e-04	0.0000000000000000e+00	3.8593394420522875e+00	1.4531704180566912e+01	0.0000000000000000e+00	4.1839604980026389e-02	0.0000000000000000e+00	0.0000000000000000e+00	
2.9138839248952131e-01	3.0066679196837449e+00	4.0541958121879393e-03	2.2076312517988878e-01	5.2500000000000002e-01	0.0000000000000000e+00	6.3070639030795269e+07	8.5044550133611934e+04	-1.2013465974832883e+08	3.9234476695009559e+00	7.8619746831452776e-04	0.0000000000000000e+00	3.9234521760004220e+00	1.4531704180566912e+01	0.0000000000000000e+00	4.1839604980026389e-02	0.0000000000000000e+00	0.0000000000000000e+00	
2.9375740381057430e-01	3.0066679196837449e+00	4.0541958121879393e-03	2.2076312517988878e-01	5.2500000000000002e-01	0.0000000000000000e+00	6.3070639030795269e+07	8.5044550133611934e+04	-1.2013465974832883e+08	3.9234476695009559e+00	7.8619746831452776e-04	0.0000000000000000e+00	3.9234521760004220e+00	1.4531704180566912e+01	0.0000000000000000e+00	4.1839604980026389e-02	0.0000000000000000e+00	0.0000000000000000e+00	
2.9612641513162735e-01	2.9564344202965445e+00	3.5190000599339259e-03	2.0091726218970593e-01	5.2500000000000002e-01	0.0000000000000000e+00	6.3126890550322153e+07	7.5139001935900902e+04	-1.2024178146424061e+08	3.9873703304117916e+00	8.1820935605816675e-04	0.0000000000000000e+00	3.9873746549881650e+00	1.4531704180566912e+01	0.0000000000000000e+00	4.1839604980026389e-02	0.0000000000000000e+00	0.0000000000000000e+00	
2.9849542645268035e-01	2.9564344202965445e+00	3.5190000599339259e-03	2.0091726218970593e-01	5.2500000000000002e-01	0.0000000000000000e+00	6.3126890550322153e+07	7.5139001935900902e+04	-1.2024178146424061e+08	3.9873703304117916e+00	8.1820935605816675e-04	0.0000000000000000e+00	3.9873746549881650e+00	1.4531704180566912e+01	0.0000000000000000e+00	4.1839604980026389e-02	0.0000000000000000e+00	0.0000000000000000e+00	
3.0086443777373340e-01	2.9052447184930186e+00	2.9519922005296043e-03	1.7954176880983574e-01	5.2500000000000002e-01	0.0000000000000000e+00	6.3181176835284024e+07	6.4197807520595212e+04	-1.2034516085842642e+08	4.0511035716910984e+00	8.3955123042249382e-04	0.0000000000000000e+00	4.0511077687998149e+00	1.4531704180566912e+01	0.0000000000000000e+00	4.1839604980026389e-02	0.0000000000000000e+00	0.0000000000000000e+00	
3.0323344909478639e-01	2.9052447184930186e+00	2.9519922005296043e-03	1.7954176880983574e-01	5.2500000000000002e-01	0.0000000000000000e+00	6.3181176835284024e+07	6.4197807520595212e+04	-1.2034516085842642e+08	4.0511035716910984e+00	8.3955123042249382e-04	0.0000000000000000e+00	4.0511077687998149e+00	1.4531704180566912e+01	0.0000000000000000e+00	4.1839604980026389e-02	0.0000000000000000e+00	0.0000000000000000e+00	
3.0560246041583944e-01	2.8535769847055232e+00	2.3642293386569755e-03	1.5703049976410480e-01	5.2500000000000002e-01	0.0000000000000000e+00	6.3232442478431657e+07	5.2388982832322203e+04	-1.2044278891607364e+08	4.1146494585244282e+00	8.5033335913322630e-04	0.0000000000000000e+00	4.1146535831637561e+00	1.4531704180566912e+01	0.0000000000000000e+00	4.1839604980026389e-02	0.0000000000000000e+00	0.0000000000000000e+00	
3.0797147173689243e-01	2.8535769847055232e+00	2.3642293386569755e-03	1.5703049976410480e-01	5.2500000000000002e-01	0.0000000000000000e+00	6.3232442478431657e+07	5.2388982832322203e+04	-1.2044278891607364e+08	4.1146494585244282e+00	8.5033335913322630e-04	0.0000000000000000e+00	4.1146535831637561e+00	1.4531704180566912e+01	0.0000000000000000e+00	4.1839604980026389e-02	0.0000000000000000e+00	0.0000000000000000e+00	
3.1034048305794548e-01	2.8018260747127051e+00	1.7663002786302627e-03	1.3380289658988886e-01	5.2500000000000002e-01	0.0000000000000000e+00	6.3279800692159005e+07	3.9892244062897058e+04	-1.2053297765028647e+08	4.1780110988826067e+00	8.5073104093820278e-04	0.0000000000000000e+00	4.1780152046244234e+00	1.4531704180566912e+01	0.0000000000000000e+00	4.1839604980026389e-02	0.0000000000000000e+00	0.0000000000000000e+00	
3.1270949437899848e-01	2.8018260747127051e+00	1.7663002786302627e-03	1.3380289658988886e-01	5.2500000000000002e-01	0.0000000000000000e+00	6.3279800692159005e+07	3.9892244062897058e+04	-1.2053297765028647e+08	4.1780110988826067e+00	8.5073104093820278e-04	0.0000000000000000e+00	4.1780152046244234e+00	1.4531704180566912e+01	0.0000000000000000e+00	4.1839604980026389e-02	0.0000000000000000e+00	0.0000000000000000e+00	
3.1507850570005153e-01	2.7503264108341732e+00	1.1689449131474482e-03	1.1029138496485556e-01	5.2500000000000002e-01	0.0000000000000000e+00	6.3322509843912430e+07	2.6913360348134240e+04	-1.2061431535862125e+08	4.2411924992406549e+00	8.4099038603433320e-04	0.0000000000000000e+00	4.2411966364779232e+00	1.4531704180566912e+01	0.0000000000000000e+00	4.1839604980026389e-02	0.0000000000000000e+00	0.0000000000000000e+00	
3.1744751702110452e-01	2.7503264108341732e+00	1.1689449131474482e-03	1.1029138496485556e-01	5.2500000000000002e-01	0.0000000000000000e+00	6.3322509843912430e+07	2.6913360348134240e+04	-1.2061431535862125e+08	4.2411924992406549e+00	8.4099038603433320e-04	0.0000000000000000e+00	4.2411966364779232e+00	1.4531704180566912e+01	0.0000000000000000e+00	4.1839604980026389e-02	0.0000000000000000e+00	0.0000000000000000e+00	
3.1981652834215757e-01	2.6993368858551290e+00	5.8269521768691845e-04	8.6938453162478418e-02	5.2500000000000002e-01	0.0000000000000000e+00	6.3360008216063842e+07	1.3677275324012919e+04	-1.2068573274722587e+08	4.3041984035866774e+00	8.2143933959417405e-04	0.0000000000000000e+00	4.3042026180514341e+00	1.4531704180566912e+01	0.0000000000000000e+00	4.1839604980026389e-02	0.0000000000000000e+00	0.0000000000000000e+00	
3.2218553966321056e-01	2.6993368858551290e+00	5.8269521768691845e-04	8.6938453162478418e-02	5.2500000000000002e-01	0.0000000000000000e+00	6.3360008216063842e+07	1.3677275324012919e+04	-1.2068573274722587e+08	4.3041984035866774e+00	8.2143933959417405e-04	0.0000000000000000e+00	4.3042026180514341e+00	1.4531704180566912e+01	0.0000000000000000e+00	4.1839604980026389e-02	0.0000000000000000e+00	0.0000000000000000e+00	
3.2455455098426361e-01	2.6490619714024652e+00	1.8344002086854157e-05	6.4180318918428070e-02	5.2500000000000002e-01	0.0000000000000000e+00	6.3391878386437729e+07	4.3897076095761440e+02	-1.2074643502468115e+08	4.3670341240237782e+00	7.9251095255858004e-04	0.0000000000000000e+00	4.3670384555587534e+00	1.4531704180566912e+01	0.0000000000000000e+00	4.1839604980026389e-02	0.0000000000000000e+00	0.0000000000000000e+00	
3.2692356230531661e-01	2.6490619714024652e+00	1.8344002086854157e-05	6.4180318918428070e-02	5.2500000000000002e-01	0.0000000000000000e+00	6.3391878386437729e+07	4.3897076095761440e+02	-1.2074643502468115e+08	4.3670341240237782e+00	7.9251095255858004e-04	0.0000000000000000e+00	4.3670384555587534e+00	1.4531704180566912e+01	0.0000000000000000e+00	4.1839604980026389e-02	0.0000000000000000e+00	0.0000000000000000e+00	
3.2929257362636966e-01	2.5996237001326667e+00	-5.1356005872610605e-04	4.2445658973719880e-02	5.2500000000000002e-01	0.0000000000000000e+00	6.3417866312928498e+07	-1.2528306749276782e+04	-1.2079593819128108e+08	4.4297052820702847e+00	7.5476591616324240e-04	0.0000000000000000e+00	4.4297097636546070e+00	1.4531704180566912e+01	0.0000000000000000e+00	4.1839604980026389e-02	0.0000000000000000e+00	0.0000000000000000e+00	
3.3166158494742265e-01	2.5996237001326667e+00	-5.1356005872610605e-04	4.2445658973719880e-02	5.2500000000000002e-01	0.0000000000000000e+00	6.3417866312928498e+07	-1.2528306749276782e+04	-1.2079593819128108e+08	4.4297052820702847e+00	7.5476591616324240e-04	0.0000000000000000e+00	4.4297097636546070e+00	1.4531704180566912e+01	0.0000000000000000e+00	4.1839604980026389e-02	0.0000000000000000e+00	0.0000000000000000e+00	
3.3403059626847570e-01	2.5511000482868580e+00	-1.0025642215547121e-03	2.2138640453247826e-02	5.2500000000000002e-01	0.0000000000000000e+00	6.3437839533084840e+07	-2.4930620910500762e+04	-1.2083398939402521e+08	4.4922176271378982e+00	7.0892012527589831e-04	0.0000000000000000e+00	4.4922222841354049e+00	1.4531704180566912e+01	0.0000000000000000e+00	4.1839604980026389e-02	0.0000000000000000e+00	0.0000000000000000e+00	
3.3639960758952869e-01	2.5511000482868580e+00	-1.0025642215547121e-03	2.2138640453247826e-02	5.2500000000000002e-01	0.0000000000000000e+00	6.3437839533084840e+07	-2.4930620910500762e+04	-1.2083398939402521e+08	4.4922176271378982e+00	7.0892012527589831e-04	0.0000000000000000e+00	4.4922222841354049e+00	1.4531704180566912e+01	0.0000000000000000e+00	4.1839604980026389e-02	0.0000000000000000e+00	0.0000000000000000e+00	
3.3876861891058174e-01	2.5035267115594277e+00	-1.4390955412571897e-03	3.6404881728928883e-03	5.2500000000000002e-01	0.0000000000000000e+00	6.3451796386895895e+07	-3.6473825840772683e+04	-1.2086058451422997e+08	4.5545768616195765e+00	6.5586192621889063e-04	0.0000000000000000e+00	4.5545817112871934e+00	1.4531704180566912e+01	0.0000000000000000e+00	4.1839604980026389e-02	0.0000000000000000e+00	0.0000000000000000e+00	
3.4113763023163474e-01	2.5035267115594277e+00	-1.4390955412571897e-03	3.6404881728928883e-03	5.2500000000000002e-01	0.0000000000000000e+00	6.3451796386895895e+07	-3.6473825840772683e+04	-1.2086058451422997e+08	4.5545768616195765e+00	6.5586192621889063e-04	0.0000000000000000e+00	4.5545817112871934e+00	1.4531704180566912e+01	0.0000000000000000e+00	4.1839604980026389e-02	0.0000000000000000e+00	0.0000000000000000e+00	
3.4350664155268779e-01	2.4569561095384542e+00	-1.8147165271609129e-03	-1.2706482605346044e-02	5.2500000000000002e-01	0.0000000000000000e+00	6.3459825555573344e+07	-4.6871653017880170e+04	-1.2087589117210639e+08	4.6167886683371693e+00	5.9666346453023827e-04	0.0000000000000000e+00	4.6167937196027591e+00	1.4531704180566912e+01	0.0000000000000000e+00	4.1839604980026389e-02	0.0000000000000000e+00	0.0000000000000000e+00	
3.4587565287374078e-01	2.4569561095384542e+00	-1.8147165271609129e-03	-1.2706482605346044e-02	5.2500000000000002e-01	0.0000000000000000e+00	6.3459825555573344e+07	-4.6871653017880170e+04	-1.2087589117210639e+08	4.6167886683371693e+00	5.9666346453023827e-04	0.0000000000000000e+00	4.6167937196027591e+00	1.4531704180566912e+01	0.0000000000000000e+00	4.1839604980026389e-02	0.0000000000000000e+00	0.0000000000000000e+00	
3.4824466419479383e-01	2.4114556188942906e+00	-2.1228904634476484e-03	-2.6594295502486456e-02	5.2500000000000002e-01	0.0000000000000000e+00	6.3462108026536174e+07	-5.5867959113256147e+04	-1.2088025260535388e+08	4.6788587525485568e+00	5.3257377068261760e-04	0.0000000000000000e+00	4.6788640061323648e+00	1.4531704180566912e+01	0.0000000000000000e+00	4.1839604980026389e-02	0.0000000000000000e+00	0.0000000000000000e+00	
3.5061367551584682e-01	2.4114556188942906e+00	-2.1228904634476484e-03	-2.6594295502486456e-02	5.2500000000000002e-01	0.0000000000000000e+00	6.3462108026536174e+07	-5.5867959113256147e+04	-1.2088025260535388e+08	4.6788587525485568e+00	5.3257377068261760e-04	0.0000000000000000e+00	4.6788640061323648e+00	1.4531704180566912e+01	0.0000000000000000e+00	4.1839604980026389e-02	0.0000000000000000e+00	0.0000000000000000e+00	
3.5298268683689987e-01	2.3671478778412625e+00	-2.3592169157403997e-03	-3.7762922001743908e-02	5.2500000000000002e-01	0.0000000000000000e+00	6.3458885451446034e+07	-6.3246270929053971e+04	-1.2087412755928111e+08	4.7407930342878055e+00	4.6500190676514321e-04	0.0000000000000000e+00	4.7407984831665733e+00	1.4531704180566912e+01	0.0000000000000000e+00	4.1839604980026389e-02	0.0000000000000000e+00	0.0000000000000000e+00	
3.5535169815795287e-01	2.3671478778412625e+00	-2.3592169157403997e-03	-3.7762922001743908e-02	5.2500000000000002e-01	0.0000000000000000e+00	6.3458885451446034e+07	-6.3246270929053971e+04	-1.2087412755928111e+08	4.7407930342878055e+00	4.6500190676514321e-04	0.0000000000000000e+00	4.7407984831665733e+00	1.4531704180566912e+01	0.0000000000000000e+00	4.1839604980026389e-02	0.0000000000000000e+00	0.0000000000000000e+00	
3.5772070947900592e-01	2.3242108540744262e+00	-2.5218690501714598e-03	-4.5995635316996505e-02	5.2500000000000002e-01	0.0000000000000000e+00	6.3450452140801027e+07	-6.8846478017586749e+04	-1.2085807522188473e+08	4.8025978151878332e+00	3.9548170739036161e-04	0.0000000000000000e+00	4.8026034454441300e+00	1.4531704180566912e+01	0.0000000000000000e+00	4.1839604980026389e-02	0.0000000000000000e+00	0.0000000000000000e+00	
3.6008972080005891e-01	2.3242108540744262e+00	-2.5218690501714598e-03	-4.5995635316996505e-02	5.2500000000000002e-01	0.0000000000000000e+00	6.3450452140801027e+07	-6.8846478017586749e+04	-1.2085807522188473e+08	4.8025978151878332e+00	3.9548170739036161e-04	0.0000000000000000e+00	4.8026034454441300e+00	1.4531704180566912e+01	0.0000000000000000e+00	4.1839604980026389e-02	0.0000000000000000e+00	0.0000000000000000e+00	
3.6245873212111196e-01	2.2829181620388184e+00	-2.6114604757472740e-03	-5.1131640893657633e-02	5.2500000000000002e-01	0.0000000000000000e+00	6.3437128805480793e+07	-7.2566576115217278e+04	-1.2083270535314937e+08	4.8642801282929842e+00	3.2563144592057130e-04	0.0000000000000000e+00	4.8642859202821436e+00	1.4531704180566912e+01	0.0000000000000000e+00	4.1839604980026389e-02	0.0000000000000000e+00	0.0000000000000000e+00	
3.6482774344216495e-01	2.2829181620388184e+00	-2.6114604757472740e-03	-5.1131640893657633e-02	5.2500000000000002e-01	0.0000000000000000e+00	6.3437128805480793e+07	-7.2566576115217278e+04	-1.2083270535314937e+08	4.8642801282929842e+00	3.2563144592057130e-04	0.0000000000000000e+00	4.8642859202821436e+00	1.4531704180566912e+01	0.0000000000000000e+00	4.1839604980026389e-02	0.0000000000000000e+00	0.0000000000000000e+00	
3.6719675476321800e-01	2.2436259566525312e+00	-2.6309079872475633e-03	-5.3058917676679251e-02	5.2500000000000002e-01	0.0000000000000000e+00	6.3419254821799181e+07	-7.4366328113309661e+04	-1.2079866366342066e+08	4.9258480201425954e+00	2.5710300046529318e-04	0.0000000000000000e+00	4.9258539499614740e+00	1.4531704180566912e+01	0.0000000000000000e+00	4.1839604980026389e-02	0.0000000000000000e+00	0.0000000000000000e+00	
3.6956576608427100e-01	2.2436259566525312e+00	-2.6309079872475633e-03	-5.3058917676679251e-02	5.2500000000000002e-01	0.0000000000000000e+00	6.3419254821799181e+07	-7.4366328113309661e+04	-1.2079866366342066e+08	4.9258480201425954e+00	2.5710300046529318e-04	0.0000000000000000e+00	4.9258539499614740e+00	1.4531704180566912e+01	0.0000000000000000e+00	4.1839604980026389e-02	0.0000000000000000e+00	0.0000000000000000e+00	
3.7193477740532405e-01	2.2067951938742860e+00	-2.5849074987299883e-03	-5.1724428897461407e-02	5.2500000000000002e-01	0.0000000000000000e+00	6.3397170738796212e+07	-7.4259642442521639e+04	-1.2075659853414543e+08	4.9873109779930376e+00	1.9153453821090649e-04	0.0000000000000000e+00	4.9873170191300877e+00	1.4531704180566912e+01	0.0000000000000000e+00	4.1839604980026389e-02	0.0000000000000000e+00	0.0000000000000000e+00	
3.7430378872637704e-01	2.2067951938742860e+00	-2.5849074987299883e-03	-5.1724428897461407e-02	5.2500000000000002e-01	0.0000000000000000e+00	6.3397170738796212e+07	-7.4259642442521639e+04	-1.2075659853414543e+08	4.9873109779930376e+00	1.9153453821090649e-04	0.0000000000000000e+00	4.9873170191300877e+00	1.4531704180566912e+01	0.0000000000000000e+00	4.1839604980026389e-02	0.0000000000000000e+00	0.0000000000000000e+00	
3.7667280004743009e-01	2.1729720875036147e+00	-2.4794134569535616e-03	-4.7126521121081177e-02	5.2500000000000002e-01	0.0000000000000000e+00	6.3371206621780582e+07	-7.2308072149208572e+04	-1.2070713880836679e+08	5.0486802563144906e+00	1.3050142811563557e-04	0.0000000000000000e+00	5.0486863814487783e+00	1.4531704180566912e+01	0.0000000000000000e+00	4.1839604980026389e-02	0.0000000000000000e+00	0.0000000000000000e+00	
3.7904181136848308e-01	2.1729720875036147e+00	-2.4794134569535616e-03	-4.7126521121081177e-02	5.2500000000000002e-01	0.0000000000000000e+00	6.3371206621780582e+07	-7.2308072149208572e+04	-1.2070713880836679e+08	5.0486802563144906e+00	1.3050142811563557e-04	0.0000000000000000e+00	5.0486863814487783e+00	1.4531704180566912e+01	0.0000000000000000e+00	4.1839604980026389e-02	0.0000000000000000e+00	0.0000000000000000e+00	
3.8141082268953613e-01	2.1427651684476601e+00	-2.3209880643793898e-03	-3.9319161070188027e-02	5.2500000000000002e-01	0.0000000000000000e+00	6.3341683426379904e+07	-6.8610080738259887e+04	-1.2065089635182007e+08	5.1099691741269471e+00	7.5478312443803439e-05	0.0000000000000000e+00	5.1099753569570243e+00	1.4531704180566912e+01	0.0000000000000000e+00	4.1839604980026389e-02	0.0000000000000000e+00	0.0000000000000000e+00	
3.8377983401058913e-01	2.1427651684476601e+00	-2.3209880643793898e-03	-3.9319161070188027e-02	5.2500000000000002e-01	0.0000000000000000e+00	6.3341683426379904e+07	-6.8610080738259887e+04	-1.2065089635182007e+08	5.1099691741269471e+00	7.5478312443803439e-05	0.0000000000000000e+00	5.1099753569570243e+00	1.4531704180566912e+01	0.0000000000000000e+00	4.1839604980026389e-02	0.0000000000000000e+00	0.0000000000000000e+00	
3.8614884533164218e-01	2.1167760664046082e+00	-2.1163389765691317e-03	-2.8400385519612208e-02	5.2500000000000002e-01	0.0000000000000000e+00	6.3308912770726845e+07	-6.3295840210664348e+04	-1.2058846554686497e+08	5.1711930664290024e+00	2.7802193785084153e-05	0.0000000000000000e+00	5.1711992834974030e+00	1.4531704180566912e+01	0.0000000000000000e+00	4.1839604980026389e-02	0.0000000000000000e+00	0.0000000000000000e+00	
3.8851785665269517e-01	2.1167760664046082e+00	-2.1163389765691317e-03	-2.8400385519612208e-02	5.2500000000000002e-01	0.0000000000000000e+00	6.3308912770726845e+07	-6.3295840210664348e+04	-1.2058846554686497e+08	5.1711930664290024e+00	2.7802193785084153e-05	0.0000000000000000e+00	5.1711992834974030e+00	1.4531704180566912e+01	0.0000000000000000e+00	4.1839604980026389e-02	0.0000000000000000e+00	0.0000000000000000e+00	
3.9088686797374822e-01	2.0955655113883931e+00	-1.8719284998409504e-03	-1.4516005401840826e-02	5.2500000000000002e-01	0.0000000000000000e+00	6.3273204236747213e+07	-5.6520740412716281e+04	-1.2052043710702692e+08	5.2323691331756743e+00	-1.1354298900391720e-05	0.0000000000000000e+00	5.2323753655641649e+00	1.4531704180566912e+01	0.0000000000000000e+00	4.1839604980026389e-02	0.0000000000000000e+00	0.0000000000000000e+00	
3.9325587929480121e-01	2.0955655113883931e+00	-1.8719284998409504e-03	-1.4516005401840826e-02	5.2500000000000002e-01	0.0000000000000000e+00	6.3273204236747213e+07	-5.6520740412716281e+04	-1.2052043710702692e+08	5.2323691331756743e+00	-1.1354298900391720e-05	0.0000000000000000e+00	5.2323753655641649e+00	1.4531704180566912e+01	0.0000000000000000e+00	4.1839604980026389e-02	0.0000000000000000e+00	0.0000000000000000e+00	
3.9562489061585426e-01	2.0796057658078770e+00	-1.5937028735520905e-03	2.1510475903239838e-03	5.2500000000000002e-01	0.0000000000000000e+00	6.3234863743761137e+07	-4.8459946454301920e+04	-1.2044739488069215e+08	5.2935160276309681e+00	-4.1008940360360764e-05	0.0000000000000000e+00	5.2935222624735490e+00	1.4531704180566912e+01	0.0000000000000000e+00	4.1839604980026389e-02	0.0000000000000000e+00	0.0000000000000000e+00	
3.9799390193690726e-01	2.0796057658078770e+00	-1.5937028735520905e-03	2.1510475903239838e-03	5.2500000000000002e-01	0.0000000000000000e+00	6.3234863743761137e+07	-4.8459946454301920e+04	-1.2044739488069215e+08	5.2935160276309681e+00	-4.1008940360360764e-05	0.0000000000000000e+00	5.2935222624735490e+00	1.4531704180566912e+01	0.0000000000000000e+00	4.1839604980026389e-02	0.0000000000000000e+00	0.0000000000000000e+00	
4.0036291325796031e-01	2.0692596993743155e+00	-1.2868701500229533e-03	2.1380702218858860e-02	5.2500000000000002e-01	0.0000000000000000e+00	6.3194208629715435e+07	-3.9300403310659276e+04	-1.2036994447647873e+08	5.3546534247307447e+00	-6.0383837143441151e-05	0.0000000000000000e+00	5.3546596564083178e+00	1.4531704180566912e+01	0.0000000000000000e+00	4.1839604980026389e-02	0.0000000000000000e+00	0.0000000000000000e+00	
4.0273192457901330e-01	2.0692596993743155e+00	-1.2868701500229533e-03	2.1380702218858860e-02	5.2500000000000002e-01	0.0000000000000000e+00	6.3194208629715435e+07	-3.9300403310659276e+04	-1.2036994447647873e+08	5.3546534247307447e+00	-6.0383837143441151e-05	0.0000000000000000e+00	5.3546596564083178e+00	1.4531704180566912e+01	0.0000000000000000e+00	4.1839604980026389e-02	0.0000000000000000e+00	0.0000000000000000e+00	
4.0510093590006635e-01	2.0647401784335941e+00	-9.5586953610299276e-04	4.2928432851841891e-02	5.2500000000000002e-01	0.0000000000000000e+00	6.3151569556926385e+07	-2.9235960111141238e+04	-1.2028871680820233e+08	5.4158013731059178e+00	-6.8918510126118640e-05	0.0000000000000000e+00	5.4158076040534624e+00	1.4531704180566912e+01	0.0000000000000000e+00	4.1839604980026389e-02	0.0000000000000000e+00	0.0000000000000000e+00	
4.0746994722111934e-01	2.0647401784335941e+00	-9.5586953610299276e-04	4.2928432851841891e-02	5.2500000000000002e-01	0.0000000000000000e+00	6.3151569556926385e+07	-2.9235960111141238e+04	-1.2028871680820233e+08	5.4158013731059178e+00	-6.8918510126118640e-05	0.0000000000000000e+00	5.4158076040534624e+00	1.4531704180566912e+01	0.0000000000000000e+00	4.1839604980026389e-02	0.0000000000000000e+00	0.0000000000000000e+00	
4.0983895854217239e-01	2.0660905039406310e+00	-6.0462409273293798e-04	6.6528288136954702e-02	5.2500000000000002e-01	0.0000000000000000e+00	6.3107310491582572e+07	-1.8467826205102956e+04	-1.2020440608344741e+08	5.4769796439697531e+00	-6.6277075997680225e-05	0.0000000000000000e+00	5.4769858849628728e+00	1.4531704180566912e+01	0.0000000000000000e+00	4.1839604980026389e-02	0.0000000000000000e+00	0.0000000000000000e+00	
4.1220796986322539e-01	2.0660905039406310e+00	-6.0462409273293798e-04	6.6528288136954702e-02	5.2500000000000002e-01	0.0000000000000000e+00	6.3107310491582572e+07	-1.8467826205102956e+04	-1.2020440608344741e+08	5.4769796439697531e+00	-6.6277075997680225e-05	0.0000000000000000e+00	5.4769858849628728e+00	1.4531704180566912e+01	0.0000000000000000e+00	4.1839604980026389e-02	0.0000000000000000e+00	0.0000000000000000e+00	
4.1457698118427844e-01	2.0731687952345923e+00	-2.3692474761837130e-04	9.1902588167587340e-02	5.2500000000000002e-01	0.0000000000000000e+00	6.3061825018978857e+07	-7.2067971557930068e+03	-1.2011776272529617e+08	5.5382069498781776e+00	-5.2360311991610166e-05	0.0000000000000000e+00	5.5382132197586786e+00	1.4531704180566912e+01	0.0000000000000000e+00	4.1839604980026389e-02	0.0000000000000000e+00	0.0000000000000000e+00	
4.1694599250533143e-01	2.0731687952345923e+00	-2.3692474761837130e-04	9.1902588167587340e-02	5.2500000000000002e-01	0.0000000000000000e+00	6.3061825018978857e+07	-7.2067971557930068e+03	-1.2011776272529617e+08	5.5382069498781776e+00	-5.2360311991610166e-05	0.0000000000000000e+00	5.5382132197586786e+00	1.4531704180566912e+01	0.0000000000000000e+00	4.1839604980026389e-02	0.0000000000000000e+00	0.0000000000000000e+00	
4.1931500382638448e-01	2.0856488881611277e+00	1.4302571754501147e-04	1.1876543726862884e-01	5.2500000000000002e-01	0.0000000000000000e+00	6.3015554957598574e+07	4.3213625339661558e+03	-1.2002962877289470e+08	5.5995002613103644e+00	-2.7315139154128706e-05	0.0000000000000000e+00	5.5995065860892614e+00	1.4531704180566912e+01	0.0000000000000000e+00	4.1839604980026389e-02	0.0000000000000000e+00	0.0000000000000000e+00	
4.2168401514743747e-01	2.0856488881611277e+00	1.4302571754501147e-04	1.1876543726862884e-01	5.2500000000000002e-01	0.0000000000000000e+00	6.3015554957598574e+07	4.3213625339661558e+03	-1.2002962877289470e+08	5.5995002613103644e+00	-2.7315139154128706e-05	0.0000000000000000e+00	5.5995065860892614e+00	1.4531704180566912e+01	0.0000000000000000e+00	4.1839604980026389e-02	0.0000000000000000e+00	0.0000000000000000e+00	
4.2405302646849052e-01	2.1030167776491959e+00	5.3025772608142753e-04	1.4683019602720712e-01	5.2500000000000002e-01	0.0000000000000000e+00	6.2968980145593293e+07	1.5877090749125084e+04	-1.1994091837567562e+08	5.6608740791650627e+00	8.4545314233782666e-06	0.0000000000000000e+00	5.6608804905410670e+00	1.4531704180566912e+01	0.0000000000000000e+00	4.1839604980026389e-02	0.0000000000000000e+00	0.0000000000000000e+00	
4.2642203778954352e-01	2.1030167776491959e+00	5.3025772608142753e-04	1.4683019602720712e-01	5.2500000000000002e-01	0.0000000000000000e+00	6.2968980145593293e+07	1.5877090749125084e+04	-1.1994091837567562e+08	5.6608740791650627e+00	8.4545314233782666e-06	0.0000000000000000e+00	5.6608804905410670e+00	1.4531704180566912e+01	0.0000000000000000e+00	4.1839604980026389e-02	0.0000000000000000e+00	0.0000000000000000e+00	
4.2879104911059657e-01	2.1245806636694056e+00	9.1864555114813120e-04	1.7581249194432902e-01	5.2500000000000002e-01	0.0000000000000000e+00	6.2922626815305233e+07	2.7207058869960922e+04	-1.1985263370918666e+08	5.7223398298005579e+00	5.4283658168353119e-05	0.0000000000000000e+00	5.7223463631590006e+00	1.4531704180566912e+01	0.0000000000000000e+00	4.1839604980026389e-02	0.0000000000000000e+00	0.0000000000000000e+00	
4.3116006043164956e-01	2.1245806636694056e+00	9.1864555114813120e-04	1.7581249194432902e-01	5.2500000000000002e-01	0.0000000000000000e+00	6.2922626815305233e+07	2.7207058869960922e+04	-1.1985263370918666e+08	5.7223398298005579e+00	5.4283658168353119e-05	0.0000000000000000e+00	5.7223463631590006e+00	1.4531704180566912e+01	0.0000000000000000e+00	4.1839604980026389e-02	0.0000000000000000e+00	0.0000000000000000e+00	
4.3352907175270261e-01	2.1494932872864472e+00	1.3009690209305810e-03	2.0543353112153581e-01	5.2500000000000002e-01	0.0000000000000000e+00	6.2877043504889965e+07	3.8055985664804371e+04	-1.1976581908852798e+08	5.7839052959438781e+00	1.0924944537823232e-04	0.0000000000000000e+00	5.7839119880040277e+00	1.4531704180566912e+01	0.0000000000000000e+00	4.1839604980026389e-02	0.0000000000000000e+00	0.0000000000000000e+00	
4.3589808307375560e-01	2.1494932872864472e+00	1.3009690209305810e-03	2.0543353112153581e-01	5.2500000000000002e-01	0.0000000000000000e+00	6.2877043504889965e+07	3.8055985664804371e+04	-1.1976581908852798e+08	5.7839052959438781e+00	1.0924944537823232e-04	0.0000000000000000e+00	5.7839119880040277e+00	1.4531704180566912e+01	0.0000000000000000e+00	4.1839604980026389e-02	0.0000000000000000e+00	0.0000000000000000e+00	
4.3826709439480865e-01	2.1767826483352488e+00	1.6689437775335649e-03	2.3542369702900634e-01	5.2500000000000002e-01	0.0000000000000000e+00	6.2832803179090470e+07	4.8174040697600984e+04	-1.1968156504125006e+08	5.8455742098659407e+00	1.7218736687211491e-04	0.0000000000000000e+00	5.8455810961607240e+00	1.4531704180566912e+01	0.0000000000000000e+00	4.1839604980026389e-02	0.0000000000000000e+00	0.0000000000000000e+00	
4.4063610571586165e-01	2.1767826483352488e+00	1.6689437775335649e-03	2.3542369702900634e-01	5.2500000000000002e-01	0.0000000000000000e+00	6.2832803179090470e+07	4.8174040697600984e+04	-1.1968156504125006e+08	5.8455742098659407e+00	1.7218736687211491e-04	0.0000000000000000e+00	5.8455810961607240e+00	1.4531704180566912e+01	0.0000000000000000e+00	4.1839604980026389e-02	0.0000000000000000e+00	0.0000000000000000e+00	
4.4300511703691470e-01	2.2053992488177010e+00	2.0137882653104332e-03	2.6552339670317998e-01	5.2500000000000002e-01	0.0000000000000000e+00	6.2790475596289724e+07	5.7335071188065609e+04	-1.1960095575830041e+08	5.9073459726598507e+00	2.4172117483581366e-04	0.0000000000000000e+00	5.9073530850880367e+00	1.4531704180566912e+01	0.0000000000000000e+00	4.1839604980026389e-02	0.0000000000000000e+00	0.0000000000000000e+00	
4.4537412835796769e-01	2.2053992488177010e+00	2.0137882653104332e-03	2.6552339670317998e-01	5.2500000000000002e-01	0.0000000000000000e+00	6.2790475596289724e+07	5.7335071188065609e+04	-1.1960095575830041e+08	5.9073459726598507e+00	2.4172117483581366e-04	0.0000000000000000e+00	5.9073530850880367e+00	1.4531704180566912e+01	0.0000000000000000e+00	4.1839604980026389e-02	0.0000000000000000e+00	0.0000000000000000e+00	
4.4774313967902074e-01	2.2342527468591520e+00	2.3265566968688686e-03	2.9548676798061285e-01	5.2500000000000002e-01	0.0000000000000000e+00	6.2750628394757546e+07	6.5343052584263554e+04	-1.1952507126864244e+08	5.9692155717714206e+00	3.1630597934410496e-04	0.0000000000000000e+00	5.9692229364376255e+00	1.4531704180566912e+01	0.0000000000000000e+00	4.1839604980026389e-02	0.0000000000000000e+00	0.0000000000000000e+00	
4.5011215100007373e-01	2.2342527468591520e+00	2.3265566968688686e-03	2.9548676798061285e-01	5.2500000000000002e-01	0.0000000000000000e+00	6.2750628394757546e+07	6.5343052584263554e+04	-1.1952507126864244e+08	5.9692155717714206e+00	3.1630597934410496e-04	0.0000000000000000e+00	5.9692229364376255e+00	1.4531704180566912e+01	0.0000000000000000e+00	4.1839604980026389e-02	0.0000000000000000e+00	0.0000000000000000e+00	
4.5248116232112678e-01	2.2622651980586541e+00	2.5989624127247396e-03	3.2507735622966638e-01	5.2500000000000002e-01	0.0000000000000000e+00	6.2713791564086691e+07	7.2047603956593885e+04	-1.1945491990355371e+08	6.0311736605251882e+00	3.9428476106667020e-04	0.0000000000000000e+00	6.0311812960563183e+00	1.4531704180566912e+01	0.0000000000000000e+00	4.1839604980026389e-02	0.0000000000000000e+00	0.0000000000000000e+00	
4.5485017364217978e-01	2.2622651980586541e+00	2.5989624127247396e-03	3.2507735622966638e-01	5.2500000000000002e-01	0.0000000000000000e+00	6.2713791564086691e+07	7.2047603956593885e+04	-1.1945491990355371e+08	6.0311736605251882e+00	3.9428476106667020e-04	0.0000000000000000e+00	6.0311812960563183e+00	1.4531704180566912e+01	0.0000000000000000e+00	4.1839604980026389e-02	0.0000000000000000e+00	0.0000000000000000e+00	
4.5721918496323283e-01	2.2883973435885920e+00	2.8236426702717746e-03	3.5407206848590594e-01	5.2500000000000002e-01	0.0000000000000000e+00	6.2680455179134145e+07	7.7341117499426226e+04	-1.1939143408482994e+08	6.0932067810418635e+00	4.7394914668182574e-04	0.0000000000000000e+00	6.0932146974837327e+00	1.4531704180566912e+01	0.0000000000000000e+00	4.1839604980026389e-02	0.0000000000000000e+00	0.0000000000000000e+00	
4.5958819628428582e-01	2.2883973435885920e+00	2.8236426702717746e-03	3.5407206848590594e-01	5.2500000000000002e-01	0.0000000000000000e+00	6.2680455179134145e+07	7.7341117499426226e+04	-1.1939143408482994e+08	6.0932067810418635e+00	4.7394914668182574e-04	0.0000000000000000e+00	6.0932146974837327e+00	1.4531704180566912e+01	0.0000000000000000e+00	4.1839604980026389e-02	0.0000000000000000e+00	0.0000000000000000e+00	
4.6195720760533887e-01	2.3116982055303987e+00	2.9948631767210726e-03	3.8225556539320082e-01	5.2500000000000002e-01	0.0000000000000000e+00	6.2651035078832269e+07	8.1165991950063079e+04	-1.1933540505733785e+08	6.1552977292076925e+00	5.5360464040689870e-04	0.0000000000000000e+00	6.1553059275580750e+00	1.4531704180566912e+01	0.0000000000000000e+00	4.1839604980026389e-02	0.0000000000000000e+00	0.0000000000000000e+00	
4.6432621892639186e-01	2.3116982055303987e+00	2.9948631767210726e-03	3.8225556539320082e-01	5.2500000000000002e-01	0.0000000000000000e+00	6.2651035078832269e+07	8.1165991950063079e+04	-1.1933540505733785e+08	6.1552977292076925e+00	5.5360464040689870e-04	0.0000000000000000e+00	6.1553059275580750e+00	1.4531704180566912e+01	0.0000000000000000e+00	4.1839604980026389e-02	0.0000000000000000e+00	0.0000000000000000e+00	
4.6669523024744491e-01	2.3313209700705881e+00	3.1084970704874379e-03	4.0942710890494677e-01	5.2500000000000002e-01	0.0000000000000000e+00	6.2625877981225491e+07	8.3503027142353720e+04	-1.1928749266880608e+08	6.2174260195664610e+00	6.3162801387383184e-04	0.0000000000000000e+00	6.2174344919302076e+00	1.4531704180566912e+01	0.0000000000000000e+00	4.1839604980026389e-02	0.0000000000000000e+00	0.0000000000000000e+00	
4.6906424156849791e-01	2.3313209700705881e+00	3.1084970704874379e-03	4.0942710890494677e-01	5.2500000000000002e-01	0.0000000000000000e+00	6.2625877981225491e+07	8.3503027142353720e+04	-1.1928749266880608e+08	6.2174260195664610e+00	6.3162801387383184e-04	0.0000000000000000e+00	6.2174344919302076e+00	1.4531704180566912e+01	0.0000000000000000e+00	4.1839604980026389e-02	0.0000000000000000e+00	0.0000000000000000e+00	
4.7143325288955096e-01	2.3465666634913509e+00	3.1625456959891336e-03	4.3539516132910472e-01	5.2500000000000002e-01	0.0000000000000000e+00	6.2605238787050694e+07	8.4375156074950806e+04	-1.1924818218023349e+08	6.2795684820418467e+00	7.0652200779530456e-04	0.0000000000000000e+00	6.2795772123647255e+00	1.4531704180566912e+01	0.0000000000000000e+00	4.1839604980026389e-02	0.0000000000000000e+00	0.0000000000000000e+00	
4.7380226421060395e-01	2.3465666634913509e+00	3.1625456959891336e-03	4.3539516132910472e-01	5.2500000000000002e-01	0.0000000000000000e+00	6.2605238787050694e+07	8.4375156074950806e+04	-1.1924818218023349e+08	6.2795684820418467e+00	7.0652200779530456e-04	0.0000000000000000e+00	6.2795772123647255e+00	1.4531704180566912e+01	0.0000000000000000e+00	4.1839604980026389e-02	0.0000000000000000e+00	0.0000000000000000e+00	
4.7617127553165700e-01	2.3568815705715731e+00	3.1568725963212092e-03	4.5998695385892768e-01	5.2500000000000002e-01	0.0000000000000000e+00	6.2589298321400456e+07	8.3833843482379409e+04	-1.1921781803059761e+08	6.3416998701555869e+00	7.7695589462045342e-04	0.0000000000000000e+00	6.3417088354548117e+00	1.4531704180566912e+01	0.0000000000000000e+00	4.1839604980026389e-02	0.0000000000000000e+00	0.0000000000000000e+00	
4.7854028685271000e-01	2.3568815705715731e+00	3.1568725963212092e-03	4.5998695385892768e-01	5.2500000000000002e-01	0.0000000000000000e+00	6.2589298321400456e+07	8.3833843482379409e+04	-1.1921781803059761e+08	6.3416998701555869e+00	7.7695589462045342e-04	0.0000000000000000e+00	6.3417088354548117e+00	1.4531704180566912e+01	0.0000000000000000e+00	4.1839604980026389e-02	0.0000000000000000e+00	0.0000000000000000e+00	
4.8090929817376304e-01	2.3618927586384335e+00	3.0935482390642799e-03	4.8304178974549750e-01	5.2500000000000002e-01	0.0000000000000000e+00	6.2578149389368802e+07	8.1963299620335762e+04	-1.1919657726874053e+08	6.4037935774763177e+00	8.4180183055802349e-04	0.0000000000000000e+00	6.4038027494745906e+00	1.4531704180566912e+01	0.0000000000000000e+00	4.1839604980026389e-02	0.0000000000000000e+00	0.0000000000000000e+00	
4.8327830949481604e-01	2.3618927586384335e+00	3.0935482390642799e-03	4.8304178974549750e-01	5.2500000000000002e-01	0.0000000000000000e+00	6.2578149389368802e+07	8.1963299620335762e+04	-1.1919657726874053e+08	6.4037935774763177e+00	8.4180183055802349e-04	0.0000000000000000e+00	6.4038027494745906e+00	1.4531704180566912e+01	0.0000000000000000e+00	4.1839604980026389e-02	0.0000000000000000e+00	0.0000000000000000e+00	
4.8564732081586909e-01	2.3613909904634132e+00	2.9763433311708045e-03	5.0442144995483729e-01	5.2500000000000002e-01	0.0000000000000000e+00	6.2571817589543365e+07	7.8866741151292910e+04	-1.1918450912783653e+08	6.4658223140631979e+00	9.0015452861998623e-04	0.0000000000000000e+00	6.4658316610935378e+00	1.4531704180566912e+01	0.0000000000000000e+00	4.1839604980026389e-02	0.0000000000000000e+00	0.0000000000000000e+00	
4.8801633213692208e-01	2.3613909904634132e+00	2.9763433311708045e-03	5.0442144995483729e-01	5.2500000000000002e-01	0.0000000000000000e+00	6.2571817589543365e+07	7.8866741151292910e+04	-1.1918450912783653e+08	6.4658223140631979e+00	9.0015452861998623e-04	0.0000000000000000e+00	6.4658316610935378e+00	1.4531704180566912e+01	0.0000000000000000e+00	4.1839604980026389e-02	0.0000000000000000e+00	0.0000000000000000e+00	
4.9038534345797513e-01	2.3553560185607467e+00	2.8108389231488082e-03	5.2400247731316330e-01	5.2500000000000002e-01	0.0000000000000000e+00	6.2570249477817796e+07	7.4670194772020477e+04	-1.1918151244347876e+08	6.5277588821687935e+00	9.5134594021268140e-04	0.0000000000000000e+00	6.5277683712422974e+00	1.4531704180566912e+01	0.0000000000000000e+00	4.1839604980026389e-02	0.0000000000000000e+00	0.0000000000000000e+00	
4.9275435477902813e-01	2.3553560185607467e+00	2.8108389231488082e-03	5.2400247731316330e-01	5.2500000000000002e-01	0.0000000000000000e+00	6.2570249477817796e+07	7.4670194772020477e+04	-1.1918151244347876e+08	6.5277588821687935e+00	9.5134594021268140e-04	0.0000000000000000e+00	6.5277683712422974e+00	1.4531704180566912e+01	0.0000000000000000e+00	4.1839604980026389e-02	0.0000000000000000e+00	0.0000000000000000e+00	
4.9512336610008117e-01	2.3439205318462091e+00	2.6037303029951102e-03	5.4168693585000960e-01	5.2500000000000002e-01	0.0000000000000000e+00	6.2573331592899561e+07	6.9509216466253347e+04	-1.1918737180921769e+08	6.5895768476519754e+00	9.9494255090416817e-04	0.0000000000000000e+00	6.5895864465591059e+00	1.4531704180566912e+01	0.0000000000000000e+00	4.1839604980026389e-02	0.0000000000000000e+00	0.0000000000000000e+00	
4.9749237742113417e-01	2.3439205318462091e+00	2.6037303029951102e-03	5.4168693585000960e-01	5.2500000000000002e-01	0.0000000000000000e+00	6.2573331592899561e+07	6.9509216466253347e+04	-1.1918737180921769e+08	6.5895768476519754e+00	9.9494255090416817e-04	0.0000000000000000e+00	6.5895864465591059e+00	1.4531704180566912e+01	0.0000000000000000e+00	4.1839604980026389e-02	0.0000000000000000e+00	0.0000000000000000e+00	
4.9986138874218722e-01	2.3273775623064208e+00	2.3628150799204200e-03	5.5739334507230265e-01	5.2500000000000002e-01	0.0000000000000000e+00	6.2580879712638706e+07	6.3533759495890656e+04	-1.1920173707277045e+08	6.6512512576556366e+00	1.0307402126953817e-03	0.0000000000000000e+00	6.6512609370122053e+00	1.4531704180566912e+01	0.0000000000000000e+00	4.1839604980026389e-02	0.0000000000000000e+00	0.0000000000000000e+00	
5.0223040006324027e-01	2.3273775623064208e+00	2.3628150799204200e-03	5.5739334507230265e-01	5.2500000000000002e-01	0.0000000000000000e+00	6.2580879712638706e+07	6.3533759495890656e+04	-1.1920173707277045e+08	6.6512512576556366e+00	1.0307402126953817e-03	0.0000000000000000e+00	6.6512609370122053e+00	1.4531704180566912e+01	0.0000000000000000e+00	4.1839604980026389e-02	0.0000000000000000e+00	0.0000000000000000e+00	
5.0459941138429332e-01	2.3061224966593352e+00	2.0963089357761188e-03	5.7106658192703807e-01	5.2500000000000002e-01	0.0000000000000000e+00	6.2592656231966376e+07	5.6897907532280173e+04	-1.1922415636685276e+08	6.7127591523136818e+00	1.0587457405932578e-03	0.0000000000000000e+00	6.7127688874143754e+00	1.4531704180566912e+01	0.0000000000000000e+00	4.1839604980026389e-02	0.0000000000000000e+00	0.0000000000000000e+00	
5.0696842270534637e-01	2.3061224966593352e+00	2.0963089357761188e-03	5.7106658192703807e-01	5.2500000000000002e-01	0.0000000000000000e+00	6.2592656231966376e+07	5.6897907532280173e+04	-1.1922415636685276e+08	6.7127591523136818e+00	1.0587457405932578e-03	0.0000000000000000e+00	6.7127688874143754e+00	1.4531704180566912e+01	0.0000000000000000e+00	4.1839604980026389e-02	0.0000000000000000e+00	0.0000000000000000e+00	
5.0933743402639930e-01	2.2806442904733251e+00	1.8128211427460698e-03	5.8266732361443130e-01	5.2500000000000002e-01	0.0000000000000000e+00	6.2608362756884113e+07	4.9765657973273737e+04	-1.1925406197248447e+08	6.7740800536612369e+00	1.0791609834865923e-03	0.0000000000000000e+00	6.7740898260430367e+00	1.4531704180566912e+01	0.0000000000000000e+00	4.1839604980026389e-02	0.0000000000000000e+00	0.0000000000000000e+00	
5.1170644534745235e-01	2.2806442904733251e+00	1.8128211427460698e-03	5.8266732361443130e-01	5.2500000000000002e-01	0.0000000000000000e+00	6.2608362756884113e+07	4.9765657973273737e+04	-1.1925406197248447e+08	6.7740800536612369e+00	1.0791609834865923e-03	0.0000000000000000e+00	6.7740898260430367e+00	1.4531704180566912e+01	0.0000000000000000e+00	4.1839604980026389e-02	0.0000000000000000e+00	0.0000000000000000e+00	
5.1407545666850529e-01	2.2514558489243015e+00	1.5207636785767667e-03	5.9218077489213128e-01	5.2500000000000002e-01	0.0000000000000000e+00	6.2627657546766140e+07	4.2302347131066592e+04	-1.1929080349236600e+08	6.8351961733305373e+00	1.0923580771698561e-03	0.0000000000000000e+00	6.8352059718940277e+00	1.4531704180566912e+01	0.0000000000000000e+00	4.1839604980026389e-02	0.0000000000000000e+00	0.0000000000000000e+00	
5.1644446798955834e-01	2.2514558489243015e+00	1.5207636785767667e-03	5.9218077489213128e-01	5.2500000000000002e-01	0.0000000000000000e+00	6.2627657546766140e+07	4.2302347131066592e+04	-1.1929080349236600e+08	6.8351961733305373e+00	1.0923580771698561e-03	0.0000000000000000e+00	6.8352059718940277e+00	1.4531704180566912e+01	0.0000000000000000e+00	4.1839604980026389e-02	0.0000000000000000e+00	0.0000000000000000e+00	
5.1881347931061128e-01	2.2190810563698875e+00	1.2283312659334374e-03	5.9960536875851189e-01	5.2500000000000002e-01	0.0000000000000000e+00	6.2650153322510839e+07	3.4678833348905173e+04	-1.1933364365794939e+08	6.8960925707681753e+00	1.0988602092833464e-03	0.0000000000000000e+00	6.8961023923812022e+00	1.4531704180566912e+01	0.0000000000000000e+00	4.1839604980026389e-02	0.0000000000000000e+00	0.0000000000000000e+00	
5.2118249063166433e-01	2.2190810563698875e+00	1.2283312659334374e-03	5.9960536875851189e-01	5.2500000000000002e-01	0.0000000000000000e+00	6.2650153322510839e+07	3.4678833348905173e+04	-1.1933364365794939e+08	6.8960925707681753e+00	1.0988602092833464e-03	0.0000000000000000e+00	6.8961023923812022e+00	1.4531704180566912e+01	0.0000000000000000e+00	4.1839604980026389e-02	0.0000000000000000e+00	0.0000000000000000e+00	
5.2355150195271727e-01	2.1839880561030651e+00	9.4303542692171288e-04	6.0496058584526191e-01	5.2500000000000002e-01	0.0000000000000000e+00	6.2675435388080001e+07	2.7062948354289434e+04	-1.1938179282077047e+08	6.9567570124004794e+00	1.0993158883999946e-03	0.0000000000000000e+00	6.9567668618803165e+00	1.4531704180566912e+01	0.0000000000000000e+00	4.1839604980026389e-02	0.0000000000000000e+00	0.0000000000000000e+00	
5.2592051327377032e-01	2.1839880561030651e+00	9.4303542692171288e-04	6.0496058584526191e-01	5.2500000000000002e-01	0.0000000000000000e+00	6.2675435388080001e+07	2.7062948354289434e+04	-1.1938179282077047e+08	6.9567570124004794e+00	1.0993158883999946e-03	0.0000000000000000e+00	6.9567668618803165e+00	1.4531704180566912e+01	0.0000000000000000e+00	4.1839604980026389e-02	0.0000000000000000e+00	0.0000000000000000e+00	
5.2828952459482326e-01	2.1465841571995221e+00	6.7167835349734174e-04	6.0827589554199823e-01	5.2500000000000002e-01	0.0000000000000000e+00	6.2703064914822735e+07	1.9620144525882843e+04	-1.1943441520847598e+08	7.0171798067058910e+00	1.0944788749154403e-03	0.0000000000000000e+00	7.0171896961924878e+00	1.4531704180566912e+01	0.0000000000000000e+00	4.1839604980026389e-02	0.0000000000000000e+00	0.0000000000000000e+00	
5.3065853591587631e-01	2.1465841571995221e+00	6.7167835349734174e-04	6.0827589554199823e-01	5.2500000000000002e-01	0.0000000000000000e+00	6.2703064914822735e+07	1.9620144525882843e+04	-1.1943441520847598e+08	7.0171798067058910e+00	1.0944788749154403e-03	0.0000000000000000e+00	7.0171896961924878e+00	1.4531704180566912e+01	0.0000000000000000e+00	4.1839604980026389e-02	0.0000000000000000e+00	0.0000000000000000e+00	
5.3302754723692924e-01	2.1071651986438180e+00	4.1999735102268707e-04	6.0959818676729260e-01	5.2500000000000002e-01	0.0000000000000000e+00	6.2732596634689942e+07	1.2503777314802810e+04	-1.1949066263011050e+08	7.0773533824281261e+00	1.0851811476257774e-03	0.0000000000000000e+00	7.0773633301502157e+00	1.4531704180566912e+01	0.0000000000000000e+00	4.1839604980026389e-02	0.0000000000000000e+00	0.0000000000000000e+00	
5.3539655855798229e-01	2.1071651986438180e+00	4.1999735102268707e-04	6.0959818676729260e-01	5.2500000000000002e-01	0.0000000000000000e+00	6.2732596634689942e+07	1.2503777314802810e+04	-1.1949066263011050e+08	7.0773533824281261e+00	1.0851811476257774e-03	0.0000000000000000e+00	7.0773633301502157e+00	1.4531704180566912e+01	0.0000000000000000e+00	4.1839604980026389e-02	0.0000000000000000e+00	0.0000000000000000e+00	
5.3776556987903523e-01	2.0659275184131340e+00	1.9261039126771112e-04	6.0898206768441021e-01	5.2500000000000002e-01	0.0000000000000000e+00	6.2763585802562825e+07	5.8515696756301732e+03	-1.1954968776255117e+08	7.1372719138872034e+00	1.0723091100561070e-03	0.0000000000000000e+00	7.1372819424493157e+00	1.4531704180566912e+01	0.0000000000000000e+00	4.1839604980026389e-02	0.0000000000000000e+00	0.0000000000000000e+00	
5.4013458120008828e-01	2.0659275184131340e+00	1.9261039126771112e-04	6.0898206768441021e-01	5.2500000000000002e-01	0.0000000000000000e+00	6.2763585802562825e+07	5.8515696756301732e+03	-1.1954968776255117e+08	7.1372719138872034e+00	1.0723091100561070e-03	0.0000000000000000e+00	7.1372819424493157e+00	1.4531704180566912e+01	0.0000000000000000e+00	4.1839604980026389e-02	0.0000000000000000e+00	0.0000000000000000e+00	
5.4250359252114122e-01	2.0229409738266964e+00	-7.2194313415578126e-06	6.0649728258643587e-01	5.2500000000000002e-01	0.0000000000000000e+00	6.2795602983357348e+07	-2.2410369365968003e+02	-1.1961067235001378e+08	7.1969307718343360e+00	1.0567715705477455e-03	0.0000000000000000e+00	7.1969409061357608e+00	1.4531704180566912e+01	0.0000000000000000e+00	4.1839604980026389e-02	0.0000000000000000e+00	0.0000000000000000e+00	
5.4487260384219427e-01	2.0229409738266964e+00	-7.2194313415578126e-06	6.0649728258643587e-01	5.2500000000000002e-01	0.0000000000000000e+00	6.2795602983357348e+07	-2.2410369365968003e+02	-1.1961067235001378e+08	7.1969307718343360e+00	1.0567715705477455e-03	0.0000000000000000e+00	7.1969409061357608e+00	1.4531704180566912e+01	0.0000000000000000e+00	4.1839604980026389e-02	0.0000000000000000e+00	0.0000000000000000e+00	
5.4724161516324721e-01	1.9781794270529971e+00	-1.7762090839288966e-04	6.0222092841722719e-01	5.2500000000000002e-01	0.0000000000000000e+00	6.2828242094162613e+07	-5.6413534995248838e+03	-1.1967284256653605e+08	7.2563261066774940e+00	1.0394695894687046e-03	0.0000000000000000e+00	7.2563363716764435e+00	1.4531704180566912e+01	0.0000000000000000e+00	4.1839604980026389e-02	0.0000000000000000e+00	0.0000000000000000e+00	
5.4961062648430026e-01	1.9781794270529971e+00	-1.7762090839288966e-04	6.0222092841722719e-01	5.2500000000000002e-01	0.0000000000000000e+00	6.2828242094162613e+07	-5.6413534995248838e+03	-1.1967284256653605e+08	7.2563261066774940e+00	1.0394695894687046e-03	0.0000000000000000e+00	7.2563363716764435e+00	1.4531704180566912e+01	0.0000000000000000e+00	4.1839604980026389e-02	0.0000000000000000e+00	0.0000000000000000e+00	
5.5197963780535320e-01	1.9315171458155782e+00	-3.1816854695247801e-04	5.9624455211181682e-01	5.2500000000000002e-01	0.0000000000000000e+00	6.2861129358809784e+07	-1.0354779522000608e+04	-1.1973548611743553e+08	7.3154543460024115e+00	1.0212596008049980e-03	0.0000000000000000e+00	7.3154647644945587e+00	1.4531704180566912e+01	0.0000000000000000e+00	4.1839604980026389e-02	0.0000000000000000e+00	0.0000000000000000e+00	
5.5434864912640625e-01	1.9315171458155782e+00	-3.1816854695247801e-04	5.9624455211181682e-01	5.2500000000000002e-01	0.0000000000000000e+00	6.2861129358809784e+07	-1.0354779522000608e+04	-1.1973548611743553e+08	7.3154543460024115e+00	1.0212596008049980e-03	0.0000000000000000e+00	7.3154647644945587e+00	1.4531704180566912e+01	0.0000000000000000e+00	4.1839604980026389e-02	0.0000000000000000e+00	0.0000000000000000e+00	
5.5671766044745918e-01	1.8827731915025747e+00	-4.2981893044185881e-04	5.8866826988322074e-01	5.2500000000000002e-01	0.0000000000000000e+00	6.2893929252691567e+07	-1.4358076439947468e+04	-1.1979796360304117e+08	7.3743118957249321e+00	1.0029205894496551e-03	0.0000000000000000e+00	7.3743224863597696e+00	1.4531704180566912e+01	0.0000000000000000e+00	4.1839604980026389e-02	0.0000000000000000e+00	0.0000000000000000e+00	
5.5908667176851223e-01	1.8827731915025747e+00	-4.2981893044185881e-04	5.8866826988322074e-01	5.2500000000000002e-01	0.0000000000000000e+00	6.2893929252691567e+07	-1.4358076439947468e+04	-1.1979796360304117e+08	7.3743118957249321e+00	1.0029205894496551e-03	0.0000000000000000e+00	7.3743224863597696e+00	1.4531704180566912e+01	0.0000000000000000e+00	4.1839604980026389e-02	0.0000000000000000e+00	0.0000000000000000e+00	
5.6145568308956517e-01	1.8317267272300213e+00	-5.1471532483174679e-04	5.7960691472035841e-01	5.2500000000000002e-01	0.0000000000000000e+00	6.2926344772941805e+07	-1.7682306813996736e+04	-1.1985970906153601e+08	7.4328948307422547e+00	9.8511977040288798e-04	0.0000000000000000e+00	7.4329056064227164e+00	1.4531704180566912e+01	0.0000000000000000e+00	4.1839604980026389e-02	0.0000000000000000e+00	0.0000000000000000e+00	
5.6382469441061822e-01	1.8317267272300213e+00	-5.1471532483174679e-04	5.7960691472035841e-01	5.2500000000000002e-01	0.0000000000000000e+00	6.2926344772941805e+07	-1.7682306813996736e+04	-1.1985970906153601e+08	7.4328948307422547e+00	9.8511977040288798e-04	0.0000000000000000e+00	7.4329056064227164e+00	1.4531704180566912e+01	0.0000000000000000e+00	4.1839604980026389e-02	0.0000000000000000e+00	0.0000000000000000e+00	
5.6619370573167116e-01	1.7781672454962969e+00	-5.7597111952795621e-04	5.6918580301556188e-01	5.2500000000000002e-01	0.0000000000000000e+00	6.2958119714583680e+07	-2.0392940420665014e+04	-1.1992023431876333e+08	7.4911988309308413e+00	9.6838740225143357e-04	0.0000000000000000e+00	7.4912097977458227e+00	1.4531704180566912e+01	0.0000000000000000e+00	4.1839604980026389e-02	0.0000000000000000e+00	0.0000000000000000e+00	
5.6856271705272421e-01	1.7781672454962969e+00	-5.7597111952795621e-04	5.6918580301556188e-01	5.2500000000000002e-01	0.0000000000000000e+00	6.2958119714583680e+07	-2.0392940420665014e+04	-1.1992023431876333e+08	7.4911988309308413e+00	9.6838740225143357e-04	0.0000000000000000e+00	7.4912097977458227e+00	1.4531704180566912e+01	0.0000000000000000e+00	4.1839604980026389e-02	0.0000000000000000e+00	0.0000000000000000e+00	
5.7093172837377715e-01	1.7219203214264849e+00	-6.1724846902153096e-04	5.5754505443105462e-01	5.2500000000000002e-01	0.0000000000000000e+00	6.2989030442014202e+07	-2.2579373808234450e+04	-1.1997911331233078e+08	7.5492191523552181e+00	9.5309670144717710e-04	0.0000000000000000e+00	7.5492303090937609e+00	1.4531704180566912e+01	0.0000000000000000e+00	4.1839604980026389e-02	0.0000000000000000e+00	0.0000000000000000e+00	
5.7330073969483020e-01	1.7219203214264849e+00	-6.1724846902153096e-04	5.5754505443105462e-01	5.2500000000000002e-01	0.0000000000000000e+00	6.2989030442014202e+07	-2.2579373808234450e+04	-1.1997911331233078e+08	7.5492191523552181e+00	9.5309670144717710e-04	0.0000000000000000e+00	7.5492303090937609e+00	1.4531704180566912e+01	0.0000000000000000e+00	4.1839604980026389e-02	0.0000000000000000e+00	0.0000000000000000e+00	
5.7566975101588314e-01	1.6628916053365868e+00	-6.4246449302201507e-04	5.4483649692670566e-01	5.2500000000000002e-01	0.0000000000000000e+00	6.3018886585170381e+07	-2.4347586391572648e+04	-1.2003598340678377e+08	7.6069508402216313e+00	9.3945738082817888e-04	0.0000000000000000e+00	7.6069621784917674e+00	1.4531704180566912e+01	0.0000000000000000e+00	4.1839604980026389e-02	0.0000000000000000e+00	0.0000000000000000e+00	
5.7803876233693618e-01	1.6628916053365868e+00	-6.4246449302201507e-04	5.4483649692670566e-01	5.2500000000000002e-01	0.0000000000000000e+00	6.3018886585170381e+07	-2.4347586391572648e+04	-1.2003598340678377e+08	7.6069508402216313e+00	9.3945738082817888e-04	0.0000000000000000e+00	7.6069621784917674e+00	1.4531704180566912e+01	0.0000000000000000e+00	4.1839604980026389e-02	0.0000000000000000e+00	0.0000000000000000e+00	
5.8040777365798912e-01	1.6010917571253218e+00	-6.5529917133638901e-04	5.3122525321320024e-01	5.2500000000000002e-01	0.0000000000000000e+00	6.3047517330527082e+07	-2.5804258673900156e+04	-1.2009051925932440e+08	7.6643889814373951e+00	9.2751846121866255e-04	0.0000000000000000e+00	7.6644004863184811e+00	1.4531704180566912e+01	0.0000000000000000e+00	4.1839604980026389e-02	0.0000000000000000e+00	0.0000000000000000e+00	
5.8277678497904217e-01	1.6010917571253218e+00	-6.5529917133638901e-04	5.3122525321320024e-01	5.2500000000000002e-01	0.0000000000000000e+00	6.3047517330527082e+07	-2.5804258673900156e+04	-1.2009051925932440e+08	7.6643889814373951e+00	9.2751846121866255e-04	0.0000000000000000e+00	7.6644004863184811e+00	1.4531704180566912e+01	0.0000000000000000e+00	4.1839604980026389e-02	0.0000000000000000e+00	0.0000000000000000e+00	
5.8514579630009511e-01	1.5366618275088020e+00	-6.5900712148784688e-04	5.1688750086451474e-01	5.2500000000000002e-01	0.0000000000000000e+00	6.3074774246189475e+07	-2.7050014954730861e+04	-1.2014243818376002e+08	7.7215291458248752e+00	9.1718496618300115e-04	0.0000000000000000e+00	7.7215407969643310e+00	1.4531704180566912e+01	0.0000000000000000e+00	4.1839604980026389e-02	0.0000000000000000e+00	0.0000000000000000e+00	
5.8751480762114816e-01	1.5366618275088020e+00	-6.5900712148784688e-04	5.1688750086451474e-01	5.2500000000000002e-01	0.0000000000000000e+00	6.3074774246189475e+07	-2.7050014954730861e+04	-1.2014243818376002e+08	7.7215291458248752e+00	9.1718496618300115e-04	0.0000000000000000e+00	7.7215407969643310e+00	1.4531704180566912e+01	0.0000000000000000e+00	4.1839604980026389e-02	0.0000000000000000e+00	0.0000000000000000e+00	
5.8988381894220110e-01	1.4698882297763243e+00	-6.5606468242182081e-04	5.0200888646712205e-01	5.2500000000000002e-01	0.0000000000000000e+00	6.3100515045802742e+07	-2.8164059365573372e+04	-1.2019146920214371e+08	7.7783678323895247e+00	9.0824285054065708e-04	0.0000000000000000e+00	7.7783796053991088e+00	1.4531704180566912e+01	0.0000000000000000e+00	4.1839604980026389e-02	0.0000000000000000e+00	0.0000000000000000e+00	
5.9225283026325415e-01	1.4698882297763243e+00	-6.5606468242182081e-04	5.0200888646712205e-01	5.2500000000000002e-01	0.0000000000000000e+00	6.3100515045802742e+07	-2.8164059365573372e+04	-1.2019146920214371e+08	7.7783678323895247e+00	9.0824285054065708e-04	0.0000000000000000e+00	7.7783796053991088e+00	1.4531704180566912e+01	0.0000000000000000e+00	4.1839604980026389e-02	0.0000000000000000e+00	0.0000000000000000e+00	
5.9462184158430709e-01	1.4012017031858597e+00	-6.4824821427468928e-04	4.8678333062318380e-01	5.2500000000000002e-01	0.0000000000000000e+00	6.3124611164298646e+07	-2.9203801544775051e+04	-1.2023736746606222e+08	7.8349030126865529e+00	9.0039252401605512e-04	0.0000000000000000e+00	7.8349148807093201e+00	1.4531704180566912e+01	0.0000000000000000e+00	4.1839604980026389e-02	0.0000000000000000e+00	0.0000000000000000e+00	
5.9699085290536014e-01	1.4012017031858597e+00	-6.4824821427468928e-04	4.8678333062318380e-01	5.2500000000000002e-01	0.0000000000000000e+00	6.3124611164298646e+07	-2.9203801544775051e+04	-1.2023736746606222e+08	7.8349030126865529e+00	9.0039252401605512e-04	0.0000000000000000e+00	7.8349148807093201e+00	1.4531704180566912e+01	0.0000000000000000e+00	4.1839604980026389e-02	0.0000000000000000e+00	0.0000000000000000e+00	
5.9935986422641307e-01	1.3311790338411011e+00	-6.3652626517207473e-04	4.7140828669991469e-01	5.2500000000000002e-01	0.0000000000000000e+00	6.3146930384811357e+07	-3.0194796291933581e+04	-1.2027988115027206e+08	7.8911346237130164e+00	8.9328493507350674e-04	0.0000000000000000e+00	7.8911465590192069e+00	1.4531704180566912e+01	0.0000000000000000e+00	4.1839604980026389e-02	0.0000000000000000e+00	0.0000000000000000e+00	
6.0172887554746612e-01	1.3311790338411011e+00	-6.3652626517207473e-04	4.7140828669991469e-01	5.2500000000000002e-01	0.0000000000000000e+00	6.3146930384811357e+07	-3.0194796291933581e+04	-1.2027988115027206e+08	7.8911346237130164e+00	8.9328493507350674e-04	0.0000000000000000e+00	7.8911465590192069e+00	1.4531704180566912e+01	0.0000000000000000e+00	4.1839604980026389e-02	0.0000000000000000e+00	0.0000000000000000e+00	
6.0409788686851906e-01	1.2605142852568008e+00	-6.2139751529347324e-04	4.5608513030264058e-01	5.2500000000000002e-01	0.0000000000000000e+00	6.3167350841755636e+07	-3.1139698549898800e+04	-1.2031877812808733e+08	7.9470650520344854e+00	8.8655774570059638e-04	0.0000000000000000e+00	7.9470770275464373e+00	1.4531704180566912e+01	0.0000000000000000e+00	4.1839604980026389e-02	0.0000000000000000e+00	0.0000000000000000e+00	
6.0646689818957211e-01	1.2605142852568008e+00	-6.2139751529347324e-04	4.5608513030264058e-01	5.2500000000000002e-01	0.0000000000000000e+00	6.3167350841755636e+07	-3.1139698549898800e+04	-1.2031877812808733e+08	7.9470650520344854e+00	8.8655774570059638e-04	0.0000000000000000e+00	7.9470770275464373e+00	1.4531704180566912e+01	0.0000000000000000e+00	4.1839604980026389e-02	0.0000000000000000e+00	0.0000000000000000e+00	
6.0883590951062505e-01	1.1900099928147003e+00	-6.0294161636966024e-04	4.4101163669270171e-01	5.2500000000000002e-01	0.0000000000000000e+00	6.3185743387783535e+07	-3.2014280955438335e+04	-1.2035381237735395e+08	8.0026995158233891e+00	8.7986736776744920e-04	0.0000000000000000e+00	8.0027115064739807e+00	1.4531704180566912e+01	0.0000000000000000e+00	4.1839604980026389e-02	0.0000000000000000e+00	0.0000000000000000e+00	
6.1120492083167810e-01	1.1900099928147003e+00	-6.0294161636966024e-04	4.4101163669270171e-01	5.2500000000000002e-01	0.0000000000000000e+00	6.3185743387783535e+07	-3.2014280955438335e+04	-1.2035381237735395e+08	8.0026995158233891e+00	8.7986736776744920e-04	0.0000000000000000e+00	8.0027115064739807e+00	1.4531704180566912e+01	0.0000000000000000e+00	4.1839604980026389e-02	0.0000000000000000e+00	0.0000000000000000e+00	
6.1357393215273104e-01	1.1205252205125253e+00	-5.8124283077047362e-04	4.2638472745957928e-01	5.2500000000000002e-01	0.0000000000000000e+00	6.3201993067652524e+07	-3.2784362804592020e+04	-1.2038476489650024e+08	8.0580463432035341e+00	8.7291339329488343e-04	0.0000000000000000e+00	8.0580583270755781e+00	1.4531704180566912e+01	0.0000000000000000e+00	4.1839604980026389e-02	0.0000000000000000e+00	0.0000000000000000e+00	
6.1594294347378409e-01	1.1205252205125253e+00	-5.8124283077047362e-04	4.2638472745957928e-01	5.2500000000000002e-01	0.0000000000000000e+00	6.3201993067652524e+07	-3.2784362804592020e+04	-1.2038476489650024e+08	8.0580463432035341e+00	8.7291339329488343e-04	0.0000000000000000e+00	8.0580583270755781e+00	1.4531704180566912e+01	0.0000000000000000e+00	4.1839604980026389e-02	0.0000000000000000e+00	0.0000000000000000e+00	
6.1831195479483703e-01	1.0529640098213966e+00	-5.5640658450163000e-04	4.1239075635734063e-01	5.2500000000000002e-01	0.0000000000000000e+00	6.3215980759598568e+07	-3.3404549075077201e+04	-1.2041140873410176e+08	8.1131171239723638e+00	8.6545506367422854e-04	0.0000000000000000e+00	8.1131290831641323e+00	1.4531704180566912e+01	0.0000000000000000e+00	4.1839604980026389e-02	0.0000000000000000e+00	0.0000000000000000e+00	
6.2068096611589008e-01	1.0529640098213966e+00	-5.5640658450163000e-04	4.1239075635734063e-01	5.2500000000000002e-01	0.0000000000000000e+00	6.3215980759598568e+07	-3.3404549075077201e+04	-1.2041140873410176e+08	8.1131171239723638e+00	8.6545506367422854e-04	0.0000000000000000e+00	8.1131290831641323e+00	1.4531704180566912e+01	0.0000000000000000e+00	4.1839604980026389e-02	0.0000000000000000e+00	0.0000000000000000e+00	
6.2304997743694301e-01	9.8820949303294325e-01	-5.2886800994423916e-04	3.9921131324180198e-01	5.2500000000000002e-01	0.0000000000000000e+00	6.3227611364026979e+07	-3.3838028506477720e+04	-1.2043356270230678e+08	8.1679266972106053e+00	8.5731663048502042e-04	0.0000000000000000e+00	8.1679386184055502e+00	1.4531704180566912e+01	0.0000000000000000e+00	4.1839604980026389e-02	0.0000000000000000e+00	0.0000000000000000e+00	
6.2541898875799606e-01	9.8820949303294325e-01	-5.2886800994423916e-04	3.9921131324180198e-01	5.2500000000000002e-01	0.0000000000000000e+00	6.3227611364026979e+07	-3.3838028506477720e+04	-1.2043356270230678e+08	8.1679266972106053e+00	8.5731663048502042e-04	0.0000000000000000e+00	8.1679386184055502e+00	1.4531704180566912e+01	0.0000000000000000e+00	4.1839604980026389e-02	0.0000000000000000e+00	0.0000000000000000e+00	
6.2778800007904900e-01	9.2711981074498073e-01	-4.9924134703540853e-04	3.8701176484921779e-01	5.2500000000000002e-01	0.0000000000000000e+00	6.3236792808781311e+07	-3.4052148663166619e+04	-1.2045105138493137e+08	8.2224930308403970e+00	8.4838608660174836e-04	0.0000000000000000e+00	8.2225049055499149e+00	1.4531704180566912e+01	0.0000000000000000e+00	4.1839604980026389e-02	0.0000000000000000e+00	0.0000000000000000e+00	
6.3015701140010205e-01	9.2711981074498073e-01	-4.9924134703540853e-04	3.8701176484921779e-01	5.2500000000000002e-01	0.0000000000000000e+00	6.3236792808781311e+07	-3.4052148663166619e+04	-1.2045105138493137e+08	8.2224930308403970e+00	8.4838608660174836e-04	0.0000000000000000e+00	8.2225049055499149e+00	1.4531704180566912e+01	0.0000000000000000e+00	4.1839604980026389e-02	0.0000000000000000e+00	0.0000000000000000e+00	
6.3252602272115499e-01	8.7045799166843740e-01	-4.6845319013555511e-04	3.7595035545685973e-01	5.2500000000000002e-01	0.0000000000000000e+00	6.3243469386862069e+07	-3.4035651660489006e+04	-1.2046376865775529e+08	8.2768369175891259e+00	8.3860403586167502e-04	0.0000000000000000e+00	8.2768487420702126e+00	1.4531704180566912e+01	0.0000000000000000e+00	4.1839604980026389e-02	0.0000000000000000e+00	0.0000000000000000e+00	
6.3489503404220804e-01	8.7045799166843740e-01	-4.6845319013555511e-04	3.7595035545685973e-01	5.2500000000000002e-01	0.0000000000000000e+00	6.3243469386862069e+07	-3.4035651660489006e+04	-1.2046376865775529e+08	8.2768369175891259e+00	8.3860403586167502e-04	0.0000000000000000e+00	8.2768487420702126e+00	1.4531704180566912e+01	0.0000000000000000e+00	4.1839604980026389e-02	0.0000000000000000e+00	0.0000000000000000e+00	
6.3726404536326098e-01	8.1890311901525881e-01	-4.3746556252944501e-04	3.6616505598089188e-01	5.2500000000000002e-01	0.0000000000000000e+00	6.3247596416791052e+07	-3.3787446527714746e+04	-1.2047162941251890e+08	8.3309816177133325e+00	8.2795114128249281e-04	0.0000000000000000e+00	8.3309933925608046e+00	1.4531704180566912e+01	0.0000000000000000e+00	4.1839604980026389e-02	0.0000000000000000e+00	0.0000000000000000e+00	
6.3963305668431403e-01	8.1890311901525881e-01	-4.3746556252944501e-04	3.6616505598089188e-01	5.2500000000000002e-01	0.0000000000000000e+00	6.3247596416791052e+07	-3.3787446527714746e+04	-1.2047162941251890e+08	8.3309816177133325e+00	8.2795114128249281e-04	0.0000000000000000e+00	8.3309933925608046e+00	1.4531704180566912e+01	0.0000000000000000e+00	4.1839604980026389e-02	0.0000000000000000e+00	0.0000000000000000e+00	
6.4200206800536697e-01	7.7298236654175934e-01	-4.0732773014533452e-04	3.5778564213534508e-01	5.2500000000000002e-01	0.0000000000000000e+00	6.3249177518296793e+07	-3.3329536386902386e+04	-1.2047464057123144e+08	8.3849523264467134e+00	8.1642925356518764e-04	0.0000000000000000e+00	8.3849640559032572e+00	1.4531704180566912e+01	0.0000000000000000e+00	4.1839604980026389e-02	0.0000000000000000e+00	0.0000000000000000e+00	
6.4437107932642002e-01	7.7298236654175934e-01	-4.0732773014533452e-04	3.5778564213534508e-01	5.2500000000000002e-01	0.0000000000000000e+00	6.3249177518296793e+07	-3.3329536386902386e+04	-1.2047464057123144e+08	8.3849523264467134e+00	8.1642925356518764e-04	0.0000000000000000e+00	8.3849640559032572e+00	1.4531704180566912e+01	0.0000000000000000e+00	4.1839604980026389e-02	0.0000000000000000e+00	0.0000000000000000e+00	
6.4674009064747295e-01	7.3310090523625460e-01	-3.7889816936173125e-04	3.5091866941184563e-01	5.2500000000000002e-01	0.0000000000000000e+00	6.3248233924900778e+07	-3.2689415438362430e+04	-1.2047284261438128e+08	8.4387756614244083e+00	8.0404725578621416e-04	0.0000000000000000e+00	8.4387873524593449e+00	1.4531704180566912e+01	0.0000000000000000e+00	4.1839604980026389e-02	0.0000000000000000e+00	0.0000000000000000e+00	
6.4910910196852600e-01	7.3310090523625460e-01	-3.7889816936173125e-04	3.5091866941184563e-01	5.2500000000000002e-01	0.0000000000000000e+00	6.3248233924900778e+07	-3.2689415438362430e+04	-1.2047284261438128e+08	8.4387756614244083e+00	8.0404725578621416e-04	0.0000000000000000e+00	8.4387873524593449e+00	1.4531704180566912e+01	0.0000000000000000e+00	4.1839604980026389e-02	0.0000000000000000e+00	0.0000000000000000e+00	
6.5147811328957894e-01	6.9947974839869476e-01	-3.5292078277346058e-04	3.4566200431891803e-01	5.2500000000000002e-01	0.0000000000000000e+00	6.3244844535220407e+07	-3.1910030405960300e+04	-1.2046638587673044e+08	8.4924789969209549e+00	7.9080382012151115e-04	0.0000000000000000e+00	8.4924906581730149e+00	1.4531704180566912e+01	0.0000000000000000e+00	4.1839604980026389e-02	0.0000000000000000e+00	0.0000000000000000e+00	
6.5384712461063199e-01	6.9947974839869476e-01	-3.5292078277346058e-04	3.4566200431891803e-01	5.2500000000000002e-01	0.0000000000000000e+00	6.3244844535220407e+07	-3.1910030405960300e+04	-1.2046638587673044e+08	8.4924789969209549e+00	7.9080382012151115e-04	0.0000000000000000e+00	8.4924906581730149e+00	1.4531704180566912e+01	0.0000000000000000e+00	4.1839604980026389e-02	0.0000000000000000e+00	0.0000000000000000e+00	
6.5621613593168493e-01	6.7220519912440824e-01	-3.2981958050093413e-04	3.4208796933035113e-01	5.2500000000000002e-01	0.0000000000000000e+00	6.3239109440400839e+07	-3.1028466566539460e+04	-1.2045546105239505e+08	8.5460898969786321e+00	7.7667986502775153e-04	0.0000000000000000e+00	8.5461015376572664e+00	1.4531704180566912e+01	0.0000000000000000e+00	4.1839604980026389e-02	0.0000000000000000e+00	0.0000000000000000e+00	
6.5858514725273798e-01	6.7220519912440824e-01	-3.2981958050093413e-04	3.4208796933035113e-01	5.2500000000000002e-01	0.0000000000000000e+00	6.3239109440400839e+07	-3.1028466566539460e+04	-1.2045546105239505e+08	8.5460898969786321e+00	7.7667986502775153e-04	0.0000000000000000e+00	8.5461015376572664e+00	1.4531704180566912e+01	0.0000000000000000e+00	4.1839604980026389e-02	0.0000000000000000e+00	0.0000000000000000e+00	
6.6095415857379092e-01	6.5117432624683524e-01	-3.0983135083594032e-04	3.4025993522985265e-01	5.2500000000000002e-01	0.0000000000000000e+00	6.3231191491178080e+07	-3.0085654002353160e+04	-1.2044037837831423e+08	8.5996354219333835e+00	7.6162937340023553e-04	0.0000000000000000e+00	8.5996470507954843e+00	1.4531704180566912e+01	0.0000000000000000e+00	4.1839604980026389e-02	0.0000000000000000e+00	0.0000000000000000e+00	
6.6332316989484397e-01	6.5117432624683524e-01	-3.0983135083594032e-04	3.4025993522985265e-01	5.2500000000000002e-01	0.0000000000000000e+00	6.3231191491178080e+07	-3.0085654002353160e+04	-1.2044037837831423e+08	8.5996354219333835e+00	7.6162937340023553e-04	0.0000000000000000e+00	8.5996470507954843e+00	1.4531704180566912e+01	0.0000000000000000e+00	4.1839604980026389e-02	0.0000000000000000e+00	0.0000000000000000e+00	
6.6569218121589691e-01	6.3616212663140881e-01	-2.9287085782374214e-04	3.4021396128697090e-01	5.2500000000000002e-01	0.0000000000000000e+00	6.3221273931620963e+07	-2.9105267280068099e+04	-1.2042148691664216e+08	8.6531416084646509e+00	7.4558242596894182e-04	0.0000000000000000e+00	8.6531532329575835e+00	1.4531704180566912e+01	0.0000000000000000e+00	4.1839604980026389e-02	0.0000000000000000e+00	0.0000000000000000e+00	
6.6806119253694995e-01	6.3616212663140881e-01	-2.9287085782374214e-04	3.4021396128697090e-01	5.2500000000000002e-01	0.0000000000000000e+00	6.3221273931620963e+07	-2.9105267280068099e+04	-1.2042148691664216e+08	8.6531416084646509e+00	7.4558242596894182e-04	0.0000000000000000e+00	8.6531532329575835e+00	1.4531704180566912e+01	0.0000000000000000e+00	4.1839604980026389e-02	0.0000000000000000e+00	0.0000000000000000e+00	
6.7043020385800289e-01	6.2677479571857320e-01	-2.7869653982382132e-04	3.4197703725216116e-01	5.2500000000000002e-01	0.0000000000000000e+00	6.3209601506539598e+07	-2.8106262957365430e+04	-1.2039925286721802e+08	8.7066328465841512e+00	7.2844539322141104e-04	0.0000000000000000e+00	8.7066444722384002e+00	1.4531704180566912e+01	0.0000000000000000e+00	4.1839604980026389e-02	0.0000000000000000e+00	0.0000000000000000e+00	
6.7279921517905594e-01	6.2677479571857320e-01	-2.7869653982382132e-04	3.4197703725216116e-01	5.2500000000000002e-01	0.0000000000000000e+00	6.3209601506539598e+07	-2.8106262957365430e+04	-1.2039925286721802e+08	8.7066328465841512e+00	7.2844539322141104e-04	0.0000000000000000e+00	8.7066444722384002e+00	1.4531704180566912e+01	0.0000000000000000e+00	4.1839604980026389e-02	0.0000000000000000e+00	0.0000000000000000e+00	
6.7516822650010888e-01	6.2253087224322157e-01	-2.6681005001365996e-04	3.4554777110103485e-01	5.2500000000000002e-01	0.0000000000000000e+00	6.3196432122158013e+07	-2.7085312499345684e+04	-1.2037416747884734e+08	8.7601314928686751e+00	7.1011305798854307e-04	0.0000000000000000e+00	8.7601431229768867e+00	1.4531704180566912e+01	0.0000000000000000e+00	4.1839604980026389e-02	0.0000000000000000e+00	0.0000000000000000e+00	
6.7753723782116193e-01	6.2253087224322157e-01	-2.6681005001365996e-04	3.4554777110103485e-01	5.2500000000000002e-01	0.0000000000000000e+00	6.3196432122158013e+07	-2.7085312499345684e+04	-1.2037416747884734e+08	8.7601314928686751e+00	7.1011305798854307e-04	0.0000000000000000e+00	8.7601431229768867e+00	1.4531704180566912e+01	0.0000000000000000e+00	4.1839604980026389e-02	0.0000000000000000e+00	0.0000000000000000e+00	
6.7990624914221487e-01	6.2282150409959158e-01	-2.5662429737859918e-04	3.5091597994926532e-01	5.2500000000000002e-01	0.0000000000000000e+00	6.3182075336440079e+07	-2.6033230361202972e+04	-1.2034682038046037e+08	8.8136573967841585e+00	6.9047467644918210e-04	0.0000000000000000e+00	8.8136690323808686e+00	1.4531704180566912e+01	0.0000000000000000e+00	4.1839604980026389e-02	0.0000000000000000e+00	0.0000000000000000e+00	
6.8227526046326792e-01	6.2282150409959158e-01	-2.5662429737859918e-04	3.5091597994926532e-01	5.2500000000000002e-01	0.0000000000000000e+00	6.3182075336440079e+07	-2.6033230361202972e+04	-1.2034682038046037e+08	8.8136573967841585e+00	6.9047467644918210e-04	0.0000000000000000e+00	8.8136690323808686e+00	1.4531704180566912e+01	0.0000000000000000e+00	4.1839604980026389e-02	0.0000000000000000e+00	0.0000000000000000e+00	
6.8464427178432086e-01	6.2699999025259134e-01	-2.4737352077484290e-04	3.5804325620485322e-01	5.2500000000000002e-01	0.0000000000000000e+00	6.3166839126517765e+07	-2.4921536896116813e+04	-1.2031779817662558e+08	8.8672277085333100e+00	6.6943022513246404e-04	0.0000000000000000e+00	8.8672393486429595e+00	1.4531704180566912e+01	0.0000000000000000e+00	4.1839604980026389e-02	0.0000000000000000e+00	0.0000000000000000e+00	
6.8701328310537391e-01	6.2699999025259134e-01	-2.4737352077484290e-04	3.5804325620485322e-01	5.2500000000000002e-01	0.0000000000000000e+00	6.3166839126517765e+07	-2.4921536896116813e+04	-1.2031779817662558e+08	8.8672277085333100e+00	6.6943022513246404e-04	0.0000000000000000e+00	8.8672393486429595e+00	1.4531704180566912e+01	0.0000000000000000e+00	4.1839604980026389e-02	0.0000000000000000e+00	0.0000000000000000e+00	
6.8938229442642684e-01	6.3434653509889771e-01	-2.3827419946750630e-04	3.6688345506667575e-01	5.2500000000000002e-01	0.0000000000000000e+00	6.3151064640584186e+07	-2.3720897869190791e+04	-1.2028775065833086e+08	8.9208566033337569e+00	6.4689719731011379e-04	0.0000000000000000e+00	8.9208682454398875e+00	1.4531704180566912e+01	0.0000000000000000e+00	4.1839604980026389e-02	0.0000000000000000e+00	0.0000000000000000e+00	
6.9175130574747989e-01	6.3434653509889771e-01	-2.3827419946750630e-04	3.6688345506667575e-01	5.2500000000000002e-01	0.0000000000000000e+00	6.3151064640584186e+07	-2.3720897869190791e+04	-1.2028775065833086e+08	8.9208566033337569e+00	6.4689719731011379e-04	0.0000000000000000e+00	8.9208682454398875e+00	1.4531704180566912e+01	0.0000000000000000e+00	4.1839604980026389e-02	0.0000000000000000e+00	0.0000000000000000e+00	
6.9412031706853283e-01	6.4415861973402067e-01	-2.2844550616149699e-04	3.7736383304189469e-01	5.2500000000000002e-01	0.0000000000000000e+00	6.3135071040806428e+07	-2.2390328746069499e+04	-1.2025728573538743e+08	8.9745553082967842e+00	6.2282600785657188e-04	0.0000000000000000e+00	8.9745669489547453e+00	1.4531704180566912e+01	0.0000000000000000e+00	4.1839604980026389e-02	0.0000000000000000e+00	0.0000000000000000e+00	
6.9648932838958588e-01	6.4415861973402067e-01	-2.2844550616149699e-04	3.7736383304189469e-01	5.2500000000000002e-01	0.0000000000000000e+00	6.3135071040806428e+07	-2.2390328746069499e+04	-1.2025728573538743e+08	8.9745553082967842e+00	6.2282600785657188e-04	0.0000000000000000e+00	8.9745669489547453e+00	1.4531704180566912e+01	0.0000000000000000e+00	4.1839604980026389e-02	0.0000000000000000e+00	0.0000000000000000e+00	
6.9885833971063882e-01	6.5571695687118126e-01	-2.1706864234029101e-04	3.8940565552376477e-01	5.2500000000000002e-01	0.0000000000000000e+00	6.3119186985772856e+07	-2.0894985376009274e+04	-1.2022702941773778e+08	9.0283320326032026e+00	5.9720350181235353e-04	0.0000000000000000e+00	9.0283436681248350e+00	1.4531704180566912e+01	0.0000000000000000e+00	4.1839604980026389e-02	0.0000000000000000e+00	0.0000000000000000e+00	
7.0122735103169187e-01	6.5571695687118126e-01	-2.1706864234029101e-04	3.8940565552376477e-01	5.2500000000000002e-01	0.0000000000000000e+00	6.3119186985772856e+07	-2.0894985376009274e+04	-1.2022702941773778e+08	9.0283320326032026e+00	5.9720350181235353e-04	0.0000000000000000e+00	9.0283436681248350e+00	1.4531704180566912e+01	0.0000000000000000e+00	4.1839604980026389e-02	0.0000000000000000e+00	0.0000000000000000e+00	
7.0359636235274481e-01	6.6836903584969631e-01	-2.0332685915957699e-04	4.0290650484458940e-01	5.2500000000000002e-01	0.0000000000000000e+00	6.3103698322390810e+07	-1.9196994613811716e+04	-1.2019752617596732e+08	9.0821921954915759e+00	5.7006405684174118e-04	0.0000000000000000e+00	9.0822038226166253e+00	1.4531704180566912e+01	0.0000000000000000e+00	4.1839604980026389e-02	0.0000000000000000e+00	0.0000000000000000e+00	
7.0596537367379786e-01	6.6836903584969631e-01	-2.0332685915957699e-04	4.0290650484458940e-01	5.2500000000000002e-01	0.0000000000000000e+00	6.3103698322390810e+07	-1.9196994613811716e+04	-1.2019752617596732e+08	9.0821921954915759e+00	5.7006405684174118e-04	0.0000000000000000e+00	9.0822038226166253e+00	1.4531704180566912e+01	0.0000000000000000e+00	4.1839604980026389e-02	0.0000000000000000e+00	0.0000000000000000e+00	
7.0833438499485080e-01	6.8149427383773087e-01	-1.8656340526241962e-04	4.1776010676007980e-01	5.2500000000000002e-01	0.0000000000000000e+00	6.3088877643650629e+07	-1.7270982749572093e+04	-1.2016929525270750e+08	9.1361385318868038e+00	5.4148735745290126e-04	0.0000000000000000e+00	9.1361501483836758e+00	1.4531704180566912e+01	0.0000000000000000e+00	4.1839604980026389e-02	0.0000000000000000e+00	0.0000000000000000e+00	
7.1070339631590385e-01	6.8149427383773087e-01	-1.8656340526241962e-04	4.1776010676007980e-01	5.2500000000000002e-01	0.0000000000000000e+00	6.3088877643650629e+07	-1.7270982749572093e+04	-1.2016929525270750e+08	9.1361385318868038e+00	5.4148735745290126e-04	0.0000000000000000e+00	9.1361501483836758e+00	1.4531704180566912e+01	0.0000000000000000e+00	4.1839604980026389e-02	0.0000000000000000e+00	0.0000000000000000e+00	
7.1307240763695678e-01	6.9457508000558121e-01	-1.6624068325653545e-04	4.3384041599089007e-01	5.2500000000000002e-01	0.0000000000000000e+00	6.3074939828764580e+07	-1.5096454501958846e+04	-1.2014274597213151e+08	9.1901714724119188e+00	5.1160322265106156e-04	0.0000000000000000e+00	9.1901830775429865e+00	1.4531704180566912e+01	0.0000000000000000e+00	4.1839604980026389e-02	0.0000000000000000e+00	0.0000000000000000e+00	
7.1544141895800983e-01	6.9457508000558121e-01	-1.6624068325653545e-04	4.3384041599089007e-01	5.2500000000000002e-01	0.0000000000000000e+00	6.3074939828764580e+07	-1.5096454501958846e+04	-1.2014274597213151e+08	9.1901714724119188e+00	5.1160322265106156e-04	0.0000000000000000e+00	9.1901830775429865e+00	1.4531704180566912e+01	0.0000000000000000e+00	4.1839604980026389e-02	0.0000000000000000e+00	0.0000000000000000e+00	
7.1781043027906277e-01	7.0716127067478785e-01	-1.4207731267670704e-04	4.5101973910364790e-01	5.2500000000000002e-01	0.0000000000000000e+00	6.3062070247574881e+07	-1.2669938024258203e+04	-1.2011823146732819e+08	9.2442893722082697e+00	4.8058278566141214e-04	0.0000000000000000e+00	9.2443009670399174e+00	1.4531704180566912e+01	0.0000000000000000e+00	4.1839604980026389e-02	0.0000000000000000e+00	0.0000000000000000e+00	
7.2017944160011582e-01	7.0716127067478785e-01	-1.4207731267670704e-04	4.5101973910364790e-01	5.2500000000000002e-01	0.0000000000000000e+00	6.3062070247574881e+07	-1.2669938024258203e+04	-1.2011823146732819e+08	9.2442893722082697e+00	4.8058278566141214e-04	0.0000000000000000e+00	9.2443009670399174e+00	1.4531704180566912e+01	0.0000000000000000e+00	4.1839604980026389e-02	0.0000000000000000e+00	0.0000000000000000e+00	
7.2254845292116876e-01	7.1892474770711601e-01	-1.1400935549061039e-04	4.6915511094468260e-01	5.2500000000000002e-01	0.0000000000000000e+00	6.3050391691318035e+07	-9.9987301078224082e+03	-1.2009598568406308e+08	9.2984889797318857e+00	4.4863689046592851e-04	0.0000000000000000e+00	9.2985005672549583e+00	1.4531704180566912e+01	0.0000000000000000e+00	4.1839604980026389e-02	0.0000000000000000e+00	0.0000000000000000e+00	
7.2491746424222181e-01	7.1892474770711601e-01	-1.1400935549061039e-04	4.6915511094468260e-01	5.2500000000000002e-01	0.0000000000000000e+00	6.3050391691318035e+07	-9.9987301078224082e+03	-1.2009598568406308e+08	9.2984889797318857e+00	4.4863689046592851e-04	0.0000000000000000e+00	9.2985005672549583e+00	1.4531704180566912e+01	0.0000000000000000e+00	4.1839604980026389e-02	0.0000000000000000e+00	0.0000000000000000e+00	
7.2728647556327475e-01	7.2962418360237336e-01	-8.2270208698104124e-05	4.8810372823983866e-01	5.2500000000000002e-01	0.0000000000000000e+00	6.3039989946954258e+07	-7.1081979542617601e+03	-1.2007617209086414e+08	9.3527657280211596e+00	4.1600203680237338e-04	0.0000000000000000e+00	9.3527773131060403e+00	1.4531704180566912e+01	0.0000000000000000e+00	4.1839604980026389e-02	0.0000000000000000e+00	0.0000000000000000e+00	
7.2965548688432780e-01	7.2962418360237336e-01	-8.2270208698104124e-05	4.8810372823983866e-01	5.2500000000000002e-01	0.0000000000000000e+00	6.3039989946954258e+07	-7.1081979542617601e+03	-1.2007617209086414e+08	9.3527657280211596e+00	4.1600203680237338e-04	0.0000000000000000e+00	9.3527773131060403e+00	1.4531704180566912e+01	0.0000000000000000e+00	4.1839604980026389e-02	0.0000000000000000e+00	0.0000000000000000e+00	
7.3202449820538074e-01	7.3914030793686714e-01	-4.7333844785825524e-05	5.0771201631793073e-01	5.2500000000000002e-01	0.0000000000000000e+00	6.3030893595298454e+07	-4.0364386871004817e+03	-1.2005884518960629e+08	9.4071142237251841e+00	3.8293459824132825e-04	0.0000000000000000e+00	9.4071258129023363e+00	1.4531704180566912e+01	0.0000000000000000e+00	4.1839604980026389e-02	0.0000000000000000e+00	0.0000000000000000e+00	
7.3439350952643379e-01	7.3914030793686714e-01	-4.7333844785825524e-05	5.0771201631793073e-01	5.2500000000000002e-01	0.0000000000000000e+00	6.3030893595298454e+07	-4.0364386871004817e+03	-1.2005884518960629e+08	9.4071142237251841e+00	3.8293459824132825e-04	0.0000000000000000e+00	9.4071258129023363e+00	1.4531704180566912e+01	0.0000000000000000e+00	4.1839604980026389e-02	0.0000000000000000e+00	0.0000000000000000e+00	
7.3676252084748672e-01	7.4744234989796143e-01	-9.9097542534797124e-06	5.2782754114971642e-01	5.2500000000000002e-01	0.0000000000000000e+00	6.3023094127915457e+07	-8.3557397461734320e+02	-1.2004398882562776e+08	9.4615285370736188e+00	3.4969519869427942e-04	0.0000000000000000e+00	9.4615401382011122e+00	1.4531704180566912e+01	0.0000000000000000e+00	4.1839604980026389e-02	0.0000000000000000e+00	0.0000000000000000e+00	
7.3913153216853977e-01	7.4744234989796143e-01	-9.9097542534797124e-06	5.2782754114971642e-01	5.2500000000000002e-01	0.0000000000000000e+00	6.3023094127915457e+07	-8.3557397461734320e+02	-1.2004398882562776e+08	9.4615285370736188e+00	3.4969519869427942e-04	0.0000000000000000e+00	9.4615401382011122e+00	1.4531704180566912e+01	0.0000000000000000e+00	4.1839604980026389e-02	0.0000000000000000e+00	0.0000000000000000e+00	
7.4150054348959271e-01	7.5460223451969599e-01	2.9126514822902440e-05	5.4829130799980774e-01	5.2500000000000002e-01	0.0000000000000000e+00	6.3016538720145158e+07	2.4323439093558873e+03	-1.2003150241350013e+08	9.5160026422948469e+00	3.1654266461436561e-04	0.0000000000000000e+00	9.5160142641136698e+00	1.4531704180566912e+01	0.0000000000000000e+00	4.1839604980026389e-02	0.0000000000000000e+00	0.0000000000000000e+00	
7.4386955481064576e-01	7.5460223451969599e-01	2.9126514822902440e-05	5.4829130799980774e-01	5.2500000000000002e-01	0.0000000000000000e+00	6.3016538720145158e+07	2.4323439093558873e+03	-1.2003150241350013e+08	9.5160026422948469e+00	3.1654266461436561e-04	0.0000000000000000e+00	9.5160142641136698e+00	1.4531704180566912e+01	0.0000000000000000e+00	4.1839604980026389e-02	0.0000000000000000e+00	0.0000000000000000e+00	
7.4623856613169870e-01	7.6076527223271728e-01	6.8816886235458392e-05	5.6894574468281256e-01	5.2500000000000002e-01	0.0000000000000000e+00	6.3011141728589594e+07	5.6998271742565057e+03	-1.2002122283121049e+08	9.5705306458132906e+00	2.8372110244608066e-04	0.0000000000000000e+00	9.5705422974745460e+00	1.4531704180566912e+01	0.0000000000000000e+00	4.1839604980026389e-02	0.0000000000000000e+00	0.0000000000000000e+00	
7.4860757745275175e-01	7.6076527223271728e-01	6.8816886235458392e-05	5.6894574468281256e-01	5.2500000000000002e-01	0.0000000000000000e+00	6.3011141728589594e+07	5.6998271742565057e+03	-1.2002122283121049e+08	9.5705306458132906e+00	2.8372110244608066e-04	0.0000000000000000e+00	9.5705422974745460e+00	1.4531704180566912e+01	0.0000000000000000e+00	4.1839604980026389e-02	0.0000000000000000e+00	0.0000000000000000e+00	
7.5097658877380469e-01	7.6614345846053500e-01	1.0816294525416299e-04	5.8963100498466392e-01	5.2500000000000002e-01	0.0000000000000000e+00	6.3006790200555377e+07	8.8952009233324152e+03	-1.2001293491135374e+08	9.6251071172934513e+00	2.5145680489938819e-04	0.0000000000000000e+00	9.6251188078499190e+00	1.4531704180566912e+01	0.0000000000000000e+00	4.1839604980026389e-02	0.0000000000000000e+00	0.0000000000000000e+00	
7.5334560009485774e-01	7.6614345846053500e-01	1.0816294525416299e-04	5.8963100498466392e-01	5.2500000000000002e-01	0.0000000000000000e+00	6.3006790200555377e+07	8.8952009233324152e+03	-1.2001293491135374e+08	9.6251071172934513e+00	2.5145680489938819e-04	0.0000000000000000e+00	9.6251188078499190e+00	1.4531704180566912e+01	0.0000000000000000e+00	4.1839604980026389e-02	0.0000000000000000e+00	0.0000000000000000e+00	
7.5571461141591068e-01	7.7099414921578158e-01	1.4625463467182517e-04	6.1018895797392170e-01	5.2500000000000002e-01	0.0000000000000000e+00	6.3003344248627245e+07	1.1951492894672132e+04	-1.2000637215657797e+08	9.6797272088542066e+00	2.1995040642616714e-04	0.0000000000000000e+00	9.6797389468078059e+00	1.4531704180566912e+01	0.0000000000000000e+00	4.1839604980026389e-02	0.0000000000000000e+00	0.0000000000000000e+00	
7.5808362273696372e-01	7.7099414921578158e-01	1.4625463467182517e-04	6.1018895797392170e-01	5.2500000000000002e-01	0.0000000000000000e+00	6.3003344248627245e+07	1.1951492894672132e+04	-1.2000637215657797e+08	9.6797272088542066e+00	2.1995040642616714e-04	0.0000000000000000e+00	9.6797389468078059e+00	1.4531704180566912e+01	0.0000000000000000e+00	4.1839604980026389e-02	0.0000000000000000e+00	0.0000000000000000e+00	
7.6045263405801666e-01	7.7559465451837650e-01	1.8223609680225787e-04	6.3046423358655446e-01	5.2500000000000002e-01	0.0000000000000000e+00	6.3000655198834568e+07	1.4802827008329343e+04	-1.2000125131027304e+08	9.7343868349240932e+00	1.8937730927507353e-04	0.0000000000000000e+00	9.7343986278002390e+00	1.4531704180566912e+01	0.0000000000000000e+00	4.1839604980026389e-02	0.0000000000000000e+00	0.0000000000000000e+00	
7.6282164537906971e-01	7.7559465451837650e-01	1.8223609680225787e-04	6.3046423358655446e-01	5.2500000000000002e-01	0.0000000000000000e+00	6.3000655198834568e+07	1.4802827008329343e+04	-1.2000125131027304e+08	9.7343868349240932e+00	1.8937730927507353e-04	0.0000000000000000e+00	9.7343986278002390e+00	1.4531704180566912e+01	0.0000000000000000e+00	4.1839604980026389e-02	0.0000000000000000e+00	0.0000000000000000e+00	
7.6519065670012265e-01	7.8023350471360298e-01	2.1545015454395948e-04	6.5030415781329209e-01	5.2500000000000002e-01	0.0000000000000000e+00	6.2998553341017380e+07	1.7396135863647753e+04	-1.1999724903402384e+08	9.7890826586814121e+00	1.5988436463584236e-04	0.0000000000000000e+00	9.7890945127195277e+00	1.4531704180566912e+01	0.0000000000000000e+00	4.1839604980026389e-02	0.0000000000000000e+00	0.0000000000000000e+00	
7.6755966802117570e-01	7.8023350471360298e-01	2.1545015454395948e-04	6.5030415781329209e-01	5.2500000000000002e-01	0.0000000000000000e+00	6.2998553341017380e+07	1.7396135863647753e+04	-1.1999724903402384e+08	9.7890826586814121e+00	1.5988436463584236e-04	0.0000000000000000e+00	9.7890945127195277e+00	1.4531704180566912e+01	0.0000000000000000e+00	4.1839604980026389e-02	0.0000000000000000e+00	0.0000000000000000e+00	
7.6992867934222864e-01	7.8516983672670959e-01	2.4530114175531025e-04	6.6956489057852853e-01	5.2500000000000002e-01	0.0000000000000000e+00	6.2996878755073152e+07	1.9681354992014174e+04	-1.1999406062757571e+08	9.8438121061178343e+00	1.3159180827081529e-04	0.0000000000000000e+00	9.8438240260224319e+00	1.4531704180566912e+01	0.0000000000000000e+00	4.1839604980026389e-02	0.0000000000000000e+00	0.0000000000000000e+00	
7.7229769066328169e-01	7.8516983672670959e-01	2.4530114175531025e-04	6.6956489057852853e-01	5.2500000000000002e-01	0.0000000000000000e+00	6.2996878755073152e+07	1.9681354992014174e+04	-1.1999406062757571e+08	9.8438121061178343e+00	1.3159180827081529e-04	0.0000000000000000e+00	9.8438240260224319e+00	1.4531704180566912e+01	0.0000000000000000e+00	4.1839604980026389e-02	0.0000000000000000e+00	0.0000000000000000e+00	
7.7466670198433463e-01	7.9064169404078100e-01	2.7141294624929676e-04	6.8810699759345373e-01	5.2500000000000002e-01	0.0000000000000000e+00	6.2995455841805108e+07	2.1625196848599124e+04	-1.1999135153061682e+08	9.8985732243627282e+00	1.0459205170154000e-04	0.0000000000000000e+00	9.8985852131969931e+00	1.4531704180566912e+01	0.0000000000000000e+00	4.1839604980026389e-02	0.0000000000000000e+00	0.0000000000000000e+00	
7.7703571330538768e-01	7.9064169404078100e-01	2.7141294624929676e-04	6.8810699759345373e-01	5.2500000000000002e-01	0.0000000000000000e+00	6.2995455841805108e+07	2.1625196848599124e+04	-1.1999135153061682e+08	9.8985732243627282e+00	1.0459205170154000e-04	0.0000000000000000e+00	9.8985852131969931e+00	1.4531704180566912e+01	0.0000000000000000e+00	4.1839604980026389e-02	0.0000000000000000e+00	0.0000000000000000e+00	
7.7940472462644061e-01	7.9681399065355696e-01	2.9339717197058419e-04	7.0580647587241363e-01	5.2500000000000002e-01	0.0000000000000000e+00	6.2994136655317008e+07	2.3195252295004295e+04	-1.1998883985849932e+08	9.9533645441786707e+00	7.8950366226469555e-05	0.0000000000000000e+00	9.9533766033183255e+00	1.4531704180566912e+01	0.0000000000000000e+00	4.1839604980026389e-02	0.0000000000000000e+00	0.0000000000000000e+00	
7.8177373594749366e-01	7.9681399065355696e-01	2.9339717197058419e-04	7.0580647587241363e-01	5.2500000000000002e-01	0.0000000000000000e+00	6.2994136655317008e+07	2.3195252295004295e+04	-1.1998883985849932e+08	9.9533645441786707e+00	7.8950366226469555e-05	0.0000000000000000e+00	9.9533766033183255e+00	1.4531704180566912e+01	0.0000000000000000e+00	4.1839604980026389e-02	0.0000000000000000e+00	0.0000000000000000e+00	
7.8414274726854660e-01	8.0380707420819797e-01	3.1104774574366507e-04	7.2254543244385727e-01	5.2500000000000002e-01	0.0000000000000000e+00	6.2992762124319457e+07	2.4376193349924895e+04	-1.1998622255376121e+08	1.0008184841139567e+01	5.4703702436270203e-05	0.0000000000000000e+00	1.0008196970358444e+01	1.4531704180566912e+01	0.0000000000000000e+00	4.1839604980026389e-02	0.0000000000000000e+00	0.0000000000000000e+00	
7.8651175858959965e-01	8.0380707420819797e-01	3.1104774574366507e-04	7.2254543244385727e-01	5.2500000000000002e-01	0.0000000000000000e+00	6.2992762124319457e+07	2.4376193349924895e+04	-1.1998622255376121e+08	1.0008184841139567e+01	5.4703702436270203e-05	0.0000000000000000e+00	1.0008196970358444e+01	1.4531704180566912e+01	0.0000000000000000e+00	4.1839604980026389e-02	0.0000000000000000e+00	0.0000000000000000e+00	
7.8888076991065259e-01	8.1163646782785381e-01	3.2404389320358129e-04	7.3822739623266997e-01	5.2500000000000002e-01	0.0000000000000000e+00	6.2991217134120986e+07	2.5149090814512212e+04	-1.1998328029424299e+08	1.0063032884579409e+01	3.1858738971994781e-05	0.0000000000000000e+00	1.0063045082162159e+01	1.4531704180566912e+01	0.0000000000000000e+00	4.1839604980026389e-02	0.0000000000000000e+00	0.0000000000000000e+00	
7.9124978123170564e-01	8.1163646782785381e-01	3.2404389320358129e-04	7.3822739623266997e-01	5.2500000000000002e-01	0.0000000000000000e+00	6.2991217134120986e+07	2.5149090814512212e+04	-1.1998328029424299e+08	1.0063032884579409e+01	3.1858738971994781e-05	0.0000000000000000e+00	1.0063045082162159e+01	1.4531704180566912e+01	0.0000000000000000e+00	4.1839604980026389e-02	0.0000000000000000e+00	0.0000000000000000e+00	
7.9361879255275858e-01	8.2026309156005850e-01	3.3220969265389852e-04	7.5276266335804376e-01	5.2500000000000002e-01	0.0000000000000000e+00	6.2989378547030434e+07	2.5510939481344361e+04	-1.1997977850103676e+08	1.0117907151324367e+01	1.0390624329833353e-05	0.0000000000000000e+00	1.0117919414268316e+01	1.4531704180566912e+01	0.0000000000000000e+00	4.1839604980026389e-02	0.0000000000000000e+00	0.0000000000000000e+00	
7.9598780387381163e-01	8.2026309156005850e-01	3.3220969265389852e-04	7.5276266335804376e-01	5.2500000000000002e-01	0.0000000000000000e+00	6.2989378547030434e+07	2.5510939481344361e+04	-1.1997977850103676e+08	1.0117907151324367e+01	1.0390624329833353e-05	0.0000000000000000e+00	1.0117919414268316e+01	1.4531704180566912e+01	0.0000000000000000e+00	4.1839604980026389e-02	0.0000000000000000e+00	0.0000000000000000e+00	
7.9835681519486457e-01	8.2952716866823639e-01	3.3518246413194577e-04	7.6608721229300336e-01	5.2500000000000002e-01	0.0000000000000000e+00	6.2987180488764159e+07	2.5450882336792041e+04	-1.1997559167745279e+08	1.0172805514149509e+01	-9.7607696438597976e-06	0.0000000000000000e+00	1.0172817838340389e+01	1.4531704180566912e+01	0.0000000000000000e+00	4.1839604980026389e-02	0.0000000000000000e+00	0.0000000000000000e+00	
8.0072582651591762e-01	8.2952716866823639e-01	3.3518246413194577e-04	7.6608721229300336e-01	5.2500000000000002e-01	0.0000000000000000e+00	6.2987180488764159e+07	2.5450882336792041e+04	-1.1997559167745279e+08	1.0172805514149509e+01	-9.7607696438597976e-06	0.0000000000000000e+00	1.0172817838340389e+01	1.4531704180566912e+01	0.0000000000000000e+00	4.1839604980026389e-02	0.0000000000000000e+00	0.0000000000000000e+00	
8.0309483783697055e-01	8.3921977600997333e-01	3.3275452270162156e-04	7.7814268526045183e-01	5.2500000000000002e-01	0.0000000000000000e+00	6.2984549380518898e+07	2.4973665142088146e+04	-1.1997057967924869e+08	1.0227724967249959e+01	-2.8690382069156564e-05	0.0000000000000000e+00	1.0227737347672166e+01	1.4531704180566912e+01	0.0000000000000000e+00	4.1839604980026389e-02	0.0000000000000000e+00	0.0000000000000000e+00	
8.0546384915802360e-01	8.3921977600997333e-01	3.3275452270162156e-04	7.7814268526045183e-01	5.2500000000000002e-01	0.0000000000000000e+00	6.2984549380518898e+07	2.4973665142088146e+04	-1.1997057967924869e+08	1.0227724967249959e+01	-2.8690382069156564e-05	0.0000000000000000e+00	1.0227737347672166e+01	1.4531704180566912e+01	0.0000000000000000e+00	4.1839604980026389e-02	0.0000000000000000e+00	0.0000000000000000e+00	
8.0783286047907654e-01	8.4901264127234821e-01	3.2452603224771757e-04	7.8889840348096529e-01	5.2500000000000002e-01	0.0000000000000000e+00	6.2981477309694409e+07	2.4073998363303788e+04	-1.1996472744896927e+08	1.0282661313605567e+01	-4.6531351018225146e-05	0.0000000000000000e+00	1.0282673744478323e+01	1.4531704180566912e+01	0.0000000000000000e+00	4.1839604980026389e-02	0.0000000000000000e+00	0.0000000000000000e+00	
8.1020187180012959e-01	8.4901264127234821e-01	3.2452603224771757e-04	7.8889840348096529e-01	5.2500000000000002e-01	0.0000000000000000e+00	6.2981477309694409e+07	2.4073998363303788e+04	-1.1996472744896927e+08	1.0282661313605567e+01	-4.6531351018225146e-05	0.0000000000000000e+00	1.0282673744478323e+01	1.4531704180566912e+01	0.0000000000000000e+00	4.1839604980026389e-02	0.0000000000000000e+00	0.0000000000000000e+00	
8.1257088312118253e-01	8.5854907475213549e-01	3.1032509740671585e-04	7.9832654188048813e-01	5.2500000000000002e-01	0.0000000000000000e+00	6.2977944855973259e+07	2.2763564071799803e+04	-1.1995799803800349e+08	1.0337608962594761e+01	-6.3450671337627969e-05	0.0000000000000000e+00	1.0337621437504222e+01	1.4531704180566912e+01	0.0000000000000000e+00	4.1839604980026389e-02	0.0000000000000000e+00	0.0000000000000000e+00	
8.1493989444223558e-01	8.5854907475213549e-01	3.1032509740671585e-04	7.9832654188048813e-01	5.2500000000000002e-01	0.0000000000000000e+00	6.2977944855973259e+07	2.2763564071799803e+04	-1.1995799803800349e+08	1.0337608962594761e+01	-6.3450671337627969e-05	0.0000000000000000e+00	1.0337621437504222e+01	1.4531704180566912e+01	0.0000000000000000e+00	4.1839604980026389e-02	0.0000000000000000e+00	0.0000000000000000e+00	
8.1730890576328852e-01	8.6737063541474568e-01	2.8984695360371142e-04	8.0642700744389018e-01	5.2500000000000002e-01	0.0000000000000000e+00	6.2974000537603691e+07	2.1043855379465305e+04	-1.1995048391178736e+08	1.0392560674296270e+01	-7.9650619372294038e-05	0.0000000000000000e+00	1.0392573186238019e+01	1.4531704180566912e+01	0.0000000000000000e+00	4.1839604980026389e-02	0.0000000000000000e+00	0.0000000000000000e+00	
8.1967791708434157e-01	8.6737063541474568e-01	2.8984695360371142e-04	8.0642700744389018e-01	5.2500000000000002e-01	0.0000000000000000e+00	6.2974000537603691e+07	2.1043855379465305e+04	-1.1995048391178736e+08	1.0392560674296270e+01	-7.9650619372294038e-05	0.0000000000000000e+00	1.0392573186238019e+01	1.4531704180566912e+01	0.0000000000000000e+00	4.1839604980026389e-02	0.0000000000000000e+00	0.0000000000000000e+00	
8.2204692840539451e-01	8.7502386017543077e-01	2.6312605890454056e-04	8.1319886485843429e-01	5.2500000000000002e-01	0.0000000000000000e+00	6.2969673362809129e+07	1.8935440205185208e+04	-1.1994224039966014e+08	1.0447507483247330e+01	-9.5359801297172650e-05	0.0000000000000000e+00	1.0447520024665677e+01	1.4531704180566912e+01	0.0000000000000000e+00	4.1839604980026389e-02	0.0000000000000000e+00	0.0000000000000000e+00	
8.2441593972644756e-01	8.7502386017543077e-01	2.6312605890454056e-04	8.1319886485843429e-01	5.2500000000000002e-01	0.0000000000000000e+00	6.2969673362809129e+07	1.8935440205185208e+04	-1.1994224039966014e+08	1.0447507483247330e+01	-9.5359801297172650e-05	0.0000000000000000e+00	1.0447520024665677e+01	1.4531704180566912e+01	0.0000000000000000e+00	4.1839604980026389e-02	0.0000000000000000e+00	0.0000000000000000e+00	
8.2678495104750049e-01	8.8098387137999923e-01	2.3015161147450674e-04	8.1866794464991355e-01	5.2500000000000002e-01	0.0000000000000000e+00	6.2965056848979473e+07	1.6449233375494779e+04	-1.1993344570973313e+08	1.0502438548396480e+01	-1.1083276781193117e-04	0.0000000000000000e+00	1.0502451111164770e+01	1.4531704180566912e+01	0.0000000000000000e+00	4.1839604980026389e-02	0.0000000000000000e+00	0.0000000000000000e+00	
8.2915396236855354e-01	8.8098387137999923e-01	2.3015161147450674e-04	8.1866794464991355e-01	5.2500000000000002e-01	0.0000000000000000e+00	6.2965056848979473e+07	1.6449233375494779e+04	-1.1993344570973313e+08	1.0502438548396480e+01	-1.1083276781193117e-04	0.0000000000000000e+00	1.0502451111164770e+01	1.4531704180566912e+01	0.0000000000000000e+00	4.1839604980026389e-02	0.0000000000000000e+00	0.0000000000000000e+00	
8.3152297368960648e-01	8.8477168960979069e-01	1.9135150036574065e-04	8.2285576464231669e-01	5.2500000000000002e-01	0.0000000000000000e+00	6.2960214351533681e+07	1.3616542686653964e+04	-1.1992422061709206e+08	1.0557341241672779e+01	-1.2633757392846245e-04	0.0000000000000000e+00	1.0557353817111842e+01	1.4531704180566912e+01	0.0000000000000000e+00	4.1839604980026389e-02	0.0000000000000000e+00	0.0000000000000000e+00	
8.3389198501065953e-01	8.8477168960979069e-01	1.9135150036574065e-04	8.2285576464231669e-01	5.2500000000000002e-01	0.0000000000000000e+00	6.2960214351533681e+07	1.3616542686653964e+04	-1.1992422061709206e+08	1.0557341241672779e+01	-1.2633757392846245e-04	0.0000000000000000e+00	1.0557353817111842e+01	1.4531704180566912e+01	0.0000000000000000e+00	4.1839604980026389e-02	0.0000000000000000e+00	0.0000000000000000e+00	
8.3626099633171247e-01	8.8587393446656670e-01	1.4717357151246700e-04	8.2580955046456461e-01	5.2500000000000002e-01	0.0000000000000000e+00	6.2955266416498899e+07	1.0458995398272087e+04	-1.1991479482913341e+08	1.0612201132998203e+01	-1.4215516210234100e-04	0.0000000000000000e+00	1.0612213711897645e+01	1.4531704180566912e+01	0.0000000000000000e+00	4.1839604980026389e-02	0.0000000000000000e+00	0.0000000000000000e+00	
8.3863000765276552e-01	8.8587393446656670e-01	1.4717357151246700e-04	8.2580955046456461e-01	5.2500000000000002e-01	0.0000000000000000e+00	6.2955266416498899e+07	1.0458995398272087e+04	-1.1991479482913341e+08	1.0612201132998203e+01	-1.4215516210234100e-04	0.0000000000000000e+00	1.0612213711897645e+01	1.4531704180566912e+01	0.0000000000000000e+00	4.1839604980026389e-02	0.0000000000000000e+00	0.0000000000000000e+00	
8.4099901897381846e-01	8.8386427719282723e-01	9.8539666247616931e-05	8.2756973442778148e-01	5.2500000000000002e-01	0.0000000000000000e+00	6.2950292506703235e+07	7.0181598847977111e+03	-1.1990531980556415e+08	1.0667002256655341e+01	-1.5856556801625008e-04	0.0000000000000000e+00	1.0667014829384849e+01	1.4531704180566912e+01	0.0000000000000000e+00	4.1839604980026389e-02	0.0000000000000000e+00	0.0000000000000000e+00	
8.4336803029487151e-01	8.8386427719282723e-01	9.8539666247616931e-05	8.2756973442778148e-01	5.2500000000000002e-01	0.0000000000000000e+00	6.2950292506703235e+07	7.0181598847977111e+03	-1.1990531980556415e+08	1.0667002256655341e+01	-1.5856556801625008e-04	0.0000000000000000e+00	1.0667014829384849e+01	1.4531704180566912e+01	0.0000000000000000e+00	4.1839604980026389e-02	0.0000000000000000e+00	0.0000000000000000e+00	
8.4573704161592445e-01	8.7831792825483768e-01	4.6393390164591148e-05	8.2820166925368288e-01	5.2500000000000002e-01	0.0000000000000000e+00	6.2945420276265882e+07	3.3248227640682858e+03	-1.1989603878871554e+08	1.0721727231755878e+01	-1.7584896428417929e-04	0.0000000000000000e+00	1.0721739788430247e+01	1.4531704180566912e+01	0.0000000000000000e+00	4.1839604980026389e-02	0.0000000000000000e+00	0.0000000000000000e+00	
8.4810605293697749e-01	8.7831792825483768e-01	4.6393390164591148e-05	8.2820166925368288e-01	5.2500000000000002e-01	0.0000000000000000e+00	6.2945420276265882e+07	3.3248227640682858e+03	-1.1989603878871554e+08	1.0721727231755878e+01	-1.7584896428417929e-04	0.0000000000000000e+00	1.0721739788430247e+01	1.4531704180566912e+01	0.0000000000000000e+00	4.1839604980026389e-02	0.0000000000000000e+00	0.0000000000000000e+00	
8.5047506425803043e-01	8.6893042248647301e-01	-7.9050960797596537e-06	8.2776244675689947e-01	5.2500000000000002e-01	0.0000000000000000e+00	6.2940727336196989e+07	-5.7260338002533535e+02	-1.1988709969295546e+08	1.0776357686033675e+01	-1.9427245567148221e-04	0.0000000000000000e+00	1.0776370216782666e+01	1.4531704180566912e+01	0.0000000000000000e+00	4.1839604980026389e-02	0.0000000000000000e+00	0.0000000000000000e+00	
8.5284407557908348e-01	8.6893042248647301e-01	-7.9050960797596537e-06	8.2776244675689947e-01	5.2500000000000002e-01	0.0000000000000000e+00	6.2940727336196989e+07	-5.7260338002533535e+02	-1.1988709969295546e+08	1.0776357686033675e+01	-1.9427245567148221e-04	0.0000000000000000e+00	1.0776370216782666e+01	1.4531704180566912e+01	0.0000000000000000e+00	4.1839604980026389e-02	0.0000000000000000e+00	0.0000000000000000e+00	
8.5521308690013642e-01	8.5542600150713133e-01	-6.3042701795116931e-05	8.2633320869911497e-01	5.2500000000000002e-01	0.0000000000000000e+00	6.2936330623363182e+07	-4.6382461096309189e+03	-1.1987872532243162e+08	1.0830874478705192e+01	-2.1409383998270335e-04	0.0000000000000000e+00	1.0830886973993866e+01	1.4531704180566912e+01	0.0000000000000000e+00	4.1839604980026389e-02	0.0000000000000000e+00	0.0000000000000000e+00	
8.5758209822118947e-01	8.5542600150713133e-01	-6.3042701795116931e-05	8.2633320869911497e-01	5.2500000000000002e-01	0.0000000000000000e+00	6.2936330623363182e+07	-4.6382461096309189e+03	-1.1987872532243162e+08	1.0830874478705192e+01	-2.1409383998270335e-04	0.0000000000000000e+00	1.0830886973993866e+01	1.4531704180566912e+01	0.0000000000000000e+00	4.1839604980026389e-02	0.0000000000000000e+00	0.0000000000000000e+00	
8.5995110954224241e-01	8.3766785413889366e-01	-1.1742552858308307e-04	8.2398579446576647e-01	5.2500000000000002e-01	0.0000000000000000e+00	6.2932291501927108e+07	-8.8219424417988685e+03	-1.1987103261002597e+08	1.0885258228460016e+01	-2.3554977468209770e-04	0.0000000000000000e+00	1.0885270679462963e+01	1.4531704180566912e+01	0.0000000000000000e+00	4.1839604980026389e-02	0.0000000000000000e+00	0.0000000000000000e+00	
8.6232012086329546e-01	8.3766785413889366e-01	-1.1742552858308307e-04	8.2398579446576647e-01	5.2500000000000002e-01	0.0000000000000000e+00	6.2932291501927108e+07	-8.8219424417988685e+03	-1.1987103261002597e+08	1.0885258228460016e+01	-2.3554977468209770e-04	0.0000000000000000e+00	1.0885270679462963e+01	1.4531704180566912e+01	0.0000000000000000e+00	4.1839604980026389e-02	0.0000000000000000e+00	0.0000000000000000e+00	
8.6468913218434840e-01	8.1556110164378504e-01	-1.6961285335296051e-04	8.2081443148917266e-01	5.2500000000000002e-01	0.0000000000000000e+00	6.2928702954294004e+07	-1.3087329501573857e+04	-1.1986419869559020e+08	1.0939489578427571e+01	-2.5886186330315681e-04	0.0000000000000000e+00	1.0939501977391524e+01	1.4531704180566912e+01	0.0000000000000000e+00	4.1839604980026389e-02	0.0000000000000000e+00	0.0000000000000000e+00	
8.6705814350540145e-01	8.1556110164378504e-01	-1.6961285335296051e-04	8.2081443148917266e-01	5.2500000000000002e-01	0.0000000000000000e+00	6.2928702954294004e+07	-1.3087329501573857e+04	-1.1986419869559020e+08	1.0939489578427571e+01	-2.5886186330315681e-04	0.0000000000000000e+00	1.0939501977391524e+01	1.4531704180566912e+01	0.0000000000000000e+00	4.1839604980026389e-02	0.0000000000000000e+00	0.0000000000000000e+00	
8.6942715482645438e-01	7.8915075583825589e-01	-2.1804751128568146e-04	8.1690273167945793e-01	5.2500000000000002e-01	0.0000000000000000e+00	6.2925600823435873e+07	-1.7386754754016492e+04	-1.1985829185804345e+08	1.0993549754463791e+01	-2.8422558624817895e-04	0.0000000000000000e+00	1.0993562095028969e+01	1.4531704180566912e+01	0.0000000000000000e+00	4.1839604980026389e-02	0.0000000000000000e+00	0.0000000000000000e+00	
8.7179616614750743e-01	7.8915075583825589e-01	-2.1804751128568146e-04	8.1690273167945793e-01	5.2500000000000002e-01	0.0000000000000000e+00	6.2925600823435873e+07	-1.7386754754016492e+04	-1.1985829185804345e+08	1.0993549754463791e+01	-2.8422558624817895e-04	0.0000000000000000e+00	1.0993562095028969e+01	1.4531704180566912e+01	0.0000000000000000e+00	4.1839604980026389e-02	0.0000000000000000e+00	0.0000000000000000e+00	
8.7416517746856037e-01	7.5852217309299985e-01	-2.6141792132972465e-04	8.1235367392245750e-01	5.2500000000000002e-01	0.0000000000000000e+00	6.2923046295231305e+07	-2.1685868323609993e+04	-1.1985342863267051e+08	1.1047420801190846e+01	-3.1181710170290211e-04	0.0000000000000000e+00	1.1047433078625371e+01	1.4531704180566912e+01	0.0000000000000000e+00	4.1839604980026389e-02	0.0000000000000000e+00	0.0000000000000000e+00	
8.7653418878961342e-01	7.5852217309299985e-01	-2.6141792132972465e-04	8.1235367392245750e-01	5.2500000000000002e-01	0.0000000000000000e+00	6.2923046295231305e+07	-2.1685868323609993e+04	-1.1985342863267051e+08	1.1047420801190846e+01	-3.1181710170290211e-04	0.0000000000000000e+00	1.1047433078625371e+01	1.4531704180566912e+01	0.0000000000000000e+00	4.1839604980026389e-02	0.0000000000000000e+00	0.0000000000000000e+00	
8.7890320011066636e-01	7.2388527238519473e-01	-2.9843885915206491e-04	8.0725762908661036e-01	5.2500000000000002e-01	0.0000000000000000e+00	6.2921045630928427e+07	-2.5940692249305823e+04	-1.1984962091097291e+08	1.1101086094946801e+01	-3.4178158181160116e-04	0.0000000000000000e+00	1.1101098306259832e+01	1.4531704180566912e+01	0.0000000000000000e+00	4.1839604980026389e-02	0.0000000000000000e+00	0.0000000000000000e+00	
8.8127221143171941e-01	7.2388527238519473e-01	-2.9843885915206491e-04	8.0725762908661036e-01	5.2500000000000002e-01	0.0000000000000000e+00	6.2921045630928427e+07	-2.5940692249305823e+04	-1.1984962091097291e+08	1.1101086094946801e+01	-3.4178158181160116e-04	0.0000000000000000e+00	1.1101098306259832e+01	1.4531704180566912e+01	0.0000000000000000e+00	4.1839604980026389e-02	0.0000000000000000e+00	0.0000000000000000e+00	
8.8364122275277235e-01	6.8547694143051896e-01	-3.2811978571827688e-04	8.0171981377619461e-01	5.2500000000000002e-01	0.0000000000000000e+00	6.2919625427229621e+07	-3.0117970080178726e+04	-1.1984691930584635e+08	1.1154530488066905e+01	-3.7423897346134885e-04	0.0000000000000000e+00	1.1154542632006482e+01	1.4531704180566912e+01	0.0000000000000000e+00	4.1839604980026389e-02	0.0000000000000000e+00	0.0000000000000000e+00	
8.8601023407382540e-01	6.8547694143051896e-01	-3.2811978571827688e-04	8.0171981377619461e-01	5.2500000000000002e-01	0.0000000000000000e+00	6.2919625427229621e+07	-3.0117970080178726e+04	-1.1984691930584635e+08	1.1154530488066905e+01	-3.7423897346134885e-04	0.0000000000000000e+00	1.1154542632006482e+01	1.4531704180566912e+01	0.0000000000000000e+00	4.1839604980026389e-02	0.0000000000000000e+00	0.0000000000000000e+00	
8.8837924539487834e-01	6.4363165580799830e-01	-3.4960006193358206e-04	7.9583025536945795e-01	5.2500000000000002e-01	0.0000000000000000e+00	6.2918762837257400e+07	-3.4175452972517080e+04	-1.1984528022621220e+08	1.1207740716921396e+01	-4.0927094619685697e-04	0.0000000000000000e+00	1.1207752793833103e+01	1.4531704180566912e+01	0.0000000000000000e+00	4.1839604980026389e-02	0.0000000000000000e+00	0.0000000000000000e+00	
8.9074825671593139e-01	6.4363165580799830e-01	-3.4960006193358206e-04	7.9583025536945795e-01	5.2500000000000002e-01	0.0000000000000000e+00	6.2918762837257400e+07	-3.4175452972517080e+04	-1.1984528022621220e+08	1.1207740716921396e+01	-4.0927094619685697e-04	0.0000000000000000e+00	1.1207752793833103e+01	1.4531704180566912e+01	0.0000000000000000e+00	4.1839604980026389e-02	0.0000000000000000e+00	0.0000000000000000e+00	
8.9311726803698432e-01	5.9869101775455646e-01	-3.6232578419086923e-04	7.8968824256670855e-01	5.2500000000000002e-01	0.0000000000000000e+00	6.2918451336871460e+07	-3.8078034486318153e+04	-1.1984469116041791e+08	1.1260705415092161e+01	-4.4692504260840962e-04	0.0000000000000000e+00	1.1260717426704197e+01	1.4531704180566912e+01	0.0000000000000000e+00	4.1839604980026389e-02	0.0000000000000000e+00	0.0000000000000000e+00	
8.9548627935803737e-01	5.9869101775455646e-01	-3.6232578419086923e-04	7.8968824256670855e-01	5.2500000000000002e-01	0.0000000000000000e+00	6.2918451336871460e+07	-3.8078034486318153e+04	-1.1984469116041791e+08	1.1260705415092161e+01	-4.4692504260840962e-04	0.0000000000000000e+00	1.1260717426704197e+01	1.4531704180566912e+01	0.0000000000000000e+00	4.1839604980026389e-02	0.0000000000000000e+00	0.0000000000000000e+00	
8.9785529067909031e-01	5.5106169835671803e-01	-3.6594530358490288e-04	7.8337536027732857e-01	5.2500000000000002e-01	0.0000000000000000e+00	6.2918643128271222e+07	-4.1782584471731709e+04	-1.1984506095546076e+08	1.1313415385184905e+01	-4.8720097169589657e-04	0.0000000000000000e+00	1.1313427334294234e+01	1.4531704180566912e+01	0.0000000000000000e+00	4.1839604980026389e-02	0.0000000000000000e+00	0.0000000000000000e+00	
9.0022430200014336e-01	5.5106169835671803e-01	-3.6594530358490288e-04	7.8337536027732857e-01	5.2500000000000002e-01	0.0000000000000000e+00	6.2918643128271222e+07	-4.1782584471731709e+04	-1.1984506095546076e+08	1.1313415385184905e+01	-4.8720097169589657e-04	0.0000000000000000e+00	1.1313427334294234e+01	1.4531704180566912e+01	0.0000000000000000e+00	4.1839604980026389e-02	0.0000000000000000e+00	0.0000000000000000e+00	
9.0259331332119630e-01	5.0113707235627636e-01	-3.6040571978281495e-04	7.7697676502008239e-01	5.2500000000000002e-01	0.0000000000000000e+00	6.2919303488922685e+07	-4.5250048565628837e+04	-1.1984632335293990e+08	1.1365863472834704e+01	-5.3005417462477424e-04	0.0000000000000000e+00	1.1365875363002507e+01	1.4531704180566912e+01	0.0000000000000000e+00	4.1839604980026389e-02	0.0000000000000000e+00	0.0000000000000000e+00	
9.0496232464224935e-01	5.0113707235627636e-01	-3.6040571978281495e-04	7.7697676502008239e-01	5.2500000000000002e-01	0.0000000000000000e+00	6.2919303488922685e+07	-4.5250048565628837e+04	-1.1984632335293990e+08	1.1365863472834704e+01	-5.3005417462477424e-04	0.0000000000000000e+00	1.1365875363002507e+01	1.4531704180566912e+01	0.0000000000000000e+00	4.1839604980026389e-02	0.0000000000000000e+00	0.0000000000000000e+00	
9.0733133596330229e-01	4.4934347628333393e-01	-3.4590179338681644e-04	7.7055848901864721e-01	5.2500000000000002e-01	0.0000000000000000e+00	6.2920366739460424e+07	-4.8435704187262272e+04	-1.1984835310896857e+08	1.1418044702601000e+01	-5.7538348175606381e-04	0.0000000000000000e+00	1.1418056537804373e+01	1.4531704180566912e+01	0.0000000000000000e+00	4.1839604980026389e-02	0.0000000000000000e+00	0.0000000000000000e+00	
9.0970034728435534e-01	4.4934347628333393e-01	-3.4590179338681644e-04	7.7055848901864721e-01	5.2500000000000002e-01	0.0000000000000000e+00	6.2920366739460424e+07	-4.8435704187262272e+04	-1.1984835310896857e+08	1.1418044702601000e+01	-5.7538348175606381e-04	0.0000000000000000e+00	1.1418056537804373e+01	1.4531704180566912e+01	0.0000000000000000e+00	4.1839604980026389e-02	0.0000000000000000e+00	0.0000000000000000e+00	
9.1206935860540828e-01	3.9607800082386246e-01	-3.2290272105316690e-04	7.6418550193362655e-01	5.2500000000000002e-01	0.0000000000000000e+00	6.2921777637621164e+07	-5.1297000011180891e+04	-1.1985104485250627e+08	1.1469956034663733e+01	-6.2303595376765879e-04	0.0000000000000000e+00	1.1469967819032478e+01	1.4531704180566912e+01	0.0000000000000000e+00	4.1839604980026389e-02	0.0000000000000000e+00	0.0000000000000000e+00	
9.1443836992646133e-01	3.9607800082386246e-01	-3.2290272105316690e-04	7.6418550193362655e-01	5.2500000000000002e-01	0.0000000000000000e+00	6.2921777637621164e+07	-5.1297000011180891e+04	-1.1985104485250627e+08	1.1469956034663733e+01	-6.2303595376765879e-04	0.0000000000000000e+00	1.1469967819032478e+01	1.4531704180566912e+01	0.0000000000000000e+00	4.1839604980026389e-02	0.0000000000000000e+00	0.0000000000000000e+00	
9.1680738124751426e-01	3.4174360511678437e-01	-2.9213519359312174e-04	7.5790430866447789e-01	5.2500000000000002e-01	0.0000000000000000e+00	6.2923461960006364e+07	-5.3789324704273567e+04	-1.1985425704869279e+08	1.1521596391558431e+01	-6.7279806444599970e-04	0.0000000000000000e+00	1.1521608129097867e+01	1.4531704180566912e+01	0.0000000000000000e+00	4.1839604980026389e-02	0.0000000000000000e+00	0.0000000000000000e+00	
9.1917639256856731e-01	3.4174360511678437e-01	-2.9213519359312174e-04	7.5790430866447789e-01	5.2500000000000002e-01	0.0000000000000000e+00	6.2923461960006364e+07	-5.3789324704273567e+04	-1.1985425704869279e+08	1.1521596391558431e+01	-6.7279806444599970e-04	0.0000000000000000e+00	1.1521608129097867e+01	1.4531704180566912e+01	0.0000000000000000e+00	4.1839604980026389e-02	0.0000000000000000e+00	0.0000000000000000e+00	
9.2154540388962025e-01	2.8670568248764394e-01	-2.5455460512110263e-04	7.5175766009359579e-01	5.2500000000000002e-01	0.0000000000000000e+00	6.2925353795741744e+07	-5.5868926100797144e+04	-1.1985786399550238e+08	1.1572966340534347e+01	-7.2440322879971494e-04	0.0000000000000000e+00	1.1572978034974634e+01	1.4531704180566912e+01	0.0000000000000000e+00	4.1839604980026389e-02	0.0000000000000000e+00	0.0000000000000000e+00	
9.2391441521067330e-01	2.8670568248764394e-01	-2.5455460512110263e-04	7.5175766009359579e-01	5.2500000000000002e-01	0.0000000000000000e+00	6.2925353795741744e+07	-5.5868926100797144e+04	-1.1985786399550238e+08	1.1572966340534347e+01	-7.2440322879971494e-04	0.0000000000000000e+00	1.1572978034974634e+01	1.4531704180566912e+01	0.0000000000000000e+00	4.1839604980026389e-02	0.0000000000000000e+00	0.0000000000000000e+00	
9.2628342653172624e-01	2.3131572603362788e-01	-2.1134215961159344e-04	7.4577304887999563e-01	5.2500000000000002e-01	0.0000000000000000e+00	6.2927381406426713e+07	-5.7493750698139556e+04	-1.1986172889727965e+08	1.1624068052916423e+01	-7.7752761476743723e-04	0.0000000000000000e+00	1.1624079707543171e+01	1.4531704180566912e+01	0.0000000000000000e+00	4.1839604980026389e-02	0.0000000000000000e+00	0.0000000000000000e+00	
9.2865243785277929e-01	2.3131572603362788e-01	-2.1134215961159344e-04	7.4577304887999563e-01	5.2500000000000002e-01	0.0000000000000000e+00	6.2927381406426713e+07	-5.7493750698139556e+04	-1.1986172889727965e+08	1.1624068052916423e+01	-7.7752761476743723e-04	0.0000000000000000e+00	1.1624079707543171e+01	1.4531704180566912e+01	0.0000000000000000e+00	4.1839604980026389e-02	0.0000000000000000e+00	0.0000000000000000e+00	
9.3102144917383223e-01	1.7588757713021796e-01	-1.6384500174314784e-04	7.3997365027637174e-01	5.2500000000000002e-01	0.0000000000000000e+00	6.2929479583666414e+07	-5.8620858052115393e+04	-1.1986572740434083e+08	1.1674904962589824e+01	-8.3180044431966401e-04	0.0000000000000000e+00	1.1674916580212393e+01	1.4531704180566912e+01	0.0000000000000000e+00	4.1839604980026389e-02	0.0000000000000000e+00	0.0000000000000000e+00	
9.3339046049488528e-01	1.7588757713021796e-01	-1.6384500174314784e-04	7.3997365027637174e-01	5.2500000000000002e-01	0.0000000000000000e+00	6.2929479583666414e+07	-5.8620858052115393e+04	-1.1986572740434083e+08	1.1674904962589824e+01	-8.3180044431966401e-04	0.0000000000000000e+00	1.1674916580212393e+01	1.4531704180566912e+01	0.0000000000000000e+00	4.1839604980026389e-02	0.0000000000000000e+00	0.0000000000000000e+00	
9.3575947181593822e-01	1.2070845943892933e-01	-1.1357395446843633e-04	7.3437277318659644e-01	5.2500000000000002e-01	0.0000000000000000e+00	6.2931590955296814e+07	-5.9212002862145957e+04	-1.1986975011699361e+08	1.1725481700232651e+01	-8.8680406028541071e-04	0.0000000000000000e+00	1.1725493283109348e+01	1.4531704180566912e+01	0.0000000000000000e+00	4.1839604980026389e-02	0.0000000000000000e+00	0.0000000000000000e+00	
9.3812848313699126e-01	1.2070845943892933e-01	-1.1357395446843633e-04	7.3437277318659644e-01	5.2500000000000002e-01	0.0000000000000000e+00	6.2931590955296814e+07	-5.9212002862145957e+04	-1.1986975011699361e+08	1.1725481700232651e+01	-8.8680406028541071e-04	0.0000000000000000e+00	1.1725493283109348e+01	1.4531704180566912e+01	0.0000000000000000e+00	4.1839604980026389e-02	0.0000000000000000e+00	0.0000000000000000e+00	
9.4049749445804420e-01	6.6034261694113666e-02	-6.2143521686637782e-05	7.2898030985328777e-01	5.2500000000000002e-01	0.0000000000000000e+00	6.2933662808435522e+07	-5.9225610148748397e+04	-1.1987369652656642e+08	1.1775803771169135e+01	-9.4208581902401013e-04	0.0000000000000000e+00	1.1775815321067082e+01	1.4531704180566912e+01	0.0000000000000000e+00	4.1839604980026389e-02	0.0000000000000000e+00	0.0000000000000000e+00	
9.4286650577909725e-01	6.6034261694113666e-02	-6.2143521686637782e-05	7.2898030985328777e-01	5.2500000000000002e-01	0.0000000000000000e+00	6.2933662808435522e+07	-5.9225610148748397e+04	-1.1987369652656642e+08	1.1775803771169135e+01	-9.4208581902401013e-04	0.0000000000000000e+00	1.1775815321067082e+01	1.4531704180566912e+01	0.0000000000000000e+00	4.1839604980026389e-02	0.0000000000000000e+00	0.0000000000000000e+00	
9.4523551710015019e-01	1.2086196445288829e-02	-1.1258809917677481e-05	7.2380273145297047e-01	5.2500000000000002e-01	0.0000000000000000e+00	6.2935663488744482e+07	-5.8627267517150496e+04	-1.1987750627741824e+08	1.1825877493706811e+01	-9.9716103746584758e-04	0.0000000000000000e+00	1.1825889011889975e+01	1.4531704180566912e+01	0.0000000000000000e+00	4.1839604980026389e-02	0.0000000000000000e+00	0.0000000000000000e+00	
9.4760452842120324e-01	1.2086196445288829e-02	-1.1258809917677481e-05	7.2380273145297047e-01	5.2500000000000002e-01	0.0000000000000000e+00	6.2935663488744482e+07	-5.8627267517150496e+04	-1.1987750627741824e+08	1.1825877493706811e+01	-9.9716103746584758e-04	0.0000000000000000e+00	1.1825889011889975e+01	1.4531704180566912e+01	0.0000000000000000e+00	4.1839604980026389e-02	0.0000000000000000e+00	0.0000000000000000e+00	
9.4997353974225618e-01	-0.0000000000000000e+00	-0.0000000000000000e+00	7.1884421051642289e-01	5.2500000000000002e-01	0.0000000000000000e+00	6.2875081699748263e+07	-5.7320127903609282e+04	-1.1988112275318377e+08	1.1875709721065931e+01	-1.0515248345093669e-03	0.0000000000000000e+00	1.1875721208409795e+01	1.4531704180566912e+01	0.0000000000000000e+00	4.1839604980026389e-02	0.0000000000000000e+00	0.0000000000000000e+00	
9.5234255106330923e-01	-0.0000000000000000e+00	-0.0000000000000000e+00	7.1884421051642289e-01	5.2500000000000002e-01	0.0000000000000000e+00	6.2875081699748263e+07	-5.7320127903609282e+04	-1.1988112275318377e+08	1.1875709721065931e+01	-1.0515248345093669e-03	0.0000000000000000e+00	1.1875721208409795e+01	1.4531704180566912e+01	0.0000000000000000e+00	4.1839604980026389e-02	0.0000000000000000e+00	0.0000000000000000e+00	
9.5471156238436217e-01	-0.0000000000000000e+00	-0.0000000000000000e+00	7.1411155095451895e-01	5.2500000000000002e-01	0.0000000000000000e+00	6.2797607854302302e+07	-5.5320818719095398e+04	-1.1988455133499260e+08	1.1925307792348487e+01	-1.1046566395768670e-03	0.0000000000000000e+00	1.1925319249356065e+01	1.4531704180566912e+01	0.0000000000000000e+00	4.1839604980026389e-02	0.0000000000000000e+00	0.0000000000000000e+00	
9.5708057370541522e-01	-0.0000000000000000e+00	-0.0000000000000000e+00	7.1411155095451895e-01	5.2500000000000002e-01	0.0000000000000000e+00	6.2797607854302302e+07	-5.5320818719095398e+04	-1.1988455133499260e+08	1.1925307792348487e+01	-1.1046566395768670e-03	0.0000000000000000e+00	1.1925319249356065e+01	1.4531704180566912e+01	0.0000000000000000e+00	4.1839604980026389e-02	0.0000000000000000e+00	0.0000000000000000e+00	
9.5944958502646815e-01	-0.0000000000000000e+00	-0.0000000000000000e+00	7.0960935633864786e-01	5.2500000000000002e-01	0.0000000000000000e+00	6.2721910085874200e+07	-5.2614401906854997e+04	-1.1988779215084791e+08	1.1974679301681299e+01	-1.1560310236299195e-03	0.0000000000000000e+00	1.1974690728615428e+01	1.4531704180566912e+01	0.0000000000000000e+00	4.1839604980026389e-02	0.0000000000000000e+00	0.0000000000000000e+00	
9.6181859634752120e-01	-0.0000000000000000e+00	-0.0000000000000000e+00	7.0960935633864786e-01	5.2500000000000002e-01	0.0000000000000000e+00	6.2721910085874200e+07	-5.2614401906854997e+04	-1.1988779215084791e+08	1.1974679301681299e+01	-1.1560310236299195e-03	0.0000000000000000e+00	1.1974690728615428e+01	1.4531704180566912e+01	0.0000000000000000e+00	4.1839604980026389e-02	0.0000000000000000e+00	0.0000000000000000e+00	
9.6418760766857414e-01	-0.0000000000000000e+00	-0.0000000000000000e+00	7.0534941662126016e-01	5.2500000000000002e-01	0.0000000000000000e+00	6.2648175433669560e+07	-4.9185082507531173e+04	-1.1989092264567024e+08	1.2023832052097104e+01	-1.2051235338597880e-03	0.0000000000000000e+00	1.2023843448993143e+01	1.4531704180566912e+01	0.0000000000000000e+00	4.1839604980026389e-02	0.0000000000000000e+00	0.0000000000000000e+00	
9.6655661898962719e-01	-0.0000000000000000e+00	-0.0000000000000000e+00	7.0534941662126016e-01	5.2500000000000002e-01	0.0000000000000000e+00	6.2648175433669560e+07	-4.9185082507531173e+04	-1.1989092264567024e+08	1.2023832052097104e+01	-1.2051235338597880e-03	0.0000000000000000e+00	1.2023843448993143e+01	1.4531704180566912e+01	0.0000000000000000e+00	4.1839604980026389e-02	0.0000000000000000e+00	0.0000000000000000e+00	
9.6892563031068013e-01	-0.0000000000000000e+00	-0.0000000000000000e+00	7.0133978650447015e-01	5.2500000000000002e-01	0.0000000000000000e+00	6.2576571052095659e+07	-4.5015022987779907e+04	-1.1989399968983644e+08	1.2072773861049678e+01	-1.2514208812460321e-03	0.0000000000000000e+00	1.2072785227835695e+01	1.4531704180566912e+01	0.0000000000000000e+00	4.1839604980026389e-02	0.0000000000000000e+00	0.0000000000000000e+00	
9.7129464163173318e-01	-0.0000000000000000e+00	-0.0000000000000000e+00	7.0133978650447015e-01	5.2500000000000002e-01	0.0000000000000000e+00	6.2576571052095659e+07	-4.5015022987779907e+04	-1.1989399968983644e+08	1.2072773861049678e+01	-1.2514208812460321e-03	0.0000000000000000e+00	1.2072785227835695e+01	1.4531704180566912e+01	0.0000000000000000e+00	4.1839604980026389e-02	0.0000000000000000e+00	0.0000000000000000e+00	
9.7366365295278612e-01	-0.0000000000000000e+00	-0.0000000000000000e+00	6.9759845935364284e-01	5.2500000000000002e-01	0.0000000000000000e+00	6.2507221244851924e+07	-4.0111397507929236e+04	-1.1989716362779254e+08	1.2121512500991225e+01	-1.2944290116739803e-03	0.0000000000000000e+00	1.2121523837478929e+01	1.4531704180566912e+01	0.0000000000000000e+00	4.1839604980026389e-02	0.0000000000000000e+00	0.0000000000000000e+00	
9.7603266427383917e-01	-0.0000000000000000e+00	-0.0000000000000000e+00	6.9759845935364284e-01	5.2500000000000002e-01	0.0000000000000000e+00	6.2507221244851924e+07	-4.0111397507929236e+04	-1.1989716362779254e+08	1.2121512500991225e+01	-1.2944290116739803e-03	0.0000000000000000e+00	1.2121523837478929e+01	1.4531704180566912e+01	0.0000000000000000e+00	4.1839604980026389e-02	0.0000000000000000e+00	0.0000000000000000e+00	
9.7840167559489211e-01	-0.0000000000000000e+00	-0.0000000000000000e+00	6.9413674983495721e-01	5.2500000000000002e-01	0.0000000000000000e+00	6.2440228553444445e+07	-3.4485381989499743e+04	-1.1990051142372452e+08	1.2170055530527380e+01	-1.3336837339323756e-03	0.0000000000000000e+00	1.2170066836507079e+01	1.4531704180566912e+01	0.0000000000000000e+00	4.1839604980026389e-02	0.0000000000000000e+00	0.0000000000000000e+00	
9.8077068691594516e-01	-0.0000000000000000e+00	-0.0000000000000000e+00	6.9413674983495721e-01	5.2500000000000002e-01	0.0000000000000000e+00	6.2440228553444445e+07	-3.4485381989499743e+04	-1.1990051142372452e+08	1.2170055530527380e+01	-1.3336837339323756e-03	0.0000000000000000e+00	1.2170066836507079e+01	1.4531704180566912e+01	0.0000000000000000e+00	4.1839604980026389e-02	0.0000000000000000e+00	0.0000000000000000e+00	
9.8313969823699809e-01	-0.0000000000000000e+00	-0.0000000000000000e+00	6.9097730815750102e-01	5.2500000000000002e-01	0.0000000000000000e+00	6.2375641675791644e+07	-2.8182487540845905e+04	-1.1990422009310336e+08	1.2218410213366143e+01	-1.3687619141903226e-03	0.0000000000000000e+00	1.2218421488575613e+01	1.4531704180566912e+01	0.0000000000000000e+00	4.1839604980026389e-02	0.0000000000000000e+00	0.0000000000000000e+00	
9.8550870955805114e-01	-0.0000000000000000e+00	-0.0000000000000000e+00	6.9097730815750102e-01	5.2500000000000002e-01	0.0000000000000000e+00	6.2375641675791644e+07	-2.8182487540845905e+04	-1.1990422009310336e+08	1.2218410213366143e+01	-1.3687619141903226e-03	0.0000000000000000e+00	1.2218421488575613e+01	1.4531704180566912e+01	0.0000000000000000e+00	4.1839604980026389e-02	0.0000000000000000e+00	0.0000000000000000e+00	
9.8787772087910408e-01	-0.0000000000000000e+00	-0.0000000000000000e+00	6.8813254468414631e-01	5.2500000000000002e-01	0.0000000000000000e+00	6.2313485840540223e+07	-2.1257580935790291e+04	-1.1990839464607829e+08	1.2266583376830230e+01	-1.3992928669700375e-03	0.0000000000000000e+00	1.2266594621026970e+01	1.4531704180566912e+01	0.0000000000000000e+00	4.1839604980026389e-02	0.0000000000000000e+00	0.0000000000000000e+00	
9.9024673220015713e-01	-0.0000000000000000e+00	-0.0000000000000000e+00	6.8813254468414631e-01	5.2500000000000002e-01	0.0000000000000000e+00	6.2313485840540223e+07	-2.1257580935790291e+04	-1.1990839464607829e+08	1.2266583376830230e+01	-1.3992928669700375e-03	0.0000000000000000e+00	1.2266594621026970e+01	1.4531704180566912e+01	0.0000000000000000e+00	4.1839604980026389e-02	0.0000000000000000e+00	0.0000000000000000e+00	
9.9261574352121007e-01	-0.0000000000000000e+00	-0.0000000000000000e+00	6.8562702177217127e-01	5.2500000000000002e-01	0.0000000000000000e+00	6.2253725225643717e+07	-1.3805745084784787e+04	-1.1991320998259330e+08	1.2314581317101252e+01	-1.4249720952603882e-03	0.0000000000000000e+00	1.2314592530019338e+01	1.4531704180566912e+01	0.0000000000000000e+00	4.1839604980026389e-02	0.0000000000000000e+00	0.0000000000000000e+00	
9.9498475484226312e-01	-0.0000000000000000e+00	-0.0000000000000000e+00	6.8562702177217127e-01	5.2500000000000002e-01	0.0000000000000000e+00	6.2253725225643717e+07	-1.3805745084784787e+04	-1.1991320998259330e+08	1.2314581317101252e+01	-1.4249720952603882e-03	0.0000000000000000e+00	1.2314592530019338e+01	1.4531704180566912e+01	0.0000000000000000e+00	4.1839604980026389e-02	0.0000000000000000e+00	0.0000000000000000e+00	
9.9735376616331606e-01	-0.0000000000000000e+00	-0.0000000000000000e+00	6.8347173073753209e-01	5.2500000000000002e-01	0.0000000000000000e+00	6.2196304419345468e+07	-5.9319876842599087e+03	-1.1991873940550819e+08	1.2362409702180733e+01	-1.4455719219119540e-03	0.0000000000000000e+00	1.2362420883586511e+01	1.4531704180566912e+01	0.0000000000000000e+00	4.1839604980026389e-02	0.0000000000000000e+00	0.0000000000000000e+00	
9.9972277748436911e-01	-0.0000000000000000e+00	-0.0000000000000000e+00	6.8347173073753209e-01	5.2500000000000002e-01	0.0000000000000000e+00	6.2196304419345468e+07	-5.9319876842599087e+03	-1.1991873940550819e+08	1.2362409702180733e+01	-1.4455719219119540e-03	0.0000000000000000e+00	1.2362420883586511e+01	1.4531704180566912e+01	0.0000000000000000e+00	4.1839604980026389e-02	0.0000000000000000e+00	0.0000000000000000e+00	
1.0000000000000000e+00	-0.0000000000000000e+00	-0.0000000000000000e+00	6.8183972989140407e-01	5.2500000000000002e-01	0.0000000000000000e+00	6.2141555222246796e+07	1.9021157454125471e+03	-1.1992532880805522e+08	1.2365204060970596e+01	-1.4466274167283706e-03	0.0000000000000000e+00	1.2365215240616367e+01	1.4531704180566912e+01	0.0000000000000000e+00	4.1839604980026389e-02	0.0000000000000000e+00	0.0000000000000000e+00	
1.0023690113210530e+00	-0.0000000000000000e+00	-0.0000000000000000e+00	6.8159219969228713e-01	5.2500000000000002e-01	0.0000000000000000e+00	6.2137879890989922e+07	2.7509116303154965e+03	-1.1992547350665429e+08	1.2412858252493489e+01	-1.4616929895138184e-03	0.0000000000000000e+00	1.2412869400326693e+01	1.4531704180566912e+01	0.0000000000000000e+00	4.1839604980026389e-02	0.0000000000000000e+00	0.0000000000000000e+00	
1.0047380226421061e+00	-0.0000000000000000e+00	-0.0000000000000000e+00	6.8159219969228713e-01	5.2500000000000002e-01	0.0000000000000000e+00	6.2137879890989922e+07	2.7509116303154965e+03	-1.1992547350665429e+08	1.2412858252493489e+01	-1.4616929895138184e-03	0.0000000000000000e+00	1.2412869400326693e+01	1.4531704180566912e+01	0.0000000000000000e+00	4.1839604980026389e-02	0.0000000000000000e+00	0.0000000000000000e+00	
1.0071070339631591e+00	-0.0000000000000000e+00	-0.0000000000000000e+00	6.8023028940619135e-01	5.2500000000000002e-01	0.0000000000000000e+00	6.2084945561161794e+07	1.0984783707527467e+04	-1.1993288561919495e+08	1.2460352290400632e+01	-1.4715201004814572e-03	0.0000000000000000e+00	1.2460363406198715e+01	1.4531704180566912e+01	0.0000000000000000e+00	4.1839604980026389e-02	0.0000000000000000e+00	0.0000000000000000e+00	
1.0094760452842122e+00	-0.0000000000000000e+00	-0.0000000000000000e+00	6.8023028940619135e-01	5.2500000000000002e-01	0.0000000000000000e+00	6.2084945561161794e+07	1.0984783707527467e+04	-1.1993288561919495e+08	1.2460352290400632e+01	-1.4715201004814572e-03	0.0000000000000000e+00	1.2460363406198715e+01	1.4531704180566912e+01	0.0000000000000000e+00	4.1839604980026389e-02	0.0000000000000000e+00	0.0000000000000000e+00	
1.0118450566052652e+00	-0.0000000000000000e+00	-0.0000000000000000e+00	6.7924697668075329e-01	5.2500000000000002e-01	0.0000000000000000e+00	6.2033931732204132e+07	1.9195964698005770e+04	-1.1994103088043717e+08	1.2507689580302186e+01	-1.4761729518338424e-03	0.0000000000000000e+00	1.2507700663892246e+01	1.4531704180566912e+01	0.0000000000000000e+00	4.1839604980026389e-02	0.0000000000000000e+00	0.0000000000000000e+00	
1.0142140679263183e+00	-0.0000000000000000e+00	-0.0000000000000000e+00	6.7924697668075329e-01	5.2500000000000002e-01	0.0000000000000000e+00	6.2033931732204132e+07	1.9195964698005770e+04	-1.1994103088043717e+08	1.2507689580302186e+01	-1.4761729518338424e-03	0.0000000000000000e+00	1.2507700663892246e+01	1.4531704180566912e+01	0.0000000000000000e+00	4.1839604980026389e-02	0.0000000000000000e+00	0.0000000000000000e+00	
1.0165830792473713e+00	-0.0000000000000000e+00	-0.0000000000000000e+00	6.7868214916251113e-01	5.2500000000000002e-01	0.0000000000000000e+00	6.1984636744587123e+07	2.7192766001593121e+04	-1.1995000294698901e+08	1.2554872693683945e+01	-1.4758247545654242e-03	0.0000000000000000e+00	1.2554883744867723e+01	1.4531704180566912e+01	0.0000000000000000e+00	4.1839604980026389e-02	0.0000000000000000e+00	0.0000000000000000e+00	
1.0189520905684244e+00	-0.0000000000000000e+00	-0.0000000000000000e+00	6.7868214916251113e-01	5.2500000000000002e-01	0.0000000000000000e+00	6.1984636744587123e+07	2.7192766001593121e+04	-1.1995000294698901e+08	1.2554872693683945e+01	-1.4758247545654242e-03	0.0000000000000000e+00	1.2554883744867723e+01	1.4531704180566912e+01	0.0000000000000000e+00	4.1839604980026389e-02	0.0000000000000000e+00	0.0000000000000000e+00	
1.0213211018894774e+00	-0.0000000000000000e+00	-0.0000000000000000e+00	6.7854570409407333e-01	5.2500000000000002e-01	0.0000000000000000e+00	6.1936878037111096e+07	3.4790641901011870e+04	-1.1995978162105159e+08	1.2601903460623928e+01	-1.4707616607527796e-03	0.0000000000000000e+00	1.2601914479158985e+01	1.4531704180566912e+01	0.0000000000000000e+00	4.1839604980026389e-02	0.0000000000000000e+00	0.0000000000000000e+00	
1.0236901132105305e+00	-0.0000000000000000e+00	-0.0000000000000000e+00	6.7854570409407333e-01	5.2500000000000002e-01	0.0000000000000000e+00	6.1936878037111096e+07	3.4790641901011870e+04	-1.1995978162105159e+08	1.2601903460623928e+01	-1.4707616607527796e-03	0.0000000000000000e+00	1.2601914479158985e+01	1.4531704180566912e+01	0.0000000000000000e+00	4.1839604980026389e-02	0.0000000000000000e+00	0.0000000000000000e+00	
1.0260591245315835e+00	-0.0000000000000000e+00	-0.0000000000000000e+00	6.7884600925069372e-01	5.2500000000000002e-01	0.0000000000000000e+00	6.1890481420290440e+07	4.1808684717474978e+04	-1.1997030870266207e+08	1.2648783078980568e+01	-1.4613771462386063e-03	0.0000000000000000e+00	1.2648794064518009e+01	1.4531704180566912e+01	0.0000000000000000e+00	4.1839604980026389e-02	0.0000000000000000e+00	0.0000000000000000e+00	
1.0284281358526366e+00	-0.0000000000000000e+00	-0.0000000000000000e+00	6.7884600925069372e-01	5.2500000000000002e-01	0.0000000000000000e+00	6.1890481420290440e+07	4.1808684717474978e+04	-1.1997030870266207e+08	1.2648783078980568e+01	-1.4613771462386063e-03	0.0000000000000000e+00	1.2648794064518009e+01	1.4531704180566912e+01	0.0000000000000000e+00	4.1839604980026389e-02	0.0000000000000000e+00	0.0000000000000000e+00	
1.0307971471736896e+00	-0.0000000000000000e+00	-0.0000000000000000e+00	6.7957077386363063e-01	5.2500000000000002e-01	0.0000000000000000e+00	6.1845301407309681e+07	4.8106085099198259e+04	-1.1998135383164701e+08	1.2695512293528882e+01	-1.4481537900786615e-03	0.0000000000000000e+00	1.2695523245665417e+01	1.4531704180566912e+01	0.0000000000000000e+00	4.1839604980026389e-02	0.0000000000000000e+00	0.0000000000000000e+00	
1.0331661584947427e+00	-0.0000000000000000e+00	-0.0000000000000000e+00	6.7957077386363063e-01	5.2500000000000002e-01	0.0000000000000000e+00	6.1845301407309681e+07	4.8106085099198259e+04	-1.1998135383164701e+08	1.2695512293528882e+01	-1.4481537900786615e-03	0.0000000000000000e+00	1.2695523245665417e+01	1.4531704180566912e+01	0.0000000000000000e+00	4.1839604980026389e-02	0.0000000000000000e+00	0.0000000000000000e+00	
1.0355351698157957e+00	-0.0000000000000000e+00	-0.0000000000000000e+00	6.8072756871803164e-01	5.2500000000000002e-01	0.0000000000000000e+00	6.1801162849793851e+07	5.3548489932635159e+04	-1.1999277833760552e+08	1.2742091363392626e+01	-1.4316561834595042e-03	0.0000000000000000e+00	1.2742102281701563e+01	1.4531704180566912e+01	0.0000000000000000e+00	4.1839604980026389e-02	0.0000000000000000e+00	0.0000000000000000e+00	
1.0379041811368488e+00	-0.0000000000000000e+00	-0.0000000000000000e+00	6.8072756871803164e-01	5.2500000000000002e-01	0.0000000000000000e+00	6.1801162849793851e+07	5.3548489932635159e+04	-1.1999277833760552e+08	1.2742091363392626e+01	-1.4316561834595042e-03	0.0000000000000000e+00	1.2742102281701563e+01	1.4531704180566912e+01	0.0000000000000000e+00	4.1839604980026389e-02	0.0000000000000000e+00	0.0000000000000000e+00	
1.0402731924579018e+00	-0.0000000000000000e+00	-0.0000000000000000e+00	6.8230622408333585e-01	5.2500000000000002e-01	0.0000000000000000e+00	6.1757930833646566e+07	5.8040749183989567e+04	-1.2000435814749025e+08	1.2788520262200272e+01	-1.4125094128106417e-03	0.0000000000000000e+00	1.2788531146266621e+01	1.4531704180566912e+01	0.0000000000000000e+00	4.1839604980026389e-02	0.0000000000000000e+00	0.0000000000000000e+00	
1.0426422037789549e+00	-0.0000000000000000e+00	-0.0000000000000000e+00	6.8230622408333585e-01	5.2500000000000002e-01	0.0000000000000000e+00	6.1757930833646566e+07	5.8040749183989567e+04	-1.2000435814749025e+08	1.2788520262200272e+01	-1.4125094128106417e-03	0.0000000000000000e+00	1.2788531146266621e+01	1.4531704180566912e+01	0.0000000000000000e+00	4.1839604980026389e-02	0.0000000000000000e+00	0.0000000000000000e+00	
1.0450112151000079e+00	-0.0000000000000000e+00	-0.0000000000000000e+00	6.8431271017911299e-01	5.2500000000000002e-01	0.0000000000000000e+00	6.1715455441652477e+07	6.1500290735307353e+04	-1.2001598251118031e+08	1.2834798684173077e+01	-1.3913866349967998e-03	0.0000000000000000e+00	1.2834809533591843e+01	1.4531704180566912e+01	0.0000000000000000e+00	4.1839604980026389e-02	0.0000000000000000e+00	0.0000000000000000e+00	
1.0473802264210610e+00	-0.0000000000000000e+00	-0.0000000000000000e+00	6.8431271017911299e-01	5.2500000000000002e-01	0.0000000000000000e+00	6.1715455441652477e+07	6.1500290735307353e+04	-1.2001598251118031e+08	1.2834798684173077e+01	-1.3913866349967998e-03	0.0000000000000000e+00	1.2834809533591843e+01	1.4531704180566912e+01	0.0000000000000000e+00	4.1839604980026389e-02	0.0000000000000000e+00	0.0000000000000000e+00	
1.0497492377421140e+00	-0.0000000000000000e+00	-0.0000000000000000e+00	6.8673006368216061e-01	5.2500000000000002e-01	0.0000000000000000e+00	6.1673635684305586e+07	6.3892162143266105e+04	-1.2002745376139659e+08	1.2880926299291220e+01	-1.3689805232385316e-03	0.0000000000000000e+00	1.2880937113649097e+01	1.4531704180566912e+01	0.0000000000000000e+00	4.1839604980026389e-02	0.0000000000000000e+00	0.0000000000000000e+00	
1.0521182490631671e+00	-0.0000000000000000e+00	-0.0000000000000000e+00	6.8673006368216061e-01	5.2500000000000002e-01	0.0000000000000000e+00	6.1673635684305586e+07	6.3892162143266105e+04	-1.2002745376139659e+08	1.2880926299291220e+01	-1.3689805232385316e-03	0.0000000000000000e+00	1.2880937113649097e+01	1.4531704180566912e+01	0.0000000000000000e+00	4.1839604980026389e-02	0.0000000000000000e+00	0.0000000000000000e+00	
1.0544872603842201e+00	-0.0000000000000000e+00	-0.0000000000000000e+00	6.8955396492194987e-01	5.2500000000000002e-01	0.0000000000000000e+00	6.1632356799745552e+07	6.5201040445794024e+04	-1.2003868265890624e+08	1.2926902741912723e+01	-1.3459878857976768e-03	0.0000000000000000e+00	1.2926913520756113e+01	1.4531704180566912e+01	0.0000000000000000e+00	4.1839604980026389e-02	0.0000000000000000e+00	0.0000000000000000e+00	
1.0568562717052732e+00	-0.0000000000000000e+00	-0.0000000000000000e+00	6.8955396492194987e-01	5.2500000000000002e-01	0.0000000000000000e+00	6.1632356799745552e+07	6.5201040445794024e+04	-1.2003868265890624e+08	1.2926902741912723e+01	-1.3459878857976768e-03	0.0000000000000000e+00	1.2926913520756113e+01	1.4531704180566912e+01	0.0000000000000000e+00	4.1839604980026389e-02	0.0000000000000000e+00	0.0000000000000000e+00	
1.0592252830263262e+00	-0.0000000000000000e+00	-0.0000000000000000e+00	6.9275527513336099e-01	5.2500000000000002e-01	0.0000000000000000e+00	6.1591550683688834e+07	6.5459243564660275e+04	-1.2004949773321044e+08	1.2972727856501965e+01	-1.3230806089276671e-03	0.0000000000000000e+00	1.2972738599269837e+01	1.4531704180566912e+01	0.0000000000000000e+00	4.1839604980026389e-02	0.0000000000000000e+00	0.0000000000000000e+00	
1.0615942943473793e+00	-0.0000000000000000e+00	-0.0000000000000000e+00	6.9275527513336099e-01	5.2500000000000002e-01	0.0000000000000000e+00	6.1591550683688834e+07	6.5459243564660275e+04	-1.2004949773321044e+08	1.2972727856501965e+01	-1.3230806089276671e-03	0.0000000000000000e+00	1.2972738599269837e+01	1.4531704180566912e+01	0.0000000000000000e+00	4.1839604980026389e-02	0.0000000000000000e+00	0.0000000000000000e+00	
1.0639633056684323e+00	-0.0000000000000000e+00	-0.0000000000000000e+00	6.9631672065085959e-01	5.2500000000000002e-01	0.0000000000000000e+00	6.1551131252518371e+07	6.4715721166968899e+04	-1.2005983852156033e+08	1.3018401624587396e+01	-1.3008940094825702e-03	0.0000000000000000e+00	1.3018412330558515e+01	1.4531704180566912e+01	0.0000000000000000e+00	4.1839604980026389e-02	0.0000000000000000e+00	0.0000000000000000e+00	
1.0663323169894854e+00	-0.0000000000000000e+00	-0.0000000000000000e+00	6.9631672065085959e-01	5.2500000000000002e-01	0.0000000000000000e+00	6.1551131252518371e+07	6.4715721166968899e+04	-1.2005983852156033e+08	1.3018401624587396e+01	-1.3008940094825702e-03	0.0000000000000000e+00	1.3018412330558515e+01	1.4531704180566912e+01	0.0000000000000000e+00	4.1839604980026389e-02	0.0000000000000000e+00	0.0000000000000000e+00	
1.0687013283105384e+00	-0.0000000000000000e+00	-0.0000000000000000e+00	7.0019761601158503e-01	5.2500000000000002e-01	0.0000000000000000e+00	6.1511052841181651e+07	6.3058241726450542e+04	-1.2006957508900824e+08	1.3063924374460724e+01	-1.2800024367542980e-03	0.0000000000000000e+00	1.3063935042656984e+01	1.4531704180566912e+01	0.0000000000000000e+00	4.1839604980026389e-02	0.0000000000000000e+00	0.0000000000000000e+00	
1.0710703396315915e+00	-0.0000000000000000e+00	-0.0000000000000000e+00	7.0019761601158503e-01	5.2500000000000002e-01	0.0000000000000000e+00	6.1511052841181651e+07	6.3058241726450542e+04	-1.2006957508900824e+08	1.3063924374460724e+01	-1.2800024367542980e-03	0.0000000000000000e+00	1.3063935042656984e+01	1.4531704180566912e+01	0.0000000000000000e+00	4.1839604980026389e-02	0.0000000000000000e+00	0.0000000000000000e+00	
1.0734393509526445e+00	-0.0000000000000000e+00	-0.0000000000000000e+00	7.0436997949799973e-01	5.2500000000000002e-01	0.0000000000000000e+00	6.1471248073145121e+07	6.0583162136635292e+04	-1.2007868876392555e+08	1.3109296644723361e+01	-1.2609141139272549e-03	0.0000000000000000e+00	1.3109307273862948e+01	1.4531704180566912e+01	0.0000000000000000e+00	4.1839604980026389e-02	0.0000000000000000e+00	0.0000000000000000e+00	
1.0758083622736976e+00	-0.0000000000000000e+00	-0.0000000000000000e+00	7.0436997949799973e-01	5.2500000000000002e-01	0.0000000000000000e+00	6.1471248073145121e+07	6.0583162136635292e+04	-1.2007868876392555e+08	1.3109296644723361e+01	-1.2609141139272549e-03	0.0000000000000000e+00	1.3109307273862948e+01	1.4531704180566912e+01	0.0000000000000000e+00	4.1839604980026389e-02	0.0000000000000000e+00	0.0000000000000000e+00	
1.0781773735947506e+00	-0.0000000000000000e+00	-0.0000000000000000e+00	7.0878566522020547e-01	5.2500000000000002e-01	0.0000000000000000e+00	6.1431684926021978e+07	5.7413978732442942e+04	-1.2008710198882808e+08	1.3154519363830181e+01	-1.2440528273127119e-03	0.0000000000000000e+00	1.3154529952234954e+01	1.4531704180566912e+01	0.0000000000000000e+00	4.1839604980026389e-02	0.0000000000000000e+00	0.0000000000000000e+00	
1.0805463849158037e+00	-0.0000000000000000e+00	-0.0000000000000000e+00	7.0878566522020547e-01	5.2500000000000002e-01	0.0000000000000000e+00	6.1431684926021978e+07	5.7413978732442942e+04	-1.2008710198882808e+08	1.3154519363830181e+01	-1.2440528273127119e-03	0.0000000000000000e+00	1.3154529952234954e+01	1.4531704180566912e+01	0.0000000000000000e+00	4.1839604980026389e-02	0.0000000000000000e+00	0.0000000000000000e+00	
1.0829153962368567e+00	-0.0000000000000000e+00	-0.0000000000000000e+00	7.1341037481598291e-01	5.2500000000000002e-01	0.0000000000000000e+00	6.1392310431513622e+07	5.3674156547183615e+04	-1.2009484010519309e+08	1.3199593672086705e+01	-1.2297594488299682e-03	0.0000000000000000e+00	1.3199604217672675e+01	1.4531704180566912e+01	0.0000000000000000e+00	4.1839604980026389e-02	0.0000000000000000e+00	0.0000000000000000e+00	
1.0852844075579098e+00	-0.0000000000000000e+00	-0.0000000000000000e+00	7.1341037481598291e-01	5.2500000000000002e-01	0.0000000000000000e+00	6.1392310431513622e+07	5.3674156547183615e+04	-1.2009484010519309e+08	1.3199593672086705e+01	-1.2297594488299682e-03	0.0000000000000000e+00	1.3199604217672675e+01	1.4531704180566912e+01	0.0000000000000000e+00	4.1839604980026389e-02	0.0000000000000000e+00	0.0000000000000000e+00	
1.0876534188789628e+00	-0.0000000000000000e+00	-0.0000000000000000e+00	7.1819338041993364e-01	5.2500000000000002e-01	0.0000000000000000e+00	6.1353106037150219e+07	4.9502546375659236e+04	-1.2010187398524472e+08	1.3244521091443289e+01	-1.2182797773418071e-03	0.0000000000000000e+00	1.3244531591662186e+01	1.4531704180566912e+01	0.0000000000000000e+00	4.1839604980026389e-02	0.0000000000000000e+00	0.0000000000000000e+00	
1.0900224302000159e+00	-0.0000000000000000e+00	-0.0000000000000000e+00	7.1819338041993364e-01	5.2500000000000002e-01	0.0000000000000000e+00	6.1353106037150219e+07	4.9502546375659236e+04	-1.2010187398524472e+08	1.3244521091443289e+01	-1.2182797773418071e-03	0.0000000000000000e+00	1.3244531591662186e+01	1.4531704180566912e+01	0.0000000000000000e+00	4.1839604980026389e-02	0.0000000000000000e+00	0.0000000000000000e+00	
1.0923914415210689e+00	-0.0000000000000000e+00	-0.0000000000000000e+00	7.2309834971444675e-01	5.2500000000000002e-01	0.0000000000000000e+00	6.1314038337503880e+07	4.5029852347086249e+04	-1.2010826049723144e+08	1.3289303333470695e+01	-1.2097725103645551e-03	0.0000000000000000e+00	1.3289313785358722e+01	1.4531704180566912e+01	0.0000000000000000e+00	4.1839604980026389e-02	0.0000000000000000e+00	0.0000000000000000e+00	
1.0947604528421220e+00	-0.0000000000000000e+00	-0.0000000000000000e+00	7.2309834971444675e-01	5.2500000000000002e-01	0.0000000000000000e+00	6.1314038337503880e+07	4.5029852347086249e+04	-1.2010826049723144e+08	1.3289303333470695e+01	-1.2097725103645551e-03	0.0000000000000000e+00	1.3289313785358722e+01	1.4531704180566912e+01	0.0000000000000000e+00	4.1839604980026389e-02	0.0000000000000000e+00	0.0000000000000000e+00	
1.0971294641631750e+00	-0.0000000000000000e+00	-0.0000000000000000e+00	7.2807596631354243e-01	5.2500000000000002e-01	0.0000000000000000e+00	6.1275110831088699e+07	4.0390743628680138e+04	-1.2011400165146998e+08	1.3333942478322037e+01	-1.2043033122133048e-03	0.0000000000000000e+00	1.3333952878491070e+01	1.4531704180566912e+01	0.0000000000000000e+00	4.1839604980026389e-02	0.0000000000000000e+00	0.0000000000000000e+00	
1.0994984754842281e+00	-0.0000000000000000e+00	-0.0000000000000000e+00	7.2807596631354243e-01	5.2500000000000002e-01	0.0000000000000000e+00	6.1275110831088699e+07	4.0390743628680138e+04	-1.2011400165146998e+08	1.3333942478322037e+01	-1.2043033122133048e-03	0.0000000000000000e+00	1.3333952878491070e+01	1.4531704180566912e+01	0.0000000000000000e+00	4.1839604980026389e-02	0.0000000000000000e+00	0.0000000000000000e+00	
1.1018674868052811e+00	-0.0000000000000000e+00	-0.0000000000000000e+00	7.3309093602357556e-01	5.2500000000000002e-01	0.0000000000000000e+00	6.1236321000598431e+07	3.5704272184472757e+04	-1.2011916371299058e+08	1.3378440788818006e+01	-1.2018590497483569e-03	0.0000000000000000e+00	1.3378451133566116e+01	1.4531704180566912e+01	0.0000000000000000e+00	4.1839604980026389e-02	0.0000000000000000e+00	0.0000000000000000e+00	
1.1042364981263342e+00	-0.0000000000000000e+00	-0.0000000000000000e+00	7.3309093602357556e-01	5.2500000000000002e-01	0.0000000000000000e+00	6.1236321000598431e+07	3.5704272184472757e+04	-1.2011916371299058e+08	1.3378440788818006e+01	-1.2018590497483569e-03	0.0000000000000000e+00	1.3378451133566116e+01	1.4531704180566912e+01	0.0000000000000000e+00	4.1839604980026389e-02	0.0000000000000000e+00	0.0000000000000000e+00	
1.1066055094473872e+00	-0.0000000000000000e+00	-0.0000000000000000e+00	7.3809793504441479e-01	5.2500000000000002e-01	0.0000000000000000e+00	6.1197705704688616e+07	3.1082921695790792e+04	-1.2012375676140940e+08	1.3422800906265410e+01	-1.2023479410532064e-03	0.0000000000000000e+00	1.3422811191614826e+01	1.4531704180566912e+01	0.0000000000000000e+00	4.1839604980026389e-02	0.0000000000000000e+00	0.0000000000000000e+00	
1.1089745207684403e+00	-0.0000000000000000e+00	-0.0000000000000000e+00	7.3809793504441479e-01	5.2500000000000002e-01	0.0000000000000000e+00	6.1197705704688616e+07	3.1082921695790792e+04	-1.2012375676140940e+08	1.3422800906265410e+01	-1.2023479410532064e-03	0.0000000000000000e+00	1.3422811191614826e+01	1.4531704180566912e+01	0.0000000000000000e+00	4.1839604980026389e-02	0.0000000000000000e+00	0.0000000000000000e+00	
1.1113435320894933e+00	-0.0000000000000000e+00	-0.0000000000000000e+00	7.4306445272656940e-01	5.2500000000000002e-01	0.0000000000000000e+00	6.1159303207964420e+07	2.6617741008686233e+04	-1.2012783307131357e+08	1.3467025677766072e+01	-1.2056192347753112e-03	0.0000000000000000e+00	1.3467035899621939e+01	1.4531704180566912e+01	0.0000000000000000e+00	4.1839604980026389e-02	0.0000000000000000e+00	0.0000000000000000e+00	
1.1137125434105464e+00	-0.0000000000000000e+00	-0.0000000000000000e+00	7.4306445272656940e-01	5.2500000000000002e-01	0.0000000000000000e+00	6.1159303207964420e+07	2.6617741008686233e+04	-1.2012783307131357e+08	1.3467025677766072e+01	-1.2056192347753112e-03	0.0000000000000000e+00	1.3467035899621939e+01	1.4531704180566912e+01	0.0000000000000000e+00	4.1839604980026389e-02	0.0000000000000000e+00	0.0000000000000000e+00	
1.1160815547315994e+00	-0.0000000000000000e+00	-0.0000000000000000e+00	7.4795048286095633e-01	5.2500000000000002e-01	0.0000000000000000e+00	6.1121189757325120e+07	2.2385100781308160e+04	-1.2013139011567390e+08	1.3511118363317021e+01	-1.2114682823286176e-03	0.0000000000000000e+00	1.3511128517535258e+01	1.4531704180566912e+01	0.0000000000000000e+00	4.1839604980026389e-02	0.0000000000000000e+00	0.0000000000000000e+00	
1.1184505660526525e+00	-0.0000000000000000e+00	-0.0000000000000000e+00	7.4795048286095633e-01	5.2500000000000002e-01	0.0000000000000000e+00	6.1121189757325120e+07	2.2385100781308160e+04	-1.2013139011567390e+08	1.3511118363317021e+01	-1.2114682823286176e-03	0.0000000000000000e+00	1.3511128517535258e+01	1.4531704180566912e+01	0.0000000000000000e+00	4.1839604980026389e-02	0.0000000000000000e+00	0.0000000000000000e+00	
1.1208195773737055e+00	-0.0000000000000000e+00	-0.0000000000000000e+00	7.5272699503155871e-01	5.2500000000000002e-01	0.0000000000000000e+00	6.1083445552114196e+07	1.8437506636106038e+04	-1.2013444854000899e+08	1.3555082471336460e+01	-1.2196595746964906e-03	0.0000000000000000e+00	1.3555092553908246e+01	1.4531704180566912e+01	0.0000000000000000e+00	4.1839604980026389e-02	0.0000000000000000e+00	0.0000000000000000e+00	
1.1231885886947586e+00	-0.0000000000000000e+00	-0.0000000000000000e+00	7.5272699503155871e-01	5.2500000000000002e-01	0.0000000000000000e+00	6.1083445552114196e+07	1.8437506636106038e+04	-1.2013444854000899e+08	1.3555082471336460e+01	-1.2196595746964906e-03	0.0000000000000000e+00	1.3555092553908246e+01	1.4531704180566912e+01	0.0000000000000000e+00	4.1839604980026389e-02	0.0000000000000000e+00	0.0000000000000000e+00	
1.1255576000158116e+00	-0.0000000000000000e+00	-0.0000000000000000e+00	7.5735967830519613e-01	5.2500000000000002e-01	0.0000000000000000e+00	6.1046181187998451e+07	1.4808822181761987e+04	-1.2013698038398443e+08	1.3598921961357760e+01	-1.2299342743933041e-03	0.0000000000000000e+00	1.3598931968486703e+01	1.4531704180566912e+01	0.0000000000000000e+00	4.1839604980026389e-02	0.0000000000000000e+00	0.0000000000000000e+00	
1.1279266113368647e+00	-0.0000000000000000e+00	-0.0000000000000000e+00	7.5735967830519613e-01	5.2500000000000002e-01	0.0000000000000000e+00	6.1046181187998451e+07	1.4808822181761987e+04	-1.2013698038398443e+08	1.3598921961357760e+01	-1.2299342743933041e-03	0.0000000000000000e+00	1.3598931968486703e+01	1.4531704180566912e+01	0.0000000000000000e+00	4.1839604980026389e-02	0.0000000000000000e+00	0.0000000000000000e+00	
1.1302956226579177e+00	-0.0000000000000000e+00	-0.0000000000000000e+00	7.6182292722973355e-01	5.2500000000000002e-01	0.0000000000000000e+00	6.1009507497358024e+07	1.1511322034564137e+04	-1.2013896658156370e+08	1.3642641075059810e+01	-1.2420333849499307e-03	0.0000000000000000e+00	1.3642651003351391e+01	1.4531704180566912e+01	0.0000000000000000e+00	4.1839604980026389e-02	0.0000000000000000e+00	0.0000000000000000e+00	
1.1326646339789708e+00	-0.0000000000000000e+00	-0.0000000000000000e+00	7.6182292722973355e-01	5.2500000000000002e-01	0.0000000000000000e+00	6.1009507497358024e+07	1.1511322034564137e+04	-1.2013896658156370e+08	1.3642641075059810e+01	-1.2420333849499307e-03	0.0000000000000000e+00	1.3642651003351391e+01	1.4531704180566912e+01	0.0000000000000000e+00	4.1839604980026389e-02	0.0000000000000000e+00	0.0000000000000000e+00	
1.1350336453000238e+00	-0.0000000000000000e+00	-0.0000000000000000e+00	7.6608784112299244e-01	5.2500000000000002e-01	0.0000000000000000e+00	6.0973551917842627e+07	8.5395837855671416e+03	-1.2014035109782983e+08	1.3686244514196261e+01	-1.2557044858604073e-03	0.0000000000000000e+00	1.3686254360728908e+01	1.4531704180566912e+01	0.0000000000000000e+00	4.1839604980026389e-02	0.0000000000000000e+00	0.0000000000000000e+00	
1.1374026566210769e+00	-0.0000000000000000e+00	-0.0000000000000000e+00	7.6608784112299244e-01	5.2500000000000002e-01	0.0000000000000000e+00	6.0973551917842627e+07	8.5395837855671416e+03	-1.2014035109782983e+08	1.3686244514196261e+01	-1.2557044858604073e-03	0.0000000000000000e+00	1.3686254360728908e+01	1.4531704180566912e+01	0.0000000000000000e+00	4.1839604980026389e-02	0.0000000000000000e+00	0.0000000000000000e+00	
1.1397716679421299e+00	-0.0000000000000000e+00	-0.0000000000000000e+00	7.7013171981320749e-01	5.2500000000000002e-01	0.0000000000000000e+00	6.0938433090797968e+07	5.8735461607099023e+03	-1.2014107777738661e+08	1.3729737252423577e+01	-1.2707215040599520e-03	0.0000000000000000e+00	1.3729747014929066e+01	1.4531704180566912e+01	0.0000000000000000e+00	4.1839604980026389e-02	0.0000000000000000e+00	0.0000000000000000e+00	
1.1421406792631830e+00	-0.0000000000000000e+00	-0.0000000000000000e+00	7.7013171981320749e-01	5.2500000000000002e-01	0.0000000000000000e+00	6.0938433090797968e+07	5.8735461607099023e+03	-1.2014107777738661e+08	1.3729737252423577e+01	-1.2707215040599520e-03	0.0000000000000000e+00	1.3729747014929066e+01	1.4531704180566912e+01	0.0000000000000000e+00	4.1839604980026389e-02	0.0000000000000000e+00	0.0000000000000000e+00	
1.1445096905842360e+00	-0.0000000000000000e+00	-0.0000000000000000e+00	7.7393043868205524e-01	5.2500000000000002e-01	0.0000000000000000e+00	6.0904268368899532e+07	3.4805249771505546e+03	-1.2014107029069309e+08	1.3773124669424005e+01	-1.2868876105896229e-03	0.0000000000000000e+00	1.3773134346342257e+01	1.4531704180566912e+01	0.0000000000000000e+00	4.1839604980026389e-02	0.0000000000000000e+00	0.0000000000000000e+00	
1.1468787019052891e+00	-0.0000000000000000e+00	-0.0000000000000000e+00	7.7393043868205524e-01	5.2500000000000002e-01	0.0000000000000000e+00	6.0904268368899532e+07	3.4805249771505546e+03	-1.2014107029069309e+08	1.3773124669424005e+01	-1.2868876105896229e-03	0.0000000000000000e+00	1.3773134346342257e+01	1.4531704180566912e+01	0.0000000000000000e+00	4.1839604980026389e-02	0.0000000000000000e+00	0.0000000000000000e+00	
1.1492477132263421e+00	-0.0000000000000000e+00	-0.0000000000000000e+00	7.7746355558247415e-01	5.2500000000000002e-01	0.0000000000000000e+00	6.0871154683987610e+07	1.3232344322705208e+03	-1.2014024821646409e+08	1.3816412332516526e+01	-1.3040488309266675e-03	0.0000000000000000e+00	1.3816421923155145e+01	1.4531704180566912e+01	0.0000000000000000e+00	4.1839604980026389e-02	0.0000000000000000e+00	0.0000000000000000e+00	
1.1516167245473952e+00	-0.0000000000000000e+00	-0.0000000000000000e+00	7.7746355558247415e-01	5.2500000000000002e-01	0.0000000000000000e+00	6.0871154683987610e+07	1.3232344322705208e+03	-1.2014024821646409e+08	1.3816412332516526e+01	-1.3040488309266675e-03	0.0000000000000000e+00	1.3816421923155145e+01	1.4531704180566912e+01	0.0000000000000000e+00	4.1839604980026389e-02	0.0000000000000000e+00	0.0000000000000000e+00	
1.1539857358684482e+00	-0.0000000000000000e+00	-0.0000000000000000e+00	7.8071109707285169e-01	5.2500000000000002e-01	0.0000000000000000e+00	6.0839169080149092e+07	-6.4119660504305159e+02	-1.2013853193044657e+08	1.3859606074636140e+01	-1.3220912772681146e-03	0.0000000000000000e+00	1.3859615579196328e+01	1.4531704180566912e+01	0.0000000000000000e+00	4.1839604980026389e-02	0.0000000000000000e+00	0.0000000000000000e+00	
1.1563547471895013e+00	-0.0000000000000000e+00	-0.0000000000000000e+00	7.8071109707285169e-01	5.2500000000000002e-01	0.0000000000000000e+00	6.0839169080149092e+07	-6.4119660504305159e+02	-1.2013853193044657e+08	1.3859606074636140e+01	-1.3220912772681146e-03	0.0000000000000000e+00	1.3859615579196328e+01	1.4531704180566912e+01	0.0000000000000000e+00	4.1839604980026389e-02	0.0000000000000000e+00	0.0000000000000000e+00	
1.1587237585105543e+00	-0.0000000000000000e+00	-0.0000000000000000e+00	7.8365445237902087e-01	5.2500000000000002e-01	0.0000000000000000e+00	6.0808357488478534e+07	-2.4497898808378945e+03	-1.2013583778642088e+08	1.3902711743026044e+01	-1.3409474432898147e-03	0.0000000000000000e+00	1.3902721162723518e+01	1.4531704180566912e+01	0.0000000000000000e+00	4.1839604980026389e-02	0.0000000000000000e+00	0.0000000000000000e+00	
1.1610927698316074e+00	-0.0000000000000000e+00	-0.0000000000000000e+00	7.8365445237902087e-01	5.2500000000000002e-01	0.0000000000000000e+00	6.0808357488478534e+07	-2.4497898808378945e+03	-1.2013583778642088e+08	1.3902711743026044e+01	-1.3409474432898147e-03	0.0000000000000000e+00	1.3902721162723518e+01	1.4531704180566912e+01	0.0000000000000000e+00	4.1839604980026389e-02	0.0000000000000000e+00	0.0000000000000000e+00	
1.1634617811526604e+00	-0.0000000000000000e+00	-0.0000000000000000e+00	7.8627750909812244e-01	5.2500000000000002e-01	0.0000000000000000e+00	6.0778730293788962e+07	-4.1389763686004608e+03	-1.2013210619711402e+08	1.3945735219264956e+01	-1.3605877504981982e-03	0.0000000000000000e+00	1.3945744556306542e+01	1.4531704180566912e+01	0.0000000000000000e+00	4.1839604980026389e-02	0.0000000000000000e+00	0.0000000000000000e+00	
1.1658307924737135e+00	-0.0000000000000000e+00	-0.0000000000000000e+00	7.8627750909812244e-01	5.2500000000000002e-01	0.0000000000000000e+00	6.0778730293788962e+07	-4.1389763686004608e+03	-1.2013210619711402e+08	1.3945735219264956e+01	-1.3605877504981982e-03	0.0000000000000000e+00	1.3945744556306542e+01	1.4531704180566912e+01	0.0000000000000000e+00	4.1839604980026389e-02	0.0000000000000000e+00	0.0000000000000000e+00	
1.1681998037947665e+00	-0.0000000000000000e+00	-0.0000000000000000e+00	7.8856355291787772e-01	5.2500000000000002e-01	0.0000000000000000e+00	6.0750260312137827e+07	-5.7313096031906971e+03	-1.2012727563136682e+08	1.3988682143338551e+01	-1.3810202813194187e-03	0.0000000000000000e+00	1.3988691400980709e+01	1.4531704180566912e+01	0.0000000000000000e+00	4.1839604980026389e-02	0.0000000000000000e+00	0.0000000000000000e+00	
1.1705688151158196e+00	-0.0000000000000000e+00	-0.0000000000000000e+00	7.8856355291787772e-01	5.2500000000000002e-01	0.0000000000000000e+00	6.0750260312137827e+07	-5.7313096031906971e+03	-1.2012727563136682e+08	1.3988682143338551e+01	-1.3810202813194187e-03	0.0000000000000000e+00	1.3988691400980709e+01	1.4531704180566912e+01	0.0000000000000000e+00	4.1839604980026389e-02	0.0000000000000000e+00	0.0000000000000000e+00	
1.1729378264368726e+00	-0.0000000000000000e+00	-0.0000000000000000e+00	7.9050059181865784e-01	5.2500000000000002e-01	0.0000000000000000e+00	6.0722875076592140e+07	-7.2458975044988811e+03	-1.2012133125799693e+08	1.4031557885965045e+01	-1.4022784028901098e-03	0.0000000000000000e+00	1.4031567068419250e+01	1.4531704180566912e+01	0.0000000000000000e+00	4.1839604980026389e-02	0.0000000000000000e+00	0.0000000000000000e+00	
1.1753068377579257e+00	-0.0000000000000000e+00	-0.0000000000000000e+00	7.9050059181865784e-01	5.2500000000000002e-01	0.0000000000000000e+00	6.0722875076592140e+07	-7.2458975044988811e+03	-1.2012133125799693e+08	1.4031557885965045e+01	-1.4022784028901098e-03	0.0000000000000000e+00	1.4031567068419250e+01	1.4531704180566912e+01	0.0000000000000000e+00	4.1839604980026389e-02	0.0000000000000000e+00	0.0000000000000000e+00	
1.1776758490789787e+00	-0.0000000000000000e+00	-0.0000000000000000e+00	7.9207450476216201e-01	5.2500000000000002e-01	0.0000000000000000e+00	6.0696464649135098e+07	-8.6843425233217877e+03	-1.2011425743702778e+08	1.4074367267492615e+01	-1.4244162828806616e-03	0.0000000000000000e+00	1.4074376379903853e+01	1.4531704180566912e+01	0.0000000000000000e+00	4.1839604980026389e-02	0.0000000000000000e+00	0.0000000000000000e+00	
1.1800448604000318e+00	-0.0000000000000000e+00	-0.0000000000000000e+00	7.9207450476216201e-01	5.2500000000000002e-01	0.0000000000000000e+00	6.0696464649135098e+07	-8.6843425233217877e+03	-1.2011425743702778e+08	1.4074367267492615e+01	-1.4244162828806616e-03	0.0000000000000000e+00	1.4074376379903853e+01	1.4531704180566912e+01	0.0000000000000000e+00	4.1839604980026389e-02	0.0000000000000000e+00	0.0000000000000000e+00	
1.1824138717210848e+00	-0.0000000000000000e+00	-0.0000000000000000e+00	7.9327830233871333e-01	5.2500000000000002e-01	0.0000000000000000e+00	6.0670871712797858e+07	-1.0046461119991302e+04	-1.2010610375428464e+08	1.4117114503613191e+01	-1.4474955550984594e-03	0.0000000000000000e+00	1.4117123551886714e+01	1.4531704180566912e+01	0.0000000000000000e+00	4.1839604980026389e-02	0.0000000000000000e+00	0.0000000000000000e+00	
1.1847828830421379e+00	-0.0000000000000000e+00	-0.0000000000000000e+00	7.9327830233871333e-01	5.2500000000000002e-01	0.0000000000000000e+00	6.0670871712797858e+07	-1.0046461119991302e+04	-1.2010610375428464e+08	1.4117114503613191e+01	-1.4474955550984594e-03	0.0000000000000000e+00	1.4117123551886714e+01	1.4531704180566912e+01	0.0000000000000000e+00	4.1839604980026389e-02	0.0000000000000000e+00	0.0000000000000000e+00	
1.1871518943631909e+00	-0.0000000000000000e+00	-0.0000000000000000e+00	7.9410178437485213e-01	5.2500000000000002e-01	0.0000000000000000e+00	6.0645909030341223e+07	-1.1315752657288962e+04	-1.2009691607990728e+08	1.4159802947006220e+01	-1.4715797590299966e-03	0.0000000000000000e+00	1.4159811937710268e+01	1.4531704180566912e+01	0.0000000000000000e+00	4.1839604980026389e-02	0.0000000000000000e+00	0.0000000000000000e+00	
1.1895209056842440e+00	-0.0000000000000000e+00	-0.0000000000000000e+00	7.9410178437485213e-01	5.2500000000000002e-01	0.0000000000000000e+00	6.0645909030341223e+07	-1.1315752657288962e+04	-1.2009691607990728e+08	1.4159802947006220e+01	-1.4715797590299966e-03	0.0000000000000000e+00	1.4159811937710268e+01	1.4531704180566912e+01	0.0000000000000000e+00	4.1839604980026389e-02	0.0000000000000000e+00	0.0000000000000000e+00	
1.1918899170052970e+00	-0.0000000000000000e+00	-0.0000000000000000e+00	7.9454440660568493e-01	5.2500000000000002e-01	0.0000000000000000e+00	6.0621347722296692e+07	-1.2479598880276168e+04	-1.2008681689542001e+08	1.4202435034344374e+01	-1.4967232686692454e-03	0.0000000000000000e+00	1.4202443974476944e+01	1.4531704180566912e+01	0.0000000000000000e+00	4.1839604980026389e-02	0.0000000000000000e+00	0.0000000000000000e+00	
1.1942589283263501e+00	-0.0000000000000000e+00	-0.0000000000000000e+00	7.9454440660568493e-01	5.2500000000000002e-01	0.0000000000000000e+00	6.0621347722296692e+07	-1.2479598880276168e+04	-1.2008681689542001e+08	1.4202435034344374e+01	-1.4967232686692454e-03	0.0000000000000000e+00	1.4202443974476944e+01	1.4531704180566912e+01	0.0000000000000000e+00	4.1839604980026389e-02	0.0000000000000000e+00	0.0000000000000000e+00	
1.1966279396474031e+00	-0.0000000000000000e+00	-0.0000000000000000e+00	7.9460171890197895e-01	5.2500000000000002e-01	0.0000000000000000e+00	6.0596943359130062e+07	-1.3513788480483490e+04	-1.2007591595086798e+08	1.4245012081814954e+01	-1.5229675673874925e-03	0.0000000000000000e+00	1.4245020978661042e+01	1.4531704180566912e+01	0.0000000000000000e+00	4.1839604980026389e-02	0.0000000000000000e+00	0.0000000000000000e+00	
1.1989969509684562e+00	-0.0000000000000000e+00	-0.0000000000000000e+00	7.9460171890197895e-01	5.2500000000000002e-01	0.0000000000000000e+00	6.0596943359130062e+07	-1.3513788480483490e+04	-1.2007591595086798e+08	1.4245012081814954e+01	-1.5229675673874925e-03	0.0000000000000000e+00	1.4245020978661042e+01	1.4531704180566912e+01	0.0000000000000000e+00	4.1839604980026389e-02	0.0000000000000000e+00	0.0000000000000000e+00	
1.2013659622895092e+00	-0.0000000000000000e+00	-0.0000000000000000e+00	7.9428143729500167e-01	5.2500000000000002e-01	0.0000000000000000e+00	6.0572422117089942e+07	-1.4405646295187189e+04	-1.2006440244426550e+08	1.4287534261889837e+01	-1.5503348879830877e-03	0.0000000000000000e+00	1.4287543122768453e+01	1.4531704180566912e+01	0.0000000000000000e+00	4.1839604980026389e-02	0.0000000000000000e+00	0.0000000000000000e+00	
1.2037349736105623e+00	-0.0000000000000000e+00	-0.0000000000000000e+00	7.9428143729500167e-01	5.2500000000000002e-01	0.0000000000000000e+00	6.0572422117089942e+07	-1.4405646295187189e+04	-1.2006440244426550e+08	1.4287534261889837e+01	-1.5503348879830877e-03	0.0000000000000000e+00	1.4287543122768453e+01	1.4531704180566912e+01	0.0000000000000000e+00	4.1839604980026389e-02	0.0000000000000000e+00	0.0000000000000000e+00	
1.2061039849316153e+00	-0.0000000000000000e+00	-0.0000000000000000e+00	7.9358693574053707e-01	5.2500000000000002e-01	0.0000000000000000e+00	6.0547513759690687e+07	-1.5136668324965420e+04	-1.2005243760144195e+08	1.4330000480159061e+01	-1.5788280479302750e-03	0.0000000000000000e+00	1.4330009312278426e+01	1.4531704180566912e+01	0.0000000000000000e+00	4.1839604980026389e-02	0.0000000000000000e+00	0.0000000000000000e+00	
1.2084729962526684e+00	-0.0000000000000000e+00	-0.0000000000000000e+00	7.9358693574053707e-01	5.2500000000000002e-01	0.0000000000000000e+00	6.0547513759690687e+07	-1.5136668324965420e+04	-1.2005243760144195e+08	1.4330000480159061e+01	-1.5788280479302750e-03	0.0000000000000000e+00	1.4330009312278426e+01	1.4531704180566912e+01	0.0000000000000000e+00	4.1839604980026389e-02	0.0000000000000000e+00	0.0000000000000000e+00	
1.2108420075737214e+00	-0.0000000000000000e+00	-0.0000000000000000e+00	7.9253605377900416e-01	5.2500000000000002e-01	0.0000000000000000e+00	6.0521934785963215e+07	-1.5706732127080555e+04	-1.2004025715864523e+08	1.4372408403726041e+01	-1.6084296773550191e-03	0.0000000000000000e+00	1.4372417213954318e+01	1.4531704180566912e+01	0.0000000000000000e+00	4.1839604980026389e-02	0.0000000000000000e+00	0.0000000000000000e+00	
1.2132110188947745e+00	-0.0000000000000000e+00	-0.0000000000000000e+00	7.9253605377900416e-01	5.2500000000000002e-01	0.0000000000000000e+00	6.0521934785963215e+07	-1.5706732127080555e+04	-1.2004025715864523e+08	1.4372408403726041e+01	-1.6084296773550191e-03	0.0000000000000000e+00	1.4372417213954318e+01	1.4531704180566912e+01	0.0000000000000000e+00	4.1839604980026389e-02	0.0000000000000000e+00	0.0000000000000000e+00	
1.2155800302158275e+00	-0.0000000000000000e+00	-0.0000000000000000e+00	7.9114190597047496e-01	5.2500000000000002e-01	0.0000000000000000e+00	6.0495426015594602e+07	-1.6113920477576194e+04	-1.2002804937152894e+08	1.4414754436151371e+01	-1.6391055850230628e-03	0.0000000000000000e+00	1.4414763230906193e+01	1.4531704180566912e+01	0.0000000000000000e+00	4.1839604980026389e-02	0.0000000000000000e+00	0.0000000000000000e+00	
1.2179490415368806e+00	-0.0000000000000000e+00	-0.0000000000000000e+00	7.9114190597047496e-01	5.2500000000000002e-01	0.0000000000000000e+00	6.0495426015594602e+07	-1.6113920477576194e+04	-1.2002804937152894e+08	1.4414754436151371e+01	-1.6391055850230628e-03	0.0000000000000000e+00	1.4414763230906193e+01	1.4531704180566912e+01	0.0000000000000000e+00	4.1839604980026389e-02	0.0000000000000000e+00	0.0000000000000000e+00	
1.2203180528579336e+00	-0.0000000000000000e+00	-0.0000000000000000e+00	7.8943389694020150e-01	5.2500000000000002e-01	0.0000000000000000e+00	6.0467731504697509e+07	-1.6378218193696168e+04	-1.2001606694589594e+08	1.4457033806528784e+01	-1.6708086093079908e-03	0.0000000000000000e+00	1.4457042591600636e+01	1.4531704180566912e+01	0.0000000000000000e+00	4.1839604980026389e-02	0.0000000000000000e+00	0.0000000000000000e+00	
1.2226870641789866e+00	-0.0000000000000000e+00	-0.0000000000000000e+00	7.8943389694020150e-01	5.2500000000000002e-01	0.0000000000000000e+00	6.0467731504697509e+07	-1.6378218193696168e+04	-1.2001606694589594e+08	1.4457033806528784e+01	-1.6708086093079908e-03	0.0000000000000000e+00	1.4457042591600636e+01	1.4531704180566912e+01	0.0000000000000000e+00	4.1839604980026389e-02	0.0000000000000000e+00	0.0000000000000000e+00	
1.2250560755000397e+00	-0.0000000000000000e+00	-0.0000000000000000e+00	7.8743611365760235e-01	5.2500000000000002e-01	0.0000000000000000e+00	6.0438638242460929e+07	-1.6518130126070417e+04	-1.2000449466822143e+08	1.4499240643826901e+01	-1.7034837907848881e-03	0.0000000000000000e+00	1.4499249424320105e+01	1.4531704180566912e+01	0.0000000000000000e+00	4.1839604980026389e-02	0.0000000000000000e+00	0.0000000000000000e+00	
1.2274250868210927e+00	-0.0000000000000000e+00	-0.0000000000000000e+00	7.8743611365760235e-01	5.2500000000000002e-01	0.0000000000000000e+00	6.0438638242460929e+07	-1.6518130126070417e+04	-1.2000449466822143e+08	1.4499240643826901e+01	-1.7034837907848881e-03	0.0000000000000000e+00	1.4499249424320105e+01	1.4531704180566912e+01	0.0000000000000000e+00	4.1839604980026389e-02	0.0000000000000000e+00	0.0000000000000000e+00	
1.2297940981421458e+00	-0.0000000000000000e+00	-0.0000000000000000e+00	7.8518999523729760e-01	5.2500000000000002e-01	0.0000000000000000e+00	6.0407949660752289e+07	-1.6572981847163370e+04	-1.1999357015454026e+08	1.4541368119736271e+01	-1.7370744468099557e-03	0.0000000000000000e+00	1.4541376899954381e+01	1.4531704180566912e+01	0.0000000000000000e+00	4.1839604980026389e-02	0.0000000000000000e+00	0.0000000000000000e+00	
1.2321631094631988e+00	-0.0000000000000000e+00	-0.0000000000000000e+00	7.8518999523729760e-01	5.2500000000000002e-01	0.0000000000000000e+00	6.0407949660752289e+07	-1.6572981847163370e+04	-1.1999357015454026e+08	1.4541368119736271e+01	-1.7370744468099557e-03	0.0000000000000000e+00	1.4541376899954381e+01	1.4531704180566912e+01	0.0000000000000000e+00	4.1839604980026389e-02	0.0000000000000000e+00	0.0000000000000000e+00	
1.2345321207842519e+00	-0.0000000000000000e+00	-0.0000000000000000e+00	7.8273060617796542e-01	5.2500000000000002e-01	0.0000000000000000e+00	6.0375525197557725e+07	-1.6576775406692392e+04	-1.1998344532119665e+08	1.4583408607120347e+01	-1.7715264512173467e-03	0.0000000000000000e+00	1.4583417390558601e+01	1.4531704180566912e+01	0.0000000000000000e+00	4.1839604980026389e-02	0.0000000000000000e+00	0.0000000000000000e+00	
1.2369011321053049e+00	-0.0000000000000000e+00	-0.0000000000000000e+00	7.8273060617796542e-01	5.2500000000000002e-01	0.0000000000000000e+00	6.0375525197557725e+07	-1.6576775406692392e+04	-1.1998344532119665e+08	1.4583408607120347e+01	-1.7715264512173467e-03	0.0000000000000000e+00	1.4583417390558601e+01	1.4531704180566912e+01	0.0000000000000000e+00	4.1839604980026389e-02	0.0000000000000000e+00	0.0000000000000000e+00	
1.2392701434263580e+00	-0.0000000000000000e+00	-0.0000000000000000e+00	7.8011043457466789e-01	5.2500000000000002e-01	0.0000000000000000e+00	6.0341247741418868e+07	-1.6579103951772915e+04	-1.1997431505151977e+08	1.4625353854878117e+01	-1.8067936746223008e-03	0.0000000000000000e+00	1.4625362644168064e+01	1.4531704180566912e+01	0.0000000000000000e+00	4.1839604980026389e-02	0.0000000000000000e+00	0.0000000000000000e+00	
1.2416391547474110e+00	-0.0000000000000000e+00	-0.0000000000000000e+00	7.8011043457466789e-01	5.2500000000000002e-01	0.0000000000000000e+00	6.0341247741418868e+07	-1.6579103951772915e+04	-1.1997431505151977e+08	1.4625353854878117e+01	-1.8067936746223008e-03	0.0000000000000000e+00	1.4625362644168064e+01	1.4531704180566912e+01	0.0000000000000000e+00	4.1839604980026389e-02	0.0000000000000000e+00	0.0000000000000000e+00	
1.2440081660684641e+00	-0.0000000000000000e+00	-0.0000000000000000e+00	7.7737391775181330e-01	5.2500000000000002e-01	0.0000000000000000e+00	6.0305061517584212e+07	-1.6617506865153453e+04	-1.1996627618656242e+08	1.4667195202006047e+01	-1.8428388248261469e-03	0.0000000000000000e+00	1.4667203998952488e+01	1.4531704180566912e+01	0.0000000000000000e+00	4.1839604980026389e-02	0.0000000000000000e+00	0.0000000000000000e+00	
1.2463771773895171e+00	-0.0000000000000000e+00	-0.0000000000000000e+00	7.7737391775181330e-01	5.2500000000000002e-01	0.0000000000000000e+00	6.0305061517584212e+07	-1.6617506865153453e+04	-1.1996627618656242e+08	1.4667195202006047e+01	-1.8428388248261469e-03	0.0000000000000000e+00	1.4667203998952488e+01	1.4531704180566912e+01	0.0000000000000000e+00	4.1839604980026389e-02	0.0000000000000000e+00	0.0000000000000000e+00	
1.2487461887105702e+00	-0.0000000000000000e+00	-0.0000000000000000e+00	7.7458191984887792e-01	5.2500000000000002e-01	0.0000000000000000e+00	6.0266933702034682e+07	-1.6737734750332922e+04	-1.1995946263262725e+08	1.4708923753199258e+01	-1.8796361086297155e-03	0.0000000000000000e+00	1.4708932558778658e+01	1.4531704180566912e+01	0.0000000000000000e+00	4.1839604980026389e-02	0.0000000000000000e+00	0.0000000000000000e+00	
1.2511152000316232e+00	-0.0000000000000000e+00	-0.0000000000000000e+00	7.7458191984887792e-01	5.2500000000000002e-01	0.0000000000000000e+00	6.0266933702034682e+07	-1.6737734750332922e+04	-1.1995946263262725e+08	1.4708923753199258e+01	-1.8796361086297155e-03	0.0000000000000000e+00	1.4708932558778658e+01	1.4531704180566912e+01	0.0000000000000000e+00	4.1839604980026389e-02	0.0000000000000000e+00	0.0000000000000000e+00	
1.2534842113526763e+00	-0.0000000000000000e+00	-0.0000000000000000e+00	7.7178498271168317e-01	5.2500000000000002e-01	0.0000000000000000e+00	6.0226890065706529e+07	-1.6966341974564311e+04	-1.1995390470715475e+08	1.4750530613799016e+01	-1.9171673198326031e-03	0.0000000000000000e+00	1.4750539428233918e+01	1.4531704180566912e+01	0.0000000000000000e+00	4.1839604980026389e-02	0.0000000000000000e+00	0.0000000000000000e+00	
1.2558532226737293e+00	-0.0000000000000000e+00	-0.0000000000000000e+00	7.7178498271168317e-01	5.2500000000000002e-01	0.0000000000000000e+00	6.0226890065706529e+07	-1.6966341974564311e+04	-1.1995390470715475e+08	1.4750530613799016e+01	-1.9171673198326031e-03	0.0000000000000000e+00	1.4750539428233918e+01	1.4531704180566912e+01	0.0000000000000000e+00	4.1839604980026389e-02	0.0000000000000000e+00	0.0000000000000000e+00	
1.2582222339947824e+00	-0.0000000000000000e+00	-0.0000000000000000e+00	7.6904813999844468e-01	5.2500000000000002e-01	0.0000000000000000e+00	6.0184972005746655e+07	-1.7331325949377180e+04	-1.1994966858899336e+08	1.4792007033323516e+01	-1.9554211679141593e-03	0.0000000000000000e+00	1.4792015856129362e+01	1.4531704180566912e+01	0.0000000000000000e+00	4.1839604980026389e-02	0.0000000000000000e+00	0.0000000000000000e+00	
1.2605912453158354e+00	-0.0000000000000000e+00	-0.0000000000000000e+00	7.6904813999844468e-01	5.2500000000000002e-01	0.0000000000000000e+00	6.0184972005746655e+07	-1.7331325949377180e+04	-1.1994966858899336e+08	1.4792007033323516e+01	-1.9554211679141593e-03	0.0000000000000000e+00	1.4792015856129362e+01	1.4531704180566912e+01	0.0000000000000000e+00	4.1839604980026389e-02	0.0000000000000000e+00	0.0000000000000000e+00	
1.2629602566368885e+00	-0.0000000000000000e+00	-0.0000000000000000e+00	7.6642346215271717e-01	5.2500000000000002e-01	0.0000000000000000e+00	6.0141270330499537e+07	-1.7836639783535873e+04	-1.1994671797448370e+08	1.4833344628798510e+01	-1.9943850978658257e-03	0.0000000000000000e+00	1.4833353458887336e+01	1.4531704180566912e+01	0.0000000000000000e+00	4.1839604980026389e-02	0.0000000000000000e+00	0.0000000000000000e+00	
1.2653292679579415e+00	-0.0000000000000000e+00	-0.0000000000000000e+00	7.6642346215271717e-01	5.2500000000000002e-01	0.0000000000000000e+00	6.0141270330499537e+07	-1.7836639783535873e+04	-1.1994671797448370e+08	1.4833344628798510e+01	-1.9943850978658257e-03	0.0000000000000000e+00	1.4833353458887336e+01	1.4531704180566912e+01	0.0000000000000000e+00	4.1839604980026389e-02	0.0000000000000000e+00	0.0000000000000000e+00	
1.2676982792789946e+00	-0.0000000000000000e+00	-0.0000000000000000e+00	7.6397496281115262e-01	5.2500000000000002e-01	0.0000000000000000e+00	6.0095879752935201e+07	-1.8483979256150214e+04	-1.1994505531268480e+08	1.4874535469990168e+01	-2.0340425145819428e-03	0.0000000000000000e+00	1.4874544305756350e+01	1.4531704180566912e+01	0.0000000000000000e+00	4.1839604980026389e-02	0.0000000000000000e+00	0.0000000000000000e+00	
1.2700672906000476e+00	-0.0000000000000000e+00	-0.0000000000000000e+00	7.6397496281115262e-01	5.2500000000000002e-01	0.0000000000000000e+00	6.0095879752935201e+07	-1.8483979256150214e+04	-1.1994505531268480e+08	1.4874535469990168e+01	-2.0340425145819428e-03	0.0000000000000000e+00	1.4874544305756350e+01	1.4531704180566912e+01	0.0000000000000000e+00	4.1839604980026389e-02	0.0000000000000000e+00	0.0000000000000000e+00	
1.2724363019211007e+00	-0.0000000000000000e+00	-0.0000000000000000e+00	7.6175106030990669e-01	5.2500000000000002e-01	0.0000000000000000e+00	6.0048931813262850e+07	-1.9250324795619275e+04	-1.1994458700866427e+08	1.4915572268101654e+01	-2.0743624116748151e-03	0.0000000000000000e+00	1.4915581107540433e+01	1.4531704180566912e+01	0.0000000000000000e+00	4.1839604980026389e-02	0.0000000000000000e+00	0.0000000000000000e+00	
1.2748053132421537e+00	-0.0000000000000000e+00	-0.0000000000000000e+00	7.6175106030990669e-01	5.2500000000000002e-01	0.0000000000000000e+00	6.0048931813262850e+07	-1.9250324795619275e+04	-1.1994458700866427e+08	1.4915572268101654e+01	-2.0743624116748151e-03	0.0000000000000000e+00	1.4915581107540433e+01	1.4531704180566912e+01	0.0000000000000000e+00	4.1839604980026389e-02	0.0000000000000000e+00	0.0000000000000000e+00	
1.2771743245632068e+00	-0.0000000000000000e+00	-0.0000000000000000e+00	7.5980939321562424e-01	5.2500000000000002e-01	0.0000000000000000e+00	6.0000549210953012e+07	-2.0110978715913530e+04	-1.1994526370881289e+08	1.4956448388819508e+01	-2.1152969335455451e-03	0.0000000000000000e+00	1.4956457229633596e+01	1.4531704180566912e+01	0.0000000000000000e+00	4.1839604980026389e-02	0.0000000000000000e+00	0.0000000000000000e+00	
1.2795433358842598e+00	-0.0000000000000000e+00	-0.0000000000000000e+00	7.5980939321562424e-01	5.2500000000000002e-01	0.0000000000000000e+00	6.0000549210953012e+07	-2.0110978715913530e+04	-1.1994526370881289e+08	1.4956448388819508e+01	-2.1152969335455451e-03	0.0000000000000000e+00	1.4956457229633596e+01	1.4531704180566912e+01	0.0000000000000000e+00	4.1839604980026389e-02	0.0000000000000000e+00	0.0000000000000000e+00	
1.2819123472053129e+00	-0.0000000000000000e+00	-0.0000000000000000e+00	7.5818981083859860e-01	5.2500000000000002e-01	0.0000000000000000e+00	5.9950878974889748e+07	-2.1020379130733298e+04	-1.1994694984791504e+08	1.4997157996832321e+01	-2.1567716142703954e-03	0.0000000000000000e+00	1.4997166836542453e+01	1.4531704180566912e+01	0.0000000000000000e+00	4.1839604980026389e-02	0.0000000000000000e+00	0.0000000000000000e+00	
1.2842813585263659e+00	-0.0000000000000000e+00	-0.0000000000000000e+00	7.5818981083859860e-01	5.2500000000000002e-01	0.0000000000000000e+00	5.9950878974889748e+07	-2.1020379130733298e+04	-1.1994694984791504e+08	1.4997157996832321e+01	-2.1567716142703954e-03	0.0000000000000000e+00	1.4997166836542453e+01	1.4531704180566912e+01	0.0000000000000000e+00	4.1839604980026389e-02	0.0000000000000000e+00	0.0000000000000000e+00	
1.2866503698474190e+00	-0.0000000000000000e+00	-0.0000000000000000e+00	7.5693892569465504e-01	5.2500000000000002e-01	0.0000000000000000e+00	5.9900048784300745e+07	-2.1935696426223611e+04	-1.1994956038482818e+08	1.5037695996998508e+01	-2.1986858764802305e-03	0.0000000000000000e+00	1.5037704833045408e+01	1.4531704180566912e+01	0.0000000000000000e+00	4.1839604980026389e-02	0.0000000000000000e+00	0.0000000000000000e+00	
1.2890193811684720e+00	-0.0000000000000000e+00	-0.0000000000000000e+00	7.5693892569465504e-01	5.2500000000000002e-01	0.0000000000000000e+00	5.9900048784300745e+07	-2.1935696426223611e+04	-1.1994956038482818e+08	1.5037695996998508e+01	-2.1986858764802305e-03	0.0000000000000000e+00	1.5037704833045408e+01	1.4531704180566912e+01	0.0000000000000000e+00	4.1839604980026389e-02	0.0000000000000000e+00	0.0000000000000000e+00	
1.2913883924895251e+00	-0.0000000000000000e+00	-0.0000000000000000e+00	7.5608417111152171e-01	5.2500000000000002e-01	0.0000000000000000e+00	5.9848201104764506e+07	-2.2800346474180358e+04	-1.1995293533968258e+08	1.5078058138407645e+01	-2.2409062842063290e-03	0.0000000000000000e+00	1.5078066968228089e+01	1.4531704180566912e+01	0.0000000000000000e+00	4.1839604980026389e-02	0.0000000000000000e+00	0.0000000000000000e+00	
1.2937574038105781e+00	-0.0000000000000000e+00	-0.0000000000000000e+00	7.5608417111152171e-01	5.2500000000000002e-01	0.0000000000000000e+00	5.9848201104764506e+07	-2.2800346474180358e+04	-1.1995293533968258e+08	1.5078058138407645e+01	-2.2409062842063290e-03	0.0000000000000000e+00	1.5078066968228089e+01	1.4531704180566912e+01	0.0000000000000000e+00	4.1839604980026389e-02	0.0000000000000000e+00	0.0000000000000000e+00	
1.2961264151316312e+00	-0.0000000000000000e+00	-0.0000000000000000e+00	7.5565788540128076e-01	5.2500000000000002e-01	0.0000000000000000e+00	5.9795452947281763e+07	-2.3566876501943945e+04	-1.1995697075915146e+08	1.5118240895888427e+01	-2.2832716773944889e-03	0.0000000000000000e+00	1.5118249716987039e+01	1.4531704180566912e+01	0.0000000000000000e+00	4.1839604980026389e-02	0.0000000000000000e+00	0.0000000000000000e+00	
1.2984954264526842e+00	-0.0000000000000000e+00	-0.0000000000000000e+00	7.5565788540128076e-01	5.2500000000000002e-01	0.0000000000000000e+00	5.9795452947281763e+07	-2.3566876501943945e+04	-1.1995697075915146e+08	1.5118240895888427e+01	-2.2832716773944889e-03	0.0000000000000000e+00	1.5118249716987039e+01	1.4531704180566912e+01	0.0000000000000000e+00	4.1839604980026389e-02	0.0000000000000000e+00	0.0000000000000000e+00	
1.3008644377737373e+00	-0.0000000000000000e+00	-0.0000000000000000e+00	7.5567285474838630e-01	5.2500000000000002e-01	0.0000000000000000e+00	5.9741930956450090e+07	-2.4182137796047857e+04	-1.1996149895260283e+08	1.5158241546631698e+01	-2.3255905572139740e-03	0.0000000000000000e+00	1.5158250356601574e+01	1.4531704180566912e+01	0.0000000000000000e+00	4.1839604980026389e-02	0.0000000000000000e+00	0.0000000000000000e+00	
1.3032334490947903e+00	-0.0000000000000000e+00	-0.0000000000000000e+00	7.5567285474838630e-01	5.2500000000000002e-01	0.0000000000000000e+00	5.9741930956450090e+07	-2.4182137796047857e+04	-1.1996149895260283e+08	1.5158241546631698e+01	-2.3255905572139740e-03	0.0000000000000000e+00	1.5158250356601574e+01	1.4531704180566912e+01	0.0000000000000000e+00	4.1839604980026389e-02	0.0000000000000000e+00	0.0000000000000000e+00	
1.3056024604158434e+00	-0.0000000000000000e+00	-0.0000000000000000e+00	7.5614566927952953e-01	5.2500000000000002e-01	0.0000000000000000e+00	5.9687735123670615e+07	-2.4608042163858481e+04	-1.1996641196092230e+08	1.5198058010832160e+01	-2.3676510193263536e-03	0.0000000000000000e+00	1.5198066807381091e+01	1.4531704180566912e+01	0.0000000000000000e+00	4.1839604980026389e-02	0.0000000000000000e+00	0.0000000000000000e+00	
1.3079714717368964e+00	-0.0000000000000000e+00	-0.0000000000000000e+00	7.5614566927952953e-01	5.2500000000000002e-01	0.0000000000000000e+00	5.9687735123670615e+07	-2.4608042163858481e+04	-1.1996641196092230e+08	1.5198058010832160e+01	-2.3676510193263536e-03	0.0000000000000000e+00	1.5198066807381091e+01	1.4531704180566912e+01	0.0000000000000000e+00	4.1839604980026389e-02	0.0000000000000000e+00	0.0000000000000000e+00	
1.3103404830579495e+00	-0.0000000000000000e+00	-0.0000000000000000e+00	7.5707403574202359e-01	5.2500000000000002e-01	0.0000000000000000e+00	5.9632974029954135e+07	-2.4807360765599271e+04	-1.1997154835130145e+08	1.5237688917112585e+01	-2.4092217691342103e-03	0.0000000000000000e+00	1.5237697698022270e+01	1.4531704180566912e+01	0.0000000000000000e+00	4.1839604980026389e-02	0.0000000000000000e+00	0.0000000000000000e+00	
1.3127094943790025e+00	-0.0000000000000000e+00	-0.0000000000000000e+00	7.5707403574202359e-01	5.2500000000000002e-01	0.0000000000000000e+00	5.9632974029954135e+07	-2.4807360765599271e+04	-1.1997154835130145e+08	1.5237688917112585e+01	-2.4092217691342103e-03	0.0000000000000000e+00	1.5237697698022270e+01	1.4531704180566912e+01	0.0000000000000000e+00	4.1839604980026389e-02	0.0000000000000000e+00	0.0000000000000000e+00	
1.3150785057000556e+00	-0.0000000000000000e+00	-0.0000000000000000e+00	7.5845909733830297e-01	5.2500000000000002e-01	0.0000000000000000e+00	5.9577732188436024e+07	-2.4761242358117448e+04	-1.1997680793538715e+08	1.5277133421333392e+01	-2.4500654647161987e-03	0.0000000000000000e+00	1.5277142184442303e+01	1.4531704180566912e+01	0.0000000000000000e+00	4.1839604980026389e-02	0.0000000000000000e+00	0.0000000000000000e+00	
1.3174475170211086e+00	-0.0000000000000000e+00	-0.0000000000000000e+00	7.5845909733830297e-01	5.2500000000000002e-01	0.0000000000000000e+00	5.9577732188436024e+07	-2.4761242358117448e+04	-1.1997680793538715e+08	1.5277133421333392e+01	-2.4500654647161987e-03	0.0000000000000000e+00	1.5277142184442303e+01	1.4531704180566912e+01	0.0000000000000000e+00	4.1839604980026389e-02	0.0000000000000000e+00	0.0000000000000000e+00	
1.3198165283421617e+00	-0.0000000000000000e+00	-0.0000000000000000e+00	7.6028468309091846e-01	5.2500000000000002e-01	0.0000000000000000e+00	5.9522104114426538e+07	-2.4455029425941881e+04	-1.1998204609644602e+08	1.5316391274357040e+01	-2.4899415264215121e-03	0.0000000000000000e+00	1.5316400017471782e+01	1.4531704180566912e+01	0.0000000000000000e+00	4.1839604980026389e-02	0.0000000000000000e+00	0.0000000000000000e+00	
1.3221855396632147e+00	-0.0000000000000000e+00	-0.0000000000000000e+00	7.6028468309091846e-01	5.2500000000000002e-01	0.0000000000000000e+00	5.9522104114426538e+07	-2.4455029425941881e+04	-1.1998204609644602e+08	1.5316391274357040e+01	-2.4899415264215121e-03	0.0000000000000000e+00	1.5316400017471782e+01	1.4531704180566912e+01	0.0000000000000000e+00	4.1839604980026389e-02	0.0000000000000000e+00	0.0000000000000000e+00	
1.3245545509842678e+00	-0.0000000000000000e+00	-0.0000000000000000e+00	7.6253826152230841e-01	5.2500000000000002e-01	0.0000000000000000e+00	5.9466164504130065e+07	-2.3892064158728714e+04	-1.1998717884771416e+08	1.5355462633241352e+01	-2.5286205014119580e-03	0.0000000000000000e+00	1.5355471354096572e+01	1.4531704180566912e+01	0.0000000000000000e+00	4.1839604980026389e-02	0.0000000000000000e+00	0.0000000000000000e+00	
1.3269235623053208e+00	-0.0000000000000000e+00	-0.0000000000000000e+00	7.6253826152230841e-01	5.2500000000000002e-01	0.0000000000000000e+00	5.9466164504130065e+07	-2.3892064158728714e+04	-1.1998717884771416e+08	1.5355462633241352e+01	-2.5286205014119580e-03	0.0000000000000000e+00	1.5355471354096572e+01	1.4531704180566912e+01	0.0000000000000000e+00	4.1839604980026389e-02	0.0000000000000000e+00	0.0000000000000000e+00	
1.3292925736263739e+00	-0.0000000000000000e+00	-0.0000000000000000e+00	7.6519220969956481e-01	5.2500000000000002e-01	0.0000000000000000e+00	5.9409999726160951e+07	-2.3079559235033561e+04	-1.1999208566247647e+08	1.5394348138477989e+01	-2.5658862521320148e-03	0.0000000000000000e+00	1.5394356834628988e+01	1.4531704180566912e+01	0.0000000000000000e+00	4.1839604980026389e-02	0.0000000000000000e+00	0.0000000000000000e+00	
1.3316615849474269e+00	-0.0000000000000000e+00	-0.0000000000000000e+00	7.6519220969956481e-01	5.2500000000000002e-01	0.0000000000000000e+00	5.9409999726160951e+07	-2.3079559235033561e+04	-1.1999208566247647e+08	1.5394348138477989e+01	-2.5658862521320148e-03	0.0000000000000000e+00	1.5394356834628988e+01	1.4531704180566912e+01	0.0000000000000000e+00	4.1839604980026389e-02	0.0000000000000000e+00	0.0000000000000000e+00	
1.3340305962684800e+00	-0.0000000000000000e+00	-0.0000000000000000e+00	7.6822308296875974e-01	5.2500000000000002e-01	0.0000000000000000e+00	5.9353680065751463e+07	-2.2038934491904860e+04	-1.1999670415604615e+08	1.5433048724805738e+01	-2.6015488285314253e-03	0.0000000000000000e+00	1.5433057393596023e+01	1.4531704180566912e+01	0.0000000000000000e+00	4.1839604980026389e-02	0.0000000000000000e+00	0.0000000000000000e+00	
1.3363996075895330e+00	-0.0000000000000000e+00	-0.0000000000000000e+00	7.6822308296875974e-01	5.2500000000000002e-01	0.0000000000000000e+00	5.9353680065751463e+07	-2.2038934491904860e+04	-1.1999670415604615e+08	1.5433048724805738e+01	-2.6015488285314253e-03	0.0000000000000000e+00	1.5433057393596023e+01	1.4531704180566912e+01	0.0000000000000000e+00	4.1839604980026389e-02	0.0000000000000000e+00	0.0000000000000000e+00	
1.3387686189105861e+00	-0.0000000000000000e+00	-0.0000000000000000e+00	7.7159493969997328e-01	5.2500000000000002e-01	0.0000000000000000e+00	5.9297287604469821e+07	-2.0792381854621348e+04	-1.2000094226689281e+08	1.5471565708175840e+01	-2.6354439414681481e-03	0.0000000000000000e+00	1.5471574346644100e+01	1.4531704180566912e+01	0.0000000000000000e+00	4.1839604980026389e-02	0.0000000000000000e+00	0.0000000000000000e+00	
1.3411376302316391e+00	-0.0000000000000000e+00	-0.0000000000000000e+00	7.7159493969997328e-01	5.2500000000000002e-01	0.0000000000000000e+00	5.9297287604469821e+07	-2.0792381854621348e+04	-1.2000094226689281e+08	1.5471565708175840e+01	-2.6354439414681481e-03	0.0000000000000000e+00	1.5471574346644100e+01	1.4531704180566912e+01	0.0000000000000000e+00	4.1839604980026389e-02	0.0000000000000000e+00	0.0000000000000000e+00	
1.3435066415526922e+00	-0.0000000000000000e+00	-0.0000000000000000e+00	7.7527665044383287e-01	5.2500000000000002e-01	0.0000000000000000e+00	5.9240890176737353e+07	-1.9370515218720273e+04	-1.2000476194400626e+08	1.5509900597467723e+01	-2.6674425448305400e-03	0.0000000000000000e+00	1.5509909202350563e+01	1.4531704180566912e+01	0.0000000000000000e+00	4.1839604980026389e-02	0.0000000000000000e+00	0.0000000000000000e+00	
1.3458756528737452e+00	-0.0000000000000000e+00	-0.0000000000000000e+00	7.7527665044383287e-01	5.2500000000000002e-01	0.0000000000000000e+00	5.9240890176737353e+07	-1.9370515218720273e+04	-1.2000476194400626e+08	1.5509900597467723e+01	-2.6674425448305400e-03	0.0000000000000000e+00	1.5509909202350563e+01	1.4531704180566912e+01	0.0000000000000000e+00	4.1839604980026389e-02	0.0000000000000000e+00	0.0000000000000000e+00	
1.3482446641947983e+00	-0.0000000000000000e+00	-0.0000000000000000e+00	7.7922729569062932e-01	5.2500000000000002e-01	0.0000000000000000e+00	5.9184565234578453e+07	-1.7800599500063807e+04	-1.2000810134425342e+08	1.5548055186877502e+01	-2.6974465238296533e-03	0.0000000000000000e+00	1.5548063754554798e+01	1.4531704180566912e+01	0.0000000000000000e+00	4.1839604980026389e-02	0.0000000000000000e+00	0.0000000000000000e+00	
1.3506136755158513e+00	-0.0000000000000000e+00	-0.0000000000000000e+00	7.7922729569062932e-01	5.2500000000000002e-01	0.0000000000000000e+00	5.9184565234578453e+07	-1.7800599500063807e+04	-1.2000810134425342e+08	1.5548055186877502e+01	-2.6974465238296533e-03	0.0000000000000000e+00	1.5548063754554798e+01	1.4531704180566912e+01	0.0000000000000000e+00	4.1839604980026389e-02	0.0000000000000000e+00	0.0000000000000000e+00	
1.3529826868369044e+00	-0.0000000000000000e+00	-0.0000000000000000e+00	7.8341129561219180e-01	5.2500000000000002e-01	0.0000000000000000e+00	5.9128375726261377e+07	-1.6112491515871638e+04	-1.2001094700426094e+08	1.5586031367017302e+01	-2.7253944119435877e-03	0.0000000000000000e+00	1.5586039893563882e+01	1.4531704180566912e+01	0.0000000000000000e+00	4.1839604980026389e-02	0.0000000000000000e+00	0.0000000000000000e+00	
1.3553516981579574e+00	-0.0000000000000000e+00	-0.0000000000000000e+00	7.8341129561219180e-01	5.2500000000000002e-01	0.0000000000000000e+00	5.9128375726261377e+07	-1.6112491515871638e+04	-1.2001094700426094e+08	1.5586031367017302e+01	-2.7253944119435877e-03	0.0000000000000000e+00	1.5586039893563882e+01	1.4531704180566912e+01	0.0000000000000000e+00	4.1839604980026389e-02	0.0000000000000000e+00	0.0000000000000000e+00	
1.3577207094790105e+00	-0.0000000000000000e+00	-0.0000000000000000e+00	7.8778589393405152e-01	5.2500000000000002e-01	0.0000000000000000e+00	5.9072390150700167e+07	-1.4329464653726765e+04	-1.2001326654010072e+08	1.5623831217475262e+01	-2.7512535203992124e-03	0.0000000000000000e+00	1.5623839698652516e+01	1.4531704180566912e+01	0.0000000000000000e+00	4.1839604980026389e-02	0.0000000000000000e+00	0.0000000000000000e+00	
1.3600897208000635e+00	-0.0000000000000000e+00	-0.0000000000000000e+00	7.8778589393405152e-01	5.2500000000000002e-01	0.0000000000000000e+00	5.9072390150700167e+07	-1.4329464653726765e+04	-1.2001326654010072e+08	1.5623831217475262e+01	-2.7512535203992124e-03	0.0000000000000000e+00	1.5623839698652516e+01	1.4531704180566912e+01	0.0000000000000000e+00	4.1839604980026389e-02	0.0000000000000000e+00	0.0000000000000000e+00	
1.3624587321211166e+00	-0.0000000000000000e+00	-0.0000000000000000e+00	7.9231395141054173e-01	5.2500000000000002e-01	0.0000000000000000e+00	5.9016661003875673e+07	-1.2473248677933476e+04	-1.2001506894290431e+08	1.5661456816493571e+01	-2.7750224694213384e-03	0.0000000000000000e+00	1.5661465247848051e+01	1.4531704180566912e+01	0.0000000000000000e+00	4.1839604980026389e-02	0.0000000000000000e+00	0.0000000000000000e+00	
1.3648277434421696e+00	-0.0000000000000000e+00	-0.0000000000000000e+00	7.9231395141054173e-01	5.2500000000000002e-01	0.0000000000000000e+00	5.9016661003875673e+07	-1.2473248677933476e+04	-1.2001506894290431e+08	1.5661456816493571e+01	-2.7750224694213384e-03	0.0000000000000000e+00	1.5661465247848051e+01	1.4531704180566912e+01	0.0000000000000000e+00	4.1839604980026389e-02	0.0000000000000000e+00	0.0000000000000000e+00	
1.3671967547632227e+00	-0.0000000000000000e+00	-0.0000000000000000e+00	7.9695352783408990e-01	5.2500000000000002e-01	0.0000000000000000e+00	5.8961241583004095e+07	-1.0558017036817693e+04	-1.2001634811759767e+08	1.5698910330616568e+01	-2.7967210797105986e-03	0.0000000000000000e+00	1.5698918707511899e+01	1.4531704180566912e+01	0.0000000000000000e+00	4.1839604980026389e-02	0.0000000000000000e+00	0.0000000000000000e+00	
1.3695657660842757e+00	-0.0000000000000000e+00	-0.0000000000000000e+00	7.9695352783408990e-01	5.2500000000000002e-01	0.0000000000000000e+00	5.8961241583004095e+07	-1.0558017036817693e+04	-1.2001634811759767e+08	1.5698910330616568e+01	-2.7967210797105986e-03	0.0000000000000000e+00	1.5698918707511899e+01	1.4531704180566912e+01	0.0000000000000000e+00	4.1839604980026389e-02	0.0000000000000000e+00	0.0000000000000000e+00	
1.3719347774053288e+00	-0.0000000000000000e+00	-0.0000000000000000e+00	8.0166824152694505e-01	5.2500000000000002e-01	0.0000000000000000e+00	5.8906167782119870e+07	-8.5948998756436322e+03	-1.2001713117012797e+08	1.5736193825160214e+01	-2.8163912525748726e-03	0.0000000000000000e+00	1.5736202142910495e+01	1.4531704180566912e+01	0.0000000000000000e+00	4.1839604980026389e-02	0.0000000000000000e+00	0.0000000000000000e+00	
1.3743037887263818e+00	-0.0000000000000000e+00	-0.0000000000000000e+00	8.0166824152694505e-01	5.2500000000000002e-01	0.0000000000000000e+00	5.8906167782119870e+07	-8.5948998756436322e+03	-1.2001713117012797e+08	1.5736193825160214e+01	-2.8163912525748726e-03	0.0000000000000000e+00	1.5736202142910495e+01	1.4531704180566912e+01	0.0000000000000000e+00	4.1839604980026389e-02	0.0000000000000000e+00	0.0000000000000000e+00	
1.3766728000474349e+00	-0.0000000000000000e+00	-0.0000000000000000e+00	8.0641895719494516e-01	5.2500000000000002e-01	0.0000000000000000e+00	5.8851472218529433e+07	-6.5891591018800409e+03	-1.2001743299173421e+08	1.5773309351440998e+01	-2.8340864834152505e-03	0.0000000000000000e+00	1.5773317605370458e+01	1.4531704180566912e+01	0.0000000000000000e+00	4.1839604980026389e-02	0.0000000000000000e+00	0.0000000000000000e+00	
1.3790418113684879e+00	-0.0000000000000000e+00	-0.0000000000000000e+00	8.0641895719494516e-01	5.2500000000000002e-01	0.0000000000000000e+00	5.8851472218529433e+07	-6.5891591018800409e+03	-1.2001743299173421e+08	1.5773309351440998e+01	-2.8340864834152505e-03	0.0000000000000000e+00	1.5773317605370458e+01	1.4531704180566912e+01	0.0000000000000000e+00	4.1839604980026389e-02	0.0000000000000000e+00	0.0000000000000000e+00	
1.3814108226895410e+00	-0.0000000000000000e+00	-0.0000000000000000e+00	8.1117166687320963e-01	5.2500000000000002e-01	0.0000000000000000e+00	5.8797169971573912e+07	-4.5440381731412645e+03	-1.2001729266945538e+08	1.5810258763592090e+01	-2.8498728349830638e-03	0.0000000000000000e+00	1.5810266949188202e+01	1.4531704180566912e+01	0.0000000000000000e+00	4.1839604980026389e-02	0.0000000000000000e+00	0.0000000000000000e+00	
1.3837798340105940e+00	-0.0000000000000000e+00	-0.0000000000000000e+00	8.1117166687320963e-01	5.2500000000000002e-01	0.0000000000000000e+00	5.8797169971573912e+07	-4.5440381731412645e+03	-1.2001729266945538e+08	1.5810258763592090e+01	-2.8498728349830638e-03	0.0000000000000000e+00	1.5810266949188202e+01	1.4531704180566912e+01	0.0000000000000000e+00	4.1839604980026389e-02	0.0000000000000000e+00	0.0000000000000000e+00	
1.3861488453316471e+00	-0.0000000000000000e+00	-0.0000000000000000e+00	8.1589128065744310e-01	5.2500000000000002e-01	0.0000000000000000e+00	5.8743270334813446e+07	-2.4606374913485338e+03	-1.2001673919141360e+08	1.5847043806842530e+01	-2.8638197977446643e-03	0.0000000000000000e+00	1.5847051919829555e+01	1.4531704180566912e+01	0.0000000000000000e+00	4.1839604980026389e-02	0.0000000000000000e+00	0.0000000000000000e+00	
1.3885178566527001e+00	-0.0000000000000000e+00	-0.0000000000000000e+00	8.1589128065744310e-01	5.2500000000000002e-01	0.0000000000000000e+00	5.8743270334813446e+07	-2.4606374913485338e+03	-1.2001673919141360e+08	1.5847043806842530e+01	-2.8638197977446643e-03	0.0000000000000000e+00	1.5847051919829555e+01	1.4531704180566912e+01	0.0000000000000000e+00	4.1839604980026389e-02	0.0000000000000000e+00	0.0000000000000000e+00	
1.3908868679737532e+00	-0.0000000000000000e+00	-0.0000000000000000e+00	8.2054703259258721e-01	5.2500000000000002e-01	0.0000000000000000e+00	5.8689766699372925e+07	-3.4057767167697710e+02	-1.2001581636812200e+08	1.5883665948088405e+01	-2.8760026775095223e-03	0.0000000000000000e+00	1.5883673984584908e+01	1.4531704180566912e+01	0.0000000000000000e+00	4.1839604980026389e-02	0.0000000000000000e+00	0.0000000000000000e+00	
1.3932558792948062e+00	-0.0000000000000000e+00	-0.0000000000000000e+00	8.2054703259258721e-01	5.2500000000000002e-01	0.0000000000000000e+00	5.8689766699372925e+07	-3.4057767167697710e+02	-1.2001581636812200e+08	1.5883665948088405e+01	-2.8760026775095223e-03	0.0000000000000000e+00	1.5883673984584908e+01	1.4531704180566912e+01	0.0000000000000000e+00	4.1839604980026389e-02	0.0000000000000000e+00	0.0000000000000000e+00	
1.3956248906158593e+00	-0.0000000000000000e+00	-0.0000000000000000e+00	8.2510835688046003e-01	5.2500000000000002e-01	0.0000000000000000e+00	5.8636645862127095e+07	1.8122171070549223e+03	-1.2001455959662579e+08	1.5920126469632619e+01	-2.8864958553367535e-03	0.0000000000000000e+00	1.5920134426224331e+01	1.4531704180566912e+01	0.0000000000000000e+00	4.1839604980026389e-02	0.0000000000000000e+00	0.0000000000000000e+00	
1.3979939019369123e+00	-0.0000000000000000e+00	-0.0000000000000000e+00	8.2510835688046003e-01	5.2500000000000002e-01	0.0000000000000000e+00	5.8636645862127095e+07	1.8122171070549223e+03	-1.2001455959662579e+08	1.5920126469632619e+01	-2.8864958553367535e-03	0.0000000000000000e+00	1.5920134426224331e+01	1.4531704180566912e+01	0.0000000000000000e+00	4.1839604980026389e-02	0.0000000000000000e+00	0.0000000000000000e+00	
1.4003629132579654e+00	-0.0000000000000000e+00	-0.0000000000000000e+00	8.2954787067769953e-01	5.2500000000000002e-01	0.0000000000000000e+00	5.8583881851156168e+07	3.9906951991153542e+03	-1.2001300990141591e+08	1.5956426320365834e+01	-2.8953770939434483e-03	0.0000000000000000e+00	1.5956434194251367e+01	1.4531704180566912e+01	0.0000000000000000e+00	4.1839604980026389e-02	0.0000000000000000e+00	0.0000000000000000e+00	
1.4027319245790184e+00	-0.0000000000000000e+00	-0.0000000000000000e+00	8.2954787067769953e-01	5.2500000000000002e-01	0.0000000000000000e+00	5.8583881851156168e+07	3.9906951991153542e+03	-1.2001300990141591e+08	1.5956426320365834e+01	-2.8953770939434483e-03	0.0000000000000000e+00	1.5956434194251367e+01	1.4531704180566912e+01	0.0000000000000000e+00	4.1839604980026389e-02	0.0000000000000000e+00	0.0000000000000000e+00	
1.4051009359000715e+00	-0.0000000000000000e+00	-0.0000000000000000e+00	8.3383930685190000e-01	5.2500000000000002e-01	0.0000000000000000e+00	5.8531442443333186e+07	6.1817950027350535e+03	-1.2001120156508304e+08	1.5992566217937085e+01	-2.9027233509932560e-03	0.0000000000000000e+00	1.5992574006984086e+01	1.4531704180566912e+01	0.0000000000000000e+00	4.1839604980026389e-02	0.0000000000000000e+00	0.0000000000000000e+00	
1.4074699472211245e+00	-0.0000000000000000e+00	-0.0000000000000000e+00	8.3383930685190000e-01	5.2500000000000002e-01	0.0000000000000000e+00	5.8531442443333186e+07	6.1817950027350535e+03	-1.2001120156508304e+08	1.5992566217937085e+01	-2.9027233509932560e-03	0.0000000000000000e+00	1.5992574006984086e+01	1.4531704180566912e+01	0.0000000000000000e+00	4.1839604980026389e-02	0.0000000000000000e+00	0.0000000000000000e+00	
1.4098389585421776e+00	-0.0000000000000000e+00	-0.0000000000000000e+00	8.3795818027520175e-01	5.2500000000000002e-01	0.0000000000000000e+00	5.8479286486342788e+07	8.3679717262999620e+03	-1.2000916606951644e+08	1.6028546524683666e+01	-2.9086166391990229e-03	0.0000000000000000e+00	1.6028554227545623e+01	1.4531704180566912e+01	0.0000000000000000e+00	4.1839604980026389e-02	0.0000000000000000e+00	0.0000000000000000e+00	
1.4122079698632306e+00	-0.0000000000000000e+00	-0.0000000000000000e+00	8.3795818027520175e-01	5.2500000000000002e-01	0.0000000000000000e+00	5.8479286486342788e+07	8.3679717262999620e+03	-1.2000916606951644e+08	1.6028546524683666e+01	-2.9086166391990229e-03	0.0000000000000000e+00	1.6028554227545623e+01	1.4531704180566912e+01	0.0000000000000000e+00	4.1839604980026389e-02	0.0000000000000000e+00	0.0000000000000000e+00	
1.4145769811842837e+00	-0.0000000000000000e+00	-0.0000000000000000e+00	8.4188174429619667e-01	5.2500000000000002e-01	0.0000000000000000e+00	5.8427367230666243e+07	1.0523797134218821e+04	-1.2000693028789842e+08	1.6064367358131623e+01	-2.9131417557810599e-03	0.0000000000000000e+00	1.6064374974271526e+01	1.4531704180566912e+01	0.0000000000000000e+00	4.1839604980026389e-02	0.0000000000000000e+00	0.0000000000000000e+00	
1.4169459925053367e+00	-0.0000000000000000e+00	-0.0000000000000000e+00	8.4188174429619667e-01	5.2500000000000002e-01	0.0000000000000000e+00	5.8427367230666243e+07	1.0523797134218821e+04	-1.2000693028789842e+08	1.6064367358131623e+01	-2.9131417557810599e-03	0.0000000000000000e+00	1.6064374974271526e+01	1.4531704180566912e+01	0.0000000000000000e+00	4.1839604980026389e-02	0.0000000000000000e+00	0.0000000000000000e+00	
1.4193150038263898e+00	-0.0000000000000000e+00	-0.0000000000000000e+00	8.4558750591948051e-01	5.2500000000000002e-01	0.0000000000000000e+00	5.8375632694516897e+07	1.2620027874560850e+04	-1.2000451121600124e+08	1.6100028492089685e+01	-2.9163927020268770e-03	0.0000000000000000e+00	1.6100036021853242e+01	1.4531704180566912e+01	0.0000000000000000e+00	4.1839604980026389e-02	0.0000000000000000e+00	0.0000000000000000e+00	
1.4216840151474428e+00	-0.0000000000000000e+00	-0.0000000000000000e+00	8.4558750591948051e-01	5.2500000000000002e-01	0.0000000000000000e+00	5.8375632694516897e+07	1.2620027874560850e+04	-1.2000451121600124e+08	1.6100028492089685e+01	-2.9163927020268770e-03	0.0000000000000000e+00	1.6100036021853242e+01	1.4531704180566912e+01	0.0000000000000000e+00	4.1839604980026389e-02	0.0000000000000000e+00	0.0000000000000000e+00	
1.4240530264684959e+00	-0.0000000000000000e+00	-0.0000000000000000e+00	8.4905517173363509e-01	5.2500000000000002e-01	0.0000000000000000e+00	5.8324025601271763e+07	1.4619915167648771e+04	-1.2000192432691967e+08	1.6135529472038179e+01	-2.9184712388030617e-03	0.0000000000000000e+00	1.6135536916633786e+01	1.4531704180566912e+01	0.0000000000000000e+00	4.1839604980026389e-02	0.0000000000000000e+00	0.0000000000000000e+00	
1.4264220377895489e+00	-0.0000000000000000e+00	-0.0000000000000000e+00	8.4905517173363509e-01	5.2500000000000002e-01	0.0000000000000000e+00	5.8324025601271763e+07	1.4619915167648771e+04	-1.2000192432691967e+08	1.6135529472038179e+01	-2.9184712388030617e-03	0.0000000000000000e+00	1.6135536916633786e+01	1.4531704180566912e+01	0.0000000000000000e+00	4.1839604980026389e-02	0.0000000000000000e+00	0.0000000000000000e+00	
1.4287910491106020e+00	-0.0000000000000000e+00	-0.0000000000000000e+00	8.5226322659293852e-01	5.2500000000000002e-01	0.0000000000000000e+00	5.8272486506288812e+07	1.6485632164462419e+04	-1.1999917002146886e+08	1.6170869538476623e+01	-2.9194926382560614e-03	0.0000000000000000e+00	1.6170876899997136e+01	1.4531704180566912e+01	0.0000000000000000e+00	4.1839604980026389e-02	0.0000000000000000e+00	0.0000000000000000e+00	
1.4311600604316550e+00	-0.0000000000000000e+00	-0.0000000000000000e+00	8.5226322659293852e-01	5.2500000000000002e-01	0.0000000000000000e+00	5.8272486506288812e+07	1.6485632164462419e+04	-1.1999917002146886e+08	1.6170869538476623e+01	-2.9194926382560614e-03	0.0000000000000000e+00	1.6170876899997136e+01	1.4531704180566912e+01	0.0000000000000000e+00	4.1839604980026389e-02	0.0000000000000000e+00	0.0000000000000000e+00	
1.4335290717527081e+00	-0.0000000000000000e+00	-0.0000000000000000e+00	8.5519282175775013e-01	5.2500000000000002e-01	0.0000000000000000e+00	5.8220950438711509e+07	1.8174164214694545e+04	-1.1999625166195326e+08	1.6206047741401623e+01	-2.9195839399075163e-03	0.0000000000000000e+00	1.6206055022757699e+01	1.4531704180566912e+01	0.0000000000000000e+00	4.1839604980026389e-02	0.0000000000000000e+00	0.0000000000000000e+00	
1.4358980830737611e+00	-0.0000000000000000e+00	-0.0000000000000000e+00	8.5519282175775013e-01	5.2500000000000002e-01	0.0000000000000000e+00	5.8220950438711509e+07	1.8174164214694545e+04	-1.1999625166195326e+08	1.6206047741401623e+01	-2.9195839399075163e-03	0.0000000000000000e+00	1.6206055022757699e+01	1.4531704180566912e+01	0.0000000000000000e+00	4.1839604980026389e-02	0.0000000000000000e+00	0.0000000000000000e+00	
1.4382670943948141e+00	-0.0000000000000000e+00	-0.0000000000000000e+00	8.5782265392690915e-01	5.2500000000000002e-01	0.0000000000000000e+00	5.8169352722885758e+07	1.9645595237552774e+04	-1.1999315462869604e+08	1.6241062881056934e+01	-2.9188879786640337e-03	0.0000000000000000e+00	1.6241070085948483e+01	1.4531704180566912e+01	0.0000000000000000e+00	4.1839604980026389e-02	0.0000000000000000e+00	0.0000000000000000e+00	
1.4406361057158672e+00	-0.0000000000000000e+00	-0.0000000000000000e+00	8.5782265392690915e-01	5.2500000000000002e-01	0.0000000000000000e+00	5.8169352722885758e+07	1.9645595237552774e+04	-1.1999315462869604e+08	1.6241062881056934e+01	-2.9188879786640337e-03	0.0000000000000000e+00	1.6241070085948483e+01	1.4531704180566912e+01	0.0000000000000000e+00	4.1839604980026389e-02	0.0000000000000000e+00	0.0000000000000000e+00	
1.4430051170369202e+00	-0.0000000000000000e+00	-0.0000000000000000e+00	8.6013471259636043e-01	5.2500000000000002e-01	0.0000000000000000e+00	5.8117622697283819e+07	2.0858187776388211e+04	-1.1998987343883471e+08	1.6275913614949218e+01	-2.9175605443111400e-03	0.0000000000000000e+00	1.6275920747757826e+01	1.4531704180566912e+01	0.0000000000000000e+00	4.1839604980026389e-02	0.0000000000000000e+00	0.0000000000000000e+00	
1.4453741283579733e+00	-0.0000000000000000e+00	-0.0000000000000000e+00	8.6013471259636043e-01	5.2500000000000002e-01	0.0000000000000000e+00	5.8117622697283819e+07	2.0858187776388211e+04	-1.1998987343883471e+08	1.6275913614949218e+01	-2.9175605443111400e-03	0.0000000000000000e+00	1.6275920747757826e+01	1.4531704180566912e+01	0.0000000000000000e+00	4.1839604980026389e-02	0.0000000000000000e+00	0.0000000000000000e+00	
1.4477431396790263e+00	-0.0000000000000000e+00	-0.0000000000000000e+00	8.6210768501685819e-01	5.2500000000000002e-01	0.0000000000000000e+00	5.8065692286600880e+07	2.1777853133892761e+04	-1.1998638414673208e+08	1.6310598410870760e+01	-2.9157720999598070e-03	0.0000000000000000e+00	1.6310605476589590e+01	1.4531704180566912e+01	0.0000000000000000e+00	4.1839604980026389e-02	0.0000000000000000e+00	0.0000000000000000e+00	
1.4501121510000794e+00	-0.0000000000000000e+00	-0.0000000000000000e+00	8.6210768501685819e-01	5.2500000000000002e-01	0.0000000000000000e+00	5.8065692286600880e+07	2.1777853133892761e+04	-1.1998638414673208e+08	1.6310598410870760e+01	-2.9157720999598070e-03	0.0000000000000000e+00	1.6310605476589590e+01	1.4531704180566912e+01	0.0000000000000000e+00	4.1839604980026389e-02	0.0000000000000000e+00	0.0000000000000000e+00	
1.4524811623211324e+00	-0.0000000000000000e+00	-0.0000000000000000e+00	8.6372442452624554e-01	5.2500000000000002e-01	0.0000000000000000e+00	5.8013487308580466e+07	2.2371942279159859e+04	-1.1998267976691763e+08	1.6345115640727442e+01	-2.9137035899256701e-03	0.0000000000000000e+00	1.6345122644824468e+01	1.4531704180566912e+01	0.0000000000000000e+00	4.1839604980026389e-02	0.0000000000000000e+00	0.0000000000000000e+00	
1.4548501736421855e+00	-0.0000000000000000e+00	-0.0000000000000000e+00	8.6372442452624554e-01	5.2500000000000002e-01	0.0000000000000000e+00	5.8013487308580466e+07	2.2371942279159859e+04	-1.1998267976691763e+08	1.6345115640727442e+01	-2.9137035899256701e-03	0.0000000000000000e+00	1.6345122644824468e+01	1.4531704180566912e+01	0.0000000000000000e+00	4.1839604980026389e-02	0.0000000000000000e+00	0.0000000000000000e+00	
1.4572191849632385e+00	-0.0000000000000000e+00	-0.0000000000000000e+00	8.6496407266972053e-01	5.2500000000000002e-01	0.0000000000000000e+00	5.7960938834720582e+07	2.2619244937253374e+04	-1.1997873648483554e+08	1.6379463541853024e+01	-2.9115458497247552e-03	0.0000000000000000e+00	1.6379470490172661e+01	1.4531704180566912e+01	0.0000000000000000e+00	4.1839604980026389e-02	0.0000000000000000e+00	0.0000000000000000e+00	
1.4595881962842916e+00	-0.0000000000000000e+00	-0.0000000000000000e+00	8.6496407266972053e-01	5.2500000000000002e-01	0.0000000000000000e+00	5.7960938834720582e+07	2.2619244937253374e+04	-1.1997873648483554e+08	1.6379463541853024e+01	-2.9115458497247552e-03	0.0000000000000000e+00	1.6379470490172661e+01	1.4531704180566912e+01	0.0000000000000000e+00	4.1839604980026389e-02	0.0000000000000000e+00	0.0000000000000000e+00	
1.4619572076053446e+00	-0.0000000000000000e+00	-0.0000000000000000e+00	8.6581105047209972e-01	5.2500000000000002e-01	0.0000000000000000e+00	5.7907972583154961e+07	2.2502120169687194e+04	-1.1997455633134036e+08	1.6413640293956565e+01	-2.9094943645975170e-03	0.0000000000000000e+00	1.6413647192568458e+01	1.4531704180566912e+01	0.0000000000000000e+00	4.1839604980026389e-02	0.0000000000000000e+00	0.0000000000000000e+00	
1.4643262189263977e+00	-0.0000000000000000e+00	-0.0000000000000000e+00	8.6581105047209972e-01	5.2500000000000002e-01	0.0000000000000000e+00	5.7907972583154961e+07	2.2502120169687194e+04	-1.1997455633134036e+08	1.6413640293956565e+01	-2.9094943645975170e-03	0.0000000000000000e+00	1.6413647192568458e+01	1.4531704180566912e+01	0.0000000000000000e+00	4.1839604980026389e-02	0.0000000000000000e+00	0.0000000000000000e+00	
1.4666952302474507e+00	-0.0000000000000000e+00	-0.0000000000000000e+00	8.6624604905321323e-01	5.2500000000000002e-01	0.0000000000000000e+00	5.7854522967078023e+07	2.2016565749654394e+04	-1.1997012733540292e+08	1.6447643986878628e+01	-2.9077468793501805e-03	0.0000000000000000e+00	1.6447650841966215e+01	1.4531704180566912e+01	0.0000000000000000e+00	4.1839604980026389e-02	0.0000000000000000e+00	0.0000000000000000e+00	
1.4690642415685038e+00	-0.0000000000000000e+00	-0.0000000000000000e+00	8.6624604905321323e-01	5.2500000000000002e-01	0.0000000000000000e+00	5.7854522967078023e+07	2.2016565749654394e+04	-1.1997012733540292e+08	1.6447643986878628e+01	-2.9077468793501805e-03	0.0000000000000000e+00	1.6447650841966215e+01	1.4531704180566912e+01	0.0000000000000000e+00	4.1839604980026389e-02	0.0000000000000000e+00	0.0000000000000000e+00	
1.4714332528895568e+00	-0.0000000000000000e+00	-0.0000000000000000e+00	8.6625629621754230e-01	5.2500000000000002e-01	0.0000000000000000e+00	5.7800520947787173e+07	2.1162565772973139e+04	-1.1996547211743104e+08	1.6481472679706009e+01	-2.9064978055820365e-03	0.0000000000000000e+00	1.6481479497416519e+01	1.4531704180566912e+01	0.0000000000000000e+00	4.1839604980026389e-02	0.0000000000000000e+00	0.0000000000000000e+00	
1.4738022642106099e+00	-0.0000000000000000e+00	-0.0000000000000000e+00	8.6625629621754230e-01	5.2500000000000002e-01	0.0000000000000000e+00	5.7800520947787173e+07	2.1162565772973139e+04	-1.1996547211743104e+08	1.6481472679706009e+01	-2.9064978055820365e-03	0.0000000000000000e+00	1.6481479497416519e+01	1.4531704180566912e+01	0.0000000000000000e+00	4.1839604980026389e-02	0.0000000000000000e+00	0.0000000000000000e+00	
1.4761712755316629e+00	-0.0000000000000000e+00	-0.0000000000000000e+00	8.6582553576589083e-01	5.2500000000000002e-01	0.0000000000000000e+00	5.7745910462198235e+07	1.9954056645209912e+04	-1.1996060184779620e+08	1.6515124375678759e+01	-2.9059348274701781e-03	0.0000000000000000e+00	1.6515131162014629e+01	1.4531704180566912e+01	0.0000000000000000e+00	4.1839604980026389e-02	0.0000000000000000e+00	0.0000000000000000e+00	
1.4785402868527160e+00	-0.0000000000000000e+00	-0.0000000000000000e+00	8.6582553576589083e-01	5.2500000000000002e-01	0.0000000000000000e+00	5.7745910462198235e+07	1.9954056645209912e+04	-1.1996060184779620e+08	1.6515124375678759e+01	-2.9059348274701781e-03	0.0000000000000000e+00	1.6515131162014629e+01	1.4531704180566912e+01	0.0000000000000000e+00	4.1839604980026389e-02	0.0000000000000000e+00	0.0000000000000000e+00	
1.4809092981737690e+00	-0.0000000000000000e+00	-0.0000000000000000e+00	8.6494529149902788e-01	5.2500000000000002e-01	0.0000000000000000e+00	5.7690634930196784e+07	1.8407655985887512e+04	-1.1995556926476212e+08	1.6548597065352208e+01	-2.9062337978594211e-03	0.0000000000000000e+00	1.6548603826037994e+01	1.4531704180566912e+01	0.0000000000000000e+00	4.1839604980026389e-02	0.0000000000000000e+00	0.0000000000000000e+00	
1.4832783094948221e+00	-0.0000000000000000e+00	-0.0000000000000000e+00	8.6494529149902788e-01	5.2500000000000002e-01	0.0000000000000000e+00	5.7690634930196784e+07	1.8407655985887512e+04	-1.1995556926476212e+08	1.6548597065352208e+01	-2.9062337978594211e-03	0.0000000000000000e+00	1.6548603826037994e+01	1.4531704180566912e+01	0.0000000000000000e+00	4.1839604980026389e-02	0.0000000000000000e+00	0.0000000000000000e+00	
1.4856473208158751e+00	-0.0000000000000000e+00	-0.0000000000000000e+00	8.6360394134152541e-01	5.2500000000000002e-01	0.0000000000000000e+00	5.7634655531291403e+07	1.6552614453044131e+04	-1.1995041624340133e+08	1.6581888711666743e+01	-2.9075551651588038e-03	0.0000000000000000e+00	1.6581895452058884e+01	1.4531704180566912e+01	0.0000000000000000e+00	4.1839604980026389e-02	0.0000000000000000e+00	0.0000000000000000e+00	
1.4880163321369282e+00	-0.0000000000000000e+00	-0.0000000000000000e+00	8.6360394134152541e-01	5.2500000000000002e-01	0.0000000000000000e+00	5.7634655531291403e+07	1.6552614453044131e+04	-1.1995041624340133e+08	1.6581888711666743e+01	-2.9075551651588038e-03	0.0000000000000000e+00	1.6581895452058884e+01	1.4531704180566912e+01	0.0000000000000000e+00	4.1839604980026389e-02	0.0000000000000000e+00	0.0000000000000000e+00	
1.4903853434579812e+00	-0.0000000000000000e+00	-0.0000000000000000e+00	8.6179869353196614e-01	5.2500000000000002e-01	0.0000000000000000e+00	5.7577936379968002e+07	1.4418313039295912e+04	-1.1994522980960917e+08	1.6614997281231187e+01	-2.9100400985849471e-03	0.0000000000000000e+00	1.6615004006216363e+01	1.4531704180566912e+01	0.0000000000000000e+00	4.1839604980026389e-02	0.0000000000000000e+00	0.0000000000000000e+00	
1.4927543547790343e+00	-0.0000000000000000e+00	-0.0000000000000000e+00	8.6179869353196614e-01	5.2500000000000002e-01	0.0000000000000000e+00	5.7577936379968002e+07	1.4418313039295912e+04	-1.1994522980960917e+08	1.6614997281231187e+01	-2.9100400985849471e-03	0.0000000000000000e+00	1.6615004006216363e+01	1.4531704180566912e+01	0.0000000000000000e+00	4.1839604980026389e-02	0.0000000000000000e+00	0.0000000000000000e+00	
1.4951233661000873e+00	-0.0000000000000000e+00	-0.0000000000000000e+00	8.5952386782505086e-01	5.2500000000000002e-01	0.0000000000000000e+00	5.7520463940026268e+07	1.2044444384545490e+04	-1.1994008335607137e+08	1.6647920743866852e+01	-2.9138073874386728e-03	0.0000000000000000e+00	1.6647927457803664e+01	1.4531704180566912e+01	0.0000000000000000e+00	4.1839604980026389e-02	0.0000000000000000e+00	0.0000000000000000e+00	
1.4974923774211404e+00	-0.0000000000000000e+00	-0.0000000000000000e+00	8.5952386782505086e-01	5.2500000000000002e-01	0.0000000000000000e+00	5.7520463940026268e+07	1.2044444384545490e+04	-1.1994008335607137e+08	1.6647920743866852e+01	-2.9138073874386728e-03	0.0000000000000000e+00	1.6647927457803664e+01	1.4531704180566912e+01	0.0000000000000000e+00	4.1839604980026389e-02	0.0000000000000000e+00	0.0000000000000000e+00	
1.4998613887421934e+00	-0.0000000000000000e+00	-0.0000000000000000e+00	8.5678331462657342e-01	5.2500000000000002e-01	0.0000000000000000e+00	5.7462230754917398e+07	9.4677657791927941e+03	-1.1993509454834734e+08	1.6680657096935477e+01	-2.9189512818555844e-03	0.0000000000000000e+00	1.6680663803595500e+01	1.4531704180566912e+01	0.0000000000000000e+00	4.1839604980026389e-02	0.0000000000000000e+00	0.0000000000000000e+00	
1.5022304000632465e+00	-0.0000000000000000e+00	-0.0000000000000000e+00	8.5678331462657342e-01	5.2500000000000002e-01	0.0000000000000000e+00	5.7462230754917398e+07	9.4677657791927941e+03	-1.1993509454834734e+08	1.6680657096935477e+01	-2.9189512818555844e-03	0.0000000000000000e+00	1.6680663803595500e+01	1.4531704180566912e+01	0.0000000000000000e+00	4.1839604980026389e-02	0.0000000000000000e+00	0.0000000000000000e+00	
1.5045994113842995e+00	-0.0000000000000000e+00	-0.0000000000000000e+00	8.5357804080809652e-01	5.2500000000000002e-01	0.0000000000000000e+00	5.7403255198362350e+07	6.7327710961887151e+03	-1.1993036072399597e+08	1.6713204383366421e+01	-2.9255392440998133e-03	0.0000000000000000e+00	1.6713211085917084e+01	1.4531704180566912e+01	0.0000000000000000e+00	4.1839604980026389e-02	0.0000000000000000e+00	0.0000000000000000e+00	
1.5069684227053526e+00	-0.0000000000000000e+00	-0.0000000000000000e+00	8.5357804080809652e-01	5.2500000000000002e-01	0.0000000000000000e+00	5.7403255198362350e+07	6.7327710961887151e+03	-1.1993036072399597e+08	1.6713204383366421e+01	-2.9255392440998133e-03	0.0000000000000000e+00	1.6713211085917084e+01	1.4531704180566912e+01	0.0000000000000000e+00	4.1839604980026389e-02	0.0000000000000000e+00	0.0000000000000000e+00	
1.5093374340264056e+00	-0.0000000000000000e+00	-0.0000000000000000e+00	8.4991883878885921e-01	5.2500000000000002e-01	0.0000000000000000e+00	5.7343563621838182e+07	3.8781646077861078e+03	-1.1992601809465955e+08	1.6745560713041524e+01	-2.9336116920948216e-03	0.0000000000000000e+00	1.6745567414035623e+01	1.4531704180566912e+01	0.0000000000000000e+00	4.1839604980026389e-02	0.0000000000000000e+00	0.0000000000000000e+00	
1.5117064453474587e+00	-0.0000000000000000e+00	-0.0000000000000000e+00	8.4991883878885921e-01	5.2500000000000002e-01	0.0000000000000000e+00	5.7343563621838182e+07	3.8781646077861078e+03	-1.1992601809465955e+08	1.6745560713041524e+01	-2.9336116920948216e-03	0.0000000000000000e+00	1.6745567414035623e+01	1.4531704180566912e+01	0.0000000000000000e+00	4.1839604980026389e-02	0.0000000000000000e+00	0.0000000000000000e+00	
1.5140754566685117e+00	-0.0000000000000000e+00	-0.0000000000000000e+00	8.4581343256308095e-01	5.2500000000000002e-01	0.0000000000000000e+00	5.7283209681419969e+07	9.4818989001801265e+02	-1.1992217249609527e+08	1.6777724301251325e+01	-2.9431807125973636e-03	0.0000000000000000e+00	1.6777731002653596e+01	1.4531704180566912e+01	0.0000000000000000e+00	4.1839604980026389e-02	0.0000000000000000e+00	0.0000000000000000e+00	
1.5164444679895648e+00	-0.0000000000000000e+00	-0.0000000000000000e+00	8.4581343256308095e-01	5.2500000000000002e-01	0.0000000000000000e+00	5.7283209681419969e+07	9.4818989001801265e+02	-1.1992217249609527e+08	1.6777724301251325e+01	-2.9431807125973636e-03	0.0000000000000000e+00	1.6777731002653596e+01	1.4531704180566912e+01	0.0000000000000000e+00	4.1839604980026389e-02	0.0000000000000000e+00	0.0000000000000000e+00	
1.5188134793106178e+00	-0.0000000000000000e+00	-0.0000000000000000e+00	8.4127913279108302e-01	5.2500000000000002e-01	0.0000000000000000e+00	5.7222254868160501e+07	-2.0208176048425314e+03	-1.1991895982332662e+08	1.6809693488620177e+01	-2.9542316343588049e-03	0.0000000000000000e+00	1.6809700191843220e+01	1.4531704180566912e+01	0.0000000000000000e+00	4.1839604980026389e-02	0.0000000000000000e+00	0.0000000000000000e+00	
1.5211824906316709e+00	-0.0000000000000000e+00	-0.0000000000000000e+00	8.4127913279108302e-01	5.2500000000000002e-01	0.0000000000000000e+00	5.7222254868160501e+07	-2.0208176048425314e+03	-1.1991895982332662e+08	1.6809693488620177e+01	-2.9542316343588049e-03	0.0000000000000000e+00	1.6809700191843220e+01	1.4531704180566912e+01	0.0000000000000000e+00	4.1839604980026389e-02	0.0000000000000000e+00	0.0000000000000000e+00	
1.5235515019527239e+00	-0.0000000000000000e+00	-0.0000000000000000e+00	8.3632971790683652e-01	5.2500000000000002e-01	0.0000000000000000e+00	5.7160786834022753e+07	-4.9884370121591837e+03	-1.1991647386929500e+08	1.6841466798582587e+01	-2.9667226076100432e-03	0.0000000000000000e+00	1.6841473504551239e+01	1.4531704180566912e+01	0.0000000000000000e+00	4.1839604980026389e-02	0.0000000000000000e+00	0.0000000000000000e+00	
1.5259205132737770e+00	-0.0000000000000000e+00	-0.0000000000000000e+00	8.3632971790683652e-01	5.2500000000000002e-01	0.0000000000000000e+00	5.7160786834022753e+07	-4.9884370121591837e+03	-1.1991647386929500e+08	1.6841466798582587e+01	-2.9667226076100432e-03	0.0000000000000000e+00	1.6841473504551239e+01	1.4531704180566912e+01	0.0000000000000000e+00	4.1839604980026389e-02	0.0000000000000000e+00	0.0000000000000000e+00	
1.5282895245948300e+00	-0.0000000000000000e+00	-0.0000000000000000e+00	8.3098798208892255e-01	5.2500000000000002e-01	0.0000000000000000e+00	5.7098898491386615e+07	-7.9233173172750876e+03	-1.1991482831515217e+08	1.6873042953947579e+01	-2.9805877546450485e-03	0.0000000000000000e+00	1.6873049663170402e+01	1.4531704180566912e+01	0.0000000000000000e+00	4.1839604980026389e-02	0.0000000000000000e+00	0.0000000000000000e+00	
1.5306585359158831e+00	-0.0000000000000000e+00	-0.0000000000000000e+00	8.3098798208892255e-01	5.2500000000000002e-01	0.0000000000000000e+00	5.7098898491386615e+07	-7.9233173172750876e+03	-1.1991482831515217e+08	1.6873042953947579e+01	-2.9805877546450485e-03	0.0000000000000000e+00	1.6873049663170402e+01	1.4531704180566912e+01	0.0000000000000000e+00	4.1839604980026389e-02	0.0000000000000000e+00	0.0000000000000000e+00	
1.5330275472369361e+00	-0.0000000000000000e+00	-0.0000000000000000e+00	8.2527259285566879e-01	5.2500000000000002e-01	0.0000000000000000e+00	5.7036705053850107e+07	-1.0790681058242648e+04	-1.1991408372771628e+08	1.6904420948350570e+01	-2.9957374011070079e-03	0.0000000000000000e+00	1.6904427661007393e+01	1.4531704180566912e+01	0.0000000000000000e+00	4.1839604980026389e-02	0.0000000000000000e+00	0.0000000000000000e+00	
1.5353965585579892e+00	-0.0000000000000000e+00	-0.0000000000000000e+00	8.2527259285566879e-01	5.2500000000000002e-01	0.0000000000000000e+00	5.7036705053850107e+07	-1.0790681058242648e+04	-1.1991408372771628e+08	1.6904420948350570e+01	-2.9957374011070079e-03	0.0000000000000000e+00	1.6904427661007393e+01	1.4531704180566912e+01	0.0000000000000000e+00	4.1839604980026389e-02	0.0000000000000000e+00	0.0000000000000000e+00	
1.5377655698790422e+00	-0.0000000000000000e+00	-0.0000000000000000e+00	8.1921043969660512e-01	5.2500000000000002e-01	0.0000000000000000e+00	5.6974322174542770e+07	-1.3565107828788132e+04	-1.1991431154114299e+08	1.6935600054467578e+01	-3.0120624603824451e-03	0.0000000000000000e+00	1.6935606770497813e+01	1.4531704180566912e+01	0.0000000000000000e+00	4.1839604980026389e-02	0.0000000000000000e+00	0.0000000000000000e+00	
1.5401345812000953e+00	-0.0000000000000000e+00	-0.0000000000000000e+00	8.1921043969660512e-01	5.2500000000000002e-01	0.0000000000000000e+00	5.6974322174542770e+07	-1.3565107828788132e+04	-1.1991431154114299e+08	1.6935600054467578e+01	-3.0120624603824451e-03	0.0000000000000000e+00	1.6935606770497813e+01	1.4531704180566912e+01	0.0000000000000000e+00	4.1839604980026389e-02	0.0000000000000000e+00	0.0000000000000000e+00	
1.5425035925211483e+00	-0.0000000000000000e+00	-0.0000000000000000e+00	8.1282371138502685e-01	5.2500000000000002e-01	0.0000000000000000e+00	5.6911881749954313e+07	-1.6217825777534808e+04	-1.1991552227483073e+08	1.6966579901679452e+01	-3.0294350603585225e-03	0.0000000000000000e+00	1.6966586620871968e+01	1.4531704180566912e+01	0.0000000000000000e+00	4.1839604980026389e-02	0.0000000000000000e+00	0.0000000000000000e+00	
1.5448726038422014e+00	-0.0000000000000000e+00	-0.0000000000000000e+00	8.1282371138502685e-01	5.2500000000000002e-01	0.0000000000000000e+00	5.6911881749954313e+07	-1.6217825777534808e+04	-1.1991552227483073e+08	1.6966579901679452e+01	-3.0294350603585225e-03	0.0000000000000000e+00	1.6966586620871968e+01	1.4531704180566912e+01	0.0000000000000000e+00	4.1839604980026389e-02	0.0000000000000000e+00	0.0000000000000000e+00	
1.5472416151632544e+00	-0.0000000000000000e+00	-0.0000000000000000e+00	8.0614197539229715e-01	5.2500000000000002e-01	0.0000000000000000e+00	5.6849509828054428e+07	-1.8729125223969611e+04	-1.1991773174872789e+08	1.6997360469266049e+01	-3.0477137943784247e-03	0.0000000000000000e+00	1.6997367191341549e+01	1.4531704180566912e+01	0.0000000000000000e+00	4.1839604980026389e-02	0.0000000000000000e+00	0.0000000000000000e+00	
1.5496106264843075e+00	-0.0000000000000000e+00	-0.0000000000000000e+00	8.0614197539229715e-01	5.2500000000000002e-01	0.0000000000000000e+00	5.6849509828054428e+07	-1.8729125223969611e+04	-1.1991773174872789e+08	1.6997360469266049e+01	-3.0477137943784247e-03	0.0000000000000000e+00	1.6997367191341549e+01	1.4531704180566912e+01	0.0000000000000000e+00	4.1839604980026389e-02	0.0000000000000000e+00	0.0000000000000000e+00	
1.5519796378053605e+00	-0.0000000000000000e+00	-0.0000000000000000e+00	7.9918968905985321e-01	5.2500000000000002e-01	0.0000000000000000e+00	5.6787341502789363e+07	-2.1075779426632813e+04	-1.1992089222603157e+08	1.7027942161650667e+01	-3.0667444934286102e-03	0.0000000000000000e+00	1.7027948886332108e+01	1.4531704180566912e+01	0.0000000000000000e+00	4.1839604980026389e-02	0.0000000000000000e+00	0.0000000000000000e+00	
1.5543486491264136e+00	-0.0000000000000000e+00	-0.0000000000000000e+00	7.9918968905985321e-01	5.2500000000000002e-01	0.0000000000000000e+00	5.6787341502789363e+07	-2.1075779426632813e+04	-1.1992089222603157e+08	1.7027942161650667e+01	-3.0667444934286102e-03	0.0000000000000000e+00	1.7027948886332108e+01	1.4531704180566912e+01	0.0000000000000000e+00	4.1839604980026389e-02	0.0000000000000000e+00	0.0000000000000000e+00	
1.5567176604474666e+00	-0.0000000000000000e+00	-0.0000000000000000e+00	7.9199794058305184e-01	5.2500000000000002e-01	0.0000000000000000e+00	5.6725499469946951e+07	-2.3243100913549886e+04	-1.1992496065408385e+08	1.7058325780279802e+01	-3.0863659883983716e-03	0.0000000000000000e+00	1.7058332507348641e+01	1.4531704180566912e+01	0.0000000000000000e+00	4.1839604980026389e-02	0.0000000000000000e+00	0.0000000000000000e+00	
1.5590866717685197e+00	-0.0000000000000000e+00	-0.0000000000000000e+00	7.9199794058305184e-01	5.2500000000000002e-01	0.0000000000000000e+00	5.6725499469946951e+07	-2.3243100913549886e+04	-1.1992496065408385e+08	1.7058325780279802e+01	-3.0863659883983716e-03	0.0000000000000000e+00	1.7058332507348641e+01	1.4531704180566912e+01	0.0000000000000000e+00	4.1839604980026389e-02	0.0000000000000000e+00	0.0000000000000000e+00	
1.5614556830895727e+00	-0.0000000000000000e+00	-0.0000000000000000e+00	7.8459255030604214e-01	5.2500000000000002e-01	0.0000000000000000e+00	5.6664108481712691e+07	-2.5212801335497359e+04	-1.1992983381274845e+08	1.7088512589110127e+01	-3.1064108001251289e-03	0.0000000000000000e+00	1.7088519318441644e+01	1.4531704180566912e+01	0.0000000000000000e+00	4.1839604980026389e-02	0.0000000000000000e+00	0.0000000000000000e+00	
1.5638246944106258e+00	-0.0000000000000000e+00	-0.0000000000000000e+00	7.8459255030604214e-01	5.2500000000000002e-01	0.0000000000000000e+00	5.6664108481712691e+07	-2.5212801335497359e+04	-1.1992983381274845e+08	1.7088512589110127e+01	-3.1064108001251289e-03	0.0000000000000000e+00	1.7088519318441644e+01	1.4531704180566912e+01	0.0000000000000000e+00	4.1839604980026389e-02	0.0000000000000000e+00	0.0000000000000000e+00	
1.5661937057316788e+00	-0.0000000000000000e+00	-0.0000000000000000e+00	7.7700538797621721e-01	5.2500000000000002e-01	0.0000000000000000e+00	5.6603275396030605e+07	-2.6974656798166714e+04	-1.1993541778948918e+08	1.7118504261255943e+01	-3.1267110784812461e-03	0.0000000000000000e+00	1.7118510992838498e+01	1.4531704180566912e+01	0.0000000000000000e+00	4.1839604980026389e-02	0.0000000000000000e+00	0.0000000000000000e+00	
1.5685627170527319e+00	-0.0000000000000000e+00	-0.0000000000000000e+00	7.7700538797621721e-01	5.2500000000000002e-01	0.0000000000000000e+00	5.6603275396030605e+07	-2.6974656798166714e+04	-1.1993541778948918e+08	1.7118504261255943e+01	-3.1267110784812461e-03	0.0000000000000000e+00	1.7118510992838498e+01	1.4531704180566912e+01	0.0000000000000000e+00	4.1839604980026389e-02	0.0000000000000000e+00	0.0000000000000000e+00	
1.5709317283737849e+00	-0.0000000000000000e+00	-0.0000000000000000e+00	7.6926314592146083e-01	5.2500000000000002e-01	0.0000000000000000e+00	5.6543103624080040e+07	-2.8515028642135814e+04	-1.1994156747348015e+08	1.7148302930435168e+01	-3.1470990024789619e-03	0.0000000000000000e+00	1.7148309664366611e+01	1.4531704180566912e+01	0.0000000000000000e+00	4.1839604980026389e-02	0.0000000000000000e+00	0.0000000000000000e+00	
1.5733007396948380e+00	-0.0000000000000000e+00	-0.0000000000000000e+00	7.6926314592146083e-01	5.2500000000000002e-01	0.0000000000000000e+00	5.6543103624080040e+07	-2.8515028642135814e+04	-1.1994156747348015e+08	1.7148302930435168e+01	-3.1470990024789619e-03	0.0000000000000000e+00	1.7148309664366611e+01	1.4531704180566912e+01	0.0000000000000000e+00	4.1839604980026389e-02	0.0000000000000000e+00	0.0000000000000000e+00	
1.5756697510158910e+00	-0.0000000000000000e+00	-0.0000000000000000e+00	7.6139812757473668e-01	5.2500000000000002e-01	0.0000000000000000e+00	5.6483675304333910e+07	-2.9828035148197327e+04	-1.1994815591663447e+08	1.7177911112140691e+01	-3.1674125814953121e-03	0.0000000000000000e+00	1.7177917848612907e+01	1.4531704180566912e+01	0.0000000000000000e+00	4.1839604980026389e-02	0.0000000000000000e+00	0.0000000000000000e+00	
1.5780387623369441e+00	-0.0000000000000000e+00	-0.0000000000000000e+00	7.6139812757473668e-01	5.2500000000000002e-01	0.0000000000000000e+00	5.6483675304333910e+07	-2.9828035148197327e+04	-1.1994815591663447e+08	1.7177911112140691e+01	-3.1674125814953121e-03	0.0000000000000000e+00	1.7177917848612907e+01	1.4531704180566912e+01	0.0000000000000000e+00	4.1839604980026389e-02	0.0000000000000000e+00	0.0000000000000000e+00	
1.5804077736579971e+00	-0.0000000000000000e+00	-0.0000000000000000e+00	7.5343770300530011e-01	5.2500000000000002e-01	0.0000000000000000e+00	5.6425065988850556e+07	-3.0904850846907550e+04	-1.1995501783022182e+08	1.7207331740655668e+01	-3.1874955748495753e-03	0.0000000000000000e+00	1.7207338479921297e+01	1.4531704180566912e+01	0.0000000000000000e+00	4.1839604980026389e-02	0.0000000000000000e+00	0.0000000000000000e+00	
1.5827767849790502e+00	-0.0000000000000000e+00	-0.0000000000000000e+00	7.5343770300530011e-01	5.2500000000000002e-01	0.0000000000000000e+00	5.6425065988850556e+07	-3.0904850846907550e+04	-1.1995501783022182e+08	1.7207331740655668e+01	-3.1874955748495753e-03	0.0000000000000000e+00	1.7207338479921297e+01	1.4531704180566912e+01	0.0000000000000000e+00	4.1839604980026389e-02	0.0000000000000000e+00	0.0000000000000000e+00	
1.5851457963001032e+00	-0.0000000000000000e+00	-0.0000000000000000e+00	7.4541445762087011e-01	5.2500000000000002e-01	0.0000000000000000e+00	5.6367329242939062e+07	-3.1744226190696314e+04	-1.1996201710875948e+08	1.7236568068443848e+01	-3.2072028663432859e-03	0.0000000000000000e+00	1.7236574810779956e+01	1.4531704180566912e+01	0.0000000000000000e+00	4.1839604980026389e-02	0.0000000000000000e+00	0.0000000000000000e+00	
1.5875148076211563e+00	-0.0000000000000000e+00	-0.0000000000000000e+00	7.4541445762087011e-01	5.2500000000000002e-01	0.0000000000000000e+00	5.6367329242939062e+07	-3.1744226190696314e+04	-1.1996201710875948e+08	1.7236568068443848e+01	-3.2072028663432859e-03	0.0000000000000000e+00	1.7236574810779956e+01	1.4531704180566912e+01	0.0000000000000000e+00	4.1839604980026389e-02	0.0000000000000000e+00	0.0000000000000000e+00	
1.5898838189422093e+00	-0.0000000000000000e+00	-0.0000000000000000e+00	7.3735629291093618e-01	5.2500000000000002e-01	0.0000000000000000e+00	5.6310511565207332e+07	-3.2342597520129009e+04	-1.1996899351768793e+08	1.7265623692032545e+01	-3.2263997404331120e-03	0.0000000000000000e+00	1.7265630437695815e+01	1.4531704180566912e+01	0.0000000000000000e+00	4.1839604980026389e-02	0.0000000000000000e+00	0.0000000000000000e+00	
1.5922528302632624e+00	-0.0000000000000000e+00	-0.0000000000000000e+00	7.3735629291093618e-01	5.2500000000000002e-01	0.0000000000000000e+00	5.6310511565207332e+07	-3.2342597520129009e+04	-1.1996899351768793e+08	1.7265623692032545e+01	-3.2263997404331120e-03	0.0000000000000000e+00	1.7265630437695815e+01	1.4531704180566912e+01	0.0000000000000000e+00	4.1839604980026389e-02	0.0000000000000000e+00	0.0000000000000000e+00	
1.5946218415843154e+00	-0.0000000000000000e+00	-0.0000000000000000e+00	7.2929584453176743e-01	5.2500000000000002e-01	0.0000000000000000e+00	5.6254639375405833e+07	-3.2703776484449325e+04	-1.1997582657397699e+08	1.7294502436568468e+01	-3.2449665871445744e-03	0.0000000000000000e+00	1.7294509185757317e+01	1.4531704180566912e+01	0.0000000000000000e+00	4.1839604980026389e-02	0.0000000000000000e+00	0.0000000000000000e+00	
1.5969908529053685e+00	-0.0000000000000000e+00	-0.0000000000000000e+00	7.2929584453176743e-01	5.2500000000000002e-01	0.0000000000000000e+00	5.6254639375405833e+07	-3.2703776484449325e+04	-1.1997582657397699e+08	1.7294502436568468e+01	-3.2449665871445744e-03	0.0000000000000000e+00	1.7294509185757317e+01	1.4531704180566912e+01	0.0000000000000000e+00	4.1839604980026389e-02	0.0000000000000000e+00	0.0000000000000000e+00	
1.5993598642264215e+00	-0.0000000000000000e+00	-0.0000000000000000e+00	7.2126117884737817e-01	5.2500000000000002e-01	0.0000000000000000e+00	5.6199733948697507e+07	-3.2829855333833861e+04	-1.1998238445947003e+08	1.7323208376551257e+01	-3.2627974235953008e-03	0.0000000000000000e+00	1.7323215129368950e+01	1.4531704180566912e+01	0.0000000000000000e+00	4.1839604980026389e-02	0.0000000000000000e+00	0.0000000000000000e+00	
1.6017288755474746e+00	-0.0000000000000000e+00	-0.0000000000000000e+00	7.2126117884737817e-01	5.2500000000000002e-01	0.0000000000000000e+00	5.6199733948697507e+07	-3.2829855333833861e+04	-1.1998238445947003e+08	1.7323208376551257e+01	-3.2627974235953008e-03	0.0000000000000000e+00	1.7323215129368950e+01	1.4531704180566912e+01	0.0000000000000000e+00	4.1839604980026389e-02	0.0000000000000000e+00	0.0000000000000000e+00	
1.6040978868685276e+00	-0.0000000000000000e+00	-0.0000000000000000e+00	7.1328443703220956e-01	5.2500000000000002e-01	0.0000000000000000e+00	5.6145800501568310e+07	-3.2729909133797217e+04	-1.1998858269639421e+08	1.7351745714472926e+01	-3.2798037603646913e-03	0.0000000000000000e+00	1.7351752470905090e+01	1.4531704180566912e+01	0.0000000000000000e+00	4.1839604980026389e-02	0.0000000000000000e+00	0.0000000000000000e+00	
1.6064668981895807e+00	-0.0000000000000000e+00	-0.0000000000000000e+00	7.1328443703220956e-01	5.2500000000000002e-01	0.0000000000000000e+00	5.6145800501568310e+07	-3.2729909133797217e+04	-1.1998858269639421e+08	1.7351745714472926e+01	-3.2798037603646913e-03	0.0000000000000000e+00	1.7351752470905090e+01	1.4531704180566912e+01	0.0000000000000000e+00	4.1839604980026389e-02	0.0000000000000000e+00	0.0000000000000000e+00	
1.6088359095106337e+00	-0.0000000000000000e+00	-0.0000000000000000e+00	7.0539309794427507e-01	5.2500000000000002e-01	0.0000000000000000e+00	5.6092842803348295e+07	-3.2411674012391923e+04	-1.1999433449717408e+08	1.7380118803672698e+01	-3.2959123353867642e-03	0.0000000000000000e+00	1.7380125563572079e+01	1.4531704180566912e+01	0.0000000000000000e+00	4.1839604980026389e-02	0.0000000000000000e+00	0.0000000000000000e+00	
1.6112049208316868e+00	-0.0000000000000000e+00	-0.0000000000000000e+00	7.0539309794427507e-01	5.2500000000000002e-01	0.0000000000000000e+00	5.6092842803348295e+07	-3.2411674012391923e+04	-1.1999433449717408e+08	1.7380118803672698e+01	-3.2959123353867642e-03	0.0000000000000000e+00	1.7380125563572079e+01	1.4531704180566912e+01	0.0000000000000000e+00	4.1839604980026389e-02	0.0000000000000000e+00	0.0000000000000000e+00	
1.6135739321527398e+00	-0.0000000000000000e+00	-0.0000000000000000e+00	6.9761786586381946e-01	5.2500000000000002e-01	0.0000000000000000e+00	5.6040853938530907e+07	-3.1889159156935882e+04	-1.1999960319464122e+08	1.7408332030467804e+01	-3.3110680702699998e-03	0.0000000000000000e+00	1.7408338793556055e+01	1.4531704180566912e+01	0.0000000000000000e+00	4.1839604980026389e-02	0.0000000000000000e+00	0.0000000000000000e+00	
1.6159429434737929e+00	-0.0000000000000000e+00	-0.0000000000000000e+00	6.9761786586381946e-01	5.2500000000000002e-01	0.0000000000000000e+00	5.6040853938530907e+07	-3.1889159156935882e+04	-1.1999960319464122e+08	1.7408332030467804e+01	-3.3110680702699998e-03	0.0000000000000000e+00	1.7408338793556055e+01	1.4531704180566912e+01	0.0000000000000000e+00	4.1839604980026389e-02	0.0000000000000000e+00	0.0000000000000000e+00	
1.6183119547948459e+00	-0.0000000000000000e+00	-0.0000000000000000e+00	6.8998450610293915e-01	5.2500000000000002e-01	0.0000000000000000e+00	5.5989830234459072e+07	-3.1175099752130594e+04	-1.2000435367675863e+08	1.7436389846228678e+01	-3.3252310780846248e-03	0.0000000000000000e+00	1.7436396612106844e+01	1.4531704180566912e+01	0.0000000000000000e+00	4.1839604980026389e-02	0.0000000000000000e+00	0.0000000000000000e+00	
1.6206809661158990e+00	-0.0000000000000000e+00	-0.0000000000000000e+00	6.8998450610293915e-01	5.2500000000000002e-01	0.0000000000000000e+00	5.5989830234459072e+07	-3.1175099752130594e+04	-1.2000435367675863e+08	1.7436389846228678e+01	-3.3252310780846248e-03	0.0000000000000000e+00	1.7436396612106844e+01	1.4531704180566912e+01	0.0000000000000000e+00	4.1839604980026389e-02	0.0000000000000000e+00	0.0000000000000000e+00	
1.6230499774369520e+00	-0.0000000000000000e+00	-0.0000000000000000e+00	6.8252104703016814e-01	5.2500000000000002e-01	0.0000000000000000e+00	5.5939763242833838e+07	-3.0287445994353780e+04	-1.2000859821150163e+08	1.7464296661461756e+01	-3.3383787433063500e-03	0.0000000000000000e+00	1.7464303429635525e+01	1.4531704180566912e+01	0.0000000000000000e+00	4.1839604980026389e-02	0.0000000000000000e+00	0.0000000000000000e+00	
1.6254189887580051e+00	-0.0000000000000000e+00	-0.0000000000000000e+00	6.8252104703016814e-01	5.2500000000000002e-01	0.0000000000000000e+00	5.5939763242833838e+07	-3.0287445994353780e+04	-1.2000859821150163e+08	1.7464296661461756e+01	-3.3383787433063500e-03	0.0000000000000000e+00	1.7464303429635525e+01	1.4531704180566912e+01	0.0000000000000000e+00	4.1839604980026389e-02	0.0000000000000000e+00	0.0000000000000000e+00	
1.6277880000790581e+00	-0.0000000000000000e+00	-0.0000000000000000e+00	6.7525022594750916e-01	5.2500000000000002e-01	0.0000000000000000e+00	5.5890652644919135e+07	-2.9242630930890551e+04	-1.2001234918479328e+08	1.7492056892678590e+01	-3.3505021573506963e-03	0.0000000000000000e+00	1.7492063662589693e+01	1.4531704180566912e+01	0.0000000000000000e+00	4.1839604980026389e-02	0.0000000000000000e+00	0.0000000000000000e+00	
1.6301570114001112e+00	-0.0000000000000000e+00	-0.0000000000000000e+00	6.7525022594750916e-01	5.2500000000000002e-01	0.0000000000000000e+00	5.5890652644919135e+07	-2.9242630930890551e+04	-1.2001234918479328e+08	1.7492056892678590e+01	-3.3505021573506963e-03	0.0000000000000000e+00	1.7492063662589693e+01	1.4531704180566912e+01	0.0000000000000000e+00	4.1839604980026389e-02	0.0000000000000000e+00	0.0000000000000000e+00	
1.6325260227211642e+00	-0.0000000000000000e+00	-0.0000000000000000e+00	6.6819610210096381e-01	5.2500000000000002e-01	0.0000000000000000e+00	5.5842499005727492e+07	-2.8060970392712432e+04	-1.2001565864428838e+08	1.7519674874661391e+01	-3.3616074489147179e-03	0.0000000000000000e+00	1.7519681645728372e+01	1.4531704180566912e+01	0.0000000000000000e+00	4.1839604980026389e-02	0.0000000000000000e+00	0.0000000000000000e+00	
1.6348950340422173e+00	-0.0000000000000000e+00	-0.0000000000000000e+00	6.6819610210096381e-01	5.2500000000000002e-01	0.0000000000000000e+00	5.5842499005727492e+07	-2.8060970392712432e+04	-1.2001565864428838e+08	1.7519674874661391e+01	-3.3616074489147179e-03	0.0000000000000000e+00	1.7519681645728372e+01	1.4531704180566912e+01	0.0000000000000000e+00	4.1839604980026389e-02	0.0000000000000000e+00	0.0000000000000000e+00	
1.6372640453632703e+00	-0.0000000000000000e+00	-0.0000000000000000e+00	6.6137716196645002e-01	5.2500000000000002e-01	0.0000000000000000e+00	5.5795315340915084e+07	-2.6760819521024881e+04	-1.2001857310738978e+08	1.7547154925009252e+01	-3.3717118718752091e-03	0.0000000000000000e+00	1.7547161696669747e+01	1.4531704180566912e+01	0.0000000000000000e+00	4.1839604980026389e-02	0.0000000000000000e+00	0.0000000000000000e+00	
1.6396330566843234e+00	-0.0000000000000000e+00	-0.0000000000000000e+00	6.6137716196645002e-01	5.2500000000000002e-01	0.0000000000000000e+00	5.5795315340915084e+07	-2.6760819521024881e+04	-1.2001857310738978e+08	1.7547154925009252e+01	-3.3717118718752091e-03	0.0000000000000000e+00	1.7547161696669747e+01	1.4531704180566912e+01	0.0000000000000000e+00	4.1839604980026389e-02	0.0000000000000000e+00	0.0000000000000000e+00	
1.6420020680053764e+00	-0.0000000000000000e+00	-0.0000000000000000e+00	6.5481243121673982e-01	5.2500000000000002e-01	0.0000000000000000e+00	5.5749120220925525e+07	-2.5362963253889029e+04	-1.2002116768512297e+08	1.7574501277541636e+01	-3.3808445763273205e-03	0.0000000000000000e+00	1.7574508049297879e+01	1.4531704180566912e+01	0.0000000000000000e+00	4.1839604980026389e-02	0.0000000000000000e+00	0.0000000000000000e+00	
1.6443710793264295e+00	-0.0000000000000000e+00	-0.0000000000000000e+00	6.5481243121673982e-01	5.2500000000000002e-01	0.0000000000000000e+00	5.5749120220925525e+07	-2.5362963253889029e+04	-1.2002116768512297e+08	1.7574501277541636e+01	-3.3808445763273205e-03	0.0000000000000000e+00	1.7574508049297879e+01	1.4531704180566912e+01	0.0000000000000000e+00	4.1839604980026389e-02	0.0000000000000000e+00	0.0000000000000000e+00	
1.6467400906474825e+00	-0.0000000000000000e+00	-0.0000000000000000e+00	6.4851527763080463e-01	5.2500000000000002e-01	0.0000000000000000e+00	5.5703947694556884e+07	-2.3885749215777585e+04	-1.2002350411230424e+08	1.7601718163853793e+01	-3.3890426082410388e-03	0.0000000000000000e+00	1.7601724935314962e+01	1.4531704180566912e+01	0.0000000000000000e+00	4.1839604980026389e-02	0.0000000000000000e+00	0.0000000000000000e+00	
1.6491091019685356e+00	-0.0000000000000000e+00	-0.0000000000000000e+00	6.4851527763080463e-01	5.2500000000000002e-01	0.0000000000000000e+00	5.5703947694556884e+07	-2.3885749215777585e+04	-1.2002350411230424e+08	1.7601718163853793e+01	-3.3890426082410388e-03	0.0000000000000000e+00	1.7601724935314962e+01	1.4531704180566912e+01	0.0000000000000000e+00	4.1839604980026389e-02	0.0000000000000000e+00	0.0000000000000000e+00	
1.6514781132895886e+00	-0.0000000000000000e+00	-0.0000000000000000e+00	6.4249907225597935e-01	5.2500000000000002e-01	0.0000000000000000e+00	5.5659840360838756e+07	-2.2348565244555390e+04	-1.2002566058662793e+08	1.7628809766888445e+01	-3.3963513354617098e-03	0.0000000000000000e+00	1.7628816537810994e+01	1.4531704180566912e+01	0.0000000000000000e+00	4.1839604980026389e-02	0.0000000000000000e+00	0.0000000000000000e+00	
1.6538471246106417e+00	-0.0000000000000000e+00	-0.0000000000000000e+00	6.4249907225597935e-01	5.2500000000000002e-01	0.0000000000000000e+00	5.5659840360838756e+07	-2.2348565244555390e+04	-1.2002566058662793e+08	1.7628809766888445e+01	-3.3963513354617098e-03	0.0000000000000000e+00	1.7628816537810994e+01	1.4531704180566912e+01	0.0000000000000000e+00	4.1839604980026389e-02	0.0000000000000000e+00	0.0000000000000000e+00	
1.6562161359316947e+00	-0.0000000000000000e+00	-0.0000000000000000e+00	6.3677170305265329e-01	5.2500000000000002e-01	0.0000000000000000e+00	5.5616857369163685e+07	-2.0768026508963783e+04	-1.2002769429672335e+08	1.7655780314932837e+01	-3.4028206124759389e-03	0.0000000000000000e+00	1.7655787085254037e+01	1.4531704180566912e+01	0.0000000000000000e+00	4.1839604980026389e-02	0.0000000000000000e+00	0.0000000000000000e+00	
1.6585851472527477e+00	-0.0000000000000000e+00	-0.0000000000000000e+00	6.3677170305265329e-01	5.2500000000000002e-01	0.0000000000000000e+00	5.5616857369163685e+07	-2.0768026508963783e+04	-1.2002769429672335e+08	1.7655780314932837e+01	-3.4028206124759389e-03	0.0000000000000000e+00	1.7655787085254037e+01	1.4531704180566912e+01	0.0000000000000000e+00	4.1839604980026389e-02	0.0000000000000000e+00	0.0000000000000000e+00	
1.6609541585738008e+00	-0.0000000000000000e+00	-0.0000000000000000e+00	6.3134078430495100e-01	5.2500000000000002e-01	0.0000000000000000e+00	5.5575067165257514e+07	-1.9160629330143769e+04	-1.2002966807001753e+08	1.7682634050446552e+01	-3.4085050613614433e-03	0.0000000000000000e+00	1.7682640820312269e+01	1.4531704180566912e+01	0.0000000000000000e+00	4.1839604980026389e-02	0.0000000000000000e+00	0.0000000000000000e+00	
1.6633231698948538e+00	-0.0000000000000000e+00	-0.0000000000000000e+00	6.3134078430495100e-01	5.2500000000000002e-01	0.0000000000000000e+00	5.5575067165257514e+07	-1.9160629330143769e+04	-1.2002966807001753e+08	1.7682634050446552e+01	-3.4085050613614433e-03	0.0000000000000000e+00	1.7682640820312269e+01	1.4531704180566912e+01	0.0000000000000000e+00	4.1839604980026389e-02	0.0000000000000000e+00	0.0000000000000000e+00	
1.6656921812159069e+00	-0.0000000000000000e+00	-0.0000000000000000e+00	6.2620886871532844e-01	5.2500000000000002e-01	0.0000000000000000e+00	5.5534553369353004e+07	-1.7540043739777455e+04	-1.2003161850716759e+08	1.7709375328436419e+01	-3.4134606154166318e-03	0.0000000000000000e+00	1.7709382098219745e+01	1.4531704180566912e+01	0.0000000000000000e+00	4.1839604980026389e-02	0.0000000000000000e+00	0.0000000000000000e+00	
1.6680611925369599e+00	-0.0000000000000000e+00	-0.0000000000000000e+00	6.2620886871532844e-01	5.2500000000000002e-01	0.0000000000000000e+00	5.5534553369353004e+07	-1.7540043739777455e+04	-1.2003161850716759e+08	1.7709375328436419e+01	-3.4134606154166318e-03	0.0000000000000000e+00	1.7709382098219745e+01	1.4531704180566912e+01	0.0000000000000000e+00	4.1839604980026389e-02	0.0000000000000000e+00	0.0000000000000000e+00	
1.6704302038580130e+00	-0.0000000000000000e+00	-0.0000000000000000e+00	6.2137815729272727e-01	5.2500000000000002e-01	0.0000000000000000e+00	5.5495407069119863e+07	-1.5919013727503301e+04	-1.2003358020288529e+08	1.7736008592501953e+01	-3.4177448152132189e-03	0.0000000000000000e+00	1.7736015362813713e+01	1.4531704180566912e+01	0.0000000000000000e+00	4.1839604980026389e-02	0.0000000000000000e+00	0.0000000000000000e+00	
1.6727992151790660e+00	-0.0000000000000000e+00	-0.0000000000000000e+00	6.2137815729272727e-01	5.2500000000000002e-01	0.0000000000000000e+00	5.5495407069119863e+07	-1.5919013727503301e+04	-1.2003358020288529e+08	1.7736008592501953e+01	-3.4177448152132189e-03	0.0000000000000000e+00	1.7736015362813713e+01	1.4531704180566912e+01	0.0000000000000000e+00	4.1839604980026389e-02	0.0000000000000000e+00	0.0000000000000000e+00	
1.6751682265001191e+00	-0.0000000000000000e+00	-0.0000000000000000e+00	6.1684638414103410e-01	5.2500000000000002e-01	0.0000000000000000e+00	5.5457730540346161e+07	-1.4307773077311615e+04	-1.2003556018852171e+08	1.7762538467302086e+01	-3.4214138883336092e-03	0.0000000000000000e+00	1.7762545238991123e+01	1.4531704180566912e+01	0.0000000000000000e+00	4.1839604980026389e-02	0.0000000000000000e+00	0.0000000000000000e+00	
1.6775372378211721e+00	-0.0000000000000000e+00	-0.0000000000000000e+00	6.1684638414103410e-01	5.2500000000000002e-01	0.0000000000000000e+00	5.5457730540346161e+07	-1.4307773077311615e+04	-1.2003556018852171e+08	1.7762538467302086e+01	-3.4214138883336092e-03	0.0000000000000000e+00	1.7762545238991123e+01	1.4531704180566912e+01	0.0000000000000000e+00	4.1839604980026389e-02	0.0000000000000000e+00	0.0000000000000000e+00	
1.6799062491422252e+00	-0.0000000000000000e+00	-0.0000000000000000e+00	6.1261094940183314e-01	5.2500000000000002e-01	0.0000000000000000e+00	5.5421629201651409e+07	-1.2715241761521525e+04	-1.2003755997651359e+08	1.7788969732301528e+01	-3.4245231738092631e-03	0.0000000000000000e+00	1.7788976506445831e+01	1.4531704180566912e+01	0.0000000000000000e+00	4.1839604980026389e-02	0.0000000000000000e+00	0.0000000000000000e+00	
1.6822752604632782e+00	-0.0000000000000000e+00	-0.0000000000000000e+00	6.1261094940183314e-01	5.2500000000000002e-01	0.0000000000000000e+00	5.5421629201651409e+07	-1.2715241761521525e+04	-1.2003755997651359e+08	1.7788969732301528e+01	-3.4245231738092631e-03	0.0000000000000000e+00	1.7788976506445831e+01	1.4531704180566912e+01	0.0000000000000000e+00	4.1839604980026389e-02	0.0000000000000000e+00	0.0000000000000000e+00	
1.6846442717843313e+00	-0.0000000000000000e+00	-0.0000000000000000e+00	6.0866545448629994e-01	5.2500000000000002e-01	0.0000000000000000e+00	5.5387213368148312e+07	-1.1148548996236472e+04	-1.2003955648365805e+08	1.7815307397817339e+01	-3.4271248402170371e-03	0.0000000000000000e+00	1.7815314175705605e+01	1.4531704180566912e+01	0.0000000000000000e+00	4.1839604980026389e-02	0.0000000000000000e+00	0.0000000000000000e+00	
1.6870132831053843e+00	-0.0000000000000000e+00	-0.0000000000000000e+00	6.0866545448629994e-01	5.2500000000000002e-01	0.0000000000000000e+00	5.5387213368148312e+07	-1.1148548996236472e+04	-1.2003955648365805e+08	1.7815307397817339e+01	-3.4271248402170371e-03	0.0000000000000000e+00	1.7815314175705605e+01	1.4531704180566912e+01	0.0000000000000000e+00	4.1839604980026389e-02	0.0000000000000000e+00	0.0000000000000000e+00	
1.6893822944264374e+00	-0.0000000000000000e+00	-0.0000000000000000e+00	6.0500317256284386e-01	5.2500000000000002e-01	0.0000000000000000e+00	5.5354590251967803e+07	-9.6135568949504868e+03	-1.2004152160311356e+08	1.7841556667648280e+01	-3.4292685133296714e-03	0.0000000000000000e+00	1.7841563450753110e+01	1.4531704180566912e+01	0.0000000000000000e+00	4.1839604980026389e-02	0.0000000000000000e+00	0.0000000000000000e+00	
1.6917513057474904e+00	-0.0000000000000000e+00	-0.0000000000000000e+00	6.0500317256284386e-01	5.2500000000000002e-01	0.0000000000000000e+00	5.5354590251967803e+07	-9.6135568949504868e+03	-1.2004152160311356e+08	1.7841556667648280e+01	-3.4292685133296714e-03	0.0000000000000000e+00	1.7841563450753110e+01	1.4531704180566912e+01	0.0000000000000000e+00	4.1839604980026389e-02	0.0000000000000000e+00	0.0000000000000000e+00	
1.6941203170685435e+00	-0.0000000000000000e+00	-0.0000000000000000e+00	6.0161422973027412e-01	5.2500000000000002e-01	0.0000000000000000e+00	5.5323864166224621e+07	-8.1154399201266860e+03	-1.2004340927514271e+08	1.7867722990226952e+01	-3.4309996926047020e-03	0.0000000000000000e+00	1.7867729780171256e+01	1.4531704180566912e+01	0.0000000000000000e+00	4.1839604980026389e-02	0.0000000000000000e+00	0.0000000000000000e+00	
1.6964893283895965e+00	-0.0000000000000000e+00	-0.0000000000000000e+00	6.0161422973027412e-01	5.2500000000000002e-01	0.0000000000000000e+00	5.5323864166224621e+07	-8.1154399201266860e+03	-1.2004340927514271e+08	1.7867722990226952e+01	-3.4309996926047020e-03	0.0000000000000000e+00	1.7867729780171256e+01	1.4531704180566912e+01	0.0000000000000000e+00	4.1839604980026389e-02	0.0000000000000000e+00	0.0000000000000000e+00	
1.6988583397106496e+00	-0.0000000000000000e+00	-0.0000000000000000e+00	5.9848833782488509e-01	5.2500000000000002e-01	0.0000000000000000e+00	5.5295129173035823e+07	-6.6585463369885119e+03	-1.2004517186061323e+08	1.7893812004154981e+01	-3.4323606316374231e-03	0.0000000000000000e+00	1.7893818802672886e+01	1.4531704180566912e+01	0.0000000000000000e+00	4.1839604980026389e-02	0.0000000000000000e+00	0.0000000000000000e+00	
1.7012273510317026e+00	-0.0000000000000000e+00	-0.0000000000000000e+00	5.9848833782488509e-01	5.2500000000000002e-01	0.0000000000000000e+00	5.5295129173035823e+07	-6.6585463369885119e+03	-1.2004517186061323e+08	1.7893812004154981e+01	-3.4323606316374231e-03	0.0000000000000000e+00	1.7893818802672886e+01	1.4531704180566912e+01	0.0000000000000000e+00	4.1839604980026389e-02	0.0000000000000000e+00	0.0000000000000000e+00	
1.7035963623527557e+00	-0.0000000000000000e+00	-0.0000000000000000e+00	5.9561264123039503e-01	5.2500000000000002e-01	0.0000000000000000e+00	5.5268468304341465e+07	-5.2479433415120493e+03	-1.2004675266835551e+08	1.7919829559927429e+01	-3.4333894823073033e-03	0.0000000000000000e+00	1.7919836368823145e+01	1.4531704180566912e+01	0.0000000000000000e+00	4.1839604980026389e-02	0.0000000000000000e+00	0.0000000000000000e+00	
1.7059653736738087e+00	-0.0000000000000000e+00	-0.0000000000000000e+00	5.9561264123039503e-01	5.2500000000000002e-01	0.0000000000000000e+00	5.5268468304341465e+07	-5.2479433415120493e+03	-1.2004675266835551e+08	1.7919829559927429e+01	-3.4333894823073033e-03	0.0000000000000000e+00	1.7919836368823145e+01	1.4531704180566912e+01	0.0000000000000000e+00	4.1839604980026389e-02	0.0000000000000000e+00	0.0000000000000000e+00	
1.7083343849948618e+00	-0.0000000000000000e+00	-0.0000000000000000e+00	5.9297365870366414e-01	5.2500000000000002e-01	0.0000000000000000e+00	5.5243947551487729e+07	-3.8885975452929251e+03	-1.2004809819397287e+08	1.7945781646720615e+01	-3.4341214570339832e-03	0.0000000000000000e+00	1.7945788467825842e+01	1.4531704180566912e+01	0.0000000000000000e+00	4.1839604980026389e-02	0.0000000000000000e+00	0.0000000000000000e+00	
1.7107033963159148e+00	-0.0000000000000000e+00	-0.0000000000000000e+00	5.9297365870366414e-01	5.2500000000000002e-01	0.0000000000000000e+00	5.5243947551487729e+07	-3.8885975452929251e+03	-1.2004809819397287e+08	1.7945781646720615e+01	-3.4341214570339832e-03	0.0000000000000000e+00	1.7945788467825842e+01	1.4531704180566912e+01	0.0000000000000000e+00	4.1839604980026389e-02	0.0000000000000000e+00	0.0000000000000000e+00	
1.7130724076369679e+00	-0.0000000000000000e+00	-0.0000000000000000e+00	5.9055583774525156e-01	5.2500000000000002e-01	0.0000000000000000e+00	5.5221614685060747e+07	-2.5877464078173130e+03	-1.2004915526885423e+08	1.7971674385078888e+01	-3.4345886966895517e-03	0.0000000000000000e+00	1.7971681220213345e+01	1.4531704180566912e+01	0.0000000000000000e+00	4.1839604980026389e-02	0.0000000000000000e+00	0.0000000000000000e+00	
1.7154414189580209e+00	-0.0000000000000000e+00	-0.0000000000000000e+00	5.9055583774525156e-01	5.2500000000000002e-01	0.0000000000000000e+00	5.5221614685060747e+07	-2.5877464078173130e+03	-1.2004915526885423e+08	1.7971674385078888e+01	-3.4345886966895517e-03	0.0000000000000000e+00	1.7971681220213345e+01	1.4531704180566912e+01	0.0000000000000000e+00	4.1839604980026389e-02	0.0000000000000000e+00	0.0000000000000000e+00	
1.7178104302790740e+00	-0.0000000000000000e+00	-0.0000000000000000e+00	5.8834267865416434e-01	5.2500000000000002e-01	0.0000000000000000e+00	5.5201495214232534e+07	-1.3533386699146999e+03	-1.2004987826539698e+08	1.7997513938018518e+01	-3.4348217094953290e-03	0.0000000000000000e+00	1.7997520788952382e+01	1.4531704180566912e+01	0.0000000000000000e+00	4.1839604980026389e-02	0.0000000000000000e+00	0.0000000000000000e+00	
1.7201794416001270e+00	-0.0000000000000000e+00	-0.0000000000000000e+00	5.8834267865416434e-01	5.2500000000000002e-01	0.0000000000000000e+00	5.5201495214232534e+07	-1.3533386699146999e+03	-1.2004987826539698e+08	1.7997513938018518e+01	-3.4348217094953290e-03	0.0000000000000000e+00	1.7997520788952382e+01	1.4531704180566912e+01	0.0000000000000000e+00	4.1839604980026389e-02	0.0000000000000000e+00	0.0000000000000000e+00	
1.7225484529211801e+00	-0.0000000000000000e+00	-0.0000000000000000e+00	5.8631605217373473e-01	5.2500000000000002e-01	0.0000000000000000e+00	5.5183591263492048e+07	-1.9703937779994274e+02	-1.2005023009397589e+08	1.8023306479788438e+01	-3.4348499038651453e-03	0.0000000000000000e+00	1.8023313348211243e+01	1.4531704180566912e+01	0.0000000000000000e+00	4.1839604980026389e-02	0.0000000000000000e+00	0.0000000000000000e+00	
1.7249174642422331e+00	-0.0000000000000000e+00	-0.0000000000000000e+00	5.8631605217373473e-01	5.2500000000000002e-01	0.0000000000000000e+00	5.5183591263492048e+07	-1.9703937779994274e+02	-1.2005023009397589e+08	1.8023306479788438e+01	-3.4348499038651453e-03	0.0000000000000000e+00	1.8023313348211243e+01	1.4531704180566912e+01	0.0000000000000000e+00	4.1839604980026389e-02	0.0000000000000000e+00	0.0000000000000000e+00	
1.7272864755632862e+00	-0.0000000000000000e+00	-0.0000000000000000e+00	5.8445650483187228e-01	5.2500000000000002e-01	0.0000000000000000e+00	5.5167879927573361e+07	8.6817155639591624e+02	-1.2005018371894750e+08	1.8049058098300570e+01	-3.4347032328236322e-03	0.0000000000000000e+00	1.8049064985792562e+01	1.4531704180566912e+01	0.0000000000000000e+00	4.1839604980026389e-02	0.0000000000000000e+00	0.0000000000000000e+00	
1.7296554868843392e+00	-0.0000000000000000e+00	-0.0000000000000000e+00	5.8445650483187228e-01	5.2500000000000002e-01	0.0000000000000000e+00	5.5167879927573361e+07	8.6817155639591624e+02	-1.2005018371894750e+08	1.8049058098300570e+01	-3.4347032328236322e-03	0.0000000000000000e+00	1.8049064985792562e+01	1.4531704180566912e+01	0.0000000000000000e+00	4.1839604980026389e-02	0.0000000000000000e+00	0.0000000000000000e+00	
1.7320244982053923e+00	-0.0000000000000000e+00	-0.0000000000000000e+00	5.8274339755196680e-01	5.2500000000000002e-01	0.0000000000000000e+00	5.5154312443618104e+07	1.8245962168721196e+03	-1.2004972643419753e+08	1.8074774748531425e+01	-3.4344132425151346e-03	0.0000000000000000e+00	1.8074781656541461e+01	1.4531704180566912e+01	0.0000000000000000e+00	4.1839604980026389e-02	0.0000000000000000e+00	0.0000000000000000e+00	
1.7343935095264453e+00	-0.0000000000000000e+00	-0.0000000000000000e+00	5.8274339755196680e-01	5.2500000000000002e-01	0.0000000000000000e+00	5.5154312443618104e+07	1.8245962168721196e+03	-1.2004972643419753e+08	1.8074774748531425e+01	-3.4344132425151346e-03	0.0000000000000000e+00	1.8074781656541461e+01	1.4531704180566912e+01	0.0000000000000000e+00	4.1839604980026389e-02	0.0000000000000000e+00	0.0000000000000000e+00	
1.7367625208474984e+00	-0.0000000000000000e+00	-0.0000000000000000e+00	5.8115441277166913e-01	5.2500000000000002e-01	0.0000000000000000e+00	5.5142815093534388e+07	2.6531873613032035e+03	-1.2004885540072335e+08	1.8100462155596976e+01	-3.4340147474774844e-03	0.0000000000000000e+00	1.8100469085420517e+01	1.4531704180566912e+01	0.0000000000000000e+00	4.1839604980026389e-02	0.0000000000000000e+00	0.0000000000000000e+00	
1.7391315321685514e+00	-0.0000000000000000e+00	-0.0000000000000000e+00	5.8115441277166913e-01	5.2500000000000002e-01	0.0000000000000000e+00	5.5142815093534388e+07	2.6531873613032035e+03	-1.2004885540072335e+08	1.8100462155596976e+01	-3.4340147474774844e-03	0.0000000000000000e+00	1.8100469085420517e+01	1.4531704180566912e+01	0.0000000000000000e+00	4.1839604980026389e-02	0.0000000000000000e+00	0.0000000000000000e+00	
1.7415005434896045e+00	-0.0000000000000000e+00	-0.0000000000000000e+00	5.7966656085540413e-01	5.2500000000000002e-01	0.0000000000000000e+00	5.5133288669075377e+07	3.3299899032331696e+03	-1.2004758489558545e+08	1.8126125762915894e+01	-3.4335471240695371e-03	0.0000000000000000e+00	1.8126132715676970e+01	1.4531704180566912e+01	0.0000000000000000e+00	4.1839604980026389e-02	0.0000000000000000e+00	0.0000000000000000e+00	
1.7438695548106575e+00	-0.0000000000000000e+00	-0.0000000000000000e+00	5.7966656085540413e-01	5.2500000000000002e-01	0.0000000000000000e+00	5.5133288669075377e+07	3.3299899032331696e+03	-1.2004758489558545e+08	1.8126125762915894e+01	-3.4335471240695371e-03	0.0000000000000000e+00	1.8126132715676970e+01	1.4531704180566912e+01	0.0000000000000000e+00	4.1839604980026389e-02	0.0000000000000000e+00	0.0000000000000000e+00	
1.7462385661317106e+00	-0.0000000000000000e+00	-0.0000000000000000e+00	5.7825492409891444e-01	5.2500000000000002e-01	0.0000000000000000e+00	5.5125611805475511e+07	3.8305785242343391e+03	-1.2004593598525518e+08	1.8151770645558553e+01	-3.4330557180645015e-03	0.0000000000000000e+00	1.8151777622188469e+01	1.4531704180566912e+01	0.0000000000000000e+00	4.1839604980026389e-02	0.0000000000000000e+00	0.0000000000000000e+00	
1.7486075774527636e+00	-0.0000000000000000e+00	-0.0000000000000000e+00	5.7825492409891444e-01	5.2500000000000002e-01	0.0000000000000000e+00	5.5125611805475511e+07	3.8305785242343391e+03	-1.2004593598525518e+08	1.8151770645558553e+01	-3.4330557180645015e-03	0.0000000000000000e+00	1.8151777622188469e+01	1.4531704180566912e+01	0.0000000000000000e+00	4.1839604980026389e-02	0.0000000000000000e+00	0.0000000000000000e+00	
1.7509765887738167e+00	-0.0000000000000000e+00	-0.0000000000000000e+00	5.7689455485581242e-01	5.2500000000000002e-01	0.0000000000000000e+00	5.5119640543262303e+07	4.1265341110718018e+03	-1.2004394669517744e+08	1.8177401462854402e+01	-3.4325929897133858e-03	0.0000000000000000e+00	1.8177408464072322e+01	1.4531704180566912e+01	0.0000000000000000e+00	4.1839604980026389e-02	0.0000000000000000e+00	0.0000000000000000e+00	
1.7533456000948697e+00	-0.0000000000000000e+00	-0.0000000000000000e+00	5.7689455485581242e-01	5.2500000000000002e-01	0.0000000000000000e+00	5.5119640543262303e+07	4.1265341110718018e+03	-1.2004394669517744e+08	1.8177401462854402e+01	-3.4325929897133858e-03	0.0000000000000000e+00	1.8177408464072322e+01	1.4531704180566912e+01	0.0000000000000000e+00	4.1839604980026389e-02	0.0000000000000000e+00	0.0000000000000000e+00	
1.7557146114159228e+00	-0.0000000000000000e+00	-0.0000000000000000e+00	5.7555849762576672e-01	5.2500000000000002e-01	0.0000000000000000e+00	5.5115213774361946e+07	4.1909602587767058e+03	-1.2004165630541898e+08	1.8203022390129000e+01	-3.4322192539355399e-03	0.0000000000000000e+00	1.8203029416418190e+01	1.4531704180566912e+01	0.0000000000000000e+00	4.1839604980026389e-02	0.0000000000000000e+00	0.0000000000000000e+00	
1.7580836227369758e+00	-0.0000000000000000e+00	-0.0000000000000000e+00	5.7555849762576672e-01	5.2500000000000002e-01	0.0000000000000000e+00	5.5115213774361946e+07	4.1909602587767058e+03	-1.2004165630541898e+08	1.8203022390129000e+01	-3.4322192539355399e-03	0.0000000000000000e+00	1.8203029416418190e+01	1.4531704180566912e+01	0.0000000000000000e+00	4.1839604980026389e-02	0.0000000000000000e+00	0.0000000000000000e+00	
1.7604526340580289e+00	-0.0000000000000000e+00	-0.0000000000000000e+00	5.7422057002661708e-01	5.2500000000000002e-01	0.0000000000000000e+00	5.5112152596875548e+07	3.9950637567491908e+03	-1.2003911858165644e+08	1.8228637083383582e+01	-3.4320032128341595e-03	0.0000000000000000e+00	1.8228644134970931e+01	1.4531704180566912e+01	0.0000000000000000e+00	4.1839604980026389e-02	0.0000000000000000e+00	0.0000000000000000e+00	
1.7628216453790819e+00	-0.0000000000000000e+00	-0.0000000000000000e+00	5.7422057002661708e-01	5.2500000000000002e-01	0.0000000000000000e+00	5.5112152596875548e+07	3.9950637567491908e+03	-1.2003911858165644e+08	1.8228637083383582e+01	-3.4320032128341595e-03	0.0000000000000000e+00	1.8228644134970931e+01	1.4531704180566912e+01	0.0000000000000000e+00	4.1839604980026389e-02	0.0000000000000000e+00	0.0000000000000000e+00	
1.7651906567001350e+00	-0.0000000000000000e+00	-0.0000000000000000e+00	5.7285270169610925e-01	5.2500000000000002e-01	0.0000000000000000e+00	5.5110267440661475e+07	3.5146022532985517e+03	-1.2003638147746195e+08	1.8254248634734537e+01	-3.4320216091048186e-03	0.0000000000000000e+00	1.8254255711569147e+01	1.4531704180566912e+01	0.0000000000000000e+00	4.1839604980026389e-02	0.0000000000000000e+00	0.0000000000000000e+00	
1.7675596680211880e+00	-0.0000000000000000e+00	-0.0000000000000000e+00	5.7285270169610925e-01	5.2500000000000002e-01	0.0000000000000000e+00	5.5110267440661475e+07	3.5146022532985517e+03	-1.2003638147746195e+08	1.8254248634734537e+01	-3.4320216091048186e-03	0.0000000000000000e+00	1.8254255711569147e+01	1.4531704180566912e+01	0.0000000000000000e+00	4.1839604980026389e-02	0.0000000000000000e+00	0.0000000000000000e+00	
1.7699286793422411e+00	-0.0000000000000000e+00	-0.0000000000000000e+00	5.7142855074236032e-01	5.2500000000000002e-01	0.0000000000000000e+00	5.5109356890374079e+07	2.7264667407950665e+03	-1.2003350367649277e+08	1.8279859553764162e+01	-3.4323587210958796e-03	0.0000000000000000e+00	1.8279866655504662e+01	1.4531704180566912e+01	0.0000000000000000e+00	4.1839604980026389e-02	0.0000000000000000e+00	0.0000000000000000e+00	
1.7722976906632941e+00	-0.0000000000000000e+00	-0.0000000000000000e+00	5.7142855074236032e-01	5.2500000000000002e-01	0.0000000000000000e+00	5.5109356890374079e+07	2.7264667407950665e+03	-1.2003350367649277e+08	1.8279859553764162e+01	-3.4323587210958796e-03	0.0000000000000000e+00	1.8279866655504662e+01	1.4531704180566912e+01	0.0000000000000000e+00	4.1839604980026389e-02	0.0000000000000000e+00	0.0000000000000000e+00	
1.7746667019843472e+00	-0.0000000000000000e+00	-0.0000000000000000e+00	5.6992018931801958e-01	5.2500000000000002e-01	0.0000000000000000e+00	5.5109216021267742e+07	1.6157234930559703e+03	-1.2003053067890172e+08	1.8305471748593394e+01	-3.4331046233793557e-03	0.0000000000000000e+00	1.8305478874601036e+01	1.4531704180566912e+01	0.0000000000000000e+00	4.1839604980026389e-02	0.0000000000000000e+00	0.0000000000000000e+00	
1.7770357133054002e+00	-0.0000000000000000e+00	-0.0000000000000000e+00	5.6992018931801958e-01	5.2500000000000002e-01	0.0000000000000000e+00	5.5109216021267742e+07	1.6157234930559703e+03	-1.2003053067890172e+08	1.8305471748593394e+01	-3.4331046233793557e-03	0.0000000000000000e+00	1.8305478874601036e+01	1.4531704180566912e+01	0.0000000000000000e+00	4.1839604980026389e-02	0.0000000000000000e+00	0.0000000000000000e+00	
1.7794047246264533e+00	-0.0000000000000000e+00	-0.0000000000000000e+00	5.6830247032731018e-01	5.2500000000000002e-01	0.0000000000000000e+00	5.5109634404881537e+07	1.7192481242363581e+02	-1.2002751491307266e+08	1.8331086525194184e+01	-3.4343534057393456e-03	0.0000000000000000e+00	1.8331093674541407e+01	1.4531704180566912e+01	0.0000000000000000e+00	4.1839604980026389e-02	0.0000000000000000e+00	0.0000000000000000e+00	
1.7817737359475063e+00	-0.0000000000000000e+00	-0.0000000000000000e+00	5.6830247032731018e-01	5.2500000000000002e-01	0.0000000000000000e+00	5.5109634404881537e+07	1.7192481242363581e+02	-1.2002751491307266e+08	1.8331086525194184e+01	-3.4343534057393456e-03	0.0000000000000000e+00	1.8331093674541407e+01	1.4531704180566912e+01	0.0000000000000000e+00	4.1839604980026389e-02	0.0000000000000000e+00	0.0000000000000000e+00	
1.7841427472685594e+00	-0.0000000000000000e+00	-0.0000000000000000e+00	5.6654907916337316e-01	5.2500000000000002e-01	0.0000000000000000e+00	5.5110405200106017e+07	-1.6037501489898025e+03	-1.2002448924864624e+08	1.8356704592725297e+01	-3.4361999958799835e-03	0.0000000000000000e+00	1.8356711764215813e+01	1.4531704180566912e+01	0.0000000000000000e+00	4.1839604980026389e-02	0.0000000000000000e+00	0.0000000000000000e+00	
1.7865117585896124e+00	-0.0000000000000000e+00	-0.0000000000000000e+00	5.6654907916337316e-01	5.2500000000000002e-01	0.0000000000000000e+00	5.5110405200106017e+07	-1.6037501489898025e+03	-1.2002448924864624e+08	1.8356704592725297e+01	-3.4361999958799835e-03	0.0000000000000000e+00	1.8356711764215813e+01	1.4531704180566912e+01	0.0000000000000000e+00	4.1839604980026389e-02	0.0000000000000000e+00	0.0000000000000000e+00	
1.7888807699106655e+00	-0.0000000000000000e+00	-0.0000000000000000e+00	5.6463753597441446e-01	5.2500000000000002e-01	0.0000000000000000e+00	5.5111322122411132e+07	-3.7028353870012420e+03	-1.2002149083396272e+08	1.8382326079107731e+01	-3.4387371846756843e-03	0.0000000000000000e+00	1.8382333271315364e+01	1.4531704180566912e+01	0.0000000000000000e+00	4.1839604980026389e-02	0.0000000000000000e+00	0.0000000000000000e+00	
1.7912497812317185e+00	-0.0000000000000000e+00	-0.0000000000000000e+00	5.6463753597441446e-01	5.2500000000000002e-01	0.0000000000000000e+00	5.5111322122411132e+07	-3.7028353870012420e+03	-1.2002149083396272e+08	1.8382326079107731e+01	-3.4387371846756843e-03	0.0000000000000000e+00	1.8382333271315364e+01	1.4531704180566912e+01	0.0000000000000000e+00	4.1839604980026389e-02	0.0000000000000000e+00	0.0000000000000000e+00	
1.7936187925527716e+00	-0.0000000000000000e+00	-0.0000000000000000e+00	5.6254462750080614e-01	5.2500000000000002e-01	0.0000000000000000e+00	5.5112188876468614e+07	-6.1028925325903392e+03	-1.2001853299968585e+08	1.8407950556563410e+01	-3.4420513312834666e-03	0.0000000000000000e+00	1.8407957767882717e+01	1.4531704180566912e+01	0.0000000000000000e+00	4.1839604980026389e-02	0.0000000000000000e+00	0.0000000000000000e+00	
1.7959878038738246e+00	-0.0000000000000000e+00	-0.0000000000000000e+00	5.6254462750080614e-01	5.2500000000000002e-01	0.0000000000000000e+00	5.5112188876468614e+07	-6.1028925325903392e+03	-1.2001853299968585e+08	1.8407950556563410e+01	-3.4420513312834666e-03	0.0000000000000000e+00	1.8407957767882717e+01	1.4531704180566912e+01	0.0000000000000000e+00	4.1839604980026389e-02	0.0000000000000000e+00	0.0000000000000000e+00	
1.7983568151948777e+00	-0.0000000000000000e+00	-0.0000000000000000e+00	5.6025191629271687e-01	5.2500000000000002e-01	0.0000000000000000e+00	5.5112814942950666e+07	-8.7728615367745078e+03	-1.2001563276874270e+08	1.8433577069522773e+01	-3.4462186594465560e-03	0.0000000000000000e+00	1.8433584298235100e+01	1.4531704180566912e+01	0.0000000000000000e+00	4.1839604980026389e-02	0.0000000000000000e+00	0.0000000000000000e+00	
1.8007258265159307e+00	-0.0000000000000000e+00	-0.0000000000000000e+00	5.6025191629271687e-01	5.2500000000000002e-01	0.0000000000000000e+00	5.5112814942950666e+07	-8.7728615367745078e+03	-1.2001563276874270e+08	1.8433577069522773e+01	-3.4462186594465560e-03	0.0000000000000000e+00	1.8433584298235100e+01	1.4531704180566912e+01	0.0000000000000000e+00	4.1839604980026389e-02	0.0000000000000000e+00	0.0000000000000000e+00	
1.8030948378369838e+00	-0.0000000000000000e+00	-0.0000000000000000e+00	5.5774057129965871e-01	5.2500000000000002e-01	0.0000000000000000e+00	5.5113024998570576e+07	-1.1667298482884258e+04	-1.2001278189887337e+08	1.8459204174581433e+01	-3.4513005347997939e-03	0.0000000000000000e+00	1.8459211418926234e+01	1.4531704180566912e+01	0.0000000000000000e+00	4.1839604980026389e-02	0.0000000000000000e+00	0.0000000000000000e+00	
1.8054638491580368e+00	-0.0000000000000000e+00	-0.0000000000000000e+00	5.5774057129965871e-01	5.2500000000000002e-01	0.0000000000000000e+00	5.5113024998570576e+07	-1.1667298482884258e+04	-1.2001278189887337e+08	1.8459204174581433e+01	-3.4513005347997939e-03	0.0000000000000000e+00	1.8459211418926234e+01	1.4531704180566912e+01	0.0000000000000000e+00	4.1839604980026389e-02	0.0000000000000000e+00	0.0000000000000000e+00	
1.8078328604790899e+00	-0.0000000000000000e+00	-0.0000000000000000e+00	5.5499726058607024e-01	5.2500000000000002e-01	0.0000000000000000e+00	5.5112653450674176e+07	-1.4732933896651790e+04	-1.2000997772291930e+08	1.8484829975599784e+01	-3.4573398229557199e-03	0.0000000000000000e+00	1.8484837233852204e+01	1.4531704180566912e+01	0.0000000000000000e+00	4.1839604980026389e-02	0.0000000000000000e+00	0.0000000000000000e+00	
1.8102018718001429e+00	-0.0000000000000000e+00	-0.0000000000000000e+00	5.5499726058607024e-01	5.2500000000000002e-01	0.0000000000000000e+00	5.5112653450674176e+07	-1.4732933896651790e+04	-1.2000997772291930e+08	1.8484829975599784e+01	-3.4573398229557199e-03	0.0000000000000000e+00	1.8484837233852204e+01	1.4531704180566912e+01	0.0000000000000000e+00	4.1839604980026389e-02	0.0000000000000000e+00	0.0000000000000000e+00	
1.8125708831211960e+00	-0.0000000000000000e+00	-0.0000000000000000e+00	5.5200841610651430e-01	5.2500000000000002e-01	0.0000000000000000e+00	5.5111553572024629e+07	-1.7904074215882938e+04	-1.2000719376407242e+08	1.8510452171713332e+01	-3.4643566759415467e-03	0.0000000000000000e+00	1.8510459442256614e+01	1.4531704180566912e+01	0.0000000000000000e+00	4.1839604980026389e-02	0.0000000000000000e+00	0.0000000000000000e+00	
1.8149398944422490e+00	-0.0000000000000000e+00	-0.0000000000000000e+00	5.5200841610651430e-01	5.2500000000000002e-01	0.0000000000000000e+00	5.5111553572024629e+07	-1.7904074215882938e+04	-1.2000719376407242e+08	1.8510452171713332e+01	-3.4643566759415467e-03	0.0000000000000000e+00	1.8510459442256614e+01	1.4531704180566912e+01	0.0000000000000000e+00	4.1839604980026389e-02	0.0000000000000000e+00	0.0000000000000000e+00	
1.8173089057633021e+00	-0.0000000000000000e+00	-0.0000000000000000e+00	5.4876640870744731e-01	5.2500000000000002e-01	0.0000000000000000e+00	5.5109590798153728e+07	-2.1110292043486061e+04	-1.2000441325395396e+08	1.8536068094391766e+01	-3.4723458904962214e-03	0.0000000000000000e+00	1.8536075375785529e+01	1.4531704180566912e+01	0.0000000000000000e+00	4.1839604980026389e-02	0.0000000000000000e+00	0.0000000000000000e+00	
1.8196779170843551e+00	-0.0000000000000000e+00	-0.0000000000000000e+00	5.4876640870744731e-01	5.2500000000000002e-01	0.0000000000000000e+00	5.5109590798153728e+07	-2.1110292043486061e+04	-1.2000441325395396e+08	1.8536068094391766e+01	-3.4723458904962214e-03	0.0000000000000000e+00	1.8536075375785529e+01	1.4531704180566912e+01	0.0000000000000000e+00	4.1839604980026389e-02	0.0000000000000000e+00	0.0000000000000000e+00	
1.8220469284054082e+00	-0.0000000000000000e+00	-0.0000000000000000e+00	5.4526330808860890e-01	5.2500000000000002e-01	0.0000000000000000e+00	5.5106651411247417e+07	-2.4272920633813999e+04	-1.2000159941108529e+08	1.8561674757703667e+01	-3.4812741607452439e-03	0.0000000000000000e+00	1.8561682048737772e+01	1.4531704180566912e+01	0.0000000000000000e+00	4.1839604980026389e-02	0.0000000000000000e+00	0.0000000000000000e+00	
1.8244159397264612e+00	-0.0000000000000000e+00	-0.0000000000000000e+00	5.4526330808860890e-01	5.2500000000000002e-01	0.0000000000000000e+00	5.5106651411247417e+07	-2.4272920633813999e+04	-1.2000159941108529e+08	1.8561674757703667e+01	-3.4812741607452439e-03	0.0000000000000000e+00	1.8561682048737772e+01	1.4531704180566912e+01	0.0000000000000000e+00	4.1839604980026389e-02	0.0000000000000000e+00	0.0000000000000000e+00	
1.8267849510475143e+00	-0.0000000000000000e+00	-0.0000000000000000e+00	5.4149727022000493e-01	5.2500000000000002e-01	0.0000000000000000e+00	5.5102634710078806e+07	-2.7313499494277283e+04	-1.1999873073044927e+08	1.8587268893037969e+01	-3.4910792692920845e-03	0.0000000000000000e+00	1.8587276192775384e+01	1.4531704180566912e+01	0.0000000000000000e+00	4.1839604980026389e-02	0.0000000000000000e+00	0.0000000000000000e+00	
1.8291539623685673e+00	-0.0000000000000000e+00	-0.0000000000000000e+00	5.4149727022000493e-01	5.2500000000000002e-01	0.0000000000000000e+00	5.5102634710078806e+07	-2.7313499494277283e+04	-1.1999873073044927e+08	1.8587268893037969e+01	-3.4910792692920845e-03	0.0000000000000000e+00	1.8587276192775384e+01	1.4531704180566912e+01	0.0000000000000000e+00	4.1839604980026389e-02	0.0000000000000000e+00	0.0000000000000000e+00	
1.8315229736896204e+00	-0.0000000000000000e+00	-0.0000000000000000e+00	5.3746588027807851e-01	5.2500000000000002e-01	0.0000000000000000e+00	5.5097461201198950e+07	-3.0150991280530929e+04	-1.1999577073145890e+08	1.8612846997332735e+01	-3.5016695194249763e-03	0.0000000000000000e+00	1.8612854305134004e+01	1.4531704180566912e+01	0.0000000000000000e+00	4.1839604980026389e-02	0.0000000000000000e+00	0.0000000000000000e+00	
1.8338919850106734e+00	-0.0000000000000000e+00	-0.0000000000000000e+00	5.3746588027807851e-01	5.2500000000000002e-01	0.0000000000000000e+00	5.5097461201198950e+07	-3.0150991280530929e+04	-1.1999577073145890e+08	1.8612846997332735e+01	-3.5016695194249763e-03	0.0000000000000000e+00	1.8612854305134004e+01	1.4531704180566912e+01	0.0000000000000000e+00	4.1839604980026389e-02	0.0000000000000000e+00	0.0000000000000000e+00	
1.8362609963317265e+00	-0.0000000000000000e+00	-0.0000000000000000e+00	5.3317271187431947e-01	5.2500000000000002e-01	0.0000000000000000e+00	5.5091063844254620e+07	-3.2710376351468014e+04	-1.1999270399406070e+08	1.8638405362832440e+01	-3.5129252385427590e-03	0.0000000000000000e+00	1.8638412678368041e+01	1.4531704180566912e+01	0.0000000000000000e+00	4.1839604980026389e-02	0.0000000000000000e+00	0.0000000000000000e+00	
1.8386300076527795e+00	-0.0000000000000000e+00	-0.0000000000000000e+00	5.3317271187431947e-01	5.2500000000000002e-01	0.0000000000000000e+00	5.5091063844254620e+07	-3.2710376351468014e+04	-1.1999270399406070e+08	1.8638405362832440e+01	-3.5129252385427590e-03	0.0000000000000000e+00	1.8638412678368041e+01	1.4531704180566912e+01	0.0000000000000000e+00	4.1839604980026389e-02	0.0000000000000000e+00	0.0000000000000000e+00	
1.8409990189738326e+00	-0.0000000000000000e+00	-0.0000000000000000e+00	5.2862035971727439e-01	5.2500000000000002e-01	0.0000000000000000e+00	5.5083395825264223e+07	-3.4920028671840693e+04	-1.1998950503383084e+08	1.8663940121040394e+01	-3.5247006467356030e-03	0.0000000000000000e+00	1.8663947444286055e+01	1.4531704180566912e+01	0.0000000000000000e+00	4.1839604980026389e-02	0.0000000000000000e+00	0.0000000000000000e+00	
1.8433680302948856e+00	-0.0000000000000000e+00	-0.0000000000000000e+00	5.2862035971727439e-01	5.2500000000000002e-01	0.0000000000000000e+00	5.5083395825264223e+07	-3.4920028671840693e+04	-1.1998950503383084e+08	1.8663940121040394e+01	-3.5247006467356030e-03	0.0000000000000000e+00	1.8663947444286055e+01	1.4531704180566912e+01	0.0000000000000000e+00	4.1839604980026389e-02	0.0000000000000000e+00	0.0000000000000000e+00	
1.8457370416159387e+00	-0.0000000000000000e+00	-0.0000000000000000e+00	5.2381714667689017e-01	5.2500000000000002e-01	0.0000000000000000e+00	5.5074421148261160e+07	-3.6719774583235099e+04	-1.1998617412232938e+08	1.8689447266820114e+01	-3.5368276433240639e-03	0.0000000000000000e+00	1.8689454598043341e+01	1.4531704180566912e+01	0.0000000000000000e+00	4.1839604980026389e-02	0.0000000000000000e+00	0.0000000000000000e+00	
1.8481060529369917e+00	-0.0000000000000000e+00	-0.0000000000000000e+00	5.2381714667689017e-01	5.2500000000000002e-01	0.0000000000000000e+00	5.5074421148261160e+07	-3.6719774583235099e+04	-1.1998617412232938e+08	1.8689447266820114e+01	-3.5368276433240639e-03	0.0000000000000000e+00	1.8689454598043341e+01	1.4531704180566912e+01	0.0000000000000000e+00	4.1839604980026389e-02	0.0000000000000000e+00	0.0000000000000000e+00	
1.8504750642580448e+00	-0.0000000000000000e+00	-0.0000000000000000e+00	5.1876995789776581e-01	5.2500000000000002e-01	0.0000000000000000e+00	5.5064122143966600e+07	-3.8057839701896286e+04	-1.1998270497199929e+08	1.8714922697874250e+01	-3.5491198245244989e-03	0.0000000000000000e+00	1.8714930037608063e+01	1.4531704180566912e+01	0.0000000000000000e+00	4.1839604980026389e-02	0.0000000000000000e+00	0.0000000000000000e+00	
1.8528440755790978e+00	-0.0000000000000000e+00	-0.0000000000000000e+00	5.1876995789776581e-01	5.2500000000000002e-01	0.0000000000000000e+00	5.5064122143966600e+07	-3.8057839701896286e+04	-1.1998270497199929e+08	1.8714922697874250e+01	-3.5491198245244989e-03	0.0000000000000000e+00	1.8714930037608063e+01	1.4531704180566912e+01	0.0000000000000000e+00	4.1839604980026389e-02	0.0000000000000000e+00	0.0000000000000000e+00	
1.8552130869001509e+00	-0.0000000000000000e+00	-0.0000000000000000e+00	5.1349107067423483e-01	5.2500000000000002e-01	0.0000000000000000e+00	5.5052489699819386e+07	-3.8897789994789906e+04	-1.1997911961763488e+08	1.8740362234141354e+01	-3.5613780049622993e-03	0.0000000000000000e+00	1.8740369583153683e+01	1.4531704180566912e+01	0.0000000000000000e+00	4.1839604980026389e-02	0.0000000000000000e+00	0.0000000000000000e+00	
1.8575820982212039e+00	-0.0000000000000000e+00	-0.0000000000000000e+00	5.1349107067423483e-01	5.2500000000000002e-01	0.0000000000000000e+00	5.5052489699819386e+07	-3.8897789994789906e+04	-1.1997911961763488e+08	1.8740362234141354e+01	-3.5613780049622993e-03	0.0000000000000000e+00	1.8740369583153683e+01	1.4531704180566912e+01	0.0000000000000000e+00	4.1839604980026389e-02	0.0000000000000000e+00	0.0000000000000000e+00	
1.8599511095422570e+00	-0.0000000000000000e+00	-0.0000000000000000e+00	5.0799089219429006e-01	5.2500000000000002e-01	0.0000000000000000e+00	5.5039530676606953e+07	-3.9214609155860322e+04	-1.1997543477563351e+08	1.8765761654085686e+01	-3.5733956203953363e-03	0.0000000000000000e+00	1.8765769013340122e+01	1.4531704180566912e+01	0.0000000000000000e+00	4.1839604980026389e-02	0.0000000000000000e+00	0.0000000000000000e+00	
1.8623201208633100e+00	-0.0000000000000000e+00	-0.0000000000000000e+00	5.0799089219429006e-01	5.2500000000000002e-01	0.0000000000000000e+00	5.5039530676606953e+07	-3.9214609155860322e+04	-1.1997543477563351e+08	1.8765761654085686e+01	-3.5733956203953363e-03	0.0000000000000000e+00	1.8765769013340122e+01	1.4531704180566912e+01	0.0000000000000000e+00	4.1839604980026389e-02	0.0000000000000000e+00	0.0000000000000000e+00	
1.8646891321843631e+00	-0.0000000000000000e+00	-0.0000000000000000e+00	5.0228487057764371e-01	5.2500000000000002e-01	0.0000000000000000e+00	5.5025258036077946e+07	-3.9000192584589240e+04	-1.1997169541725658e+08	1.8791116711214102e+01	-3.5849650556867801e-03	0.0000000000000000e+00	1.8791124081829647e+01	1.4531704180566912e+01	0.0000000000000000e+00	4.1839604980026389e-02	0.0000000000000000e+00	0.0000000000000000e+00	
1.8670581435054161e+00	-0.0000000000000000e+00	-0.0000000000000000e+00	5.0228487057764371e-01	5.2500000000000002e-01	0.0000000000000000e+00	5.5025258036077946e+07	-3.9000192584589240e+04	-1.1997169541725658e+08	1.8791116711214102e+01	-3.5849650556867801e-03	0.0000000000000000e+00	1.8791124081829647e+01	1.4531704180566912e+01	0.0000000000000000e+00	4.1839604980026389e-02	0.0000000000000000e+00	0.0000000000000000e+00	
1.8694271548264692e+00	-0.0000000000000000e+00	-0.0000000000000000e+00	4.9638622026224022e-01	5.2500000000000002e-01	0.0000000000000000e+00	5.5009698297758974e+07	-3.8258380415914529e+04	-1.1996793994121939e+08	1.8816423168992351e+01	-3.5958833906252121e-03	0.0000000000000000e+00	1.8816430552197236e+01	1.4531704180566912e+01	0.0000000000000000e+00	4.1839604980026389e-02	0.0000000000000000e+00	0.0000000000000000e+00	
1.8717961661475222e+00	-0.0000000000000000e+00	-0.0000000000000000e+00	4.9638622026224022e-01	5.2500000000000002e-01	0.0000000000000000e+00	5.5009698297758974e+07	-3.8258380415914529e+04	-1.1996793994121939e+08	1.8816423168992351e+01	-3.5958833906252121e-03	0.0000000000000000e+00	1.8816430552197236e+01	1.4531704180566912e+01	0.0000000000000000e+00	4.1839604980026389e-02	0.0000000000000000e+00	0.0000000000000000e+00	
1.8741651774685752e+00	-0.0000000000000000e+00	-0.0000000000000000e+00	4.9031284892258026e-01	5.2500000000000002e-01	0.0000000000000000e+00	5.4992881750436105e+07	-3.7008996726201789e+04	-1.1996423243998682e+08	1.8841676816177522e+01	-3.6059584651375732e-03	0.0000000000000000e+00	1.8841684213263871e+01	1.4531704180566912e+01	0.0000000000000000e+00	4.1839604980026389e-02	0.0000000000000000e+00	0.0000000000000000e+00	
1.8765341887896283e+00	-0.0000000000000000e+00	-0.0000000000000000e+00	4.9031284892258026e-01	5.2500000000000002e-01	0.0000000000000000e+00	5.4992881750436105e+07	-3.7008996726201789e+04	-1.1996423243998682e+08	1.8841676816177522e+01	-3.6059584651375732e-03	0.0000000000000000e+00	1.8841684213263871e+01	1.4531704180566912e+01	0.0000000000000000e+00	4.1839604980026389e-02	0.0000000000000000e+00	0.0000000000000000e+00	
1.8789032001106813e+00	-0.0000000000000000e+00	-0.0000000000000000e+00	4.8408013679893913e-01	5.2500000000000002e-01	0.0000000000000000e+00	5.4974850003521770e+07	-3.5281959373634447e+04	-1.1996062710071515e+08	1.8866873501682004e+01	-3.6150139126163291e-03	0.0000000000000000e+00	1.8866880913956273e+01	1.4531704180566912e+01	0.0000000000000000e+00	4.1839604980026389e-02	0.0000000000000000e+00	0.0000000000000000e+00	
1.8812722114317344e+00	-0.0000000000000000e+00	-0.0000000000000000e+00	4.8408013679893913e-01	5.2500000000000002e-01	0.0000000000000000e+00	5.4974850003521770e+07	-3.5281959373634447e+04	-1.1996062710071515e+08	1.8866873501682004e+01	-3.6150139126163291e-03	0.0000000000000000e+00	1.8866880913956273e+01	1.4531704180566912e+01	0.0000000000000000e+00	4.1839604980026389e-02	0.0000000000000000e+00	0.0000000000000000e+00	
1.8836412227527874e+00	-0.0000000000000000e+00	-0.0000000000000000e+00	4.7770779399950014e-01	5.2500000000000002e-01	0.0000000000000000e+00	5.4955646385611437e+07	-3.3120150970388546e+04	-1.1995719944810224e+08	1.8892009149400316e+01	-3.6228940161699397e-03	0.0000000000000000e+00	1.8892016578135884e+01	1.4531704180566912e+01	0.0000000000000000e+00	4.1839604980026389e-02	0.0000000000000000e+00	0.0000000000000000e+00	
1.8860102340738405e+00	-0.0000000000000000e+00	-0.0000000000000000e+00	4.7770779399950014e-01	5.2500000000000002e-01	0.0000000000000000e+00	5.4955646385611437e+07	-3.3120150970388546e+04	-1.1995719944810224e+08	1.8892009149400316e+01	-3.6228940161699397e-03	0.0000000000000000e+00	1.8892016578135884e+01	1.4531704180566912e+01	0.0000000000000000e+00	4.1839604980026389e-02	0.0000000000000000e+00	0.0000000000000000e+00	
1.8883792453948935e+00	-0.0000000000000000e+00	-0.0000000000000000e+00	4.7121275145620400e-01	5.2500000000000002e-01	0.0000000000000000e+00	5.4935323562888794e+07	-3.0572964384440162e+04	-1.1995401058391142e+08	1.8917079793104932e+01	-3.6294672084528305e-03	0.0000000000000000e+00	1.8917087239492353e+01	1.4531704180566912e+01	0.0000000000000000e+00	4.1839604980026389e-02	0.0000000000000000e+00	0.0000000000000000e+00	
1.8907482567159466e+00	-0.0000000000000000e+00	-0.0000000000000000e+00	4.7121275145620400e-01	5.2500000000000002e-01	0.0000000000000000e+00	5.4935323562888794e+07	-3.0572964384440162e+04	-1.1995401058391142e+08	1.8917079793104932e+01	-3.6294672084528305e-03	0.0000000000000000e+00	1.8917087239492353e+01	1.4531704180566912e+01	0.0000000000000000e+00	4.1839604980026389e-02	0.0000000000000000e+00	0.0000000000000000e+00	
1.8931172680369996e+00	-0.0000000000000000e+00	-0.0000000000000000e+00	4.6461585462218430e-01	5.2500000000000002e-01	0.0000000000000000e+00	5.4913934167030230e+07	-2.7698479227046610e+04	-1.1995113780957666e+08	1.8942081589984966e+01	-3.6346291052197768e-03	0.0000000000000000e+00	1.8942089055086036e+01	1.4531704180566912e+01	0.0000000000000000e+00	4.1839604980026389e-02	0.0000000000000000e+00	0.0000000000000000e+00	
1.8954862793580527e+00	-0.0000000000000000e+00	-0.0000000000000000e+00	4.6461585462218430e-01	5.2500000000000002e-01	0.0000000000000000e+00	5.4913934167030230e+07	-2.7698479227046610e+04	-1.1995113780957666e+08	1.8942081589984966e+01	-3.6346291052197768e-03	0.0000000000000000e+00	1.8942089055086036e+01	1.4531704180566912e+01	0.0000000000000000e+00	4.1839604980026389e-02	0.0000000000000000e+00	0.0000000000000000e+00	
1.8978552906791057e+00	-0.0000000000000000e+00	-0.0000000000000000e+00	4.5793492809061803e-01	5.2500000000000002e-01	0.0000000000000000e+00	5.4891538397793807e+07	-2.4556922454893091e+04	-1.1994863938065374e+08	1.8967010854238048e+01	-3.6383040483644645e-03	0.0000000000000000e+00	1.8967018338940079e+01	1.4531704180566912e+01	0.0000000000000000e+00	4.1839604980026389e-02	0.0000000000000000e+00	0.0000000000000000e+00	
1.9002243020001588e+00	-0.0000000000000000e+00	-0.0000000000000000e+00	4.5793492809061803e-01	5.2500000000000002e-01	0.0000000000000000e+00	5.4891538397793807e+07	-2.4556922454893091e+04	-1.1994863938065374e+08	1.8967010854238048e+01	-3.6383040483644645e-03	0.0000000000000000e+00	1.8967018338940079e+01	1.4531704180566912e+01	0.0000000000000000e+00	4.1839604980026389e-02	0.0000000000000000e+00	0.0000000000000000e+00	
1.9025933133212118e+00	-0.0000000000000000e+00	-0.0000000000000000e+00	4.5119121731022871e-01	5.2500000000000002e-01	0.0000000000000000e+00	5.4868194904328123e+07	-2.1212666605015504e+04	-1.1994658484767607e+08	1.8991864067259236e+01	-3.6404461370886992e-03	0.0000000000000000e+00	1.8991871572235457e+01	1.4531704180566912e+01	0.0000000000000000e+00	4.1839604980026389e-02	0.0000000000000000e+00	0.0000000000000000e+00	
1.9049623246422649e+00	-0.0000000000000000e+00	-0.0000000000000000e+00	4.5119121731022871e-01	5.2500000000000002e-01	0.0000000000000000e+00	5.4868194904328123e+07	-2.1212666605015504e+04	-1.1994658484767607e+08	1.8991864067259236e+01	-3.6404461370886992e-03	0.0000000000000000e+00	1.8991871572235457e+01	1.4531704180566912e+01	0.0000000000000000e+00	4.1839604980026389e-02	0.0000000000000000e+00	0.0000000000000000e+00	
1.9073313359633179e+00	-0.0000000000000000e+00	-0.0000000000000000e+00	4.4440270432910139e-01	5.2500000000000002e-01	0.0000000000000000e+00	5.4843968273930192e+07	-1.7728072625143326e+04	-1.1994502094347443e+08	1.9016637907625103e+01	-3.6410388306102924e-03	0.0000000000000000e+00	1.9016645433298351e+01	1.4531704180566912e+01	0.0000000000000000e+00	4.1839604980026389e-02	0.0000000000000000e+00	0.0000000000000000e+00	
1.9097003472843710e+00	-0.0000000000000000e+00	-0.0000000000000000e+00	4.4440270432910139e-01	5.2500000000000002e-01	0.0000000000000000e+00	5.4843968273930192e+07	-1.7728072625143326e+04	-1.1994502094347443e+08	1.9016637907625103e+01	-3.6410388306102924e-03	0.0000000000000000e+00	1.9016645433298351e+01	1.4531704180566912e+01	0.0000000000000000e+00	4.1839604980026389e-02	0.0000000000000000e+00	0.0000000000000000e+00	
1.9120693586054240e+00	-0.0000000000000000e+00	-0.0000000000000000e+00	4.3759022519234059e-01	5.2500000000000002e-01	0.0000000000000000e+00	5.4818920215280317e+07	-1.4165731535748886e+04	-1.1994400177088185e+08	1.9041329255350405e+01	-3.6400942090414764e-03	0.0000000000000000e+00	1.9041336801865651e+01	1.4531704180566912e+01	0.0000000000000000e+00	4.1839604980026389e-02	0.0000000000000000e+00	0.0000000000000000e+00	
1.9144383699264771e+00	-0.0000000000000000e+00	-0.0000000000000000e+00	4.3759022519234059e-01	5.2500000000000002e-01	0.0000000000000000e+00	5.4818920215280317e+07	-1.4165731535748886e+04	-1.1994400177088185e+08	1.9041329255350405e+01	-3.6400942090414764e-03	0.0000000000000000e+00	1.9041336801865651e+01	1.4531704180566912e+01	0.0000000000000000e+00	4.1839604980026389e-02	0.0000000000000000e+00	0.0000000000000000e+00	
1.9168073812475301e+00	-0.0000000000000000e+00	-0.0000000000000000e+00	4.3077113339025358e-01	5.2500000000000002e-01	0.0000000000000000e+00	5.4793116853365369e+07	-1.0583035741202722e+04	-1.1994355630632366e+08	1.9065935215913225e+01	-3.6376510162728303e-03	0.0000000000000000e+00	1.9065942783116757e+01	1.4531704180566912e+01	0.0000000000000000e+00	4.1839604980026389e-02	0.0000000000000000e+00	0.0000000000000000e+00	
1.9191763925685832e+00	-0.0000000000000000e+00	-0.0000000000000000e+00	4.3077113339025358e-01	5.2500000000000002e-01	0.0000000000000000e+00	5.4793116853365369e+07	-1.0583035741202722e+04	-1.1994355630632366e+08	1.9065935215913225e+01	-3.6376510162728303e-03	0.0000000000000000e+00	1.9065942783116757e+01	1.4531704180566912e+01	0.0000000000000000e+00	4.1839604980026389e-02	0.0000000000000000e+00	0.0000000000000000e+00	
1.9215454038896362e+00	-0.0000000000000000e+00	-0.0000000000000000e+00	4.2396503888210857e-01	5.2500000000000002e-01	0.0000000000000000e+00	5.4766620310793698e+07	-7.0348982258962387e+03	-1.1994371828813551e+08	1.9090453116533237e+01	-3.6337726702447390e-03	0.0000000000000000e+00	1.9090460703963334e+01	1.4531704180566912e+01	0.0000000000000000e+00	4.1839604980026389e-02	0.0000000000000000e+00	0.0000000000000000e+00	
1.9239144152106893e+00	-0.0000000000000000e+00	-0.0000000000000000e+00	4.2396503888210857e-01	5.2500000000000002e-01	0.0000000000000000e+00	5.4766620310793698e+07	-7.0348982258962387e+03	-1.1994371828813551e+08	1.9090453116533237e+01	-3.6337726702447390e-03	0.0000000000000000e+00	1.9090460703963334e+01	1.4531704180566912e+01	0.0000000000000000e+00	4.1839604980026389e-02	0.0000000000000000e+00	0.0000000000000000e+00	
1.9262834265317423e+00	-0.0000000000000000e+00	-0.0000000000000000e+00	4.1718792933454396e-01	5.2500000000000002e-01	0.0000000000000000e+00	5.4739495756804392e+07	-3.5692191621376869e+03	-1.1994449567989662e+08	1.9114880522870909e+01	-3.6285443338528022e-03	0.0000000000000000e+00	1.9114888129758565e+01	1.4531704180566912e+01	0.0000000000000000e+00	4.1839604980026389e-02	0.0000000000000000e+00	0.0000000000000000e+00	
1.9286524378527954e+00	-0.0000000000000000e+00	-0.0000000000000000e+00	4.1718792933454396e-01	5.2500000000000002e-01	0.0000000000000000e+00	5.4739495756804392e+07	-3.5692191621376869e+03	-1.1994449567989662e+08	1.9114880522870909e+01	-3.6285443338528022e-03	0.0000000000000000e+00	1.9114888129758565e+01	1.4531704180566912e+01	0.0000000000000000e+00	4.1839604980026389e-02	0.0000000000000000e+00	0.0000000000000000e+00	
1.9310214491738484e+00	-0.0000000000000000e+00	-0.0000000000000000e+00	4.1045748836508417e-01	5.2500000000000002e-01	0.0000000000000000e+00	5.4711803524398439e+07	-2.3009780141426390e+02	-1.1994589986299106e+08	1.9139215226765135e+01	-3.6220703040201470e-03	0.0000000000000000e+00	1.9139222852048686e+01	1.4531704180566912e+01	0.0000000000000000e+00	4.1839604980026389e-02	0.0000000000000000e+00	0.0000000000000000e+00	
1.9333904604949015e+00	-0.0000000000000000e+00	-0.0000000000000000e+00	4.1045748836508417e-01	5.2500000000000002e-01	0.0000000000000000e+00	5.4711803524398439e+07	-2.3009780141426390e+02	-1.1994589986299106e+08	1.9139215226765135e+01	-3.6220703040201470e-03	0.0000000000000000e+00	1.9139222852048686e+01	1.4531704180566912e+01	0.0000000000000000e+00	4.1839604980026389e-02	0.0000000000000000e+00	0.0000000000000000e+00	
1.9357594718159545e+00	-0.0000000000000000e+00	-0.0000000000000000e+00	4.0378778439414315e-01	5.2500000000000002e-01	0.0000000000000000e+00	5.4683605873225927e+07	2.9458191317984051e+03	-1.1994791731489246e+08	1.9163455255952613e+01	-3.6144707232074738e-03	0.0000000000000000e+00	1.9163462898305184e+01	1.4531704180566912e+01	0.0000000000000000e+00	4.1839604980026389e-02	0.0000000000000000e+00	0.0000000000000000e+00	
1.9381284831370076e+00	-0.0000000000000000e+00	-0.0000000000000000e+00	4.0378778439414315e-01	5.2500000000000002e-01	0.0000000000000000e+00	5.4683605873225927e+07	2.9458191317984051e+03	-1.1994791731489246e+08	1.9163455255952613e+01	-3.6144707232074738e-03	0.0000000000000000e+00	1.9163462898305184e+01	1.4531704180566912e+01	0.0000000000000000e+00	4.1839604980026389e-02	0.0000000000000000e+00	0.0000000000000000e+00	
1.9404974944580606e+00	-0.0000000000000000e+00	-0.0000000000000000e+00	3.9719412482532934e-01	5.2500000000000002e-01	0.0000000000000000e+00	5.4654959791332409e+07	5.9258076580711095e+03	-1.1995053754851528e+08	1.9187598854646183e+01	-3.6058789121522546e-03	0.0000000000000000e+00	1.9187606512518450e+01	1.4531704180566912e+01	0.0000000000000000e+00	4.1839604980026389e-02	0.0000000000000000e+00	0.0000000000000000e+00	
1.9428665057791137e+00	-0.0000000000000000e+00	-0.0000000000000000e+00	3.9719412482532934e-01	5.2500000000000002e-01	0.0000000000000000e+00	5.4654959791332409e+07	5.9258076580711095e+03	-1.1995053754851528e+08	1.9187598854646183e+01	-3.6058789121522546e-03	0.0000000000000000e+00	1.9187606512518450e+01	1.4531704180566912e+01	0.0000000000000000e+00	4.1839604980026389e-02	0.0000000000000000e+00	0.0000000000000000e+00	
1.9452355171001667e+00	-0.0000000000000000e+00	-0.0000000000000000e+00	3.9068840527122561e-01	5.2500000000000002e-01	0.0000000000000000e+00	5.4625923412298992e+07	8.6839834689090821e+03	-1.1995372724748263e+08	1.9211644488453096e+01	-3.5964382053545220e-03	0.0000000000000000e+00	1.9211652160130082e+01	1.4531704180566912e+01	0.0000000000000000e+00	4.1839604980026389e-02	0.0000000000000000e+00	0.0000000000000000e+00	
1.9476045284212198e+00	-0.0000000000000000e+00	-0.0000000000000000e+00	3.9068840527122561e-01	5.2500000000000002e-01	0.0000000000000000e+00	5.4625923412298992e+07	8.6839834689090821e+03	-1.1995372724748263e+08	1.9211644488453096e+01	-3.5964382053545220e-03	0.0000000000000000e+00	1.9211652160130082e+01	1.4531704180566912e+01	0.0000000000000000e+00	4.1839604980026389e-02	0.0000000000000000e+00	0.0000000000000000e+00	
1.9499735397422728e+00	-0.0000000000000000e+00	-0.0000000000000000e+00	3.8428344292061234e-01	5.2500000000000002e-01	0.0000000000000000e+00	5.4596549623479873e+07	1.1197747380267858e+04	-1.1995745634441282e+08	1.9235590820888845e+01	-3.5862996045721834e-03	0.0000000000000000e+00	1.9235598504561029e+01	1.4531704180566912e+01	0.0000000000000000e+00	4.1839604980026389e-02	0.0000000000000000e+00	0.0000000000000000e+00	
1.9523425510633259e+00	-0.0000000000000000e+00	-0.0000000000000000e+00	3.8428344292061234e-01	5.2500000000000002e-01	0.0000000000000000e+00	5.4596549623479873e+07	1.1197747380267858e+04	-1.1995745634441282e+08	1.9235590820888845e+01	-3.5862996045721834e-03	0.0000000000000000e+00	1.9235598504561029e+01	1.4531704180566912e+01	0.0000000000000000e+00	4.1839604980026389e-02	0.0000000000000000e+00	0.0000000000000000e+00	
1.9547115623843789e+00	-0.0000000000000000e+00	-0.0000000000000000e+00	3.7798904804809524e-01	5.2500000000000002e-01	0.0000000000000000e+00	5.4566892031750634e+07	1.3450174713067699e+04	-1.1996167489823548e+08	1.9259436716942400e+01	-3.5756190047846578e-03	0.0000000000000000e+00	1.9259444410788873e+01	1.4531704180566912e+01	0.0000000000000000e+00	4.1839604980026389e-02	0.0000000000000000e+00	0.0000000000000000e+00	
1.9570805737054320e+00	-0.0000000000000000e+00	-0.0000000000000000e+00	3.7798904804809524e-01	5.2500000000000002e-01	0.0000000000000000e+00	5.4566892031750634e+07	1.3450174713067699e+04	-1.1996167489823548e+08	1.9259436716942400e+01	-3.5756190047846578e-03	0.0000000000000000e+00	1.9259444410788873e+01	1.4531704180566912e+01	0.0000000000000000e+00	4.1839604980026389e-02	0.0000000000000000e+00	0.0000000000000000e+00	
1.9594495850264850e+00	-0.0000000000000000e+00	-0.0000000000000000e+00	3.7181575990848054e-01	5.2500000000000002e-01	0.0000000000000000e+00	5.4536999448251478e+07	1.5426757794626261e+04	-1.1996633674349181e+08	1.9283181219477687e+01	-3.5645553109910667e-03	0.0000000000000000e+00	1.9283188921758729e+01	1.4531704180566912e+01	0.0000000000000000e+00	4.1839604980026389e-02	0.0000000000000000e+00	0.0000000000000000e+00	
1.9618185963475381e+00	-0.0000000000000000e+00	-0.0000000000000000e+00	3.7181575990848054e-01	5.2500000000000002e-01	0.0000000000000000e+00	5.4536999448251478e+07	1.5426757794626261e+04	-1.1996633674349181e+08	1.9283181219477687e+01	-3.5645553109910667e-03	0.0000000000000000e+00	1.9283188921758729e+01	1.4531704180566912e+01	0.0000000000000000e+00	4.1839604980026389e-02	0.0000000000000000e+00	0.0000000000000000e+00	
1.9641876076685911e+00	-0.0000000000000000e+00	-0.0000000000000000e+00	3.6577166643756232e-01	5.2500000000000002e-01	0.0000000000000000e+00	5.4506921246876746e+07	1.7117458322943712e+04	-1.1997137944803943e+08	1.9306823555108551e+01	-3.5532680958158588e-03	0.0000000000000000e+00	1.9306831264263835e+01	1.4531704180566912e+01	0.0000000000000000e+00	4.1839604980026389e-02	0.0000000000000000e+00	0.0000000000000000e+00	
1.9665566189896442e+00	-0.0000000000000000e+00	-0.0000000000000000e+00	3.6577166643756232e-01	5.2500000000000002e-01	0.0000000000000000e+00	5.4506921246876746e+07	1.7117458322943712e+04	-1.1997137944803943e+08	1.9306823555108551e+01	-3.5532680958158588e-03	0.0000000000000000e+00	1.9306831264263835e+01	1.4531704180566912e+01	0.0000000000000000e+00	4.1839604980026389e-02	0.0000000000000000e+00	0.0000000000000000e+00	
1.9689256303106972e+00	-0.0000000000000000e+00	-0.0000000000000000e+00	3.5986544976774160e-01	5.2500000000000002e-01	0.0000000000000000e+00	5.4476702745717593e+07	1.8514014583366024e+04	-1.1997674504994702e+08	1.9330363114122306e+01	-3.5419161173705577e-03	0.0000000000000000e+00	1.9330370828868951e+01	1.4531704180566912e+01	0.0000000000000000e+00	4.1839604980026389e-02	0.0000000000000000e+00	0.0000000000000000e+00	
1.9712946416317503e+00	-0.0000000000000000e+00	-0.0000000000000000e+00	3.5986544976774160e-01	5.2500000000000002e-01	0.0000000000000000e+00	5.4476702745717593e+07	1.8514014583366024e+04	-1.1997674504994702e+08	1.9330363114122306e+01	-3.5419161173705577e-03	0.0000000000000000e+00	1.9330370828868951e+01	1.4531704180566912e+01	0.0000000000000000e+00	4.1839604980026389e-02	0.0000000000000000e+00	0.0000000000000000e+00	
1.9736636529528033e+00	-0.0000000000000000e+00	-0.0000000000000000e+00	3.5410394941659551e-01	5.2500000000000002e-01	0.0000000000000000e+00	5.4446389777328804e+07	1.9611771018466305e+04	-1.1998236344502123e+08	1.9353799461383780e+01	-3.5306552841911074e-03	0.0000000000000000e+00	1.9353807180809170e+01	1.4531704180566912e+01	0.0000000000000000e+00	4.1839604980026389e-02	0.0000000000000000e+00	0.0000000000000000e+00	
1.9760326642738564e+00	-0.0000000000000000e+00	-0.0000000000000000e+00	3.5410394941659551e-01	5.2500000000000002e-01	0.0000000000000000e+00	5.4446389777328804e+07	1.9611771018466305e+04	-1.1998236344502123e+08	1.9353799461383780e+01	-3.5306552841911074e-03	0.0000000000000000e+00	1.9353807180809170e+01	1.4531704180566912e+01	0.0000000000000000e+00	4.1839604980026389e-02	0.0000000000000000e+00	0.0000000000000000e+00	
1.9784016755949094e+00	-0.0000000000000000e+00	-0.0000000000000000e+00	3.4849442221556975e-01	5.2500000000000002e-01	0.0000000000000000e+00	5.4416024965408906e+07	2.0407706078668827e+04	-1.1998816981093994e+08	1.9377132322034345e+01	-3.5196373929790013e-03	0.0000000000000000e+00	1.9377140045675681e+01	1.4531704180566912e+01	0.0000000000000000e+00	4.1839604980026389e-02	0.0000000000000000e+00	0.0000000000000000e+00	
1.9807706869159625e+00	-0.0000000000000000e+00	-0.0000000000000000e+00	3.4849442221556975e-01	5.2500000000000002e-01	0.0000000000000000e+00	5.4416024965408906e+07	2.0407706078668827e+04	-1.1998816981093994e+08	1.9377132322034345e+01	-3.5196373929790013e-03	0.0000000000000000e+00	1.9377140045675681e+01	1.4531704180566912e+01	0.0000000000000000e+00	4.1839604980026389e-02	0.0000000000000000e+00	0.0000000000000000e+00	
1.9831396982370155e+00	-0.0000000000000000e+00	-0.0000000000000000e+00	3.4304282769585781e-01	5.2500000000000002e-01	0.0000000000000000e+00	5.4385651346002474e+07	2.0902046336112748e+04	-1.1999409171043839e+08	1.9400361598364562e+01	-3.5090082121117098e-03	0.0000000000000000e+00	1.9400369326270010e+01	1.4531704180566912e+01	0.0000000000000000e+00	4.1839604980026389e-02	0.0000000000000000e+00	0.0000000000000000e+00	
1.9855087095580686e+00	-0.0000000000000000e+00	-0.0000000000000000e+00	3.4304282769585781e-01	5.2500000000000002e-01	0.0000000000000000e+00	5.4385651346002474e+07	2.0902046336112748e+04	-1.1999409171043839e+08	1.9400361598364562e+01	-3.5090082121117098e-03	0.0000000000000000e+00	1.9400369326270010e+01	1.4531704180566912e+01	0.0000000000000000e+00	4.1839604980026389e-02	0.0000000000000000e+00	0.0000000000000000e+00	
1.9878777208791216e+00	-0.0000000000000000e+00	-0.0000000000000000e+00	3.3775522485235071e-01	5.2500000000000002e-01	0.0000000000000000e+00	5.4355309555158541e+07	2.1097036508096102e+04	-1.2000006285732843e+08	1.9423487361591491e+01	-3.4989062490517263e-03	0.0000000000000000e+00	1.9423495094354603e+01	1.4531704180566912e+01	0.0000000000000000e+00	4.1839604980026389e-02	0.0000000000000000e+00	0.0000000000000000e+00	
1.9902467322001747e+00	-0.0000000000000000e+00	-0.0000000000000000e+00	3.3775522485235071e-01	5.2500000000000002e-01	0.0000000000000000e+00	5.4355309555158541e+07	2.1097036508096102e+04	-1.2000006285732843e+08	1.9423487361591491e+01	-3.4989062490517263e-03	0.0000000000000000e+00	1.9423495094354603e+01	1.4531704180566912e+01	0.0000000000000000e+00	4.1839604980026389e-02	0.0000000000000000e+00	0.0000000000000000e+00	
1.9926157435212277e+00	-0.0000000000000000e+00	-0.0000000000000000e+00	3.3263675890368949e-01	5.2500000000000002e-01	0.0000000000000000e+00	5.4325040404476680e+07	2.0998241103587850e+04	-1.2000601408377255e+08	1.9446509873638565e+01	-3.4894608072957617e-03	0.0000000000000000e+00	1.9446517612403046e+01	1.4531704180566912e+01	0.0000000000000000e+00	4.1839604980026389e-02	0.0000000000000000e+00	0.0000000000000000e+00	
1.9949847548422808e+00	-0.0000000000000000e+00	-0.0000000000000000e+00	3.3263675890368949e-01	5.2500000000000002e-01	0.0000000000000000e+00	5.4325040404476680e+07	2.0998241103587850e+04	-1.2000601408377255e+08	1.9446509873638565e+01	-3.4894608072957617e-03	0.0000000000000000e+00	1.9446517612403046e+01	1.4531704180566912e+01	0.0000000000000000e+00	4.1839604980026389e-02	0.0000000000000000e+00	0.0000000000000000e+00	
1.9973537661633338e+00	-0.0000000000000000e+00	-0.0000000000000000e+00	3.2769215449762690e-01	5.2500000000000002e-01	0.0000000000000000e+00	5.4294883038954422e+07	2.0613957428130721e+04	-1.2001188313459915e+08	1.9469429583445024e+01	-3.4807906838433969e-03	0.0000000000000000e+00	1.9469437329873742e+01	1.4531704180566912e+01	0.0000000000000000e+00	4.1839604980026389e-02	0.0000000000000000e+00	0.0000000000000000e+00	
1.9997227774843869e+00	-0.0000000000000000e+00	-0.0000000000000000e+00	3.2769215449762690e-01	5.2500000000000002e-01	0.0000000000000000e+00	5.4294883038954422e+07	2.0613957428130721e+04	-1.2001188313459915e+08	1.9469429583445024e+01	-3.4807906838433969e-03	0.0000000000000000e+00	1.9469437329873742e+01	1.4531704180566912e+01	0.0000000000000000e+00	4.1839604980026389e-02	0.0000000000000000e+00	0.0000000000000000e+00	
2.0000000000000000e+00	-0.0000000000000000e+00	-0.0000000000000000e+00	3.2289328704353387e-01	5.2500000000000002e-01	0.0000000000000000e+00	5.4264837467252836e+07	1.9898307446857230e+04	-1.2001764856525093e+08	1.9470768044873466e+01	-3.4803043909835477e-03	0.0000000000000000e+00	1.9470775791813026e+01	1.4531704180566912e+01	0.0000000000000000e+00	4.1839604980026389e-02	0.0000000000000000e+00	0.0000000000000000e+00	
