time,rank_0_accumulated,rank_0_current
28.8695,8.21497,8.21497
57.6277,8.23091,8.24691
