TITLE = "Temporal Signal for receiver number 00006"
VARIABLES = "Time","s_xx","s_yy","s_zz","s_xy","s_yz","s_xz","v1","v2","v3"
# x1       -3.000000000000e+03
# x2       -1.000000000000e+03
# x3       -7.500000000000e+03
  0.000000000000000e+00  0.000000000000000e+00  0.000000000000000e+00  0.000000000000000e+00  0.000000000000000e+00  0.000000000000000e+00  0.000000000000000e+00  0.000000000000000e+00  0.000000000000000e+00  0.000000000000000e+00
  4.999999888241291e-03  0.000000000000000e+00  0.000000000000000e+00  0.000000000000000e+00  0.000000000000000e+00  0.000000000000000e+00  0.000000000000000e+00  0.000000000000000e+00  0.000000000000000e+00  0.000000000000000e+00
  9.999999776482582e-03  0.000000000000000e+00  0.000000000000000e+00  0.000000000000000e+00  0.000000000000000e+00  0.000000000000000e+00  0.000000000000000e+00  0.000000000000000e+00  0.000000000000000e+00  0.000000000000000e+00
  1.499999966472387e-02  0.000000000000000e+00  0.000000000000000e+00  0.000000000000000e+00  0.000000000000000e+00  0.000000000000000e+00  0.000000000000000e+00  0.000000000000000e+00  0.000000000000000e+00  0.000000000000000e+00
  1.999999955296516e-02  0.000000000000000e+00  0.000000000000000e+00  0.000000000000000e+00  0.000000000000000e+00  0.000000000000000e+00  0.000000000000000e+00  0.000000000000000e+00  0.000000000000000e+00  0.000000000000000e+00
  2.500000037252903e-02  0.000000000000000e+00  0.000000000000000e+00  0.000000000000000e+00  0.000000000000000e+00  0.000000000000000e+00  0.000000000000000e+00  0.000000000000000e+00  0.000000000000000e+00  0.000000000000000e+00
  2.999999932944775e-02  0.000000000000000e+00  0.000000000000000e+00  0.000000000000000e+00  0.000000000000000e+00  0.000000000000000e+00  0.000000000000000e+00  0.000000000000000e+00  0.000000000000000e+00  0.000000000000000e+00
  3.500000014901161e-02  0.000000000000000e+00  0.000000000000000e+00  0.000000000000000e+00  0.000000000000000e+00  0.000000000000000e+00  0.000000000000000e+00  0.000000000000000e+00  0.000000000000000e+00  0.000000000000000e+00
  3.999999910593033e-02  0.000000000000000e+00  0.000000000000000e+00  0.000000000000000e+00  0.000000000000000e+00  0.000000000000000e+00  0.000000000000000e+00  0.000000000000000e+00  0.000000000000000e+00  0.000000000000000e+00
  4.500000178813934e-02  0.000000000000000e+00  0.000000000000000e+00  0.000000000000000e+00  0.000000000000000e+00  0.000000000000000e+00  0.000000000000000e+00  0.000000000000000e+00  0.000000000000000e+00  0.000000000000000e+00
  5.000000074505806e-02  0.000000000000000e+00  0.000000000000000e+00  0.000000000000000e+00  0.000000000000000e+00  0.000000000000000e+00  0.000000000000000e+00  0.000000000000000e+00  0.000000000000000e+00  0.000000000000000e+00
  5.499999970197678e-02  0.000000000000000e+00  0.000000000000000e+00  0.000000000000000e+00  0.000000000000000e+00  0.000000000000000e+00  0.000000000000000e+00  0.000000000000000e+00  0.000000000000000e+00  0.000000000000000e+00
  5.999999865889549e-02  0.000000000000000e+00  0.000000000000000e+00  0.000000000000000e+00  0.000000000000000e+00  0.000000000000000e+00  0.000000000000000e+00  0.000000000000000e+00  0.000000000000000e+00  0.000000000000000e+00
  6.499999761581421e-02  0.000000000000000e+00  0.000000000000000e+00  0.000000000000000e+00  0.000000000000000e+00  0.000000000000000e+00  0.000000000000000e+00  0.000000000000000e+00  0.000000000000000e+00  0.000000000000000e+00
  7.000000029802322e-02  0.000000000000000e+00  0.000000000000000e+00  0.000000000000000e+00  0.000000000000000e+00  0.000000000000000e+00  0.000000000000000e+00  0.000000000000000e+00  0.000000000000000e+00  0.000000000000000e+00
  7.500000298023224e-02  0.000000000000000e+00  0.000000000000000e+00  0.000000000000000e+00  0.000000000000000e+00  0.000000000000000e+00  0.000000000000000e+00  0.000000000000000e+00  0.000000000000000e+00  0.000000000000000e+00
  7.999999821186066e-02  0.000000000000000e+00  0.000000000000000e+00  0.000000000000000e+00  0.000000000000000e+00  0.000000000000000e+00  0.000000000000000e+00  0.000000000000000e+00  0.000000000000000e+00  0.000000000000000e+00
  8.500000089406967e-02  0.000000000000000e+00  0.000000000000000e+00  0.000000000000000e+00  0.000000000000000e+00  0.000000000000000e+00  0.000000000000000e+00  0.000000000000000e+00  0.000000000000000e+00  0.000000000000000e+00
  9.000000357627869e-02  0.000000000000000e+00  0.000000000000000e+00  0.000000000000000e+00  0.000000000000000e+00  0.000000000000000e+00  0.000000000000000e+00  0.000000000000000e+00  0.000000000000000e+00  0.000000000000000e+00
  9.499999880790710e-02  0.000000000000000e+00  0.000000000000000e+00  0.000000000000000e+00  0.000000000000000e+00  0.000000000000000e+00  0.000000000000000e+00  0.000000000000000e+00  0.000000000000000e+00  0.000000000000000e+00
  1.000000014901161e-01  0.000000000000000e+00  0.000000000000000e+00  0.000000000000000e+00  0.000000000000000e+00  0.000000000000000e+00  0.000000000000000e+00  0.000000000000000e+00  0.000000000000000e+00  0.000000000000000e+00
  1.049999967217445e-01  0.000000000000000e+00  0.000000000000000e+00  0.000000000000000e+00  0.000000000000000e+00  0.000000000000000e+00  0.000000000000000e+00  0.000000000000000e+00  0.000000000000000e+00  0.000000000000000e+00
  1.099999994039536e-01  0.000000000000000e+00  0.000000000000000e+00  0.000000000000000e+00  0.000000000000000e+00  0.000000000000000e+00  0.000000000000000e+00  0.000000000000000e+00  0.000000000000000e+00  0.000000000000000e+00
  1.150000020861626e-01  0.000000000000000e+00  0.000000000000000e+00  0.000000000000000e+00  0.000000000000000e+00  0.000000000000000e+00  0.000000000000000e+00  0.000000000000000e+00  0.000000000000000e+00  0.000000000000000e+00
  1.199999973177910e-01  0.000000000000000e+00  0.000000000000000e+00  0.000000000000000e+00  0.000000000000000e+00  0.000000000000000e+00  0.000000000000000e+00  0.000000000000000e+00  0.000000000000000e+00  0.000000000000000e+00
  1.250000000000000e-01  0.000000000000000e+00  0.000000000000000e+00  0.000000000000000e+00  0.000000000000000e+00  0.000000000000000e+00  0.000000000000000e+00  0.000000000000000e+00  0.000000000000000e+00  0.000000000000000e+00
  1.299999952316284e-01  0.000000000000000e+00  0.000000000000000e+00  0.000000000000000e+00  0.000000000000000e+00  0.000000000000000e+00  0.000000000000000e+00  0.000000000000000e+00  0.000000000000000e+00  0.000000000000000e+00
  1.350000053644180e-01  0.000000000000000e+00  0.000000000000000e+00  0.000000000000000e+00  0.000000000000000e+00  0.000000000000000e+00  0.000000000000000e+00  0.000000000000000e+00  0.000000000000000e+00  0.000000000000000e+00
  1.400000005960464e-01  0.000000000000000e+00  0.000000000000000e+00  0.000000000000000e+00  0.000000000000000e+00  0.000000000000000e+00  0.000000000000000e+00  0.000000000000000e+00  0.000000000000000e+00  0.000000000000000e+00
  1.449999958276749e-01  0.000000000000000e+00  0.000000000000000e+00  0.000000000000000e+00  0.000000000000000e+00  0.000000000000000e+00  0.000000000000000e+00  0.000000000000000e+00  0.000000000000000e+00  0.000000000000000e+00
  1.500000059604645e-01  0.000000000000000e+00  0.000000000000000e+00  0.000000000000000e+00  0.000000000000000e+00  0.000000000000000e+00  0.000000000000000e+00  0.000000000000000e+00  0.000000000000000e+00  0.000000000000000e+00
  1.550000011920929e-01  0.000000000000000e+00  0.000000000000000e+00  0.000000000000000e+00  0.000000000000000e+00  0.000000000000000e+00  0.000000000000000e+00  0.000000000000000e+00  0.000000000000000e+00  0.000000000000000e+00
  1.599999964237213e-01  0.000000000000000e+00  0.000000000000000e+00  0.000000000000000e+00  0.000000000000000e+00  0.000000000000000e+00  0.000000000000000e+00  0.000000000000000e+00  0.000000000000000e+00  0.000000000000000e+00
  1.650000065565109e-01  0.000000000000000e+00  0.000000000000000e+00  0.000000000000000e+00  0.000000000000000e+00  0.000000000000000e+00  0.000000000000000e+00  0.000000000000000e+00  0.000000000000000e+00  0.000000000000000e+00
  1.700000017881393e-01  0.000000000000000e+00  0.000000000000000e+00  0.000000000000000e+00  0.000000000000000e+00  0.000000000000000e+00  0.000000000000000e+00  0.000000000000000e+00  0.000000000000000e+00  0.000000000000000e+00
  1.749999970197678e-01  0.000000000000000e+00  0.000000000000000e+00  0.000000000000000e+00  0.000000000000000e+00  0.000000000000000e+00  0.000000000000000e+00  0.000000000000000e+00  0.000000000000000e+00  0.000000000000000e+00
  1.800000071525574e-01  0.000000000000000e+00  0.000000000000000e+00  0.000000000000000e+00  0.000000000000000e+00  0.000000000000000e+00  0.000000000000000e+00  0.000000000000000e+00  0.000000000000000e+00  0.000000000000000e+00
  1.850000023841858e-01  0.000000000000000e+00  0.000000000000000e+00  0.000000000000000e+00  0.000000000000000e+00  0.000000000000000e+00  0.000000000000000e+00  0.000000000000000e+00  0.000000000000000e+00  0.000000000000000e+00
  1.899999976158142e-01  0.000000000000000e+00  0.000000000000000e+00  0.000000000000000e+00  0.000000000000000e+00  0.000000000000000e+00  0.000000000000000e+00  0.000000000000000e+00  0.000000000000000e+00  0.000000000000000e+00
  1.949999928474426e-01  -2.080738257312476e-20  -1.806634836119411e-20  -7.277581073474853e-21  1.518320064261773e-20  1.903465172158301e-21  -9.036018421746272e-21  -2.065244012844431e-27  1.130962493091555e-27  -1.865221984386477e-28
  2.000000029802322e-01  -4.587931194792460e-16  -3.845123534115434e-16  -1.535319876443426e-16  3.126498928780313e-16  3.036770611095297e-17  -1.657219696605243e-16  -4.267896847148529e-23  2.424538748647813e-23  -3.218242076535524e-24
  2.049999982118607e-01  -1.696565488735948e-14  -1.336841438058772e-14  -4.409768296370241e-15  1.217542099042276e-14  4.597298849793501e-16  -6.466789079326730e-15  -1.551503658536431e-21  8.132273418356743e-22  -2.617917586598795e-23
  2.099999934434891e-01  -1.593842652259855e-13  -1.344836785335812e-13  -4.622539669292026e-14  1.242723914225696e-13  7.370214092077432e-15  -6.912139860048433e-14  -1.556429826045739e-20  8.079211175505369e-21  -5.139609793760986e-22
  2.150000035762787e-01  -1.331003666657504e-12  -1.044767462647644e-12  -2.551699899554921e-13  1.126830399822421e-12  -1.396818401097838e-14  -6.207594659655979e-13  -1.327305772376923e-19  5.984459800069649e-20  6.520733027311924e-21
  2.199999988079071e-01  -5.918648383895775e-12  -4.313468852934488e-12  -5.762973106539226e-13  5.459327868245767e-12  -3.929490738872887e-13  -2.978304018338984e-12  -5.987327144114881e-19  2.316679571698436e-19  7.818491116570757e-20
  2.249999940395355e-01  -1.539046667886623e-11  -9.724171988467756e-12  7.802008821986006e-13  1.598506223221552e-11  -2.438464360987602e-12  -8.582512305010948e-12  -1.631784157467033e-18  4.588686220440180e-19  4.156574564766780e-19
  2.300000041723251e-01  -2.049805117310122e-11  -3.606263725142167e-12  1.241666665319219e-11  2.518484552849198e-11  -1.076038303599036e-11  -1.198973299115780e-11  -2.658713171519978e-18  -8.323029284962623e-20  1.539336901244458e-18
  2.349999994039536e-01  1.263231359793782e-11  3.608531529142311e-11  3.830038369789790e-11  6.956896864140916e-12  -2.303709133177900e-11  9.557609694996194e-13  -1.307349910852110e-19  -2.778496368843170e-18  3.203115681022006e-18
  2.399999946355820e-01  1.514605246777379e-10  1.483438510918589e-10  7.141452013081917e-11  -1.120862430648017e-10  -2.603877530260590e-11  6.975955924026778e-11  1.291198826820979e-17  -9.378615971337468e-18  3.253261024116196e-18
  2.450000047683716e-01  3.889197852657844e-10  2.434454304811595e-10  2.482539694648178e-11  -3.406328830113381e-10  3.973649187472006e-11  1.888637857216935e-10  4.060276255465130e-17  -1.399340615075344e-17  -5.470847253562923e-18
  2.500000000000000e-01  6.782199246657683e-10  2.220571920785730e-10  -2.273401605856762e-10  -7.194054241210779e-10  2.464016768399802e-10  3.623024658061524e-10  7.952668595550988e-17  -7.674022549172905e-18  -3.400620892777772e-17
  2.549999952316284e-01  5.850229745085755e-10  -2.743836269303301e-10  -8.062004952513746e-10  -8.765418391121216e-10  6.150491227430166e-10  3.683782445751405e-10  8.960294357393273e-17  3.169260791552405e-17  -8.455822709832293e-17
  2.599999904632568e-01  -5.087052445951201e-10  -1.581960562546669e-09  -1.656399684080156e-09  -1.392177761960767e-10  1.021787765509430e-09  -1.699640844732286e-10  7.074402631855665e-18  1.205398822952202e-16  -1.380239261108596e-16
  2.649999856948853e-01  -2.625946571299664e-09  -3.016308758319042e-09  -1.989346909425649e-09  1.713980846140828e-09  9.122929078841935e-10  -1.297067564465237e-09  -2.112028081933029e-16  2.089072562620151e-16  -1.248421082181126e-16
  2.700000107288361e-01  -5.936507285753123e-09  -3.857194119660790e-09  -6.550097131352572e-10  5.334086949915218e-09  -5.152358539817214e-10  -3.172545337548627e-09  -5.977560213168065e-16  2.366123804777232e-16  6.427677756503736e-17
  2.750000059604645e-01  -8.170352394643032e-09  -1.843017405356306e-09  3.564369244202226e-09  8.907238502331438e-09  -3.786990721010852e-09  -4.583302626315344e-09  -9.568241932071003e-16  5.062913787341476e-17  4.974016753084851e-16
  2.800000011920929e-01  -6.065885571615581e-09  5.336989961080008e-09  1.114359271525700e-08  9.002024015103416e-09  -8.764484249468296e-09  -3.419874827770286e-09  -9.735791401785008e-16  -4.869750173651399e-16  1.141884269160575e-15
  2.849999964237213e-01  1.292933204943836e-09  1.600263210832509e-08  1.894176548944415e-08  3.305607343406791e-09  -1.313837305616516e-08  1.423118178855987e-09  -4.080297467360262e-16  -1.221018745774282e-15  1.681673484852915e-15
  2.899999916553497e-01  1.789966042053948e-08  2.686894795544958e-08  2.092414952414856e-08  -1.272108463012955e-08  -1.189760467923406e-08  1.134610361219757e-08  1.269241919648245e-15  -1.927714850811016e-15  1.515160889345468e-15
  2.949999868869781e-01  3.782598412271909e-08  2.951867728029356e-08  9.957269675453517e-09  -3.540286286352057e-08  -7.342996211079367e-10  2.295520040718202e-08  3.602468817638692e-15  -1.981042139346015e-15  6.278369670704444e-17
  3.000000119209290e-01  5.103027689301598e-08  1.284152872926825e-08  -2.071224081134915e-08  -5.452571016917318e-08  2.381146479990548e-08  2.878628713176568e-08  5.743943444117645e-15  -6.217829049590627e-16  -3.066591729492365e-15
  3.050000071525574e-01  5.296782745745077e-08  -2.626622119805688e-08  -6.716409473028762e-08  -5.853697260249646e-08  5.888123766339959e-08  2.160522249994301e-08  7.070588892480432e-15  2.244971888238061e-15  -7.278440613341271e-15
  3.100000023841858e-01  1.875509703097578e-08  -8.159643982708076e-08  -1.113917562634015e-07  -2.778793906088595e-08  8.662502182232856e-08  -6.159739385225294e-09  4.494926871304820e-15  6.294134542039623e-15  -1.066849516714874e-14
  3.149999976158142e-01  -4.844113021817975e-08  -1.360571246777909e-07  -1.287764206381325e-07  4.234480144305053e-08  8.898020809056106e-08  -5.197404462364830e-08  -1.936911087519356e-15  1.015405478883152e-14  -1.072545813285159e-14
  3.199999928474426e-01  -1.347704454701670e-07  -1.547782204625037e-07  -8.409746499182802e-08  1.375800877667643e-07  4.135681308525818e-08  -9.947743251359498e-08  -1.155188446256509e-14  1.127016808057189e-14  -4.441260134316208e-15
  3.249999880790710e-01  -2.356742214715268e-07  -1.031338712209617e-07  4.428164857017691e-08  2.262431877397830e-07  -7.475819785440763e-08  -1.225182302277972e-07  -2.449960129517412e-14  7.071015797085849e-15  9.471937462341741e-15
  3.300000131130219e-01  -2.698192815842049e-07  2.488437722547587e-08  2.302196975279003e-07  2.551841760123352e-07  -2.259386064906721e-07  -9.495548169979884e-08  -3.112931462080637e-14  -2.842512551428028e-15  2.804486955436825e-14
  3.350000083446503e-01  -2.057261951904366e-07  2.272536505643075e-07  4.294583391128981e-07  1.714680877284991e-07  -3.728564195171202e-07  2.245003072331997e-09  -2.841562265164504e-14  -1.829461061808590e-14  4.543615172145944e-14
  3.400000035762787e-01  -4.790816188204872e-09  4.359869194558996e-07  5.235719982010778e-07  -2.889756522961306e-08  -4.205206778351567e-07  1.437094852008158e-07  -9.845051240442524e-15  -3.321060670934996e-14  5.025754796052564e-14
  3.449999988079071e-01  3.255221656672802e-07  5.788031671727367e-07  4.312971384479170e-07  -3.548447011780809e-07  -2.966914962598821e-07  3.058790412069357e-07  2.362970354054163e-14  -4.344030831663487e-14  3.369363571785119e-14
  3.499999940395355e-01  6.948242230464530e-07  5.546589250116085e-07  8.373837800945694e-08  -6.839835009486706e-07  3.893378064390163e-08  3.997245983100584e-07  6.416952201809129e-14  -4.048205930087638e-14  -8.972042333794776e-15
  3.549999892711639e-01  9.722513141241507e-07  2.744818345945532e-07  -5.134291996000684e-07  -8.643556839160738e-07  5.623463152915065e-07  3.437006057538383e-07  9.992969451054490e-14  -1.750889099775155e-14  -7.352290027880584e-14
  3.600000143051147e-01  1.037275183080055e-06  -2.620792258767324e-07  -1.180469780592830e-06  -7.971804620865441e-07  1.129340262195910e-06  1.234629252166997e-07  1.172026072113891e-13  2.326958240081878e-14  -1.391756040925937e-13
  3.650000095367432e-01  6.226837285794318e-07  -9.284470365855668e-07  -1.648773150009220e-06  -2.860762720047205e-07  1.468159553041914e-06  -2.876184908018331e-07  8.519910037890766e-14  7.425648502123669e-14  -1.766630732761426e-13
  3.700000047683716e-01  -2.224600308409208e-07  -1.553462425363250e-06  -1.643242285354063e-06  5.744353188674722e-07  1.364804461445601e-06  -7.537142892033444e-07  7.940884752598125e-15  1.205393613699576e-13  -1.571615965622816e-13
  3.750000000000000e-01  -1.357421751890797e-06  -1.833539386097982e-06  -8.949861580731522e-07  1.560041823722713e-06  6.245254553505220e-07  -1.088385715775075e-06  -1.064581298007398e-13  1.382083466769379e-13  -5.848176353991444e-14
  3.799999952316284e-01  -2.707484327402199e-06  -1.527174958937394e-06  6.080583716538968e-07  2.427367917334777e-06  -7.902634138190479e-07  -1.131206204263435e-06  -2.561099932390370e-13  1.086434815809195e-13  1.142597708071388e-13
  3.849999904632568e-01  -3.340851662869682e-06  -5.493340040629846e-07  2.460942368998076e-06  2.578784915385768e-06  -2.429404048598371e-06  -6.889800374665356e-07  -3.389297577403166e-13  2.899743094838918e-14  3.144787490312606e-13
  3.899999856948853e-01  -3.026640797543223e-06  1.060372369465767e-06  4.160532625974156e-06  1.766517584655958e-06  -3.856921011902159e-06  2.104082170717447e-07  -3.367477737631352e-13  -9.697691732762567e-14  4.801487983249753e-13
  3.950000107288361e-01  -1.545000827718468e-06  2.867374632842257e-06  4.875394097325625e-06  -2.384596697879715e-08  -4.395343694341136e-06  1.369282358609780e-06  -2.177081350482682e-13  -2.335294230128987e-13  5.265329188278156e-13
  4.000000059604645e-01  1.550389583826473e-06  4.333409833634505e-06  3.835908046312397e-06  -2.546350742704817e-06  -3.344717470099567e-06  2.434959014863125e-06  8.001022397787286e-14  -3.288078630984265e-13  3.772339970779803e-13
  4.050000011920929e-01  4.871556484431494e-06  4.711910150945187e-06  9.790395552045084e-07  -5.047450486017624e-06  -7.315495622606250e-07  2.961666041301214e-06  4.124699442675100e-13  -3.433662317149644e-13  3.227443540285840e-14
  4.099999964237213e-01  7.722918780928012e-06  3.434934114920907e-06  -3.460499783614068e-06  -6.520494935102761e-06  3.170096988469595e-06  2.565218210293096e-06  7.286367689762763e-13  -2.297946717893379e-13  -4.635639745328990e-13
  4.149999916553497e-01  9.267472705687396e-06  4.528257022684556e-07  -8.344619345734827e-06  -6.553988441737602e-06  7.558618108305382e-06  1.170974883279996e-06  9.443010609566649e-13  -5.404989763625799e-16  -9.882976598554749e-13
  4.199999868869781e-01  7.540154456364689e-06  -3.706400775627117e-06  -1.172390602732776e-05  -3.694887709571049e-06  1.045689805323491e-05  -1.179123387373693e-06  8.394761665322936e-13  3.109452257309131e-13  -1.317620058199909e-12
  4.250000119209290e-01  2.884365585487103e-06  -8.025196621019859e-06  -1.215288375533419e-05  1.303490194004553e-06  1.080922538676532e-05  -3.806563881880720e-06  4.417477397333086e-13  6.177542201737940e-13  -1.303344259774575e-12
  4.300000071525574e-01  -4.102280399820302e-06  -1.082639028027188e-05  -8.267829798569437e-06  7.300824108824600e-06  7.589923825435108e-06  -5.877094736206345e-06  -2.245704436212165e-13  7.935757086185991e-13  -8.235909784021223e-13
  4.350000023841858e-01  -1.346801582258195e-05  -1.090839759854134e-05  -3.924706604152561e-08  1.332538795395521e-05  3.619324502324162e-07  -6.706482054141816e-06  -1.195627256055098e-12  7.586461298579594e-13  1.258002084664547e-13
  4.399999976158142e-01  -1.970491575775668e-05  -6.975169526413083e-06  1.081410573533503e-05  1.602996962901670e-05  -8.761192475503776e-06  -5.310219876264455e-06  -1.904407838024258e-12  4.344302966408781e-13  1.311494966446669e-12
  4.449999928474426e-01  -2.180061164835934e-05  9.292029403695778e-07  2.172560562030412e-05  1.420212720404379e-05  -1.781847640813794e-05  -1.860416205090587e-06  -2.264984207134280e-12  -1.594907745369051e-13  2.435569324346631e-12
  4.499999880790710e-01  -1.809151035558898e-05  1.112491008825600e-05  2.881654290831648e-05  7.346155598497717e-06  -2.378842327743769e-05  2.986457957376842e-06  -2.064390325351440e-12  -8.828555833444163e-13  3.092293565307158e-12
  4.550000131130219e-01  -5.501408850250300e-06  2.114768176397774e-05  2.880723150155973e-05  -3.818504410446621e-06  -2.374698669882491e-05  8.299442015413661e-06  -9.500560060882179e-13  -1.539043198439671e-12  2.937518717854859e-12
  4.600000083446503e-01  1.081754999177065e-05  2.734506415436044e-05  1.909287493617740e-05  -1.726810660329647e-05  -1.581740798428655e-05  1.184389202535385e-05  6.381051828423245e-13  -1.897369848041786e-12  1.720798633794707e-12
  4.650000035762787e-01  2.839364242390729e-05  2.615433186292648e-05  1.527580337779000e-07  -2.865217356884386e-05  -8.142954470713448e-07  1.239205721503822e-05  2.514061658506761e-12  -1.717525644276408e-12  -4.056512341744228e-13
  4.699999988079071e-01  4.277985135558993e-05  1.569553205627017e-05  -2.468117418175098e-05  -3.414084130781703e-05  1.851727756729815e-05  9.167280040855985e-06  4.240624344731270e-12  -9.044003068149620e-13  -3.019878834845113e-12
  4.749999940395355e-01  4.812500992557034e-05  -2.738964667514665e-06  -4.878608160652220e-05  -3.221751831006259e-05  3.799965270445682e-05  2.239998138975352e-06  5.191298779738673e-12  3.813118440790242e-13  -5.454098544327435e-12
  4.799999892711639e-01  3.883508179569617e-05  -2.721655800996814e-05  -6.485899939434603e-05  -1.783440893632360e-05  4.923281812807545e-05  -6.940806997590698e-06  4.713929333682865e-12  2.031639396646301e-12  -6.729184050258130e-12
  4.850000143051147e-01  1.607317062735092e-05  -5.084029908175580e-05  -6.562581984326243e-05  5.041383701609448e-06  4.824325515073724e-05  -1.567832623550203e-05  2.760068649326763e-12  3.545539079344295e-12  -6.226604735287689e-12
  4.900000095367432e-01  -2.355489232286345e-05  -6.590884004253894e-05  -4.775247361976653e-05  3.356478919158690e-05  3.141132401651703e-05  -2.249171120638493e-05  -1.094767072135072e-12  4.445066276864695e-12  -3.714682641348110e-12
  4.950000047683716e-01  -6.116410077083856e-05  -6.608758849324659e-05  -9.980299182643648e-06  5.843453982379287e-05  4.675662523823121e-07  -2.198915171902627e-05  -5.175598231238476e-12  4.314727394816309e-12  8.107460557939261e-13
  5.000000000000000e-01  -9.178408799925819e-05  -4.645609078579582e-05  4.157664079684764e-05  7.192213524831459e-05  -3.774364449782297e-05  -1.466170942876488e-05  -9.007334808575074e-12  2.911925908732904e-12  6.261531657753006e-12
  5.049999952316284e-01  -1.042896110448055e-04  -5.205150046094786e-06  9.457992564421147e-05  7.093470048857853e-05  -7.800498133292422e-05  -6.931140319466067e-07  -1.139242346293035e-11  1.115992267672859e-13  1.152907977419737e-11
  5.099999904632568e-01  -8.775176684139296e-05  4.985708437743597e-05  1.345479831798002e-04  4.649362381314859e-05  -1.018751790979877e-04  1.680848072282970e-05  -1.101092134137005e-11  -3.528111396783329e-12  1.447923551889385e-11
  5.149999856948853e-01  -4.334875484346412e-05  1.051737926900387e-04  1.457347680116072e-04  4.832658305531368e-06  -1.014039298752323e-04  3.263331018388271e-05  -7.570796420330872e-12  -7.137791226130563e-12  1.381747841144865e-11
  5.199999809265137e-01  3.743770139408298e-05  1.461017382098362e-04  1.220303820446134e-04  -5.054414577898569e-05  -7.030175765976310e-05  4.503911986830644e-05  -1.065628298492841e-13  -9.757011171229735e-12  9.258382255294961e-12
  5.249999761581421e-01  1.182010382763110e-04  1.581977849127725e-04  5.623616743832827e-05  -1.029241393553093e-04  -8.326754141307902e-06  4.284758324502036e-05  8.417984191655403e-12  -1.057944790799903e-11  1.986891689587447e-13
  5.299999713897705e-01  1.889196719275787e-04  1.284040481550619e-04  -4.237030952936038e-05  -1.393861020915210e-04  7.358481525443494e-05  2.727086393861100e-05  1.709364247370893e-11  -8.749473368041549e-12  -1.141150975797478e-11
  5.350000262260437e-01  2.290343109052628e-04  5.421456080512144e-05  -1.550122979097068e-04  -1.475946919526905e-04  1.580807002028450e-04  -2.035218216178691e-07  2.372959467811242e-11  -4.017949601503590e-12  -2.298971603365008e-11
  5.400000214576721e-01  2.090272173518315e-04  -5.634379340335727e-05  -2.539602573961020e-04  -1.204077052534558e-04  2.262750203954056e-04  -3.671881859190762e-05  2.502652772518044e-11  3.260532035337382e-12  -3.172276330509760e-11
  5.450000166893005e-01  1.285068137804046e-04  -1.800961035769433e-04  -3.109814424533397e-04  -5.119732668390498e-05  2.439901727484539e-04  -7.108661520760506e-05  2.034015317287086e-11  1.149913757964027e-11  -3.355106123481555e-11
  5.500000119209290e-01  -6.295772891462548e-06  -2.878411905840039e-04  -3.002024895977229e-04  4.493695087148808e-05  2.007649745792150e-04  -9.313484042650089e-05  9.259320740695465e-12  1.913030671374383e-11  -2.669279554334825e-11
  5.550000071525574e-01  -1.768344809534028e-04  -3.460641310084611e-04  -2.067237655865029e-04  1.495834148954600e-04  9.067928476724774e-05  -9.374180081067607e-05  -7.242954066372098e-12  2.395105988539648e-11  -1.060032617239415e-11
  5.600000023841858e-01  -3.654726897366345e-04  -3.303632547613233e-04  -4.764150435221381e-05  2.479105896782130e-04  -7.772814569761977e-05  -7.332799577852711e-05  -2.739545743035698e-11  2.337104641758625e-11  1.181121520033024e-11
  5.649999976158142e-01  -4.839295579586178e-04  -2.220679889433086e-04  1.719158899504691e-04  2.932279603555799e-04  -2.710343396756798e-04  -1.876425631053280e-05  -4.382331997287991e-11  1.748341228735573e-11  3.826482880553428e-11
  5.699999928474426e-01  -5.155766266398132e-04  -2.828227843565401e-05  4.030071431770921e-04  2.756075991783291e-04  -4.506025870796293e-04  5.389573561842553e-05  -5.392056939834688e-11  5.427906388244530e-12  6.197998364543267e-11
  5.749999880790710e-01  -4.307827039156109e-04  2.200272720074281e-04  5.887445877306163e-04  1.874551380751655e-04  -5.681748734787107e-04  1.289888896280900e-04  -5.357075893996921e-11  -1.141118189523782e-11  7.615968272700613e-11
  5.799999833106995e-01  -1.740434527164325e-04  4.905564710497856e-04  6.847887416370213e-04  2.716023664106615e-05  -5.842782557010651e-04  1.950885489350185e-04  -3.680808782768885e-11  -3.015677291218211e-11  7.661036388606490e-11
  5.849999785423279e-01  1.557716605020687e-04  6.947813089936972e-04  6.354702636599541e-04  -1.708065101411194e-04  -4.575280181597918e-04  2.180360461352393e-04  -9.955613590462153e-12  -4.648244983362915e-11  5.713196235546114e-11
  5.899999737739563e-01  5.332864238880575e-04  7.787976646795869e-04  4.224440490361303e-04  -3.660605580080301e-04  -1.925376418512315e-04  1.876844326034188e-04  2.588921958757151e-11  -5.616329970536960e-11  1.905088586884318e-11
  5.950000286102295e-01  9.104537311941385e-04  7.027027313597500e-04  7.383221964119002e-05  -5.359566421248019e-04  1.918520574690774e-04  1.147955554188229e-04  6.638747884757379e-11  -5.275355499656520e-11  -3.154979402730795e-11
  6.000000238418579e-01  1.113542588427663e-03  4.303165769670159e-04  -3.827091131825000e-04  -5.845988052897155e-04  6.167753599584103e-04  -2.435841088299640e-05  9.690127172889973e-11  -3.852964128303604e-11  -8.836691794966711e-11
  6.050000190734863e-01  1.112681464292109e-03  -1.122876619774615e-05  -8.626059861853719e-04  -5.051192711107433e-04  1.010896055959165e-03  -1.888267433969304e-04  1.125536330803811e-10  -1.075978368902941e-11  -1.387102099847937e-10
  6.100000143051147e-01  8.616517880000174e-04  -5.542915314435959e-04  -1.261004013940692e-03  -2.932459465228021e-04  1.282475772313774e-03  -3.423028392717242e-04  1.064045032639349e-10  2.754696297457837e-11  -1.697730428462663e-10
  6.150000095367432e-01  2.821472298819572e-04  -1.137632993049920e-03  -1.492205541580915e-03  3.538992314133793e-05  1.356340129859746e-03  -4.589017189573497e-04  7.014660380333382e-11  6.930031548613158e-11  -1.737067156781791e-10
  6.200000047683716e-01  -4.389470559544861e-04  -1.577550894580781e-03  -1.449194154702127e-03  4.290230572223663e-04  1.152172684669495e-03  -4.802408511750400e-04  1.398139330005543e-11  1.066683130712676e-10  -1.389362930259708e-10
  6.250000000000000e-01  -1.228745095431805e-03  -1.774236443452537e-03  -1.092186896130443e-03  7.981154485605657e-04  6.756536313332617e-04  -3.872227680403739e-04  -5.731889268778545e-11  1.301902474715178e-10  -6.786434608718750e-11
  6.299999952316284e-01  -1.938568544574082e-03  -1.637318404391408e-03  -4.301946610212326e-04  1.057916786521673e-03  -3.426593320909888e-05  -1.777778670657426e-04  -1.316826647723701e-10  1.307357833102429e-10  3.204378429266797e-11
  6.349999904632568e-01  -2.395267365500331e-03  -1.142757246270776e-03  4.376497527118772e-04  1.184330438263714e-03  -8.935395744629204e-04  9.418259287485853e-05  -1.936886623310485e-10  9.917627830091647e-11  1.440627478421774e-10
  6.399999856948853e-01  -2.383609069511294e-03  -2.706973755266517e-04  1.424001762643456e-03  1.011385582387447e-03  -1.729135285131633e-03  4.474168235901743e-04  -2.227330403448136e-10  4.282133328481486e-11  2.514996266800296e-10
  6.449999809265137e-01  -1.872901339083910e-03  8.431690512225032e-04  2.340642269700766e-03  5.882804980501533e-04  -2.402645535767078e-03  7.776325219310820e-04  -2.105609436808820e-10  -3.797028316765427e-11  3.310056395644523e-10
  6.499999761581421e-01  -8.590433862991631e-04  2.020453568547964e-03  2.991148969158530e-03  -3.781631312449463e-05  -2.756928792223334e-03  1.006045262329280e-03  -1.512133057657294e-10  -1.312391445518202e-10  3.619679000976816e-10
  6.549999713897705e-01  6.845765747129917e-04  3.153278026729822e-03  3.271698951721191e-03  -7.881057681515813e-04  -2.688844222575426e-03  1.100463210605085e-03  -4.284326712844511e-11  -2.161274215151110e-10  3.373240853310477e-10
  6.600000262260437e-01  2.296091057360172e-03  3.831276204437017e-03  2.962497062981129e-03  -1.528247375972569e-03  -2.108493121340871e-03  9.541688486933708e-04  9.107475190672787e-11  -2.809805443870772e-10  2.405809995664754e-10
  6.650000214576721e-01  3.795949043706059e-03  3.931730985641479e-03  2.058740472421050e-03  -2.084145322442055e-03  -1.063321949914098e-03  5.714916042052209e-04  2.326928372209380e-10  -3.038576334990495e-10  8.389870048697290e-11
  6.700000166893005e-01  4.902141168713570e-03  3.382263937965035e-03  6.441297591663897e-04  -2.427663886919618e-03  3.617790353018790e-04  5.138195774634369e-05  3.574406881590164e-10  -2.660020537170737e-10  -1.136033003779069e-10
  6.750000119209290e-01  5.166451912373304e-03  2.053945790976286e-03  -1.156689715571702e-03  -2.243900671601295e-03  1.906782388687134e-03  -6.664899410679936e-04  4.280184817684329e-10  -1.763461737747107e-10  -3.238265211535918e-10
  6.800000071525574e-01  4.501136019825935e-03  1.190855837194249e-04  -3.089617239311337e-03  -1.597202965058386e-03  3.369240555912256e-03  -1.396809704601765e-03  4.275904352812887e-10  -3.138977619498995e-11  -5.129013880278421e-10
  6.850000023841858e-01  2.846124116331339e-03  -2.190636238083243e-03  -4.848029930144548e-03  -5.464904825203121e-04  4.494498018175364e-03  -1.997448271140456e-03  3.431118722474480e-10  1.516205216933741e-10  -6.458675816389814e-10
  6.899999976158142e-01  1.523090904811397e-04  -4.726581741124392e-03  -6.249749101698399e-03  7.392939878627658e-04  5.111148115247488e-03  -2.387202577665448e-03  1.748940020585010e-10  3.372700174697485e-10  -7.037875837667684e-10
  6.949999928474426e-01  -3.074865322560072e-03  -6.891159340739250e-03  -6.819847039878368e-03  2.289718016982079e-03  4.939009435474873e-03  -2.453601686283946e-03  -6.889160769629754e-11  5.118648283009009e-10  -6.456921108899394e-10
  6.999999880790710e-01  -6.486081052571535e-03  -8.312467485666275e-03  -6.373202428221703e-03  3.783291205763817e-03  3.929284866899252e-03  -2.149003557860851e-03  -3.580018226312376e-10  6.284767151143456e-10  -4.696329436448821e-10
  7.049999833106995e-01  -9.402832016348839e-03  -8.407224901020527e-03  -4.619058687239885e-03  4.934779834002256e-03  2.013289602473378e-03  -1.452146563678980e-03  -6.400490137892234e-10  6.400590057964450e-10  -1.780567082665385e-10
  7.099999785423279e-01  -1.118367630988359e-02  -6.905453279614449e-03  -1.665644231252372e-03  5.485165398567915e-03  -6.578983739018440e-04  -3.688618307933211e-04  -8.505799398150771e-10  5.121656987405743e-10  2.023399364725620e-10
  7.149999737739563e-01  -1.071376819163561e-02  -3.771359566599131e-03  2.125110477209091e-03  4.588022828102112e-03  -3.484507789835334e-03  1.336921122856438e-03  -8.817860885912410e-10  2.460060488651550e-10  6.006994901497364e-10
  7.200000286102295e-01  -8.123085834085941e-03  6.516630674013868e-05  5.561412777751684e-03  2.144338563084602e-03  -5.649727769196033e-03  3.412380348891020e-03  -7.211438113330360e-10  -1.027084459148675e-10  9.166595815734979e-10
  7.250000238418579e-01  -3.931839484721422e-03  3.615712979808450e-03  7.639548741281033e-03  -1.211595954373479e-03  -6.465753540396690e-03  5.270303692668676e-03  -4.099622030739880e-10  -3.977493334694771e-10  1.056747578331851e-09
  7.300000190734863e-01  2.110467292368412e-03  6.700747646391392e-03  8.818509057164192e-03  -4.051761701703072e-03  -6.051267497241497e-03  6.001651752740145e-03  1.474879766927284e-11  -5.669167357780225e-10  1.007161687383018e-09
  7.350000143051147e-01  7.352915126830339e-03  9.227920323610306e-03  8.758216165006161e-03  -5.763617344200611e-03  -4.877354949712753e-03  5.540389101952314e-03  3.734271225575014e-10  -6.086318671272295e-10  8.124675376919299e-10
  7.400000095367432e-01  1.326960325241089e-02  1.217358466237783e-02  9.165970608592033e-03  -6.268518511205912e-03  -3.934518899768591e-03  4.221104551106691e-03  7.556845704748127e-10  -6.612135283745602e-10  5.905104183412391e-10
  7.450000047683716e-01  1.891254633665085e-02  1.608913391828537e-02  1.037746015936136e-02  -6.667759269475937e-03  -3.465652931481600e-03  2.580840373411775e-03  1.120888715178125e-09  -8.654671423968807e-10  3.714523411080251e-10
  7.500000000000000e-01  2.574586123228073e-02  1.831076852977276e-02  1.161862351000309e-02  -7.427885662764311e-03  -2.998129697516561e-03  9.855730459094048e-04  1.707221808366910e-09  -1.191907794684255e-09  1.398741816815985e-10
  7.549999952316284e-01  2.824690751731396e-02  1.550250034779310e-02  9.627835825085640e-03  -7.415276020765305e-03  -1.258357660844922e-03  -1.626889454200864e-03  2.120401187966081e-09  -1.424223072810094e-09  -2.314480690435161e-10
  7.599999904632568e-01  1.975931413471699e-02  6.026404444128275e-03  1.259869663044810e-03  -4.725806880742311e-03  2.187208738178015e-03  -5.204312503337860e-03  1.756436440736309e-09  -1.112085423748965e-09  -6.938116192678478e-10
  7.649999856948853e-01  3.394614905118942e-04  -1.200204715132713e-02  -1.404932327568531e-02  8.111897041089833e-04  7.272284012287855e-03  -8.127309381961823e-03  5.770995348264307e-10  6.055311113639661e-11  -1.186772013994641e-09
  7.699999809265137e-01  -2.773031592369080e-02  -2.633821777999401e-02  -2.933914959430695e-02  9.676207788288593e-03  1.096986979246140e-02  -1.202282402664423e-02  -1.722479159305124e-09  1.786200853892694e-09  -1.528158266594914e-09
  7.749999761581421e-01  -4.802099242806435e-02  -3.101050108671188e-02  -3.656120225787163e-02  1.609154418110847e-02  1.176449097692966e-02  -1.304414030164480e-02  -3.756593702775035e-09  3.613685128911470e-09  -1.605262145432107e-09
  7.799999713897705e-01  -4.436813294887543e-02  -2.409893833100796e-02  -2.815279178321362e-02  1.541063934564590e-02  8.969436399638653e-03  -1.105709094554186e-02  -3.957907779295056e-09  4.486213622811874e-09  -1.463251853017766e-09
  7.850000262260437e-01  -1.697892695665359e-02  -1.075119595043361e-03  -3.309572348371148e-03  7.825412787497044e-03  1.463652937673032e-03  -9.571683593094349e-03  -2.370715845856353e-09  3.279634119834896e-09  -1.050380005196416e-09
  7.900000214576721e-01  2.765964157879353e-02  1.501237973570824e-02  2.421546541154385e-02  -9.241797961294651e-03  -5.365998949855566e-03  2.101561549352482e-04  1.717835429460024e-09  8.766061765363986e-10  -3.459425246266079e-10
  7.950000166893005e-01  5.925328657031059e-02  1.573642902076244e-02  4.132883623242378e-02  -2.413851022720337e-02  -1.080963760614395e-02  1.050528138875961e-02  5.547724057919368e-09  -2.493659723157293e-09  5.608210562613181e-10
  8.000000119209290e-01  4.953097552061081e-02  5.280868499539793e-04  3.548436611890793e-02  -2.641426399350166e-02  -1.393834780901670e-02  1.844156160950661e-02  6.348044756521176e-09  -5.223319554659156e-09  1.505609414920173e-09
  8.050000071525574e-01  -5.214808043092489e-03  -3.166224062442780e-02  -1.066236291080713e-03  -1.623811013996601e-02  -9.644432924687862e-03  2.917955070734024e-02  4.075897841460119e-09  -4.878343506931060e-09  1.981960817687423e-09
  8.100000023841858e-01  -9.898805618286133e-02  -5.760771036148071e-02  -4.452678933739662e-02  1.908116042613983e-02  -6.214202381670475e-03  2.104566246271133e-02  -3.367661705055980e-09  -3.212572430300042e-09  1.928156745378828e-09
  8.149999976158142e-01  -1.850929856300354e-01  -5.234675854444504e-02  -8.074814826250076e-02  5.966597050428391e-02  -1.089473720639944e-03  5.001769401133060e-03  -1.207611699527433e-08  8.735025203154834e-11  1.129139004518720e-09
  8.199999928474426e-01  -2.144206762313843e-01  -9.210272692143917e-03  -9.011647850275040e-02  8.444993942975998e-02  5.930140148848295e-03  -1.199927460402250e-02  -1.791137194118164e-08  3.061620512667673e-09  -1.200032521270211e-11
  8.249999880790710e-01  -1.548424959182739e-01  6.201024353504181e-02  -3.897575661540031e-02  8.691982179880142e-02  4.607474431395531e-03  -3.537332639098167e-02  -1.897804224881838e-08  1.894250978295986e-09  -3.740439555310893e-11
  8.299999833106995e-01  1.435284409672022e-02  1.708813458681107e-01  3.834750503301620e-02  3.240855038166046e-02  8.169689215719700e-03  -3.431648015975952e-02  -1.051499864956895e-08  -1.548034700427081e-09  -1.209165823023994e-10
  8.349999785423279e-01  2.550789117813110e-01  2.546125948429108e-01  1.377514749765396e-01  -6.173443421721458e-02  1.218082476407290e-02  -1.792029105126858e-02  5.755214083080773e-09  -7.735326157387590e-09  3.699283657176977e-10
  8.399999737739563e-01  5.088084340095520e-01  3.263999819755554e-01  2.300737053155899e-01  -1.619017720222473e-01  1.312008872628212e-02  1.200362690724432e-03  2.524374487222758e-08  -1.396852766788470e-08  3.125961711702985e-10
  8.450000286102295e-01  6.689903140068054e-01  2.366523891687393e-01  2.478964775800705e-01  -2.465413212776184e-01  3.291838988661766e-02  2.772299572825432e-02  4.461786673459756e-08  -1.482727896018332e-08  -1.282258632606670e-09
  8.500000238418579e-01  6.518123745918274e-01  3.017431125044823e-02  1.843014061450958e-01  -2.540946304798126e-01  5.567069351673126e-02  3.305869176983833e-02  5.394662139224238e-08  -8.370030002424755e-09  -4.212391324642795e-09
  8.550000190734863e-01  4.035942554473877e-01  -2.650642991065979e-01  2.115527726709843e-02  -1.586848795413971e-01  7.891207188367844e-02  1.494003273546696e-02  4.704910594455214e-08  7.436207649647031e-09  -8.206376023167650e-09
  8.600000143051147e-01  -6.964434683322906e-02  -6.456418037414551e-01  -2.651790082454681e-01  -1.790391048416495e-03  1.155099421739578e-01  4.720453638583422e-03  2.521178821268677e-08  3.221787991947167e-08  -1.412704264680542e-08
  8.650000095367432e-01  -6.764045357704163e-01  -9.128324985504150e-01  -5.033028721809387e-01  2.570246756076813e-01  9.686850756406784e-02  -3.575361147522926e-02  -1.619027223398462e-08  5.583223838812046e-08  -1.457250231595708e-08
  8.700000047683716e-01  -1.245051264762878e+00  -1.003320813179016e+00  -6.719741821289062e-01  4.984139502048492e-01  4.163944348692894e-02  -5.048597976565361e-02  -6.257960905031723e-08  7.240653587814450e-08  -1.053908427195438e-08
  8.750000000000000e-01  -1.599320411682129e+00  -8.594148755073547e-01  -6.895656585693359e-01  6.351633667945862e-01  -5.390703305602074e-02  -1.961908861994743e-02  -1.009767700566044e-07  7.239951571591519e-08  -5.814713710527997e-10
  8.799999952316284e-01  -1.582898378372192e+00  -4.344331324100494e-01  -4.110480248928070e-01  6.521558165550232e-01  -2.136734575033188e-01  1.252932846546173e-02  -1.231621666875071e-07  4.610070547528267e-08  1.898495227692365e-08
  8.849999904632568e-01  -1.087206006050110e+00  2.290617972612381e-01  1.787261851131916e-02  4.198017120361328e-01  -3.585047721862793e-01  1.185140460729599e-01  -1.093911876637321e-07  -5.762870181058588e-10  3.898014000469630e-08
  8.899999856948853e-01  -1.904137283563614e-01  9.926989674568176e-01  5.975986123085022e-01  1.190927252173424e-02  -4.766080975532532e-01  2.170591801404953e-01  -6.236086136368613e-08  -6.379053019145431e-08  5.714500517228771e-08
  8.949999809265137e-01  9.782160520553589e-01  1.740492582321167e+00  1.228552222251892e+00  -4.805476367473602e-01  -5.329812169075012e-01  2.530180513858795e-01  1.283131112472802e-08  -1.304216112885115e-07  6.742168068285537e-08
  8.999999761581421e-01  2.217214345932007e+00  2.376057624816895e+00  1.721356987953186e+00  -9.665300846099854e-01  -4.846025407314301e-01  2.440698146820068e-01  1.051615683422824e-07  -1.797160820160570e-07  6.561823084894058e-08
  9.049999713897705e-01  3.099578857421875e+00  2.523801803588867e+00  1.870620727539062e+00  -1.298565626144409e+00  -2.856377959251404e-01  1.010371074080467e-01  1.886332228195897e-07  -1.991726605865551e-07  4.107328521740783e-08
  9.100000262260437e-01  3.434666633605957e+00  2.215020895004272e+00  1.597442269325256e+00  -1.377033114433289e+00  3.524968400597572e-02  -1.222624257206917e-01  2.407733177278715e-07  -1.774621978256619e-07  -3.609919307923093e-10
  9.150000214576721e-01  2.862820863723755e+00  1.162789940834045e+00  6.452043652534485e-01  -1.236076354980469e+00  5.126815438270569e-01  -3.169683814048767e-01  2.415325184301764e-07  -1.049185627266525e-07  -6.233948823819446e-08
  9.200000166893005e-01  1.548351049423218e+00  -1.787106841802597e-01  -5.377448201179504e-01  -7.165059447288513e-01  9.324816465377808e-01  -5.361117124557495e-01  1.722888214317209e-07  -3.867469899887510e-09  -1.173875006088565e-07
  9.250000119209290e-01  -4.419966042041779e-01  -1.816280484199524e+00  -1.936281681060791e+00  4.104714374989271e-03  1.276573300361633e+00  -6.441015601158142e-01  4.200615322247359e-08  1.175354569227238e-07  -1.602087706942257e-07
  9.300000071525574e-01  -2.798820972442627e+00  -3.487530469894409e+00  -3.271838903427124e+00  8.200277090072632e-01  1.450397729873657e+00  -6.217707991600037e-01  -1.274839718234944e-07  2.380914878585827e-07  -1.800835320864280e-07
  9.350000023841858e-01  -4.921272277832031e+00  -4.771134853363037e+00  -4.159271240234375e+00  1.695181131362915e+00  1.382229566574097e+00  -5.731021165847778e-01  -2.940988963473501e-07  3.272107562679594e-07  -1.732792895836610e-07
  9.399999976158142e-01  -6.341976165771484e+00  -5.269139766693115e+00  -4.295961856842041e+00  2.306437253952026e+00  9.948391914367676e-01  -3.316791355609894e-01  -4.225989300721267e-07  3.696620751725277e-07  -1.214921780956502e-07
  9.449999928474426e-01  -6.628846645355225e+00  -4.825260639190674e+00  -3.615064382553101e+00  2.593905448913574e+00  3.707111179828644e-01  -1.938265375792980e-02  -4.695673112564691e-07  3.516874187425856e-07  -4.151421606479744e-08
  9.499999880790710e-01  -5.492157936096191e+00  -3.324896335601807e+00  -2.102307081222534e+00  2.454976558685303e+00  -4.112613797187805e-01  3.344673812389374e-01  -4.121567940273962e-07  2.667467526862310e-07  5.614304399159664e-08
  9.549999833106995e-01  -2.888129949569702e+00  -6.932226419448853e-01  3.555730581283569e-01  1.832057714462280e+00  -1.344106435775757e+00  7.134099602699280e-01  -2.662742701886600e-07  1.099570781093462e-07  1.734647980811133e-07
  9.599999785423279e-01  6.423998475074768e-01  2.188012838363647e+00  2.794537067413330e+00  7.548678517341614e-01  -2.015221595764160e+00  1.035472869873047e+00  -2.517711727989536e-08  -6.682800091084573e-08  2.511646641778498e-07
  9.649999737739563e-01  4.615553379058838e+00  5.108091831207275e+00  5.165644168853760e+00  -5.756584405899048e-01  -2.456927061080933e+00  1.225236535072327e+00  2.507015040009719e-07  -2.554444904490083e-07  2.938396335139259e-07
  9.700000286102295e-01  8.253381729125977e+00  7.496175765991211e+00  7.062859058380127e+00  -1.925616979598999e+00  -2.589772462844849e+00  1.210343718528748e+00  5.048547677688475e-07  -4.227689487379394e-07  2.922810438121815e-07
  9.750000238418579e-01  1.063556385040283e+01  8.742325782775879e+00  7.856914997100830e+00  -3.192306518554688e+00  -2.293979644775391e+00  1.049112439155579e+00  6.920797090970154e-07  -5.162979164197168e-07  2.442198763219494e-07
  9.800000190734863e-01  1.135115814208984e+01  8.618716239929199e+00  7.600688934326172e+00  -3.843576908111572e+00  -1.687150359153748e+00  5.724021196365356e-01  7.603448466397822e-07  -5.486754730554821e-07  1.517598633427042e-07
  9.850000143051147e-01  1.010122680664062e+01  7.043697357177734e+00  6.154830932617188e+00  -3.899127244949341e+00  -8.076513409614563e-01  -6.209003925323486e-02  6.962640668461972e-07  -4.960962201039365e-07  3.652470326187540e-08
  9.900000095367432e-01  6.837147235870361e+00  3.734636783599854e+00  3.023655176162720e+00  -3.436643600463867e+00  5.087487101554871e-01  -6.691710352897644e-01  5.309749440129963e-07  -3.344043193465041e-07  -1.143607306630656e-07
  9.950000047683716e-01  2.378340959548950e+00  -8.530166745185852e-02  -3.254923224449158e-01  -2.307369947433472e+00  1.622810244560242e+00  -1.231462478637695e+00  2.467986348619888e-07  -1.462432237531175e-07  -2.237567144902641e-07
  1.000000000000000e+00  -2.731024742126465e+00  -4.303426742553711e+00  -4.098563671112061e+00  -9.027944207191467e-01  2.700694084167480e+00  -1.533946156501770e+00  -8.590148325993141e-08  7.853861205830981e-08  -2.987572429447027e-07
  1.004999995231628e+00  -7.827846050262451e+00  -8.696591377258301e+00  -7.987923145294189e+00  8.308815956115723e-01  3.650086641311646e+00  -1.520833373069763e+00  -4.206227401937213e-07  3.103326662312611e-07  -3.597607189931296e-07
  1.009999990463257e+00  -1.207805347442627e+01  -1.209949588775635e+01  -1.105252838134766e+01  2.361073970794678e+00  4.191488265991211e+00  -1.120202541351318e+00  -7.182845251918479e-07  5.082517873233883e-07  -3.489088840069599e-07
  1.014999985694885e+00  -1.508839702606201e+01  -1.417783832550049e+01  -1.298310279846191e+01  3.629373788833618e+00  4.241295337677002e+00  -4.141352772712708e-01  -9.465088055549131e-07  6.477963552242727e-07  -2.801398295559920e-07
  1.019999980926514e+00  -1.589369297027588e+01  -1.385945034027100e+01  -1.251195240020752e+01  4.836564540863037e+00  3.408859491348267e+00  2.271220982074738e-01  -1.079849312191072e-06  6.674099495285191e-07  -1.463157417447292e-07
  1.024999976158142e+00  -1.495203971862793e+01  -1.166681861877441e+01  -1.062234878540039e+01  5.079686164855957e+00  2.206376075744629e+00  1.004250407218933e+00  -1.071805513674917e-06  6.252460593714204e-07  1.799174853545082e-08
  1.029999971389771e+00  -1.176902580261230e+01  -7.119637489318848e+00  -6.704265117645264e+00  4.618528842926025e+00  4.615742862224579e-01  1.571479082107544e+00  -9.148185426965938e-07  4.861684033130587e-07  1.915354914672207e-07
  1.034999966621399e+00  -6.326798915863037e+00  -4.945651292800903e-01  -1.017191171646118e+00  3.428702354431152e+00  -1.627012610435486e+00  1.767908573150635e+00  -6.001246788400749e-07  2.592718431060348e-07  3.383969442438683e-07
  1.039999961853027e+00  5.627366304397583e-01  7.235879421234131e+00  5.785110950469971e+00  1.520336508750916e+00  -3.758887290954590e+00  1.353120923042297e+00  -1.697791418564520e-07  -6.080183823087282e-08  4.539981262041692e-07
  1.044999957084656e+00  8.206654548645020e+00  1.461445045471191e+01  1.192055320739746e+01  -8.997647762298584e-01  -5.343898773193359e+00  7.351001501083374e-01  3.631024867445376e-07  -3.402790866857686e-07  4.375116589017125e-07
  1.049999952316284e+00  1.534403991699219e+01  2.040358924865723e+01  1.678793525695801e+01  -3.237737178802490e+00  -6.285320281982422e+00  -2.606463730335236e-01  8.905336699172040e-07  -5.830635245729354e-07  3.204896756869857e-07
  1.054999947547913e+00  2.034706306457520e+01  2.307406997680664e+01  1.921282768249512e+01  -4.942712783813477e+00  -6.355463981628418e+00  -1.551229476928711e+00  1.303642989114451e-06  -7.349902944042697e-07  1.168826884168084e-07
  1.059999942779541e+00  2.106426429748535e+01  2.104873085021973e+01  1.698948860168457e+01  -6.385174274444580e+00  -5.022190570831299e+00  -2.214709043502808e+00  1.512558355898364e-06  -6.943387234059628e-07  -1.396868754000025e-07
  1.065000057220459e+00  1.828654479980469e+01  1.536743259429932e+01  1.257151699066162e+01  -5.557564258575439e+00  -3.354549646377563e+00  -3.284528732299805e+00  1.436583261238411e-06  -5.569185077547445e-07  -3.957843830448837e-07
  1.070000052452087e+00  1.136698055267334e+01  6.094888687133789e+00  5.259870529174805e+00  -3.290197610855103e+00  -1.163154959678650e+00  -4.061814308166504e+00  1.073829480446875e-06  -3.052175543416524e-07  -5.844586894454551e-07
  1.075000047683716e+00  1.445108652114868e+00  -5.250434398651123e+00  -3.974557876586914e+00  -9.969399124383926e-02  1.287608504295349e+00  -4.231072425842285e+00  4.896354539596359e-07  1.249497483257755e-08  -6.627805078096571e-07
  1.080000042915344e+00  -8.033661842346191e+00  -1.551560878753662e+01  -1.266614532470703e+01  3.197362899780273e+00  3.442234754562378e+00  -3.197025775909424e+00  -1.500079207517047e-07  3.844934610697237e-07  -6.475262352978461e-07
  1.085000038146973e+00  -1.581134414672852e+01  -2.324579429626465e+01  -1.921265029907227e+01  5.858612537384033e+00  5.013787746429443e+00  -1.865952491760254e+00  -7.487743687306647e-07  5.513450673788611e-07  -4.393755546061584e-07
  1.090000033378601e+00  -1.881519317626953e+01  -2.629383277893066e+01  -2.244861602783203e+01  6.433526039123535e+00  6.108435153961182e+00  4.810669422149658e-01  -1.092005391001294e-06  5.758836891800456e-07  -1.491715551082962e-07
  1.095000028610229e+00  -1.310185432434082e+01  -2.176319885253906e+01  -1.797431182861328e+01  5.779217243194580e+00  5.382199764251709e+00  2.355347156524658e+00  -1.041634618559328e-06  3.227019931273389e-07  2.095612501307187e-07
  1.100000023841858e+00  -2.467203140258789e+00  -1.348365592956543e+01  -1.156183242797852e+01  1.553493380546570e+00  5.294395923614502e+00  5.017115116119385e+00  -5.456334406517271e-07  -6.266427821088882e-09  4.760974547934893e-07
  1.105000019073486e+00  1.243356132507324e+01  -1.663041114807129e+00  -1.597133755683899e+00  -4.117681980133057e+00  4.757980346679688e+00  7.242601871490479e+00  2.773874427930423e-07  -3.921676352547365e-07  6.311731226560369e-07
  1.110000014305115e+00  2.764911651611328e+01  1.105135536193848e+01  1.013239860534668e+01  -9.749742507934570e+00  3.712816953659058e+00  8.540014266967773e+00  1.175919351226185e-06  -7.711923331044090e-07  6.932452265573374e-07
  1.115000009536743e+00  3.529095840454102e+01  1.967907142639160e+01  1.900586318969727e+01  -1.331771850585938e+01  2.753758907318115e+00  7.813384532928467e+00  1.742967356221925e-06  -1.137627123171114e-06  6.939131367289519e-07
  1.120000004768372e+00  3.376105117797852e+01  2.322331428527832e+01  2.369663429260254e+01  -1.480752944946289e+01  1.685999274253845e+00  7.384884357452393e+00  1.778643081706832e-06  -1.113475263991859e-06  6.057151722416165e-07
  1.125000000000000e+00  1.709378242492676e+01  2.363011169433594e+01  2.272907257080078e+01  -9.203699111938477e+00  -8.751852512359619e-01  3.489155769348145e+00  1.300861640629591e-06  -6.914613095432287e-07  6.377716204042372e-07
  1.129999995231628e+00  4.820990295410156e+02  1.412157135009766e+02  1.753619766235352e+01  -7.137427368164062e+02  1.939827270507812e+02  1.242684555053711e+02  -1.522487727925181e-04  9.107942787522916e-06  2.087660323013552e-05
  1.134999990463257e+00  1.112292480468750e+03  1.251335525512695e+02  -2.388668670654297e+02  -2.179197998046875e+03  6.051469726562500e+02  1.116858032226562e+03  -4.766620695590973e-04  1.394527134834789e-05  6.686942651867867e-05
  1.139999985694885e+00  1.137625610351562e+03  -8.591929931640625e+02  -1.080746704101562e+03  -9.115398437500000e+03  1.938142333984375e+03  5.172790527343750e+03  -1.901284675113857e-03  -1.282968150917441e-05  2.219670277554542e-04
  1.144999980926514e+00  -1.404534149169922e+02  -2.788224121093750e+03  -2.228105957031250e+03  -2.053392382812500e+04  3.820201904296875e+03  1.229188964843750e+04  -4.121408797800541e-03  -8.845289266901091e-05  4.502926312852651e-04
  1.149999976158142e+00  -1.650511474609375e+03  -4.858432128906250e+03  -3.894030761718750e+03  -3.260650000000000e+04  5.862705078125000e+03  2.089906640625000e+04  -6.390773691236973e-03  -1.968720607692376e-04  6.941011524759233e-04
  1.154999971389771e+00  -3.230462646484375e+03  -5.459549316406250e+03  -6.247330078125000e+03  -2.934688281250000e+04  6.944934082031250e+03  2.560926562500000e+04  -6.759139243513346e-03  -3.121751942671835e-04  8.314225124195218e-04
  1.159999966621399e+00  -4.850269531250000e+03  -6.567479003906250e+03  -1.039774804687500e+04  -3.096805664062500e+04  8.192946289062500e+03  3.297017968750000e+04  -7.393284700810909e-03  -4.750771913677454e-04  1.007308601401746e-03
  1.164999961853027e+00  -4.906312988281250e+03  -5.785092285156250e+03  -1.472405761718750e+04  -2.423148046875000e+04  7.977594238281250e+03  3.779231640625000e+04  -6.628951057791710e-03  -5.873182089999318e-04  1.055550994351506e-03
  1.169999957084656e+00  -6.951974609375000e+03  -3.104286132812500e+03  -1.862561328125000e+04  -3.274321044921875e+03  6.957664062500000e+03  3.735367968750000e+04  -4.481495358049870e-03  -6.222270894795656e-04  1.000910648144782e-03
  1.174999952316284e+00  -3.941384521484375e+03  2.158625976562500e+03  -2.023546679687500e+04  1.785488867187500e+04  3.448069824218750e+03  3.520406640625000e+04  -1.486656023189425e-03  -4.931407747790217e-04  7.482010405510664e-04
  1.179999947547913e+00  7.151332397460938e+02  9.450478515625000e+03  -1.926765234375000e+04  4.590200000000000e+04  -1.985493896484375e+03  2.837969531250000e+04  2.520950743928552e-03  -2.088862383970991e-04  2.859471715055406e-04
  1.184999942779541e+00  5.592381347656250e+03  1.752938476562500e+04  -1.621141699218750e+04  7.853907812500000e+04  -8.823377929687500e+03  1.746836132812500e+04  7.167318370193243e-03  1.783191837603226e-04  -3.616761823650450e-04
  1.190000057220459e+00  5.230201171875000e+03  2.366197070312500e+04  -1.369598339843750e+04  1.025765312500000e+05  -1.428728906250000e+04  8.010688964843750e+03  1.048038899898529e-02  5.089116748422384e-04  -9.316797950305045e-04
  1.195000052452087e+00  8.657214843750000e+03  2.991640234375000e+04  -8.093439941406250e+03  1.310386015625000e+05  -2.188505273437500e+04  -6.300047363281250e+03  1.479626819491386e-02  9.118388989008963e-04  -1.734343124553561e-03
  1.200000047683716e+00  9.979388671875000e+03  3.381299218750000e+04  -2.249918701171875e+03  1.544989843750000e+05  -2.861655859375000e+04  -2.088444921875000e+04  1.845001801848412e-02  1.223802100867033e-03  -2.495582681149244e-03
  1.205000042915344e+00  9.123471679687500e+03  3.493452343750000e+04  3.536770263671875e+03  1.698593125000000e+05  -3.368672656250000e+04  -3.441577734375000e+04  2.104463614523411e-02  1.400914043188095e-03  -3.110086079686880e-03
  1.210000038146973e+00  1.025119238281250e+04  3.285523437500000e+04  9.557817382812500e+03  1.578512187500000e+05  -3.585435937500000e+04  -4.057751171875000e+04  2.063744328916073e-02  1.450110925361514e-03  -3.415255807340145e-03
  1.215000033378601e+00  8.324876953125000e+03  2.865018945312500e+04  1.525585449218750e+04  1.504109687500000e+05  -3.648758593750000e+04  -4.984992968750000e+04  2.048081718385220e-02  1.345225959084928e-03  -3.607381600886583e-03
  1.220000028610229e+00  5.452812011718750e+03  2.206898046875000e+04  2.036036718750000e+04  1.308807187500000e+05  -3.416949218750000e+04  -5.624198828125000e+04  1.877450197935104e-02  1.091941958293319e-03  -3.495400073006749e-03
  1.225000023841858e+00  2.257123046875000e+03  1.359060937500000e+04  2.465429687500000e+04  9.937803125000000e+04  -2.889675781250000e+04  -5.955893359375000e+04  1.554799918085337e-02  7.185557624325156e-04  -3.084030933678150e-03
  1.230000019073486e+00  7.408156738281250e+03  3.447826171875000e+03  2.872489843750000e+04  4.533429296875000e+04  -2.242093164062500e+04  -5.721588671875000e+04  1.031348668038845e-02  3.283715923316777e-04  -2.589961979538202e-03
  1.235000014305115e+00  4.763591308593750e+03  -7.188999023437500e+03  3.037768945312500e+04  -3.828832275390625e+03  -1.265875000000000e+04  -5.570359765625000e+04  4.846782889217138e-03  -1.675682724453509e-04  -1.785358646884561e-03
  1.240000009536743e+00  2.318413574218750e+03  -1.809726757812500e+04  3.033523437500000e+04  -5.937530859375000e+04  -1.190130126953125e+03  -5.160822656250000e+04  -1.479672384448349e-03  -6.700944504700601e-04  -8.423926192335784e-04
  1.245000004768372e+00  7.138118652343750e+03  -2.869050390625000e+04  2.978869335937500e+04  -1.221839609375000e+05  8.852270507812500e+03  -4.545844140625000e+04  -8.075900375843048e-03  -1.104951952584088e-03  -5.902125849388540e-05
  1.250000000000000e+00  3.671516113281250e+03  -3.844631640625000e+04  2.618918359375000e+04  -1.789827187500000e+05  2.133089257812500e+04  -3.845584765625000e+04  -1.481858734041452e-02  -1.519303768873215e-03  9.107065852731466e-04
  1.254999995231628e+00  -2.883776473999023e+01  -4.702095703125000e+04  2.106288671875000e+04  -2.330836875000000e+05  3.329942968750000e+04  -3.004040820312500e+04  -2.134715951979160e-02  -1.851691748015583e-03  1.802026177756488e-03
  1.259999990463257e+00  -3.980381591796875e+03  -5.397405859375000e+04  1.481764453125000e+04  -2.814479687500000e+05  4.401123046875000e+04  -2.070516992187500e+04  -2.729815803468227e-02  -2.082550898194313e-03  2.553541213274002e-03
  1.264999985694885e+00  -6.674022949218750e+03  -5.762805859375000e+04  9.776241210937500e+03  -3.152654375000000e+05  5.085635546875000e+04  -1.437400195312500e+04  -3.140692412853241e-02  -2.176989801228046e-03  3.049990162253380e-03
  1.269999980926514e+00  -1.268328906250000e+04  -5.998521875000000e+04  2.784717529296875e+03  -3.422467187500000e+05  5.780643359375000e+04  -5.193510253906250e+03  -3.515112772583961e-02  -2.166861202567816e-03  3.489601658657193e-03
  1.274999976158142e+00  -1.813763281250000e+04  -5.957416015625000e+04  -3.563039794921875e+03  -3.567610000000000e+05  6.222359765625000e+04  3.791051513671875e+03  -3.751951828598976e-02  -2.021178836002946e-03  3.736321348696947e-03
  1.279999971389771e+00  -2.259825195312500e+04  -5.615042968750000e+04  -8.691861328125000e+03  -3.575264062500000e+05  6.396643359375000e+04  1.228535449218750e+04  -3.835759684443474e-02  -1.735370140522718e-03  3.799933474510908e-03
  1.284999966621399e+00  -3.041606640625000e+04  -4.809379687500000e+04  -1.115015625000000e+04  -3.313342812500000e+05  6.243103125000000e+04  1.472253320312500e+04  -3.631168603897095e-02  -1.306519610807300e-03  3.746742615476251e-03
  1.289999961853027e+00  -3.933093750000000e+04  -3.942752734375000e+04  -1.268546289062500e+04  -2.939977812500000e+05  5.765060937500000e+04  1.680546679687500e+04  -3.234028443694115e-02  -8.311036508530378e-04  3.401240799576044e-03
  1.294999957084656e+00  -4.691570312500000e+04  -2.677170117187500e+04  -1.067474218750000e+04  -2.342047812500000e+05  4.946026562500000e+04  1.103923144531250e+04  -2.498085238039494e-02  -2.458978560753167e-04  2.855960046872497e-03
  1.299999952316284e+00  -4.589465625000000e+04  -8.958223632812500e+03  -5.378034667968750e+03  -1.521969062500000e+05  3.929145703125000e+04  -4.342375000000000e+03  -1.418603770434856e-02  6.095106364227831e-04  2.096397336572409e-03
  1.304999947547913e+00  -4.829984765625000e+04  9.513102539062500e+03  6.759722290039062e+02  -6.819715625000000e+04  2.940958007812500e+04  -1.843267187500000e+04  -3.907066304236650e-03  1.562200253829360e-03  1.503523555584252e-03
  1.309999942779541e+00  -3.202254492187500e+04  3.049354101562500e+04  1.213972851562500e+04  2.829804492187500e+04  1.769099023437500e+04  -3.787576953125000e+04  9.076071903109550e-03  2.796420827507973e-03  2.770714636426419e-04
  1.315000057220459e+00  -1.416780957031250e+04  4.913094531250000e+04  2.611715820312500e+04  1.207825156250000e+05  6.760437011718750e+03  -5.413924609375000e+04  2.070861682295799e-02  3.975416067987680e-03  -9.403224685229361e-04
  1.320000052452087e+00  4.372276000976562e+02  6.168345312500000e+04  4.015557812500000e+04  1.991071562500000e+05  -1.582348388671875e+03  -6.351649218750000e+04  2.951673604547977e-02  4.763090983033180e-03  -1.753631979227066e-03
  1.325000047683716e+00  1.241082519531250e+04  6.094418359375000e+04  4.946532812500000e+04  2.483150937500000e+05  -4.582921875000000e+03  -6.210639453125000e+04  3.466131910681725e-02  4.936586134135723e-03  -2.078033983707428e-03
  1.330000042915344e+00  1.719501953125000e+04  5.529239453125000e+04  5.620515625000000e+04  2.903453437500000e+05  -5.092379882812500e+03  -5.475142187500000e+04  3.760134801268578e-02  4.375194199383259e-03  -1.727101276628673e-03
  1.335000038146973e+00  1.427924609375000e+04  4.075969921875000e+04  5.654997265625000e+04  3.108639687500000e+05  -7.867322387695312e+02  -3.770327734375000e+04  3.738567233085632e-02  3.128722542896867e-03  -6.024962058290839e-04
  1.340000033378601e+00  1.694936914062500e+04  1.999622460937500e+04  5.130694531250000e+04  3.289985937500000e+05  6.088816894531250e+03  -2.048268164062500e+04  3.761685267090797e-02  1.773220719769597e-03  4.046655958518386e-04
  1.345000028610229e+00  8.345919921875000e+03  -1.470076049804688e+03  4.049014062500000e+04  3.266666875000000e+05  1.652605078125000e+04  7.483304687500000e+03  3.407064080238342e-02  -1.939296816999558e-05  2.274347469210625e-03
  1.350000023841858e+00  3.008073425292969e+02  -2.256896484375000e+04  2.428976171875000e+04  3.163605937500000e+05  2.841004101562500e+04  3.787011328125000e+04  2.958723157644272e-02  -1.717029255814850e-03  4.199503455311060e-03
  1.355000019073486e+00  -5.151173339843750e+03  -4.106841406250000e+04  3.846153564453125e+03  3.044950625000000e+05  3.964435156250000e+04  6.774871875000000e+04  2.512352541089058e-02  -3.142504021525383e-03  5.865563172847033e-03
  1.360000014305115e+00  -9.318249023437500e+03  -5.219009765625000e+04  -1.710793750000000e+04  3.360304062500000e+05  4.599824218750000e+04  8.345402343750000e+04  2.602591924369335e-02  -4.066004417836666e-03  6.538454908877611e-03
  1.365000009536743e+00  -1.296611132812500e+04  -5.943586328125000e+04  -3.998158593750000e+04  3.393933125000000e+05  5.059110156250000e+04  1.066056562500000e+05  2.368133701384068e-02  -4.707708954811096e-03  7.281427271664143e-03
  1.370000004768372e+00  -1.255775976562500e+04  -5.887204296875000e+04  -5.925867968750000e+04  3.510670937500000e+05  4.983639453125000e+04  1.238773281250000e+05  2.277833223342896e-02  -4.788030870258808e-03  7.421464659273624e-03
  1.375000000000000e+00  -6.966676757812500e+03  -4.886720703125000e+04  -7.178720312500000e+04  3.705879375000000e+05  4.336425781250000e+04  1.338198593750000e+05  2.322207577526569e-02  -4.242506343871355e-03  6.980808917433023e-03
  1.379999995231628e+00  -1.243495996093750e+04  -2.789288867187500e+04  -8.167461718750000e+04  4.283749375000000e+05  3.323405859375000e+04  1.296047890625000e+05  2.719273045659065e-02  -3.202545456588268e-03  5.847333464771509e-03
  1.384999990463257e+00  2.857193603515625e+02  -1.442607421875000e+03  -8.050119531250000e+04  4.498885000000000e+05  1.669266601562500e+04  1.268541484375000e+05  2.842497453093529e-02  -1.654527499340475e-03  4.468435421586037e-03
  1.389999985694885e+00  1.698667578125000e+04  3.054943945312500e+04  -7.293607031250000e+04  4.653807812500000e+05  -4.503271972656250e+03  1.175293281250000e+05  2.938264235854149e-02  1.916091423481703e-04  2.617700258269906e-03
  1.394999980926514e+00  3.563430859375000e+04  6.487714062500000e+04  -6.135258203125000e+04  4.681119375000000e+05  -2.929044921875000e+04  1.026495546875000e+05  2.928979322314262e-02  2.125126775354147e-03  3.893043030984700e-04
  1.399999976158142e+00  3.642377343750000e+04  9.662151562500000e+04  -5.486274609375000e+04  4.600964062500000e+05  -5.139913671875000e+04  8.622717187500000e+04  2.692109905183315e-02  3.900215961039066e-03  -1.932814135216177e-03
  1.404999971389771e+00  5.470808984375000e+04  1.251775546875000e+05  -4.092437890625000e+04  4.078408750000000e+05  -7.880462500000000e+04  6.666980468750000e+04  2.143808081746101e-02  5.435929168015718e-03  -4.355480894446373e-03
  1.409999966621399e+00  6.908308593750000e+04  1.465663281250000e+05  -2.913073046875000e+04  3.194620625000000e+05  -1.052034062500000e+05  4.528603125000000e+04  1.233673002570868e-02  6.514707114547491e-03  -6.669554859399796e-03
  1.414999961853027e+00  6.893601562500000e+04  1.564769375000000e+05  -2.489326562500000e+04  1.794066562500000e+05  -1.239456953125000e+05  3.150422070312500e+04  -3.200417384505272e-03  7.138434331864119e-03  -8.584642782807350e-03
  1.419999957084656e+00  7.714889062500000e+04  1.588626562500000e+05  -1.893583593750000e+04  -7.952395019531250e+03  -1.443166718750000e+05  1.193920117187500e+04  -2.248649857938290e-02  7.070799358189106e-03  -1.026291120797396e-02
  1.424999952316284e+00  8.017992187500000e+04  1.510580312500000e+05  -1.735625195312500e+04  -2.506478906250000e+05  -1.597301093750000e+05  -6.415203125000000e+03  -4.760758951306343e-02  6.397448945790529e-03  -1.153482776135206e-02
  1.429999947547913e+00  7.889273437500000e+04  1.338214375000000e+05  -1.984722851562500e+04  -5.528948750000000e+05  -1.695804062500000e+05  -2.266627539062500e+04  -7.906882464885712e-02  5.182100925594568e-03  -1.238693017512560e-02
  1.434999942779541e+00  8.153131250000000e+04  1.081513828125000e+05  -2.398947460937500e+04  -9.411372500000000e+05  -1.713328750000000e+05  -2.442625000000000e+04  -1.198004260659218e-01  3.791589522734284e-03  -1.275159604847431e-02
  1.440000057220459e+00  7.887024218750000e+04  7.797206250000000e+04  -3.060546484375000e+04  -1.371513875000000e+06  -1.707429531250000e+05  -3.490071093750000e+04  -1.646782457828522e-01  1.876917784102261e-03  -1.288426853716373e-02
  1.445000052452087e+00  7.432969531250000e+04  4.383602343750000e+04  -3.867016015625000e+04  -1.863948500000000e+06  -1.647473906250000e+05  -4.272969531250000e+04  -2.161244153976440e-01  -1.547007850604132e-04  -1.270768139511347e-02
  1.450000047683716e+00  6.862939843750000e+04  7.900422363281250e+03  -4.677779296875000e+04  -2.416428250000000e+06  -1.537742343750000e+05  -4.813372656250000e+04  -2.738599777221680e-01  -2.141123404726386e-03  -1.225096639245749e-02
  1.455000042915344e+00  7.855109375000000e+04  -2.474519140625000e+04  -4.830517968750000e+04  -3.054527000000000e+06  -1.388479062500000e+05  -4.175138671875000e+04  -3.396876454353333e-01  -3.740895306691527e-03  -1.135082077234983e-02
  1.460000038146973e+00  7.071394531250000e+04  -5.797138281250000e+04  -5.351107812500000e+04  -3.716195500000000e+06  -1.201259375000000e+05  -4.481606250000000e+04  -4.085371494293213e-01  -5.284512881189585e-03  -1.038766279816628e-02
  1.465000033378601e+00  6.034734375000000e+04  -8.828852343750000e+04  -5.638650000000000e+04  -4.424358000000000e+06  -9.783521093750000e+04  -4.666276953125000e+04  -4.820771515369415e-01  -6.469545420259237e-03  -9.153390303254128e-03
  1.470000028610229e+00  4.714894531250000e+04  -1.145224375000000e+05  -5.645336328125000e+04  -5.173355500000000e+06  -7.257735937500000e+04  -4.731246875000000e+04  -5.596792101860046e-01  -7.252486888319254e-03  -7.654985412955284e-03
  1.475000023841858e+00  4.727257812500000e+04  -1.303306484375000e+05  -4.903423046875000e+04  -5.982258000000000e+06  -4.874059765625000e+04  -4.228186718750000e+04  -6.423487663269043e-01  -7.606246508657932e-03  -5.807936657220125e-03
  1.480000019073486e+00  2.607871484375000e+04  -1.459325312500000e+05  -4.469200000000000e+04  -6.792855000000000e+06  -2.044552929687500e+04  -4.244194921875000e+04  -7.259420156478882e-01  -7.593746297061443e-03  -3.941923379898071e-03
  1.485000014305115e+00  1.854609008789062e+03  -1.553489843750000e+05  -3.780929687500000e+04  -7.625067000000000e+06  8.393110351562500e+03  -4.120745703125000e+04  -8.115638494491577e-01  -7.181805092841387e-03  -1.938471919856966e-03
  1.490000009536743e+00  -1.129821093750000e+04  -1.533355781250000e+05  -2.535455078125000e+04  -8.489956000000000e+06  3.155498437500000e+04  -3.907821484375000e+04  -8.997330665588379e-01  -6.594182923436165e-03  1.586307189427316e-04
  1.495000004768372e+00  -4.327068359375000e+04  -1.514358281250000e+05  -1.684505664062500e+04  -9.343339000000000e+06  5.877209375000000e+04  -3.766484375000000e+04  -9.872097969055176e-01  -5.565376486629248e-03  2.209269907325506e-03
  1.500000000000000e+00  -7.758781250000000e+04  -1.439333906250000e+05  -7.875660156250000e+03  -1.019846100000000e+07  8.407154687500000e+04  -3.525519531250000e+04  -1.074713230133057e+00  -4.297422245144844e-03  4.217981360852718e-03
  1.504999995231628e+00  -1.103574140625000e+05  -1.310720156250000e+05  5.683488769531250e+02  -1.105408700000000e+07  1.036917656250000e+05  -3.532915625000000e+04  -1.162060499191284e+00  -3.079362679272890e-03  6.087555550038815e-03
  1.509999990463257e+00  -1.515328281250000e+05  -1.168733125000000e+05  6.339878906250000e+03  -1.189184000000000e+07  1.234443046875000e+05  -3.253991406250000e+04  -1.247631311416626e+00  -1.641451148316264e-03  7.812300696969032e-03
  1.514999985694885e+00  -1.966630781250000e+05  -1.015769453125000e+05  8.533720703125000e+03  -1.271220300000000e+07  1.397175625000000e+05  -2.975316992187500e+04  -1.331534266471863e+00  -2.766781544778496e-04  9.320673532783985e-03
  1.519999980926514e+00  -2.438152187500000e+05  -8.956206250000000e+04  5.393105957031250e+03  -1.351047800000000e+07  1.481024687500000e+05  -3.558628515625000e+04  -1.413615942001343e+00  4.610171017702669e-04  1.051247678697109e-02
  1.524999976158142e+00  -3.002718125000000e+05  -7.934649218750000e+04  -2.762977050781250e+03  -1.427711200000000e+07  1.573087031250000e+05  -3.470189843750000e+04  -1.492604970932007e+00  1.358567387796938e-03  1.151532679796219e-02
  1.529999971389771e+00  -3.601285000000000e+05  -7.250508593750000e+04  -1.563482812500000e+04  -1.501074600000000e+07  1.623735312500000e+05  -3.443583593750000e+04  -1.568786978721619e+00  1.914155087433755e-03  1.219694130122662e-02
  1.534999966621399e+00  -4.220257812500000e+05  -6.983191406250000e+04  -3.272414257812500e+04  -1.570727100000000e+07  1.633687812500000e+05  -3.493945703125000e+04  -1.641971111297607e+00  2.107103588059545e-03  1.253678929060698e-02
  1.539999961853027e+00  -4.867830625000000e+05  -7.637233593750000e+04  -5.332863281250000e+04  -1.635711900000000e+07  1.592303125000000e+05  -4.462528906250000e+04  -1.711814284324646e+00  1.669645775109529e-03  1.269767899066210e-02
  1.544999957084656e+00  -5.482308750000000e+05  -8.258207812500000e+04  -7.549787500000000e+04  -1.696888400000000e+07  1.537510937500000e+05  -4.614418359375000e+04  -1.778394699096680e+00  1.304653123952448e-03  1.247048657387495e-02
  1.549999952316284e+00  -6.049155625000000e+05  -9.169716406250000e+04  -9.823261718750000e+04  -1.753558000000000e+07  1.452536562500000e+05  -4.804127343750000e+04  -1.841702103614807e+00  7.515039178542793e-04  1.196764782071114e-02
  1.554999947547913e+00  -6.548530625000000e+05  -1.027742890625000e+05  -1.203444218750000e+05  -1.805567600000000e+07  1.343051875000000e+05  -5.021144921875000e+04  -1.901660084724426e+00  1.056933979270980e-04  1.124260574579239e-02
  1.559999942779541e+00  -7.046728125000000e+05  -1.195799140625000e+05  -1.406814218750000e+05  -1.851857600000000e+07  1.215959296875000e+05  -5.690709375000000e+04  -1.957146763801575e+00  -7.313866517506540e-04  1.058995816856623e-02
  1.565000057220459e+00  -7.390345000000000e+05  -1.311874218750000e+05  -1.587105781250000e+05  -1.894216800000000e+07  1.073343984375000e+05  -5.746192187500000e+04  -2.009671688079834e+00  -1.290498417802155e-03  9.515668265521526e-03
  1.570000052452087e+00  -7.649250625000000e+05  -1.420759062500000e+05  -1.745077187500000e+05  -1.931685000000000e+07  9.187365625000000e+04  -5.726435937500000e+04  -2.058294773101807e+00  -1.741338870488107e-03  8.286909200251102e-03
  1.575000047683716e+00  -7.835921250000000e+05  -1.520585156250000e+05  -1.883378906250000e+05  -1.964223800000000e+07  7.553150000000000e+04  -5.592304687500000e+04  -2.102684974670410e+00  -2.061898121610284e-03  6.921000778675079e-03
  1.580000042915344e+00  -8.069451875000000e+05  -1.635716250000000e+05  -1.998241718750000e+05  -1.990794800000000e+07  5.955741015625000e+04  -5.392269921875000e+04  -2.140927553176880e+00  -2.324698260053992e-03  5.656811408698559e-03
  1.585000038146973e+00  -8.167984375000000e+05  -1.708918125000000e+05  -2.105745000000000e+05  -2.013414800000000e+07  4.252483593750000e+04  -4.898107421875000e+04  -2.175712108612061e+00  -2.351290080696344e-03  4.050671588629484e-03
  1.590000033378601e+00  -8.259885000000000e+05  -1.782353125000000e+05  -2.209667500000000e+05  -2.031076600000000e+07  2.552850976562500e+04  -4.267710546875000e+04  -2.205274343490601e+00  -2.294220263138413e-03  2.405967330560088e-03
  1.595000028610229e+00  -8.470251875000000e+05  -1.869364843750000e+05  -2.317501875000000e+05  -2.042900600000000e+07  1.100213671875000e+04  -3.472157031250000e+04  -2.227816581726074e+00  -2.170513384044170e-03  9.605397935956717e-04
  1.600000023841858e+00  -8.624282500000000e+05  -1.953127343750000e+05  -2.429141562500000e+05  -2.050788800000000e+07  -4.682256347656250e+03  -2.587741992187500e+04  -2.246332406997681e+00  -2.002104185521603e-03  -6.591274286620319e-04
  1.605000019073486e+00  -8.855063750000000e+05  -2.063090625000000e+05  -2.556450468750000e+05  -2.053909400000000e+07  -1.930233593750000e+04  -1.639603710937500e+04  -2.259143114089966e+00  -1.883497228845954e-03  -2.138705225661397e-03
  1.610000014305115e+00  -9.188286250000000e+05  -2.207593906250000e+05  -2.705980937500000e+05  -2.052407000000000e+07  -3.254586718750000e+04  -6.530735839843750e+03  -2.266269922256470e+00  -1.862080302089453e-03  -3.428333671763539e-03
  1.615000009536743e+00  -9.719985625000000e+05  -2.371226406250000e+05  -2.896415625000000e+05  -2.045689600000000e+07  -4.166301171875000e+04  5.063080078125000e+03  -2.266945362091064e+00  -1.725297421216965e-03  -4.560265690088272e-03
  1.620000004768372e+00  -1.030599562500000e+06  -2.591575468750000e+05  -3.103990312500000e+05  -2.035536800000000e+07  -5.187058203125000e+04  1.571763574218750e+04  -2.263555049896240e+00  -1.933478517457843e-03  -5.481692496687174e-03
  1.625000000000000e+00  -1.104553000000000e+06  -2.860290000000000e+05  -3.347816562500000e+05  -2.021429600000000e+07  -6.046822656250000e+04  2.644069335937500e+04  -2.255254983901978e+00  -2.336180768907070e-03  -6.167315877974033e-03
  1.629999995231628e+00  -1.194555500000000e+06  -3.175158125000000e+05  -3.628454062500000e+05  -2.003659200000000e+07  -6.759456250000000e+04  3.718456640625000e+04  -2.242471218109131e+00  -2.926680026575923e-03  -6.648524198681116e-03
  1.634999990463257e+00  -1.305327750000000e+06  -3.504924375000000e+05  -3.964671250000000e+05  -1.981870000000000e+07  -7.120937500000000e+04  4.994014062500000e+04  -2.225370645523071e+00  -3.275640308856964e-03  -7.241993676871061e-03
  1.639999985694885e+00  -1.426450375000000e+06  -3.899379687500000e+05  -4.314711250000000e+05  -1.957734200000000e+07  -7.608637500000000e+04  6.080994140625000e+04  -2.205161809921265e+00  -4.218768794089556e-03  -7.456218358129263e-03
  1.644999980926514e+00  -1.563503250000000e+06  -4.326008437500000e+05  -4.697017812500000e+05  -1.930909000000000e+07  -8.019337500000000e+04  7.122313281250000e+04  -2.181850433349609e+00  -5.298356059938669e-03  -7.611761335283518e-03
  1.649999976158142e+00  -1.716114000000000e+06  -4.777616875000000e+05  -5.108837812500000e+05  -1.901732000000000e+07  -8.387377343750000e+04  8.093088281250000e+04  -2.155894994735718e+00  -6.472426932305098e-03  -7.783707696944475e-03
  1.654999971389771e+00  -1.885448000000000e+06  -5.243723125000000e+05  -5.561320000000000e+05  -1.870126600000000e+07  -8.517671093750000e+04  9.210267187500000e+04  -2.127647161483765e+00  -7.439613807946444e-03  -8.266752585768700e-03
  1.659999966621399e+00  -2.067607375000000e+06  -5.741041250000000e+05  -6.023971250000000e+05  -1.837295400000000e+07  -8.862253125000000e+04  9.969304687500000e+04  -2.097649574279785e+00  -8.872548118233681e-03  -8.549423888325691e-03
  1.664999961853027e+00  -2.265449000000000e+06  -6.254657500000000e+05  -6.512999375000000e+05  -1.803111200000000e+07  -9.236955468750000e+04  1.056622578125000e+05  -2.066155672073364e+00  -1.035785023123026e-02  -8.972254581749439e-03
  1.669999957084656e+00  -2.478819250000000e+06  -6.802333750000000e+05  -7.026545625000000e+05  -1.767783400000000e+07  -9.420315625000000e+04  1.119110000000000e+05  -2.033530473709106e+00  -1.183217763900757e-02  -9.651487693190575e-03
  1.674999952316284e+00  -2.709083500000000e+06  -7.367371250000000e+05  -7.571316875000000e+05  -1.731902800000000e+07  -9.844293750000000e+04  1.136436796875000e+05  -2.000065565109253e+00  -1.364247966557741e-02  -1.022362709045410e-02
  1.679999947547913e+00  -2.957392500000000e+06  -7.962077500000000e+05  -8.150702500000000e+05  -1.695618200000000e+07  -1.029997031250000e+05  1.129610703125000e+05  -1.966056346893311e+00  -1.558878924697638e-02  -1.086273323744535e-02
  1.684999942779541e+00  -3.224616500000000e+06  -8.596094375000000e+05  -8.769821250000000e+05  -1.659230400000000e+07  -1.076528984375000e+05  1.097337421875000e+05  -1.931789040565491e+00  -1.773798465728760e-02  -1.150333136320114e-02
  1.690000057220459e+00  -3.508362250000000e+06  -9.322002500000000e+05  -9.418570625000000e+05  -1.623167400000000e+07  -1.099499218750000e+05  1.050957968750000e+05  -1.897768735885620e+00  -2.051236107945442e-02  -1.207628473639488e-02
  1.695000052452087e+00  -3.814590000000000e+06  -1.007066875000000e+06  -1.013329562500000e+06  -1.587468800000000e+07  -1.141644531250000e+05  9.652060156250000e+04  -1.863924741744995e+00  -2.342347800731659e-02  -1.250695809721947e-02
  1.700000047683716e+00  -4.140500250000000e+06  -1.088718875000000e+06  -1.090003625000000e+06  -1.552511400000000e+07  -1.177695859375000e+05  8.572496875000000e+04  -1.830666303634644e+00  -2.676689997315407e-02  -1.275550574064255e-02
  1.705000042915344e+00  -4.485318500000000e+06  -1.177948000000000e+06  -1.171954000000000e+06  -1.518541300000000e+07  -1.204684296875000e+05  7.303345312500000e+04  -1.798243165016174e+00  -3.063283488154411e-02  -1.276360917836428e-02
  1.710000038146973e+00  -4.843223000000000e+06  -1.279310000000000e+06  -1.257464875000000e+06  -1.486044800000000e+07  -1.211864765625000e+05  5.915235546875000e+04  -1.767161130905151e+00  -3.573878481984138e-02  -1.252956036478281e-02
  1.715000033378601e+00  -5.220084500000000e+06  -1.384123750000000e+06  -1.349027500000000e+06  -1.454758500000000e+07  -1.220978281250000e+05  4.419869921875000e+04  -1.737065672874451e+00  -4.088493064045906e-02  -1.200474053621292e-02
  1.720000028610229e+00  -5.609168500000000e+06  -1.496579375000000e+06  -1.444108750000000e+06  -1.425080200000000e+07  -1.216854062500000e+05  2.910998632812500e+04  -1.708349704742432e+00  -4.671818763017654e-02  -1.118447352200747e-02
  1.725000023841858e+00  -6.006976500000000e+06  -1.615994375000000e+06  -1.541488875000000e+06  -1.397152900000000e+07  -1.198944843750000e+05  1.457986914062500e+04  -1.681098699569702e+00  -5.327783152461052e-02  -1.008060015738010e-02
  1.730000019073486e+00  -6.403853000000000e+06  -1.742657875000000e+06  -1.638573125000000e+06  -1.371461200000000e+07  -1.176036171875000e+05  9.051851806640625e+02  -1.655464291572571e+00  -6.116847321391106e-02  -8.858689107000828e-03
  1.735000014305115e+00  -6.805977500000000e+06  -1.871672750000000e+06  -1.735648125000000e+06  -1.347420500000000e+07  -1.137017656250000e+05  -1.059221093750000e+04  -1.631152629852295e+00  -6.906969845294952e-02  -7.339275442063808e-03
  1.740000009536743e+00  -7.203769500000000e+06  -2.003584875000000e+06  -1.829816375000000e+06  -1.325379800000000e+07  -1.084827812500000e+05  -1.988827929687500e+04  -1.608216762542725e+00  -7.764418423175812e-02  -5.645725876092911e-03
  1.745000004768372e+00  -7.586472500000000e+06  -2.135359500000000e+06  -1.918848375000000e+06  -1.305783100000000e+07  -1.034850312500000e+05  -2.758522070312500e+04  -1.586511611938477e+00  -8.718667179346085e-02  -3.986417781561613e-03
  1.750000000000000e+00  -7.961497000000000e+06  -2.266874500000000e+06  -2.001398125000000e+06  -1.287819300000000e+07  -9.621242968750000e+04  -3.189215625000000e+04  -1.565889477729797e+00  -9.672667831182480e-02  -2.132015768438578e-03
  1.754999995231628e+00  -8.318891000000000e+06  -2.395540500000000e+06  -2.075350000000000e+06  -1.271809500000000e+07  -8.770457812500000e+04  -3.380141015625000e+04  -1.546132206916809e+00  -1.067070439457893e-01  -2.302092034369707e-04
  1.759999990463257e+00  -8.654797000000000e+06  -2.519335000000000e+06  -2.139110000000000e+06  -1.257692400000000e+07  -7.795815625000000e+04  -3.357278125000000e+04  -1.527017712593079e+00  -1.170135885477066e-01  1.682438654825091e-03
  1.764999985694885e+00  -8.960929000000000e+06  -2.632786500000000e+06  -2.192717750000000e+06  -1.245857500000000e+07  -6.918879687500000e+04  -3.222822070312500e+04  -1.508389234542847e+00  -1.272272765636444e-01  3.363809548318386e-03
  1.769999980926514e+00  -9.245542000000000e+06  -2.740565250000000e+06  -2.232582500000000e+06  -1.235265900000000e+07  -5.749828515625000e+04  -2.860451757812500e+04  -1.489996075630188e+00  -1.375447958707809e-01  5.155053455382586e-03
  1.774999976158142e+00  -9.501385000000000e+06  -2.837815750000000e+06  -2.259285000000000e+06  -1.226258900000000e+07  -4.466304296875000e+04  -2.402971289062500e+04  -1.471639871597290e+00  -1.477575153112411e-01  6.867041811347008e-03
  1.779999971389771e+00  -9.727559000000000e+06  -2.922937500000000e+06  -2.272562000000000e+06  -1.218719000000000e+07  -3.078636914062500e+04  -1.892141210937500e+04  -1.453170180320740e+00  -1.576963514089584e-01  8.467107079923153e-03
  1.784999966621399e+00  -9.921958000000000e+06  -2.989203500000000e+06  -2.274609000000000e+06  -1.212892600000000e+07  -1.915461132812500e+04  -1.309456933593750e+04  -1.434829115867615e+00  -1.663540899753571e-01  9.747107513248920e-03
  1.789999961853027e+00  -1.008991200000000e+07  -3.044851250000000e+06  -2.260810250000000e+06  -1.207904500000000e+07  -4.294914062500000e+03  -7.351847167968750e+03  -1.415979743003845e+00  -1.751111745834351e-01  1.102730259299278e-02
  1.794999957084656e+00  -1.022998700000000e+07  -3.084163250000000e+06  -2.234262250000000e+06  -1.204029500000000e+07  1.096699707031250e+04  -1.818374023437500e+03  -1.396865248680115e+00  -1.831215769052505e-01  1.212459430098534e-02
  1.799999952316284e+00  -1.034392400000000e+07  -3.106003750000000e+06  -2.195586500000000e+06  -1.201177200000000e+07  2.628022265625000e+04  3.451930664062500e+03  -1.377561926841736e+00  -1.902208924293518e-01  1.301711518317461e-02
  1.804999947547913e+00  -1.043542400000000e+07  -3.103033000000000e+06  -2.147069750000000e+06  -1.199442900000000e+07  3.780366406250000e+04  9.697187500000000e+03  -1.358838081359863e+00  -1.952221691608429e-01  1.365139894187450e-02
  1.809999942779541e+00  -1.050486800000000e+07  -3.086527000000000e+06  -2.085894625000000e+06  -1.198373300000000e+07  5.209864453125000e+04  1.446873535156250e+04  -1.339636087417603e+00  -2.000850439071655e-01  1.414304133504629e-02
  1.815000057220459e+00  -1.055571500000000e+07  -3.050058000000000e+06  -2.015118500000000e+06  -1.198143200000000e+07  6.548684765625000e+04  1.891124218750000e+04  -1.320769548416138e+00  -2.036611288785934e-01  1.441908348351717e-02
  1.820000052452087e+00  -1.059086100000000e+07  -2.993068750000000e+06  -1.935647875000000e+06  -1.198731600000000e+07  7.757635937500000e+04  2.312976562500000e+04  -1.302505612373352e+00  -2.058422714471817e-01  1.447607204318047e-02
  1.825000047683716e+00  -1.061885400000000e+07  -2.910624250000000e+06  -1.849524875000000e+06  -1.200081900000000e+07  8.561800000000000e+04  2.791241210937500e+04  -1.285758733749390e+00  -2.057706266641617e-01  1.442882232367992e-02
  1.830000042915344e+00  -1.063336300000000e+07  -2.812859750000000e+06  -1.755861625000000e+06  -1.202220600000000e+07  9.480155468750000e+04  3.145844335937500e+04  -1.269413232803345e+00  -2.051099240779877e-01  1.411806605756283e-02
  1.835000038146973e+00  -1.064179400000000e+07  -2.695014750000000e+06  -1.656904000000000e+06  -1.205172000000000e+07  1.019968671875000e+05  3.498741406250000e+04  -1.254454731941223e+00  -2.029227763414383e-01  1.360330358147621e-02
  1.840000033378601e+00  -1.065433100000000e+07  -2.556129750000000e+06  -1.554295000000000e+06  -1.208783200000000e+07  1.059616406250000e+05  3.869193750000000e+04  -1.241624951362610e+00  -1.988006830215454e-01  1.306158583611250e-02
  1.845000028610229e+00  -1.066119500000000e+07  -2.401733250000000e+06  -1.448471375000000e+06  -1.213325800000000e+07  1.095697109375000e+05  4.188297265625000e+04  -1.229929089546204e+00  -1.938052475452423e-01  1.223584357649088e-02
  1.850000023841858e+00  -1.067127100000000e+07  -2.230528250000000e+06  -1.340968250000000e+06  -1.218697600000000e+07  1.109618203125000e+05  4.538545312500000e+04  -1.220177888870239e+00  -1.873995512723923e-01  1.125002652406693e-02
  1.855000019073486e+00  -1.068732500000000e+07  -2.044150125000000e+06  -1.232931000000000e+06  -1.224889000000000e+07  1.101714765625000e+05  4.928633593750000e+04  -1.212459325790405e+00  -1.796784698963165e-01  1.012924406677485e-02
  1.860000014305115e+00  -1.071864900000000e+07  -1.847371750000000e+06  -1.125634750000000e+06  -1.231596700000000e+07  1.085343515625000e+05  5.218582421875000e+04  -1.206900119781494e+00  -1.709309071302414e-01  9.136031381785870e-03
  1.865000009536743e+00  -1.075377500000000e+07  -1.637596875000000e+06  -1.020337000000000e+06  -1.239298100000000e+07  1.045087500000000e+05  5.612254687500000e+04  -1.203106284141541e+00  -1.611109375953674e-01  7.882059551775455e-03
  1.870000004768372e+00  -1.080084500000000e+07  -1.418728125000000e+06  -9.177861875000000e+05  -1.247705800000000e+07  9.869566406250000e+04  6.034771875000000e+04  -1.201269030570984e+00  -1.503703594207764e-01  6.581073626875877e-03
  1.875000000000000e+00  -1.086099800000000e+07  -1.193009125000000e+06  -8.189403125000000e+05  -1.256746600000000e+07  9.129301562500000e+04  6.468533593750000e+04  -1.201248168945312e+00  -1.388744413852692e-01  5.264914594590664e-03
  1.879999995231628e+00  -1.093832900000000e+07  -9.687880000000000e+05  -7.246455000000000e+05  -1.266035900000000e+07  8.531483593750000e+04  6.656811718750000e+04  -1.202588677406311e+00  -1.273773461580276e-01  4.180698189884424e-03
  1.884999990463257e+00  -1.102481300000000e+07  -7.364733750000000e+05  -6.359043750000000e+05  -1.276082200000000e+07  7.572942187500000e+04  7.017197656250000e+04  -1.205538988113403e+00  -1.149533763527870e-01  2.921091858297586e-03
  1.889999985694885e+00  -1.112397500000000e+07  -5.036326562500000e+05  -5.528937500000000e+05  -1.286488300000000e+07  6.506330078125000e+04  7.334816406250000e+04  -1.209702372550964e+00  -1.022594571113586e-01  1.702816458418965e-03
  1.894999980926514e+00  -1.123460700000000e+07  -2.721939375000000e+05  -4.759663437500000e+05  -1.297145500000000e+07  5.352339453125000e+04  7.585015625000000e+04  -1.214824914932251e+00  -8.945769071578979e-02  5.400072550401092e-04
  1.899999976158142e+00  -1.135468700000000e+07  -5.043808984375000e+04  -4.047221562500000e+05  -1.307688700000000e+07  4.461482421875000e+04  7.532023437500000e+04  -1.220138549804688e+00  -7.744407653808594e-02  -3.658709465526044e-04
  1.904999971389771e+00  -1.148165500000000e+07  1.734364531250000e+05  -3.400062812500000e+05  -1.318543400000000e+07  3.201779882812500e+04  7.612717968750000e+04  -1.226379036903381e+00  -6.487119197845459e-02  -1.388237345963717e-03
  1.909999966621399e+00  -1.161361700000000e+07  3.914402812500000e+05  -2.809529375000000e+05  -1.329331700000000e+07  1.912048437500000e+04  7.588285156250000e+04  -1.232818603515625e+00  -5.259320884943008e-02  -2.333894604817033e-03
  1.914999961853027e+00  -1.174597000000000e+07  5.972250000000000e+05  -2.261885312500000e+05  -1.339751200000000e+07  8.985094726562500e+03  7.316285937500000e+04  -1.238601803779602e+00  -4.143448173999786e-02  -3.040303708985448e-03
  1.919999957084656e+00  -1.187925000000000e+07  8.005300000000000e+05  -1.771196562500000e+05  -1.350138000000000e+07  -3.937555908203125e+03  7.108942968750000e+04  -1.244709014892578e+00  -3.005763888359070e-02  -3.819358302280307e-03
  1.924999952316284e+00  -1.200935100000000e+07  9.948871250000000e+05  -1.322030625000000e+05  -1.360181700000000e+07  -1.650216796875000e+04  6.794330468750000e+04  -1.250307440757751e+00  -1.929143257439137e-02  -4.506332799792290e-03
  1.929999947547913e+00  -1.213362800000000e+07  1.179501500000000e+06  -9.092938281250000e+04  -1.369807800000000e+07  -2.847003515625000e+04  6.376825781250000e+04  -1.255184054374695e+00  -9.228887036442757e-03  -5.093199666589499e-03
  1.934999942779541e+00  -1.224699600000000e+07  1.350957375000000e+06  -5.215743359375000e+04  -1.378844800000000e+07  -3.796848046875000e+04  5.874447265625000e+04  -1.258613109588623e+00  -4.672121431212872e-04  -5.475233774632215e-03
  1.940000057220459e+00  -1.235233600000000e+07  1.514297625000000e+06  -1.719042968750000e+04  -1.387475300000000e+07  -4.838337500000000e+04  5.328123046875000e+04  -1.261570572853088e+00  7.982290349900723e-03  -5.850339774042368e-03
  1.945000052452087e+00  -1.244522600000000e+07  1.665917125000000e+06  1.523390429687500e+04  -1.395526300000000e+07  -5.765306640625000e+04  4.708284375000000e+04  -1.263319730758667e+00  1.548386272042990e-02  -6.101435516029596e-03
  1.950000047683716e+00  -1.252398000000000e+07  1.805345250000000e+06  4.536163671875000e+04  -1.402967300000000e+07  -6.564578125000000e+04  4.027145703125000e+04  -1.263750314712524e+00  2.196849510073662e-02  -6.220013834536076e-03
  1.955000042915344e+00  -1.258467500000000e+07  1.932020125000000e+06  7.363504687500000e+04  -1.409772600000000e+07  -7.200325781250000e+04  3.412931640625000e+04  -1.262487292289734e+00  2.713192626833916e-02  -6.198789458721876e-03
  1.960000038146973e+00  -1.263113400000000e+07  2.046331125000000e+06  9.960636718750000e+04  -1.415976900000000e+07  -7.750453125000000e+04  2.682217968750000e+04  -1.260173320770264e+00  3.146103024482727e-02  -6.074386183172464e-03
  1.965000033378601e+00  -1.266017700000000e+07  2.147602500000000e+06  1.238487187500000e+05  -1.421552500000000e+07  -8.157637500000000e+04  1.925586132812500e+04  -1.256408572196960e+00  3.462047874927521e-02  -5.827710498124361e-03
  1.970000028610229e+00  -1.267135000000000e+07  2.235740750000000e+06  1.464546250000000e+05  -1.426517100000000e+07  -8.422293750000000e+04  1.156564843750000e+04  -1.251210331916809e+00  3.657977283000946e-02  -5.473867524415255e-03
  1.975000023841858e+00  -1.266271900000000e+07  2.312565750000000e+06  1.674293593750000e+05  -1.431002800000000e+07  -8.627883593750000e+04  5.519867187500000e+03  -1.244596242904663e+00  3.732089698314667e-02  -5.139127373695374e-03
  1.980000019073486e+00  -1.263830500000000e+07  2.374797000000000e+06  1.870171562500000e+05  -1.434871400000000e+07  -8.644449218750000e+04  -1.807028930664062e+03  -1.236763834953308e+00  3.687980398535728e-02  -4.667642991989851e-03
  1.985000014305115e+00  -1.259679800000000e+07  2.424155750000000e+06  2.051445000000000e+05  -1.438247000000000e+07  -8.536863281250000e+04  -8.860480468750000e+03  -1.227702498435974e+00  3.521283343434334e-02  -4.159848205745220e-03
  1.990000009536743e+00  -1.253818300000000e+07  2.463736750000000e+06  2.214796250000000e+05  -1.441368400000000e+07  -8.432260937500000e+04  -1.403313769531250e+04  -1.217639684677124e+00  3.246492892503738e-02  -3.793619805946946e-03
  1.995000004768372e+00  -1.246567100000000e+07  2.488273000000000e+06  2.365841406250000e+05  -1.443968400000000e+07  -8.118642187500000e+04  -2.008087109375000e+04  -1.206505656242371e+00  2.842565439641476e-02  -3.292490262538195e-03
  2.000000000000000e+00  -1.237960100000000e+07  2.500832750000000e+06  2.499405312500000e+05  -1.446273900000000e+07  -7.711246875000000e+04  -2.547075781250000e+04  -1.194505929946899e+00  2.322504855692387e-02  -2.802805742248893e-03
  2.005000114440918e+00  -1.228155400000000e+07  2.503672750000000e+06  2.610637343750000e+05  -1.448504000000000e+07  -7.289179687500000e+04  -2.946607031250000e+04  -1.181891798973083e+00  1.701602712273598e-02  -2.434418769553304e-03
  2.009999990463257e+00  -1.217331500000000e+07  2.493585500000000e+06  2.703009375000000e+05  -1.450472200000000e+07  -6.726372656250000e+04  -3.327398828125000e+04  -1.168600797653198e+00  9.640519507229328e-03  -1.987889176234603e-03
  2.015000104904175e+00  -1.205659600000000e+07  2.472953000000000e+06  2.770727812500000e+05  -1.452400400000000e+07  -6.098214062500000e+04  -3.611444921875000e+04  -1.154880762100220e+00  1.253217691555619e-03  -1.542653306387365e-03
  2.019999980926514e+00  -1.193327900000000e+07  2.445715000000000e+06  2.807483437500000e+05  -1.454656400000000e+07  -5.526670703125000e+04  -3.750182812500000e+04  -1.141096591949463e+00  -7.860064506530762e-03  -1.302725635468960e-03
  2.025000095367432e+00  -1.180465500000000e+07  2.406038750000000e+06  2.821088437500000e+05  -1.456776600000000e+07  -4.802931250000000e+04  -3.851360937500000e+04  -1.126951932907104e+00  -1.804897002875805e-02  -8.609329815953970e-04
  2.029999971389771e+00  -1.167242900000000e+07  2.357970750000000e+06  2.804644062500000e+05  -1.459108900000000e+07  -4.047077343750000e+04  -3.850742187500000e+04  -1.112813949584961e+00  -2.903463691473007e-02  -4.104652907699347e-04
  2.035000085830688e+00  -1.153793200000000e+07  2.302359500000000e+06  2.757962500000000e+05  -1.461732100000000e+07  -3.271181445312500e+04  -3.749491015625000e+04  -1.098809719085693e+00  -4.073998704552650e-02  4.986068233847618e-05
  2.039999961853027e+00  -1.140193700000000e+07  2.242820000000000e+06  2.679256562500000e+05  -1.465006600000000e+07  -2.570597460937500e+04  -3.577697265625000e+04  -1.085198760032654e+00  -5.290503054857254e-02  3.057715366594493e-04
  2.045000076293945e+00  -1.126589200000000e+07  2.174842250000000e+06  2.577689531250000e+05  -1.468432700000000e+07  -1.800362109375000e+04  -3.299421484375000e+04  -1.071772813796997e+00  -6.579506397247314e-02  7.583955302834511e-04
  2.049999952316284e+00  -1.113044100000000e+07  2.102119750000000e+06  2.450158593750000e+05  -1.472351200000000e+07  -1.054795507812500e+04  -2.929200976562500e+04  -1.058788418769836e+00  -7.916420698165894e-02  1.191418967209756e-03
  2.055000066757202e+00  -1.099617000000000e+07  2.025547125000000e+06  2.298775781250000e+05  -1.476813700000000e+07  -3.498786621093750e+03  -2.472044726562500e+04  -1.046307563781738e+00  -9.293902665376663e-02  1.582073746249080e-03
  2.059999942779541e+00  -1.086268600000000e+07  1.947303625000000e+06  2.122904375000000e+05  -1.482085500000000e+07  2.627289794921875e+03  -2.002886132812500e+04  -1.034391164779663e+00  -1.069389581680298e-01  1.738958526402712e-03
  2.065000057220459e+00  -1.073223400000000e+07  1.865147000000000e+06  1.930968906250000e+05  -1.487724000000000e+07  8.491835937500000e+03  -1.407393847656250e+04  -1.023001432418823e+00  -1.213044524192810e-01  1.983573427423835e-03
  2.069999933242798e+00  -1.060440800000000e+07  1.781275125000000e+06  1.719772500000000e+05  -1.493987700000000e+07  1.362729785156250e+04  -7.531539062500000e+03  -1.012190580368042e+00  -1.358745396137238e-01  2.124441787600517e-03
  2.075000047683716e+00  -1.047957200000000e+07  1.696223375000000e+06  1.490446875000000e+05  -1.500880400000000e+07  1.799256054687500e+04  -5.586486206054688e+02  -1.001946091651917e+00  -1.505868732929230e-01  2.148990752175450e-03
  2.079999923706055e+00  -1.035690200000000e+07  1.610419875000000e+06  1.244377890625000e+05  -1.508514300000000e+07  2.170646875000000e+04  5.914538574218750e+03  -9.921932816505432e-01  -1.653197705745697e-01  1.981781562790275e-03
  2.085000038146973e+00  -1.023920900000000e+07  1.523951875000000e+06  9.827640625000000e+04  -1.516597800000000e+07  2.459617578125000e+04  1.310921875000000e+04  -9.829978346824646e-01  -1.801350712776184e-01  1.796627650037408e-03
  2.089999914169312e+00  -1.012561800000000e+07  1.437366875000000e+06  7.048872656250000e+04  -1.525255400000000e+07  2.679007031250000e+04  2.011766210937500e+04  -9.742736816406250e-01  -1.949277967214584e-01  1.517129712738097e-03
  2.095000028610229e+00  -1.001521400000000e+07  1.350018750000000e+06  4.147167578125000e+04  -1.534480800000000e+07  2.871858203125000e+04  2.620608593750000e+04  -9.659196734428406e-01  -2.096153795719147e-01  1.151105738244951e-03
  2.099999904632568e+00  -9.910971000000000e+06  1.263541750000000e+06  1.071731054687500e+04  -1.544129900000000e+07  2.966908398437500e+04  3.220550390625000e+04  -9.580219388008118e-01  -2.242089211940765e-01  7.671441417187452e-04
  2.105000019073486e+00  -9.811766000000000e+06  1.177452125000000e+06  -2.150723046875000e+04  -1.554228400000000e+07  3.005888476562500e+04  3.743484765625000e+04  -9.504690170288086e-01  -2.386465370655060e-01  3.662217932287604e-04
  2.109999895095825e+00  -9.717875000000000e+06  1.091854000000000e+06  -5.511476562500000e+04  -1.564722200000000e+07  2.991542382812500e+04  4.175995703125000e+04  -9.432260990142822e-01  -2.528840303421021e-01  -2.660843711055350e-05
  2.115000009536743e+00  -9.629045000000000e+06  1.004982625000000e+06  -8.965919531250000e+04  -1.575438000000000e+07  2.987708984375000e+04  4.490824609375000e+04  -9.362537860870361e-01  -2.668165564537048e-01  -3.764554567169398e-04
  2.119999885559082e+00  -9.546966000000000e+06  9.202628750000000e+05  -1.257915546875000e+05  -1.586506100000000e+07  2.879047070312500e+04  4.731466015625000e+04  -9.295845031738281e-01  -2.805176079273224e-01  -6.928209331817925e-04
  2.125000000000000e+00  -9.471079000000000e+06  8.361512500000000e+05  -1.630015468750000e+05  -1.597794900000000e+07  2.725972070312500e+04  4.875121093750000e+04  -9.231706857681274e-01  -2.938953638076782e-01  -9.629050036892295e-04
  2.130000114440918e+00  -9.401712000000000e+06  7.526470625000000e+05  -2.011386562500000e+05  -1.609243600000000e+07  2.531427539062500e+04  4.928059375000000e+04  -9.170134067535400e-01  -3.069047629833221e-01  -1.189514063298702e-03
  2.134999990463257e+00  -9.339437000000000e+06  6.672815000000000e+05  -2.399969531250000e+05  -1.620547000000000e+07  2.377754882812500e+04  4.917859765625000e+04  -9.111388921737671e-01  -3.193949460983276e-01  -1.316389651037753e-03
  2.140000104904175e+00  -9.284393000000000e+06  5.848581875000000e+05  -2.794953437500000e+05  -1.632085900000000e+07  2.110693750000000e+04  4.833465625000000e+04  -9.055453538894653e-01  -3.315434753894806e-01  -1.451607444323599e-03
  2.144999980926514e+00  -9.236981000000000e+06  5.030221875000000e+05  -3.193872187500000e+05  -1.643595100000000e+07  1.812725000000000e+04  4.693901171875000e+04  -9.002544879913330e-01  -3.432018756866455e-01  -1.562125864438713e-03
  2.150000095367432e+00  -9.197638000000000e+06  4.216890312500000e+05  -3.595344062500000e+05  -1.655011300000000e+07  1.489404785156250e+04  4.511284375000000e+04  -8.952948451042175e-01  -3.543317019939423e-01  -1.652002683840692e-03
  2.154999971389771e+00  -9.167566000000000e+06  3.382530937500000e+05  -4.001543437500000e+05  -1.665960500000000e+07  1.217674023437500e+04  4.348346093750000e+04  -8.907164931297302e-01  -3.647535145282745e-01  -1.592522254213691e-03
  2.160000085830688e+00  -9.145967000000000e+06  2.577059687500000e+05  -4.407245312500000e+05  -1.676979200000000e+07  8.562591796875000e+03  4.120825390625000e+04  -8.865365386009216e-01  -3.747382164001465e-01  -1.621359377168119e-03
  2.164999961853027e+00  -9.133935000000000e+06  1.772800781250000e+05  -4.815721875000000e+05  -1.687718000000000e+07  4.905332519531250e+03  3.877926562500000e+04  -8.827978968620300e-01  -3.840978443622589e-01  -1.625375240109861e-03
  2.170000076293945e+00  -9.132956000000000e+06  9.441422656250000e+04  -5.233492187500000e+05  -1.697812000000000e+07  1.724798950195312e+03  3.693683203125000e+04  -8.795337080955505e-01  -3.926418721675873e-01  -1.467388123273849e-03
  2.174999952316284e+00  -9.141615000000000e+06  1.376508105468750e+04  -5.653983750000000e+05  -1.707808200000000e+07  -1.905145507812500e+03  3.441396875000000e+04  -8.768127560615540e-01  -4.007080495357513e-01  -1.406701863743365e-03
  2.180000066757202e+00  -9.161141000000000e+06  -6.744647656250000e+04  -6.083987500000000e+05  -1.717353400000000e+07  -5.363865234375000e+03  3.188111132812500e+04  -8.746491670608521e-01  -4.080851376056671e-01  -1.312972977757454e-03
  2.184999942779541e+00  -9.191787000000000e+06  -1.494560468750000e+05  -6.526076875000000e+05  -1.726390600000000e+07  -8.597669921875000e+03  2.937827343750000e+04  -8.730764389038086e-01  -4.147570431232452e-01  -1.185437897220254e-03
  2.190000057220459e+00  -9.234951000000000e+06  -2.340375781250000e+05  -6.986812500000000e+05  -1.734612600000000e+07  -1.159580175781250e+04  2.747964843750000e+04  -8.721142411231995e-01  -4.205869734287262e-01  -9.460322908125818e-04
  2.194999933242798e+00  -9.287893000000000e+06  -3.176591250000000e+05  -7.457876250000000e+05  -1.742507800000000e+07  -1.443939550781250e+04  2.500016015625000e+04  -8.718109726905823e-01  -4.258548319339752e-01  -7.803266053088009e-04
  2.200000047683716e+00  -9.351522000000000e+06  -4.023800625000000e+05  -7.944012500000000e+05  -1.749758800000000e+07  -1.701752539062500e+04  2.259709765625000e+04  -8.721479773521423e-01  -4.303931593894958e-01  -6.013369420543313e-04
  2.204999923706055e+00  -9.425259000000000e+06  -4.881488750000000e+05  -8.444020625000000e+05  -1.756325800000000e+07  -1.934099804687500e+04  2.027252539062500e+04  -8.731200695037842e-01  -4.342009425163269e-01  -4.194638459011912e-04
  2.210000038146973e+00  -9.510045000000000e+06  -5.756469375000000e+05  -8.961384375000000e+05  -1.762015200000000e+07  -2.165396289062500e+04  1.790629882812500e+04  -8.746941685676575e-01  -4.372416734695435e-01  -2.289216499775648e-04
  2.214999914169312e+00  -9.601326000000000e+06  -6.626218750000000e+05  -9.482560625000000e+05  -1.767159800000000e+07  -2.355910156250000e+04  1.548826953125000e+04  -8.768724799156189e-01  -4.396464526653290e-01  -8.738415635889396e-05
  2.220000028610229e+00  -9.699543000000000e+06  -7.500930000000000e+05  -1.000945062500000e+06  -1.771541600000000e+07  -2.522698828125000e+04  1.311002539062500e+04  -8.795834779739380e-01  -4.413442909717560e-01  2.625761953822803e-05
  2.224999904632568e+00  -9.803278000000000e+06  -8.377570000000000e+05  -1.053874250000000e+06  -1.775148200000000e+07  -2.664813671875000e+04  1.073780273437500e+04  -8.827660083770752e-01  -4.423523545265198e-01  1.045913886628114e-04
  2.230000019073486e+00  -9.913115000000000e+06  -9.254146875000000e+05  -1.107558875000000e+06  -1.777933000000000e+07  -2.792950000000000e+04  7.561006835937500e+03  -8.862937092781067e-01  -4.427435696125031e-01  1.274662354262546e-04
  2.234999895095825e+00  -1.002291500000000e+07  -1.011915187500000e+06  -1.159942250000000e+06  -1.780014600000000e+07  -2.880081835937500e+04  5.039083007812500e+03  -8.901720643043518e-01  -4.424620866775513e-01  1.231458008987829e-04
  2.240000009536743e+00  -1.013315700000000e+07  -1.097452375000000e+06  -1.211577750000000e+06  -1.781320200000000e+07  -2.934958984375000e+04  2.517002441406250e+03  -8.942621350288391e-01  -4.415513873100281e-01  8.344581874553114e-05
  2.244999885559082e+00  -1.024431200000000e+07  -1.181462125000000e+06  -1.262930750000000e+06  -1.781906000000000e+07  -2.945064257812500e+04  -1.063057739257812e+03  -8.983861207962036e-01  -4.401467442512512e-01  -6.552700597239891e-06
  2.250000000000000e+00  -1.034982200000000e+07  -1.263195625000000e+06  -1.311918375000000e+06  -1.781748400000000e+07  -2.927493164062500e+04  -3.567718261718750e+03  -9.025824069976807e-01  -4.380733072757721e-01  -9.787328599486500e-05
  2.255000114440918e+00  -1.045047000000000e+07  -1.342544250000000e+06  -1.359139500000000e+06  -1.780870600000000e+07  -2.871441015625000e+04  -5.991724121093750e+03  -9.066832065582275e-01  -4.354432821273804e-01  -1.982641260838136e-04
  2.259999990463257e+00  -1.054469700000000e+07  -1.419010500000000e+06  -1.404229625000000e+06  -1.779303000000000e+07  -2.776637890625000e+04  -8.307867187500000e+03  -9.105904102325439e-01  -4.322870075702667e-01  -2.947011671494693e-04
  2.265000104904175e+00  -1.063267000000000e+07  -1.491262500000000e+06  -1.447087750000000e+06  -1.777251000000000e+07  -2.616618750000000e+04  -1.152193261718750e+04  -9.141495227813721e-01  -4.288017749786377e-01  -4.136103671044111e-04
  2.269999980926514e+00  -1.070948900000000e+07  -1.560239625000000e+06  -1.486533000000000e+06  -1.774470800000000e+07  -2.452388671875000e+04  -1.336473828125000e+04  -9.174194931983948e-01  -4.246839582920074e-01  -4.837322921957821e-04
  2.275000095367432e+00  -1.077619700000000e+07  -1.625103500000000e+06  -1.522730875000000e+06  -1.771129400000000e+07  -2.256122851562500e+04  -1.494079003906250e+04  -9.202730059623718e-01  -4.201262295246124e-01  -5.214125849306583e-04
  2.279999971389771e+00  -1.083202600000000e+07  -1.685500500000000e+06  -1.555359750000000e+06  -1.767279800000000e+07  -2.031328125000000e+04  -1.621671484375000e+04  -9.226669073104858e-01  -4.151623547077179e-01  -5.204005283303559e-04
  2.285000085830688e+00  -1.087740600000000e+07  -1.739818625000000e+06  -1.584312375000000e+06  -1.763220400000000e+07  -1.756262304687500e+04  -1.807637695312500e+04  -9.245786070823669e-01  -4.100239574909210e-01  -5.567925400100648e-04
  2.289999961853027e+00  -1.091005300000000e+07  -1.790567375000000e+06  -1.609108875000000e+06  -1.758561000000000e+07  -1.495891699218750e+04  -1.854983007812500e+04  -9.259959459304810e-01  -4.043445587158203e-01  -4.912127042189240e-04
  2.295000076293945e+00  -1.093136300000000e+07  -1.836425125000000e+06  -1.629970500000000e+06  -1.753569000000000e+07  -1.218864843750000e+04  -1.869994726562500e+04  -9.269249439239502e-01  -3.983607888221741e-01  -3.853603266179562e-04
  2.299999952316284e+00  -1.094173800000000e+07  -1.877350750000000e+06  -1.646993875000000e+06  -1.748314400000000e+07  -9.292015625000000e+03  -1.856272265625000e+04  -9.273886680603027e-01  -3.921089768409729e-01  -2.449119056109339e-04
  2.305000066757202e+00  -1.094244800000000e+07  -1.912072125000000e+06  -1.660579875000000e+06  -1.743092400000000e+07  -6.429534667968750e+03  -1.876823437500000e+04  -9.275272488594055e-01  -3.858174383640289e-01  -1.924154930748045e-04
  2.309999942779541e+00  -1.093328700000000e+07  -1.943676750000000e+06  -1.670564000000000e+06  -1.737496400000000e+07  -3.586960693359375e+03  -1.797729492187500e+04  -9.271737337112427e-01  -3.791235685348511e-01  -9.326184226665646e-06
  2.315000057220459e+00  -1.091614000000000e+07  -1.970776375000000e+06  -1.677621125000000e+06  -1.731815600000000e+07  -7.760465087890625e+02  -1.704396289062500e+04  -9.264865517616272e-01  -3.722663223743439e-01  1.892955478979275e-04
  2.319999933242798e+00  -1.089236400000000e+07  -1.993534125000000e+06  -1.682161125000000e+06  -1.726108400000000e+07  1.917350830078125e+03  -1.601661621093750e+04  -9.255257844924927e-01  -3.652803599834442e-01  3.949646488763392e-04
  2.325000047683716e+00  -1.086353500000000e+07  -2.011135125000000e+06  -1.684367250000000e+06  -1.720596600000000e+07  3.774320068359375e+03  -1.500982226562500e+04  -9.245453476905823e-01  -3.583360016345978e-01  4.848432727158070e-04
  2.329999923706055e+00  -1.083086800000000e+07  -2.026247875000000e+06  -1.684905125000000e+06  -1.714962000000000e+07  5.867069824218750e+03  -1.371503027343750e+04  -9.232174754142761e-01  -3.511633872985840e-01  6.956704892218113e-04
  2.335000038146973e+00  -1.079605500000000e+07  -2.037606375000000e+06  -1.684117500000000e+06  -1.709434200000000e+07  7.575919921875000e+03  -1.245106933593750e+04  -9.218156337738037e-01  -3.439503610134125e-01  8.973766234703362e-04
  2.339999914169312e+00  -1.076025200000000e+07  -2.044376750000000e+06  -1.681766875000000e+06  -1.704156400000000e+07  8.009766113281250e+03  -1.096865722656250e+04  -9.206435084342957e-01  -3.367865681648254e-01  9.760555112734437e-04
  2.345000028610229e+00  -1.072531700000000e+07  -2.049090000000000e+06  -1.679095000000000e+06  -1.698913600000000e+07  8.729283203125000e+03  -9.623858398437500e+03  -9.192585349082947e-01  -3.295306563377380e-01  1.158375176601112e-03
  2.349999904632568e+00  -1.069215900000000e+07  -2.050374875000000e+06  -1.675949750000000e+06  -1.693858400000000e+07  8.850594726562500e+03  -8.331165039062500e+03  -9.179957509040833e-01  -3.222930431365967e-01  1.315181609243155e-03
  2.355000019073486e+00  -1.066175500000000e+07  -2.048275125000000e+06  -1.672499125000000e+06  -1.689012000000000e+07  8.316175781250000e+03  -7.052831054687500e+03  -9.169144630432129e-01  -3.150823712348938e-01  1.439337967894971e-03
  2.359999895095825e+00  -1.063450900000000e+07  -2.042424125000000e+06  -1.668153000000000e+06  -1.684408200000000e+07  6.739709472656250e+03  -5.091132324218750e+03  -9.162088036537170e-01  -3.078679740428925e-01  1.455508638173342e-03
  2.365000009536743e+00  -1.061201700000000e+07  -2.033944250000000e+06  -1.664482250000000e+06  -1.679977200000000e+07  5.168020507812500e+03  -3.645451660156250e+03  -9.155588746070862e-01  -3.007025420665741e-01  1.525371451862156e-03
  2.369999885559082e+00  -1.059418000000000e+07  -2.021977125000000e+06  -1.660832750000000e+06  -1.675775200000000e+07  3.026182128906250e+03  -2.091370849609375e+03  -9.152032136917114e-01  -2.935705184936523e-01  1.549943117424846e-03
  2.375000000000000e+00  -1.058127700000000e+07  -2.006455500000000e+06  -1.657225375000000e+06  -1.671804900000000e+07  3.929677124023438e+02  -3.584195861816406e+02  -9.151535034179688e-01  -2.864643931388855e-01  1.526691950857639e-03
  2.380000114440918e+00  -1.057286400000000e+07  -1.987224375000000e+06  -1.653054875000000e+06  -1.668025600000000e+07  -2.249678955078125e+03  2.388481689453125e+03  -9.153831601142883e-01  -2.792739868164062e-01  1.454503159038723e-03
  2.384999990463257e+00  -1.057019000000000e+07  -1.964451250000000e+06  -1.649607000000000e+06  -1.664480700000000e+07  -5.255455566406250e+03  4.539135253906250e+03  -9.158692359924316e-01  -2.721847295761108e-01  1.376932836137712e-03
  2.390000104904175e+00  -1.057247500000000e+07  -1.937744750000000e+06  -1.646142875000000e+06  -1.661158500000000e+07  -8.408976562500000e+03  6.945899902343750e+03  -9.166275858879089e-01  -2.650965154170990e-01  1.260131946764886e-03
  2.394999980926514e+00  -1.057952500000000e+07  -1.907011625000000e+06  -1.642592625000000e+06  -1.658049700000000e+07  -1.157367285156250e+04  9.609707031250000e+03  -9.176222085952759e-01  -2.580016851425171e-01  1.111705903895199e-03
  2.400000095367432e+00  -1.058957300000000e+07  -1.872102500000000e+06  -1.638516125000000e+06  -1.655086800000000e+07  -1.375110253906250e+04  1.304223339843750e+04  -9.186868667602539e-01  -2.507913708686829e-01  1.016710535623133e-03
  2.404999971389771e+00  -1.060483700000000e+07  -1.833026750000000e+06  -1.634676625000000e+06  -1.652368100000000e+07  -1.643742773437500e+04  1.593426660156250e+04  -9.200370311737061e-01  -2.436769604682922e-01  8.558845729567111e-04
  2.410000085830688e+00  -1.062353000000000e+07  -1.789676125000000e+06  -1.630483875000000e+06  -1.649847100000000e+07  -1.881362695312500e+04  1.892011718750000e+04  -9.215236306190491e-01  -2.365559935569763e-01  6.828122423030436e-04
  2.414999961853027e+00  -1.064294500000000e+07  -1.742288250000000e+06  -1.625855250000000e+06  -1.647465100000000e+07  -1.985394921875000e+04  2.217817382812500e+04  -9.229547977447510e-01  -2.293646037578583e-01  6.119206664152443e-04
  2.420000076293945e+00  -1.066639300000000e+07  -1.690508500000000e+06  -1.620908125000000e+06  -1.645308400000000e+07  -2.132094140625000e+04  2.495464648437500e+04  -9.246459007263184e-01  -2.222626209259033e-01  4.357813159003854e-04
  2.424999952316284e+00  -1.069122300000000e+07  -1.634643250000000e+06  -1.615404375000000e+06  -1.643340000000000e+07  -2.227026757812500e+04  2.761058593750000e+04  -9.263997673988342e-01  -2.151887714862823e-01  2.480918192304671e-04
  2.430000066757202e+00  -1.071667000000000e+07  -1.574881750000000e+06  -1.609323250000000e+06  -1.641557200000000e+07  -2.264696289062500e+04  3.009450195312500e+04  -9.281975626945496e-01  -2.081594765186310e-01  4.678602999774739e-05
  2.434999942779541e+00  -1.074000900000000e+07  -1.512382375000000e+06  -1.603399000000000e+06  -1.639886700000000e+07  -2.171890429687500e+04  3.216722070312500e+04  -9.298744797706604e-01  -2.011766731739044e-01  -4.653506766771898e-05
  2.440000057220459e+00  -1.076471600000000e+07  -1.445733375000000e+06  -1.596465125000000e+06  -1.638458300000000e+07  -2.103326953125000e+04  3.407569531250000e+04  -9.317561984062195e-01  -1.943034678697586e-01  -2.957448887173086e-04
  2.444999933242798e+00  -1.078809300000000e+07  -1.376138750000000e+06  -1.589114625000000e+06  -1.637212100000000e+07  -1.979743945312500e+04  3.574063281250000e+04  -9.336437582969666e-01  -1.875366419553757e-01  -5.726746167056262e-04
  2.450000047683716e+00  -1.080960500000000e+07  -1.304025625000000e+06  -1.581456375000000e+06  -1.636144900000000e+07  -1.805871875000000e+04  3.714168750000000e+04  -9.355246424674988e-01  -1.808977723121643e-01  -8.762534707784653e-04
  2.454999923706055e+00  -1.082801200000000e+07  -1.231347125000000e+06  -1.574561250000000e+06  -1.635154400000000e+07  -1.570292871093750e+04  3.763675781250000e+04  -9.372474551200867e-01  -1.744351685047150e-01  -1.083611976355314e-03
  2.460000038146973e+00  -1.084511000000000e+07  -1.155632250000000e+06  -1.566682250000000e+06  -1.634422600000000e+07  -1.339115429687500e+04  3.824603125000000e+04  -9.391050338745117e-01  -1.681185364723206e-01  -1.435111160390079e-03
  2.464999914169312e+00  -1.085943000000000e+07  -1.078855250000000e+06  -1.558776125000000e+06  -1.633852100000000e+07  -1.086324316406250e+04  3.842102734375000e+04  -9.409105777740479e-01  -1.619900614023209e-01  -1.786506501957774e-03
  2.470000028610229e+00  -1.087076700000000e+07  -1.001525250000000e+06  -1.550900000000000e+06  -1.633434100000000e+07  -8.234323242187500e+03  3.805001953125000e+04  -9.426529407501221e-01  -1.560666859149933e-01  -2.120997756719589e-03
  2.474999904632568e+00  -1.087955300000000e+07  -9.258332500000000e+05  -1.543908875000000e+06  -1.633040400000000e+07  -5.796025390625000e+03  3.634389453125000e+04  -9.442092180252075e-01  -1.503908783197403e-01  -2.368280431255698e-03
  2.480000019073486e+00  -1.088474400000000e+07  -8.488143750000000e+05  -1.536134250000000e+06  -1.632891300000000e+07  -3.404321044921875e+03  3.457746484375000e+04  -9.458284378051758e-01  -1.449120044708252e-01  -2.655019983649254e-03
  2.484999895095825e+00  -1.088623300000000e+07  -7.726643750000000e+05  -1.528322250000000e+06  -1.632860600000000e+07  -1.204518188476562e+03  3.201193359375000e+04  -9.473711252212524e-01  -1.396718770265579e-01  -2.886855276301503e-03
  2.490000009536743e+00  -1.088508200000000e+07  -6.993543750000000e+05  -1.521162250000000e+06  -1.632828000000000e+07  5.266660156250000e+02  2.832408984375000e+04  -9.487525820732117e-01  -1.346728205680847e-01  -3.073889529332519e-03
  2.494999885559082e+00  -1.087813200000000e+07  -6.258754375000000e+05  -1.512997125000000e+06  -1.633010900000000e+07  2.081742431640625e+03  2.428030468750000e+04  -9.502155780792236e-01  -1.299087405204773e-01  -3.218253841623664e-03
  2.500000000000000e+00  -1.086582000000000e+07  -5.542285000000000e+05  -1.504409875000000e+06  -1.633285800000000e+07  3.291761962890625e+03  1.956441796875000e+04  -9.516664147377014e-01  -1.253841221332550e-01  -3.307161154225469e-03
  2.505000114440918e+00  -1.084835500000000e+07  -4.851868437500000e+05  -1.495590625000000e+06  -1.633599500000000e+07  4.036821044921875e+03  1.441945996093750e+04  -9.531231522560120e-01  -1.210739389061928e-01  -3.386126598343253e-03
  2.509999990463257e+00  -1.082262200000000e+07  -4.173816250000000e+05  -1.485450125000000e+06  -1.634060200000000e+07  4.477024902343750e+03  8.941332031250000e+03  -9.547106027603149e-01  -1.169936805963516e-01  -3.399461973458529e-03
  2.515000104904175e+00  -1.078858200000000e+07  -3.515993437500000e+05  -1.474199375000000e+06  -1.634610100000000e+07  4.546267089843750e+03  3.399723632812500e+03  -9.564540386199951e-01  -1.131152287125587e-01  -3.386201569810510e-03
  2.519999980926514e+00  -1.074639300000000e+07  -2.878768750000000e+05  -1.461602500000000e+06  -1.635204900000000e+07  4.120308105468750e+03  -1.567837768554688e+03  -9.584367275238037e-01  -1.093651577830315e-01  -3.422067034989595e-03
  2.525000095367432e+00  -1.069162100000000e+07  -2.251819218750000e+05  -1.446690875000000e+06  -1.635968700000000e+07  3.469578613281250e+03  -6.528617675781250e+03  -9.607404470443726e-01  -1.058259308338165e-01  -3.361505689099431e-03
  2.529999971389771e+00  -1.062470300000000e+07  -1.638534218750000e+05  -1.429471375000000e+06  -1.636843200000000e+07  2.519386474609375e+03  -1.091198535156250e+04  -9.634217619895935e-01  -1.024219468235970e-01  -3.275052877143025e-03
  2.535000085830688e+00  -1.054445800000000e+07  -1.035313906250000e+05  -1.409508875000000e+06  -1.637840700000000e+07  1.316789916992188e+03  -1.456111816406250e+04  -9.665541648864746e-01  -9.912499040365219e-02  -3.157379105687141e-03
  2.539999961853027e+00  -1.045071700000000e+07  -4.338466015625000e+04  -1.385975875000000e+06  -1.638962300000000e+07  -8.281493377685547e+01  -1.715896093750000e+04  -9.702822566032410e-01  -9.586761146783829e-02  -3.051406703889370e-03
  2.545000076293945e+00  -1.034084200000000e+07  1.612069433593750e+04  -1.359156625000000e+06  -1.640252200000000e+07  -1.672493041992188e+03  -1.911822460937500e+04  -9.745046496391296e-01  -9.271229803562164e-02  -2.846868475899100e-03
  2.549999952316284e+00  -1.021553000000000e+07  7.545771093750000e+04  -1.328649125000000e+06  -1.641692600000000e+07  -3.360499267578125e+03  -2.015992773437500e+04  -9.793170094490051e-01  -8.958572894334793e-02  -2.592590171843767e-03
  2.555000066757202e+00  -1.007474100000000e+07  1.347509687500000e+05  -1.294359500000000e+06  -1.643288200000000e+07  -5.088471679687500e+03  -2.029775195312500e+04  -9.847302436828613e-01  -8.646877110004425e-02  -2.285801805555820e-03
  2.559999942779541e+00  -9.919208000000000e+06  1.943494531250000e+05  -1.255935750000000e+06  -1.645053500000000e+07  -6.756575195312500e+03  -1.973013476562500e+04  -9.908763170242310e-01  -8.335746824741364e-02  -1.982317306101322e-03
  2.565000057220459e+00  -9.748709000000000e+06  2.533715000000000e+05  -1.214290875000000e+06  -1.646967100000000e+07  -8.507842773437500e+03  -1.819614257812500e+04  -9.974479675292969e-01  -8.024309575557709e-02  -1.585468649864197e-03
  2.569999933242798e+00  -9.564978000000000e+06  3.118558750000000e+05  -1.169520250000000e+06  -1.649020900000000e+07  -1.017307226562500e+04  -1.588292187500000e+04  -1.004529833793640e+00  -7.711911201477051e-02  -1.156470039859414e-03
  2.575000047683716e+00  -9.369433000000000e+06  3.694174062500000e+05  -1.122109125000000e+06  -1.651202900000000e+07  -1.172793164062500e+04  -1.283721679687500e+04  -1.012058138847351e+00  -7.399192452430725e-02  -7.105621043592691e-04
  2.579999923706055e+00  -9.163522000000000e+06  4.256277812500000e+05  -1.072336625000000e+06  -1.653536400000000e+07  -1.316623828125000e+04  -9.601869140625000e+03  -1.020135283470154e+00  -7.093095779418945e-02  -3.218163619749248e-04
  2.585000038146973e+00  -8.949326000000000e+06  4.798612812500000e+05  -1.021342125000000e+06  -1.655936900000000e+07  -1.453832910156250e+04  -5.295122070312500e+03  -1.028311848640442e+00  -6.784184277057648e-02  1.104741895687766e-04
  2.589999914169312e+00  -8.728957000000000e+06  5.315790000000000e+05  -9.696911250000000e+05  -1.658408300000000e+07  -1.575745703125000e+04  -4.658034667968750e+02  -1.036675333976746e+00  -6.479340791702271e-02  5.122366710565984e-04
  2.595000028610229e+00  -8.503921000000000e+06  5.801042500000000e+05  -9.179285000000000e+05  -1.660983400000000e+07  -1.679911523437500e+04  4.102542968750000e+03  -1.045310139656067e+00  -6.187853962182999e-02  8.259330061264336e-04
  2.599999904632568e+00  -8.277438000000000e+06  6.250967500000000e+05  -8.671601250000000e+05  -1.663536900000000e+07  -1.774381250000000e+04  9.624644531250000e+03  -1.053725719451904e+00  -5.896968394517899e-02  1.145334099419415e-03
  2.605000019073486e+00  -8.051223500000000e+06  6.659275000000000e+05  -8.180595625000000e+05  -1.666088200000000e+07  -1.850892773437500e+04  1.526508691406250e+04  -1.062023997306824e+00  -5.616182461380959e-02  1.414492609910667e-03
  2.609999895095825e+00  -7.827351500000000e+06  7.021574375000000e+05  -7.713720625000000e+05  -1.668610100000000e+07  -1.910477148437500e+04  2.082812500000000e+04  -1.070105195045471e+00  -5.347302183508873e-02  1.635893248021603e-03
  2.615000009536743e+00  -7.607276500000000e+06  7.334132500000000e+05  -7.277962500000000e+05  -1.671168000000000e+07  -1.949788085937500e+04  2.552630468750000e+04  -1.077953696250916e+00  -5.094760656356812e-02  1.786670065484941e-03
  2.619999885559082e+00  -7.394086000000000e+06  7.594941250000000e+05  -6.881850000000000e+05  -1.673568800000000e+07  -1.976047265625000e+04  3.037613867187500e+04  -1.085258364677429e+00  -4.850883781909943e-02  1.942650065757334e-03
  2.625000000000000e+00  -7.188761000000000e+06  7.802401250000000e+05  -6.530300000000000e+05  -1.675870600000000e+07  -1.988826171875000e+04  3.451442187500000e+04  -1.092064261436462e+00  -4.620994254946709e-02  2.077778801321983e-03
  2.630000114440918e+00  -6.992745500000000e+06  7.956390625000000e+05  -6.228481250000000e+05  -1.678055400000000e+07  -1.992230078125000e+04  3.773922265625000e+04  -1.098293662071228e+00  -4.404545947909355e-02  2.203730167821050e-03
  2.634999990463257e+00  -6.807338000000000e+06  8.061715000000000e+05  -5.983634375000000e+05  -1.680215400000000e+07  -1.978295312500000e+04  3.985805859375000e+04  -1.103794455528259e+00  -4.195685312151909e-02  2.294326201081276e-03
  2.640000104904175e+00  -6.633436000000000e+06  8.114405625000000e+05  -5.792931250000000e+05  -1.682120600000000e+07  -1.970340429687500e+04  4.100124609375000e+04  -1.108633041381836e+00  -4.000335186719894e-02  2.426106715574861e-03
  2.644999980926514e+00  -6.471517000000000e+06  8.120893750000000e+05  -5.659542500000000e+05  -1.683869000000000e+07  -1.968126953125000e+04  4.089873828125000e+04  -1.112740755081177e+00  -3.813931718468666e-02  2.566612325608730e-03
  2.650000095367432e+00  -6.321827500000000e+06  8.085796250000000e+05  -5.582978750000000e+05  -1.685455000000000e+07  -1.978460351562500e+04  3.954548046875000e+04  -1.116095185279846e+00  -3.634032234549522e-02  2.714098896831274e-03
  2.654999971389771e+00  -6.185156000000000e+06  8.021680625000000e+05  -5.568513125000000e+05  -1.686974400000000e+07  -1.978526171875000e+04  3.754469921875000e+04  -1.118469715118408e+00  -3.448552638292313e-02  2.806268632411957e-03
  2.660000085830688e+00  -6.059620500000000e+06  7.920506250000000e+05  -5.598588125000000e+05  -1.688227200000000e+07  -2.023471289062500e+04  3.406652343750000e+04  -1.120324254035950e+00  -3.275066241621971e-02  2.938226098194718e-03
  2.664999961853027e+00  -5.945243500000000e+06  7.794854375000000e+05  -5.675300625000000e+05  -1.689325400000000e+07  -2.097692773437500e+04  2.966577734375000e+04  -1.121490836143494e+00  -3.101909533143044e-02  3.044222947210073e-03
  2.670000076293945e+00  -5.842196500000000e+06  7.656925625000000e+05  -5.804815000000000e+05  -1.690341000000000e+07  -2.161258398437500e+04  2.517922656250000e+04  -1.121737241744995e+00  -2.917469851672649e-02  3.048087004572153e-03
  2.674999952316284e+00  -5.747240000000000e+06  7.498953750000000e+05  -5.958390625000000e+05  -1.691144000000000e+07  -2.294978320312500e+04  1.959823046875000e+04  -1.121724247932434e+00  -2.742843702435493e-02  3.053500317037106e-03
  2.680000066757202e+00  -5.660126500000000e+06  7.331899375000000e+05  -6.141284375000000e+05  -1.691832400000000e+07  -2.462550195312500e+04  1.374988476562500e+04  -1.121240139007568e+00  -2.565757930278778e-02  2.983765210956335e-03
  2.684999942779541e+00  -5.579489500000000e+06  7.159338125000000e+05  -6.347571875000000e+05  -1.692423400000000e+07  -2.660504101562500e+04  7.891943359375000e+03  -1.120380282402039e+00  -2.386311441659927e-02  2.822713926434517e-03
  2.690000057220459e+00  -5.504974500000000e+06  6.984607500000000e+05  -6.585428750000000e+05  -1.692930800000000e+07  -2.825981250000000e+04  2.657718505859375e+03  -1.118999600410461e+00  -2.203252166509628e-02  2.524275332689285e-03
  2.694999933242798e+00  -5.433053500000000e+06  6.804776250000000e+05  -6.821952500000000e+05  -1.693360800000000e+07  -3.066282812500000e+04  -2.629502929687500e+03  -1.117719531059265e+00  -2.027272991836071e-02  2.172065200284123e-03
  2.700000047683716e+00  -5.363427000000000e+06  6.621877500000000e+05  -7.067024375000000e+05  -1.693752400000000e+07  -3.315217187500000e+04  -7.281122070312500e+03  -1.116360545158386e+00  -1.854382641613483e-02  1.710910815745592e-03
  2.704999923706055e+00  -5.294876000000000e+06  6.434221875000000e+05  -7.316999375000000e+05  -1.694122600000000e+07  -3.561119140625000e+04  -1.112473535156250e+04  -1.115017771720886e+00  -1.687897183001041e-02  1.143157598562539e-03
  2.710000038146973e+00  -5.226935500000000e+06  6.234294375000000e+05  -7.578081875000000e+05  -1.694406800000000e+07  -3.752385546875000e+04  -1.408010937500000e+04  -1.113677740097046e+00  -1.539279893040657e-02  4.964314284734428e-04
  2.714999914169312e+00  -5.157328000000000e+06  6.026215000000000e+05  -7.827984375000000e+05  -1.694751400000000e+07  -3.968680859375000e+04  -1.609437109375000e+04  -1.112650036811829e+00  -1.400261372327805e-02  -2.267575328005478e-04
  2.720000028610229e+00  -5.086011000000000e+06  5.802242500000000e+05  -8.075999375000000e+05  -1.695110400000000e+07  -4.148189453125000e+04  -1.702046093750000e+04  -1.111856818199158e+00  -1.279197633266449e-02  -1.018962124362588e-03
  2.724999904632568e+00  -5.012487000000000e+06  5.557379375000000e+05  -8.321216875000000e+05  -1.695486800000000e+07  -4.279882812500000e+04  -1.685294921875000e+04  -1.111344456672668e+00  -1.180560607463121e-02  -1.857912517152727e-03
  2.730000019073486e+00  -4.936365000000000e+06  5.280711250000000e+05  -8.562055000000000e+05  -1.695770000000000e+07  -4.362215234375000e+04  -1.600838964843750e+04  -1.111214518547058e+00  -1.120811142027378e-02  -2.653835574164987e-03
  2.734999895095825e+00  -4.857395500000000e+06  4.979671562500000e+05  -8.797972500000000e+05  -1.696174200000000e+07  -4.393924218750000e+04  -1.386139941406250e+04  -1.111379384994507e+00  -1.078091468662024e-02  -3.497842466458678e-03
  2.740000009536743e+00  -4.775742000000000e+06  4.644007812500000e+05  -9.030768750000000e+05  -1.696590000000000e+07  -4.360273828125000e+04  -1.081155371093750e+04  -1.111878156661987e+00  -1.067431550472975e-02  -4.314463119953871e-03
  2.744999885559082e+00  -4.691018000000000e+06  4.266212187500000e+05  -9.251996875000000e+05  -1.696903400000000e+07  -4.297135546875000e+04  -7.487126953125000e+03  -1.112883567810059e+00  -1.102825812995434e-02  -5.007539875805378e-03
  2.750000000000000e+00  -4.604347000000000e+06  3.852882500000000e+05  -9.477496875000000e+05  -1.697321200000000e+07  -4.148552734375000e+04  -3.063564697265625e+03  -1.114037513732910e+00  -1.159309595823288e-02  -5.688863340765238e-03
  2.755000114440918e+00  -4.515778000000000e+06  3.397972500000000e+05  -9.700970000000000e+05  -1.697723000000000e+07  -3.940516796875000e+04  1.823215820312500e+03  -1.115473031997681e+00  -1.250812597572803e-02  -6.268921308219433e-03
  2.759999990463257e+00  -4.425698000000000e+06  2.901321562500000e+05  -9.922513750000000e+05  -1.698093800000000e+07  -3.680874218750000e+04  6.993569824218750e+03  -1.117162346839905e+00  -1.376649085432291e-02  -6.725456565618515e-03
  2.765000104904175e+00  -4.333283500000000e+06  2.362319843750000e+05  -1.012876187500000e+06  -1.698363000000000e+07  -3.434704296875000e+04  1.175068652343750e+04  -1.119306087493896e+00  -1.540001388639212e-02  -7.005917374044657e-03
  2.769999980926514e+00  -4.241040500000000e+06  1.787657031250000e+05  -1.034492000000000e+06  -1.698659800000000e+07  -3.107166601562500e+04  1.702055859375000e+04  -1.121390104293823e+00  -1.724269986152649e-02  -7.191054522991180e-03
  2.775000095367432e+00  -4.148365250000000e+06  1.178244062500000e+05  -1.055787750000000e+06  -1.698893600000000e+07  -2.760362695312500e+04  2.208691210937500e+04  -1.123618841171265e+00  -1.934602856636047e-02  -7.221416104584932e-03
  2.779999971389771e+00  -4.055544000000000e+06  5.385115625000000e+04  -1.076672250000000e+06  -1.699059000000000e+07  -2.407909179687500e+04  2.679963671875000e+04  -1.125957250595093e+00  -2.166528999805450e-02  -7.095832843333483e-03
  2.785000085830688e+00  -3.961702750000000e+06  -1.296486621093750e+04  -1.096237000000000e+06  -1.699157200000000e+07  -2.085735351562500e+04  3.047148242187500e+04  -1.128561377525330e+00  -2.411813661456108e-02  -6.828275043517351e-03
  2.789999961853027e+00  -3.869340000000000e+06  -8.144030468750000e+04  -1.116125500000000e+06  -1.699197000000000e+07  -1.749662500000000e+04  3.412344921875000e+04  -1.130991816520691e+00  -2.668320387601852e-02  -6.425143685191870e-03
  2.795000076293945e+00  -3.777584000000000e+06  -1.512760156250000e+05  -1.135366625000000e+06  -1.699162200000000e+07  -1.441149902343750e+04  3.705043750000000e+04  -1.133430838584900e+00  -2.930330671370029e-02  -5.888307467103004e-03
  2.799999952316284e+00  -3.686649750000000e+06  -2.218467500000000e+05  -1.153912125000000e+06  -1.699057400000000e+07  -1.168991992187500e+04  3.915228906250000e+04  -1.135845184326172e+00  -3.191698715090752e-02  -5.232324823737144e-03
  2.805000066757202e+00  -3.596423500000000e+06  -2.932939375000000e+05  -1.171749375000000e+06  -1.698939800000000e+07  -8.980289062500000e+03  3.989466406250000e+04  -1.138279914855957e+00  -3.438411280512810e-02  -4.520788788795471e-03
  2.809999942779541e+00  -3.508067000000000e+06  -3.635606875000000e+05  -1.188871875000000e+06  -1.698723200000000e+07  -7.001855957031250e+03  4.024614453125000e+04  -1.140514373779297e+00  -3.679924830794334e-02  -3.692015074193478e-03
  2.815000057220459e+00  -3.421322250000000e+06  -4.327710625000000e+05  -1.205251375000000e+06  -1.698456600000000e+07  -5.493346679687500e+03  3.963395312500000e+04  -1.142621636390686e+00  -3.903944417834282e-02  -2.798820845782757e-03
  2.819999933242798e+00  -3.336503000000000e+06  -5.003598125000000e+05  -1.220894125000000e+06  -1.698148600000000e+07  -4.443443359375000e+03  3.807741796875000e+04  -1.144563794136047e+00  -4.105182737112045e-02  -1.864106860011816e-03
  2.825000047683716e+00  -3.254560250000000e+06  -5.669013125000000e+05  -1.236271875000000e+06  -1.697861000000000e+07  -2.906958007812500e+03  3.556432421875000e+04  -1.146263360977173e+00  -4.271413385868073e-02  -9.802208514884114e-04
  2.829999923706055e+00  -3.174848750000000e+06  -6.298553750000000e+05  -1.250424750000000e+06  -1.697486200000000e+07  -2.596769775390625e+03  3.249658789062500e+04  -1.147737145423889e+00  -4.415881633758545e-02  -3.627153273555450e-05
  2.835000038146973e+00  -3.098123750000000e+06  -6.898882500000000e+05  -1.263916500000000e+06  -1.697088600000000e+07  -2.611813964843750e+03  2.877988867187500e+04  -1.148929357528687e+00  -4.526564851403236e-02  8.820403018034995e-04
  2.839999914169312e+00  -3.025884000000000e+06  -7.478469375000000e+05  -1.277481500000000e+06  -1.696705000000000e+07  -1.901324584960938e+03  2.483090039062500e+04  -1.149697780609131e+00  -4.595449566841125e-02  1.684327144175768e-03
  2.845000028610229e+00  -2.956549500000000e+06  -8.012436875000000e+05  -1.289822750000000e+06  -1.696254800000000e+07  -2.388654296875000e+03  2.044723828125000e+04  -1.150193214416504e+00  -4.634987562894821e-02  2.493575215339661e-03
  2.849999904632568e+00  -2.891448500000000e+06  -8.511422500000000e+05  -1.301839000000000e+06  -1.695785000000000e+07  -2.991331054687500e+03  1.592197363281250e+04  -1.150290012359619e+00  -4.636406153440475e-02  3.223440377041698e-03
  2.855000019073486e+00  -2.831027000000000e+06  -8.975575000000000e+05  -1.313718125000000e+06  -1.695293000000000e+07  -3.632870117187500e+03  1.144732226562500e+04  -1.149949431419373e+00  -4.599763453006744e-02  3.861288307234645e-03
  2.859999895095825e+00  -2.777160000000000e+06  -9.414611875000000e+05  -1.326439750000000e+06  -1.694756200000000e+07  -3.630947021484375e+03  7.708522460937500e+03  -1.149019002914429e+00  -4.526930302381516e-02  4.353704396635294e-03
  2.865000009536743e+00  -2.727597250000000e+06  -9.811688750000000e+05  -1.338856500000000e+06  -1.694180600000000e+07  -4.301279296875000e+03  3.783420410156250e+03  -1.147714138031006e+00  -4.420538991689682e-02  4.803716205060482e-03
  2.869999885559082e+00  -2.684055750000000e+06  -1.017923062500000e+06  -1.351995125000000e+06  -1.693558000000000e+07  -4.845564941406250e+03  2.925823059082031e+02  -1.145887136459351e+00  -4.280561581254005e-02  5.151403136551380e-03
  2.875000000000000e+00  -2.646935000000000e+06  -1.052044750000000e+06  -1.366158625000000e+06  -1.692876200000000e+07  -5.221814941406250e+03  -2.684877685546875e+03  -1.143519878387451e+00  -4.109717905521393e-02  5.399294663220644e-03
  2.880000114440918e+00  -2.617567000000000e+06  -1.083970125000000e+06  -1.382165625000000e+06  -1.692060000000000e+07  -5.429861328125000e+03  -4.658962402343750e+03  -1.140530347824097e+00  -3.918239846825600e-02  5.538346245884895e-03
  2.884999990463257e+00  -2.593977250000000e+06  -1.113508750000000e+06  -1.399079625000000e+06  -1.691203600000000e+07  -5.572150878906250e+03  -6.581454589843750e+03  -1.137082815170288e+00  -3.697077929973602e-02  5.617497954517603e-03
  2.890000104904175e+00  -2.577369000000000e+06  -1.141326125000000e+06  -1.417589125000000e+06  -1.690247400000000e+07  -5.493314941406250e+03  -7.914290039062500e+03  -1.133097767829895e+00  -3.454718738794327e-02  5.611116066575050e-03
  2.894999980926514e+00  -2.567689000000000e+06  -1.167661000000000e+06  -1.437703625000000e+06  -1.689170200000000e+07  -5.197503906250000e+03  -8.662331054687500e+03  -1.128595113754272e+00  -3.195004910230637e-02  5.524221807718277e-03
  2.900000095367432e+00  -2.564858250000000e+06  -1.191820875000000e+06  -1.459409625000000e+06  -1.687886000000000e+07  -5.315862792968750e+03  -8.734135742187500e+03  -1.123601675033569e+00  -2.930776774883270e-02  5.384031683206558e-03
  2.904999971389771e+00  -2.567964500000000e+06  -1.215346125000000e+06  -1.482191000000000e+06  -1.686528200000000e+07  -4.766190429687500e+03  -8.478541992187500e+03  -1.118183612823486e+00  -2.646951936185360e-02  5.165170878171921e-03
  2.910000085830688e+00  -2.576926250000000e+06  -1.237703125000000e+06  -1.505914625000000e+06  -1.685012400000000e+07  -4.058768798828125e+03  -7.699671875000000e+03  -1.112364530563354e+00  -2.356053516268730e-02  4.878438077867031e-03
  2.914999961853027e+00  -2.590939250000000e+06  -1.257643125000000e+06  -1.530139250000000e+06  -1.683273600000000e+07  -4.048714843750000e+03  -6.637253417968750e+03  -1.106216549873352e+00  -2.068904414772987e-02  4.581822548061609e-03
  2.920000076293945e+00  -2.609622000000000e+06  -1.277373875000000e+06  -1.554524875000000e+06  -1.681429800000000e+07  -3.209711425781250e+03  -5.036580566406250e+03  -1.099768638610840e+00  -1.771366596221924e-02  4.192358814179897e-03
  2.924999952316284e+00  -2.632276250000000e+06  -1.295754750000000e+06  -1.578589500000000e+06  -1.679406800000000e+07  -2.348147460937500e+03  -3.062491210937500e+03  -1.093087077140808e+00  -1.474894303828478e-02  3.756520105525851e-03
  2.930000066757202e+00  -2.658234000000000e+06  -1.312661875000000e+06  -1.601907750000000e+06  -1.677207700000000e+07  -1.531538696289062e+03  -8.027485351562500e+02  -1.086229324340820e+00  -1.181575190275908e-02  3.287698840722442e-03
  2.934999942779541e+00  -2.686736000000000e+06  -1.326761000000000e+06  -1.624302875000000e+06  -1.674830900000000e+07  -1.482149169921875e+03  1.272585571289062e+03  -1.079242467880249e+00  -8.939372375607491e-03  2.870945259928703e-03
  2.940000057220459e+00  -2.717465750000000e+06  -1.340337750000000e+06  -1.645171750000000e+06  -1.672317700000000e+07  -8.727413330078125e+02  3.891305664062500e+03  -1.072182893753052e+00  -6.077415775507689e-03  2.372616436332464e-03
  2.944999933242798e+00  -2.749842000000000e+06  -1.352126125000000e+06  -1.664417000000000e+06  -1.669652300000000e+07  -4.858286132812500e+02  6.559213378906250e+03  -1.065095901489258e+00  -3.273027250543237e-03  1.881062518805265e-03
  2.950000047683716e+00  -2.783458250000000e+06  -1.362054500000000e+06  -1.681935000000000e+06  -1.666852000000000e+07  -3.785932922363281e+02  9.201561523437500e+03  -1.058020710945129e+00  -5.236461292952299e-04  1.411210396327078e-03
  2.954999923706055e+00  -2.818506000000000e+06  -1.369391500000000e+06  -1.698340000000000e+06  -1.663966600000000e+07  -6.309730224609375e+02  1.162647558593750e+04  -1.050939202308655e+00  2.244517672806978e-03  9.981767507269979e-04
  2.960000038146973e+00  -2.853770000000000e+06  -1.375586000000000e+06  -1.712499750000000e+06  -1.660971000000000e+07  -1.032724487304688e+03  1.427003906250000e+04  -1.043988585472107e+00  4.935424774885178e-03  5.777607439085841e-04
  2.964999914169312e+00  -2.889555000000000e+06  -1.379915125000000e+06  -1.725160000000000e+06  -1.657905100000000e+07  -1.795894165039062e+03  1.684363671875000e+04  -1.037146210670471e+00  7.605818100273609e-03  2.024229470407590e-04
  2.970000028610229e+00  -2.925758500000000e+06  -1.382438750000000e+06  -1.736575500000000e+06  -1.654795800000000e+07  -2.916911621093750e+03  1.938039257812500e+04  -1.030435442924500e+00  1.027720700949430e-02  -1.260337594430894e-04
  2.974999904632568e+00  -2.963352000000000e+06  -1.383216750000000e+06  -1.747777500000000e+06  -1.651710700000000e+07  -3.662294433593750e+03  2.201058398437500e+04  -1.023795008659363e+00  1.307069510221481e-02  -4.603202687576413e-04
  2.980000019073486e+00  -3.000244250000000e+06  -1.382503875000000e+06  -1.757439375000000e+06  -1.648605800000000e+07  -5.286879882812500e+03  2.471955859375000e+04  -1.017408609390259e+00  1.581001840531826e-02  -7.210348267108202e-04
  2.984999895095825e+00  -3.037513500000000e+06  -1.380325125000000e+06  -1.766757750000000e+06  -1.645542800000000e+07  -7.179649902343750e+03  2.754235742187500e+04  -1.011207342147827e+00  1.861386187374592e-02  -9.422977454960346e-04
  2.990000009536743e+00  -3.076171750000000e+06  -1.377277000000000e+06  -1.776673875000000e+06  -1.642578900000000e+07  -8.179854980468750e+03  3.044084960937500e+04  -1.005140185356140e+00  2.158756740391254e-02  -1.214430318213999e-03
  2.994999885559082e+00  -3.114157500000000e+06  -1.372694375000000e+06  -1.785928000000000e+06  -1.639689000000000e+07  -1.038080761718750e+04  3.357602343750000e+04  -9.993537068367004e-01  2.456630207598209e-02  -1.379976863972843e-03
  3.000000000000000e+00  -3.152682500000000e+06  -1.367124000000000e+06  -1.795647000000000e+06  -1.636925800000000e+07  -1.267442089843750e+04  3.686091406250000e+04  -9.937804341316223e-01  2.766596339643002e-02  -1.518942066468298e-03
