$MeshFormat
2.2 0 8
$EndMeshFormat
$Nodes
569
1 -45000 36000 0
2 -45000 -36000 0
3 45000 -36000 0
4 45000 36000 0
5 -45000 36000 -42000
6 -45000 -36000 -42000
7 45000 -36000 -42000
8 45000 36000 -42000
9 -15000 -7500.000000000002 -12990.38105676658
10 -15000 -6900.000000000002 -11951.15057222525
11 -15000 0 0
12 15000 0 0
13 15000 -6900.000000000002 -11951.15057222525
14 15000 -7500.000000000002 -12990.38105676658
15 1500 -5250.000000000001 -9093.266739736606
16 -1500 -5250.000000000001 -9093.266739736606
17 -1500 -6750.000000000002 -11691.34295108992
18 1500 -6750.000000000002 -11691.34295108992
19 -45000 15824.99255719896 0
20 -45000 -410.4811494856185 0
21 -45000 -16568.73862415225 0
22 -25240.30391415248 -36000 0
23 -8358.258994127405 -36000 0
24 8358.258993860443 -36000 0
25 25240.30391401419 -36000 0
26 45000 -16568.73862426858 0
27 45000 -410.4811497449336 0
28 45000 15824.99255707979 0
29 21195.29842088973 36000 0
30 1.701555447652936e-07 36000 0
31 -21195.29842071797 36000 0
32 -45000 9434.677394861588 -42000
33 -45000 -12571.64251380605 -42000
34 -21403.37109160061 -36000 -42000
35 -1.723965397104621e-07 -36000 -42000
36 21403.37109142641 -36000 -42000
37 45000 -12571.64251395699 -42000
38 45000 9434.677394675084 -42000
39 14489.85135366003 36000 -42000
40 -14489.85135342583 36000 -42000
41 -45000 36000 -19474.17663022895
42 -45000 -36000 -20136.84567345002
43 45000 -36000 -20136.84567345002
44 45000 36000 -19474.17663022895
45 -15000 -5750.000000002045 -9959.292143524584
46 -15000 -4600.000000004957 -7967.433714825419
47 -15000 -3450.000000008789 -5975.575286127848
48 -15000 -2300.000000005457 -3983.716857417868
49 -15000 -1150.000000003659 -1991.858428710546
50 -12496.96703985707 0 0
51 -10001.8596516608 0 0
52 -7497.210559711808 0 0
53 -5003.684155031518 0 0
54 -2499.070192446638 0 0
55 -2.333581505808979e-08 0 0
56 2499.070192416646 0 0
57 5003.684155016388 0 0
58 7497.21055970978 0 0
59 10001.85965166078 0 0
60 12496.96703985705 0 0
61 15000 -1149.999999997739 -1991.858428700291
62 15000 -2299.99999999442 -3983.716857398751
63 15000 -3449.999999991101 -5975.575286097212
64 15000 -4599.999999994471 -7967.433714807256
65 15000 -5749.999999996307 -9959.292143514644
66 12496.96703985707 -7500.000000000002 -12990.38105676658
67 10001.8596516608 -7500.000000000002 -12990.38105676658
68 7497.210559711808 -7500.000000000002 -12990.38105676658
69 5003.684155031518 -7500.000000000002 -12990.38105676658
70 2499.070192446638 -7500.000000000002 -12990.38105676658
71 2.333581505808979e-08 -7500.000000000002 -12990.38105676658
72 -2499.070192416646 -7500.000000000002 -12990.38105676658
73 -5003.684155016388 -7500.000000000002 -12990.38105676658
74 -7497.21055970978 -7500.000000000002 -12990.38105676658
75 -10001.85965166078 -7500.000000000002 -12990.38105676658
76 -12496.96703985705 -7500.000000000002 -12990.38105676658
77 -12496.96703985707 -6900.000000000002 -11951.15057222525
78 -10001.8596516608 -6900.000000000002 -11951.15057222525
79 -7497.210559711808 -6900.000000000002 -11951.15057222525
80 -5003.684155031518 -6900.000000000002 -11951.15057222525
81 -2499.070192446638 -6900.000000000002 -11951.15057222525
82 -2.333581505808979e-08 -6900.000000000002 -11951.15057222525
83 2499.070192416646 -6900.000000000002 -11951.15057222525
84 5003.684155016388 -6900.000000000002 -11951.15057222525
85 7497.21055970978 -6900.000000000002 -11951.15057222525
86 10001.85965166078 -6900.000000000002 -11951.15057222525
87 12496.96703985705 -6900.000000000002 -11951.15057222525
88 500.0000000036266 -5250.000000000001 -9093.266739736606
89 -499.9999999945526 -5250.000000000001 -9093.266739736606
90 -1500 -5749.999999997509 -9959.292143516726
91 -1500 -6249.999999997499 -10825.31754730115
92 -500.0000000036266 -6750.000000000002 -11691.34295108992
93 499.9999999945526 -6750.000000000002 -11691.34295108992
94 1500 -6250.000000001543 -10825.31754730815
95 1500 -5750.000000000299 -9959.292143521559
96 -1455.289551197637 -22150.14543484915 0
97 32128.9746065316 -9970.768859728261 0
98 -33209.25425629508 -9787.840574827738 0
99 11366.45017124716 21450.37890640923 0
100 -7611.808472250475 20288.28392819538 0
101 2269.052785517219 13136.96471262793 0
102 31983.36643047331 7522.625799674062 0
103 -33083.44131910386 7785.57704889825 0
104 14572.50771998238 -22760.9156648842 0
105 9088.609613986284 -12174.96867172565 0
106 -17499.90006973994 -22701.17952477125 0
107 -31547.44934624712 -22532.86536266802 0
108 26906.47673390842 20682.32068514023 0
109 22542.52086349343 9661.511702327502 0
110 24332.11631358597 2514.136499947901 0
111 11078.50319042798 10406.63562320032 0
112 30548.78911372086 -22544.85074109366 0
113 5440.258354346255 6377.842272415604 0
114 377.4744000579746 5870.618561130393 0
115 -20636.96469371559 19690.00283218952 0
116 -13649.69142587968 12204.5307341673 0
117 -5786.997065297654 9433.987800840325 0
118 -11416.88878268277 5943.082303993651 0
119 -16707.11006920223 5951.156274279115 0
120 -22593.88864368396 10572.79176023582 0
121 -22748.86485174053 2932.520049850843 0
122 18981.77296891397 4721.268152904289 0
123 13841.34915777174 5075.99894898904 0
124 9513.668031625573 4658.822587308736 0
125 -30178.38706650947 -392.3014696297441 0
126 -25200.8307352151 -5266.600518737469 0
127 -19975.5346659155 -1443.282723637622 0
128 -23901.10228781958 -12646.50330482593 0
129 -15294.7822698659 -11673.83160460613 0
130 -8947.702910308273 -16793.37102357838 0
131 -8919.776417230469 -7894.771498010459 0
132 -2912.754525106468 -12066.31821654979 0
133 -3085.74790124887 -5661.530569349207 0
134 -14107.61905182628 -5533.369511232539 0
135 2402.91496074814 -7575.653763440643 0
136 20757.61498333786 -12635.44897937633 0
137 15130.94260362439 -8262.293109061629 0
138 -7270.097506316878 -4116.476150846718 0
139 669.9660047993475 -4208.299741147145 0
140 3704.577136169038 -3317.445442750231 0
141 3470.078259232833 2763.63106931214 0
142 19056.27733034039 -239.449488681733 0
143 24052.59391032444 -4561.406909293699 0
144 -10928.03234896882 -3497.12379253638 0
145 -10965.04993153173 2241.608452933616 0
146 -7756.62367812563 4002.484538987857 0
147 -3803.866570442798 3711.853387014973 0
148 -3924.501515710414 -2213.454430358232 0
149 -1167.707304975262 2461.543876784163 0
150 6542.597460617704 -2522.424190313188 0
151 6937.781867216074 -5809.716806915321 0
152 9569.733584977246 -3484.958701900387 0
153 6951.057224366549 2635.454961512559 0
154 1035.783109341771 2219.158701445339 0
155 11032.60599650363 -6779.407472879495 0
156 -13927.01459242257 2787.124847504781 0
157 -13829.45907640685 -2281.637884134269 0
158 -16614.67694138209 -2377.696116902427 0
159 -32534.44148119917 19951.8165150907 0
160 -17495.53352011049 1308.303721849114 0
161 -9065.287881343316 -24411.17399579969 0
162 31499.41025218306 -981.1789238289862 0
163 10578.65645498857 2076.362107783031 0
164 -9074.102410647838 -1601.552843641935 0
165 -19255.33017470669 -6072.476637312224 0
166 18597.58677423553 -4754.23417412908 0
167 13685.53301922996 -4210.845992861792 0
168 -1255.15997056828 -2154.39656977259 0
169 1505.923621171015 22718.90688680813 0
170 11900.51536313071 -1929.413080120846 0
171 -6553.91922948369 -1586.296684969377 0
172 1123.690672558683 -1936.028350733993 0
173 -6331.594966812509 2011.736923722703 0
174 2684.750159208326 -13900.50835429092 0
175 6649.76738716796 -21397.30762514999 0
176 13910.59614635985 -1692.012547014196 0
177 16360.64454335171 -2283.231603167324 0
178 13725.24314667984 1983.768546293296 0
179 16465.30103197278 2370.084971855325 0
180 17358.3654881923 14486.5674608295 0
181 16760.50233375988 8870.39637765013 0
182 -8510.467757568496 1651.165983128835 0
183 -24525.90432984515 -1042.416165538498 0
184 -45000 -8489.609886818944 -13993.46144382769
185 -45000 7707.255703856685 -14015.75195133453
186 -45000 -673.66315571616 -29130.0079084996
187 -45000 23150.27468031682 -12854.06201858346
188 -45000 22649.23363697661 -30656.77014643254
189 -45000 -23358.54940190606 -12755.66337766308
190 -45000 -22645.01241548485 -29310.14700899616
191 -17399.27380255226 -36000 -14533.30052581534
192 17399.27385822422 -36000 -14533.30057953264
193 5.702354246750474e-05 -36000 -14354.72577405747
194 10859.16535352382 -36000 -28747.97730395327
195 -10261.08402134556 -36000 -28870.32486327923
196 31922.20370458075 -36000 -13124.80038598641
197 -31922.20372960333 -36000 -13124.80032692396
198 -31889.17564622926 -36000 -29651.84743665916
199 31889.17572976919 -36000 -29651.84752690633
200 45000 -8489.609887006758 -13993.46144370386
201 45000 7707.255703667433 -14015.75192089356
202 45000 -673.6630435528641 -29130.00792313258
203 45000 23150.27466036006 -12854.06206529395
204 45000 22649.23376742617 -30656.77029876139
205 45000 -23358.54940964952 -12755.66335751511
206 45000 -22645.01237640884 -29310.1469543615
207 12387.65948904453 36000 -18248.49945655396
208 -10134.1966351824 36000 -21128.45622140347
209 -27890.26529620409 36000 -16102.45215100074
210 31068.62070232528 36000 -14586.3017516421
211 -28762.05291538614 36000 -29204.15438456205
212 29820.39589156467 36000 -28783.08582301751
213 11025.62413004561 -16079.2003893686 -42000
214 -27984.04886581506 -2954.537209497526 -42000
215 2.360528534544365e-09 15855.84044734598 -42000
216 28038.03862981516 -2723.714456578498 -42000
217 -10701.6855458865 -17464.1369081977 -42000
218 24102.02840583993 16247.78807956646 -42000
219 -24093.03011180914 16209.31762084931 -42000
220 28451.43499824443 -19228.27798072171 -42000
221 -30017.82110066044 -20998.06332630026 -42000
222 -1.720312399861018e-07 -5213.43036897604 -42000
223 12084.28045156202 2919.925091956224 -42000
224 -12084.28045161629 2919.925092385808 -42000
225 1002.704320746253 -4812.177435910087 -8334.935814032795
226 2045.885023320103 -4797.59882054181 -8309.684911510934
227 -6671.681980587161 -949.6623537429889 -1644.863446718304
228 1502.775341926527 -4306.246614138518 -7458.637925609361
229 2676.407277448013 -4285.704144152338 -7423.05732388034
230 8622.621427531496 -5838.404442594551 -10112.41312970961
231 2058.372490577567 -3746.604666026663 -6489.309637432804
232 768.2158770462867 -3809.963155094092 -6599.049759588388
233 3388.079460583058 -3742.753920818607 -6482.639951085448
234 8639.130521013902 -1006.325107663307 -1743.006215405068
235 -8915.356371313554 -5837.240658514105 -10110.39739655324
236 -12877.36525511403 -2906.405753545671 -5034.042432551611
237 1370.086960565869 -3137.257464295489 -5433.889324584488
238 -320.2021451272681 -3305.491767643381 -5725.279685558993
239 4060.247780809359 -4378.737114610342 -7584.195155492658
240 4867.757488401232 -3731.845393030033 -6463.745826719862
241 4197.42872599829 -3072.657570352244 -5321.999026111227
242 -2462.139771475902 -5526.940682205584 -9572.942071999463
243 -2339.001753340315 -4951.137766121696 -8575.62216619585
244 2478.357116632435 -5981.571205648225 -10360.38523727375
245 -3558.526297488517 -5256.018405057212 -9103.690923076225
246 -3475.523327624363 -4580.597159091046 -7933.82700855135
247 12732.79662883942 -4031.285417930593 -6982.391163667322
248 5732.318111842165 -3057.008495160116 -5294.894032786997
249 6548.254006728684 -3805.595360838736 -6591.484518021105
250 548.5815879042525 -2468.635559044703 -4275.802213636624
251 -1122.559772171761 -2512.659450835335 -4352.053830964914
252 -1143.217165782386 -4794.265995492955 -8303.912289193579
253 7652.674625905457 -2883.615297977829 -4994.568205580466
254 8493.207599009398 -3891.259842469702 -6739.859752609988
255 9688.147062880005 -3065.249276743635 -5309.167485183729
256 4890.074123831861 -2287.363134219181 -3961.829163827611
257 -4988.904983144118 -4926.921137711099 -8533.677735400679
258 -4772.449863925505 -4032.969094896776 -6985.307377716284
259 13008.14157130154 -1724.999999996079 -2987.787643049522
260 -2047.956643179455 -3245.44818547175 -5621.28115056929
261 -2815.54590480614 -2551.011684975174 -4418.481849078893
262 -12992.13081447343 -5166.218860991053 -8948.153550257117
263 -11112.72995863139 -1092.701298754029 -1892.614166938477
264 -6594.414031817633 -4569.040018497823 -7913.809453853671
265 -6677.044276940258 -3582.918981108799 -6205.797714683354
266 -8459.883195856142 -4056.288281667784 -7025.697393994858
267 -8522.02958931182 -3010.301587471372 -5213.995295605662
268 -3580.643240453623 -5975.609201274215 -10350.05874278302
269 -2068.738154682588 -1734.459875933382 -3004.172628806228
270 2129.031808288383 -2442.466889673494 -4230.476748719219
271 1312.042932607795 -1826.543341394018 -3163.665869521064
272 -1979.858490936337 -4360.671025315222 -7552.903770939434
273 2565.583232930825 -5283.351744694391 -9151.033656068355
274 3609.293782796346 -5710.820811644576 -9891.431798690139
275 -10669.82138243105 -3500.665165226456 -6063.329926458719
276 -6493.796289845745 -2718.38639004509 -4708.383342161842
277 -8453.199245970602 -1898.037127213065 -3287.496738985101
278 7164.768405681822 -4796.436291834792 -8307.671352725123
279 -10470.72951050215 -4755.269080903163 -8236.367651785635
280 -3808.360997756542 -1790.878629508376 -3101.892776497827
281 3843.946146405626 -838.6020599072608 -1452.501375091295
282 6443.300383499205 -5925.271659756442 -10262.87156334613
283 6258.373632352898 -888.1378145881698 -1538.299818989897
284 10522.36618238262 -4012.182326019588 -6949.303637895803
285 -3669.677035269359 -3307.621791825412 -5728.968995663621
286 -520.767851373808 -4181.325283938519 -7242.267834753875
287 11127.7162251743 -5796.502067415431 -10039.83608694156
288 -6448.231324611731 -5814.187952619514 -10070.46893869187
289 5170.586247135241 -5133.719940412625 -8891.863768624135
290 13043.63778465395 -2840.035990244276 -4919.086630427275
291 -12835.00782708678 -4063.093143446682 -7037.483760334392
292 -10785.97403704226 -2359.012168483773 -4085.928931487127
293 11109.77644891538 -1059.95496858421 -1835.895859322925
294 7220.463448885203 -1772.88010339962 -3070.718414816105
295 9362.343670068189 -4844.976660782479 -8391.745737960653
296 11268.83344829357 -2313.823379152812 -4007.659652433377
297 13041.67651282845 -5145.95788870949 -8913.060516854706
298 -11361.80994295566 -5939.387842363388 -10287.32150883028
299 3451.831756521387 -6350.752703752331 -10999.82634920445
300 -13006.68165225915 -1774.455612865584 -3073.447277258962
301 4.537014319794253e-09 -4816.987298109092 -8343.266739738876
302 -4572.882866209985 -2589.897060392008 -4485.833294972239
303 -2396.370443259869 -6044.073006682841 -10468.64153223027
304 3864.537442325176 -5028.857458901014 -8710.236622838273
305 -201.1469785013458 -1689.224644563841 -2925.822909782049
306 -1103.410550560539 -843.8984259875608 -1461.674950237859
307 2788.666751773748 -3098.634205120001 -5366.991877338643
308 -3101.043073905979 -920.4812819450249 -1594.320347744916
309 -8747.336279312354 -788.0801559420167 -1364.994870528377
310 -4777.973317359068 -5654.94744525398 -9794.656289311715
311 9263.170925982251 -2016.974688920235 -3493.502638790278
312 550.5855376699591 -4385.339957438062 -7595.63161474466
313 11357.3798438586 -4766.180872171517 -8255.26742866401
314 1324.742610171238 -991.5537372654995 -1717.421451378647
315 11368.19967349914 -3226.891263242477 -5589.139618436086
316 4828.863893488522 -6057.016459247338 -10491.06024969733
317 -8201.794882681661 -4977.973688700388 -8622.10334757013
318 -2973.084072892919 -3933.112787734312 -6812.351180254692
319 5431.134211373665 -4353.936272702554 -7541.238837237885
320 -2194.716577439581 -6499.999999998754 -11258.33024919554
321 -3134.896921726246 -6463.936441591164 -11195.86633373187
322 2285.851813114094 -6446.464781880421 -11165.60453142031
323 -5182.263302216193 -3270.966917125102 -5665.480890337612
324 -5776.726301491327 -1837.109375539294 -3181.966777495189
325 13264.0206627672 -6061.385543599043 -10498.62772577704
326 -13264.02066276727 -838.6144564009176 -1452.522846448144
327 13293.81626992729 -822.4015462277579 -1424.441262289681
328 -13293.81626992696 -6077.598453772002 -10526.70930993516
329 3163.626932927304 -1763.873194623088 -3055.117991196014
330 -1520.344058231669 -3803.13210785672 -6587.218038704357
331 -4872.299301754506 -1099.626328147137 -1904.608669691247
332 3029.9441705821 -4765.910744521253 -8254.799553849225
333 6244.227284685552 -2353.502679612802 -4076.38621683887
334 5112.143542571055 -1547.015777666533 -2679.509927029113
335 3433.765668563918 -2532.998998797601 -4387.282961438543
336 -13748.48351992853 -7200.000000000002 -12470.76581449592
337 13748.48351992853 -7200.000000000003 -12470.76581449592
338 3751.37717373102 -7200.000000002258 -12470.76581449982
339 -3751.377173731019 -7199.999999997746 -12470.76581449201
340 8749.535105685794 -7200.000000000003 -12470.76581449592
341 -8749.535105685794 -7200.000000000002 -12470.76581449592
342 -1249.535096215821 -7200.000000000002 -12470.76581449592
343 1249.535096215821 -7200.000000000003 -12470.76581449592
344 11249.41334575893 -7200.000000000003 -12470.76581449592
345 -11249.41334575893 -7200.000000000002 -12470.76581449592
346 6250.447357367374 -7200.000000000003 -12470.76581449592
347 -6250.447357367374 -7200.000000000002 -12470.76581449592
348 633.9745962166385 -6000.000000000919 -10392.30484541485
349 -614.4248811120116 -5999.99999999799 -10392.30484540978
350 3.258285848196749 -6378.840122573993 -11048.47518565703
351 3.258285853275727 -5621.159877425573 -9736.134505168731
352 -773.0407354416543 -5613.47963227775 -9722.831930358119
353 773.0407354418585 -6386.520367722097 -11061.77776046814
354 -773.0407354482309 -6386.52036772294 -11061.7777604696
355 773.0407354476077 -5613.479632276777 -9722.831930356433
356 14357.6381344052 10701.04713521807 -18129.40301634363
357 -14462.72110419252 12619.20371198295 -21892.66247057197
358 -1297.426855991157 9061.599923099069 -14873.86681110852
359 2865.000949975247 4762.48837108895 -7799.170077638513
360 1021.159289904136 895.4741904044467 -14753.73987643907
361 -8749.535105685281 1178.503278724131 -19163.62061345522
362 10481.35413166504 1280.012666017513 -17366.70340995256
363 -13661.89663538633 5082.309054864031 -8386.746838545492
364 -25547.0490996109 1588.07811885052 -12868.02790164584
365 -4.537071163213113e-09 -13559.11074604424 -7525.955493041918
366 8749.535105686306 -15871.27510351942 -9319.92647484105
367 -8749.535105685281 -15871.27510351112 -9319.926474848246
368 3.238307707400209e-09 -20912.9250036204 -21771.54434256616
369 -5664.665844436818 3344.543992862764 -10578.24555441703
370 6250.447357371664 -8605.721331830882 -28071.93325384115
371 11947.12039091143 5024.931001285535 -9259.515537252071
372 27939.39838751982 2109.140786600474 -15824.67481139587
373 -13748.48351992853 -17972.28915431424 -22302.46352202191
374 13748.48351992853 -17680.61825712397 -21637.24419682867
375 -6250.447357363084 -9046.380253076626 -24731.12574486794
376 2513.01151288697 -9286.319225496798 -5235.034465403315
377 -2663.832547731614 -9014.822317364025 -5370.511879209052
378 13883.48283577451 -11622.26595900602 -6128.550246713621
379 -14462.72110419252 -6.514055188229577 -14603.20091898345
380 -22963.96912832423 -5895.703446889164 -26493.55859080098
381 -3751.377173716517 -2682.376639995058 -16934.49822073712
382 -2036.757019218996 -2522.780188691888 -12962.03665729663
383 1083.713146877081 -510.388804627255 -10137.91872503107
384 -14462.72110419251 -12274.95081791931 -7520.015651484759
385 -27929.62766349231 -16752.6190443782 -14951.33306060944
386 6525.265769597476 320.2274453235605 -10236.64894080494
387 -1667.428797959769 -10025.90679184747 -9222.647013784141
388 21081.77441697764 2271.889490235664 -7951.204104420618
389 25789.68707096759 -7246.292631414737 -10423.31280911916
390 20387.11127319182 -4784.981317230173 -26434.09818829052
391 11874.3999789436 -504.2625743232384 -11986.91521848122
392 -1164.832590909236 2575.807223219235 -4727.996698527817
393 1741.15688490369 -3205.671835651507 -13160.31150168505
394 6250.447357371663 -3304.288602888739 -16562.10588219301
395 13881.69459988979 2437.074527739395 -4482.057310936764
396 -3751.377173716517 -14624.17575908386 -14667.70418135849
397 -13748.48351992853 -5400.521839919464 -21122.88915220711
398 -24986.57492788303 -8235.9870922555 -9851.912445743892
399 1249.535096234987 -8088.309845906383 -21214.10451890786
400 876.1883022395195 3116.568810282372 -27328.1637623917
401 8749.535105686307 -9548.221605036473 -20301.39060796146
402 3751.377173739078 -14239.53968820745 -16645.91182643873
403 -9513.244242448505 2879.737321209385 -4903.960860196424
404 -2827.189420815522 274.9852122883271 -8201.887941057852
405 11249.41334575894 -3858.911795380173 -16243.79133747253
406 18651.76007906784 -1176.02735626111 -15948.70804194951
407 20931.53956623944 -17055.46175895981 -13005.72453552295
408 -8749.535105685281 -3764.345728153542 -16309.86540877073
409 8230.065363014966 -10129.61473190754 -6160.003723114094
410 -7690.686555369633 -10138.0919628249 -7051.212483536325
411 13748.48351992853 -12352.80088607737 -11349.3716203386
412 3480.920658605593 517.2510548693053 -7044.920437903151
413 5482.691909051573 -11411.61087953444 -10039.19113946777
414 4.537014319794253e-09 -7955.963184157954 -7197.644833613872
415 1764.902421988183 -9667.480754266961 -9787.311984468814
416 423.8421678563393 -6176.150811569109 -3287.184212196514
417 -13748.48351992853 -14496.26872834969 -14374.63807104878
418 1526.885900350229 -23069.41152937761 -11545.24009582567
419 -7690.686555369633 -1458.868947489137 -12062.16422779722
420 8383.104180481454 3087.955411723879 -5476.342629062802
421 4309.052237184231 -5757.347333283608 -2745.695840867702
422 -6250.447357363084 -11918.83038304044 -11588.49786649288
423 -8749.535105685281 -11862.61044047691 -17408.29903125366
424 -10684.455393045 -10609.14936498521 -10161.14918713452
425 13748.48351992853 -11535.06509586337 -17404.2618404858
426 21906.9594327938 -8883.007079626888 -17913.22440664939
427 -14221.59176802993 -8215.724364589918 -4551.988660485089
428 20160.98416141372 -10814.790286401 -10383.76566957826
429 8749.535105685281 -3064.633546357389 -13002.79707412247
430 -11249.41334575894 -3046.652911440973 -13024.65452546034
431 -13748.48351992853 -4768.921290618206 -15727.92654627866
432 -20656.72064357206 -3502.476856503429 -14605.53179672854
433 -20168.69332348449 -10960.27786194504 -19112.64703829447
434 -18876.93697819434 575.9745237636816 -9627.878380310174
435 -26145.30359803306 -19314.94164127737 -28539.28898098418
436 382.6459785023923 -3173.436625470486 -10821.98593211432
437 3179.068720125741 -2677.525716193286 -10255.5821245482
438 11249.41334575892 -9779.068739505779 -9137.6924348306
439 -11360.25227321615 -479.9145266294713 -9328.429944029722
440 11635.06410814265 -7584.328964757438 -4409.09608667619
441 -13871.67276595004 2321.836247313086 -4474.725092767518
442 -13748.48351992853 -9801.56376679373 -17731.51804007793
443 10402.23583417198 69.10579351666138 -8061.160397474328
444 -1249.535096234986 -5513.184797728323 -15462.69084451329
445 -3751.377173716517 -9749.774216057871 -17781.54086317735
446 8749.535105686306 -12817.99621528464 -14428.73213551121
447 -2897.110407209271 -5815.137488919961 -3632.78192441128
448 -19632.0481367481 -8324.893614517929 -7144.771002916414
449 -5964.806742106624 -7106.463416868741 -5277.694973615624
450 -13748.48351992853 -10939.73728956371 -12165.20426816783
451 4589.787556244635 -8378.768077819803 -7996.868341589958
452 -1828.465131169112 -2450.71928178652 -9453.650624336042
453 -7366.925267143029 334.3409807164107 -7373.514894079248
454 7583.982757765729 -6518.291596421624 -4295.097065920691
455 -688.4727752402827 -4885.001241097783 -12607.2892192037
456 14518.06727314466 -3984.964060837551 -14326.96767942568
457 5044.945541886001 2200.484787669175 -3439.193978928514
458 -20086.97719397031 -11338.93764662534 -12746.7965956602
459 20475.71044183639 -5869.832191931786 -13238.73855655148
460 -19213.67940487728 7961.662822036644 -15271.28082786455
461 -9889.1529104728 -7268.266281376602 -5274.392356121184
462 28460.49276468087 -20355.01857172488 -26359.48855070359
463 -4810.200311686632 1529.734102934447 -4638.399072440448
464 -33083.80009241887 -6162.399503997543 -19152.72524984847
465 2101.187304973514 -6626.095945313245 -6478.047679328305
466 423.8421678563399 -338.2474816144436 -6657.699271248853
467 17446.48261964731 -1506.423511025997 -11081.41655261016
468 21330.73948008086 -4339.703783140506 -6789.810186536904
469 -19541.10056173992 1761.061986800874 -22152.24032534604
470 -32587.66250181419 11237.80852514208 -23829.13911144497
471 -20213.47701006384 -2320.868578090053 -5299.573997383107
472 -8129.52393639873 -24191.88378514902 -15835.8096591882
473 6874.207957535062 14963.10435494392 -10027.42083265575
474 -14325.31782465382 -2199.880755922732 -10681.04882561627
475 18914.88040016084 11480.96245723002 -8883.415602066796
476 29725.62234376644 18985.20699703743 -20623.89767976379
477 -19420.48047762278 -4271.483723294917 -9485.00829474991
478 6639.556654615159 -125.763277142968 -6448.522598509993
479 -13748.48351992853 -8852.928037240208 -9662.87058274421
480 31633.54631335659 -14934.94703072511 -16702.7692962812
481 12018.89425817388 -2880.776581717983 -24876.82656418459
482 1249.535096234986 -11969.67710341194 -13432.86724838259
483 14158.02234579547 -850.8268393751478 -8804.114229189314
484 3301.630231323555 22258.99471321053 -25793.33124517815
485 17812.57858613854 -7929.15834198708 -4717.437630742903
486 8580.69837273112 -21119.68829436333 -15923.44108413019
487 -19449.70729927781 -24323.58178547049 -14791.72927631796
488 -4521.26538971948 -4408.365769307622 -14082.51658905811
489 -670.9469387457971 -8240.905390175747 -10521.0987619207
490 -2107.949979037076 -7679.360348754481 -8903.782211545007
491 -1249.535096196655 -10321.23788627524 -12517.52659147774
492 -2663.832547731615 -6589.362797461709 -6770.851585933195
493 -2757.423516832987 -4129.759817515688 -11052.24896426888
494 4521.265389719477 -4517.388592192818 -14019.57223293158
495 2725.182814689408 -1868.41434812622 -7959.363547177323
496 -5518.257927716541 -1707.643507595233 -9270.950787945963
497 4729.170663199785 -6371.69009823667 -5877.704036999969
498 13748.48351992853 -7140.789416209461 -16971.65346473176
499 3751.377173739078 -7518.733031892755 -17407.15380831604
500 5980.084512687717 6567.196259932245 -14425.36682202071
501 1083.713146877081 -2798.301086968962 -8816.991952938837
502 11249.41334575894 -10492.1098063137 -12414.11268027198
503 15617.28034805632 -18869.39900929592 -7822.578443772487
504 7590.844787527936 -8874.551294575578 -9298.219894073763
505 -12336.92016859871 16575.40272294536 -10931.31821242959
506 31403.30478265939 -5692.04206183918 -23453.83786403245
507 14432.85771220067 -8959.017286912036 -9434.470768220091
508 7913.369531787958 -6141.484052294139 -15471.7397821658
509 1021.159289903138 -7493.616793698829 -9149.63363650167
510 -17671.62394792039 779.1609046314238 -4433.565615449928
511 3751.377173739078 -10328.0317341501 -12520.27719400567
512 10079.82330471111 -5081.571358312309 -2793.188919185417
513 18263.62965331594 940.1138054299367 -4526.49181603322
514 2186.000521776655 1067.525188860136 -3878.012755921317
515 28208.90744691689 7360.609027797251 -29661.67425760254
516 13883.48283577452 -3015.314238385219 -11097.77613951615
517 -6250.447357363084 -6843.734436021059 -16711.87332003946
518 14358.56892300791 -5672.015995900942 -3364.788133582703
519 -6250.447357371663 -8857.386713264113 -9671.723105551737
520 1693.23712423565 -5320.839711808968 -14843.99541874222
521 -14881.30768891768 -10976.42838084059 -29279.53039293083
522 17794.13900943887 6754.61039578308 -5409.593910309512
523 -14249.27650569906 -273.8902784995485 -6481.397469677008
524 2102.713699096149 -5179.053994430542 -4705.323779763658
525 -19161.21637032689 -7248.787826266255 -12442.59814986792
526 -17623.79011062338 -7210.278487570077 -16918.01777096098
527 17591.28470108526 5040.149046463977 -13195.26197270665
528 8749.535105686306 -9356.622751114712 -16130.98956649977
529 -9373.013785710935 -5121.916408963882 -2678.887805115875
530 -8749.535105685281 -10167.97259347103 -12612.72971428976
531 -6250.447357363084 -10045.40526079512 -15149.01705205818
532 2259.570953988979 -4107.59193149793 -2145.104501875268
533 -16997.57155036148 -9769.087181051487 -10987.50263894422
534 -5605.197696852098 -4821.472731853262 -2725.564643401401
535 -10151.31437519505 216.7495833780031 -30760.33160942938
536 -17079.30170905578 -4540.884261349698 -14006.00700201204
537 1391.307704429413 -2465.660478087689 -19674.83695382243
538 -1109.37399366832 -4179.789455329492 -2149.595723272391
539 -1947.966188541455 -757.4764231727693 -5947.109458324483
540 -4401.506853331033 -1008.02367157663 -6431.485571254891
541 -13748.48351992853 -4309.88069280484 -12285.80018999519
542 -27460.97206430761 -2021.740226586494 -6710.676056074737
543 -24909.52973297334 21328.24748368307 -16609.19285900544
544 -11249.41334575892 -5953.146058555873 -15034.68462188192
545 -8749.535105686306 -4309.188091094336 -12284.25317269982
546 -18684.07395520563 -18403.42404347039 -9798.314749175837
547 11249.41334575892 -4319.225088258138 -12289.93463661171
548 -3000.674864576423 9590.43262569499 -7100.382790409086
549 190.1429028227835 -5784.872921094438 -6020.747968318409
550 -379.4575870030291 -6815.824758304802 -8720.434959974054
551 1862.107617690819 -4376.757669538802 -11329.48424186715
552 14540.61573510415 -8736.735746029259 -23294.63838118732
553 18159.16444237399 -1981.292741902244 -2839.81695951865
554 27062.09712418227 -15430.36527919892 -6220.933428371213
555 -17260.85216278561 -2306.537784837916 -18750.65614658081
556 6390.759550177117 -2799.776265409128 -10611.41212679086
557 -11249.41334575892 -10049.64861746079 -15176.37352058508
558 5681.003064891616 -1886.718340821314 -7969.429723006269
559 -4379.443733473578 -1913.818640781792 -24256.66034203922
560 -16692.28489588893 -10630.35308842268 -14941.6821682869
561 -22518.56615971782 -5298.633746699958 -20285.16868093344
562 17438.56384553904 -11439.95215466173 -14308.75221521088
563 15084.88788016758 -17127.5175868951 -15076.87940563384
564 -3751.377173739078 -9190.387175822782 -10911.87984628319
565 13748.48351992853 -9801.129973533722 -12822.57950857901
566 8212.802734027444 -10400.97421131363 -11945.19939467423
567 18363.54114397965 4184.273635428121 -23848.7421754612
568 11249.41334575894 -6219.990371683572 -14880.62198586591
569 10537.04402858988 850.5333713429511 -4434.530039932517
$EndNodes
$Elements
3476
1 2 2 101 1 1 19 159
2 2 2 101 1 31 1 159
3 2 2 101 1 21 2 107
4 2 2 101 1 2 22 107
5 2 2 101 1 25 3 112
6 2 2 101 1 3 26 112
7 2 2 101 1 28 4 108
8 2 2 101 1 4 29 108
9 2 2 101 1 11 50 156
10 2 2 101 1 50 11 157
11 2 2 101 1 11 156 160
12 2 2 101 1 157 11 158
13 2 2 101 1 158 11 160
14 2 2 101 1 12 60 176
15 2 2 101 1 60 12 178
16 2 2 101 1 142 12 177
17 2 2 101 1 12 142 179
18 2 2 101 1 12 176 177
19 2 2 101 1 178 12 179
20 2 2 101 1 19 20 103
21 2 2 101 1 19 103 159
22 2 2 101 1 20 21 98
23 2 2 101 1 20 98 125
24 2 2 101 1 103 20 125
25 2 2 101 1 98 21 107
26 2 2 101 1 22 23 106
27 2 2 101 1 22 106 107
28 2 2 101 1 23 24 96
29 2 2 101 1 23 96 161
30 2 2 101 1 106 23 161
31 2 2 101 1 24 25 104
32 2 2 101 1 96 24 175
33 2 2 101 1 24 104 175
34 2 2 101 1 104 25 112
35 2 2 101 1 26 27 97
36 2 2 101 1 26 97 112
37 2 2 101 1 27 28 102
38 2 2 101 1 97 27 162
39 2 2 101 1 27 102 162
40 2 2 101 1 102 28 108
41 2 2 101 1 29 30 99
42 2 2 101 1 29 99 108
43 2 2 101 1 30 31 100
44 2 2 101 1 99 30 169
45 2 2 101 1 30 100 169
46 2 2 101 1 100 31 115
47 2 2 101 1 115 31 159
48 2 2 101 1 50 51 145
49 2 2 101 1 51 50 164
50 2 2 101 1 144 50 157
51 2 2 101 1 50 144 164
52 2 2 101 1 50 145 156
53 2 2 101 1 52 51 164
54 2 2 101 1 51 52 182
55 2 2 101 1 145 51 182
56 2 2 101 1 53 52 171
57 2 2 101 1 52 53 173
58 2 2 101 1 52 164 171
59 2 2 101 1 52 173 182
60 2 2 101 1 53 54 147
61 2 2 101 1 54 53 148
62 2 2 101 1 53 147 173
63 2 2 101 1 148 53 171
64 2 2 101 1 54 55 149
65 2 2 101 1 55 54 168
66 2 2 101 1 147 54 149
67 2 2 101 1 54 148 168
68 2 2 101 1 55 56 154
69 2 2 101 1 56 55 172
70 2 2 101 1 149 55 154
71 2 2 101 1 55 168 172
72 2 2 101 1 57 56 140
73 2 2 101 1 56 57 141
74 2 2 101 1 140 56 172
75 2 2 101 1 56 141 154
76 2 2 101 1 58 57 150
77 2 2 101 1 57 58 153
78 2 2 101 1 57 140 150
79 2 2 101 1 141 57 153
80 2 2 101 1 59 58 152
81 2 2 101 1 58 59 163
82 2 2 101 1 58 150 152
83 2 2 101 1 153 58 163
84 2 2 101 1 59 60 163
85 2 2 101 1 60 59 170
86 2 2 101 1 59 152 170
87 2 2 101 1 163 60 178
88 2 2 101 1 60 170 176
89 2 2 101 1 130 96 132
90 2 2 101 1 96 130 161
91 2 2 101 1 132 96 174
92 2 2 101 1 174 96 175
93 2 2 101 1 112 97 136
94 2 2 101 1 136 97 143
95 2 2 101 1 143 97 162
96 2 2 101 1 98 107 128
97 2 2 101 1 125 98 126
98 2 2 101 1 126 98 128
99 2 2 101 1 99 101 111
100 2 2 101 1 101 99 169
101 2 2 101 1 108 99 180
102 2 2 101 1 99 111 180
103 2 2 101 1 101 100 117
104 2 2 101 1 100 101 169
105 2 2 101 1 100 115 116
106 2 2 101 1 100 116 117
107 2 2 101 1 111 101 113
108 2 2 101 1 113 101 114
109 2 2 101 1 114 101 117
110 2 2 101 1 102 108 109
111 2 2 101 1 102 109 110
112 2 2 101 1 102 110 162
113 2 2 101 1 120 103 121
114 2 2 101 1 103 120 159
115 2 2 101 1 121 103 125
116 2 2 101 1 105 104 136
117 2 2 101 1 104 105 175
118 2 2 101 1 104 112 136
119 2 2 101 1 135 105 151
120 2 2 101 1 105 135 174
121 2 2 101 1 105 136 137
122 2 2 101 1 105 137 155
123 2 2 101 1 151 105 155
124 2 2 101 1 105 174 175
125 2 2 101 1 107 106 128
126 2 2 101 1 128 106 129
127 2 2 101 1 129 106 130
128 2 2 101 1 130 106 161
129 2 2 101 1 109 108 180
130 2 2 101 1 110 109 122
131 2 2 101 1 122 109 181
132 2 2 101 1 109 180 181
133 2 2 101 1 110 122 142
134 2 2 101 1 110 142 143
135 2 2 101 1 110 143 162
136 2 2 101 1 111 113 124
137 2 2 101 1 123 111 124
138 2 2 101 1 111 123 181
139 2 2 101 1 180 111 181
140 2 2 101 1 113 114 141
141 2 2 101 1 124 113 153
142 2 2 101 1 113 141 153
143 2 2 101 1 114 117 147
144 2 2 101 1 141 114 154
145 2 2 101 1 114 147 149
146 2 2 101 1 114 149 154
147 2 2 101 1 116 115 120
148 2 2 101 1 120 115 159
149 2 2 101 1 117 116 118
150 2 2 101 1 118 116 119
151 2 2 101 1 119 116 120
152 2 2 101 1 117 118 146
153 2 2 101 1 117 146 147
154 2 2 101 1 118 119 156
155 2 2 101 1 118 145 146
156 2 2 101 1 145 118 156
157 2 2 101 1 119 120 121
158 2 2 101 1 119 121 160
159 2 2 101 1 156 119 160
160 2 2 101 1 121 125 183
161 2 2 101 1 121 127 160
162 2 2 101 1 127 121 183
163 2 2 101 1 122 123 179
164 2 2 101 1 123 122 181
165 2 2 101 1 142 122 179
166 2 2 101 1 123 124 163
167 2 2 101 1 123 163 178
168 2 2 101 1 123 178 179
169 2 2 101 1 124 153 163
170 2 2 101 1 125 126 183
171 2 2 101 1 127 126 165
172 2 2 101 1 126 127 183
173 2 2 101 1 126 128 165
174 2 2 101 1 127 158 160
175 2 2 101 1 158 127 165
176 2 2 101 1 128 129 165
177 2 2 101 1 129 130 131
178 2 2 101 1 129 131 134
179 2 2 101 1 129 134 165
180 2 2 101 1 131 130 132
181 2 2 101 1 131 132 133
182 2 2 101 1 131 133 138
183 2 2 101 1 134 131 144
184 2 2 101 1 131 138 144
185 2 2 101 1 133 132 135
186 2 2 101 1 135 132 174
187 2 2 101 1 133 135 139
188 2 2 101 1 138 133 148
189 2 2 101 1 133 139 168
190 2 2 101 1 148 133 168
191 2 2 101 1 134 144 157
192 2 2 101 1 134 157 158
193 2 2 101 1 134 158 165
194 2 2 101 1 139 135 140
195 2 2 101 1 140 135 151
196 2 2 101 1 137 136 166
197 2 2 101 1 136 143 166
198 2 2 101 1 155 137 167
199 2 2 101 1 137 166 167
200 2 2 101 1 144 138 164
201 2 2 101 1 138 148 171
202 2 2 101 1 164 138 171
203 2 2 101 1 139 140 172
204 2 2 101 1 168 139 172
205 2 2 101 1 150 140 151
206 2 2 101 1 143 142 166
207 2 2 101 1 166 142 177
208 2 2 101 1 146 145 182
209 2 2 101 1 147 146 173
210 2 2 101 1 173 146 182
211 2 2 101 1 150 151 152
212 2 2 101 1 152 151 155
213 2 2 101 1 152 155 167
214 2 2 101 1 152 167 170
215 2 2 101 1 167 166 177
216 2 2 101 1 170 167 176
217 2 2 101 1 176 167 177
218 2 2 105 14 19 187 1
219 2 2 105 14 1 187 41
220 2 2 105 14 2 189 21
221 2 2 105 14 42 189 2
222 2 2 105 14 5 188 32
223 2 2 105 14 41 188 5
224 2 2 105 14 33 190 6
225 2 2 105 14 6 190 42
226 2 2 105 14 20 185 19
227 2 2 105 14 185 187 19
228 2 2 105 14 21 184 20
229 2 2 105 14 184 185 20
230 2 2 105 14 21 189 184
231 2 2 105 14 32 186 33
232 2 2 105 14 32 188 186
233 2 2 105 14 186 190 33
234 2 2 105 14 187 188 41
235 2 2 105 14 42 190 189
236 2 2 105 14 184 186 185
237 2 2 105 14 184 190 186
238 2 2 105 14 189 190 184
239 2 2 105 14 186 188 185
240 2 2 105 14 185 188 187
241 2 2 105 18 22 197 2
242 2 2 105 18 2 197 42
243 2 2 105 18 3 196 25
244 2 2 105 18 43 196 3
245 2 2 105 18 6 198 34
246 2 2 105 18 42 198 6
247 2 2 105 18 36 199 7
248 2 2 105 18 7 199 43
249 2 2 105 18 23 191 22
250 2 2 105 18 191 197 22
251 2 2 105 18 24 193 23
252 2 2 105 18 23 193 191
253 2 2 105 18 25 192 24
254 2 2 105 18 192 193 24
255 2 2 105 18 25 196 192
256 2 2 105 18 34 195 35
257 2 2 105 18 34 198 195
258 2 2 105 18 35 194 36
259 2 2 105 18 35 195 194
260 2 2 105 18 194 199 36
261 2 2 105 18 197 198 42
262 2 2 105 18 43 199 196
263 2 2 105 18 193 195 191
264 2 2 105 18 195 198 191
265 2 2 105 18 191 198 197
266 2 2 105 18 192 194 193
267 2 2 105 18 192 199 194
268 2 2 105 18 196 199 192
269 2 2 105 18 194 195 193
270 2 2 105 22 26 205 3
271 2 2 105 22 3 205 43
272 2 2 105 22 4 203 28
273 2 2 105 22 44 203 4
274 2 2 105 22 7 206 37
275 2 2 105 22 43 206 7
276 2 2 105 22 38 204 8
277 2 2 105 22 8 204 44
278 2 2 105 22 27 200 26
279 2 2 105 22 200 205 26
280 2 2 105 22 28 201 27
281 2 2 105 22 27 201 200
282 2 2 105 22 28 203 201
283 2 2 105 22 37 202 38
284 2 2 105 22 37 206 202
285 2 2 105 22 202 204 38
286 2 2 105 22 205 206 43
287 2 2 105 22 44 204 203
288 2 2 105 22 201 202 200
289 2 2 105 22 202 206 200
290 2 2 105 22 200 206 205
291 2 2 105 22 201 204 202
292 2 2 105 22 203 204 201
293 2 2 105 26 1 209 31
294 2 2 105 26 41 209 1
295 2 2 105 26 29 210 4
296 2 2 105 26 4 210 44
297 2 2 105 26 40 211 5
298 2 2 105 26 5 211 41
299 2 2 105 26 8 212 39
300 2 2 105 26 44 212 8
301 2 2 105 26 30 207 29
302 2 2 105 26 207 210 29
303 2 2 105 26 31 208 30
304 2 2 105 26 30 208 207
305 2 2 105 26 31 209 208
306 2 2 105 26 39 208 40
307 2 2 105 26 207 208 39
308 2 2 105 26 39 212 207
309 2 2 105 26 208 211 40
310 2 2 105 26 41 211 209
311 2 2 105 26 210 212 44
312 2 2 105 26 207 212 210
313 2 2 105 26 209 211 208
314 2 2 105 27 5 32 219
315 2 2 105 27 40 5 219
316 2 2 105 27 33 6 221
317 2 2 105 27 6 34 221
318 2 2 105 27 36 7 220
319 2 2 105 27 7 37 220
320 2 2 105 27 38 8 218
321 2 2 105 27 8 39 218
322 2 2 105 27 32 33 214
323 2 2 105 27 32 214 219
324 2 2 105 27 214 33 221
325 2 2 105 27 34 35 217
326 2 2 105 27 34 217 221
327 2 2 105 27 35 36 213
328 2 2 105 27 35 213 217
329 2 2 105 27 213 36 220
330 2 2 105 27 37 38 216
331 2 2 105 27 37 216 220
332 2 2 105 27 216 38 218
333 2 2 105 27 39 40 215
334 2 2 105 27 39 215 218
335 2 2 105 27 215 40 219
336 2 2 105 27 216 213 220
337 2 2 105 27 213 216 223
338 2 2 105 27 217 213 222
339 2 2 105 27 222 213 223
340 2 2 105 27 217 214 221
341 2 2 105 27 214 217 224
342 2 2 105 27 219 214 224
343 2 2 105 27 218 215 223
344 2 2 105 27 215 219 224
345 2 2 105 27 215 222 223
346 2 2 105 27 222 215 224
347 2 2 105 27 216 218 223
348 2 2 105 27 217 222 224
349 2 2 103 101 10 45 328
350 2 2 103 101 77 10 328
351 2 2 103 101 49 11 326
352 2 2 103 101 11 50 326
353 2 2 103 101 60 12 327
354 2 2 103 101 12 61 327
355 2 2 103 101 65 13 325
356 2 2 103 101 13 87 325
357 2 2 103 101 15 88 225
358 2 2 103 101 95 15 273
359 2 2 103 101 15 225 226
360 2 2 103 101 15 226 273
361 2 2 103 101 89 16 252
362 2 2 103 101 16 90 242
363 2 2 103 101 16 242 243
364 2 2 103 101 16 243 252
365 2 2 103 101 17 82 81
366 2 2 103 101 17 81 320
367 2 2 103 101 17 92 82
368 2 2 103 101 91 17 320
369 2 2 103 101 83 82 18
370 2 2 103 101 82 93 18
371 2 2 103 101 83 18 322
372 2 2 103 101 18 94 322
373 2 2 103 101 45 46 262
374 2 2 103 101 45 262 328
375 2 2 103 101 46 47 291
376 2 2 103 101 262 46 291
377 2 2 103 101 47 48 236
378 2 2 103 101 47 236 291
379 2 2 103 101 48 49 300
380 2 2 103 101 236 48 300
381 2 2 103 101 300 49 326
382 2 2 103 101 50 51 263
383 2 2 103 101 50 263 326
384 2 2 103 101 51 52 309
385 2 2 103 101 263 51 309
386 2 2 103 101 52 53 227
387 2 2 103 101 52 227 309
388 2 2 103 101 53 54 308
389 2 2 103 101 227 53 331
390 2 2 103 101 53 308 331
391 2 2 103 101 54 55 306
392 2 2 103 101 54 306 308
393 2 2 103 101 55 56 314
394 2 2 103 101 306 55 314
395 2 2 103 101 56 57 281
396 2 2 103 101 56 281 314
397 2 2 103 101 57 58 283
398 2 2 103 101 281 57 283
399 2 2 103 101 58 59 234
400 2 2 103 101 58 234 283
401 2 2 103 101 59 60 293
402 2 2 103 101 234 59 293
403 2 2 103 101 293 60 327
404 2 2 103 101 61 62 259
405 2 2 103 101 61 259 327
406 2 2 103 101 62 63 290
407 2 2 103 101 259 62 290
408 2 2 103 101 63 64 247
409 2 2 103 101 63 247 290
410 2 2 103 101 64 65 297
411 2 2 103 101 247 64 297
412 2 2 103 101 297 65 325
413 2 2 103 101 78 77 298
414 2 2 103 101 298 77 328
415 2 2 103 101 79 78 235
416 2 2 103 101 235 78 298
417 2 2 103 101 80 79 288
418 2 2 103 101 79 235 288
419 2 2 103 101 81 80 321
420 2 2 103 101 268 80 310
421 2 2 103 101 80 268 321
422 2 2 103 101 80 288 310
423 2 2 103 101 320 81 321
424 2 2 103 101 92 93 82
425 2 2 103 101 84 83 299
426 2 2 103 101 299 83 322
427 2 2 103 101 85 84 282
428 2 2 103 101 282 84 316
429 2 2 103 101 84 299 316
430 2 2 103 101 86 85 230
431 2 2 103 101 230 85 282
432 2 2 103 101 87 86 287
433 2 2 103 101 86 230 287
434 2 2 103 101 87 287 325
435 2 2 103 101 88 89 301
436 2 2 103 101 225 88 301
437 2 2 103 101 89 252 301
438 2 2 103 101 90 91 303
439 2 2 103 101 242 90 303
440 2 2 103 101 303 91 320
441 2 2 103 101 94 95 244
442 2 2 103 101 94 244 322
443 2 2 103 101 244 95 273
444 2 2 103 101 226 225 228
445 2 2 103 101 228 225 312
446 2 2 103 101 225 301 312
447 2 2 103 101 226 228 229
448 2 2 103 101 226 229 332
449 2 2 103 101 273 226 332
450 2 2 103 101 227 277 309
451 2 2 103 101 277 227 324
452 2 2 103 101 324 227 331
453 2 2 103 101 229 228 231
454 2 2 103 101 231 228 232
455 2 2 103 101 232 228 312
456 2 2 103 101 229 231 233
457 2 2 103 101 229 233 239
458 2 2 103 101 229 239 332
459 2 2 103 101 278 230 282
460 2 2 103 101 230 278 295
461 2 2 103 101 287 230 295
462 2 2 103 101 231 232 237
463 2 2 103 101 233 231 307
464 2 2 103 101 231 237 307
465 2 2 103 101 237 232 238
466 2 2 103 101 238 232 286
467 2 2 103 101 286 232 312
468 2 2 103 101 239 233 240
469 2 2 103 101 240 233 241
470 2 2 103 101 241 233 307
471 2 2 103 101 283 234 294
472 2 2 103 101 234 293 311
473 2 2 103 101 294 234 311
474 2 2 103 101 279 235 298
475 2 2 103 101 235 279 317
476 2 2 103 101 288 235 317
477 2 2 103 101 236 275 291
478 2 2 103 101 275 236 292
479 2 2 103 101 292 236 300
480 2 2 103 101 237 238 250
481 2 2 103 101 237 250 270
482 2 2 103 101 237 270 307
483 2 2 103 101 250 238 251
484 2 2 103 101 251 238 260
485 2 2 103 101 260 238 330
486 2 2 103 101 238 286 330
487 2 2 103 101 239 240 319
488 2 2 103 101 239 289 304
489 2 2 103 101 289 239 319
490 2 2 103 101 239 304 332
491 2 2 103 101 240 241 248
492 2 2 103 101 240 248 249
493 2 2 103 101 240 249 319
494 2 2 103 101 248 241 256
495 2 2 103 101 256 241 335
496 2 2 103 101 241 307 335
497 2 2 103 101 243 242 245
498 2 2 103 101 245 242 268
499 2 2 103 101 268 242 303
500 2 2 103 101 243 245 246
501 2 2 103 101 243 246 272
502 2 2 103 101 252 243 272
503 2 2 103 101 244 273 274
504 2 2 103 101 244 274 299
505 2 2 103 101 244 299 322
506 2 2 103 101 246 245 257
507 2 2 103 101 257 245 310
508 2 2 103 101 245 268 310
509 2 2 103 101 246 257 258
510 2 2 103 101 246 258 318
511 2 2 103 101 272 246 318
512 2 2 103 101 284 247 313
513 2 2 103 101 247 284 315
514 2 2 103 101 290 247 315
515 2 2 103 101 247 297 313
516 2 2 103 101 249 248 253
517 2 2 103 101 253 248 333
518 2 2 103 101 248 256 333
519 2 2 103 101 249 253 254
520 2 2 103 101 249 254 278
521 2 2 103 101 249 278 319
522 2 2 103 101 250 251 305
523 2 2 103 101 270 250 271
524 2 2 103 101 271 250 305
525 2 2 103 101 251 260 261
526 2 2 103 101 251 261 269
527 2 2 103 101 251 269 305
528 2 2 103 101 252 272 286
529 2 2 103 101 252 286 301
530 2 2 103 101 254 253 255
531 2 2 103 101 255 253 311
532 2 2 103 101 253 294 311
533 2 2 103 101 294 253 333
534 2 2 103 101 254 255 284
535 2 2 103 101 278 254 295
536 2 2 103 101 254 284 295
537 2 2 103 101 284 255 315
538 2 2 103 101 296 255 311
539 2 2 103 101 255 296 315
540 2 2 103 101 256 329 334
541 2 2 103 101 329 256 335
542 2 2 103 101 333 256 334
543 2 2 103 101 258 257 264
544 2 2 103 101 264 257 288
545 2 2 103 101 288 257 310
546 2 2 103 101 258 264 265
547 2 2 103 101 258 265 323
548 2 2 103 101 258 285 318
549 2 2 103 101 285 258 323
550 2 2 103 101 259 290 296
551 2 2 103 101 293 259 296
552 2 2 103 101 259 293 327
553 2 2 103 101 261 260 285
554 2 2 103 101 285 260 318
555 2 2 103 101 318 260 330
556 2 2 103 101 269 261 280
557 2 2 103 101 280 261 302
558 2 2 103 101 261 285 302
559 2 2 103 101 279 262 291
560 2 2 103 101 262 279 298
561 2 2 103 101 262 298 328
562 2 2 103 101 263 277 292
563 2 2 103 101 277 263 309
564 2 2 103 101 263 292 300
565 2 2 103 101 263 300 326
566 2 2 103 101 265 264 266
567 2 2 103 101 266 264 317
568 2 2 103 101 264 288 317
569 2 2 103 101 265 266 267
570 2 2 103 101 265 267 276
571 2 2 103 101 265 276 323
572 2 2 103 101 267 266 275
573 2 2 103 101 275 266 279
574 2 2 103 101 279 266 317
575 2 2 103 101 267 275 292
576 2 2 103 101 276 267 277
577 2 2 103 101 277 267 292
578 2 2 103 101 268 303 321
579 2 2 103 101 269 280 308
580 2 2 103 101 305 269 306
581 2 2 103 101 306 269 308
582 2 2 103 101 270 271 329
583 2 2 103 101 307 270 335
584 2 2 103 101 270 329 335
585 2 2 103 101 271 305 314
586 2 2 103 101 271 314 329
587 2 2 103 101 286 272 330
588 2 2 103 101 272 318 330
589 2 2 103 101 274 273 304
590 2 2 103 101 304 273 332
591 2 2 103 101 289 274 304
592 2 2 103 101 274 289 316
593 2 2 103 101 299 274 316
594 2 2 103 101 275 279 291
595 2 2 103 101 276 277 324
596 2 2 103 101 276 302 323
597 2 2 103 101 302 276 324
598 2 2 103 101 278 282 289
599 2 2 103 101 278 289 319
600 2 2 103 101 280 302 324
601 2 2 103 101 308 280 331
602 2 2 103 101 280 324 331
603 2 2 103 101 281 283 334
604 2 2 103 101 314 281 329
605 2 2 103 101 329 281 334
606 2 2 103 101 289 282 316
607 2 2 103 101 283 294 334
608 2 2 103 101 295 284 313
609 2 2 103 101 302 285 323
610 2 2 103 101 301 286 312
611 2 2 103 101 287 295 313
612 2 2 103 101 297 287 313
613 2 2 103 101 287 297 325
614 2 2 103 101 296 290 315
615 2 2 103 101 293 296 311
616 2 2 103 101 294 333 334
617 2 2 103 101 303 320 321
618 2 2 103 101 305 306 314
619 2 2 103 102 9 10 336
620 2 2 103 102 76 9 336
621 2 2 103 102 10 77 336
622 2 2 103 102 13 14 337
623 2 2 103 102 87 13 337
624 2 2 103 102 14 66 337
625 2 2 103 102 66 67 344
626 2 2 103 102 66 87 337
627 2 2 103 102 87 66 344
628 2 2 103 102 67 68 340
629 2 2 103 102 86 67 340
630 2 2 103 102 67 86 344
631 2 2 103 102 68 69 346
632 2 2 103 102 68 85 340
633 2 2 103 102 85 68 346
634 2 2 103 102 69 70 338
635 2 2 103 102 84 69 338
636 2 2 103 102 69 84 346
637 2 2 103 102 70 71 343
638 2 2 103 102 70 83 338
639 2 2 103 102 83 70 343
640 2 2 103 102 71 72 342
641 2 2 103 102 82 71 342
642 2 2 103 102 71 82 343
643 2 2 103 102 72 73 339
644 2 2 103 102 81 72 339
645 2 2 103 102 72 81 342
646 2 2 103 102 73 74 347
647 2 2 103 102 73 80 339
648 2 2 103 102 80 73 347
649 2 2 103 102 74 75 341
650 2 2 103 102 79 74 341
651 2 2 103 102 74 79 347
652 2 2 103 102 75 76 345
653 2 2 103 102 75 78 341
654 2 2 103 102 78 75 345
655 2 2 103 102 77 76 336
656 2 2 103 102 76 77 345
657 2 2 103 102 77 78 345
658 2 2 103 102 78 79 341
659 2 2 103 102 79 80 347
660 2 2 103 102 80 81 339
661 2 2 103 102 81 82 342
662 2 2 103 102 82 83 343
663 2 2 103 102 83 84 338
664 2 2 103 102 84 85 346
665 2 2 103 102 85 86 340
666 2 2 103 102 86 87 344
667 2 2 103 200 15 88 355
668 2 2 103 200 95 15 355
669 2 2 103 200 89 16 352
670 2 2 103 200 16 90 352
671 2 2 103 200 91 17 354
672 2 2 103 200 17 92 354
673 2 2 103 200 93 18 353
674 2 2 103 200 18 94 353
675 2 2 103 200 88 89 351
676 2 2 103 200 88 351 355
677 2 2 103 200 351 89 352
678 2 2 103 200 90 91 349
679 2 2 103 200 90 349 352
680 2 2 103 200 349 91 354
681 2 2 103 200 92 93 350
682 2 2 103 200 92 350 354
683 2 2 103 200 350 93 353
684 2 2 103 200 94 95 348
685 2 2 103 200 94 348 353
686 2 2 103 200 348 95 355
687 2 2 103 200 348 349 350
688 2 2 103 200 349 348 351
689 2 2 103 200 348 350 353
690 2 2 103 200 351 348 355
691 2 2 103 200 350 349 354
692 2 2 103 200 349 351 352
693 4 2 1 1 368 423 396 445
694 4 2 1 1 346 69 68 566
695 4 2 1 1 48 47 236 427
696 4 2 1 1 78 341 79 519
697 4 2 1 1 247 297 64 440
698 4 2 1 1 74 75 341 544
699 4 2 1 1 13 428 65 507
700 4 2 1 1 82 92 17 489
701 4 2 1 1 120 434 363 510
702 4 2 1 1 84 85 346 494
703 4 2 1 1 517 544 442 557
704 4 2 1 1 82 17 92 455
705 4 2 1 1 65 468 64 485
706 4 2 1 1 294 333 150 334
707 4 2 1 1 406 456 405 498
708 4 2 1 1 45 46 448 479
709 4 2 1 1 71 445 444 499
710 4 2 1 1 14 498 459 562
711 4 2 1 1 15 225 88 509
712 4 2 1 1 292 300 236 529
713 4 2 1 1 262 298 279 461
714 4 2 1 1 417 458 433 546
715 4 2 1 1 407 562 426 563
716 4 2 1 1 361 369 363 379
717 4 2 1 1 389 468 428 485
718 4 2 1 1 401 499 394 537
719 4 2 1 1 299 274 316 551
720 4 2 1 1 298 235 279 461
721 4 2 1 1 64 65 467 468
722 4 2 1 1 374 426 425 562
723 4 2 1 1 70 482 71 499
724 4 2 1 1 313 295 287 438
725 4 2 1 1 71 482 445 499
726 4 2 1 1 357 363 361 369
727 4 2 1 1 366 365 413 482
728 4 2 1 1 417 433 458 560
729 4 2 1 1 275 236 292 523
730 4 2 1 1 275 292 267 453
731 4 2 1 1 273 244 274 509
732 4 2 1 1 232 286 238 501
733 4 2 1 1 370 401 399 402
734 4 2 1 1 13 65 428 459
735 4 2 1 1 253 294 333 454
736 4 2 1 1 309 182 227 403
737 4 2 1 1 400 484 356 567
738 4 2 1 1 361 379 363 460
739 4 2 1 1 406 459 388 467
740 4 2 1 1 368 370 217 375
741 4 2 1 1 14 456 459 498
742 4 2 1 1 390 481 370 552
743 4 2 1 1 71 70 499 520
744 4 2 1 1 356 372 475 527
745 4 2 1 1 379 419 369 439
746 4 2 1 1 169 484 473 505
747 4 2 1 1 284 313 295 443
748 4 2 1 1 71 72 445 491
749 4 2 1 1 273 15 226 501
750 4 2 1 1 398 458 448 546
751 4 2 1 1 329 256 335 514
752 4 2 1 1 260 238 251 538
753 4 2 1 1 332 273 304 465
754 4 2 1 1 71 445 482 491
755 4 2 1 1 297 64 440 507
756 4 2 1 1 313 284 295 440
757 4 2 1 1 426 462 374 552
758 4 2 1 1 297 313 287 438
759 4 2 1 1 290 315 296 569
760 4 2 1 1 47 46 448 477
761 4 2 1 1 368 375 423 445
762 4 2 1 1 192 407 374 563
763 4 2 1 1 173 227 182 403
764 4 2 1 1 283 234 294 457
765 4 2 1 1 284 254 295 454
766 4 2 1 1 374 426 562 563
767 4 2 1 1 71 72 444 445
768 4 2 1 1 390 462 426 552
769 4 2 1 1 362 481 400 567
770 4 2 1 1 207 473 356 475
771 4 2 1 1 170 296 293 259
772 4 2 1 1 85 68 346 508
773 4 2 1 1 238 286 330 466
774 4 2 1 1 46 427 47 448
775 4 2 1 1 266 317 279 439
776 4 2 1 1 307 270 335 412
777 4 2 1 1 365 376 409 413
778 4 2 1 1 83 338 84 415
779 4 2 1 1 68 69 528 566
780 4 2 1 1 13 337 87 456
781 4 2 1 1 291 275 236 461
782 4 2 1 1 297 247 313 440
783 4 2 1 1 366 413 402 482
784 4 2 1 1 235 298 424 461
785 4 2 1 1 65 485 64 507
786 4 2 1 1 60 327 293 569
787 4 2 1 1 48 158 49 510
788 4 2 1 1 258 285 323 447
789 4 2 1 1 370 375 368 399
790 4 2 1 1 71 499 444 520
791 4 2 1 1 473 505 358 548
792 4 2 1 1 47 46 434 523
793 4 2 1 1 418 486 366 503
794 4 2 1 1 292 300 263 441
795 4 2 1 1 399 499 401 537
796 4 2 1 1 388 467 459 468
797 4 2 1 1 426 498 406 552
798 4 2 1 1 64 467 63 468
799 4 2 1 1 330 238 260 549
800 4 2 1 1 65 428 485 507
801 4 2 1 1 45 262 46 479
802 4 2 1 1 364 464 469 561
803 4 2 1 1 196 480 407 554
804 4 2 1 1 397 442 517 544
805 4 2 1 1 262 298 461 479
806 4 2 1 1 388 459 389 468
807 4 2 1 1 380 469 464 561
808 4 2 1 1 313 284 247 443
809 4 2 1 1 120 460 364 543
810 4 2 1 1 363 379 369 439
811 4 2 1 1 388 389 162 468
812 4 2 1 1 237 270 307 466
813 4 2 1 1 256 333 334 421
814 4 2 1 1 60 178 327 569
815 4 2 1 1 295 391 313 547
816 4 2 1 1 120 363 119 510
817 4 2 1 1 365 409 366 413
818 4 2 1 1 182 51 145 309
819 4 2 1 1 287 295 313 547
820 4 2 1 1 13 14 428 507
821 4 2 1 1 223 370 390 481
822 4 2 1 1 318 330 260 492
823 4 2 1 1 18 93 353 455
824 4 2 1 1 368 402 399 445
825 4 2 1 1 313 247 297 516
826 4 2 1 1 279 298 262 430
827 4 2 1 1 406 405 481 498
828 4 2 1 1 374 562 425 563
829 4 2 1 1 78 298 77 479
830 4 2 1 1 334 294 333 478
831 4 2 1 1 213 374 462 552
832 4 2 1 1 117 118 363 403
833 4 2 1 1 245 257 310 492
834 4 2 1 1 295 230 287 438
835 4 2 1 1 335 256 241 412
836 4 2 1 1 259 62 290 395
837 4 2 1 1 169 505 473 548
838 4 2 1 1 214 435 380 464
839 4 2 1 1 256 329 334 514
840 4 2 1 1 64 440 507 518
841 4 2 1 1 368 217 373 375
842 4 2 1 1 213 370 368 374
843 4 2 1 1 395 483 388 513
844 4 2 1 1 288 264 317 519
845 4 2 1 1 254 295 278 556
846 4 2 1 1 91 349 90 550
847 4 2 1 1 48 165 47 427
848 4 2 1 1 397 517 408 544
849 4 2 1 1 375 368 399 445
850 4 2 1 1 121 471 434 510
851 4 2 1 1 284 255 254 454
852 4 2 1 1 423 517 442 557
853 4 2 1 1 83 84 299 415
854 4 2 1 1 98 398 385 464
855 4 2 1 1 367 472 161 546
856 4 2 1 1 235 298 78 424
857 4 2 1 1 394 481 401 537
858 4 2 1 1 275 267 266 453
859 4 2 1 1 318 246 258 496
860 4 2 1 1 285 258 318 492
861 4 2 1 1 48 47 165 471
862 4 2 1 1 288 257 264 519
863 4 2 1 1 398 464 98 542
864 4 2 1 1 373 375 217 521
865 4 2 1 1 313 295 438 440
866 4 2 1 1 225 301 88 550
867 4 2 1 1 305 271 250 466
868 4 2 1 1 213 462 390 552
869 4 2 1 1 73 339 72 488
870 4 2 1 1 307 335 241 412
871 4 2 1 1 65 428 468 485
872 4 2 1 1 372 388 102 475
873 4 2 1 1 65 459 13 467
874 4 2 1 1 65 64 297 507
875 4 2 1 1 223 484 400 567
876 4 2 1 1 277 267 292 453
877 4 2 1 1 254 284 295 443
878 4 2 1 1 334 333 256 478
879 4 2 1 1 356 362 400 567
880 4 2 1 1 368 370 399 402
881 4 2 1 1 69 511 499 528
882 4 2 1 1 356 400 362 500
883 4 2 1 1 332 226 229 501
884 4 2 1 1 51 145 309 263
885 4 2 1 1 422 423 417 530
886 4 2 1 1 309 227 277 403
887 4 2 1 1 320 17 91 489
888 4 2 1 1 78 79 235 519
889 4 2 1 1 306 55 314 514
890 4 2 1 1 252 301 89 452
891 4 2 1 1 273 274 304 451
892 4 2 1 1 261 280 302 534
893 4 2 1 1 79 288 80 545
894 4 2 1 1 66 502 528 565
895 4 2 1 1 65 428 459 468
896 4 2 1 1 297 313 438 440
897 4 2 1 1 47 434 46 477
898 4 2 1 1 368 375 373 423
899 4 2 1 1 320 91 17 455
900 4 2 1 1 80 81 339 488
901 4 2 1 1 70 338 69 494
902 4 2 1 1 84 338 83 494
903 4 2 1 1 253 255 254 478
904 4 2 1 1 247 315 290 483
905 4 2 1 1 119 363 441 510
906 4 2 1 1 368 396 402 445
907 4 2 1 1 394 362 481 537
908 4 2 1 1 15 273 226 465
909 4 2 1 1 130 384 367 546
910 4 2 1 1 374 425 426 552
911 4 2 1 1 357 361 358 369
912 4 2 1 1 374 426 407 462
913 4 2 1 1 62 518 63 553
914 4 2 1 1 309 182 52 227
915 4 2 1 1 88 225 15 501
916 4 2 1 1 299 244 322 415
917 4 2 1 1 82 83 343 520
918 4 2 1 1 214 469 380 535
919 4 2 1 1 64 507 485 518
920 4 2 1 1 120 363 434 460
921 4 2 1 1 235 317 279 461
922 4 2 1 1 257 246 245 496
923 4 2 1 1 70 343 71 482
924 4 2 1 1 260 330 318 539
925 4 2 1 1 290 62 63 483
926 4 2 1 1 13 14 456 459
927 4 2 1 1 66 528 498 565
928 4 2 1 1 467 483 63 513
929 4 2 1 1 280 308 269 463
930 4 2 1 1 351 348 349 455
931 4 2 1 1 150 334 333 421
932 4 2 1 1 315 255 296 569
933 4 2 1 1 15 226 225 465
934 4 2 1 1 236 275 292 529
935 4 2 1 1 296 259 290 569
936 4 2 1 1 511 528 69 566
937 4 2 1 1 278 295 254 454
938 4 2 1 1 113 420 359 473
939 4 2 1 1 72 339 73 564
940 4 2 1 1 279 291 262 461
941 4 2 1 1 458 525 433 561
942 4 2 1 1 397 442 423 517
943 4 2 1 1 14 13 428 459
944 4 2 1 1 310 488 288 496
945 4 2 1 1 299 84 316 451
946 4 2 1 1 433 458 385 546
947 4 2 1 1 254 443 295 556
948 4 2 1 1 47 291 236 427
949 4 2 1 1 300 292 236 523
950 4 2 1 1 358 361 357 400
951 4 2 1 1 72 73 491 564
952 4 2 1 1 305 306 314 514
953 4 2 1 1 374 407 192 462
954 4 2 1 1 259 296 290 518
955 4 2 1 1 62 63 483 513
956 4 2 1 1 271 270 250 466
957 4 2 1 1 251 305 250 539
958 4 2 1 1 275 439 292 453
959 4 2 1 1 253 311 255 478
960 4 2 1 1 417 442 433 560
961 4 2 1 1 375 408 397 517
962 4 2 1 1 278 295 454 504
963 4 2 1 1 317 235 279 545
964 4 2 1 1 73 72 491 531
965 4 2 1 1 238 250 251 538
966 4 2 1 1 356 372 527 567
967 4 2 1 1 372 406 390 426
968 4 2 1 1 374 407 426 563
969 4 2 1 1 134 236 48 300
970 4 2 1 1 252 89 16 452
971 4 2 1 1 248 241 256 478
972 4 2 1 1 360 362 394 537
973 4 2 1 1 389 426 407 428
974 4 2 1 1 351 352 89 436
975 4 2 1 1 398 433 385 561
976 4 2 1 1 284 315 255 512
977 4 2 1 1 14 562 507 565
978 4 2 1 1 17 320 81 489
979 4 2 1 1 407 503 112 554
980 4 2 1 1 262 291 46 427
981 4 2 1 1 369 379 361 419
982 4 2 1 1 63 468 467 513
983 4 2 1 1 310 257 245 496
984 4 2 1 1 375 373 423 442
985 4 2 1 1 400 481 223 567
986 4 2 1 1 315 247 290 518
987 4 2 1 1 473 484 358 505
988 4 2 1 1 250 238 237 524
989 4 2 1 1 269 306 305 392
990 4 2 1 1 401 402 374 446
991 4 2 1 1 406 459 456 498
992 4 2 1 1 363 403 369 548
993 4 2 1 1 317 419 266 496
994 4 2 1 1 372 406 426 459
995 4 2 1 1 360 369 361 381
996 4 2 1 1 313 391 295 443
997 4 2 1 1 81 320 17 455
998 4 2 1 1 459 467 65 468
999 4 2 1 1 110 513 468 553
1000 4 2 1 1 355 88 15 436
1001 4 2 1 1 66 528 67 568
1002 4 2 1 1 357 363 369 505
1003 4 2 1 1 196 462 407 480
1004 4 2 1 1 317 279 419 545
1005 4 2 1 1 287 325 297 438
1006 4 2 1 1 247 440 64 518
1007 4 2 1 1 401 405 394 508
1008 4 2 1 1 120 121 434 510
1009 4 2 1 1 406 498 481 552
1010 4 2 1 1 63 247 64 518
1011 4 2 1 1 64 63 467 483
1012 4 2 1 1 338 84 415 511
1013 4 2 1 1 417 384 450 533
1014 4 2 1 1 361 363 357 460
1015 4 2 1 1 192 503 407 563
1016 4 2 1 1 308 306 269 392
1017 4 2 1 1 276 267 265 534
1018 4 2 1 1 47 291 46 523
1019 4 2 1 1 417 423 396 472
1020 4 2 1 1 472 487 161 546
1021 4 2 1 1 363 117 403 548
1022 4 2 1 1 102 372 475 476
1023 4 2 1 1 120 434 364 460
1024 4 2 1 1 424 461 298 479
1025 4 2 1 1 393 494 386 556
1026 4 2 1 1 315 247 284 443
1027 4 2 1 1 120 364 103 543
1028 4 2 1 1 173 52 182 227
1029 4 2 1 1 257 310 492 519
1030 4 2 1 1 396 417 367 423
1031 4 2 1 1 85 346 494 508
1032 4 2 1 1 312 225 228 549
1033 4 2 1 1 400 537 360 559
1034 4 2 1 1 63 468 513 553
1035 4 2 1 1 369 505 363 548
1036 4 2 1 1 389 485 428 554
1037 4 2 1 1 275 292 439 523
1038 4 2 1 1 324 277 227 463
1039 4 2 1 1 197 435 385 487
1040 4 2 1 1 207 99 473 475
1041 4 2 1 1 236 461 275 529
1042 4 2 1 1 192 374 486 563
1043 4 2 1 1 253 333 248 454
1044 4 2 1 1 300 441 292 523
1045 4 2 1 1 84 316 282 494
1046 4 2 1 1 207 475 356 476
1047 4 2 1 1 365 410 387 422
1048 4 2 1 1 241 335 307 524
1049 4 2 1 1 66 498 528 568
1050 4 2 1 1 332 304 239 497
1051 4 2 1 1 162 388 372 389
1052 4 2 1 1 290 395 62 483
1053 4 2 1 1 317 266 264 496
1054 4 2 1 1 360 500 362 537
1055 4 2 1 1 367 396 365 418
1056 4 2 1 1 231 232 237 495
1057 4 2 1 1 381 445 517 559
1058 4 2 1 1 417 433 487 546
1059 4 2 1 1 162 372 200 389
1060 4 2 1 1 213 370 374 552
1061 4 2 1 1 64 468 63 485
1062 4 2 1 1 112 407 25 503
1063 4 2 1 1 261 269 280 538
1064 4 2 1 1 213 390 370 552
1065 4 2 1 1 241 240 233 495
1066 4 2 1 1 266 419 317 439
1067 4 2 1 1 11 326 49 441
1068 4 2 1 1 66 502 67 528
1069 4 2 1 1 89 301 88 436
1070 4 2 1 1 289 304 239 437
1071 4 2 1 1 240 248 241 497
1072 4 2 1 1 103 364 470 543
1073 4 2 1 1 296 259 170 512
1074 4 2 1 1 320 81 321 493
1075 4 2 1 1 283 153 234 457
1076 4 2 1 1 393 386 437 556
1077 4 2 1 1 270 329 335 514
1078 4 2 1 1 234 283 58 153
1079 4 2 1 1 372 426 389 459
1080 4 2 1 1 381 382 369 419
1081 4 2 1 1 399 444 381 445
1082 4 2 1 1 361 400 360 559
1083 4 2 1 1 349 350 348 550
1084 4 2 1 1 313 247 284 440
1085 4 2 1 1 266 279 275 439
1086 4 2 1 1 194 374 368 486
1087 4 2 1 1 399 445 482 499
1088 4 2 1 1 84 282 85 494
1089 4 2 1 1 46 291 47 427
1090 4 2 1 1 447 449 133 534
1091 4 2 1 1 359 420 371 473
1092 4 2 1 1 89 88 351 436
1093 4 2 1 1 63 513 62 553
1094 4 2 1 1 366 402 418 482
1095 4 2 1 1 360 400 500 537
1096 4 2 1 1 74 341 408 544
1097 4 2 1 1 398 458 433 561
1098 4 2 1 1 398 385 433 458
1099 4 2 1 1 294 234 311 569
1100 4 2 1 1 399 401 370 537
1101 4 2 1 1 427 448 46 479
1102 4 2 1 1 85 86 340 429
1103 4 2 1 1 362 500 400 537
1104 4 2 1 1 385 458 398 546
1105 4 2 1 1 365 422 387 491
1106 4 2 1 1 370 399 537 559
1107 4 2 1 1 262 427 46 479
1108 4 2 1 1 366 418 365 482
1109 4 2 1 1 265 323 258 540
1110 4 2 1 1 264 288 317 496
1111 4 2 1 1 227 403 173 463
1112 4 2 1 1 174 365 376 409
1113 4 2 1 1 406 426 459 498
1114 4 2 1 1 312 301 225 549
1115 4 2 1 1 77 78 345 430
1116 4 2 1 1 259 395 290 569
1117 4 2 1 1 388 483 395 522
1118 4 2 1 1 69 70 499 511
1119 4 2 1 1 394 386 494 556
1120 4 2 1 1 355 348 351 436
1121 4 2 1 1 295 278 230 504
1122 4 2 1 1 86 344 87 438
1123 4 2 1 1 235 298 279 545
1124 4 2 1 1 372 388 475 527
1125 4 2 1 1 311 294 253 512
1126 4 2 1 1 192 25 407 503
1127 4 2 1 1 74 408 341 545
1128 4 2 1 1 45 448 46 477
1129 4 2 1 1 214 380 469 470
1130 4 2 1 1 373 435 195 487
1131 4 2 1 1 45 46 474 477
1132 4 2 1 1 243 16 252 492
1133 4 2 1 1 255 284 254 443
1134 4 2 1 1 246 243 245 452
1135 4 2 1 1 16 352 90 493
1136 4 2 1 1 227 173 331 463
1137 4 2 1 1 161 367 418 472
1138 4 2 1 1 369 381 360 382
1139 4 2 1 1 283 294 334 457
1140 4 2 1 1 294 420 234 569
1141 4 2 1 1 284 295 440 454
1142 4 2 1 1 417 433 373 487
1143 4 2 1 1 272 318 330 452
1144 4 2 1 1 289 282 278 451
1145 4 2 1 1 403 439 369 453
1146 4 2 1 1 256 334 329 532
1147 4 2 1 1 417 472 367 546
1148 4 2 1 1 371 395 483 522
1149 4 2 1 1 46 474 434 523
1150 4 2 1 1 291 236 427 461
1151 4 2 1 1 301 252 286 452
1152 4 2 1 1 286 272 252 549
1153 4 2 1 1 266 317 264 449
1154 4 2 1 1 175 418 366 503
1155 4 2 1 1 185 464 364 542
1156 4 2 1 1 256 248 333 421
1157 4 2 1 1 372 388 406 459
1158 4 2 1 1 310 80 288 488
1159 4 2 1 1 348 353 350 455
1160 4 2 1 1 62 259 61 395
1161 4 2 1 1 84 346 85 504
1162 4 2 1 1 365 367 132 410
1163 4 2 1 1 182 309 145 403
1164 4 2 1 1 134 236 300 529
1165 4 2 1 1 47 434 510 523
1166 4 2 1 1 76 9 336 431
1167 4 2 1 1 245 310 490 492
1168 4 2 1 1 354 349 91 489
1169 4 2 1 1 287 230 295 547
1170 4 2 1 1 165 47 427 448
1171 4 2 1 1 213 368 194 374
1172 4 2 1 1 381 445 444 517
1173 4 2 1 1 290 443 315 569
1174 4 2 1 1 396 365 418 482
1175 4 2 1 1 367 422 417 530
1176 4 2 1 1 45 479 448 533
1177 4 2 1 1 316 84 282 504
1178 4 2 1 1 385 398 128 546
1179 4 2 1 1 72 81 342 444
1180 4 2 1 1 192 486 503 563
1181 4 2 1 1 110 388 162 468
1182 4 2 1 1 426 498 425 562
1183 4 2 1 1 310 257 288 519
1184 4 2 1 1 357 400 361 535
1185 4 2 1 1 303 91 320 493
1186 4 2 1 1 362 386 360 394
1187 4 2 1 1 88 355 351 436
1188 4 2 1 1 482 499 70 511
1189 4 2 1 1 318 285 260 539
1190 4 2 1 1 400 484 358 500
1191 4 2 1 1 349 354 91 455
1192 4 2 1 1 178 12 61 179
1193 4 2 1 1 264 449 317 519
1194 4 2 1 1 326 145 263 441
1195 4 2 1 1 332 226 273 465
1196 4 2 1 1 394 405 401 481
1197 4 2 1 1 247 315 284 440
1198 4 2 1 1 362 406 405 481
1199 4 2 1 1 396 418 402 482
1200 4 2 1 1 48 47 510 523
1201 4 2 1 1 194 213 374 462
1202 4 2 1 1 320 91 303 490
1203 4 2 1 1 432 434 379 460
1204 4 2 1 1 349 348 350 455
1205 4 2 1 1 308 331 53 463
1206 4 2 1 1 299 316 494 551
1207 4 2 1 1 294 454 253 512
1208 4 2 1 1 316 274 289 437
1209 4 2 1 1 375 399 370 559
1210 4 2 1 1 379 430 419 439
1211 4 2 1 1 401 374 425 446
1212 4 2 1 1 291 427 262 461
1213 4 2 1 1 295 443 429 556
1214 4 2 1 1 259 293 327 569
1215 4 2 1 1 400 481 362 537
1216 4 2 1 1 165 47 448 471
1217 4 2 1 1 207 473 169 484
1218 4 2 1 1 295 230 438 504
1219 4 2 1 1 234 420 294 457
1220 4 2 1 1 396 402 445 482
1221 4 2 1 1 398 448 128 546
1222 4 2 1 1 377 387 365 410
1223 4 2 1 1 369 359 392 404
1224 4 2 1 1 375 397 423 517
1225 4 2 1 1 310 245 493 496
1226 4 2 1 1 265 264 266 496
1227 4 2 1 1 235 288 317 519
1228 4 2 1 1 326 263 300 441
1229 4 2 1 1 360 361 358 400
1230 4 2 1 1 9 431 76 442
1231 4 2 1 1 190 385 197 435
1232 4 2 1 1 396 367 422 423
1233 4 2 1 1 47 448 471 477
1234 4 2 1 1 403 439 292 523
1235 4 2 1 1 300 48 49 441
1236 4 2 1 1 223 481 390 567
1237 4 2 1 1 365 132 377 410
1238 4 2 1 1 109 102 388 475
1239 4 2 1 1 14 498 562 565
1240 4 2 1 1 149 54 308 306
1241 4 2 1 1 296 170 293 512
1242 4 2 1 1 413 402 482 511
1243 4 2 1 1 308 149 306 392
1244 4 2 1 1 174 366 365 409
1245 4 2 1 1 234 153 163 569
1246 4 2 1 1 367 410 365 422
1247 4 2 1 1 365 396 367 422
1248 4 2 1 1 241 233 307 495
1249 4 2 1 1 327 178 61 395
1250 4 2 1 1 120 121 364 434
1251 4 2 1 1 432 398 464 561
1252 4 2 1 1 306 154 55 514
1253 4 2 1 1 289 239 319 558
1254 4 2 1 1 236 427 461 529
1255 4 2 1 1 74 517 531 557
1256 4 2 1 1 292 263 277 403
1257 4 2 1 1 317 419 279 439
1258 4 2 1 1 299 415 84 451
1259 4 2 1 1 459 498 426 562
1260 4 2 1 1 408 517 375 559
1261 4 2 1 1 372 389 388 459
1262 4 2 1 1 397 442 433 521
1263 4 2 1 1 256 412 335 514
1264 4 2 1 1 245 243 242 493
1265 4 2 1 1 78 235 424 519
1266 4 2 1 1 267 529 265 534
1267 4 2 1 1 301 225 88 501
1268 4 2 1 1 259 327 61 395
1269 4 2 1 1 358 400 357 484
1270 4 2 1 1 432 460 379 555
1271 4 2 1 1 464 469 380 470
1272 4 2 1 1 45 477 525 533
1273 4 2 1 1 254 556 278 558
1274 4 2 1 1 361 535 400 559
1275 4 2 1 1 55 306 149 154
1276 4 2 1 1 241 248 256 421
1277 4 2 1 1 15 88 355 509
1278 4 2 1 1 48 236 134 427
1279 4 2 1 1 305 251 269 539
1280 4 2 1 1 9 76 450 557
1281 4 2 1 1 45 10 525 536
1282 4 2 1 1 335 241 256 421
1283 4 2 1 1 353 350 93 489
1284 4 2 1 1 434 471 121 542
1285 4 2 1 1 55 154 314 514
1286 4 2 1 1 309 277 263 403
1287 4 2 1 1 269 261 280 539
1288 4 2 1 1 356 484 400 500
1289 4 2 1 1 426 462 390 506
1290 4 2 1 1 241 233 240 497
1291 4 2 1 1 73 72 445 517
1292 4 2 1 1 385 435 190 464
1293 4 2 1 1 367 417 396 472
1294 4 2 1 1 215 400 357 535
1295 4 2 1 1 433 435 373 487
1296 4 2 1 1 355 15 95 551
1297 4 2 1 1 245 242 243 490
1298 4 2 1 1 401 508 528 568
1299 4 2 1 1 256 329 335 532
1300 4 2 1 1 326 145 50 263
1301 4 2 1 1 15 95 273 509
1302 4 2 1 1 63 518 485 553
1303 4 2 1 1 384 128 448 546
1304 4 2 1 1 361 381 369 419
1305 4 2 1 1 246 258 257 492
1306 4 2 1 1 225 226 15 501
1307 4 2 1 1 254 443 556 558
1308 4 2 1 1 85 340 86 504
1309 4 2 1 1 374 370 401 552
1310 4 2 1 1 394 429 386 556
1311 4 2 1 1 230 86 287 438
1312 4 2 1 1 274 437 316 551
1313 4 2 1 1 290 395 483 569
1314 4 2 1 1 286 452 330 466
1315 4 2 1 1 223 400 370 481
1316 4 2 1 1 313 443 247 483
1317 4 2 1 1 362 386 394 429
1318 4 2 1 1 350 353 93 455
1319 4 2 1 1 217 368 213 370
1320 4 2 1 1 48 47 471 510
1321 4 2 1 1 147 392 463 548
1322 4 2 1 1 310 493 488 496
1323 4 2 1 1 103 125 20 542
1324 4 2 1 1 399 445 402 482
1325 4 2 1 1 381 517 408 559
1326 4 2 1 1 399 482 402 499
1327 4 2 1 1 315 284 255 443
1328 4 2 1 1 394 494 429 556
1329 4 2 1 1 196 407 112 554
1330 4 2 1 1 319 289 278 497
1331 4 2 1 1 13 459 456 467
1332 4 2 1 1 45 525 10 533
1333 4 2 1 1 386 393 360 494
1334 4 2 1 1 262 461 427 479
1335 4 2 1 1 245 268 310 493
1336 4 2 1 1 389 480 97 554
1337 4 2 1 1 356 484 218 567
1338 4 2 1 1 417 533 450 560
1339 4 2 1 1 309 263 145 403
1340 4 2 1 1 353 348 350 509
1341 4 2 1 1 304 289 274 437
1342 4 2 1 1 95 244 273 509
1343 4 2 1 1 241 307 233 524
1344 4 2 1 1 417 530 423 557
1345 4 2 1 1 388 395 513 522
1346 4 2 1 1 178 395 327 569
1347 4 2 1 1 290 483 443 569
1348 4 2 1 1 438 413 504 566
1349 4 2 1 1 387 422 410 519
1350 4 2 1 1 364 469 464 470
1351 4 2 1 1 272 286 330 549
1352 4 2 1 1 73 531 491 564
1353 4 2 1 1 374 402 368 486
1354 4 2 1 1 277 403 227 463
1355 4 2 1 1 226 332 273 437
1356 4 2 1 1 275 266 439 453
1357 4 2 1 1 295 429 391 547
1358 4 2 1 1 460 470 364 543
1359 4 2 1 1 375 423 397 442
1360 4 2 1 1 282 85 494 556
1361 4 2 1 1 297 440 438 507
1362 4 2 1 1 195 368 373 472
1363 4 2 1 1 249 253 254 478
1364 4 2 1 1 231 229 233 524
1365 4 2 1 1 499 511 402 528
1366 4 2 1 1 177 518 62 553
1367 4 2 1 1 428 507 14 562
1368 4 2 1 1 116 117 118 363
1369 4 2 1 1 254 249 278 454
1370 4 2 1 1 315 443 290 483
1371 4 2 1 1 200 389 372 506
1372 4 2 1 1 294 311 253 478
1373 4 2 1 1 268 80 310 488
1374 4 2 1 1 357 369 358 505
1375 4 2 1 1 358 505 369 548
1376 4 2 1 1 269 280 463 539
1377 4 2 1 1 103 185 364 542
1378 4 2 1 1 232 312 286 501
1379 4 2 1 1 292 263 403 441
1380 4 2 1 1 10 9 336 479
1381 4 2 1 1 363 460 120 505
1382 4 2 1 1 257 449 264 519
1383 4 2 1 1 375 442 397 521
1384 4 2 1 1 361 469 397 555
1385 4 2 1 1 363 474 439 523
1386 4 2 1 1 299 322 83 415
1387 4 2 1 1 237 307 231 495
1388 4 2 1 1 60 293 163 569
1389 4 2 1 1 359 386 371 420
1390 4 2 1 1 401 405 508 568
1391 4 2 1 1 235 410 317 461
1392 4 2 1 1 217 435 373 521
1393 4 2 1 1 291 279 262 439
1394 4 2 1 1 298 430 279 545
1395 4 2 1 1 369 403 463 548
1396 4 2 1 1 179 61 178 395
1397 4 2 1 1 217 195 368 373
1398 4 2 1 1 270 307 335 524
1399 4 2 1 1 382 383 360 404
1400 4 2 1 1 63 485 468 553
1401 4 2 1 1 405 406 362 456
1402 4 2 1 1 70 343 482 511
1403 4 2 1 1 310 268 245 490
1404 4 2 1 1 233 229 239 497
1405 4 2 1 1 284 255 454 512
1406 4 2 1 1 48 471 158 510
1407 4 2 1 1 222 375 370 559
1408 4 2 1 1 256 334 457 514
1409 4 2 1 1 136 468 389 485
1410 4 2 1 1 384 424 417 450
1411 4 2 1 1 62 483 395 513
1412 4 2 1 1 336 76 77 479
1413 4 2 1 1 237 250 270 466
1414 4 2 1 1 246 452 245 496
1415 4 2 1 1 292 144 300 529
1416 4 2 1 1 219 357 469 535
1417 4 2 1 1 269 280 148 308
1418 4 2 1 1 73 445 72 531
1419 4 2 1 1 69 499 494 508
1420 4 2 1 1 417 422 367 423
1421 4 2 1 1 86 504 340 566
1422 4 2 1 1 225 88 509 550
1423 4 2 1 1 407 462 426 480
1424 4 2 1 1 9 76 336 450
1425 4 2 1 1 234 420 153 569
1426 4 2 1 1 231 228 232 501
1427 4 2 1 1 358 484 357 505
1428 4 2 1 1 364 432 398 464
1429 4 2 1 1 311 255 478 569
1430 4 2 1 1 231 232 228 549
1431 4 2 1 1 60 163 178 569
1432 4 2 1 1 268 488 310 493
1433 4 2 1 1 278 249 319 497
1434 4 2 1 1 84 413 346 504
1435 4 2 1 1 434 477 471 542
1436 4 2 1 1 388 468 110 513
1437 4 2 1 1 347 422 73 564
1438 4 2 1 1 359 420 113 457
1439 4 2 1 1 304 332 239 437
1440 4 2 1 1 9 442 76 557
1441 4 2 1 1 18 353 94 551
1442 4 2 1 1 405 401 481 498
1443 4 2 1 1 259 512 296 518
1444 4 2 1 1 230 429 295 547
1445 4 2 1 1 386 360 394 494
1446 4 2 1 1 271 305 250 538
1447 4 2 1 1 385 435 433 487
1448 4 2 1 1 63 64 485 518
1449 4 2 1 1 146 403 117 463
1450 4 2 1 1 292 439 403 453
1451 4 2 1 1 310 288 257 496
1452 4 2 1 1 318 452 246 496
1453 4 2 1 1 235 424 410 461
1454 4 2 1 1 366 402 413 446
1455 4 2 1 1 316 274 299 451
1456 4 2 1 1 261 302 280 540
1457 4 2 1 1 128 385 98 398
1458 4 2 1 1 68 85 340 508
1459 4 2 1 1 373 423 417 472
1460 4 2 1 1 235 317 410 519
1461 4 2 1 1 399 445 381 559
1462 4 2 1 1 387 422 519 564
1463 4 2 1 1 433 525 458 526
1464 4 2 1 1 425 498 426 552
1465 4 2 1 1 266 267 265 453
1466 4 2 1 1 277 292 403 453
1467 4 2 1 1 424 384 461 479
1468 4 2 1 1 86 67 344 502
1469 4 2 1 1 313 443 483 516
1470 4 2 1 1 107 487 385 546
1471 4 2 1 1 363 403 118 441
1472 4 2 1 1 398 471 448 477
1473 4 2 1 1 279 430 262 439
1474 4 2 1 1 81 72 339 488
1475 4 2 1 1 66 87 344 502
1476 4 2 1 1 53 227 173 331
1477 4 2 1 1 401 481 370 537
1478 4 2 1 1 249 248 240 497
1479 4 2 1 1 434 474 46 477
1480 4 2 1 1 175 104 418 503
1481 4 2 1 1 354 91 17 489
1482 4 2 1 1 109 475 388 522
1483 4 2 1 1 485 507 440 518
1484 4 2 1 1 334 329 281 514
1485 4 2 1 1 245 246 257 492
1486 4 2 1 1 313 483 247 516
1487 4 2 1 1 126 448 398 471
1488 4 2 1 1 119 120 116 363
1489 4 2 1 1 300 49 326 441
1490 4 2 1 1 265 258 323 449
1491 4 2 1 1 301 286 312 501
1492 4 2 1 1 171 324 227 331
1493 4 2 1 1 302 285 261 447
1494 4 2 1 1 45 477 474 536
1495 4 2 1 1 250 237 270 524
1496 4 2 1 1 365 396 422 491
1497 4 2 1 1 240 239 233 495
1498 4 2 1 1 278 454 497 504
1499 4 2 1 1 171 324 331 534
1500 4 2 1 1 226 228 225 465
1501 4 2 1 1 401 528 498 568
1502 4 2 1 1 121 103 364 542
1503 4 2 1 1 445 491 72 531
1504 4 2 1 1 119 363 118 441
1505 4 2 1 1 262 430 298 541
1506 4 2 1 1 390 406 372 567
1507 4 2 1 1 116 117 363 548
1508 4 2 1 1 116 363 120 505
1509 4 2 1 1 360 400 358 500
1510 4 2 1 1 86 67 340 508
1511 4 2 1 1 390 426 406 552
1512 4 2 1 1 265 323 276 534
1513 4 2 1 1 371 395 111 420
1514 4 2 1 1 195 472 373 487
1515 4 2 1 1 50 156 145 326
1516 4 2 1 1 364 432 464 561
1517 4 2 1 1 288 488 80 545
1518 4 2 1 1 354 17 91 455
1519 4 2 1 1 434 471 47 510
1520 4 2 1 1 149 392 308 463
1521 4 2 1 1 305 269 392 539
1522 4 2 1 1 419 453 266 496
1523 4 2 1 1 84 338 69 511
1524 4 2 1 1 189 385 190 464
1525 4 2 1 1 12 61 327 178
1526 4 2 1 1 364 434 121 542
1527 4 2 1 1 327 61 176 259
1528 4 2 1 1 152 234 311 294
1529 4 2 1 1 230 295 429 556
1530 4 2 1 1 260 238 330 539
1531 4 2 1 1 334 256 457 478
1532 4 2 1 1 303 320 321 493
1533 4 2 1 1 338 83 70 511
1534 4 2 1 1 255 443 254 478
1535 4 2 1 1 294 311 478 569
1536 4 2 1 1 237 232 238 466
1537 4 2 1 1 403 292 441 523
1538 4 2 1 1 87 325 13 456
1539 4 2 1 1 197 190 189 385
1540 4 2 1 1 407 428 426 562
1541 4 2 1 1 222 521 375 535
1542 4 2 1 1 61 177 167 62
1543 4 2 1 1 238 447 260 549
1544 4 2 1 1 297 438 325 507
1545 4 2 1 1 106 161 487 546
1546 4 2 1 1 358 361 360 369
1547 4 2 1 1 228 229 226 501
1548 4 2 1 1 305 392 306 514
1549 4 2 1 1 279 275 291 461
1550 4 2 1 1 332 229 239 495
1551 4 2 1 1 401 498 405 568
1552 4 2 1 1 308 280 331 463
1553 4 2 1 1 321 320 303 490
1554 4 2 1 1 262 328 298 479
1555 4 2 1 1 113 111 420 473
1556 4 2 1 1 223 390 515 567
1557 4 2 1 1 399 402 401 499
1558 4 2 1 1 242 243 16 493
1559 4 2 1 1 84 299 316 494
1560 4 2 1 1 268 321 80 488
1561 4 2 1 1 286 272 330 452
1562 4 2 1 1 192 418 24 486
1563 4 2 1 1 222 217 370 375
1564 4 2 1 1 196 192 407 462
1565 4 2 1 1 16 243 242 490
1566 4 2 1 1 365 482 396 491
1567 4 2 1 1 103 364 185 470
1568 4 2 1 1 214 380 521 535
1569 4 2 1 1 338 70 83 494
1570 4 2 1 1 446 528 511 566
1571 4 2 1 1 327 176 170 259
1572 4 2 1 1 413 446 402 511
1573 4 2 1 1 391 456 406 467
1574 4 2 1 1 394 362 405 481
1575 4 2 1 1 299 83 322 551
1576 4 2 1 1 258 285 318 540
1577 4 2 1 1 116 363 505 548
1578 4 2 1 1 150 151 333 294
1579 4 2 1 1 391 516 313 547
1580 4 2 1 1 380 435 214 521
1581 4 2 1 1 394 499 401 508
1582 4 2 1 1 270 335 412 514
1583 4 2 1 1 14 459 428 562
1584 4 2 1 1 356 475 372 476
1585 4 2 1 1 249 254 278 558
1586 4 2 1 1 363 434 474 523
1587 4 2 1 1 330 452 318 539
1588 4 2 1 1 417 373 433 442
1589 4 2 1 1 153 420 234 457
1590 4 2 1 1 371 483 388 522
1591 4 2 1 1 333 421 248 454
1592 4 2 1 1 374 446 402 486
1593 4 2 1 1 371 420 111 473
1594 4 2 1 1 93 350 92 489
1595 4 2 1 1 246 318 272 452
1596 4 2 1 1 433 442 397 526
1597 4 2 1 1 47 471 434 477
1598 4 2 1 1 316 282 494 556
1599 4 2 1 1 45 448 477 533
1600 4 2 1 1 253 248 249 454
1601 4 2 1 1 160 11 49 441
1602 4 2 1 1 265 266 264 449
1603 4 2 1 1 238 232 237 549
1604 4 2 1 1 120 460 115 505
1605 4 2 1 1 367 417 424 530
1606 4 2 1 1 236 134 427 529
1607 4 2 1 1 302 324 280 463
1608 4 2 1 1 358 484 473 500
1609 4 2 1 1 291 474 46 523
1610 4 2 1 1 87 337 13 507
1611 4 2 1 1 444 445 399 499
1612 4 2 1 1 248 240 241 558
1613 4 2 1 1 297 325 65 507
1614 4 2 1 1 342 81 72 564
1615 4 2 1 1 334 457 294 478
1616 4 2 1 1 248 256 333 478
1617 4 2 1 1 255 253 254 454
1618 4 2 1 1 393 494 520 537
1619 4 2 1 1 288 317 419 545
1620 4 2 1 1 275 279 291 439
1621 4 2 1 1 411 428 378 503
1622 4 2 1 1 62 395 61 513
1623 4 2 1 1 401 508 499 528
1624 4 2 1 1 238 466 330 539
1625 4 2 1 1 99 207 108 475
1626 4 2 1 1 173 53 331 463
1627 4 2 1 1 61 167 259 62
1628 4 2 1 1 280 331 324 534
1629 4 2 1 1 367 384 130 410
1630 4 2 1 1 207 108 475 476
1631 4 2 1 1 391 362 406 456
1632 4 2 1 1 260 447 238 538
1633 4 2 1 1 264 257 288 496
1634 4 2 1 1 257 492 449 519
1635 4 2 1 1 10 336 9 541
1636 4 2 1 1 92 350 93 455
1637 4 2 1 1 200 480 389 506
1638 4 2 1 1 417 458 533 560
1639 4 2 1 1 368 418 193 486
1640 4 2 1 1 391 429 295 443
1641 4 2 1 1 169 207 99 473
1642 4 2 1 1 81 320 455 493
1643 4 2 1 1 270 412 307 466
1644 4 2 1 1 190 435 33 464
1645 4 2 1 1 301 225 549 550
1646 4 2 1 1 61 395 179 513
1647 4 2 1 1 142 513 110 553
1648 4 2 1 1 308 392 269 463
1649 4 2 1 1 273 451 304 465
1650 4 2 1 1 380 469 397 535
1651 4 2 1 1 277 276 267 453
1652 4 2 1 1 269 148 280 538
1653 4 2 1 1 389 426 372 506
1654 4 2 1 1 273 274 451 509
1655 4 2 1 1 398 432 364 477
1656 4 2 1 1 267 275 266 461
1657 4 2 1 1 357 460 363 505
1658 4 2 1 1 265 276 323 540
1659 4 2 1 1 433 442 373 521
1660 4 2 1 1 177 62 61 553
1661 4 2 1 1 378 428 411 507
1662 4 2 1 1 78 424 298 479
1663 4 2 1 1 375 397 408 559
1664 4 2 1 1 499 520 494 537
1665 4 2 1 1 347 73 80 564
1666 4 2 1 1 390 372 506 567
1667 4 2 1 1 387 491 422 564
1668 4 2 1 1 285 447 258 492
1669 4 2 1 1 247 443 315 483
1670 4 2 1 1 407 411 428 562
1671 4 2 1 1 392 369 404 463
1672 4 2 1 1 111 371 475 522
1673 4 2 1 1 286 466 238 501
1674 4 2 1 1 490 492 310 519
1675 4 2 1 1 195 373 217 435
1676 4 2 1 1 76 336 77 541
1677 4 2 1 1 59 293 234 569
1678 4 2 1 1 78 75 341 530
1679 4 2 1 1 381 444 399 537
1680 4 2 1 1 438 502 366 566
1681 4 2 1 1 64 467 65 516
1682 4 2 1 1 162 102 372 388
1683 4 2 1 1 230 278 295 556
1684 4 2 1 1 389 407 426 480
1685 4 2 1 1 363 379 439 474
1686 4 2 1 1 375 517 445 559
1687 4 2 1 1 169 100 505 548
1688 4 2 1 1 305 314 271 514
1689 4 2 1 1 14 66 498 565
1690 4 2 1 1 74 341 79 545
1691 4 2 1 1 80 339 81 564
1692 4 2 1 1 261 280 447 538
1693 4 2 1 1 246 318 258 492
1694 4 2 1 1 433 385 487 546
1695 4 2 1 1 427 461 384 479
1696 4 2 1 1 396 418 367 472
1697 4 2 1 1 306 149 154 392
1698 4 2 1 1 278 497 451 504
1699 4 2 1 1 372 356 476 567
1700 4 2 1 1 397 408 361 431
1701 4 2 1 1 207 356 473 484
1702 4 2 1 1 301 286 252 549
1703 4 2 1 1 389 428 407 554
1704 4 2 1 1 194 374 192 462
1705 4 2 1 1 295 438 409 504
1706 4 2 1 1 114 359 457 514
1707 4 2 1 1 379 361 419 430
1708 4 2 1 1 349 354 350 489
1709 4 2 1 1 305 271 466 514
1710 4 2 1 1 63 247 290 483
1711 4 2 1 1 16 243 252 452
1712 4 2 1 1 398 385 464 561
1713 4 2 1 1 397 469 361 535
1714 4 2 1 1 45 536 474 541
1715 4 2 1 1 274 289 304 451
1716 4 2 1 1 378 485 428 507
1717 4 2 1 1 325 65 13 516
1718 4 2 1 1 211 219 357 543
1719 4 2 1 1 258 318 496 540
1720 4 2 1 1 272 330 318 492
1721 4 2 1 1 417 424 530 557
1722 4 2 1 1 375 373 442 521
1723 4 2 1 1 349 348 351 550
1724 4 2 1 1 207 212 476 484
1725 4 2 1 1 361 408 397 559
1726 4 2 1 1 266 419 439 453
1727 4 2 1 1 287 87 325 438
1728 4 2 1 1 350 354 349 455
1729 4 2 1 1 332 304 273 437
1730 4 2 1 1 141 114 457 514
1731 4 2 1 1 223 370 213 390
1732 4 2 1 1 408 419 361 430
1733 4 2 1 1 366 378 105 503
1734 4 2 1 1 20 125 98 542
1735 4 2 1 1 433 526 397 561
1736 4 2 1 1 315 443 255 569
1737 4 2 1 1 258 447 323 449
1738 4 2 1 1 360 359 383 386
1739 4 2 1 1 356 476 218 484
1740 4 2 1 1 161 472 191 487
1741 4 2 1 1 246 257 258 496
1742 4 2 1 1 341 408 544 545
1743 4 2 1 1 375 222 535 559
1744 4 2 1 1 162 110 102 388
1745 4 2 1 1 205 462 196 480
1746 4 2 1 1 379 361 431 555
1747 4 2 1 1 45 10 536 541
1748 4 2 1 1 369 403 363 439
1749 4 2 1 1 143 162 389 468
1750 4 2 1 1 402 401 499 528
1751 4 2 1 1 129 131 410 461
1752 4 2 1 1 446 402 511 528
1753 4 2 1 1 169 473 101 548
1754 4 2 1 1 316 451 84 504
1755 4 2 1 1 306 392 154 514
1756 4 2 1 1 444 445 72 517
1757 4 2 1 1 456 467 391 516
1758 4 2 1 1 423 445 375 517
1759 4 2 1 1 364 464 398 542
1760 4 2 1 1 369 382 360 404
1761 4 2 1 1 417 533 458 546
1762 4 2 1 1 266 317 449 461
1763 4 2 1 1 246 272 243 452
1764 4 2 1 1 97 480 26 554
1765 4 2 1 1 288 419 317 496
1766 4 2 1 1 409 438 413 504
1767 4 2 1 1 97 162 200 389
1768 4 2 1 1 409 438 295 440
1769 4 2 1 1 460 469 364 470
1770 4 2 1 1 261 285 260 447
1771 4 2 1 1 207 476 356 484
1772 4 2 1 1 379 361 408 431
1773 4 2 1 1 328 262 298 541
1774 4 2 1 1 266 279 317 461
1775 4 2 1 1 237 466 307 495
1776 4 2 1 1 9 557 450 560
1777 4 2 1 1 288 488 419 496
1778 4 2 1 1 372 426 390 506
1779 4 2 1 1 304 289 239 497
1780 4 2 1 1 441 510 363 523
1781 4 2 1 1 425 528 502 565
1782 4 2 1 1 301 252 89 550
1783 4 2 1 1 403 453 369 463
1784 4 2 1 1 158 48 165 471
1785 4 2 1 1 419 279 439 545
1786 4 2 1 1 311 152 294 512
1787 4 2 1 1 120 119 121 510
1788 4 2 1 1 410 424 384 461
1789 4 2 1 1 77 345 76 544
1790 4 2 1 1 417 423 373 442
1791 4 2 1 1 313 391 443 516
1792 4 2 1 1 346 504 413 566
1793 4 2 1 1 360 393 386 437
1794 4 2 1 1 342 444 81 455
1795 4 2 1 1 223 218 484 567
1796 4 2 1 1 473 484 356 500
1797 4 2 1 1 367 384 417 546
1798 4 2 1 1 75 345 78 544
1799 4 2 1 1 15 465 225 509
1800 4 2 1 1 388 483 467 513
1801 4 2 1 1 333 294 151 454
1802 4 2 1 1 284 440 315 512
1803 4 2 1 1 232 238 466 501
1804 4 2 1 1 76 442 431 544
1805 4 2 1 1 85 282 84 504
1806 4 2 1 1 383 359 404 466
1807 4 2 1 1 288 235 317 545
1808 4 2 1 1 278 282 230 504
1809 4 2 1 1 393 520 444 537
1810 4 2 1 1 444 520 499 537
1811 4 2 1 1 413 482 415 511
1812 4 2 1 1 294 253 333 478
1813 4 2 1 1 241 412 256 478
1814 4 2 1 1 259 327 395 569
1815 4 2 1 1 417 384 533 546
1816 4 2 1 1 208 484 169 505
1817 4 2 1 1 411 507 562 565
1818 4 2 1 1 146 173 182 403
1819 4 2 1 1 364 434 432 460
1820 4 2 1 1 272 286 252 452
1821 4 2 1 1 370 481 400 537
1822 4 2 1 1 352 90 349 550
1823 4 2 1 1 388 513 122 522
1824 4 2 1 1 467 483 388 527
1825 4 2 1 1 83 322 18 415
1826 4 2 1 1 300 326 157 263
1827 4 2 1 1 373 435 433 521
1828 4 2 1 1 228 229 231 465
1829 4 2 1 1 267 276 265 453
1830 4 2 1 1 382 369 419 496
1831 4 2 1 1 280 148 534 538
1832 4 2 1 1 71 72 342 444
1833 4 2 1 1 363 434 379 474
1834 4 2 1 1 390 406 481 552
1835 4 2 1 1 265 266 453 496
1836 4 2 1 1 69 70 494 499
1837 4 2 1 1 287 297 325 547
1838 4 2 1 1 409 413 376 451
1839 4 2 1 1 255 311 296 569
1840 4 2 1 1 389 480 426 506
1841 4 2 1 1 85 230 86 429
1842 4 2 1 1 91 90 303 490
1843 4 2 1 1 361 469 357 535
1844 4 2 1 1 145 326 156 441
1845 4 2 1 1 294 150 283 334
1846 4 2 1 1 406 527 372 567
1847 4 2 1 1 85 68 340 566
1848 4 2 1 1 227 331 324 463
1849 4 2 1 1 362 391 386 429
1850 4 2 1 1 315 440 247 518
1851 4 2 1 1 396 482 445 491
1852 4 2 1 1 11 156 326 441
1853 4 2 1 1 352 16 90 550
1854 4 2 1 1 206 462 480 506
1855 4 2 1 1 198 195 435 487
1856 4 2 1 1 248 241 478 558
1857 4 2 1 1 94 353 348 551
1858 4 2 1 1 430 439 279 545
1859 4 2 1 1 90 91 303 493
1860 4 2 1 1 86 87 287 438
1861 4 2 1 1 474 477 434 536
1862 4 2 1 1 428 503 407 554
1863 4 2 1 1 392 404 359 466
1864 4 2 1 1 289 316 282 451
1865 4 2 1 1 196 25 112 407
1866 4 2 1 1 92 354 17 489
1867 4 2 1 1 289 451 278 497
1868 4 2 1 1 397 431 361 555
1869 4 2 1 1 48 49 441 510
1870 4 2 1 1 89 252 16 550
1871 4 2 1 1 254 478 443 558
1872 4 2 1 1 376 421 454 497
1873 4 2 1 1 273 95 15 551
1874 4 2 1 1 425 446 374 563
1875 4 2 1 1 45 328 262 479
1876 4 2 1 1 124 420 395 569
1877 4 2 1 1 409 440 295 454
1878 4 2 1 1 74 488 408 545
1879 4 2 1 1 369 463 392 548
1880 4 2 1 1 498 528 425 565
1881 4 2 1 1 77 298 78 430
1882 4 2 1 1 201 372 102 476
1883 4 2 1 1 391 483 467 527
1884 4 2 1 1 419 488 288 545
1885 4 2 1 1 114 392 359 514
1886 4 2 1 1 409 454 295 504
1887 4 2 1 1 432 469 460 555
1888 4 2 1 1 382 404 369 496
1889 4 2 1 1 257 258 264 449
1890 4 2 1 1 145 403 263 441
1891 4 2 1 1 371 388 483 527
1892 4 2 1 1 259 290 62 518
1893 4 2 1 1 408 430 379 431
1894 4 2 1 1 372 202 506 515
1895 4 2 1 1 194 368 193 486
1896 4 2 1 1 290 247 63 518
1897 4 2 1 1 46 291 262 474
1898 4 2 1 1 67 86 340 566
1899 4 2 1 1 256 421 334 532
1900 4 2 1 1 17 354 92 455
1901 4 2 1 1 189 98 107 385
1902 4 2 1 1 296 293 311 512
1903 4 2 1 1 15 273 465 509
1904 4 2 1 1 147 146 117 463
1905 4 2 1 1 92 350 354 489
1906 4 2 1 1 261 447 280 534
1907 4 2 1 1 380 397 521 535
1908 4 2 1 1 415 482 343 511
1909 4 2 1 1 10 336 77 479
1910 4 2 1 1 67 66 344 502
1911 4 2 1 1 401 446 425 528
1912 4 2 1 1 10 479 45 533
1913 4 2 1 1 337 87 66 565
1914 4 2 1 1 48 134 165 427
1915 4 2 1 1 382 419 381 488
1916 4 2 1 1 234 152 150 294
1917 4 2 1 1 271 270 466 514
1918 4 2 1 1 222 370 400 559
1919 4 2 1 1 337 507 87 565
1920 4 2 1 1 241 307 412 495
1921 4 2 1 1 163 124 395 569
1922 4 2 1 1 130 132 367 410
1923 4 2 1 1 218 476 212 484
1924 4 2 1 1 367 424 422 530
1925 4 2 1 1 13 14 337 456
1926 4 2 1 1 425 446 411 502
1927 4 2 1 1 402 446 401 528
1928 4 2 1 1 107 197 385 487
1929 4 2 1 1 322 83 18 551
1930 4 2 1 1 213 217 35 368
1931 4 2 1 1 301 549 252 550
1932 4 2 1 1 109 102 110 388
1933 4 2 1 1 350 92 354 455
1934 4 2 1 1 215 357 400 484
1935 4 2 1 1 370 537 400 559
1936 4 2 1 1 276 463 324 540
1937 4 2 1 1 357 469 460 470
1938 4 2 1 1 379 474 434 536
1939 4 2 1 1 208 211 357 543
1940 4 2 1 1 377 410 132 449
1941 4 2 1 1 261 302 447 534
1942 4 2 1 1 107 106 487 546
1943 4 2 1 1 422 423 530 531
1944 4 2 1 1 26 480 205 554
1945 4 2 1 1 167 170 259 512
1946 4 2 1 1 86 344 67 568
1947 4 2 1 1 130 132 365 367
1948 4 2 1 1 226 332 229 465
1949 4 2 1 1 268 321 488 493
1950 4 2 1 1 16 252 492 550
1951 4 2 1 1 87 66 344 568
1952 4 2 1 1 404 382 452 496
1953 4 2 1 1 85 429 340 508
1954 4 2 1 1 305 466 250 539
1955 4 2 1 1 365 366 175 418
1956 4 2 1 1 278 451 282 504
1957 4 2 1 1 219 469 357 470
1958 4 2 1 1 76 442 544 557
1959 4 2 1 1 434 363 510 523
1960 4 2 1 1 229 228 231 495
1961 4 2 1 1 413 438 366 566
1962 4 2 1 1 213 35 194 368
1963 4 2 1 1 97 389 200 480
1964 4 2 1 1 270 271 329 514
1965 4 2 1 1 82 81 342 489
1966 4 2 1 1 402 499 482 511
1967 4 2 1 1 410 424 235 519
1968 4 2 1 1 388 406 467 527
1969 4 2 1 1 94 322 18 551
1970 4 2 1 1 68 340 67 508
1971 4 2 1 1 103 20 185 542
1972 4 2 1 1 196 192 25 407
1973 4 2 1 1 397 408 431 544
1974 4 2 1 1 294 478 420 569
1975 4 2 1 1 252 272 243 492
1976 4 2 1 1 18 82 93 520
1977 4 2 1 1 77 430 345 544
1978 4 2 1 1 371 391 386 500
1979 4 2 1 1 345 430 78 544
1980 4 2 1 1 280 148 331 534
1981 4 2 1 1 304 274 273 437
1982 4 2 1 1 338 415 83 511
1983 4 2 1 1 383 404 382 452
1984 4 2 1 1 179 513 395 522
1985 4 2 1 1 417 487 472 546
1986 4 2 1 1 310 80 268 564
1987 4 2 1 1 82 342 81 455
1988 4 2 1 1 91 455 320 493
1989 4 2 1 1 103 470 185 543
1990 4 2 1 1 76 431 336 541
1991 4 2 1 1 336 431 9 541
1992 4 2 1 1 86 438 230 504
1993 4 2 1 1 380 433 435 521
1994 4 2 1 1 426 480 462 506
1995 4 2 1 1 86 340 429 508
1996 4 2 1 1 215 400 223 484
1997 4 2 1 1 302 276 324 540
1998 4 2 1 1 384 410 367 424
1999 4 2 1 1 149 308 147 463
2000 4 2 1 1 379 434 363 460
2001 4 2 1 1 368 402 396 418
2002 4 2 1 1 86 344 438 502
2003 4 2 1 1 98 464 184 542
2004 4 2 1 1 254 253 249 454
2005 4 2 1 1 40 357 215 484
2006 4 2 1 1 364 469 432 561
2007 4 2 1 1 197 198 435 487
2008 4 2 1 1 417 450 424 557
2009 4 2 1 1 274 316 289 451
2010 4 2 1 1 278 454 249 497
2011 4 2 1 1 96 367 365 418
2012 4 2 1 1 87 438 344 502
2013 4 2 1 1 192 193 418 486
2014 4 2 1 1 265 264 258 449
2015 4 2 1 1 23 161 96 418
2016 4 2 1 1 369 392 359 548
2017 4 2 1 1 175 104 24 418
2018 4 2 1 1 31 505 115 543
2019 4 2 1 1 265 529 449 534
2020 4 2 1 1 491 531 422 564
2021 4 2 1 1 143 110 162 468
2022 4 2 1 1 192 374 194 486
2023 4 2 1 1 332 465 304 497
2024 4 2 1 1 391 467 406 527
2025 4 2 1 1 79 347 80 519
2026 4 2 1 1 238 250 237 466
2027 4 2 1 1 372 406 388 527
2028 4 2 1 1 117 463 403 548
2029 4 2 1 1 171 331 148 534
2030 4 2 1 1 294 457 420 478
2031 4 2 1 1 360 393 382 444
2032 4 2 1 1 45 525 477 536
2033 4 2 1 1 242 90 16 490
2034 4 2 1 1 9 431 442 526
2035 4 2 1 1 274 244 273 551
2036 4 2 1 1 118 119 116 363
2037 4 2 1 1 120 121 103 364
2038 4 2 1 1 253 255 311 512
2039 4 2 1 1 143 110 468 553
2040 4 2 1 1 162 102 201 372
2041 4 2 1 1 338 70 69 511
2042 4 2 1 1 362 527 406 567
2043 4 2 1 1 320 489 91 490
2044 4 2 1 1 253 249 248 478
2045 4 2 1 1 136 143 389 468
2046 4 2 1 1 229 228 226 465
2047 4 2 1 1 281 283 334 457
2048 4 2 1 1 90 242 16 493
2049 4 2 1 1 366 446 411 563
2050 4 2 1 1 248 421 241 497
2051 4 2 1 1 249 478 254 558
2052 4 2 1 1 387 410 377 519
2053 4 2 1 1 380 433 397 561
2054 4 2 1 1 96 161 367 418
2055 4 2 1 1 324 331 280 463
2056 4 2 1 1 321 81 320 564
2057 4 2 1 1 265 449 323 534
2058 4 2 1 1 72 71 342 491
2059 4 2 1 1 271 250 270 532
2060 4 2 1 1 233 231 307 495
2061 4 2 1 1 141 154 114 514
2062 4 2 1 1 111 475 181 522
2063 4 2 1 1 359 473 371 500
2064 4 2 1 1 426 428 389 459
2065 4 2 1 1 228 312 232 501
2066 4 2 1 1 95 94 244 509
2067 4 2 1 1 105 376 421 454
2068 4 2 1 1 261 280 539 540
2069 4 2 1 1 366 402 446 486
2070 4 2 1 1 48 441 300 523
2071 4 2 1 1 425 502 411 565
2072 4 2 1 1 360 386 362 500
2073 4 2 1 1 325 456 87 547
2074 4 2 1 1 129 384 128 448
2075 4 2 1 1 86 230 85 504
2076 4 2 1 1 406 481 362 567
2077 4 2 1 1 379 434 432 536
2078 4 2 1 1 9 442 557 560
2079 4 2 1 1 20 98 184 542
2080 4 2 1 1 432 434 364 477
2081 4 2 1 1 413 415 376 451
2082 4 2 1 1 494 499 70 520
2083 4 2 1 1 106 367 161 546
2084 4 2 1 1 153 58 234 163
2085 4 2 1 1 281 283 150 334
2086 4 2 1 1 115 505 460 543
2087 4 2 1 1 291 439 262 474
2088 4 2 1 1 85 340 504 566
2089 4 2 1 1 113 111 124 420
2090 4 2 1 1 136 143 468 485
2091 4 2 1 1 265 258 264 496
2092 4 2 1 1 266 275 279 461
2093 4 2 1 1 391 406 362 527
2094 4 2 1 1 432 477 398 525
2095 4 2 1 1 273 437 15 501
2096 4 2 1 1 101 113 359 473
2097 4 2 1 1 317 449 410 519
2098 4 2 1 1 74 408 517 544
2099 4 2 1 1 144 292 300 263
2100 4 2 1 1 277 263 292 529
2101 4 2 1 1 388 467 468 513
2102 4 2 1 1 208 169 100 505
2103 4 2 1 1 128 107 385 546
2104 4 2 1 1 386 391 362 500
2105 4 2 1 1 213 220 390 462
2106 4 2 1 1 355 95 15 509
2107 4 2 1 1 149 54 147 308
2108 4 2 1 1 173 403 146 463
2109 4 2 1 1 316 289 282 556
2110 4 2 1 1 88 351 355 550
2111 4 2 1 1 175 365 174 366
2112 4 2 1 1 102 475 108 476
2113 4 2 1 1 375 445 399 559
2114 4 2 1 1 366 502 446 566
2115 4 2 1 1 360 386 383 437
2116 4 2 1 1 217 195 35 368
2117 4 2 1 1 111 371 473 475
2118 4 2 1 1 269 261 251 538
2119 4 2 1 1 184 464 185 542
2120 4 2 1 1 206 480 200 506
2121 4 2 1 1 348 355 95 551
2122 4 2 1 1 206 37 462 506
2123 4 2 1 1 131 133 449 534
2124 4 2 1 1 299 244 274 551
2125 4 2 1 1 371 391 362 527
2126 4 2 1 1 358 360 359 369
2127 4 2 1 1 84 451 415 511
2128 4 2 1 1 448 479 384 533
2129 4 2 1 1 336 450 76 479
2130 4 2 1 1 9 450 336 479
2131 4 2 1 1 203 201 102 476
2132 4 2 1 1 452 493 245 496
2133 4 2 1 1 258 449 257 492
2134 4 2 1 1 241 233 497 524
2135 4 2 1 1 262 439 430 474
2136 4 2 1 1 120 103 159 543
2137 4 2 1 1 178 163 395 569
2138 4 2 1 1 110 122 388 513
2139 4 2 1 1 47 236 291 523
2140 4 2 1 1 134 300 144 529
2141 4 2 1 1 167 176 61 259
2142 4 2 1 1 347 519 422 564
2143 4 2 1 1 342 489 81 564
2144 4 2 1 1 316 282 451 504
2145 4 2 1 1 443 478 255 569
2146 4 2 1 1 115 460 120 543
2147 4 2 1 1 321 81 488 493
2148 4 2 1 1 348 353 94 509
2149 4 2 1 1 114 392 147 548
2150 4 2 1 1 386 391 371 443
2151 4 2 1 1 128 384 129 546
2152 4 2 1 1 407 428 411 503
2153 4 2 1 1 440 485 378 507
2154 4 2 1 1 70 71 343 520
2155 4 2 1 1 158 134 48 49
2156 4 2 1 1 359 392 114 548
2157 4 2 1 1 249 454 248 497
2158 4 2 1 1 74 408 488 517
2159 4 2 1 1 241 421 335 524
2160 4 2 1 1 273 15 437 551
2161 4 2 1 1 190 197 198 435
2162 4 2 1 1 83 299 84 494
2163 4 2 1 1 488 493 382 496
2164 4 2 1 1 361 408 381 419
2165 4 2 1 1 376 454 409 497
2166 4 2 1 1 77 298 328 479
2167 4 2 1 1 138 324 277 227
2168 4 2 1 1 412 392 466 514
2169 4 2 1 1 277 453 403 463
2170 4 2 1 1 301 312 225 501
2171 4 2 1 1 252 243 272 452
2172 4 2 1 1 397 433 380 521
2173 4 2 1 1 398 471 477 542
2174 4 2 1 1 367 417 384 424
2175 4 2 1 1 328 45 262 541
2176 4 2 1 1 160 441 49 510
2177 4 2 1 1 429 494 85 556
2178 4 2 1 1 302 463 280 540
2179 4 2 1 1 481 498 401 552
2180 4 2 1 1 162 201 200 372
2181 4 2 1 1 428 459 426 562
2182 4 2 1 1 74 341 75 530
2183 4 2 1 1 18 455 353 551
2184 4 2 1 1 185 364 464 470
2185 4 2 1 1 165 448 126 471
2186 4 2 1 1 401 425 374 552
2187 4 2 1 1 64 247 63 483
2188 4 2 1 1 80 73 347 488
2189 4 2 1 1 381 537 399 559
2190 4 2 1 1 62 513 61 553
2191 4 2 1 1 316 437 289 556
2192 4 2 1 1 245 243 246 492
2193 4 2 1 1 59 234 163 569
2194 4 2 1 1 140 334 150 421
2195 4 2 1 1 129 427 384 448
2196 4 2 1 1 384 448 427 479
2197 4 2 1 1 377 492 490 519
2198 4 2 1 1 380 397 555 561
2199 4 2 1 1 122 110 388 522
2200 4 2 1 1 365 415 413 482
2201 4 2 1 1 397 535 361 559
2202 4 2 1 1 288 235 79 519
2203 4 2 1 1 59 234 58 163
2204 4 2 1 1 80 321 81 488
2205 4 2 1 1 380 397 469 555
2206 4 2 1 1 301 436 89 452
2207 4 2 1 1 159 103 185 543
2208 4 2 1 1 220 462 37 506
2209 4 2 1 1 443 483 395 569
2210 4 2 1 1 256 457 412 514
2211 4 2 1 1 240 495 241 558
2212 4 2 1 1 177 167 62 518
2213 4 2 1 1 130 367 106 546
2214 4 2 1 1 371 386 359 500
2215 4 2 1 1 359 412 386 478
2216 4 2 1 1 422 519 347 530
2217 4 2 1 1 262 474 430 541
2218 4 2 1 1 85 494 429 508
2219 4 2 1 1 238 416 250 538
2220 4 2 1 1 244 299 322 551
2221 4 2 1 1 289 437 239 558
2222 4 2 1 1 81 444 72 488
2223 4 2 1 1 410 449 317 461
2224 4 2 1 1 132 447 377 449
2225 4 2 1 1 10 77 336 541
2226 4 2 1 1 375 521 397 535
2227 4 2 1 1 203 102 108 476
2228 4 2 1 1 411 507 428 562
2229 4 2 1 1 320 81 489 564
2230 4 2 1 1 130 106 384 546
2231 4 2 1 1 373 472 417 487
2232 4 2 1 1 269 463 392 539
2233 4 2 1 1 225 228 226 501
2234 4 2 1 1 48 300 236 523
2235 4 2 1 1 256 335 421 532
2236 4 2 1 1 318 285 539 540
2237 4 2 1 1 325 13 456 516
2238 4 2 1 1 285 261 260 539
2239 4 2 1 1 397 431 442 544
2240 4 2 1 1 434 364 477 542
2241 4 2 1 1 379 408 361 430
2242 4 2 1 1 423 531 517 557
2243 4 2 1 1 375 535 397 559
2244 4 2 1 1 106 161 191 487
2245 4 2 1 1 410 131 449 461
2246 4 2 1 1 277 164 309 263
2247 4 2 1 1 137 485 440 518
2248 4 2 1 1 165 134 48 158
2249 4 2 1 1 91 489 349 550
2250 4 2 1 1 126 471 398 542
2251 4 2 1 1 312 228 232 549
2252 4 2 1 1 232 466 237 495
2253 4 2 1 1 280 534 447 538
2254 4 2 1 1 173 146 147 463
2255 4 2 1 1 412 457 256 478
2256 4 2 1 1 272 492 252 549
2257 4 2 1 1 161 23 191 472
2258 4 2 1 1 366 418 402 486
2259 4 2 1 1 250 416 238 524
2260 4 2 1 1 245 452 243 493
2261 4 2 1 1 154 392 114 514
2262 4 2 1 1 129 130 384 410
2263 4 2 1 1 391 405 362 456
2264 4 2 1 1 197 189 107 385
2265 4 2 1 1 271 250 532 538
2266 4 2 1 1 398 477 364 542
2267 4 2 1 1 49 158 160 510
2268 4 2 1 1 284 454 440 512
2269 4 2 1 1 179 395 123 522
2270 4 2 1 1 89 88 301 550
2271 4 2 1 1 174 105 366 409
2272 4 2 1 1 407 411 562 563
2273 4 2 1 1 114 359 113 457
2274 4 2 1 1 239 289 319 497
2275 4 2 1 1 84 346 69 494
2276 4 2 1 1 396 423 422 531
2277 4 2 1 1 79 341 78 545
2278 4 2 1 1 46 262 45 474
2279 4 2 1 1 400 535 222 559
2280 4 2 1 1 526 555 397 561
2281 4 2 1 1 366 105 378 409
2282 4 2 1 1 452 466 286 501
2283 4 2 1 1 227 138 324 171
2284 4 2 1 1 229 233 239 495
2285 4 2 1 1 195 193 368 472
2286 4 2 1 1 114 101 113 359
2287 4 2 1 1 36 213 194 462
2288 4 2 1 1 242 268 245 493
2289 4 2 1 1 369 439 419 453
2290 4 2 1 1 214 435 221 521
2291 4 2 1 1 301 452 286 501
2292 4 2 1 1 372 476 515 567
2293 4 2 1 1 178 163 123 395
2294 4 2 1 1 245 268 242 490
2295 4 2 1 1 259 167 512 518
2296 4 2 1 1 411 446 425 563
2297 4 2 1 1 383 386 359 412
2298 4 2 1 1 332 229 495 501
2299 4 2 1 1 293 170 152 512
2300 4 2 1 1 324 302 280 534
2301 4 2 1 1 136 485 389 554
2302 4 2 1 1 330 466 452 539
2303 4 2 1 1 425 562 498 565
2304 4 2 1 1 391 371 483 527
2305 4 2 1 1 360 383 393 437
2306 4 2 1 1 407 480 389 554
2307 4 2 1 1 446 511 413 566
2308 4 2 1 1 275 267 292 529
2309 4 2 1 1 361 460 357 469
2310 4 2 1 1 276 324 277 534
2311 4 2 1 1 396 491 445 531
2312 4 2 1 1 160 156 11 441
2313 4 2 1 1 272 330 492 549
2314 4 2 1 1 345 75 76 544
2315 4 2 1 1 180 99 108 475
2316 4 2 1 1 386 429 443 556
2317 4 2 1 1 117 146 118 403
2318 4 2 1 1 360 382 381 444
2319 4 2 1 1 9 526 442 560
2320 4 2 1 1 73 517 445 531
2321 4 2 1 1 386 371 420 443
2322 4 2 1 1 364 460 432 469
2323 4 2 1 1 301 312 286 549
2324 4 2 1 1 172 305 306 314
2325 4 2 1 1 372 476 201 515
2326 4 2 1 1 104 112 25 503
2327 4 2 1 1 432 434 477 536
2328 4 2 1 1 259 296 293 569
2329 4 2 1 1 392 466 305 539
2330 4 2 1 1 83 299 494 551
2331 4 2 1 1 207 210 108 476
2332 4 2 1 1 390 481 406 567
2333 4 2 1 1 87 344 86 547
2334 4 2 1 1 76 424 450 557
2335 4 2 1 1 239 240 233 497
2336 4 2 1 1 390 506 515 567
2337 4 2 1 1 115 31 100 505
2338 4 2 1 1 251 250 305 538
2339 4 2 1 1 319 249 240 497
2340 4 2 1 1 307 270 237 524
2341 4 2 1 1 88 15 436 501
2342 4 2 1 1 250 524 270 532
2343 4 2 1 1 211 219 40 357
2344 4 2 1 1 423 442 417 557
2345 4 2 1 1 113 420 153 457
2346 4 2 1 1 381 419 408 488
2347 4 2 1 1 217 375 222 521
2348 4 2 1 1 318 452 496 540
2349 4 2 1 1 265 453 276 540
2350 4 2 1 1 214 469 219 470
2351 4 2 1 1 190 33 186 464
2352 4 2 1 1 275 461 267 529
2353 4 2 1 1 67 528 502 566
2354 4 2 1 1 381 408 361 559
2355 4 2 1 1 366 409 378 438
2356 4 2 1 1 273 226 437 501
2357 4 2 1 1 342 72 491 564
2358 4 2 1 1 105 409 376 454
2359 4 2 1 1 309 138 277 227
2360 4 2 1 1 231 237 232 524
2361 4 2 1 1 255 315 296 512
2362 4 2 1 1 297 64 65 516
2363 4 2 1 1 20 184 185 542
2364 4 2 1 1 387 377 490 519
2365 4 2 1 1 253 454 255 512
2366 4 2 1 1 305 466 392 514
2367 4 2 1 1 269 305 306 538
2368 4 2 1 1 285 258 323 540
2369 4 2 1 1 318 539 452 540
2370 4 2 1 1 377 449 492 519
2371 4 2 1 1 167 259 62 518
2372 4 2 1 1 205 43 196 462
2373 4 2 1 1 230 282 278 556
2374 4 2 1 1 192 104 25 503
2375 4 2 1 1 365 376 413 415
2376 4 2 1 1 359 386 420 478
2377 4 2 1 1 265 258 496 540
2378 4 2 1 1 411 366 438 502
2379 4 2 1 1 448 525 477 533
2380 4 2 1 1 334 281 457 514
2381 4 2 1 1 332 437 226 501
2382 4 2 1 1 333 253 248 478
2383 4 2 1 1 413 366 446 566
2384 4 2 1 1 87 13 325 507
2385 4 2 1 1 323 302 276 534
2386 4 2 1 1 356 371 362 527
2387 4 2 1 1 387 519 490 564
2388 4 2 1 1 195 194 35 368
2389 4 2 1 1 440 454 155 512
2390 4 2 1 1 458 526 525 560
2391 4 2 1 1 193 418 368 472
2392 4 2 1 1 233 307 231 524
2393 4 2 1 1 198 191 195 487
2394 4 2 1 1 185 470 187 543
2395 4 2 1 1 87 325 438 507
2396 4 2 1 1 67 502 86 566
2397 4 2 1 1 372 515 506 567
2398 4 2 1 1 231 232 495 501
2399 4 2 1 1 273 244 95 551
2400 4 2 1 1 130 365 96 367
2401 4 2 1 1 359 473 358 548
2402 4 2 1 1 333 151 150 421
2403 4 2 1 1 84 413 451 511
2404 4 2 1 1 371 362 391 500
2405 4 2 1 1 101 473 359 548
2406 4 2 1 1 179 122 513 522
2407 4 2 1 1 9 525 526 560
2408 4 2 1 1 366 378 411 438
2409 4 2 1 1 87 502 66 565
2410 4 2 1 1 394 499 494 537
2411 4 2 1 1 147 463 117 548
2412 4 2 1 1 219 470 357 543
2413 4 2 1 1 419 488 382 496
2414 4 2 1 1 73 422 531 564
2415 4 2 1 1 308 53 147 463
2416 4 2 1 1 347 80 519 564
2417 4 2 1 1 340 68 67 566
2418 4 2 1 1 10 9 536 541
2419 4 2 1 1 86 67 508 568
2420 4 2 1 1 356 473 371 475
2421 4 2 1 1 251 238 260 539
2422 4 2 1 1 439 474 291 523
2423 4 2 1 1 315 512 440 518
2424 4 2 1 1 238 237 524 549
2425 4 2 1 1 337 66 14 565
2426 4 2 1 1 18 93 455 520
2427 4 2 1 1 261 269 251 539
2428 4 2 1 1 156 118 145 441
2429 4 2 1 1 118 403 145 441
2430 4 2 1 1 114 101 359 548
2431 4 2 1 1 157 326 300 49
2432 4 2 1 1 91 90 490 550
2433 4 2 1 1 86 438 504 566
2434 4 2 1 1 308 148 269 168
2435 4 2 1 1 189 190 184 464
2436 4 2 1 1 411 562 425 565
2437 4 2 1 1 207 169 208 484
2438 4 2 1 1 111 473 180 475
2439 4 2 1 1 146 182 145 403
2440 4 2 1 1 206 462 205 480
2441 4 2 1 1 396 422 491 531
2442 4 2 1 1 242 303 90 490
2443 4 2 1 1 193 24 192 418
2444 4 2 1 1 81 455 488 493
2445 4 2 1 1 446 502 425 528
2446 4 2 1 1 360 393 444 537
2447 4 2 1 1 469 555 432 561
2448 4 2 1 1 217 221 435 521
2449 4 2 1 1 77 76 541 544
2450 4 2 1 1 240 319 239 558
2451 4 2 1 1 396 445 423 531
2452 4 2 1 1 321 320 490 564
2453 4 2 1 1 360 359 386 500
2454 4 2 1 1 193 194 195 368
2455 4 2 1 1 28 102 203 201
2456 4 2 1 1 89 16 352 550
2457 4 2 1 1 9 479 10 533
2458 4 2 1 1 366 503 486 563
2459 4 2 1 1 140 329 334 532
2460 4 2 1 1 234 293 152 311
2461 4 2 1 1 133 447 132 449
2462 4 2 1 1 201 372 202 506
2463 4 2 1 1 183 121 471 542
2464 4 2 1 1 330 286 238 549
2465 4 2 1 1 371 522 388 527
2466 4 2 1 1 301 88 436 501
2467 4 2 1 1 270 524 335 532
2468 4 2 1 1 304 451 289 497
2469 4 2 1 1 368 418 396 472
2470 4 2 1 1 66 67 344 568
2471 4 2 1 1 50 164 263 51
2472 4 2 1 1 351 436 348 455
2473 4 2 1 1 446 486 374 563
2474 4 2 1 1 321 268 80 564
2475 4 2 1 1 376 377 132 416
2476 4 2 1 1 453 463 276 540
2477 4 2 1 1 90 303 242 493
2478 4 2 1 1 395 443 371 483
2479 4 2 1 1 355 436 15 551
2480 4 2 1 1 86 230 287 547
2481 4 2 1 1 109 388 110 522
2482 4 2 1 1 350 509 348 550
2483 4 2 1 1 77 328 298 541
2484 4 2 1 1 106 130 161 367
2485 4 2 1 1 283 234 150 294
2486 4 2 1 1 223 213 216 390
2487 4 2 1 1 158 157 134 49
2488 4 2 1 1 411 446 366 502
2489 4 2 1 1 323 276 302 540
2490 4 2 1 1 302 324 463 540
2491 4 2 1 1 273 451 465 509
2492 4 2 1 1 10 9 525 536
2493 4 2 1 1 356 362 371 500
2494 4 2 1 1 211 188 470 543
2495 4 2 1 1 223 390 216 515
2496 4 2 1 1 401 425 498 528
2497 4 2 1 1 59 163 293 569
2498 4 2 1 1 234 293 311 569
2499 4 2 1 1 342 71 82 489
2500 4 2 1 1 214 521 224 535
2501 4 2 1 1 217 213 222 370
2502 4 2 1 1 102 109 108 475
2503 4 2 1 1 222 370 223 400
2504 4 2 1 1 225 312 228 501
2505 4 2 1 1 366 486 446 563
2506 4 2 1 1 494 499 394 508
2507 4 2 1 1 208 357 40 484
2508 4 2 1 1 28 102 108 203
2509 4 2 1 1 84 451 413 504
2510 4 2 1 1 233 465 229 497
2511 4 2 1 1 297 516 325 547
2512 4 2 1 1 314 281 140 329
2513 4 2 1 1 128 398 126 448
2514 4 2 1 1 131 132 410 449
2515 4 2 1 1 86 547 344 568
2516 4 2 1 1 188 187 470 543
2517 4 2 1 1 67 68 508 528
2518 4 2 1 1 141 114 113 457
2519 4 2 1 1 201 200 372 506
2520 4 2 1 1 36 220 213 462
2521 4 2 1 1 87 344 547 568
2522 4 2 1 1 185 187 159 543
2523 4 2 1 1 9 431 526 536
2524 4 2 1 1 329 314 271 532
2525 4 2 1 1 409 366 413 438
2526 4 2 1 1 41 187 188 543
2527 4 2 1 1 81 455 444 488
2528 4 2 1 1 86 429 230 547
2529 4 2 1 1 216 390 506 515
2530 4 2 1 1 211 470 219 543
2531 4 2 1 1 56 281 314 514
2532 4 2 1 1 123 111 181 522
2533 4 2 1 1 281 57 283 457
2534 4 2 1 1 76 544 75 557
2535 4 2 1 1 64 483 467 516
2536 4 2 1 1 9 526 525 536
2537 4 2 1 1 389 459 428 468
2538 4 2 1 1 261 285 302 540
2539 4 2 1 1 243 490 16 492
2540 4 2 1 1 303 268 321 490
2541 4 2 1 1 219 215 40 357
2542 4 2 1 1 303 321 268 493
2543 4 2 1 1 444 499 399 537
2544 4 2 1 1 211 40 208 357
2545 4 2 1 1 151 454 294 512
2546 4 2 1 1 456 459 406 467
2547 4 2 1 1 48 510 441 523
2548 4 2 1 1 257 264 258 496
2549 4 2 1 1 224 521 217 535
2550 4 2 1 1 204 201 476 515
2551 4 2 1 1 73 74 517 531
2552 4 2 1 1 395 371 443 569
2553 4 2 1 1 78 430 298 545
2554 4 2 1 1 9 533 525 560
2555 4 2 1 1 356 371 473 500
2556 4 2 1 1 119 118 156 441
2557 4 2 1 1 175 24 96 418
2558 4 2 1 1 151 150 152 294
2559 4 2 1 1 353 455 348 551
2560 4 2 1 1 9 10 525 533
2561 4 2 1 1 448 458 525 533
2562 4 2 1 1 229 231 233 495
2563 4 2 1 1 409 451 497 504
2564 4 2 1 1 151 421 333 454
2565 4 2 1 1 202 372 201 515
2566 4 2 1 1 56 141 281 514
2567 4 2 1 1 378 366 411 503
2568 4 2 1 1 376 409 451 497
2569 4 2 1 1 359 358 473 500
2570 4 2 1 1 199 194 192 462
2571 4 2 1 1 152 311 293 512
2572 4 2 1 1 143 142 110 553
2573 4 2 1 1 94 348 95 551
2574 4 2 1 1 105 421 151 454
2575 4 2 1 1 76 450 424 479
2576 4 2 1 1 468 485 166 553
2577 4 2 1 1 77 298 430 541
2578 4 2 1 1 329 270 335 532
2579 4 2 1 1 53 147 54 308
2580 4 2 1 1 61 179 142 513
2581 4 2 1 1 70 83 494 520
2582 4 2 1 1 229 465 233 524
2583 4 2 1 1 179 178 123 395
2584 4 2 1 1 235 78 298 545
2585 4 2 1 1 443 386 556 558
2586 4 2 1 1 73 80 339 488
2587 4 2 1 1 224 222 400 535
2588 4 2 1 1 409 497 454 504
2589 4 2 1 1 197 190 42 189
2590 4 2 1 1 366 411 503 563
2591 4 2 1 1 132 376 365 377
2592 4 2 1 1 358 369 359 548
2593 4 2 1 1 329 281 140 334
2594 4 2 1 1 447 449 258 492
2595 4 2 1 1 132 416 377 447
2596 4 2 1 1 163 124 123 395
2597 4 2 1 1 242 268 303 490
2598 4 2 1 1 249 278 319 558
2599 4 2 1 1 323 449 447 534
2600 4 2 1 1 98 128 107 385
2601 4 2 1 1 126 398 98 542
2602 4 2 1 1 433 526 458 560
2603 4 2 1 1 324 138 277 534
2604 4 2 1 1 445 517 423 531
2605 4 2 1 1 99 169 30 207
2606 4 2 1 1 327 170 293 259
2607 4 2 1 1 225 509 465 550
2608 4 2 1 1 382 493 452 496
2609 4 2 1 1 349 489 350 550
2610 4 2 1 1 154 56 314 514
2611 4 2 1 1 242 303 268 493
2612 4 2 1 1 307 466 412 495
2613 4 2 1 1 356 475 371 527
2614 4 2 1 1 438 87 507 565
2615 4 2 1 1 209 187 41 543
2616 4 2 1 1 136 105 137 378
2617 4 2 1 1 119 441 160 510
2618 4 2 1 1 212 207 39 484
2619 4 2 1 1 467 483 391 516
2620 4 2 1 1 221 214 33 435
2621 4 2 1 1 65 325 13 507
2622 4 2 1 1 107 21 98 189
2623 4 2 1 1 34 195 217 435
2624 4 2 1 1 169 208 30 207
2625 4 2 1 1 208 357 484 505
2626 4 2 1 1 328 45 10 479
2627 4 2 1 1 412 466 270 514
2628 4 2 1 1 325 516 456 547
2629 4 2 1 1 252 549 492 550
2630 4 2 1 1 86 502 438 566
2631 4 2 1 1 430 439 379 474
2632 4 2 1 1 243 272 246 492
2633 4 2 1 1 223 515 218 567
2634 4 2 1 1 179 123 122 522
2635 4 2 1 1 106 129 384 546
2636 4 2 1 1 173 147 53 463
2637 4 2 1 1 416 447 238 549
2638 4 2 1 1 438 502 87 565
2639 4 2 1 1 27 200 162 201
2640 4 2 1 1 314 281 329 514
2641 4 2 1 1 102 27 162 201
2642 4 2 1 1 167 170 176 259
2643 4 2 1 1 359 383 412 466
2644 4 2 1 1 107 106 22 487
2645 4 2 1 1 26 97 200 480
2646 4 2 1 1 48 236 47 523
2647 4 2 1 1 171 138 324 534
2648 4 2 1 1 342 71 444 520
2649 4 2 1 1 136 104 503 554
2650 4 2 1 1 217 521 222 535
2651 4 2 1 1 349 351 352 550
2652 4 2 1 1 112 26 205 554
2653 4 2 1 1 463 539 280 540
2654 4 2 1 1 211 41 188 543
2655 4 2 1 1 23 191 106 161
2656 4 2 1 1 232 524 237 549
2657 4 2 1 1 87 547 456 568
2658 4 2 1 1 448 398 477 525
2659 4 2 1 1 432 379 536 555
2660 4 2 1 1 205 206 43 462
2661 4 2 1 1 425 401 498 552
2662 4 2 1 1 402 418 368 486
2663 4 2 1 1 108 99 29 207
2664 4 2 1 1 391 483 443 516
2665 4 2 1 1 248 454 421 497
2666 4 2 1 1 197 107 22 487
2667 4 2 1 1 149 147 392 463
2668 4 2 1 1 386 429 391 443
2669 4 2 1 1 43 199 196 462
2670 4 2 1 1 57 153 283 457
2671 4 2 1 1 332 239 437 495
2672 4 2 1 1 119 156 160 441
2673 4 2 1 1 360 444 381 537
2674 4 2 1 1 211 209 41 543
2675 4 2 1 1 412 478 241 558
2676 4 2 1 1 197 191 198 487
2677 4 2 1 1 196 199 192 462
2678 4 2 1 1 68 528 67 566
2679 4 2 1 1 314 329 271 514
2680 4 2 1 1 408 488 419 545
2681 4 2 1 1 338 84 69 494
2682 4 2 1 1 112 503 104 554
2683 4 2 1 1 215 224 400 535
2684 4 2 1 1 111 180 181 475
2685 4 2 1 1 99 180 473 475
2686 4 2 1 1 88 89 351 550
2687 4 2 1 1 216 220 37 506
2688 4 2 1 1 288 80 310 519
2689 4 2 1 1 27 200 97 162
2690 4 2 1 1 378 440 137 485
2691 4 2 1 1 158 471 127 510
2692 4 2 1 1 450 557 417 560
2693 4 2 1 1 61 513 142 553
2694 4 2 1 1 61 177 176 167
2695 4 2 1 1 245 490 243 492
2696 4 2 1 1 282 85 230 504
2697 4 2 1 1 465 549 225 550
2698 4 2 1 1 225 465 228 549
2699 4 2 1 1 165 427 129 448
2700 4 2 1 1 240 239 495 558
2701 4 2 1 1 231 228 465 549
2702 4 2 1 1 348 94 95 509
2703 4 2 1 1 348 436 355 551
2704 4 2 1 1 195 191 472 487
2705 4 2 1 1 199 36 194 462
2706 4 2 1 1 212 39 218 484
2707 4 2 1 1 62 290 63 518
2708 4 2 1 1 213 220 216 390
2709 4 2 1 1 217 214 221 521
2710 4 2 1 1 420 443 371 569
2711 4 2 1 1 310 519 80 564
2712 4 2 1 1 395 420 371 569
2713 4 2 1 1 380 555 469 561
2714 4 2 1 1 342 491 489 564
2715 4 2 1 1 272 318 246 492
2716 4 2 1 1 357 505 208 543
2717 4 2 1 1 238 447 416 538
2718 4 2 1 1 153 113 124 420
2719 4 2 1 1 438 440 378 507
2720 4 2 1 1 151 294 152 512
2721 4 2 1 1 410 449 377 519
2722 4 2 1 1 189 21 98 184
2723 4 2 1 1 136 389 143 554
2724 4 2 1 1 386 443 420 478
2725 4 2 1 1 248 478 249 558
2726 4 2 1 1 101 111 113 473
2727 4 2 1 1 192 194 193 486
2728 4 2 1 1 134 300 157 144
2729 4 2 1 1 320 489 490 564
2730 4 2 1 1 129 131 130 410
2731 4 2 1 1 411 407 503 563
2732 4 2 1 1 208 505 31 543
2733 4 2 1 1 357 470 460 543
2734 4 2 1 1 12 142 61 179
2735 4 2 1 1 77 328 10 479
2736 4 2 1 1 278 282 289 556
2737 4 2 1 1 251 305 269 538
2738 4 2 1 1 430 431 408 544
2739 4 2 1 1 71 489 342 491
2740 4 2 1 1 210 108 29 207
2741 4 2 1 1 116 120 115 505
2742 4 2 1 1 425 562 411 563
2743 4 2 1 1 108 210 203 476
2744 4 2 1 1 248 249 240 558
2745 4 2 1 1 433 442 526 560
2746 4 2 1 1 448 458 398 525
2747 4 2 1 1 297 65 325 516
2748 4 2 1 1 105 175 366 503
2749 4 2 1 1 204 202 201 515
2750 4 2 1 1 369 453 404 463
2751 4 2 1 1 243 452 16 493
2752 4 2 1 1 419 439 430 545
2753 4 2 1 1 214 217 224 521
2754 4 2 1 1 353 350 489 509
2755 4 2 1 1 311 255 296 512
2756 4 2 1 1 208 100 31 505
2757 4 2 1 1 494 520 83 551
2758 4 2 1 1 141 457 281 514
2759 4 2 1 1 244 322 94 551
2760 4 2 1 1 356 527 362 567
2761 4 2 1 1 23 193 191 472
2762 4 2 1 1 431 397 442 526
2763 4 2 1 1 386 495 437 558
2764 4 2 1 1 223 218 215 484
2765 4 2 1 1 211 188 219 470
2766 4 2 1 1 130 106 129 384
2767 4 2 1 1 209 159 187 543
2768 4 2 1 1 235 288 79 545
2769 4 2 1 1 168 305 306 172
2770 4 2 1 1 412 241 495 558
2771 4 2 1 1 100 208 30 169
2772 4 2 1 1 293 296 311 569
2773 4 2 1 1 154 149 114 392
2774 4 2 1 1 391 371 443 483
2775 4 2 1 1 206 200 202 506
2776 4 2 1 1 186 184 190 464
2777 4 2 1 1 105 376 135 421
2778 4 2 1 1 359 360 358 500
2779 4 2 1 1 148 269 168 538
2780 4 2 1 1 292 263 144 529
2781 4 2 1 1 265 496 453 540
2782 4 2 1 1 42 198 190 197
2783 4 2 1 1 140 334 421 532
2784 4 2 1 1 379 474 536 541
2785 4 2 1 1 45 474 262 541
2786 4 2 1 1 164 138 277 309
2787 4 2 1 1 126 183 471 542
2788 4 2 1 1 206 202 37 506
2789 4 2 1 1 231 465 229 524
2790 4 2 1 1 93 92 82 489
2791 4 2 1 1 187 209 1 159
2792 4 2 1 1 391 405 456 547
2793 4 2 1 1 286 232 238 549
2794 4 2 1 1 381 444 488 517
2795 4 2 1 1 281 172 314 140
2796 4 2 1 1 26 200 205 480
2797 4 2 1 1 122 109 110 522
2798 4 2 1 1 79 80 288 519
2799 4 2 1 1 115 120 159 543
2800 4 2 1 1 9 450 533 560
2801 4 2 1 1 231 524 232 549
2802 4 2 1 1 198 195 34 435
2803 4 2 1 1 210 207 212 476
2804 4 2 1 1 307 237 231 524
2805 4 2 1 1 144 300 157 263
2806 4 2 1 1 431 536 9 541
2807 4 2 1 1 202 216 37 506
2808 4 2 1 1 93 82 92 455
2809 4 2 1 1 240 239 319 497
2810 4 2 1 1 170 167 152 512
2811 4 2 1 1 11 156 50 326
2812 4 2 1 1 394 405 362 429
2813 4 2 1 1 133 416 132 447
2814 4 2 1 1 392 412 359 514
2815 4 2 1 1 159 31 115 543
2816 4 2 1 1 190 221 33 435
2817 4 2 1 1 16 490 90 550
2818 4 2 1 1 86 508 547 568
2819 4 2 1 1 4 108 210 203
2820 4 2 1 1 157 326 50 263
2821 4 2 1 1 404 463 453 540
2822 4 2 1 1 161 130 96 367
2823 4 2 1 1 359 412 392 466
2824 4 2 1 1 150 140 281 334
2825 4 2 1 1 88 355 509 550
2826 4 2 1 1 205 196 3 112
2827 4 2 1 1 442 417 557 560
2828 4 2 1 1 83 520 18 551
2829 4 2 1 1 267 277 292 529
2830 4 2 1 1 95 355 348 509
2831 4 2 1 1 274 273 437 551
2832 4 2 1 1 200 206 205 480
2833 4 2 1 1 34 217 221 435
2834 4 2 1 1 388 522 475 527
2835 4 2 1 1 130 131 132 410
2836 4 2 1 1 67 528 508 568
2837 4 2 1 1 143 389 97 554
2838 4 2 1 1 321 490 268 564
2839 4 2 1 1 78 544 430 545
2840 4 2 1 1 2 107 197 189
2841 4 2 1 1 138 171 148 534
2842 4 2 1 1 281 141 57 457
2843 4 2 1 1 485 518 166 553
2844 4 2 1 1 77 541 430 544
2845 4 2 1 1 216 506 202 515
2846 4 2 1 1 277 144 263 529
2847 4 2 1 1 166 468 143 485
2848 4 2 1 1 308 280 148 331
2849 4 2 1 1 100 169 101 548
2850 4 2 1 1 204 212 218 476
2851 4 2 1 1 304 465 451 497
2852 4 2 1 1 128 106 107 546
2853 4 2 1 1 86 508 429 547
2854 4 2 1 1 241 497 421 524
2855 4 2 1 1 207 208 39 484
2856 4 2 1 1 231 495 228 501
2857 4 2 1 1 283 57 281 150
2858 4 2 1 1 370 481 401 552
2859 4 2 1 1 127 126 183 471
2860 4 2 1 1 164 277 144 263
2861 4 2 1 1 271 270 329 532
2862 4 2 1 1 412 495 386 558
2863 4 2 1 1 261 251 260 539
2864 4 2 1 1 365 377 376 414
2865 4 2 1 1 147 114 149 392
2866 4 2 1 1 391 429 405 547
2867 4 2 1 1 191 22 106 487
2868 4 2 1 1 228 495 229 501
2869 4 2 1 1 76 431 541 544
2870 4 2 1 1 140 314 329 532
2871 4 2 1 1 126 128 98 398
2872 4 2 1 1 379 536 431 541
2873 4 2 1 1 112 97 26 554
2874 4 2 1 1 43 206 199 462
2875 4 2 1 1 232 466 495 501
2876 4 2 1 1 104 105 378 503
2877 4 2 1 1 382 444 393 455
2878 4 2 1 1 410 422 367 424
2879 4 2 1 1 391 362 405 429
2880 4 2 1 1 145 51 50 263
2881 4 2 1 1 306 308 269 168
2882 4 2 1 1 382 393 383 436
2883 4 2 1 1 342 444 455 520
2884 4 2 1 1 443 478 386 558
2885 4 2 1 1 9 450 479 533
2886 4 2 1 1 181 475 109 522
2887 4 2 1 1 238 524 416 549
2888 4 2 1 1 286 312 232 549
2889 4 2 1 1 138 529 277 534
2890 4 2 1 1 121 125 103 542
2891 4 2 1 1 138 164 277 529
2892 4 2 1 1 15 501 437 551
2893 4 2 1 1 177 166 518 553
2894 4 2 1 1 56 314 55 154
2895 4 2 1 1 110 142 122 513
2896 4 2 1 1 159 19 185 103
2897 4 2 1 1 96 130 132 365
2898 4 2 1 1 412 457 359 514
2899 4 2 1 1 219 40 5 211
2900 4 2 1 1 328 10 45 541
2901 4 2 1 1 323 302 285 540
2902 4 2 1 1 154 141 56 514
2903 4 2 1 1 215 222 223 400
2904 4 2 1 1 371 475 522 527
2905 4 2 1 1 289 556 437 558
2906 4 2 1 1 378 438 409 440
2907 4 2 1 1 416 524 250 532
2908 4 2 1 1 97 143 162 389
2909 4 2 1 1 108 4 28 203
2910 4 2 1 1 135 376 132 416
2911 4 2 1 1 302 324 276 534
2912 4 2 1 1 133 139 416 538
2913 4 2 1 1 118 146 145 403
2914 4 2 1 1 165 128 126 448
2915 4 2 1 1 339 72 81 564
2916 4 2 1 1 119 160 121 510
2917 4 2 1 1 218 204 476 515
2918 4 2 1 1 357 460 505 543
2919 4 2 1 1 376 414 377 416
2920 4 2 1 1 365 387 414 415
2921 4 2 1 1 40 215 39 484
2922 4 2 1 1 365 414 376 415
2923 4 2 1 1 416 532 250 538
2924 4 2 1 1 424 519 422 530
2925 4 2 1 1 431 526 536 555
2926 4 2 1 1 95 244 94 551
2927 4 2 1 1 456 516 391 547
2928 4 2 1 1 136 104 378 503
2929 4 2 1 1 393 455 444 520
2930 4 2 1 1 339 80 73 564
2931 4 2 1 1 136 378 137 485
2932 4 2 1 1 365 387 377 414
2933 4 2 1 1 152 58 234 150
2934 4 2 1 1 234 293 59 152
2935 4 2 1 1 261 539 285 540
2936 4 2 1 1 203 210 44 476
2937 4 2 1 1 222 215 224 400
2938 4 2 1 1 206 220 199 462
2939 4 2 1 1 179 122 142 513
2940 4 2 1 1 57 58 283 153
2941 4 2 1 1 335 524 421 532
2942 4 2 1 1 212 44 210 476
2943 4 2 1 1 369 453 419 496
2944 4 2 1 1 415 451 413 511
2945 4 2 1 1 422 424 410 519
2946 4 2 1 1 201 203 204 476
2947 4 2 1 1 31 1 209 159
2948 4 2 1 1 387 489 415 491
2949 4 2 1 1 213 35 36 194
2950 4 2 1 1 58 234 59 152
2951 4 2 1 1 127 471 121 510
2952 4 2 1 1 325 87 287 547
2953 4 2 1 1 206 37 220 462
2954 4 2 1 1 39 8 212 218
2955 4 2 1 1 131 449 529 534
2956 4 2 1 1 222 213 223 370
2957 4 2 1 1 131 449 461 529
2958 4 2 1 1 16 492 490 550
2959 4 2 1 1 431 397 526 555
2960 4 2 1 1 431 536 379 555
2961 4 2 1 1 81 321 80 564
2962 4 2 1 1 10 328 77 541
2963 4 2 1 1 414 465 415 509
2964 4 2 1 1 352 351 89 550
2965 4 2 1 1 205 3 26 112
2966 4 2 1 1 301 436 452 501
2967 4 2 1 1 174 376 105 409
2968 4 2 1 1 293 59 60 163
2969 4 2 1 1 405 429 394 508
2970 4 2 1 1 96 365 175 418
2971 4 2 1 1 502 528 446 566
2972 4 2 1 1 106 128 129 546
2973 4 2 1 1 155 454 151 512
2974 4 2 1 1 158 165 127 471
2975 4 2 1 1 191 197 22 487
2976 4 2 1 1 530 531 423 557
2977 4 2 1 1 86 287 87 547
2978 4 2 1 1 32 186 214 470
2979 4 2 1 1 437 495 239 558
2980 4 2 1 1 208 40 39 484
2981 4 2 1 1 144 277 164 529
2982 4 2 1 1 450 384 479 533
2983 4 2 1 1 61 142 12 177
2984 4 2 1 1 416 421 376 524
2985 4 2 1 1 137 378 105 440
2986 4 2 1 1 177 61 142 553
2987 4 2 1 1 377 492 447 549
2988 4 2 1 1 186 188 185 470
2989 4 2 1 1 166 143 468 553
2990 4 2 1 1 408 381 488 517
2991 4 2 1 1 419 430 408 545
2992 4 2 1 1 432 525 526 536
2993 4 2 1 1 221 190 198 435
2994 4 2 1 1 415 465 451 509
2995 4 2 1 1 249 319 240 558
2996 4 2 1 1 281 314 172 56
2997 4 2 1 1 204 212 8 218
2998 4 2 1 1 78 235 79 545
2999 4 2 1 1 377 416 414 549
3000 4 2 1 1 191 22 23 106
3001 4 2 1 1 99 30 29 207
3002 4 2 1 1 269 306 168 538
3003 4 2 1 1 378 409 105 440
3004 4 2 1 1 56 57 281 141
3005 4 2 1 1 107 22 2 197
3006 4 2 1 1 140 172 314 532
3007 4 2 1 1 25 3 196 112
3008 4 2 1 1 203 44 204 476
3009 4 2 1 1 188 219 5 211
3010 4 2 1 1 123 181 122 522
3011 4 2 1 1 379 431 430 541
3012 4 2 1 1 212 204 44 476
3013 4 2 1 1 424 450 384 479
3014 4 2 1 1 117 114 147 548
3015 4 2 1 1 477 525 432 536
3016 4 2 1 1 107 2 21 189
3017 4 2 1 1 19 185 187 159
3018 4 2 1 1 158 160 11 49
3019 4 2 1 1 174 365 132 376
3020 4 2 1 1 15 436 501 551
3021 4 2 1 1 173 52 227 53
3022 4 2 1 1 105 440 409 454
3023 4 2 1 1 185 464 186 470
3024 4 2 1 1 151 105 135 421
3025 4 2 1 1 305 168 306 538
3026 4 2 1 1 306 149 54 55
3027 4 2 1 1 104 25 24 192
3028 4 2 1 1 108 29 4 210
3029 4 2 1 1 175 174 105 366
3030 4 2 1 1 224 217 222 535
3031 4 2 1 1 133 132 131 449
3032 4 2 1 1 195 191 193 472
3033 4 2 1 1 209 1 41 187
3034 4 2 1 1 136 104 105 378
3035 4 2 1 1 159 209 31 543
3036 4 2 1 1 188 187 185 470
3037 4 2 1 1 38 202 204 515
3038 4 2 1 1 432 536 526 555
3039 4 2 1 1 199 220 36 462
3040 4 2 1 1 382 488 455 493
3041 4 2 1 1 377 447 416 549
3042 4 2 1 1 165 129 128 448
3043 4 2 1 1 219 5 32 188
3044 4 2 1 1 200 26 27 97
3045 4 2 1 1 204 8 38 218
3046 4 2 1 1 432 555 526 561
3047 4 2 1 1 413 451 409 504
3048 4 2 1 1 199 206 7 220
3049 4 2 1 1 383 382 436 452
3050 4 2 1 1 421 497 376 524
3051 4 2 1 1 155 440 105 454
3052 4 2 1 1 208 30 31 100
3053 4 2 1 1 96 174 175 365
3054 4 2 1 1 199 7 36 220
3055 4 2 1 1 165 126 127 471
3056 4 2 1 1 293 59 152 170
3057 4 2 1 1 183 121 127 471
3058 4 2 1 1 99 180 111 473
3059 4 2 1 1 429 494 394 508
3060 4 2 1 1 195 35 34 217
3061 4 2 1 1 141 153 57 457
3062 4 2 1 1 414 376 465 549
3063 4 2 1 1 32 214 219 470
3064 4 2 1 1 158 127 160 510
3065 4 2 1 1 411 438 378 507
3066 4 2 1 1 404 466 392 539
3067 4 2 1 1 392 463 404 539
3068 4 2 1 1 196 3 43 205
3069 4 2 1 1 197 42 2 189
3070 4 2 1 1 376 497 465 524
3071 4 2 1 1 198 34 221 435
3072 4 2 1 1 369 404 453 496
3073 4 2 1 1 21 20 98 184
3074 4 2 1 1 132 174 96 365
3075 4 2 1 1 206 37 7 220
3076 4 2 1 1 444 455 382 488
3077 4 2 1 1 453 496 404 540
3078 4 2 1 1 281 140 57 56
3079 4 2 1 1 201 202 200 506
3080 4 2 1 1 133 534 148 538
3081 4 2 1 1 416 465 376 549
3082 4 2 1 1 379 430 474 541
3083 4 2 1 1 102 28 27 201
3084 4 2 1 1 420 478 443 569
3085 4 2 1 1 233 465 497 524
3086 4 2 1 1 177 166 167 518
3087 4 2 1 1 440 512 155 518
3088 4 2 1 1 343 83 70 520
3089 4 2 1 1 51 182 52 309
3090 4 2 1 1 306 55 172 314
3091 4 2 1 1 215 218 39 484
3092 4 2 1 1 332 495 437 501
3093 4 2 1 1 136 112 104 554
3094 4 2 1 1 6 34 221 198
3095 4 2 1 1 209 208 31 543
3096 4 2 1 1 167 155 512 518
3097 4 2 1 1 221 33 6 190
3098 4 2 1 1 405 547 508 568
3099 4 2 1 1 452 539 404 540
3100 4 2 1 1 414 416 376 549
3101 4 2 1 1 218 38 204 515
3102 4 2 1 1 430 544 408 545
3103 4 2 1 1 19 20 185 103
3104 4 2 1 1 360 383 382 393
3105 4 2 1 1 91 490 489 550
3106 4 2 1 1 383 466 452 501
3107 4 2 1 1 133 416 447 538
3108 4 2 1 1 411 438 507 565
3109 4 2 1 1 121 183 125 542
3110 4 2 1 1 141 113 153 457
3111 4 2 1 1 32 219 188 470
3112 4 2 1 1 57 140 281 150
3113 4 2 1 1 458 525 533 560
3114 4 2 1 1 198 221 6 190
3115 4 2 1 1 187 1 19 159
3116 4 2 1 1 456 547 405 568
3117 4 2 1 1 393 520 494 551
3118 4 2 1 1 411 502 438 565
3119 4 2 1 1 404 496 452 540
3120 4 2 1 1 386 437 556 558
3121 4 2 1 1 376 451 415 465
3122 4 2 1 1 100 101 117 548
3123 4 2 1 1 405 498 456 568
3124 4 2 1 1 38 216 202 515
3125 4 2 1 1 140 281 172 56
3126 4 2 1 1 131 138 133 534
3127 4 2 1 1 404 539 463 540
3128 4 2 1 1 404 452 383 466
3129 4 2 1 1 377 414 492 549
3130 4 2 1 1 18 520 455 551
3131 4 2 1 1 376 415 414 465
3132 4 2 1 1 452 466 404 539
3133 4 2 1 1 137 105 155 440
3134 4 2 1 1 137 440 155 518
3135 4 2 1 1 109 180 108 475
3136 4 2 1 1 133 135 132 416
3137 4 2 1 1 99 111 101 473
3138 4 2 1 1 109 181 180 475
3139 4 2 1 1 105 174 135 376
3140 4 2 1 1 489 509 350 550
3141 4 2 1 1 210 44 4 203
3142 4 2 1 1 32 188 186 470
3143 4 2 1 1 157 11 326 49
3144 4 2 1 1 348 455 436 551
3145 4 2 1 1 58 283 234 150
3146 4 2 1 1 164 50 263 144
3147 4 2 1 1 429 508 405 547
3148 4 2 1 1 430 541 431 544
3149 4 2 1 1 114 117 101 548
3150 4 2 1 1 144 157 50 263
3151 4 2 1 1 185 184 186 464
3152 4 2 1 1 144 164 138 529
3153 4 2 1 1 178 327 12 60
3154 4 2 1 1 139 135 133 416
3155 4 2 1 1 155 105 151 454
3156 4 2 1 1 101 169 99 473
3157 4 2 1 1 38 218 216 515
3158 4 2 1 1 412 386 478 558
3159 4 2 1 1 227 52 309 171
3160 4 2 1 1 82 455 93 520
3161 4 2 1 1 416 376 465 524
3162 4 2 1 1 447 534 133 538
3163 4 2 1 1 136 166 143 485
3164 4 2 1 1 231 465 524 549
3165 4 2 1 1 136 143 97 554
3166 4 2 1 1 206 7 43 199
3167 4 2 1 1 37 38 216 202
3168 4 2 1 1 381 444 382 488
3169 4 2 1 1 160 127 121 510
3170 4 2 1 1 151 140 150 421
3171 4 2 1 1 223 216 218 515
3172 4 2 1 1 6 42 198 190
3173 4 2 1 1 137 166 485 518
3174 4 2 1 1 152 167 155 512
3175 4 2 1 1 33 32 186 214
3176 4 2 1 1 138 148 133 534
3177 4 2 1 1 181 109 122 522
3178 4 2 1 1 135 174 132 376
3179 4 2 1 1 135 376 416 421
3180 4 2 1 1 100 116 115 505
3181 4 2 1 1 208 209 211 543
3182 4 2 1 1 105 104 175 503
3183 4 2 1 1 129 165 134 427
3184 4 2 1 1 377 449 447 492
3185 4 2 1 1 5 41 188 211
3186 4 2 1 1 327 293 170 60
3187 4 2 1 1 11 157 158 49
3188 4 2 1 1 136 97 112 554
3189 4 2 1 1 166 142 143 553
3190 4 2 1 1 293 59 170 60
3191 4 2 1 1 131 134 144 529
3192 4 2 1 1 416 524 465 549
3193 4 2 1 1 212 8 44 204
3194 4 2 1 1 131 529 138 534
3195 4 2 1 1 383 412 466 495
3196 4 2 1 1 421 524 416 532
3197 4 2 1 1 125 126 98 542
3198 4 2 1 1 12 61 177 176
3199 4 2 1 1 492 549 414 550
3200 4 2 1 1 383 436 393 437
3201 4 2 1 1 166 136 137 485
3202 4 2 1 1 377 414 387 490
3203 4 2 1 1 139 532 416 538
3204 4 2 1 1 306 55 168 172
3205 4 2 1 1 55 172 314 56
3206 4 2 1 1 53 171 227 331
3207 4 2 1 1 414 415 387 489
3208 4 2 1 1 489 491 387 564
3209 4 2 1 1 343 71 82 520
3210 4 2 1 1 436 452 382 493
3211 4 2 1 1 309 164 51 263
3212 4 2 1 1 167 137 155 518
3213 4 2 1 1 171 53 148 331
3214 4 2 1 1 148 168 133 538
3215 4 2 1 1 50 11 326 157
3216 4 2 1 1 137 167 166 518
3217 4 2 1 1 52 164 309 171
3218 4 2 1 1 393 436 382 455
3219 4 2 1 1 283 58 57 150
3220 4 2 1 1 414 490 377 492
3221 4 2 1 1 465 509 414 550
3222 4 2 1 1 168 139 133 538
3223 4 2 1 1 414 549 465 550
3224 4 2 1 1 451 465 376 497
3225 4 2 1 1 327 170 176 60
3226 4 2 1 1 383 495 466 501
3227 4 2 1 1 415 489 414 509
3228 4 2 1 1 139 172 140 532
3229 4 2 1 1 12 61 176 327
3230 4 2 1 1 171 227 52 53
3231 4 2 1 1 489 490 414 550
3232 4 2 1 1 387 490 489 564
3233 4 2 1 1 383 452 436 501
3234 4 2 1 1 308 148 53 331
3235 4 2 1 1 176 12 327 60
3236 4 2 1 1 140 421 135 532
3237 4 2 1 1 152 155 151 512
3238 4 2 1 1 139 140 135 532
3239 4 2 1 1 393 437 436 551
3240 4 2 1 1 51 52 164 309
3241 4 2 1 1 131 144 138 529
3242 4 2 1 1 437 501 436 551
3243 4 2 1 1 490 492 414 550
3244 4 2 1 1 139 135 416 532
3245 4 2 1 1 489 414 509 550
3246 4 2 1 1 135 421 416 532
3247 4 2 1 1 126 125 183 542
3248 4 2 1 1 140 151 135 421
3249 4 2 1 1 54 306 55 168
3250 4 2 1 1 306 54 308 168
3251 4 2 1 1 455 520 393 551
3252 4 2 1 1 414 489 387 490
3253 4 2 1 1 54 148 308 168
3254 4 2 1 1 436 382 455 493
3255 4 2 1 1 142 166 177 553
3256 4 2 1 1 436 437 383 501
3257 4 2 1 1 148 53 54 308
3258 4 2 1 1 437 495 383 501
3259 4 2 1 1 436 455 393 551
3260 4 2 1 1 81 17 82 455
3261 4 2 1 1 82 17 81 489
3262 4 2 1 1 82 18 83 520
3263 4 2 1 1 77 78 424 345
3264 4 2 1 1 424 78 77 479
3265 4 2 1 1 424 76 77 345
3266 4 2 1 1 77 76 424 479
3267 4 2 1 1 346 69 508 68
3268 4 2 1 1 346 508 69 494
3269 4 2 1 1 79 74 488 347
3270 4 2 1 1 488 74 79 545
3271 4 2 1 1 488 80 79 347
3272 4 2 1 1 79 80 488 545
3273 4 2 1 1 402 370 374 368
3274 4 2 1 1 402 374 370 401
3275 4 2 1 1 124 395 111 123
3276 4 2 1 1 111 395 124 420
3277 4 2 1 1 525 561 398 432
3278 4 2 1 1 398 561 525 458
3279 4 2 1 1 360 559 381 361
3280 4 2 1 1 381 559 360 537
3281 4 2 1 1 192 503 24 104
3282 4 2 1 1 192 24 503 486
3283 4 2 1 1 418 24 503 104
3284 4 2 1 1 418 503 24 486
3285 4 2 1 1 566 69 413 346
3286 4 2 1 1 566 413 69 511
3287 4 2 1 1 84 413 69 346
3288 4 2 1 1 84 69 413 511
3289 4 2 1 1 557 74 530 531
3290 4 2 1 1 557 530 74 75
3291 4 2 1 1 384 461 129 410
3292 4 2 1 1 129 461 384 427
3293 4 2 1 1 472 423 368 373
3294 4 2 1 1 472 368 423 396
3295 4 2 1 1 568 456 14 498
3296 4 2 1 1 14 66 568 498
3297 4 2 1 1 544 74 557 517
3298 4 2 1 1 544 557 74 75
3299 4 2 1 1 316 556 551 437
3300 4 2 1 1 316 551 556 494
3301 4 2 1 1 393 551 556 437
3302 4 2 1 1 393 556 551 494
3303 4 2 1 1 516 13 467 65
3304 4 2 1 1 516 467 13 456
3305 4 2 1 1 530 424 76 557
3306 4 2 1 1 76 75 530 557
3307 4 2 1 1 517 72 488 73
3308 4 2 1 1 517 488 72 444
3309 4 2 1 1 530 78 519 341
3310 4 2 1 1 530 519 78 424
3311 4 2 1 1 73 74 530 347
3312 4 2 1 1 530 74 73 531
3313 4 2 1 1 530 422 73 347
3314 4 2 1 1 73 422 530 531
3315 4 2 1 1 74 73 488 347
3316 4 2 1 1 74 488 73 517
3317 4 2 1 1 544 341 78 75
3318 4 2 1 1 544 78 341 545
3319 4 2 1 1 530 341 79 74
3320 4 2 1 1 79 341 530 519
3321 4 2 1 1 79 347 530 74
3322 4 2 1 1 530 347 79 519
3323 4 2 1 1 529 265 461 267
3324 4 2 1 1 529 461 265 449
3325 4 2 1 1 266 461 265 267
3326 4 2 1 1 266 265 461 449
3327 4 2 1 1 561 525 526 432
3328 4 2 1 1 561 526 525 433
3329 4 2 1 1 511 343 83 70
3330 4 2 1 1 511 83 343 415
3331 4 2 1 1 523 275 291 439
3332 4 2 1 1 523 291 275 236
3333 4 2 1 1 509 274 415 244
3334 4 2 1 1 509 415 274 451
3335 4 2 1 1 299 415 274 244
3336 4 2 1 1 299 274 415 451
3337 4 2 1 1 214 464 470 186
3338 4 2 1 1 470 464 214 380
3339 4 2 1 1 464 189 98 184
3340 4 2 1 1 464 98 189 385
3341 4 2 1 1 360 404 359 369
3342 4 2 1 1 359 404 360 383
3343 4 2 1 1 561 385 380 433
3344 4 2 1 1 561 380 385 464
3345 4 2 1 1 435 380 385 433
3346 4 2 1 1 435 385 380 464
3347 4 2 1 1 395 111 522 371
3348 4 2 1 1 395 522 111 123
3349 4 2 1 1 538 260 261 251
3350 4 2 1 1 538 261 260 447
3351 4 2 1 1 518 296 315 512
3352 4 2 1 1 518 315 296 290
3353 4 2 1 1 49 134 300 157
3354 4 2 1 1 49 300 134 48
3355 4 2 1 1 463 276 277 453
3356 4 2 1 1 463 277 276 324
3357 4 2 1 1 464 33 214 435
3358 4 2 1 1 464 214 33 186
3359 4 2 1 1 533 546 448 458
3360 4 2 1 1 448 546 533 384
3361 4 2 1 1 461 129 529 427
3362 4 2 1 1 461 529 129 131
3363 4 2 1 1 134 529 129 427
3364 4 2 1 1 134 129 529 131
3365 4 2 1 1 567 476 218 356
3366 4 2 1 1 567 218 476 515
3367 4 2 1 1 523 403 363 441
3368 4 2 1 1 523 363 403 439
3369 4 2 1 1 556 85 230 282
3370 4 2 1 1 556 230 85 429
3371 4 2 1 1 418 23 472 193
3372 4 2 1 1 418 472 23 161
3373 4 2 1 1 516 247 64 483
3374 4 2 1 1 516 64 247 297
3375 4 2 1 1 492 285 260 318
3376 4 2 1 1 492 260 285 447
3377 4 2 1 1 492 260 549 330
3378 4 2 1 1 492 549 260 447
3379 4 2 1 1 535 219 214 469
3380 4 2 1 1 535 214 219 224
3381 4 2 1 1 494 360 537 393
3382 4 2 1 1 494 537 360 394
3383 4 2 1 1 309 171 138 227
3384 4 2 1 1 138 171 309 164
3385 4 2 1 1 447 323 302 285
3386 4 2 1 1 447 302 323 534
3387 4 2 1 1 564 310 490 268
3388 4 2 1 1 564 490 310 519
3389 4 2 1 1 503 554 378 136
3390 4 2 1 1 503 378 554 428
3391 4 2 1 1 485 378 554 136
3392 4 2 1 1 485 554 378 428
3393 4 2 1 1 547 297 313 287
3394 4 2 1 1 547 313 297 516
3395 4 2 1 1 548 116 100 505
3396 4 2 1 1 548 100 116 117
3397 4 2 1 1 205 554 196 112
3398 4 2 1 1 196 554 205 480
3399 4 2 1 1 534 267 277 276
3400 4 2 1 1 534 277 267 529
3401 4 2 1 1 566 85 346 504
3402 4 2 1 1 566 346 85 68
3403 4 2 1 1 478 359 457 420
3404 4 2 1 1 478 457 359 412
3405 4 2 1 1 555 460 361 469
3406 4 2 1 1 555 361 460 379
3407 4 2 1 1 538 271 139 532
3408 4 2 1 1 538 139 271 305
3409 4 2 1 1 532 314 139 172
3410 4 2 1 1 532 139 314 271
3411 4 2 1 1 305 139 314 172
3412 4 2 1 1 305 314 139 271
3413 4 2 1 1 507 14 337 13
3414 4 2 1 1 507 337 14 565
3415 4 2 1 1 250 539 238 251
3416 4 2 1 1 238 539 250 466
3417 4 2 1 1 418 23 24 96
3418 4 2 1 1 418 24 23 193
3419 4 2 1 1 535 219 215 224
3420 4 2 1 1 535 215 219 357
3421 4 2 1 1 493 352 455 436
3422 4 2 1 1 351 352 455 349
3423 4 2 1 1 351 455 352 436
3424 4 2 1 1 506 220 390 216
3425 4 2 1 1 506 390 220 462
3426 4 2 1 1 497 332 229 239
3427 4 2 1 1 497 229 332 465
3428 4 2 1 1 491 365 415 387
3429 4 2 1 1 491 415 365 482
3430 4 2 1 1 495 386 383 412
3431 4 2 1 1 495 383 386 437
3432 4 2 1 1 558 289 278 319
3433 4 2 1 1 558 278 289 556
3434 4 2 1 1 569 124 153 163
3435 4 2 1 1 569 153 124 420
3436 4 2 1 1 139 305 168 172
3437 4 2 1 1 139 168 305 538
3438 4 2 1 1 520 342 82 455
3439 4 2 1 1 520 82 342 71
3440 4 2 1 1 550 348 355 509
3441 4 2 1 1 550 355 348 351
3442 4 2 1 1 343 82 415 83
3443 4 2 1 1 18 415 82 83
3444 4 2 1 1 352 436 452 89
3445 4 2 1 1 452 436 352 493
3446 4 2 1 1 452 16 352 89
3447 4 2 1 1 352 16 452 493
3448 4 2 1 1 508 69 528 68
3449 4 2 1 1 508 528 69 499
3450 4 2 1 1 82 93 415 18
3451 4 2 1 1 82 415 93 489
3452 4 2 1 1 14 66 456 568
3453 4 2 1 1 14 456 66 337
3454 4 2 1 1 87 456 66 568
3455 4 2 1 1 87 66 456 337
3456 4 2 1 1 76 75 424 530
3457 4 2 1 1 76 424 75 345
3458 4 2 1 1 78 424 75 530
3459 4 2 1 1 78 75 424 345
3460 4 2 1 1 352 455 90 493
3461 4 2 1 1 352 90 455 349
3462 4 2 1 1 91 90 455 493
3463 4 2 1 1 91 455 90 349
3464 4 2 1 1 82 415 71 343
3465 4 2 1 1 82 71 415 489
3466 4 2 1 1 491 415 71 489
3467 4 2 1 1 353 489 415 509
3468 4 2 1 1 415 489 353 93
3469 4 2 1 1 353 18 415 93
3470 4 2 1 1 415 71 482 491
3471 4 2 1 1 415 482 71 343
3472 4 2 1 1 415 353 94 18
3473 4 2 1 1 94 353 415 509
3474 4 2 1 1 94 322 415 18
3475 4 2 1 1 415 94 244 322
3476 4 2 1 1 244 94 415 509
$EndElements
