$MeshFormat
2.2 0 8
$EndMeshFormat
$Nodes
1218
1 -1 -1 -1
2 1 -1 -1
3 1 1 -1
4 -1 1 -1
5 -1 -1 1
6 1 -1 1
7 1 1 1
8 -1 1 1
9 0 -1 -1
10 0 1 -1
11 0 -1 1
12 0 1 1
13 -0.7999999999999998 -1 -1
14 -0.6000000000013869 -1 -1
15 -0.4000000000016644 -1 -1
16 -0.2000000000008322 -1 -1
17 0 -0.8000000000005548 -1
18 0 -0.6000000000011096 -1
19 0 -0.4000000000016644 -1
20 0 -0.2000000000022192 -1
21 0 -2.752242878045763e-12 -1
22 0 0.1999999999977808 -1
23 0 0.3999999999983355 -1
24 0 0.5999999999988903 -1
25 0 0.7999999999994454 -1
26 -0.1999999999995579 1 -1
27 -0.3999999999989749 1 -1
28 -0.5999999999989468 1 -1
29 -0.7999999999994734 1 -1
30 -1 0.8000000000005548 -1
31 -1 0.6000000000011096 -1
32 -1 0.4000000000016644 -1
33 -1 0.2000000000022192 -1
34 -1 2.752242878045763e-12 -1
35 -1 -0.1999999999977808 -1
36 -1 -0.3999999999983355 -1
37 -1 -0.5999999999988903 -1
38 -1 -0.7999999999994454 -1
39 -0.7999999999999998 -1 1
40 -0.6000000000013869 -1 1
41 -0.4000000000016644 -1 1
42 -0.2000000000008322 -1 1
43 0 -0.8000000000005548 1
44 0 -0.6000000000011096 1
45 0 -0.4000000000016644 1
46 0 -0.2000000000022192 1
47 0 -2.752242878045763e-12 1
48 0 0.1999999999977808 1
49 0 0.3999999999983355 1
50 0 0.5999999999988903 1
51 0 0.7999999999994454 1
52 -0.1999999999995579 1 1
53 -0.3999999999989749 1 1
54 -0.5999999999989468 1 1
55 -0.7999999999994734 1 1
56 -1 0.8000000000005548 1
57 -1 0.6000000000011096 1
58 -1 0.4000000000016644 1
59 -1 0.2000000000022192 1
60 -1 2.752242878045763e-12 1
61 -1 -0.1999999999977808 1
62 -1 -0.3999999999983355 1
63 -1 -0.5999999999988903 1
64 -1 -0.7999999999994454 1
65 -1 -1 -0.8000000000005548
66 -1 -1 -0.6000000000011096
67 -1 -1 -0.4000000000016644
68 -1 -1 -0.2000000000022192
69 -1 -1 -2.752242878045763e-12
70 -1 -1 0.1999999999977808
71 -1 -1 0.3999999999983355
72 -1 -1 0.5999999999988903
73 -1 -1 0.7999999999994454
74 0 -1 -0.8000000000005548
75 0 -1 -0.6000000000011096
76 0 -1 -0.4000000000016644
77 0 -1 -0.2000000000022192
78 0 -1 -2.752242878045763e-12
79 0 -1 0.1999999999977808
80 0 -1 0.3999999999983355
81 0 -1 0.5999999999988903
82 0 -1 0.7999999999994454
83 0 1 -0.8000000000005548
84 0 1 -0.6000000000011096
85 0 1 -0.4000000000016644
86 0 1 -0.2000000000022192
87 0 1 -2.752242878045763e-12
88 0 1 0.1999999999977808
89 0 1 0.3999999999983355
90 0 1 0.5999999999988903
91 0 1 0.7999999999994454
92 -1 1 -0.8000000000005548
93 -1 1 -0.6000000000011096
94 -1 1 -0.4000000000016644
95 -1 1 -0.2000000000022192
96 -1 1 -2.752242878045763e-12
97 -1 1 0.1999999999977808
98 -1 1 0.3999999999983355
99 -1 1 0.5999999999988903
100 -1 1 0.7999999999994454
101 0.1999999999995579 -1 -1
102 0.3999999999989749 -1 -1
103 0.5999999999989468 -1 -1
104 0.7999999999994734 -1 -1
105 1 -0.8000000000005548 -1
106 1 -0.6000000000011096 -1
107 1 -0.4000000000016644 -1
108 1 -0.2000000000022192 -1
109 1 -2.752242878045763e-12 -1
110 1 0.1999999999977808 -1
111 1 0.3999999999983355 -1
112 1 0.5999999999988903 -1
113 1 0.7999999999994454 -1
114 0.7999999999999998 1 -1
115 0.6000000000013869 1 -1
116 0.4000000000016644 1 -1
117 0.2000000000008322 1 -1
118 0.1999999999995579 -1 1
119 0.3999999999989749 -1 1
120 0.5999999999989468 -1 1
121 0.7999999999994734 -1 1
122 1 -0.8000000000005548 1
123 1 -0.6000000000011096 1
124 1 -0.4000000000016644 1
125 1 -0.2000000000022192 1
126 1 -2.752242878045763e-12 1
127 1 0.1999999999977808 1
128 1 0.3999999999983355 1
129 1 0.5999999999988903 1
130 1 0.7999999999994454 1
131 0.7999999999999998 1 1
132 0.6000000000013869 1 1
133 0.4000000000016644 1 1
134 0.2000000000008322 1 1
135 1 -1 -0.8000000000005548
136 1 -1 -0.6000000000011096
137 1 -1 -0.4000000000016644
138 1 -1 -0.2000000000022192
139 1 -1 -2.752242878045763e-12
140 1 -1 0.1999999999977808
141 1 -1 0.3999999999983355
142 1 -1 0.5999999999988903
143 1 -1 0.7999999999994454
144 1 1 -0.8000000000005548
145 1 1 -0.6000000000011096
146 1 1 -0.4000000000016644
147 1 1 -0.2000000000022192
148 1 1 -2.752242878045763e-12
149 1 1 0.1999999999977808
150 1 1 0.3999999999983355
151 1 1 0.5999999999988903
152 1 1 0.7999999999994454
153 -0.1683993841501619 -0.2973387220165467 -1
154 -0.8267949192435928 0.3000000000019418 -1
155 -0.1732050807569519 0.09999999999767074 -1
156 -0.8316006158495296 -0.1026612779831621 -1
157 -0.1732050807574511 0.499999999998587 -1
158 -0.8267949192426742 -0.4999999999985296 -1
159 -0.4903320945066355 -0.8372448438202935 -1
160 -0.5096679054940284 0.8372448438200909 -1
161 -0.1919020546235595 -0.6861149077331977 -1
162 -0.8080979453766616 0.6861149077329883 -1
163 -0.1732050807571 0.2999999999980253 -1
164 -0.3464101615138607 0.199999999997685 -1
165 -0.34487367195243 0.002661277982970917 -1
166 -0.5196152422704362 0.09999999999731637 -1
167 -0.5077565873997067 -0.09968318119312042 -1
168 -0.5196152422707327 0.2999999999971317 -1
169 -0.8291323582384529 -0.3031048243144205 -1
170 -0.6555159012127546 -0.4031787487031152 -1
171 -0.6702599411119794 -0.604231054143452 -1
172 -0.484103401233283 -0.5162738843941833 -1
173 -0.4913207413851048 -0.3022780731295943 -1
174 -0.8302686264760524 -0.6995782245484744 -1
175 -0.3464101615144602 0.3999999999978061 -1
176 -0.5185531938177239 0.5152153411293875 -1
177 -0.3298840612674558 0.6062371528810531 -1
178 -0.169737621025028 0.699665258542189 -1
179 -0.170611560167628 -0.09645162935516911 -1
180 -0.8294696144053803 0.09983835775338379 -1
181 -0.832387037179334 0.4890113227702209 -1
182 -0.1668120133864942 -0.4885677764394461 -1
183 -0.3047933512168348 -0.8409589541424648 -1
184 -0.6952066487836085 0.8409589541422356 -1
185 -0.6837610387087739 -0.8120563121733649 -1
186 -0.3162604255600983 0.8123553311348767 -1
187 -0.6126455334650031 0.6862062166536653 -1
188 -0.3877972323772957 -0.686382640531405 -1
189 -0.3355971193151702 -0.194615229134459 -1
190 -0.6641990889156147 -0.2058605367030917 -1
191 -0.3266680636289997 -0.3911711189994538 -1
192 -0.6732050807587288 0.2000000000024445 -1
193 -0.6709743715998993 -0.001394439687704937 -1
194 -0.6761299584944549 0.3920299487971804 -1
195 -0.8535898384856863 -0.8535898384855375 -1
196 -0.1464101615142631 0.8535898384854699 -1
197 -0.8535898384865247 0.8535898384868144 -1
198 -0.1464101615135054 -0.8535898384868661 -1
199 -0.3137757223037844 -0.5479530288824938 -1
200 -0.6870933051773587 0.5494530597375198 -1
201 -0.5432507415875935 -0.6912377470125398 -1
202 -0.4581232296213799 0.6897502242153343 -1
203 -0.1683993841501619 -0.2973387220165467 1
204 -0.8267949192435928 0.3000000000019418 1
205 -0.1732050807569519 0.0999999999976707 1
206 -0.8316006158495295 -0.1026612779831621 1
207 -0.1732050807574511 0.499999999998587 1
208 -0.8267949192426742 -0.4999999999985296 1
209 -0.4903320945066355 -0.8372448438202935 1
210 -0.5096679054940285 0.8372448438200909 1
211 -0.1919020546235595 -0.6861149077331977 1
212 -0.8080979453766618 0.6861149077329883 1
213 -0.1732050807571 0.2999999999980253 1
214 -0.3464101615138606 0.1999999999976849 1
215 -0.3448736719524299 0.002661277982970847 1
216 -0.5196152422704361 0.09999999999731625 1
217 -0.5077565873997067 -0.09968318119312043 1
218 -0.5196152422707327 0.2999999999971316 1
219 -0.8291323582384529 -0.3031048243144205 1
220 -0.6555159012127545 -0.4031787487031152 1
221 -0.6702599411119794 -0.604231054143452 1
222 -0.484103401233283 -0.5162738843941832 1
223 -0.4913207413851048 -0.3022780731295941 1
224 -0.8302686264760524 -0.6995782245484744 1
225 -0.3464101615144601 0.3999999999978061 1
226 -0.518553193817724 0.5152153411293874 1
227 -0.3298840612674557 0.606237152881053 1
228 -0.1697376210250278 0.699665258542189 1
229 -0.170611560167628 -0.09645162935516913 1
230 -0.8294696144053801 0.09983835775338382 1
231 -0.1668120133864942 -0.4885677764394461 1
232 -0.832387037179334 0.4890113227702207 1
233 -0.3047933512168348 -0.8409589541424648 1
234 -0.6952066487836086 0.8409589541422356 1
235 -0.6837610387087739 -0.8120563121733649 1
236 -0.3162604255600983 0.8123553311348767 1
237 -0.6126455334650033 0.6862062166536653 1
238 -0.3877972323772957 -0.686382640531405 1
239 -0.3355971193151702 -0.1946152291344591 1
240 -0.6641990889156147 -0.2058605367030917 1
241 -0.3266680636289997 -0.3911711189994538 1
242 -0.6732050807587288 0.2000000000024443 1
243 -0.6709743715998993 -0.001394439687704983 1
244 -0.6761299584944549 0.3920299487971803 1
245 -0.8535898384856863 -0.8535898384855375 1
246 -0.1464101615142631 0.85358983848547 1
247 -0.8535898384865247 0.8535898384868144 1
248 -0.1464101615135054 -0.8535898384868661 1
249 -0.3137757223037844 -0.5479530288824938 1
250 -0.6870933051773587 0.5494530597375196 1
251 -0.5432507415875935 -0.6912377470125398 1
252 -0.4581232296213801 0.6897502242153345 1
253 -0.822291395856973 -1 -0.3018403998054954
254 -0.1936624924746871 -1 0.07568624191086326
255 -0.5096679054959412 -1 0.8372448438200164
256 -0.1835933810698341 -1 -0.5166712570657307
257 -0.8310428336783412 -1 0.3000519442395334
258 -0.4983653964790225 -1 -0.8277386580274846
259 -0.1732050807573164 -1 0.4999999999985408
260 -0.8188605505124221 -1 -0.6816348761895749
261 -0.8080979453768361 -1 0.686114907731636
262 -0.3007481903593487 -1 -0.8307029123440052
263 -0.3692938910145715 -1 -0.6370811958318249
264 -0.6000000000011791 -1 -0.6535898384877867
265 -0.5000000000019797 -1 -0.4803847577314077
266 -0.7008544464479198 -1 -0.485422972350864
267 -0.606200350090808 -1 -0.3056417527295769
268 -0.7065982935854194 -1 -0.115391249253169
269 -0.50603119244798 -1 -0.1273318852916643
270 -0.60756361088657 -1 0.05083587700255368
271 -0.4085796439794299 -1 0.04616855025775336
272 -0.5313603536551808 -1 0.2111484533597389
273 -0.3075483228936295 -1 -0.1181022544730496
274 -0.4089662506328178 -1 -0.297950995877231
275 -0.1961031667090494 -1 -0.2990018679603143
276 -0.8140888972949116 -1 0.07658677660840334
277 -0.1732050807573237 -1 0.2999999999981351
278 -0.3378865469385995 -1 0.4115459047693453
279 -0.3286404669139253 -1 0.6056255801542609
280 -0.5126384226225077 -1 0.5187434787864906
281 -0.1696836680552017 -1 0.6996387256422479
282 -0.8330950229179381 -1 0.4890199801409672
283 -0.166922378486833 -1 -0.7017270134533622
284 -0.3160750616577541 -1 0.8122641731881767
285 -0.6937235112807181 -1 -0.8350536733169422
286 -0.6952066487847193 -1 0.8409589541418431
287 -0.611659738266259 -1 0.6867942395956694
288 -0.6518944340872438 -1 0.3753621384236528
289 -0.354944029311608 -1 0.2340927282630486
290 -0.6871900259204495 -1 0.2027970379267764
291 -0.1378065912308421 -1 -0.1000000000024857
292 -0.8684012785634631 -1 -0.4937796496697416
293 -0.3315913378856505 -1 -0.4462180148933017
294 -0.8685957173474609 -1 -0.1081289744910465
295 -0.1464101615150499 -1 -0.8535898384853216
296 -0.8535898384858731 -1 0.8535898384857243
297 -0.8535898384865763 -1 -0.853589838486725
298 -0.1464101615143717 -1 0.8535898384857027
299 -0.683477112654157 -1 0.5512069489356833
300 -0.4849700580644269 -1 0.3600072192824559
301 -0.4557363189912774 -1 0.6921344631089228
302 0 0.07429063996253049 0.8127870498686659
303 0 0.09999999999761447 -0.830940107675973
304 0 -0.8267949192431123 0.0999999999975143
305 0 0.8267949192431123 0.0999999999975143
306 0 -0.2964567192357636 -0.8288406333476677
307 0 -0.3018403998046611 0.8222913958561451
308 0 -0.8267949192434747 -0.3000000000017916
309 0 0.8267949192435928 -0.3000000000019418
310 0 0.4999999999986129 0.8267949192426318
311 0 0.495916934324097 -0.8225498044704086
312 0 -0.8277386580265462 0.4983653964759651
313 0 0.8408154862063701 0.491957606462518
314 0 -0.8312607391174316 -0.6922649730818915
315 0 -0.6816348761889433 0.8188605505114088
316 0 0.8090094343791121 -0.6891118908215915
317 0 -0.8269522090402792 0.299727566077568
318 0 -0.6536160534525585 0.1999545943443728
319 0 -0.6535942076476005 -7.567611020465695e-06
320 0 -0.4803898550845268 0.09999117112059722
321 0 -0.4803863354827307 -0.1000027327495906
322 0 -0.3071807894914834 -1.926939770783657e-06
323 0 -0.3066994427577948 0.1998348161054332
324 0 -0.1335294081660348 0.09933937038959609
325 0 -0.1339005836284051 -0.1001104260930546
326 0 0.03931701797921455 -0.0001285092856922025
327 0 0.03975413073445102 0.1991149898063084
328 0 0.03923048453906745 -0.200000000002071
329 0 0.2124499875355825 -0.1000214182163143
330 0 0.2124379690020872 -0.300003569704293
331 0 -0.1603033943916562 -0.3160898150517768
332 0 0.3856434503764078 -0.2000041646550283
333 0 0.3856435171461539 -4.263813923599535e-06
334 0 0.3856406460518192 -0.4000000000019001
335 0 0.5588457268084807 -0.1000000000026691
336 0 0.2038249576065178 -0.5053423962132131
337 0 0.5588457268085686 0.09999999999680034
338 0 0.3856411245678655 0.1999992893615369
339 0 0.5588457268087483 0.2999999999963946
340 0 0.3856407258048483 0.3999998815572364
341 0 0.5565797758773139 0.4962135189159056
342 0 0.3944965924180446 0.62893471530348
343 0 0.212435565295441 0.4999999999964096
344 0 0.3919852636886503 -0.6298849492352065
345 0 0.5569450041884776 -0.4980333451516233
346 0 -0.6537777124105748 0.399674592815334
347 0 -0.659396352338131 0.601182153110426
348 0 -0.47990325405186 0.5001427909861087
349 0 -0.4860569021316234 0.7010121778857683
350 0 -0.3041865887712403 0.6062504371603032
351 0 -0.1225872918664173 0.70531343432283
352 0 -0.1286471437994953 0.505223116648688
353 0 0.04368588316579708 0.6086763939446664
354 0 -0.3052672961197367 0.4012757490129668
355 0 0.2999999999981645 -0.8267949192426931
356 0 0.2999999999981213 0.8267949192426682
357 0 0.8267949192426682 0.2999999999981214
358 0 -0.6535908296390037 -0.2000017167278095
359 0 -0.4872442314125043 -0.2881205262288648
360 0 -0.09984627582624267 -0.8270635096975815
361 0 -0.2024421985158134 -0.6557413043489123
362 0 -0.384578106824032 -0.665266722333373
363 0 -0.2823987672749952 -0.4927992996618096
364 0 0.01748811025326224 -0.6269325050520865
365 0 0.8267949192431698 -0.1000000000021191
366 0 -0.8267958126288653 -0.1000015473913464
367 0 -0.6559298621215377 -0.3959477796107474
368 0 0.698813536600519 0.8341005191696472
369 0 0.5588457268083912 -0.3000000000021522
370 0 -0.8279292264949377 -0.4980354587830523
371 0 -0.6664231790011664 -0.5956354410301008
372 0 -0.6817541492990914 -0.8115084937811514
373 0 0.8369074999458214 -0.4918002300851767
374 0 -0.4803847577297843 0.2999999999973964
375 0 -0.3183616012660164 -0.1909132833754156
376 0 0.2125402238765147 0.09982668130807849
377 0 0.03923048453891398 -0.4000000000015352
378 0 0.2126100673148922 0.2997027644316829
379 0 0.04008960054421182 0.3998512916695647
380 0 -0.1320890540567937 0.2985349092473312
381 0 -0.8357449249653961 0.6938642437922932
382 0 0.6930307980369996 -0.840216348235272
383 0 0.8122913120452638 0.6881867797201928
384 0 -0.4855951045873603 -0.4900177651287363
385 0 -0.1183501960256828 -0.4909792483438371
386 0 0.5999999999988904 0.676106234005233
387 0 0.5996685810339323 -0.6760465556328128
388 0 -0.4787403154043063 -0.8390692038686038
389 0 0.2026596663088419 -0.6839789754838345
390 0 0.2063415439823695 0.676322487076318
391 0 0.6928203230258874 -0.2000000000022567
392 0 0.6928203230260706 -0.4000000000016648
393 0 0.6928203230257985 -2.708888668934151e-12
394 0 -0.4939064356256004 0.8684328248506645
395 0 0.6928203230256599 0.199999999997046
396 0 0.6928203230250636 0.3999999999961546
397 0 -0.1026102171880902 0.8691206734455794
398 0 0.8535898384858185 0.8535898384858185
399 0 -0.8535898384866307 -0.8535898384866307
400 0 -0.8535898384868192 0.8535898384865219
401 0 0.8535898384865219 -0.8535898384868191
402 0 -0.5422649730824403 -0.7000000000008337
403 0 0.697284498375103 -0.5540530001512923
404 0 0.7005013794305803 0.5504928278200008
405 0 -0.3440248581878842 -0.3485184898730507
406 -0.1902426756869205 1 -0.3070925603219915
407 -0.8300698438005761 1 0.09999999999746763
408 -0.8364500760794608 1 0.4896860819379766
409 -0.8362933879518711 1 -0.4886650857428424
410 -0.1732050807573348 1 0.2999999999980131
411 -0.501634603521553 1 -0.8277386580271516
412 -0.5113349142577697 1 0.8362933879517823
413 -0.1811394494877499 1 -0.6816348761893316
414 -0.1693544090115408 1 0.699152526142979
415 -0.1732050807572246 1 0.09999999999768727
416 -0.3448736719534088 1 0.2026612779829896
417 -0.3441427999171183 1 0.002453207790998876
418 -0.3461540799211046 1 0.4004435463290034
419 -0.5174369967494021 1 0.3008274543670507
420 -0.5182358982698682 1 0.5153861671407594
421 -0.8273407400029624 1 -0.1000000000025194
422 -0.6622918720707301 1 0.001900912843815168
423 -0.6725376810481758 1 -0.2010938481960693
424 -0.3291598255851129 1 0.6061894271318997
425 -0.6992518096414051 1 -0.8307029123437477
426 -0.6038401227235237 1 -0.6707344468398206
427 -0.3994036328109603 1 -0.662222474743869
428 -0.5114019675239927 1 -0.4812102872990306
429 -0.302693720287317 1 -0.4898899792549354
430 -0.396474147670068 1 -0.308123386072007
431 -0.8312332586145015 1 0.2991229661491452
432 -0.6998864233944426 1 0.8306178565230686
433 -0.1696455658791822 1 0.5009642499331868
434 -0.172018268199866 1 -0.09445380668003384
435 -0.8320584167232441 1 -0.298780825470427
436 -0.8118103042909295 1 -0.6836414884283388
437 -0.8108813489271403 1 0.6843755678576823
438 -0.3062054926256638 1 -0.8360813681092105
439 -0.3163515963976043 1 0.8121317358495235
440 -0.6819959823608991 1 -0.3866686973839886
441 -0.614130592299474 1 0.6840490105797781
442 -0.5069974544202657 1 0.1013071421631794
443 -0.4938500682354445 1 -0.1248719230032829
444 -0.6771397866791961 1 0.3921577970605603
445 -0.6726204118505548 1 0.1997967978853014
446 -0.1339745962153031 1 -0.500000000001387
447 -0.3226336807912677 1 -0.1636630087209849
448 -0.8535898384854167 1 -0.8535898384857064
449 -0.1464101615140839 1 0.8535898384856491
450 -0.8535898384858753 1 0.8535898384858679
451 -0.1464101615133803 1 -0.8535898384866498
452 -0.551251969367716 1 -0.3003936283908757
453 -0.6913675404510278 1 0.5531309249153513
454 -0.6896969712342909 1 -0.5417981355845908
455 -0.4578425653619658 1 0.6908099457307486
456 -1 -0.07429063996253049 0.8127870498686659
457 -1 -0.09999999999761447 -0.830940107675973
458 -1 0.8267949192431123 0.0999999999975143
459 -1 -0.8267949192431123 0.0999999999975143
460 -1 0.2964567192357636 -0.8288406333476677
461 -1 0.3018403998046611 0.8222913958561451
462 -1 -0.8267949192435928 -0.3000000000019418
463 -1 0.8267949192434747 -0.3000000000017916
464 -1 -0.4999999999986129 0.8267949192426318
465 -1 -0.495916934324097 -0.8225498044704086
466 -1 0.8277386580265462 0.4983653964759651
467 -1 -0.8408154862063701 0.491957606462518
468 -1 0.8312607391174316 -0.6922649730818915
469 -1 0.6816348761889433 0.8188605505114088
470 -1 -0.8090094343791121 -0.6891118908215915
471 -1 0.8269522090402792 0.299727566077568
472 -1 0.6536160534525585 0.1999545943443728
473 -1 0.6535942076476005 -7.567611020465695e-06
474 -1 0.4803898550845268 0.09999117112059722
475 -1 0.4803863354827307 -0.1000027327495906
476 -1 0.3071807894914834 -1.926939770783657e-06
477 -1 0.3066994427577948 0.1998348161054332
478 -1 0.1335294081660348 0.09933937038959609
479 -1 0.1339005836284051 -0.1001104260930546
480 -1 -0.03931701797921455 -0.0001285092856922025
481 -1 -0.03975413073445102 0.1991149898063084
482 -1 -0.03923048453906745 -0.200000000002071
483 -1 -0.2124499875355825 -0.1000214182163143
484 -1 -0.2124379690020872 -0.300003569704293
485 -1 0.1603033943916562 -0.3160898150517768
486 -1 -0.3856434503764078 -0.2000041646550283
487 -1 -0.3856435171461539 -4.263813923599535e-06
488 -1 -0.3856406460518192 -0.4000000000019001
489 -1 -0.5588457268084807 -0.1000000000026691
490 -1 -0.2038249576065178 -0.5053423962132131
491 -1 -0.5588457268085686 0.09999999999680034
492 -1 -0.3856411245678655 0.1999992893615369
493 -1 -0.5588457268087483 0.2999999999963946
494 -1 -0.3856407258048483 0.3999998815572364
495 -1 -0.5565797758773139 0.4962135189159056
496 -1 -0.3944965924180446 0.62893471530348
497 -1 -0.212435565295441 0.4999999999964096
498 -1 -0.3919852636886503 -0.6298849492352065
499 -1 -0.5569450041884776 -0.4980333451516233
500 -1 0.6537777124105748 0.399674592815334
501 -1 0.659396352338131 0.601182153110426
502 -1 0.47990325405186 0.5001427909861087
503 -1 0.4860569021316234 0.7010121778857683
504 -1 0.3041865887712403 0.6062504371603032
505 -1 0.1225872918664173 0.70531343432283
506 -1 0.1286471437994953 0.505223116648688
507 -1 -0.04368588316579708 0.6086763939446664
508 -1 0.3052672961197367 0.4012757490129668
509 -1 -0.2999999999981645 -0.8267949192426931
510 -1 -0.2999999999981213 0.8267949192426682
511 -1 -0.8267949192426682 0.2999999999981214
512 -1 0.6535908296390037 -0.2000017167278095
513 -1 0.4872442314125043 -0.2881205262288648
514 -1 0.09984627582624267 -0.8270635096975815
515 -1 0.2024421985158134 -0.6557413043489123
516 -1 0.384578106824032 -0.665266722333373
517 -1 0.2823987672749952 -0.4927992996618096
518 -1 -0.01748811025326224 -0.6269325050520865
519 -1 -0.8267949192431698 -0.1000000000021191
520 -1 0.8267958126288653 -0.1000015473913464
521 -1 0.6559298621215377 -0.3959477796107474
522 -1 -0.698813536600519 0.8341005191696472
523 -1 -0.5588457268083912 -0.3000000000021522
524 -1 0.8279292264949377 -0.4980354587830523
525 -1 0.6664231790011664 -0.5956354410301008
526 -1 0.6817541492990914 -0.8115084937811514
527 -1 -0.8369074999458214 -0.4918002300851767
528 -1 0.4803847577297843 0.2999999999973964
529 -1 0.3183616012660164 -0.1909132833754156
530 -1 -0.2125402238765147 0.09982668130807849
531 -1 -0.03923048453891398 -0.4000000000015352
532 -1 -0.2126100673148922 0.2997027644316829
533 -1 -0.04008960054421182 0.3998512916695647
534 -1 0.1320890540567937 0.2985349092473312
535 -1 0.8357449249653961 0.6938642437922932
536 -1 -0.6930307980369996 -0.840216348235272
537 -1 -0.8122913120452638 0.6881867797201928
538 -1 0.4855951045873603 -0.4900177651287363
539 -1 0.1183501960256828 -0.4909792483438371
540 -1 -0.5999999999988904 0.676106234005233
541 -1 -0.5996685810339323 -0.6760465556328128
542 -1 0.4787403154043063 -0.8390692038686038
543 -1 -0.2026596663088419 -0.6839789754838345
544 -1 -0.2063415439823695 0.676322487076318
545 -1 -0.6928203230258874 -0.2000000000022567
546 -1 -0.6928203230260706 -0.4000000000016648
547 -1 -0.6928203230257985 -2.708888668934151e-12
548 -1 0.4939064356256004 0.8684328248506645
549 -1 -0.6928203230256599 0.199999999997046
550 -1 -0.6928203230250636 0.3999999999961546
551 -1 0.1026102171880902 0.8691206734455794
552 -1 -0.8535898384858185 0.8535898384858185
553 -1 0.8535898384866307 -0.8535898384866307
554 -1 0.8535898384868192 0.8535898384865219
555 -1 -0.8535898384865219 -0.8535898384868191
556 -1 0.5422649730824403 -0.7000000000008337
557 -1 -0.697284498375103 -0.5540530001512923
558 -1 -0.7005013794305803 0.5504928278200008
559 -1 0.3440248581878842 -0.3485184898730507
560 0.1777086041431473 -0.301840399805186 -1
561 0.1867252724781068 0.07836195541221769 -1
562 0.5000000000010174 0.8652610363377259 -1
563 0.8207407750087445 -0.5173451309427245 -1
564 0.8304434373560523 -0.09368058125924517 -1
565 0.8344542701528962 0.2999999999978544 -1
566 0.5016346035215554 -0.8277386580271531 -1
567 0.1627693833946921 0.4998054432528358 -1
568 0.18113944948776 -0.6816348761893374 -1
569 0.8306455909885009 0.6991525261430351 -1
570 0.6992518096414051 -0.8307029123437477 -1
571 0.6313252741399898 -0.6371774635279793 -1
572 0.3999999999992469 -0.653589838486911 -1
573 0.4999999999988419 -0.4803847577304245 -1
574 0.299145553552604 -0.4854229723500874 -1
575 0.3948228548166774 -0.3065456477416944 -1
576 0.5937151833473835 -0.3072128429222018 -1
577 0.4999999999985734 -0.1339745962175791 -1
578 0.2981214324604939 -0.1205068710854099 -1
579 0.3989593362637317 0.0409574618422677 -1
580 0.3391386016871911 0.233649203402955 -1
581 0.5297051337254954 0.2002845184700104 -1
582 0.4512269670281193 0.3917493037326983 -1
583 0.8354239548412203 0.1010532364546348 -1
584 0.637724141771268 0.02179379310631525 -1
585 0.8296282165010769 0.499858754355899 -1
586 0.6735313033368064 0.6017647585404686 -1
587 0.1687205595605457 0.6991407090423123 -1
588 0.3465075481401866 0.5715864837566296 -1
589 0.7979389602483993 -0.3058015158528037 -1
590 0.649177729725951 0.3873409680137335 -1
591 0.3192958784081426 0.8144744011088664 -1
592 0.8336673026125621 -0.7018186969738749 -1
593 0.306276488719509 -0.8350536733167163 -1
594 0.6848294109906672 0.8218128310773597 -1
595 0.162320835331472 0.3012677692360878 -1
596 0.1315987214367023 -0.493779649669477 -1
597 0.6651923788643168 -0.4602885682987579 -1
598 0.6972970460433663 0.2020945032085097 -1
599 0.506643592281267 0.6880912022067389 -1
600 0.130512527062727 -0.1000000000024857 -1
601 0.6719643445443353 -0.1637751486291029 -1
602 0.2923926671163323 0.3996116406762413 -1
603 0.8535898384858728 0.8535898384857241 -1
604 0.8535898384854167 -0.8535898384857064 -1
605 0.1464101615133803 -0.8535898384866498 -1
606 0.1464101615142089 0.8535898384858654 -1
607 0.5254174281024661 0.5281065432500539 -1
608 0.1902426756869339 -0.3070925603219835 1
609 0.8300698438005383 0.09999999999754572 1
610 0.5096679054959535 0.837244843819991 1
611 0.8362933879518692 -0.4886650857428677 1
612 0.1732050807573127 0.2999999999979969 1
613 0.5016346035215531 -0.8277386580271517 1
614 0.8355031994895589 0.4913255048118139 1
615 0.169354409011648 0.6991525261429554 1
616 0.1811394494877502 -0.6816348761893317 1
617 0.1732050807571972 0.09999999999769998 1
618 0.3448736719533441 0.2026612779829572 1
619 0.3441427999170452 0.00245320779104986 1
620 0.3461540799210552 0.4004435463289287 1
621 0.5174369967493077 0.3008274543669767 1
622 0.5182054328011126 0.515396912657028 1
623 0.827340740002951 -0.1000000000025153 1
624 0.6622918720706935 0.001900912843823227 1
625 0.672537681048152 -0.2010938481960892 1
626 0.3291416422083022 0.6062000935479508 1
627 0.6992518096414051 -0.8307029123437477 1
628 0.6038401227235279 -0.6707344468398271 1
629 0.3994036328109614 -0.6622224747438704 1
630 0.5114019675239968 -0.4812102872990435 1
631 0.3026937202873203 -0.4898899792549369 1
632 0.3964741476700716 -0.3081233860720044 1
633 0.8311527418975679 0.2992623728562985 1
634 0.1720182681998609 -0.09445380668001514 1
635 0.8093419854120693 0.6848756941334238 1
636 0.1696425353163863 0.5009660276691763 1
637 0.8320584167232297 -0.298780825470455 1
638 0.3160996211221352 0.8122767894588212 1
639 0.8118103042909336 -0.6836414884283487 1
640 0.306205492625664 -0.8360813681092107 1
641 0.693922100240667 0.8383823995146469 1
642 0.6819959823608992 -0.3866686973840122 1
643 0.6125808218778472 0.6856005172031102 1
644 0.5069974544201961 0.101307142163185 1
645 0.4938500682354257 -0.124871923003273 1
646 0.6769603390771533 0.392460878928032 1
647 0.6726091333762824 0.1998159951197879 1
648 0.133974596215304 -0.500000000001387 1
649 0.3226336807912977 -0.1636630087209526 1
650 0.8535898384858338 0.8535898384856851 1
651 0.8535898384854167 -0.8535898384857064 1
652 0.1464101615133803 -0.8535898384866498 1
653 0.1464101615142087 0.8535898384858658 1
654 0.551251969367709 -0.3003936283908845 1
655 0.6862242776949432 0.5479530288785854 1
656 0.6896969712343163 -0.5417981355846285 1
657 0.4581232296223376 0.6897502242149866 1
658 0.1777086041431473 -1 -0.301840399805186
659 0.1867252724781071 -1 0.07836195541221869
660 0.1569684487405221 -1 0.4764120098497116
661 0.8207407750087445 -1 -0.5173451309427245
662 0.8304434373560481 -1 -0.09368058125924475
663 0.834454270152902 -1 0.299999999997851
664 0.5016346035215554 -1 -0.8277386580271531
665 0.4883323991055972 -1 0.8335312117598505
666 0.8306455909883902 -1 0.6991525261430054
667 0.18113944948776 -1 -0.6816348761893374
668 0.6992518096414051 -1 -0.8307029123437477
669 0.6313252741399898 -1 -0.6371774635279793
670 0.3999999999992469 -1 -0.653589838486911
671 0.4999999999988419 -1 -0.4803847577304245
672 0.299145553552604 -1 -0.4854229723500874
673 0.3948228548166774 -1 -0.3065456477416944
674 0.5937151833473832 -1 -0.3072128429222015
675 0.4999999999985735 -1 -0.1339745962175791
676 0.2981214324604939 -1 -0.1205068710854098
677 0.3989593362637317 -1 0.04095746184226773
678 0.3353626732353432 -1 0.2288801839857727
679 0.5301993851931296 -1 0.2013994552261853
680 0.4376151701134475 -1 0.3718256025571619
681 0.8354239548412212 -1 0.1010532364546343
682 0.6377947491237903 -1 0.02195306978576911
683 0.8296282165010546 -1 0.4998587543558918
684 0.6719573177517485 -1 0.6087013482033304
685 0.3001388003318446 -1 0.8310547438385546
686 0.3863557542121446 -1 0.678929821409696
687 0.7979389602483985 -1 -0.3058015158528033
688 0.6400438068239976 -1 0.3877399223186455
689 0.8336673026125621 -1 -0.7018186969738749
690 0.6853944717267936 -1 0.8177755786656473
691 0.306276488719509 -1 -0.8350536733167163
692 0.1757161791572144 -1 0.6853350745505823
693 0.159631182553132 -1 0.2923121153773822
694 0.1315987214367023 -1 -0.493779649669477
695 0.3399225570035577 -1 0.4980611372189943
696 0.6651923788643168 -1 -0.4602885682987579
697 0.6955832332270082 -1 0.202429136756617
698 0.130512527062727 -1 -0.1000000000024857
699 0.6719784660148387 -1 -0.1637432932932119
700 0.8535898384854167 -1 -0.8535898384857064
701 0.8535898384858212 -1 0.8535898384858136
702 0.1464101615133803 -1 -0.8535898384866498
703 0.1464101615132623 -1 0.8535898384864707
704 0.4968389611533346 -1 0.5370653931828002
705 0.5457757807899237 -1 0.6952006706442648
706 0.2787307008648199 -1 0.3702185430204742
707 1 0.8267949192431123 0.0999999999975143
708 1 -0.8267949192431123 0.0999999999975143
709 1 0.09999999999761446 -0.830940107675973
710 1 0.07429063996253049 0.8127870498686659
711 1 -0.3000000000019437 -0.8267949192435162
712 1 -0.3018403998046611 0.8222913958561451
713 1 -0.8267949192433318 -0.3000000000017344
714 1 0.8267949192435928 -0.3000000000019418
715 1 0.4959169343242425 0.8225498044690072
716 1 0.4959169343240971 -0.8225498044704086
717 1 -0.8277386580265462 0.4983653964759651
718 1 0.8398717474226078 0.4936149149450515
719 1 -0.6827770063852204 -0.8084174710687975
720 1 -0.6816348761889433 0.8188605505114088
721 1 0.8090094343791121 -0.6891118908215915
722 1 -0.8269522090402792 0.299727566077568
723 1 -0.6536160534525585 0.1999545943443728
724 1 -0.6535942076476005 -7.567611020465695e-06
725 1 -0.4803898550845268 0.09999117112059722
726 1 -0.4803863354827307 -0.1000027327495906
727 1 -0.3071807894914834 -1.926939770783657e-06
728 1 -0.3066994427577948 0.1998348161054332
729 1 -0.1335294081660348 0.09933937038959609
730 1 -0.1339005836284051 -0.1001104260930546
731 1 0.03931701797921455 -0.0001285092856922025
732 1 0.03975413073445105 0.1991149898063083
733 1 0.03923048453906745 -0.200000000002071
734 1 0.2124499875355825 -0.1000214182163143
735 1 0.2124379690020872 -0.300003569704293
736 1 -0.1603033943916562 -0.3160898150517768
737 1 0.3856434503764078 -0.2000041646550283
738 1 0.3856435171461539 -4.263813923599535e-06
739 1 0.3856406460518192 -0.4000000000019001
740 1 0.5588457268084807 -0.1000000000026692
741 1 0.2038249576065178 -0.5053423962132132
742 1 0.5588457268085686 0.09999999999680032
743 1 0.3856411245678655 0.1999992893615368
744 1 0.5588457268087483 0.2999999999963946
745 1 0.3856407258048482 0.3999998815572364
746 1 0.5565596459596224 0.4962181685383859
747 1 0.3938630760527686 0.6283204090854037
748 1 0.2124355652954408 0.4999999999964098
749 1 0.3919852636886504 -0.6298849492352064
750 1 0.5569450041884776 -0.4980333451516233
751 1 -0.6537777124105748 0.399674592815334
752 1 -0.659396352338131 0.601182153110426
753 1 -0.47990325405186 0.5001427909861087
754 1 -0.4860569021316234 0.7010121778857683
755 1 -0.3041865887712403 0.6062504371603032
756 1 -0.1225872918664173 0.70531343432283
757 1 -0.1286471437994953 0.505223116648688
758 1 0.04368588316579711 0.6086763939446665
759 1 -0.3052672961197367 0.4012757490129668
760 1 0.2999999999981646 -0.8267949192426931
761 1 0.2999999999981214 0.8267949192426681
762 1 0.8267949192426682 0.2999999999981214
763 1 -0.6535908296389799 -0.2000017167278
764 1 -0.4872442314125003 -0.2881205262288633
765 1 -0.1000000000024355 -0.8274857839821457
766 1 -0.2030583660062089 -0.6554707310456478
767 1 -0.3884041360816844 -0.6608924871420545
768 1 -0.2831391333996699 -0.4920251649127124
769 1 0.01737812572946389 -0.6269541766208436
770 1 0.8267949192431698 -0.1000000000021191
771 1 -0.8267958126288374 -0.1000015473913353
772 1 -0.655929862121177 -0.3959477796106357
773 1 -0.8281286619661119 -0.4976900264135257
774 1 -0.6711098888161409 -0.5946928752578758
775 1 0.810877552690215 0.6881997358119915
776 1 0.5588457268083911 -0.3000000000021521
777 1 0.8369074999458213 -0.4918002300851767
778 1 -0.4803847577297843 0.2999999999973964
779 1 -0.3183616012660158 -0.1909132833754154
780 1 0.2125402238765147 0.0998266813080784
781 1 0.03923048453891398 -0.4000000000015352
782 1 -0.48516385970772 -0.8307416730566023
783 1 0.2126100673148922 0.2997027644316829
784 1 0.04008960054421191 0.3998512916695648
785 1 -0.1320890540567937 0.2985349092473312
786 1 -0.8357449249653961 0.6938642437922932
787 1 0.6930307980369996 -0.840216348235272
788 1 0.6933421510887667 0.8400643223994378
789 1 -0.8392675659423505 -0.6923983685380822
790 1 -0.4858476090456661 -0.4893578550158242
791 1 -0.1183501960256829 -0.490979248343837
792 1 0.599668581034021 0.6760465556298426
793 1 0.5996685810339323 -0.6760465556328128
794 1 0.2026376694040822 -0.6839833097975858
795 1 0.2061039549318915 0.6761532937354444
796 1 0.6928203230258874 -0.2000000000022567
797 1 0.6928203230260704 -0.4000000000016648
798 1 0.6928203230257985 -2.708888668934151e-12
799 1 -0.4939064356256004 0.8684328248506645
800 1 0.6928203230256599 0.199999999997046
801 1 0.6928203230250636 0.3999999999961545
802 1 -0.1026102171880902 0.8691206734455794
803 1 0.8535898384857864 0.8535898384857864
804 1 -0.8535898384866306 -0.8535898384866306
805 1 -0.8535898384868192 0.8535898384865219
806 1 0.8535898384865219 -0.8535898384868191
807 1 0.697284498375103 -0.5540530001512923
808 1 0.6999595700263059 0.5508158749842852
809 1 -0.3432770577060037 -0.3463099057431834
810 1 -0.54054610267406 -0.6853451898895635
811 0.822291395856973 1 -0.3018403998054954
812 0.1936624924746871 1 0.07568624191086326
813 0.5096679054959412 1 0.8372448438200164
814 0.1835933810698341 1 -0.5166712570657307
815 0.8310428336783412 1 0.3000519442395334
816 0.4983653964790225 1 -0.8277386580274846
817 0.1732050807573164 1 0.4999999999985408
818 0.8188605505124221 1 -0.6816348761895749
819 0.8080979453768361 1 0.686114907731636
820 0.3007481903593487 1 -0.8307029123440052
821 0.3692938910145715 1 -0.6370811958318249
822 0.6000000000011791 1 -0.6535898384877867
823 0.5000000000019797 1 -0.4803847577314077
824 0.7008544464479198 1 -0.485422972350864
825 0.606200350090808 1 -0.3056417527295769
826 0.7065982935854194 1 -0.115391249253169
827 0.50603119244798 1 -0.1273318852916643
828 0.60756361088657 1 0.05083587700255368
829 0.4085796439794299 1 0.04616855025775336
830 0.5313603536551808 1 0.2111484533597389
831 0.3075483228936295 1 -0.1181022544730496
832 0.4089662506328178 1 -0.297950995877231
833 0.1961031667090494 1 -0.2990018679603143
834 0.8140888972949116 1 0.07658677660840334
835 0.1732050807573237 1 0.2999999999981351
836 0.3378865469385995 1 0.4115459047693453
837 0.3286404669139253 1 0.6056255801542609
838 0.5126384226225077 1 0.5187434787864906
839 0.1696836680552017 1 0.6996387256422479
840 0.8330950229179381 1 0.4890199801409672
841 0.166922378486833 1 -0.7017270134533622
842 0.3160750616577541 1 0.8122641731881767
843 0.6937235112807181 1 -0.8350536733169422
844 0.6952066487847193 1 0.8409589541418431
845 0.611659738266259 1 0.6867942395956694
846 0.6518944340872438 1 0.3753621384236528
847 0.354944029311608 1 0.2340927282630486
848 0.6871900259204495 1 0.2027970379267764
849 0.1378065912308421 1 -0.1000000000024857
850 0.8684012785634631 1 -0.4937796496697416
851 0.3315913378856505 1 -0.4462180148933017
852 0.8685957173474609 1 -0.1081289744910465
853 0.1464101615150499 1 -0.8535898384853216
854 0.8535898384858731 1 0.8535898384857243
855 0.8535898384865763 1 -0.853589838486725
856 0.1464101615143717 1 0.8535898384857027
857 0.683477112654157 1 0.5512069489356833
858 0.4849700580644269 1 0.3600072192824559
859 0.4557363189912774 1 0.6921344631089228
860 -0.4985532862660071 0.3279769027227045 0.09999682294092542
861 -0.499346259306978 0.4997988765969241 -0.3791410527498942
862 -0.5014467137339929 -0.3279769027227045 0.09999682294092542
863 -0.5005379659518444 -0.5015605667320822 -0.3782685471893281
864 -0.5178706794929093 0.02233094038865681 0.5023830203753249
865 -0.5049708609528943 0.007327548128775729 -0.5013176186068391
866 -0.469837463160317 -0.5288593078739322 0.5272257276662506
867 -0.5303723373774523 0.5274872862269376 0.5274837396439119
868 -0.3860194119179117 -0.0005027710208189221 -0.1000470335820001
869 -0.6408726701544666 -0.6397505867645509 0.2257280483160099
870 -0.3619353290042735 0.6339549919413702 -0.06088137252830997
871 -0.6412911590071602 0.0006232385833592827 0.1635182449986216
872 -0.4034883074768487 -0.6466249826123771 -0.05479970457735643
873 -0.6404254980241685 0.6416726496381213 0.2045173471304603
874 -0.3561079595211754 -0.2957768240138555 -0.6463182022039864
875 -0.6568307220265115 -0.2112937728467237 -0.2000124248352228
876 -0.6523146516376961 0.2191433651555313 -0.2091549554158763
877 -0.6522543512558726 0.2963563574890965 -0.6548998633041048
878 -0.6560567246443012 -0.2628525000411914 0.6556090455671276
879 -0.3408770286125511 0.2688365268039603 0.6599998268098797
880 -0.5349343061509242 0.6683544794276639 -0.6707902695594161
881 -0.3436533644522055 -0.6449588766307861 -0.6557506929580704
882 -0.3204888356672549 0.6793358814785229 0.2999999999965601
883 -0.6754165559258059 -0.653270288607793 -0.6188856050785743
884 -0.7018218788136034 -0.702149773386148 0.6477373626777545
885 -0.3194564584320654 0.2999999999978263 -0.6825047391541936
886 -0.322008042265115 -0.07603736742568515 0.2273693015634014
887 -0.686043934948475 0.5849741650850706 -0.1188500709939272
888 -0.3217327232446043 -0.2241626567446404 0.6649022042336928
889 -0.6756642246351313 0.2393282891875666 0.6661758189290217
890 -0.3200711455868769 0.3128392176574006 -0.1761048732145239
891 -0.3182088019394806 -0.6270554202524854 0.2576709789892223
892 -0.3176706069888182 0.2230688298487507 0.3433101044162543
893 -0.3265206099084688 -0.312913123285285 -0.1757722580055069
894 -0.686473145476014 -0.3056908913477019 -0.6862209139780023
895 -0.6885248743725593 0.2578440461486128 0.3473206067540913
896 -0.6902037855898437 -0.2548997334772809 0.3420403691457203
897 -0.3542466896120314 0.7080391275373659 0.708194160614257
898 -0.6909098362776696 -0.5203182477294894 -0.06032661718861494
899 -0.710380987628221 0.705956924109934 0.7062706027752429
900 -0.7108723090537254 -0.7101998963773252 -0.3000000000019448
901 -0.2898193314738701 -0.7084275279879462 0.7059049570417624
902 -0.2925822299623501 0.6978732582716899 -0.4769447570518178
903 -0.2966421084236491 -0.3447982391276849 0.362289117188969
904 -0.7081692074539363 0.7062703878421519 -0.431035078916715
905 -0.2914712808992204 -0.7142691564394531 -0.3702849759033177
906 -0.2771744535394053 -0.1475728012509295 -0.4093689490437935
907 -0.2587757362392118 0.4639237898837552 0.1355895501729621
908 -0.2874074490147491 -0.01051965573061086 -0.7063658296877511
909 -0.2633893558608368 0.4657566926298506 0.4713595222787531
910 -0.7168753698524252 0.01241069563848874 -0.7079142914807686
911 -0.7331512861740781 -0.5057239179098013 0.4484358576482618
912 -0.2778585935413936 0.5731375647922474 -0.7270266021620191
913 -0.7487036904571044 0.2293912567748589 0.0654641799220477
914 -0.2712087872826329 0.1755710921146854 0.07678197101415632
915 -0.515040949667115 0.7407957389327025 -0.2508673316760073
916 -0.277319033819233 0.1709827583598255 -0.4258194311382901
917 -0.7436445996230341 0.7392715228461093 0.4374933510781066
918 -0.2644393068629312 -0.4493082255915485 0.06337878161413735
919 -0.7502089799606786 0.006180074434963544 -0.07893028231653726
920 -0.739208889683326 -0.2205930618288818 0.05668358458810283
921 -0.5405783874814459 -0.758310939137576 0.4320939482018732
922 -0.4384492796005249 0.04019179924732667 0.7540678620404389
923 -0.7386839082663139 0.3772533856228307 -0.4113384129738742
924 -0.7435562432914654 -0.01638601634899573 0.7364707971611324
925 -0.2503337113589293 -0.4135189733943599 -0.4114117803516679
926 -0.7421594432997742 0.5257116148438824 -0.7447336157082879
927 -0.7350691736421298 0.001659791145783386 -0.350984083556018
928 -0.3811305442009256 -0.4745706563849554 0.7626668198350235
929 -0.2369442798512881 -0.01140367840515588 0.5051816012876489
930 -0.7437769215500687 0.009066797937813544 0.4033181857366926
931 -0.7286700039680699 -0.3564408147991317 -0.4206238323738297
932 -0.2556818983809777 0.5410940774561837 -0.2761576401047791
933 -0.6143842739812367 0.4754233888161549 0.7653094231824753
934 -0.7515461680548937 -0.7557874654353963 0.02430394582336801
935 -0.2416693566647034 -0.7583115241307725 0.4613972577636752
936 -0.7252279389842744 -0.4797654369174233 0.7681185909574153
937 -0.7671998181880412 0.7683575903763555 0.03031698496813492
938 -0.7599238212825463 0.4973961728997484 0.3718113260435046
939 -0.2316971367762923 -0.2021851529195591 0.02929251649394296
940 -0.229863246713725 0.7651263582422356 0.5079643447164064
941 -0.444340748785938 0.4638313396135137 0.3009619993957094
942 -0.7592539044698383 -0.4291504401008666 0.1840009350979103
943 -0.223106773700106 -0.5427923568389649 -0.1919116009136212
944 -0.5259077646806695 -0.4933382617446005 -0.7495428290733168
945 -0.7325482000635462 0.7668066933564552 -0.7718320982206957
946 -0.2439530350492314 0.4836965845793479 0.7560469649507323
947 -0.2318414280693522 0.4580832528920423 -0.5103484448658923
948 -0.5213945169439731 -0.7546288487591193 -0.4533600267067019
949 -0.485894135455974 -0.2383305198766666 0.4789561129405125
950 -0.53611215790877 -0.4393013087466635 0.3122281221371359
951 -0.2771546579123407 0.779862611751752 -0.2507681576239523
952 -0.7590225629742275 0.4705417786645259 0.08138172022993027
953 -0.5188323262066952 0.2502196560105771 -0.4232356994421666
954 -0.2331677618802077 0.7668322381196824 0.09329463510918955
955 -0.4909243640033432 0.1298150317198467 -0.7520351899166761
956 -0.4974214038431941 0.7612936078165435 0.4527093966326882
957 -0.2357893060505923 -0.4673349198813907 0.565547731996308
958 -0.4635705462167857 -0.7793832072265604 0.1383977763503006
959 -0.2619095439047662 -0.4647669881550026 -0.7849687226569451
960 -0.7836047480731771 0.7843515087028567 -0.2076555364581513
961 -0.5106181887403796 -0.7620038771663773 0.7755118127057865
962 -0.5161094406640444 -0.1325791390764476 -0.7509444091777203
963 -0.4986883118931247 -0.2596250647500167 -0.4434626542149368
964 -0.2309890977015956 -0.7583798577136234 0.07360623477745241
965 -0.7784885286472448 -0.7743822855317936 0.4338048044590462
966 -0.5201067235993975 -0.7654428910122649 -0.7703441679103564
967 -0.7805413740808637 -0.785423795827864 -0.7849442328546001
968 -0.4963661671739423 0.2964680589358652 0.4821103207973576
969 -0.495597576295788 0.4470214003824503 -0.7665054087618636
970 -0.5322248610873953 0.4043450213119422 -0.1221111809993857
971 -0.5356708104592579 0.7910022585181271 -0.01928116404952862
972 -0.2139739985407536 -0.03971896604230588 0.7719724565489541
973 -0.2207527769313501 -0.7864713037841992 -0.7914212436375649
974 -0.552670421788402 0.1299287523531351 -0.006606679992004399
975 -0.5013786469549956 -0.7832869579958248 -0.2201614218065187
976 -0.2202279729058728 0.7893463293502904 -0.7893463293493276
977 -0.786539391097602 0.4415249132674428 0.6028127699617726
978 -0.2181844616808959 -0.7723901562217393 -0.157788489082375
979 -0.7554479091881272 -0.506441297348573 -0.7794886938409913
980 -0.7747871424923445 0.169101343650111 -0.5055643001187846
981 -0.7957933916753924 0.3880510461812156 -0.1252778040457671
982 -0.51152223861185 0.1616716230590354 0.2494415733813105
983 -0.5403647422562445 -0.1262506246419783 0.006406235710144884
984 -0.2068907269353538 -0.2056173718873582 -0.7941780793231789
985 -0.5355744921850156 -0.402164566972025 -0.1768649303174954
986 -0.5007464637452338 -0.1718764184459405 0.7884061023619865
987 -0.7992697085171212 0.1995334978640865 -0.8009716452920417
988 -0.5006461968742597 0.777609512052276 -0.4702546141401331
989 -0.4722483292631013 -0.5408451266666341 0.1312514813137721
990 -0.2043609533522986 0.1265537555609112 -0.1311599369490323
991 -0.1990619981063712 0.4675455836259449 -0.07639986829028546
992 -0.2097804575689532 -0.115688274705017 -0.1920397909282022
993 -0.8071834807030736 -0.7498675028308368 -0.4842858547546774
994 -0.7724401480211903 -0.1424410745539734 -0.5363200910932702
995 -0.5248493775354761 0.5391344423226252 0.04985103835134566
996 -0.8017924199947885 -0.4739665476021948 -0.2470194859096115
997 -0.4846291412334319 -0.0863964510729377 -0.2908340719536648
998 -0.5208606388624476 -0.1632565971076183 0.2407792679686354
999 -0.6486270826945133 0.5274013120806835 -0.545186900264346
1000 -0.480653199542719 0.7992279887505886 0.1981958092985242
1001 -0.7668204379191428 -0.807471157209035 0.2270110466477068
1002 -0.7954168120509804 0.5555147714112105 -0.302985430678256
1003 -0.429465452258799 0.7825191272006443 -0.8130235172119756
1004 -0.7973591087913202 0.7979347420517046 0.2394828874708738
1005 -0.1935656161528626 0.1999999999978329 0.8064343838471093
1006 -0.5366932549832444 0.7450464224282354 0.8148951743519617
1007 -0.8049256948689452 -0.1168362480031518 0.2293918701764486
1008 -0.2063830005331815 -0.7860906850598128 -0.5591932438702057
1009 -0.8077855793758605 0.8137662494957911 -0.5814614087991185
1010 -0.8069441262380431 0.3951756946161217 0.810077186836523
1011 -0.8045702103542991 -0.132216606565696 0.5601130964942441
1012 -0.808065084197107 -0.4898325634780002 -0.5707241627905911
1013 -0.1837248717365688 0.06607649571645985 0.2994394312110852
1014 -0.4290407604990677 -0.8197922071422132 0.5947378006894881
1015 -0.8261973029877514 -0.3279161505092599 -0.1000041949622695
1016 -0.1834719542951617 -0.4078198776238683 0.8039594670726772
1017 -0.5045735555339605 0.2397501640125725 0.7950201160017047
1018 -0.7773594044222887 -0.8101433389870553 0.8101433389869026
1019 -0.4487019605843613 0.150826047482975 -0.2430266115877545
1020 -0.7746357149237134 -0.2070435740166855 0.8205773219028769
1021 -0.8020126085069691 0.1154422454212388 0.2327350135221938
1022 -0.1920046649108637 -0.2186345387138812 0.4970624288264983
1023 -0.1863686495331952 0.1999999999978382 -0.8136313504667401
1024 -0.170830921518008 -0.01832422452771515 0.09962017667842518
1025 -0.1762196659446221 -0.5471068231497364 0.3845845896029677
1026 -0.4254429338783167 0.5125977344201548 -0.5774653940212089
1027 -0.8177979132567549 0.1863974953383859 0.8100594077211607
1028 -0.1874175122644299 -0.5137729049434843 -0.5900808369074556
1029 -0.188970347138564 0.7804479122459362 0.810123377372973
1030 -0.8208977264250419 0.2416217050847708 0.5119422528980827
1031 -0.6300680448851227 0.4151449618031452 0.2302621572472285
1032 -0.1894232618553166 -0.2327395566679622 0.2278217403407848
1033 -0.5542761544415927 -0.3699489911699091 0.7983241334496781
1034 -0.8145284251631508 -0.2026880215881115 -0.816481950743929
1035 -0.180125789257407 0.2942943366091813 0.2130482130673093
1036 -0.6014935871496239 -0.4687943595332321 -0.5572394007891995
1037 -0.3787561378422339 -0.8107572907894924 0.3205872205949214
1038 -0.5526238451448893 -0.5728708761765269 0.7092559531150856
1039 -0.1744493642363318 0.6952512910763833 -0.1000000000024817
1040 0.5 0.4433766475429405 -0.1000042335086291
1041 0.5 -0.4226498252495975 -4.764704930410035e-06
1042 0.5 -0.3021172065360889 0.4940484574494053
1043 0.5 -0.2007630542275562 -0.4568656592894689
1044 0.5120177313496875 0.5011871643655463 0.3974506383470904
1045 0.48976407709008 0.02931228223722244 0.1780498440785786
1046 0.4570972982801375 0.5470117986029565 -0.5458044094913937
1047 0.4238613904936172 0.1157820612997945 0.570639800273004
1048 0.5938624423813834 -0.5915582338836118 -0.3643527564918653
1049 0.3925135121909905 0.18172798008349 -0.3874959999644623
1050 0.3766344412298384 -0.6213227272682795 0.3101944355491628
1051 0.6415845859344889 0.2492978587839925 -0.6437319565842972
1052 0.5363118303304222 -0.6369343448062343 0.6405727814306436
1053 0.6616169974316132 0.6618437238525516 0.1193547192247608
1054 0.6352004776836093 -0.0003195733789034746 -0.1801332465206096
1055 0.3612119634574639 -0.4939324932878982 -0.6351909000617917
1056 0.6773861849261326 0.6764896574692452 0.6347943547615822
1057 0.6719006355682442 0.6609259568041975 -0.3029843862051703
1058 0.3228705242416952 0.6631535329923007 0.099999999997148
1059 0.6684470182002161 -0.6695430849647048 0.1521114353080679
1060 0.3304406355267416 0.3344947143524664 0.168664993475155
1061 0.6797797740505582 0.3017438173056012 0.1453282843239644
1062 0.6731492693201984 -0.2319899656798132 0.2152101399289624
1063 0.3275798398124936 0.6770650822758824 -0.2660959460733633
1064 0.3362328097134759 -0.166314339799259 -0.1578216314302168
1065 0.6800388839458531 0.2960197633427989 0.6819076937514619
1066 0.3258163074491888 0.6644606657290733 0.6246687170090931
1067 0.3244267023772656 -0.2500269251893958 0.2196105605027612
1068 0.6725123740424228 -0.3636449216369564 -0.6852598596777866
1069 0.3347498243513259 -0.6675015785424777 -0.1624815733684725
1070 0.6883170187454078 0.3034322100558124 -0.3259505385659467
1071 0.3120010738309301 0.2909863975980848 -0.6819965214030533
1072 0.690109526827537 -0.04121665328310364 0.4757185098515364
1073 0.3081559422951505 0.1516110348626971 -0.08611306196081236
1074 0.6871631885767622 -0.3203466495444128 -0.2326315620842723
1075 0.7042647260921387 0.7038730202040447 -0.6593765313839839
1076 0.706706656864476 -0.5155684531653234 0.4153733884516729
1077 0.3204639829075966 -0.0387640697539864 -0.6812108318543016
1078 0.6301325069883453 -0.05618658580346228 -0.6991086045806648
1079 0.6203384287062638 -0.6806029340271603 -0.6721301983571738
1080 0.3022467115680378 -0.4151318441452926 -0.340596967003884
1081 0.7138164590576606 -0.292018426666843 0.7115976670681816
1082 0.3102126752409981 -0.1494761307330346 0.6887548364837731
1083 0.7221609780222427 -0.7137712551794847 -0.1318293319026789
1084 0.2882636213353228 -0.4963640396955626 0.5629557057190252
1085 0.298738455557842 0.3666676217066973 0.697735793834137
1086 0.2797926058306762 -0.7296091422751805 0.7335417704704154
1087 0.2857168996551305 0.7236101733665643 -0.7164374681400723
1088 0.2735459810481181 0.4017808337857754 -0.2603851974296115
1089 0.2611408114741928 -0.06428300264789039 -0.4070468811823563
1090 0.7338315193246442 -0.04684412873616303 -0.4386075345037675
1091 0.2792769254060279 -0.0009980006543776621 0.353089284431962
1092 0.2843925165741111 -0.7085038157391184 -0.4493165585971602
1093 0.7465388361053816 0.005803353569308681 0.09956724410001111
1094 0.2712123263360803 0.7355461217230513 0.3624539391920473
1095 0.2651018767920446 -0.5440467417962561 0.07207842414393532
1096 0.6296505210747666 0.2272008472361478 0.4128775897139564
1097 0.731090240865002 0.7377571237196193 0.373241355069365
1098 0.5841233865496218 -0.04478621571724577 0.735040345942153
1099 0.4631296645174512 -0.3972995491488842 0.7459886821542621
1100 0.7557495360443275 0.4762126705100912 -0.04312909111557149
1101 0.2680375471472116 -0.7384996962584944 -0.7384996962584944
1102 0.5032720779958197 0.7397880215399337 -0.07810987442915079
1103 0.7633330982269616 -0.4226498252495975 -4.764704930410035e-06
1104 0.6015554711049806 0.482899349669611 -0.7540360177784702
1105 0.7486088117569849 0.4677337085819492 -0.5297436884499487
1106 0.2470286807152552 -0.05398629209511019 0.06415748830382438
1107 0.2590612047991906 0.2919327902264949 0.4334395287077176
1108 0.7491946823327038 -0.749789638881694 0.5310606375151617
1109 0.545261093446021 -0.1665820429716303 -0.001557256257090534
1110 0.7450856490709954 0.2252279970207061 -0.08948258178578705
1111 0.7528244671893644 0.4974060396809346 0.2913623738362133
1112 0.2292755059506677 -0.7699688501436535 0.4364163376466494
1113 0.2470792392088051 -0.2613810630314873 0.4652635094990904
1114 0.7526429354133122 -0.5451451792186427 0.7489910099117534
1115 0.2249758205301083 0.7459729146247602 -0.4755509166204094
1116 0.2355986947470357 0.4640624638727227 -0.02201231225879445
1117 0.5374221456029487 -0.4400305259578017 0.2469987512739829
1118 0.2484840298962228 -0.2660272363093095 -0.5732514500131864
1119 0.2281771632438873 0.4492138635335313 -0.5041052469627645
1120 0.5029773775238749 0.7661128218835465 0.2839611032487382
1121 0.4283059124970434 -0.745897393457911 0.08784548742490547
1122 0.7579230086550259 -0.4208507171557518 -0.4539299615098482
1123 0.4418672658005352 -0.2595865862743468 -0.747937570302841
1124 0.7733767746737912 0.7304223568060966 -0.08936878923401075
1125 0.5218363664140357 0.4952560997319919 0.739875768274285
1126 0.2880836693590787 0.102763224283414 0.7790310613601461
1127 0.772314886440382 -0.7674498590877298 -0.4037945307391376
1128 0.5223501340912269 -0.7757035608166052 0.4366179312618764
1129 0.4883913231167874 0.7606563662544655 -0.4305748909380439
1130 0.7620203262543904 -0.2790351042709707 0.4680925235953971
1131 0.4944872331530641 0.7597960839479044 0.7706245925655668
1132 0.2175407492649928 -0.3694834862800402 -0.0920910703602158
1133 0.4941167185941349 -0.1223464442908455 0.3336095619687138
1134 0.5212043531023836 0.2165024422025827 -0.1766012610154474
1135 0.4947474909678224 0.4402518377615859 -0.3372357121648976
1136 0.2651445822582797 0.4983054759240165 -0.7864488577372313
1137 0.2075766280131967 -0.769025036955495 0.1999093400094009
1138 0.5182000187852497 0.4742131177752584 0.1338815832918689
1139 0.7837260615252998 -0.7802504213594651 0.7817512520174522
1140 0.7552224222559154 0.5047678834663757 0.7778014767826531
1141 0.7723029722102513 0.473284318747861 0.5349125838168981
1142 0.2343862218738838 0.5013112909416878 0.3150150667110739
1143 0.4718474448511046 0.1298870127688013 -0.7730736056938847
1144 0.5250416315301003 -0.7827904985402068 -0.243116040780422
1145 0.5503917977449367 0.07247809982703968 -0.5209220982310048
1146 0.7793276117269485 -0.1883303516849946 -0.03256339223256251
1147 0.2294264659623663 -0.4401945253964712 0.3161746058017674
1148 0.2236386357623946 -0.3651691659918932 0.7555464141404526
1149 0.2048666762229251 0.1419636665362057 0.1769954194959846
1150 0.2258664669187943 0.1241249913062464 -0.5418303863470862
1151 0.7816270115025217 0.07678909825204716 0.3029428545216373
1152 0.2111522267154431 0.7832627430396223 0.7877691281756648
1153 0.2296385531207208 0.7817227292478457 -0.08003628162919033
1154 0.2055542067341435 -0.3909502768878932 -0.7742231324048757
1155 0.7794770870263572 -0.52760932367003 -0.2493830824737249
1156 0.7925627984846718 -0.4251029077318011 0.2253728913785764
1157 0.7978815527642078 0.09952088729062467 -0.7212849501316846
1158 0.778482544526839 0.7960881504807107 0.796059882326473
1159 0.7840851073613819 -0.5486353598002438 -0.7716723554911027
1160 0.7722348988932548 0.07897080673379442 0.6622819623012313
1161 0.2034106949154798 0.1155499246511427 -0.2830371415221745
1162 0.501529705396821 0.7686788448690782 0.5155520899976958
1163 0.4896904774896175 0.2327970531459776 0.04591262826516403
1164 0.5651342218007286 -0.8003185594709776 0.7843317805835073
1165 0.4253381919550066 0.1848495353342428 0.3156224577867218
1166 0.4957993516358559 -0.4414883353724081 -0.2257700661791044
1167 0.5351054662447846 -0.4214661426044222 -0.5055070258594714
1168 0.5060453127906309 -0.7674772425799715 -0.4889195038441193
1169 0.7838590911676434 0.3528070635578999 -0.7859271217385713
1170 0.4661460189379176 -0.02131408963268208 -0.3263189980571463
1171 0.4760015472590711 0.3298760131947859 -0.5253559559749703
1172 0.7770127087127856 -0.1974809962219864 -0.8007548657747386
1173 0.805413729956977 -0.7222628814772909 0.3183362798714531
1174 0.793591588034916 -0.7873424484541752 -0.7782440676093763
1175 0.7990183100059454 0.1099499469448929 -0.2897128270258607
1176 0.7964074785938202 0.4840084584258109 -0.2598125474568219
1177 0.4761557599916938 0.2399037279288608 0.7791769727726631
1178 0.7955352392557109 0.7541086134634533 -0.4627813421120431
1179 0.4936776522584509 -0.5179807709400309 0.4626541917241317
1180 0.193216057833454 -0.7576978535726155 -0.01968752660361597
1181 0.794065749954509 -0.2261806876320745 -0.5576399506837033
1182 0.4885119907807612 0.3375190147032651 0.559128421051325
1183 0.2204249126713317 0.01917930411342488 0.5695356503547242
1184 0.5052171566659965 0.6896794756920469 -0.7712412737233826
1185 0.5295493829110874 -0.6293040234836874 -0.0684007132887702
1186 0.7952065098345368 0.8160055690276481 0.1845021157356074
1187 0.5303660939410296 -0.5072321268133164 -0.7803881555470397
1188 0.2106140103111097 0.4943370377252135 0.5370134879005892
1189 0.2130479868240843 0.558790968086031 0.7874829498594665
1190 0.7848618006018961 0.1570023303697674 -0.5043368722667158
1191 0.7891195736690674 -0.1007377569692987 0.7850687333054975
1192 0.4827517569333242 -0.09236508270814692 0.5486635547041732
1193 0.797382540479581 -0.799392957948961 0.04623308451846779
1194 0.1807883710545187 -0.5993277300591449 -0.2986364541871988
1195 0.7928002680682477 -0.6114136752959906 -0.5561546871227611
1196 0.8102218090431182 0.5996073047876131 -0.8124083922250246
1197 0.6294103927165098 -0.4526227965862616 0.6076589158791096
1198 0.1819752504165358 -0.3576084772147019 0.1126210324968789
1199 0.7951865146099143 -0.1318034674318186 -0.2476601485040488
1200 0.4669738276683597 0.01883732864122478 -0.05768836768793598
1201 0.1795001098370499 0.2712375049036477 0.01977186642027069
1202 0.1821070242406719 0.7857603794589316 0.1847701031700441
1203 0.2064035574582174 -0.1749322470924555 -0.8089586960239969
1204 0.2143943592291308 0.1232484248677149 -0.7861518092049244
1205 0.1846577934533689 0.7778080715236763 0.5383635339601749
1206 0.1864779348765913 -0.5613665428710435 0.809556013378924
1207 0.3614439548165337 -0.2710745388857219 0.01791594503134324
1208 0.5157047806392184 -0.2070188656190638 -0.2511959407902351
1209 0.6362481187742484 -0.8232218153453033 0.2778041020656628
1210 0.8165168535387058 0.03326540092596766 -0.09096666576243642
1211 0.4276460465551445 -0.8092208803440875 0.6155698140774699
1212 0.1819564280880172 -0.2523323289234395 -0.378782662093413
1213 0.4177176442188245 -0.5914281875130404 0.8052789613174632
1214 0.8195212422640865 0.7790406474923652 0.5445348988044495
1215 0.8175425491257524 0.3039244782285589 0.2958621860985866
1216 0.7830234796933953 0.1998898040051871 0.8289204487507742
1217 0.1925178199443765 -0.8078760784865097 -0.2221005214785796
1218 0.1809356555566474 0.564479356994579 -0.1872943532350134
$EndNodes
$Elements
6511
1 2 2 105 1 1 13 195
2 2 2 105 1 38 1 195
3 2 2 105 1 29 4 197
4 2 2 105 1 4 30 197
5 2 2 105 1 16 9 198
6 2 2 105 1 9 17 198
7 2 2 105 1 25 10 196
8 2 2 105 1 10 26 196
9 2 2 105 1 13 14 185
10 2 2 105 1 13 185 195
11 2 2 105 1 14 15 159
12 2 2 105 1 14 159 185
13 2 2 105 1 15 16 183
14 2 2 105 1 159 15 183
15 2 2 105 1 183 16 198
16 2 2 105 1 17 18 161
17 2 2 105 1 17 161 198
18 2 2 105 1 18 19 182
19 2 2 105 1 161 18 182
20 2 2 105 1 19 20 153
21 2 2 105 1 19 153 182
22 2 2 105 1 20 21 179
23 2 2 105 1 153 20 179
24 2 2 105 1 21 22 155
25 2 2 105 1 21 155 179
26 2 2 105 1 22 23 163
27 2 2 105 1 155 22 163
28 2 2 105 1 23 24 157
29 2 2 105 1 23 157 163
30 2 2 105 1 24 25 178
31 2 2 105 1 157 24 178
32 2 2 105 1 178 25 196
33 2 2 105 1 26 27 186
34 2 2 105 1 26 186 196
35 2 2 105 1 27 28 160
36 2 2 105 1 27 160 186
37 2 2 105 1 28 29 184
38 2 2 105 1 160 28 184
39 2 2 105 1 184 29 197
40 2 2 105 1 30 31 162
41 2 2 105 1 30 162 197
42 2 2 105 1 31 32 181
43 2 2 105 1 162 31 181
44 2 2 105 1 32 33 154
45 2 2 105 1 32 154 181
46 2 2 105 1 33 34 180
47 2 2 105 1 154 33 180
48 2 2 105 1 34 35 156
49 2 2 105 1 34 156 180
50 2 2 105 1 35 36 169
51 2 2 105 1 156 35 169
52 2 2 105 1 36 37 158
53 2 2 105 1 36 158 169
54 2 2 105 1 37 38 174
55 2 2 105 1 158 37 174
56 2 2 105 1 174 38 195
57 2 2 105 1 153 179 189
58 2 2 105 1 182 153 191
59 2 2 105 1 153 189 191
60 2 2 105 1 154 180 192
61 2 2 105 1 181 154 194
62 2 2 105 1 154 192 194
63 2 2 105 1 155 163 164
64 2 2 105 1 155 164 165
65 2 2 105 1 155 165 179
66 2 2 105 1 156 169 190
67 2 2 105 1 180 156 193
68 2 2 105 1 156 190 193
69 2 2 105 1 163 157 175
70 2 2 105 1 175 157 177
71 2 2 105 1 177 157 178
72 2 2 105 1 169 158 170
73 2 2 105 1 170 158 171
74 2 2 105 1 171 158 174
75 2 2 105 1 159 183 188
76 2 2 105 1 185 159 201
77 2 2 105 1 159 188 201
78 2 2 105 1 160 184 187
79 2 2 105 1 186 160 202
80 2 2 105 1 160 187 202
81 2 2 105 1 161 182 199
82 2 2 105 1 183 161 188
83 2 2 105 1 161 183 198
84 2 2 105 1 188 161 199
85 2 2 105 1 162 181 200
86 2 2 105 1 184 162 187
87 2 2 105 1 162 184 197
88 2 2 105 1 187 162 200
89 2 2 105 1 164 163 175
90 2 2 105 1 165 164 166
91 2 2 105 1 166 164 168
92 2 2 105 1 168 164 175
93 2 2 105 1 165 166 167
94 2 2 105 1 165 167 189
95 2 2 105 1 179 165 189
96 2 2 105 1 167 166 193
97 2 2 105 1 166 168 192
98 2 2 105 1 166 192 193
99 2 2 105 1 167 173 189
100 2 2 105 1 173 167 190
101 2 2 105 1 190 167 193
102 2 2 105 1 168 175 176
103 2 2 105 1 168 176 194
104 2 2 105 1 192 168 194
105 2 2 105 1 169 170 190
106 2 2 105 1 170 171 172
107 2 2 105 1 170 172 173
108 2 2 105 1 170 173 190
109 2 2 105 1 172 171 201
110 2 2 105 1 171 174 185
111 2 2 105 1 171 185 201
112 2 2 105 1 173 172 191
113 2 2 105 1 172 188 199
114 2 2 105 1 188 172 201
115 2 2 105 1 191 172 199
116 2 2 105 1 189 173 191
117 2 2 105 1 185 174 195
118 2 2 105 1 176 175 177
119 2 2 105 1 176 177 202
120 2 2 105 1 176 187 200
121 2 2 105 1 187 176 202
122 2 2 105 1 194 176 200
123 2 2 105 1 177 178 186
124 2 2 105 1 177 186 202
125 2 2 105 1 186 178 196
126 2 2 105 1 192 180 193
127 2 2 105 1 181 194 200
128 2 2 105 1 182 191 199
129 2 2 101 2 5 39 245
130 2 2 101 2 64 5 245
131 2 2 101 2 55 8 247
132 2 2 101 2 8 56 247
133 2 2 101 2 42 11 248
134 2 2 101 2 11 43 248
135 2 2 101 2 51 12 246
136 2 2 101 2 12 52 246
137 2 2 101 2 39 40 235
138 2 2 101 2 39 235 245
139 2 2 101 2 40 41 209
140 2 2 101 2 40 209 235
141 2 2 101 2 41 42 233
142 2 2 101 2 209 41 233
143 2 2 101 2 233 42 248
144 2 2 101 2 43 44 211
145 2 2 101 2 43 211 248
146 2 2 101 2 44 45 231
147 2 2 101 2 211 44 231
148 2 2 101 2 45 46 203
149 2 2 101 2 45 203 231
150 2 2 101 2 46 47 229
151 2 2 101 2 203 46 229
152 2 2 101 2 47 48 205
153 2 2 101 2 47 205 229
154 2 2 101 2 48 49 213
155 2 2 101 2 205 48 213
156 2 2 101 2 49 50 207
157 2 2 101 2 49 207 213
158 2 2 101 2 50 51 228
159 2 2 101 2 207 50 228
160 2 2 101 2 228 51 246
161 2 2 101 2 52 53 236
162 2 2 101 2 52 236 246
163 2 2 101 2 53 54 210
164 2 2 101 2 53 210 236
165 2 2 101 2 54 55 234
166 2 2 101 2 210 54 234
167 2 2 101 2 234 55 247
168 2 2 101 2 56 57 212
169 2 2 101 2 56 212 247
170 2 2 101 2 57 58 232
171 2 2 101 2 212 57 232
172 2 2 101 2 58 59 204
173 2 2 101 2 58 204 232
174 2 2 101 2 59 60 230
175 2 2 101 2 204 59 230
176 2 2 101 2 60 61 206
177 2 2 101 2 60 206 230
178 2 2 101 2 61 62 219
179 2 2 101 2 206 61 219
180 2 2 101 2 62 63 208
181 2 2 101 2 62 208 219
182 2 2 101 2 63 64 224
183 2 2 101 2 208 63 224
184 2 2 101 2 224 64 245
185 2 2 101 2 203 229 239
186 2 2 101 2 231 203 241
187 2 2 101 2 203 239 241
188 2 2 101 2 204 230 242
189 2 2 101 2 232 204 244
190 2 2 101 2 204 242 244
191 2 2 101 2 205 213 214
192 2 2 101 2 205 214 215
193 2 2 101 2 205 215 229
194 2 2 101 2 206 219 240
195 2 2 101 2 230 206 243
196 2 2 101 2 206 240 243
197 2 2 101 2 213 207 225
198 2 2 101 2 225 207 227
199 2 2 101 2 227 207 228
200 2 2 101 2 219 208 220
201 2 2 101 2 220 208 221
202 2 2 101 2 221 208 224
203 2 2 101 2 209 233 238
204 2 2 101 2 235 209 251
205 2 2 101 2 209 238 251
206 2 2 101 2 210 234 237
207 2 2 101 2 236 210 252
208 2 2 101 2 210 237 252
209 2 2 101 2 211 231 249
210 2 2 101 2 233 211 238
211 2 2 101 2 211 233 248
212 2 2 101 2 238 211 249
213 2 2 101 2 212 232 250
214 2 2 101 2 234 212 237
215 2 2 101 2 212 234 247
216 2 2 101 2 237 212 250
217 2 2 101 2 214 213 225
218 2 2 101 2 215 214 216
219 2 2 101 2 216 214 218
220 2 2 101 2 218 214 225
221 2 2 101 2 215 216 217
222 2 2 101 2 215 217 239
223 2 2 101 2 229 215 239
224 2 2 101 2 217 216 243
225 2 2 101 2 216 218 242
226 2 2 101 2 216 242 243
227 2 2 101 2 217 223 239
228 2 2 101 2 223 217 240
229 2 2 101 2 240 217 243
230 2 2 101 2 218 225 226
231 2 2 101 2 218 226 244
232 2 2 101 2 242 218 244
233 2 2 101 2 219 220 240
234 2 2 101 2 220 221 222
235 2 2 101 2 220 222 223
236 2 2 101 2 220 223 240
237 2 2 101 2 222 221 251
238 2 2 101 2 221 224 235
239 2 2 101 2 221 235 251
240 2 2 101 2 223 222 241
241 2 2 101 2 222 238 249
242 2 2 101 2 238 222 251
243 2 2 101 2 241 222 249
244 2 2 101 2 239 223 241
245 2 2 101 2 235 224 245
246 2 2 101 2 226 225 227
247 2 2 101 2 226 227 252
248 2 2 101 2 226 237 250
249 2 2 101 2 237 226 252
250 2 2 101 2 244 226 250
251 2 2 101 2 227 228 236
252 2 2 101 2 227 236 252
253 2 2 101 2 236 228 246
254 2 2 101 2 242 230 243
255 2 2 101 2 231 241 249
256 2 2 101 2 232 244 250
257 2 2 105 3 1 13 297
258 2 2 105 3 65 1 297
259 2 2 105 3 39 5 296
260 2 2 105 3 5 73 296
261 2 2 105 3 16 9 295
262 2 2 105 3 9 74 295
263 2 2 105 3 11 42 298
264 2 2 105 3 82 11 298
265 2 2 105 3 13 14 285
266 2 2 105 3 13 285 297
267 2 2 105 3 14 15 258
268 2 2 105 3 14 258 285
269 2 2 105 3 15 16 262
270 2 2 105 3 258 15 262
271 2 2 105 3 262 16 295
272 2 2 105 3 40 39 286
273 2 2 105 3 286 39 296
274 2 2 105 3 41 40 255
275 2 2 105 3 255 40 286
276 2 2 105 3 42 41 284
277 2 2 105 3 41 255 284
278 2 2 105 3 42 284 298
279 2 2 105 3 66 65 260
280 2 2 105 3 260 65 297
281 2 2 105 3 67 66 292
282 2 2 105 3 66 260 292
283 2 2 105 3 68 67 253
284 2 2 105 3 253 67 292
285 2 2 105 3 69 68 294
286 2 2 105 3 68 253 294
287 2 2 105 3 70 69 276
288 2 2 105 3 276 69 294
289 2 2 105 3 71 70 257
290 2 2 105 3 257 70 276
291 2 2 105 3 72 71 282
292 2 2 105 3 71 257 282
293 2 2 105 3 73 72 261
294 2 2 105 3 261 72 282
295 2 2 105 3 73 261 296
296 2 2 105 3 74 75 283
297 2 2 105 3 74 283 295
298 2 2 105 3 75 76 256
299 2 2 105 3 75 256 283
300 2 2 105 3 76 77 275
301 2 2 105 3 256 76 275
302 2 2 105 3 77 78 291
303 2 2 105 3 275 77 291
304 2 2 105 3 78 79 254
305 2 2 105 3 78 254 291
306 2 2 105 3 79 80 277
307 2 2 105 3 254 79 277
308 2 2 105 3 80 81 259
309 2 2 105 3 80 259 277
310 2 2 105 3 81 82 281
311 2 2 105 3 259 81 281
312 2 2 105 3 281 82 298
313 2 2 105 3 253 266 267
314 2 2 105 3 266 253 292
315 2 2 105 3 253 267 268
316 2 2 105 3 253 268 294
317 2 2 105 3 254 271 273
318 2 2 105 3 271 254 289
319 2 2 105 3 254 273 291
320 2 2 105 3 254 277 289
321 2 2 105 3 284 255 301
322 2 2 105 3 255 286 287
323 2 2 105 3 255 287 301
324 2 2 105 3 256 263 283
325 2 2 105 3 263 256 293
326 2 2 105 3 256 275 293
327 2 2 105 3 257 276 290
328 2 2 105 3 282 257 288
329 2 2 105 3 288 257 290
330 2 2 105 3 258 262 263
331 2 2 105 3 258 263 264
332 2 2 105 3 258 264 285
333 2 2 105 3 277 259 278
334 2 2 105 3 278 259 279
335 2 2 105 3 279 259 281
336 2 2 105 3 260 264 266
337 2 2 105 3 264 260 285
338 2 2 105 3 260 266 292
339 2 2 105 3 285 260 297
340 2 2 105 3 261 282 299
341 2 2 105 3 286 261 287
342 2 2 105 3 261 286 296
343 2 2 105 3 287 261 299
344 2 2 105 3 263 262 283
345 2 2 105 3 283 262 295
346 2 2 105 3 264 263 265
347 2 2 105 3 265 263 293
348 2 2 105 3 264 265 266
349 2 2 105 3 266 265 267
350 2 2 105 3 267 265 274
351 2 2 105 3 274 265 293
352 2 2 105 3 268 267 269
353 2 2 105 3 269 267 274
354 2 2 105 3 268 269 270
355 2 2 105 3 268 270 276
356 2 2 105 3 268 276 294
357 2 2 105 3 270 269 271
358 2 2 105 3 271 269 273
359 2 2 105 3 273 269 274
360 2 2 105 3 270 271 272
361 2 2 105 3 270 272 290
362 2 2 105 3 276 270 290
363 2 2 105 3 272 271 289
364 2 2 105 3 272 288 290
365 2 2 105 3 288 272 300
366 2 2 105 3 272 289 300
367 2 2 105 3 273 274 275
368 2 2 105 3 273 275 291
369 2 2 105 3 275 274 293
370 2 2 105 3 277 278 289
371 2 2 105 3 278 279 280
372 2 2 105 3 278 280 300
373 2 2 105 3 289 278 300
374 2 2 105 3 280 279 301
375 2 2 105 3 279 281 284
376 2 2 105 3 279 284 301
377 2 2 105 3 280 287 299
378 2 2 105 3 287 280 301
379 2 2 105 3 288 280 299
380 2 2 105 3 280 288 300
381 2 2 105 3 284 281 298
382 2 2 105 3 282 288 299
383 2 2 105 5 29 4 448
384 2 2 105 5 4 92 448
385 2 2 105 5 8 55 450
386 2 2 105 5 100 8 450
387 2 2 105 5 10 26 451
388 2 2 105 5 83 10 451
389 2 2 105 5 52 12 449
390 2 2 105 5 12 91 449
391 2 2 105 5 26 27 438
392 2 2 105 5 26 438 451
393 2 2 105 5 27 28 411
394 2 2 105 5 27 411 438
395 2 2 105 5 28 29 425
396 2 2 105 5 411 28 425
397 2 2 105 5 425 29 448
398 2 2 105 5 53 52 439
399 2 2 105 5 439 52 449
400 2 2 105 5 54 53 412
401 2 2 105 5 412 53 439
402 2 2 105 5 55 54 432
403 2 2 105 5 54 412 432
404 2 2 105 5 55 432 450
405 2 2 105 5 84 83 413
406 2 2 105 5 413 83 451
407 2 2 105 5 85 84 446
408 2 2 105 5 84 413 446
409 2 2 105 5 86 85 406
410 2 2 105 5 406 85 446
411 2 2 105 5 87 86 434
412 2 2 105 5 86 406 434
413 2 2 105 5 88 87 415
414 2 2 105 5 415 87 434
415 2 2 105 5 89 88 410
416 2 2 105 5 410 88 415
417 2 2 105 5 90 89 433
418 2 2 105 5 89 410 433
419 2 2 105 5 91 90 414
420 2 2 105 5 414 90 433
421 2 2 105 5 91 414 449
422 2 2 105 5 92 93 436
423 2 2 105 5 92 436 448
424 2 2 105 5 93 94 409
425 2 2 105 5 93 409 436
426 2 2 105 5 94 95 435
427 2 2 105 5 409 94 435
428 2 2 105 5 95 96 421
429 2 2 105 5 95 421 435
430 2 2 105 5 96 97 407
431 2 2 105 5 96 407 421
432 2 2 105 5 97 98 431
433 2 2 105 5 407 97 431
434 2 2 105 5 98 99 408
435 2 2 105 5 98 408 431
436 2 2 105 5 99 100 437
437 2 2 105 5 408 99 437
438 2 2 105 5 437 100 450
439 2 2 105 5 406 429 430
440 2 2 105 5 429 406 446
441 2 2 105 5 406 430 447
442 2 2 105 5 434 406 447
443 2 2 105 5 421 407 422
444 2 2 105 5 422 407 445
445 2 2 105 5 407 431 445
446 2 2 105 5 431 408 444
447 2 2 105 5 408 437 453
448 2 2 105 5 444 408 453
449 2 2 105 5 409 435 440
450 2 2 105 5 436 409 454
451 2 2 105 5 409 440 454
452 2 2 105 5 410 415 416
453 2 2 105 5 410 416 418
454 2 2 105 5 410 418 433
455 2 2 105 5 411 425 426
456 2 2 105 5 411 426 427
457 2 2 105 5 411 427 438
458 2 2 105 5 432 412 441
459 2 2 105 5 412 439 455
460 2 2 105 5 441 412 455
461 2 2 105 5 413 427 429
462 2 2 105 5 427 413 438
463 2 2 105 5 413 429 446
464 2 2 105 5 438 413 451
465 2 2 105 5 424 414 433
466 2 2 105 5 414 424 439
467 2 2 105 5 414 439 449
468 2 2 105 5 416 415 417
469 2 2 105 5 417 415 434
470 2 2 105 5 416 417 442
471 2 2 105 5 418 416 419
472 2 2 105 5 419 416 442
473 2 2 105 5 417 434 447
474 2 2 105 5 442 417 443
475 2 2 105 5 443 417 447
476 2 2 105 5 418 419 420
477 2 2 105 5 418 420 424
478 2 2 105 5 418 424 433
479 2 2 105 5 420 419 444
480 2 2 105 5 419 442 445
481 2 2 105 5 444 419 445
482 2 2 105 5 424 420 455
483 2 2 105 5 441 420 453
484 2 2 105 5 420 441 455
485 2 2 105 5 420 444 453
486 2 2 105 5 421 422 423
487 2 2 105 5 421 423 435
488 2 2 105 5 423 422 443
489 2 2 105 5 422 442 443
490 2 2 105 5 442 422 445
491 2 2 105 5 435 423 440
492 2 2 105 5 440 423 452
493 2 2 105 5 423 443 452
494 2 2 105 5 439 424 455
495 2 2 105 5 426 425 436
496 2 2 105 5 436 425 448
497 2 2 105 5 427 426 428
498 2 2 105 5 428 426 454
499 2 2 105 5 426 436 454
500 2 2 105 5 427 428 429
501 2 2 105 5 429 428 430
502 2 2 105 5 430 428 452
503 2 2 105 5 428 440 452
504 2 2 105 5 440 428 454
505 2 2 105 5 430 443 447
506 2 2 105 5 443 430 452
507 2 2 105 5 431 444 445
508 2 2 105 5 437 432 441
509 2 2 105 5 432 437 450
510 2 2 105 5 437 441 453
511 2 2 105 6 38 1 555
512 2 2 105 6 1 65 555
513 2 2 105 6 4 30 553
514 2 2 105 6 92 4 553
515 2 2 105 6 5 64 552
516 2 2 105 6 73 5 552
517 2 2 105 6 56 8 554
518 2 2 105 6 8 100 554
519 2 2 105 6 30 31 526
520 2 2 105 6 30 526 553
521 2 2 105 6 31 32 542
522 2 2 105 6 526 31 542
523 2 2 105 6 32 33 460
524 2 2 105 6 32 460 542
525 2 2 105 6 33 34 514
526 2 2 105 6 460 33 514
527 2 2 105 6 34 35 457
528 2 2 105 6 34 457 514
529 2 2 105 6 35 36 509
530 2 2 105 6 457 35 509
531 2 2 105 6 36 37 465
532 2 2 105 6 36 465 509
533 2 2 105 6 37 38 536
534 2 2 105 6 465 37 536
535 2 2 105 6 536 38 555
536 2 2 105 6 57 56 469
537 2 2 105 6 469 56 554
538 2 2 105 6 58 57 548
539 2 2 105 6 57 469 548
540 2 2 105 6 59 58 461
541 2 2 105 6 461 58 548
542 2 2 105 6 60 59 551
543 2 2 105 6 59 461 551
544 2 2 105 6 61 60 456
545 2 2 105 6 456 60 551
546 2 2 105 6 62 61 510
547 2 2 105 6 61 456 510
548 2 2 105 6 63 62 464
549 2 2 105 6 464 62 510
550 2 2 105 6 64 63 522
551 2 2 105 6 63 464 522
552 2 2 105 6 64 522 552
553 2 2 105 6 65 66 470
554 2 2 105 6 65 470 555
555 2 2 105 6 66 67 527
556 2 2 105 6 470 66 527
557 2 2 105 6 67 68 462
558 2 2 105 6 67 462 527
559 2 2 105 6 68 69 519
560 2 2 105 6 462 68 519
561 2 2 105 6 69 70 459
562 2 2 105 6 69 459 519
563 2 2 105 6 70 71 511
564 2 2 105 6 459 70 511
565 2 2 105 6 71 72 467
566 2 2 105 6 71 467 511
567 2 2 105 6 72 73 537
568 2 2 105 6 467 72 537
569 2 2 105 6 537 73 552
570 2 2 105 6 93 92 468
571 2 2 105 6 468 92 553
572 2 2 105 6 94 93 524
573 2 2 105 6 93 468 524
574 2 2 105 6 95 94 463
575 2 2 105 6 463 94 524
576 2 2 105 6 96 95 520
577 2 2 105 6 95 463 520
578 2 2 105 6 97 96 458
579 2 2 105 6 458 96 520
580 2 2 105 6 98 97 471
581 2 2 105 6 97 458 471
582 2 2 105 6 99 98 466
583 2 2 105 6 466 98 471
584 2 2 105 6 100 99 535
585 2 2 105 6 99 466 535
586 2 2 105 6 100 535 554
587 2 2 105 6 456 505 507
588 2 2 105 6 505 456 551
589 2 2 105 6 456 507 544
590 2 2 105 6 510 456 544
591 2 2 105 6 457 509 543
592 2 2 105 6 514 457 518
593 2 2 105 6 518 457 543
594 2 2 105 6 471 458 472
595 2 2 105 6 472 458 473
596 2 2 105 6 473 458 520
597 2 2 105 6 459 511 549
598 2 2 105 6 519 459 547
599 2 2 105 6 547 459 549
600 2 2 105 6 460 514 515
601 2 2 105 6 460 515 516
602 2 2 105 6 460 516 542
603 2 2 105 6 461 503 504
604 2 2 105 6 503 461 548
605 2 2 105 6 461 504 505
606 2 2 105 6 461 505 551
607 2 2 105 6 462 519 545
608 2 2 105 6 527 462 546
609 2 2 105 6 462 545 546
610 2 2 105 6 463 512 520
611 2 2 105 6 512 463 521
612 2 2 105 6 521 463 524
613 2 2 105 6 496 464 510
614 2 2 105 6 464 496 540
615 2 2 105 6 522 464 540
616 2 2 105 6 465 498 509
617 2 2 105 6 498 465 541
618 2 2 105 6 465 536 541
619 2 2 105 6 466 471 500
620 2 2 105 6 466 500 501
621 2 2 105 6 466 501 535
622 2 2 105 6 511 467 550
623 2 2 105 6 467 537 558
624 2 2 105 6 550 467 558
625 2 2 105 6 524 468 525
626 2 2 105 6 525 468 526
627 2 2 105 6 526 468 553
628 2 2 105 6 469 501 503
629 2 2 105 6 501 469 535
630 2 2 105 6 469 503 548
631 2 2 105 6 535 469 554
632 2 2 105 6 470 527 557
633 2 2 105 6 536 470 541
634 2 2 105 6 470 536 555
635 2 2 105 6 541 470 557
636 2 2 105 6 471 472 500
637 2 2 105 6 472 473 474
638 2 2 105 6 472 474 528
639 2 2 105 6 500 472 528
640 2 2 105 6 474 473 475
641 2 2 105 6 475 473 512
642 2 2 105 6 512 473 520
643 2 2 105 6 474 475 476
644 2 2 105 6 474 476 477
645 2 2 105 6 474 477 528
646 2 2 105 6 476 475 529
647 2 2 105 6 475 512 513
648 2 2 105 6 475 513 529
649 2 2 105 6 477 476 478
650 2 2 105 6 478 476 479
651 2 2 105 6 479 476 529
652 2 2 105 6 477 478 534
653 2 2 105 6 477 508 528
654 2 2 105 6 508 477 534
655 2 2 105 6 478 479 480
656 2 2 105 6 478 480 481
657 2 2 105 6 478 481 534
658 2 2 105 6 480 479 482
659 2 2 105 6 482 479 485
660 2 2 105 6 485 479 529
661 2 2 105 6 481 480 530
662 2 2 105 6 480 482 483
663 2 2 105 6 480 483 530
664 2 2 105 6 481 530 532
665 2 2 105 6 481 532 533
666 2 2 105 6 481 533 534
667 2 2 105 6 483 482 484
668 2 2 105 6 484 482 531
669 2 2 105 6 482 485 531
670 2 2 105 6 483 484 486
671 2 2 105 6 483 486 487
672 2 2 105 6 483 487 530
673 2 2 105 6 486 484 488
674 2 2 105 6 488 484 490
675 2 2 105 6 490 484 531
676 2 2 105 6 485 517 539
677 2 2 105 6 517 485 559
678 2 2 105 6 485 529 559
679 2 2 105 6 531 485 539
680 2 2 105 6 487 486 489
681 2 2 105 6 486 488 523
682 2 2 105 6 489 486 523
683 2 2 105 6 487 489 491
684 2 2 105 6 487 491 492
685 2 2 105 6 487 492 530
686 2 2 105 6 488 490 498
687 2 2 105 6 488 498 499
688 2 2 105 6 488 499 523
689 2 2 105 6 491 489 547
690 2 2 105 6 489 523 545
691 2 2 105 6 489 545 547
692 2 2 105 6 498 490 543
693 2 2 105 6 518 490 531
694 2 2 105 6 490 518 543
695 2 2 105 6 492 491 493
696 2 2 105 6 493 491 549
697 2 2 105 6 491 547 549
698 2 2 105 6 492 493 494
699 2 2 105 6 492 494 532
700 2 2 105 6 530 492 532
701 2 2 105 6 494 493 495
702 2 2 105 6 495 493 550
703 2 2 105 6 493 549 550
704 2 2 105 6 494 495 496
705 2 2 105 6 494 496 497
706 2 2 105 6 494 497 532
707 2 2 105 6 496 495 540
708 2 2 105 6 540 495 558
709 2 2 105 6 495 550 558
710 2 2 105 6 497 496 544
711 2 2 105 6 496 510 544
712 2 2 105 6 497 507 533
713 2 2 105 6 507 497 544
714 2 2 105 6 532 497 533
715 2 2 105 6 499 498 541
716 2 2 105 6 509 498 543
717 2 2 105 6 523 499 546
718 2 2 105 6 499 541 557
719 2 2 105 6 546 499 557
720 2 2 105 6 501 500 502
721 2 2 105 6 502 500 528
722 2 2 105 6 501 502 503
723 2 2 105 6 503 502 504
724 2 2 105 6 504 502 508
725 2 2 105 6 508 502 528
726 2 2 105 6 505 504 506
727 2 2 105 6 506 504 508
728 2 2 105 6 505 506 507
729 2 2 105 6 507 506 533
730 2 2 105 6 506 508 534
731 2 2 105 6 533 506 534
732 2 2 105 6 549 511 550
733 2 2 105 6 513 512 521
734 2 2 105 6 513 521 538
735 2 2 105 6 529 513 559
736 2 2 105 6 513 538 559
737 2 2 105 6 515 514 518
738 2 2 105 6 516 515 517
739 2 2 105 6 517 515 539
740 2 2 105 6 515 518 539
741 2 2 105 6 516 517 538
742 2 2 105 6 516 538 556
743 2 2 105 6 542 516 556
744 2 2 105 6 538 517 559
745 2 2 105 6 518 531 539
746 2 2 105 6 545 519 547
747 2 2 105 6 521 524 525
748 2 2 105 6 521 525 538
749 2 2 105 6 537 522 540
750 2 2 105 6 522 537 552
751 2 2 105 6 545 523 546
752 2 2 105 6 525 526 556
753 2 2 105 6 538 525 556
754 2 2 105 6 526 542 556
755 2 2 105 6 527 546 557
756 2 2 105 6 537 540 558
757 2 2 105 7 104 2 604
758 2 2 105 7 2 105 604
759 2 2 105 7 113 3 603
760 2 2 105 7 3 114 603
761 2 2 105 7 17 9 605
762 2 2 105 7 9 101 605
763 2 2 105 7 10 25 606
764 2 2 105 7 117 10 606
765 2 2 105 7 18 17 568
766 2 2 105 7 568 17 605
767 2 2 105 7 19 18 596
768 2 2 105 7 18 568 596
769 2 2 105 7 20 19 560
770 2 2 105 7 560 19 596
771 2 2 105 7 21 20 600
772 2 2 105 7 20 560 600
773 2 2 105 7 22 21 561
774 2 2 105 7 561 21 600
775 2 2 105 7 23 22 595
776 2 2 105 7 22 561 595
777 2 2 105 7 24 23 567
778 2 2 105 7 567 23 595
779 2 2 105 7 25 24 587
780 2 2 105 7 24 567 587
781 2 2 105 7 25 587 606
782 2 2 105 7 101 102 593
783 2 2 105 7 101 593 605
784 2 2 105 7 102 103 566
785 2 2 105 7 102 566 593
786 2 2 105 7 103 104 570
787 2 2 105 7 566 103 570
788 2 2 105 7 570 104 604
789 2 2 105 7 105 106 592
790 2 2 105 7 105 592 604
791 2 2 105 7 106 107 563
792 2 2 105 7 106 563 592
793 2 2 105 7 107 108 589
794 2 2 105 7 563 107 589
795 2 2 105 7 108 109 564
796 2 2 105 7 108 564 589
797 2 2 105 7 109 110 583
798 2 2 105 7 564 109 583
799 2 2 105 7 110 111 565
800 2 2 105 7 110 565 583
801 2 2 105 7 111 112 585
802 2 2 105 7 565 111 585
803 2 2 105 7 112 113 569
804 2 2 105 7 112 569 585
805 2 2 105 7 569 113 603
806 2 2 105 7 114 115 594
807 2 2 105 7 114 594 603
808 2 2 105 7 115 116 562
809 2 2 105 7 115 562 594
810 2 2 105 7 116 117 591
811 2 2 105 7 562 116 591
812 2 2 105 7 591 117 606
813 2 2 105 7 560 574 575
814 2 2 105 7 574 560 596
815 2 2 105 7 560 575 578
816 2 2 105 7 560 578 600
817 2 2 105 7 561 578 579
818 2 2 105 7 578 561 600
819 2 2 105 7 561 579 580
820 2 2 105 7 561 580 595
821 2 2 105 7 562 591 599
822 2 2 105 7 594 562 599
823 2 2 105 7 563 571 592
824 2 2 105 7 571 563 597
825 2 2 105 7 563 589 597
826 2 2 105 7 564 583 584
827 2 2 105 7 564 584 601
828 2 2 105 7 589 564 601
829 2 2 105 7 583 565 598
830 2 2 105 7 565 585 590
831 2 2 105 7 565 590 598
832 2 2 105 7 566 570 571
833 2 2 105 7 566 571 572
834 2 2 105 7 566 572 593
835 2 2 105 7 587 567 588
836 2 2 105 7 588 567 602
837 2 2 105 7 567 595 602
838 2 2 105 7 568 572 574
839 2 2 105 7 572 568 593
840 2 2 105 7 568 574 596
841 2 2 105 7 593 568 605
842 2 2 105 7 585 569 586
843 2 2 105 7 586 569 594
844 2 2 105 7 594 569 603
845 2 2 105 7 571 570 592
846 2 2 105 7 592 570 604
847 2 2 105 7 572 571 573
848 2 2 105 7 573 571 597
849 2 2 105 7 572 573 574
850 2 2 105 7 574 573 575
851 2 2 105 7 575 573 576
852 2 2 105 7 576 573 597
853 2 2 105 7 575 576 577
854 2 2 105 7 575 577 578
855 2 2 105 7 577 576 601
856 2 2 105 7 589 576 597
857 2 2 105 7 576 589 601
858 2 2 105 7 578 577 579
859 2 2 105 7 579 577 584
860 2 2 105 7 584 577 601
861 2 2 105 7 580 579 581
862 2 2 105 7 581 579 584
863 2 2 105 7 580 581 582
864 2 2 105 7 580 582 602
865 2 2 105 7 595 580 602
866 2 2 105 7 582 581 590
867 2 2 105 7 581 584 598
868 2 2 105 7 590 581 598
869 2 2 105 7 582 588 602
870 2 2 105 7 588 582 607
871 2 2 105 7 582 590 607
872 2 2 105 7 584 583 598
873 2 2 105 7 585 586 590
874 2 2 105 7 590 586 607
875 2 2 105 7 586 594 599
876 2 2 105 7 586 599 607
877 2 2 105 7 587 588 591
878 2 2 105 7 587 591 606
879 2 2 105 7 591 588 599
880 2 2 105 7 599 588 607
881 2 2 101 8 121 6 651
882 2 2 101 8 6 122 651
883 2 2 101 8 130 7 650
884 2 2 101 8 7 131 650
885 2 2 101 8 43 11 652
886 2 2 101 8 11 118 652
887 2 2 101 8 12 51 653
888 2 2 101 8 134 12 653
889 2 2 101 8 44 43 616
890 2 2 101 8 616 43 652
891 2 2 101 8 45 44 648
892 2 2 101 8 44 616 648
893 2 2 101 8 46 45 608
894 2 2 101 8 608 45 648
895 2 2 101 8 47 46 634
896 2 2 101 8 46 608 634
897 2 2 101 8 48 47 617
898 2 2 101 8 617 47 634
899 2 2 101 8 49 48 612
900 2 2 101 8 612 48 617
901 2 2 101 8 50 49 636
902 2 2 101 8 49 612 636
903 2 2 101 8 51 50 615
904 2 2 101 8 615 50 636
905 2 2 101 8 51 615 653
906 2 2 101 8 118 119 640
907 2 2 101 8 118 640 652
908 2 2 101 8 119 120 613
909 2 2 101 8 119 613 640
910 2 2 101 8 120 121 627
911 2 2 101 8 613 120 627
912 2 2 101 8 627 121 651
913 2 2 101 8 122 123 639
914 2 2 101 8 122 639 651
915 2 2 101 8 123 124 611
916 2 2 101 8 123 611 639
917 2 2 101 8 124 125 637
918 2 2 101 8 611 124 637
919 2 2 101 8 125 126 623
920 2 2 101 8 125 623 637
921 2 2 101 8 126 127 609
922 2 2 101 8 126 609 623
923 2 2 101 8 127 128 633
924 2 2 101 8 609 127 633
925 2 2 101 8 128 129 614
926 2 2 101 8 128 614 633
927 2 2 101 8 129 130 635
928 2 2 101 8 614 129 635
929 2 2 101 8 635 130 650
930 2 2 101 8 131 132 641
931 2 2 101 8 131 641 650
932 2 2 101 8 132 133 610
933 2 2 101 8 132 610 641
934 2 2 101 8 133 134 638
935 2 2 101 8 610 133 638
936 2 2 101 8 638 134 653
937 2 2 101 8 608 631 632
938 2 2 101 8 631 608 648
939 2 2 101 8 608 632 649
940 2 2 101 8 634 608 649
941 2 2 101 8 623 609 624
942 2 2 101 8 624 609 647
943 2 2 101 8 609 633 647
944 2 2 101 8 610 638 657
945 2 2 101 8 641 610 643
946 2 2 101 8 643 610 657
947 2 2 101 8 611 637 642
948 2 2 101 8 639 611 656
949 2 2 101 8 611 642 656
950 2 2 101 8 612 617 618
951 2 2 101 8 612 618 620
952 2 2 101 8 612 620 636
953 2 2 101 8 613 627 628
954 2 2 101 8 613 628 629
955 2 2 101 8 613 629 640
956 2 2 101 8 633 614 646
957 2 2 101 8 614 635 655
958 2 2 101 8 646 614 655
959 2 2 101 8 626 615 636
960 2 2 101 8 615 626 638
961 2 2 101 8 615 638 653
962 2 2 101 8 616 629 631
963 2 2 101 8 629 616 640
964 2 2 101 8 616 631 648
965 2 2 101 8 640 616 652
966 2 2 101 8 618 617 619
967 2 2 101 8 619 617 634
968 2 2 101 8 618 619 644
969 2 2 101 8 620 618 621
970 2 2 101 8 621 618 644
971 2 2 101 8 619 634 649
972 2 2 101 8 644 619 645
973 2 2 101 8 645 619 649
974 2 2 101 8 620 621 622
975 2 2 101 8 620 622 626
976 2 2 101 8 620 626 636
977 2 2 101 8 622 621 646
978 2 2 101 8 621 644 647
979 2 2 101 8 646 621 647
980 2 2 101 8 626 622 657
981 2 2 101 8 643 622 655
982 2 2 101 8 622 643 657
983 2 2 101 8 622 646 655
984 2 2 101 8 623 624 625
985 2 2 101 8 623 625 637
986 2 2 101 8 625 624 645
987 2 2 101 8 624 644 645
988 2 2 101 8 644 624 647
989 2 2 101 8 637 625 642
990 2 2 101 8 642 625 654
991 2 2 101 8 625 645 654
992 2 2 101 8 638 626 657
993 2 2 101 8 628 627 639
994 2 2 101 8 639 627 651
995 2 2 101 8 629 628 630
996 2 2 101 8 630 628 656
997 2 2 101 8 628 639 656
998 2 2 101 8 629 630 631
999 2 2 101 8 631 630 632
1000 2 2 101 8 632 630 654
1001 2 2 101 8 630 642 654
1002 2 2 101 8 642 630 656
1003 2 2 101 8 632 645 649
1004 2 2 101 8 645 632 654
1005 2 2 101 8 633 646 647
1006 2 2 101 8 635 641 643
1007 2 2 101 8 641 635 650
1008 2 2 101 8 635 643 655
1009 2 2 105 9 104 2 700
1010 2 2 105 9 2 135 700
1011 2 2 105 9 6 121 701
1012 2 2 105 9 143 6 701
1013 2 2 105 9 74 9 702
1014 2 2 105 9 9 101 702
1015 2 2 105 9 11 82 703
1016 2 2 105 9 118 11 703
1017 2 2 105 9 75 74 667
1018 2 2 105 9 667 74 702
1019 2 2 105 9 76 75 694
1020 2 2 105 9 75 667 694
1021 2 2 105 9 77 76 658
1022 2 2 105 9 658 76 694
1023 2 2 105 9 78 77 698
1024 2 2 105 9 77 658 698
1025 2 2 105 9 79 78 659
1026 2 2 105 9 659 78 698
1027 2 2 105 9 80 79 693
1028 2 2 105 9 79 659 693
1029 2 2 105 9 81 80 660
1030 2 2 105 9 660 80 693
1031 2 2 105 9 82 81 692
1032 2 2 105 9 81 660 692
1033 2 2 105 9 82 692 703
1034 2 2 105 9 101 102 691
1035 2 2 105 9 101 691 702
1036 2 2 105 9 102 103 664
1037 2 2 105 9 102 664 691
1038 2 2 105 9 103 104 668
1039 2 2 105 9 664 103 668
1040 2 2 105 9 668 104 700
1041 2 2 105 9 119 118 685
1042 2 2 105 9 685 118 703
1043 2 2 105 9 120 119 665
1044 2 2 105 9 665 119 685
1045 2 2 105 9 121 120 690
1046 2 2 105 9 120 665 690
1047 2 2 105 9 121 690 701
1048 2 2 105 9 135 136 689
1049 2 2 105 9 135 689 700
1050 2 2 105 9 136 137 661
1051 2 2 105 9 136 661 689
1052 2 2 105 9 137 138 687
1053 2 2 105 9 661 137 687
1054 2 2 105 9 138 139 662
1055 2 2 105 9 138 662 687
1056 2 2 105 9 139 140 681
1057 2 2 105 9 662 139 681
1058 2 2 105 9 140 141 663
1059 2 2 105 9 140 663 681
1060 2 2 105 9 141 142 683
1061 2 2 105 9 663 141 683
1062 2 2 105 9 142 143 666
1063 2 2 105 9 142 666 683
1064 2 2 105 9 666 143 701
1065 2 2 105 9 658 672 673
1066 2 2 105 9 672 658 694
1067 2 2 105 9 658 673 676
1068 2 2 105 9 658 676 698
1069 2 2 105 9 659 676 677
1070 2 2 105 9 676 659 698
1071 2 2 105 9 659 677 678
1072 2 2 105 9 659 678 693
1073 2 2 105 9 692 660 695
1074 2 2 105 9 660 693 706
1075 2 2 105 9 695 660 706
1076 2 2 105 9 661 669 689
1077 2 2 105 9 669 661 696
1078 2 2 105 9 661 687 696
1079 2 2 105 9 662 681 682
1080 2 2 105 9 662 682 699
1081 2 2 105 9 687 662 699
1082 2 2 105 9 681 663 697
1083 2 2 105 9 663 683 688
1084 2 2 105 9 663 688 697
1085 2 2 105 9 664 668 669
1086 2 2 105 9 664 669 670
1087 2 2 105 9 664 670 691
1088 2 2 105 9 665 685 686
1089 2 2 105 9 665 686 705
1090 2 2 105 9 690 665 705
1091 2 2 105 9 683 666 684
1092 2 2 105 9 684 666 690
1093 2 2 105 9 690 666 701
1094 2 2 105 9 667 670 672
1095 2 2 105 9 670 667 691
1096 2 2 105 9 667 672 694
1097 2 2 105 9 691 667 702
1098 2 2 105 9 669 668 689
1099 2 2 105 9 689 668 700
1100 2 2 105 9 670 669 671
1101 2 2 105 9 671 669 696
1102 2 2 105 9 670 671 672
1103 2 2 105 9 672 671 673
1104 2 2 105 9 673 671 674
1105 2 2 105 9 674 671 696
1106 2 2 105 9 673 674 675
1107 2 2 105 9 673 675 676
1108 2 2 105 9 675 674 699
1109 2 2 105 9 687 674 696
1110 2 2 105 9 674 687 699
1111 2 2 105 9 676 675 677
1112 2 2 105 9 677 675 682
1113 2 2 105 9 682 675 699
1114 2 2 105 9 678 677 679
1115 2 2 105 9 679 677 682
1116 2 2 105 9 678 679 680
1117 2 2 105 9 678 680 706
1118 2 2 105 9 693 678 706
1119 2 2 105 9 680 679 688
1120 2 2 105 9 679 682 697
1121 2 2 105 9 688 679 697
1122 2 2 105 9 680 688 704
1123 2 2 105 9 695 680 704
1124 2 2 105 9 680 695 706
1125 2 2 105 9 682 681 697
1126 2 2 105 9 683 684 688
1127 2 2 105 9 688 684 704
1128 2 2 105 9 684 690 705
1129 2 2 105 9 704 684 705
1130 2 2 105 9 686 685 692
1131 2 2 105 9 692 685 703
1132 2 2 105 9 686 692 695
1133 2 2 105 9 686 695 704
1134 2 2 105 9 686 704 705
1135 2 2 105 10 2 105 804
1136 2 2 105 10 135 2 804
1137 2 2 105 10 113 3 806
1138 2 2 105 10 3 144 806
1139 2 2 105 10 122 6 805
1140 2 2 105 10 6 143 805
1141 2 2 105 10 7 130 803
1142 2 2 105 10 152 7 803
1143 2 2 105 10 105 106 719
1144 2 2 105 10 105 719 804
1145 2 2 105 10 106 107 782
1146 2 2 105 10 719 106 782
1147 2 2 105 10 107 108 711
1148 2 2 105 10 107 711 782
1149 2 2 105 10 108 109 765
1150 2 2 105 10 711 108 765
1151 2 2 105 10 109 110 709
1152 2 2 105 10 109 709 765
1153 2 2 105 10 110 111 760
1154 2 2 105 10 709 110 760
1155 2 2 105 10 111 112 716
1156 2 2 105 10 111 716 760
1157 2 2 105 10 112 113 787
1158 2 2 105 10 716 112 787
1159 2 2 105 10 787 113 806
1160 2 2 105 10 123 122 720
1161 2 2 105 10 720 122 805
1162 2 2 105 10 124 123 799
1163 2 2 105 10 123 720 799
1164 2 2 105 10 125 124 712
1165 2 2 105 10 712 124 799
1166 2 2 105 10 126 125 802
1167 2 2 105 10 125 712 802
1168 2 2 105 10 127 126 710
1169 2 2 105 10 710 126 802
1170 2 2 105 10 128 127 761
1171 2 2 105 10 127 710 761
1172 2 2 105 10 129 128 715
1173 2 2 105 10 715 128 761
1174 2 2 105 10 130 129 788
1175 2 2 105 10 129 715 788
1176 2 2 105 10 130 788 803
1177 2 2 105 10 136 135 789
1178 2 2 105 10 789 135 804
1179 2 2 105 10 137 136 773
1180 2 2 105 10 773 136 789
1181 2 2 105 10 138 137 713
1182 2 2 105 10 713 137 773
1183 2 2 105 10 139 138 771
1184 2 2 105 10 138 713 771
1185 2 2 105 10 140 139 708
1186 2 2 105 10 708 139 771
1187 2 2 105 10 141 140 722
1188 2 2 105 10 140 708 722
1189 2 2 105 10 142 141 717
1190 2 2 105 10 717 141 722
1191 2 2 105 10 143 142 786
1192 2 2 105 10 142 717 786
1193 2 2 105 10 143 786 805
1194 2 2 105 10 144 145 721
1195 2 2 105 10 144 721 806
1196 2 2 105 10 145 146 777
1197 2 2 105 10 721 145 777
1198 2 2 105 10 146 147 714
1199 2 2 105 10 146 714 777
1200 2 2 105 10 147 148 770
1201 2 2 105 10 714 147 770
1202 2 2 105 10 148 149 707
1203 2 2 105 10 148 707 770
1204 2 2 105 10 149 150 762
1205 2 2 105 10 707 149 762
1206 2 2 105 10 150 151 718
1207 2 2 105 10 150 718 762
1208 2 2 105 10 151 152 775
1209 2 2 105 10 718 151 775
1210 2 2 105 10 775 152 803
1211 2 2 105 10 707 762 800
1212 2 2 105 10 770 707 798
1213 2 2 105 10 798 707 800
1214 2 2 105 10 722 708 723
1215 2 2 105 10 723 708 724
1216 2 2 105 10 724 708 771
1217 2 2 105 10 709 760 794
1218 2 2 105 10 765 709 769
1219 2 2 105 10 769 709 794
1220 2 2 105 10 710 756 758
1221 2 2 105 10 756 710 802
1222 2 2 105 10 710 758 795
1223 2 2 105 10 761 710 795
1224 2 2 105 10 711 765 766
1225 2 2 105 10 711 766 767
1226 2 2 105 10 711 767 782
1227 2 2 105 10 712 754 755
1228 2 2 105 10 754 712 799
1229 2 2 105 10 712 755 756
1230 2 2 105 10 712 756 802
1231 2 2 105 10 713 763 771
1232 2 2 105 10 763 713 772
1233 2 2 105 10 772 713 773
1234 2 2 105 10 714 770 796
1235 2 2 105 10 777 714 797
1236 2 2 105 10 714 796 797
1237 2 2 105 10 747 715 761
1238 2 2 105 10 715 747 792
1239 2 2 105 10 788 715 792
1240 2 2 105 10 716 749 760
1241 2 2 105 10 749 716 793
1242 2 2 105 10 716 787 793
1243 2 2 105 10 717 722 751
1244 2 2 105 10 717 751 752
1245 2 2 105 10 717 752 786
1246 2 2 105 10 762 718 801
1247 2 2 105 10 718 775 808
1248 2 2 105 10 801 718 808
1249 2 2 105 10 719 774 789
1250 2 2 105 10 774 719 810
1251 2 2 105 10 719 782 810
1252 2 2 105 10 719 789 804
1253 2 2 105 10 720 752 754
1254 2 2 105 10 752 720 786
1255 2 2 105 10 720 754 799
1256 2 2 105 10 786 720 805
1257 2 2 105 10 721 777 807
1258 2 2 105 10 787 721 793
1259 2 2 105 10 721 787 806
1260 2 2 105 10 793 721 807
1261 2 2 105 10 722 723 751
1262 2 2 105 10 723 724 725
1263 2 2 105 10 723 725 778
1264 2 2 105 10 751 723 778
1265 2 2 105 10 725 724 726
1266 2 2 105 10 726 724 763
1267 2 2 105 10 763 724 771
1268 2 2 105 10 725 726 727
1269 2 2 105 10 725 727 728
1270 2 2 105 10 725 728 778
1271 2 2 105 10 727 726 779
1272 2 2 105 10 726 763 764
1273 2 2 105 10 726 764 779
1274 2 2 105 10 728 727 729
1275 2 2 105 10 729 727 730
1276 2 2 105 10 730 727 779
1277 2 2 105 10 728 729 785
1278 2 2 105 10 728 759 778
1279 2 2 105 10 759 728 785
1280 2 2 105 10 729 730 731
1281 2 2 105 10 729 731 732
1282 2 2 105 10 729 732 785
1283 2 2 105 10 731 730 733
1284 2 2 105 10 733 730 736
1285 2 2 105 10 736 730 779
1286 2 2 105 10 732 731 780
1287 2 2 105 10 731 733 734
1288 2 2 105 10 731 734 780
1289 2 2 105 10 732 780 783
1290 2 2 105 10 732 783 784
1291 2 2 105 10 732 784 785
1292 2 2 105 10 734 733 735
1293 2 2 105 10 735 733 781
1294 2 2 105 10 733 736 781
1295 2 2 105 10 734 735 737
1296 2 2 105 10 734 737 738
1297 2 2 105 10 734 738 780
1298 2 2 105 10 737 735 739
1299 2 2 105 10 739 735 741
1300 2 2 105 10 741 735 781
1301 2 2 105 10 736 768 791
1302 2 2 105 10 768 736 809
1303 2 2 105 10 736 779 809
1304 2 2 105 10 781 736 791
1305 2 2 105 10 738 737 740
1306 2 2 105 10 737 739 776
1307 2 2 105 10 740 737 776
1308 2 2 105 10 738 740 742
1309 2 2 105 10 738 742 743
1310 2 2 105 10 738 743 780
1311 2 2 105 10 739 741 749
1312 2 2 105 10 739 749 750
1313 2 2 105 10 739 750 776
1314 2 2 105 10 742 740 798
1315 2 2 105 10 740 776 796
1316 2 2 105 10 740 796 798
1317 2 2 105 10 749 741 794
1318 2 2 105 10 769 741 781
1319 2 2 105 10 741 769 794
1320 2 2 105 10 743 742 744
1321 2 2 105 10 744 742 800
1322 2 2 105 10 742 798 800
1323 2 2 105 10 743 744 745
1324 2 2 105 10 743 745 783
1325 2 2 105 10 780 743 783
1326 2 2 105 10 745 744 746
1327 2 2 105 10 746 744 801
1328 2 2 105 10 744 800 801
1329 2 2 105 10 745 746 747
1330 2 2 105 10 745 747 748
1331 2 2 105 10 745 748 783
1332 2 2 105 10 747 746 792
1333 2 2 105 10 792 746 808
1334 2 2 105 10 746 801 808
1335 2 2 105 10 748 747 795
1336 2 2 105 10 747 761 795
1337 2 2 105 10 748 758 784
1338 2 2 105 10 758 748 795
1339 2 2 105 10 783 748 784
1340 2 2 105 10 750 749 793
1341 2 2 105 10 760 749 794
1342 2 2 105 10 776 750 797
1343 2 2 105 10 750 793 807
1344 2 2 105 10 797 750 807
1345 2 2 105 10 752 751 753
1346 2 2 105 10 753 751 778
1347 2 2 105 10 752 753 754
1348 2 2 105 10 754 753 755
1349 2 2 105 10 755 753 759
1350 2 2 105 10 759 753 778
1351 2 2 105 10 756 755 757
1352 2 2 105 10 757 755 759
1353 2 2 105 10 756 757 758
1354 2 2 105 10 758 757 784
1355 2 2 105 10 757 759 785
1356 2 2 105 10 784 757 785
1357 2 2 105 10 800 762 801
1358 2 2 105 10 764 763 772
1359 2 2 105 10 764 772 790
1360 2 2 105 10 779 764 809
1361 2 2 105 10 764 790 809
1362 2 2 105 10 766 765 769
1363 2 2 105 10 767 766 768
1364 2 2 105 10 768 766 791
1365 2 2 105 10 766 769 791
1366 2 2 105 10 767 768 790
1367 2 2 105 10 782 767 810
1368 2 2 105 10 767 790 810
1369 2 2 105 10 790 768 809
1370 2 2 105 10 769 781 791
1371 2 2 105 10 796 770 798
1372 2 2 105 10 772 773 774
1373 2 2 105 10 772 774 790
1374 2 2 105 10 774 773 789
1375 2 2 105 10 790 774 810
1376 2 2 105 10 775 788 792
1377 2 2 105 10 788 775 803
1378 2 2 105 10 775 792 808
1379 2 2 105 10 796 776 797
1380 2 2 105 10 777 797 807
1381 2 2 105 11 3 114 855
1382 2 2 105 11 144 3 855
1383 2 2 105 11 131 7 854
1384 2 2 105 11 7 152 854
1385 2 2 105 11 10 83 853
1386 2 2 105 11 117 10 853
1387 2 2 105 11 91 12 856
1388 2 2 105 11 12 134 856
1389 2 2 105 11 83 84 841
1390 2 2 105 11 83 841 853
1391 2 2 105 11 84 85 814
1392 2 2 105 11 84 814 841
1393 2 2 105 11 85 86 833
1394 2 2 105 11 814 85 833
1395 2 2 105 11 86 87 849
1396 2 2 105 11 833 86 849
1397 2 2 105 11 87 88 812
1398 2 2 105 11 87 812 849
1399 2 2 105 11 88 89 835
1400 2 2 105 11 812 88 835
1401 2 2 105 11 89 90 817
1402 2 2 105 11 89 817 835
1403 2 2 105 11 90 91 839
1404 2 2 105 11 817 90 839
1405 2 2 105 11 839 91 856
1406 2 2 105 11 114 115 843
1407 2 2 105 11 114 843 855
1408 2 2 105 11 115 116 816
1409 2 2 105 11 115 816 843
1410 2 2 105 11 116 117 820
1411 2 2 105 11 816 116 820
1412 2 2 105 11 820 117 853
1413 2 2 105 11 132 131 844
1414 2 2 105 11 844 131 854
1415 2 2 105 11 133 132 813
1416 2 2 105 11 813 132 844
1417 2 2 105 11 134 133 842
1418 2 2 105 11 133 813 842
1419 2 2 105 11 134 842 856
1420 2 2 105 11 145 144 818
1421 2 2 105 11 818 144 855
1422 2 2 105 11 146 145 850
1423 2 2 105 11 145 818 850
1424 2 2 105 11 147 146 811
1425 2 2 105 11 811 146 850
1426 2 2 105 11 148 147 852
1427 2 2 105 11 147 811 852
1428 2 2 105 11 149 148 834
1429 2 2 105 11 834 148 852
1430 2 2 105 11 150 149 815
1431 2 2 105 11 815 149 834
1432 2 2 105 11 151 150 840
1433 2 2 105 11 150 815 840
1434 2 2 105 11 152 151 819
1435 2 2 105 11 819 151 840
1436 2 2 105 11 152 819 854
1437 2 2 105 11 811 824 825
1438 2 2 105 11 824 811 850
1439 2 2 105 11 811 825 826
1440 2 2 105 11 811 826 852
1441 2 2 105 11 812 829 831
1442 2 2 105 11 829 812 847
1443 2 2 105 11 812 831 849
1444 2 2 105 11 812 835 847
1445 2 2 105 11 842 813 859
1446 2 2 105 11 813 844 845
1447 2 2 105 11 813 845 859
1448 2 2 105 11 814 821 841
1449 2 2 105 11 821 814 851
1450 2 2 105 11 814 833 851
1451 2 2 105 11 815 834 848
1452 2 2 105 11 840 815 846
1453 2 2 105 11 846 815 848
1454 2 2 105 11 816 820 821
1455 2 2 105 11 816 821 822
1456 2 2 105 11 816 822 843
1457 2 2 105 11 835 817 836
1458 2 2 105 11 836 817 837
1459 2 2 105 11 837 817 839
1460 2 2 105 11 818 822 824
1461 2 2 105 11 822 818 843
1462 2 2 105 11 818 824 850
1463 2 2 105 11 843 818 855
1464 2 2 105 11 819 840 857
1465 2 2 105 11 844 819 845
1466 2 2 105 11 819 844 854
1467 2 2 105 11 845 819 857
1468 2 2 105 11 821 820 841
1469 2 2 105 11 841 820 853
1470 2 2 105 11 822 821 823
1471 2 2 105 11 823 821 851
1472 2 2 105 11 822 823 824
1473 2 2 105 11 824 823 825
1474 2 2 105 11 825 823 832
1475 2 2 105 11 832 823 851
1476 2 2 105 11 826 825 827
1477 2 2 105 11 827 825 832
1478 2 2 105 11 826 827 828
1479 2 2 105 11 826 828 834
1480 2 2 105 11 826 834 852
1481 2 2 105 11 828 827 829
1482 2 2 105 11 829 827 831
1483 2 2 105 11 831 827 832
1484 2 2 105 11 828 829 830
1485 2 2 105 11 828 830 848
1486 2 2 105 11 834 828 848
1487 2 2 105 11 830 829 847
1488 2 2 105 11 830 846 848
1489 2 2 105 11 846 830 858
1490 2 2 105 11 830 847 858
1491 2 2 105 11 831 832 833
1492 2 2 105 11 831 833 849
1493 2 2 105 11 833 832 851
1494 2 2 105 11 835 836 847
1495 2 2 105 11 836 837 838
1496 2 2 105 11 836 838 858
1497 2 2 105 11 847 836 858
1498 2 2 105 11 838 837 859
1499 2 2 105 11 837 839 842
1500 2 2 105 11 837 842 859
1501 2 2 105 11 838 845 857
1502 2 2 105 11 845 838 859
1503 2 2 105 11 846 838 857
1504 2 2 105 11 838 846 858
1505 2 2 105 11 842 839 856
1506 2 2 105 11 840 846 857
1507 4 2 1 1 879 892 343 929
1508 4 2 1 1 343 892 879 909
1509 4 2 1 1 879 929 390 1005
1510 4 2 1 1 311 912 157 1023
1511 4 2 1 1 157 912 885 1023
1512 4 2 1 1 455 441 956 1006
1513 4 2 1 1 343 390 879 929
1514 4 2 1 1 885 389 916 1023
1515 4 2 1 1 878 911 496 1011
1516 4 2 1 1 491 549 869 942
1517 4 2 1 1 861 947 890 953
1518 4 2 1 1 226 933 897 946
1519 4 2 1 1 863 881 874 925
1520 4 2 1 1 879 867 933 946
1521 4 2 1 1 519 294 900 934
1522 4 2 1 1 317 891 964 1037
1523 4 2 1 1 175 885 157 912
1524 4 2 1 1 334 890 932 947
1525 4 2 1 1 874 881 863 1036
1526 4 2 1 1 869 911 493 965
1527 4 2 1 1 317 935 891 1037
1528 4 2 1 1 441 899 453 956
1529 4 2 1 1 519 294 462 900
1530 4 2 1 1 316 403 373 902
1531 4 2 1 1 491 869 934 942
1532 4 2 1 1 494 911 896 1011
1533 4 2 1 1 270 934 958 975
1534 4 2 1 1 890 947 916 953
1535 4 2 1 1 491 869 549 934
1536 4 2 1 1 493 869 549 942
1537 4 2 1 1 898 975 900 985
1538 4 2 1 1 869 965 493 1001
1539 4 2 1 1 225 933 946 1017
1540 4 2 1 1 311 885 912 1023
1541 4 2 1 1 361 906 385 908
1542 4 2 1 1 364 908 906 916
1543 4 2 1 1 311 157 163 1023
1544 4 2 1 1 516 538 923 999
1545 4 2 1 1 874 925 881 1028
1546 4 2 1 1 516 926 538 999
1547 4 2 1 1 321 322 893 918
1548 4 2 1 1 334 916 890 947
1549 4 2 1 1 477 913 952 1031
1550 4 2 1 1 545 900 898 934
1551 4 2 1 1 226 897 227 946
1552 4 2 1 1 896 911 878 1011
1553 4 2 1 1 899 956 441 1006
1554 4 2 1 1 897 933 226 1006
1555 4 2 1 1 914 974 886 982
1556 4 2 1 1 477 895 913 1031
1557 4 2 1 1 874 906 361 984
1558 4 2 1 1 364 385 377 906
1559 4 2 1 1 477 952 938 1031
1560 4 2 1 1 477 938 895 1031
1561 4 2 1 1 437 535 466 917
1562 4 2 1 1 900 975 863 985
1563 4 2 1 1 427 976 902 1003
1564 4 2 1 1 861 932 890 947
1565 4 2 1 1 906 908 361 984
1566 4 2 1 1 885 916 908 1023
1567 4 2 1 1 902 988 427 1003
1568 4 2 1 1 339 882 907 909
1569 4 2 1 1 455 956 897 1006
1570 4 2 1 1 270 958 269 975
1571 4 2 1 1 403 912 902 976
1572 4 2 1 1 898 900 545 996
1573 4 2 1 1 878 496 911 936
1574 4 2 1 1 871 886 974 982
1575 4 2 1 1 353 390 929 1005
1576 4 2 1 1 897 933 867 946
1577 4 2 1 1 322 375 321 893
1578 4 2 1 1 386 940 909 946
1579 4 2 1 1 545 898 489 934
1580 4 2 1 1 918 1025 374 1032
1581 4 2 1 1 493 911 869 942
1582 4 2 1 1 318 918 891 1025
1583 4 2 1 1 403 902 316 976
1584 4 2 1 1 320 918 318 1025
1585 4 2 1 1 871 974 886 983
1586 4 2 1 1 886 914 868 974
1587 4 2 1 1 860 970 907 991
1588 4 2 1 1 489 898 545 996
1589 4 2 1 1 330 890 334 916
1590 4 2 1 1 903 1025 918 1032
1591 4 2 1 1 899 917 453 956
1592 4 2 1 1 417 447 951 971
1593 4 2 1 1 317 891 318 964
1594 4 2 1 1 339 909 907 1035
1595 4 2 1 1 364 906 377 916
1596 4 2 1 1 334 890 332 932
1597 4 2 1 1 330 332 334 890
1598 4 2 1 1 864 892 879 929
1599 4 2 1 1 364 385 906 908
1600 4 2 1 1 361 874 363 906
1601 4 2 1 1 462 294 253 900
1602 4 2 1 1 549 869 493 1001
1603 4 2 1 1 225 933 226 946
1604 4 2 1 1 880 988 902 1003
1605 4 2 1 1 879 946 933 1017
1606 4 2 1 1 318 891 317 1025
1607 4 2 1 1 860 907 970 995
1608 4 2 1 1 907 991 970 995
1609 4 2 1 1 874 908 906 984
1610 4 2 1 1 417 951 870 971
1611 4 2 1 1 199 188 881 944
1612 4 2 1 1 437 899 535 917
1613 4 2 1 1 516 877 923 980
1614 4 2 1 1 357 882 410 954
1615 4 2 1 1 872 975 898 985
1616 4 2 1 1 216 243 242 1017
1617 4 2 1 1 866 928 949 1033
1618 4 2 1 1 189 173 191 874
1619 4 2 1 1 408 437 466 917
1620 4 2 1 1 189 874 191 984
1621 4 2 1 1 410 882 357 940
1622 4 2 1 1 891 935 317 1025
1623 4 2 1 1 872 958 934 975
1624 4 2 1 1 268 900 294 934
1625 4 2 1 1 886 974 868 983
1626 4 2 1 1 321 918 893 943
1627 4 2 1 1 200 187 926 969
1628 4 2 1 1 239 888 241 986
1629 4 2 1 1 395 339 882 907
1630 4 2 1 1 873 938 472 952
1631 4 2 1 1 549 934 869 1001
1632 4 2 1 1 413 316 902 976
1633 4 2 1 1 446 373 406 902
1634 4 2 1 1 373 406 902 951
1635 4 2 1 1 906 997 992 1019
1636 4 2 1 1 250 232 212 1010
1637 4 2 1 1 888 949 928 1033
1638 4 2 1 1 870 907 882 995
1639 4 2 1 1 339 396 882 909
1640 4 2 1 1 343 879 342 909
1641 4 2 1 1 491 934 898 942
1642 4 2 1 1 864 879 892 968
1643 4 2 1 1 540 884 911 936
1644 4 2 1 1 435 463 409 904
1645 4 2 1 1 545 519 900 934
1646 4 2 1 1 906 992 916 1019
1647 4 2 1 1 203 888 239 972
1648 4 2 1 1 860 890 970 991
1649 4 2 1 1 395 907 882 954
1650 4 2 1 1 483 484 875 1015
1651 4 2 1 1 363 874 362 1028
1652 4 2 1 1 897 909 867 940
1653 4 2 1 1 163 355 311 1023
1654 4 2 1 1 891 918 318 964
1655 4 2 1 1 902 912 403 947
1656 4 2 1 1 898 872 934 975
1657 4 2 1 1 317 964 277 1037
1658 4 2 1 1 252 227 226 1006
1659 4 2 1 1 363 906 874 925
1660 4 2 1 1 227 897 226 1006
1661 4 2 1 1 889 922 864 968
1662 4 2 1 1 898 934 872 989
1663 4 2 1 1 866 911 878 949
1664 4 2 1 1 889 864 924 930
1665 4 2 1 1 322 893 918 939
1666 4 2 1 1 250 212 899 1010
1667 4 2 1 1 364 336 389 916
1668 4 2 1 1 173 191 874 959
1669 4 2 1 1 867 940 909 956
1670 4 2 1 1 409 904 463 1009
1671 4 2 1 1 199 944 881 959
1672 4 2 1 1 243 924 242 1017
1673 4 2 1 1 922 968 889 1017
1674 4 2 1 1 525 904 538 999
1675 4 2 1 1 934 958 872 989
1676 4 2 1 1 405 906 925 992
1677 4 2 1 1 525 999 926 1009
1678 4 2 1 1 863 872 905 943
1679 4 2 1 1 524 409 463 1009
1680 4 2 1 1 866 928 888 949
1681 4 2 1 1 455 441 420 956
1682 4 2 1 1 444 1000 917 1004
1683 4 2 1 1 472 937 873 952
1684 4 2 1 1 882 909 396 940
1685 4 2 1 1 872 863 905 975
1686 4 2 1 1 341 909 386 940
1687 4 2 1 1 875 919 483 1015
1688 4 2 1 1 879 968 922 1017
1689 4 2 1 1 882 909 940 956
1690 4 2 1 1 525 904 999 1009
1691 4 2 1 1 224 522 936 1018
1692 4 2 1 1 873 937 472 1004
1693 4 2 1 1 239 888 203 1016
1694 4 2 1 1 417 951 447 1039
1695 4 2 1 1 497 494 896 1011
1696 4 2 1 1 173 874 944 959
1697 4 2 1 1 879 864 922 968
1698 4 2 1 1 866 878 911 1038
1699 4 2 1 1 506 924 1011 1030
1700 4 2 1 1 516 923 517 980
1701 4 2 1 1 864 924 878 986
1702 4 2 1 1 373 309 406 951
1703 4 2 1 1 343 353 390 929
1704 4 2 1 1 320 374 918 1025
1705 4 2 1 1 869 958 934 989
1706 4 2 1 1 318 317 346 1025
1707 4 2 1 1 867 879 933 968
1708 4 2 1 1 861 870 915 970
1709 4 2 1 1 460 154 542 926
1710 4 2 1 1 862 985 918 989
1711 4 2 1 1 404 341 386 940
1712 4 2 1 1 882 870 995 1000
1713 4 2 1 1 867 879 909 946
1714 4 2 1 1 386 897 940 946
1715 4 2 1 1 918 943 319 964
1716 4 2 1 1 336 885 389 916
1717 4 2 1 1 480 1007 919 1021
1718 4 2 1 1 880 926 187 969
1719 4 2 1 1 173 874 189 962
1720 4 2 1 1 318 374 320 1025
1721 4 2 1 1 320 318 918 964
1722 4 2 1 1 545 519 462 900
1723 4 2 1 1 460 154 926 987
1724 4 2 1 1 453 437 408 917
1725 4 2 1 1 499 523 993 996
1726 4 2 1 1 878 936 911 1038
1727 4 2 1 1 867 897 956 1006
1728 4 2 1 1 361 362 363 874
1729 4 2 1 1 374 323 918 1032
1730 4 2 1 1 886 929 949 1022
1731 4 2 1 1 867 897 940 956
1732 4 2 1 1 864 892 886 982
1733 4 2 1 1 234 247 432 899
1734 4 2 1 1 525 538 926 999
1735 4 2 1 1 317 935 346 1025
1736 4 2 1 1 507 506 924 1011
1737 4 2 1 1 867 956 899 1006
1738 4 2 1 1 899 933 250 1010
1739 4 2 1 1 200 176 187 969
1740 4 2 1 1 363 925 874 1028
1741 4 2 1 1 873 472 938 1004
1742 4 2 1 1 888 972 203 1016
1743 4 2 1 1 900 1012 931 1036
1744 4 2 1 1 548 469 232 1010
1745 4 2 1 1 444 956 917 1000
1746 4 2 1 1 429 902 427 976
1747 4 2 1 1 886 892 864 929
1748 4 2 1 1 558 911 884 965
1749 4 2 1 1 538 999 904 1002
1750 4 2 1 1 199 881 188 973
1751 4 2 1 1 387 403 912 947
1752 4 2 1 1 485 876 479 919
1753 4 2 1 1 974 997 919 1019
1754 4 2 1 1 882 907 870 954
1755 4 2 1 1 173 944 874 962
1756 4 2 1 1 173 944 191 959
1757 4 2 1 1 311 885 344 912
1758 4 2 1 1 477 528 938 952
1759 4 2 1 1 208 224 522 936
1760 4 2 1 1 558 495 884 911
1761 4 2 1 1 479 913 876 981
1762 4 2 1 1 479 876 913 919
1763 4 2 1 1 390 342 343 879
1764 4 2 1 1 869 934 898 989
1765 4 2 1 1 321 893 375 943
1766 4 2 1 1 420 441 453 956
1767 4 2 1 1 886 929 864 949
1768 4 2 1 1 876 919 485 927
1769 4 2 1 1 435 463 904 960
1770 4 2 1 1 933 968 879 1017
1771 4 2 1 1 320 918 319 964
1772 4 2 1 1 883 1012 900 1036
1773 4 2 1 1 898 934 900 975
1774 4 2 1 1 872 863 975 985
1775 4 2 1 1 242 1017 924 1027
1776 4 2 1 1 483 484 482 875
1777 4 2 1 1 869 921 891 950
1778 4 2 1 1 453 899 437 917
1779 4 2 1 1 320 319 318 964
1780 4 2 1 1 477 508 895 938
1781 4 2 1 1 883 967 264 993
1782 4 2 1 1 863 905 881 925
1783 4 2 1 1 909 940 897 946
1784 4 2 1 1 499 996 993 1012
1785 4 2 1 1 878 911 896 949
1786 4 2 1 1 483 875 482 919
1787 4 2 1 1 866 949 878 1033
1788 4 2 1 1 882 954 870 1000
1789 4 2 1 1 970 991 870 995
1790 4 2 1 1 506 1011 930 1030
1791 4 2 1 1 281 901 381 935
1792 4 2 1 1 908 916 885 955
1793 4 2 1 1 540 911 496 936
1794 4 2 1 1 874 944 881 1036
1795 4 2 1 1 931 900 996 1012
1796 4 2 1 1 239 241 888 1016
1797 4 2 1 1 916 992 990 1019
1798 4 2 1 1 930 1011 924 1030
1799 4 2 1 1 491 493 549 942
1800 4 2 1 1 194 192 168 877
1801 4 2 1 1 872 918 985 989
1802 4 2 1 1 892 929 886 1013
1803 4 2 1 1 900 931 863 1036
1804 4 2 1 1 491 898 487 942
1805 4 2 1 1 154 181 542 926
1806 4 2 1 1 426 880 988 1009
1807 4 2 1 1 387 912 403 976
1808 4 2 1 1 377 990 916 992
1809 4 2 1 1 882 867 909 956
1810 4 2 1 1 377 916 906 992
1811 4 2 1 1 317 277 935 1037
1812 4 2 1 1 876 919 997 1019
1813 4 2 1 1 870 861 932 970
1814 4 2 1 1 259 281 381 935
1815 4 2 1 1 900 883 993 1012
1816 4 2 1 1 385 361 363 906
1817 4 2 1 1 864 922 889 924
1818 4 2 1 1 902 912 880 1003
1819 4 2 1 1 870 954 417 971
1820 4 2 1 1 893 925 906 992
1821 4 2 1 1 271 269 958 975
1822 4 2 1 1 902 976 912 1003
1823 4 2 1 1 886 949 903 1022
1824 4 2 1 1 907 870 991 995
1825 4 2 1 1 867 909 897 946
1826 4 2 1 1 485 923 876 980
1827 4 2 1 1 864 922 924 986
1828 4 2 1 1 993 996 900 1012
1829 4 2 1 1 479 876 529 981
1830 4 2 1 1 212 469 899 1010
1831 4 2 1 1 546 499 523 993
1832 4 2 1 1 211 901 249 1016
1833 4 2 1 1 192 877 194 987
1834 4 2 1 1 298 233 248 901
1835 4 2 1 1 320 374 323 918
1836 4 2 1 1 540 558 495 884
1837 4 2 1 1 870 861 915 932
1838 4 2 1 1 429 413 902 976
1839 4 2 1 1 874 189 962 984
1840 4 2 1 1 898 920 862 985
1841 4 2 1 1 199 959 881 973
1842 4 2 1 1 879 922 864 929
1843 4 2 1 1 202 969 177 1003
1844 4 2 1 1 271 958 872 975
1845 4 2 1 1 923 970 861 1002
1846 4 2 1 1 550 493 965 1001
1847 4 2 1 1 247 450 432 899
1848 4 2 1 1 247 554 450 899
1849 4 2 1 1 426 988 454 1009
1850 4 2 1 1 212 232 469 1010
1851 4 2 1 1 444 445 1000 1004
1852 4 2 1 1 876 974 919 1019
1853 4 2 1 1 863 872 943 985
1854 4 2 1 1 241 928 888 1016
1855 4 2 1 1 484 931 875 1015
1856 4 2 1 1 263 948 881 966
1857 4 2 1 1 500 917 501 938
1858 4 2 1 1 862 918 903 989
1859 4 2 1 1 528 472 938 952
1860 4 2 1 1 343 929 892 1013
1861 4 2 1 1 868 919 974 997
1862 4 2 1 1 416 410 882 954
1863 4 2 1 1 863 931 900 996
1864 4 2 1 1 333 991 914 1035
1865 4 2 1 1 478 480 919 1021
1866 4 2 1 1 873 867 917 938
1867 4 2 1 1 395 337 907 954
1868 4 2 1 1 862 998 903 1032
1869 4 2 1 1 866 911 949 950
1870 4 2 1 1 259 381 312 935
1871 4 2 1 1 477 913 895 1021
1872 4 2 1 1 484 482 875 927
1873 4 2 1 1 901 928 249 1016
1874 4 2 1 1 375 893 322 939
1875 4 2 1 1 496 936 878 1020
1876 4 2 1 1 896 949 930 1011
1877 4 2 1 1 452 440 915 960
1878 4 2 1 1 868 974 919 983
1879 4 2 1 1 874 959 191 984
1880 4 2 1 1 900 993 523 996
1881 4 2 1 1 922 929 879 972
1882 4 2 1 1 891 921 866 950
1883 4 2 1 1 340 892 343 909
1884 4 2 1 1 900 898 985 996
1885 4 2 1 1 361 362 874 984
1886 4 2 1 1 865 916 908 955
1887 4 2 1 1 400 381 281 901
1888 4 2 1 1 867 873 917 956
1889 4 2 1 1 923 981 970 1002
1890 4 2 1 1 879 972 929 1005
1891 4 2 1 1 554 535 450 899
1892 4 2 1 1 417 447 434 1039
1893 4 2 1 1 400 298 248 901
1894 4 2 1 1 496 878 544 1020
1895 4 2 1 1 500 501 502 938
1896 4 2 1 1 424 897 455 956
1897 4 2 1 1 903 918 862 1032
1898 4 2 1 1 868 983 919 997
1899 4 2 1 1 386 940 897 1029
1900 4 2 1 1 881 944 188 966
1901 4 2 1 1 889 930 924 1030
1902 4 2 1 1 192 168 877 955
1903 4 2 1 1 501 938 917 977
1904 4 2 1 1 307 203 972 1016
1905 4 2 1 1 864 878 924 1011
1906 4 2 1 1 538 904 521 1002
1907 4 2 1 1 339 340 909 1035
1908 4 2 1 1 872 918 893 985
1909 4 2 1 1 864 982 886 998
1910 4 2 1 1 521 538 525 904
1911 4 2 1 1 175 168 164 885
1912 4 2 1 1 173 894 944 962
1913 4 2 1 1 873 867 941 956
1914 4 2 1 1 864 930 949 1011
1915 4 2 1 1 907 954 337 1039
1916 4 2 1 1 516 926 877 987
1917 4 2 1 1 481 1007 480 1021
1918 4 2 1 1 367 925 905 943
1919 4 2 1 1 287 299 884 1014
1920 4 2 1 1 885 916 336 947
1921 4 2 1 1 540 884 495 911
1922 4 2 1 1 900 934 268 975
1923 4 2 1 1 887 915 870 970
1924 4 2 1 1 353 929 972 1005
1925 4 2 1 1 357 395 882 954
1926 4 2 1 1 202 880 969 1003
1927 4 2 1 1 863 900 985 996
1928 4 2 1 1 893 918 862 985
1929 4 2 1 1 516 460 926 987
1930 4 2 1 1 904 915 440 960
1931 4 2 1 1 882 941 873 995
1932 4 2 1 1 253 294 268 900
1933 4 2 1 1 418 882 410 940
1934 4 2 1 1 299 921 884 1014
1935 4 2 1 1 168 164 885 955
1936 4 2 1 1 881 925 905 1028
1937 4 2 1 1 168 194 877 969
1938 4 2 1 1 546 523 900 993
1939 4 2 1 1 426 945 880 1009
1940 4 2 1 1 485 529 479 876
1941 4 2 1 1 919 927 876 997
1942 4 2 1 1 400 281 298 901
1943 4 2 1 1 890 914 860 974
1944 4 2 1 1 550 549 493 1001
1945 4 2 1 1 545 489 547 934
1946 4 2 1 1 881 948 263 1008
1947 4 2 1 1 357 882 396 940
1948 4 2 1 1 891 866 921 935
1949 4 2 1 1 895 968 938 977
1950 4 2 1 1 877 926 194 987
1951 4 2 1 1 473 937 472 952
1952 4 2 1 1 418 416 410 882
1953 4 2 1 1 864 871 982 998
1954 4 2 1 1 202 187 880 1003
1955 4 2 1 1 550 493 911 965
1956 4 2 1 1 501 502 938 977
1957 4 2 1 1 273 271 872 975
1958 4 2 1 1 865 906 874 908
1959 4 2 1 1 491 489 487 898
1960 4 2 1 1 896 949 911 950
1961 4 2 1 1 873 941 882 956
1962 4 2 1 1 221 961 1018 1038
1963 4 2 1 1 862 903 950 989
1964 4 2 1 1 992 997 868 1019
1965 4 2 1 1 886 998 862 1032
1966 4 2 1 1 223 986 241 1033
1967 4 2 1 1 884 1018 961 1038
1968 4 2 1 1 898 934 869 942
1969 4 2 1 1 223 239 241 986
1970 4 2 1 1 505 924 506 1030
1971 4 2 1 1 525 538 556 926
1972 4 2 1 1 395 337 339 907
1973 4 2 1 1 187 926 880 945
1974 4 2 1 1 907 941 882 995
1975 4 2 1 1 475 887 473 952
1976 4 2 1 1 273 872 964 978
1977 4 2 1 1 345 902 403 947
1978 4 2 1 1 154 194 926 987
1979 4 2 1 1 386 404 940 1029
1980 4 2 1 1 540 495 496 911
1981 4 2 1 1 875 862 920 985
1982 4 2 1 1 990 992 868 1019
1983 4 2 1 1 357 395 396 882
1984 4 2 1 1 231 211 249 1016
1985 4 2 1 1 920 985 898 1015
1986 4 2 1 1 482 919 875 927
1987 4 2 1 1 417 434 954 1039
1988 4 2 1 1 199 172 188 944
1989 4 2 1 1 887 861 970 1002
1990 4 2 1 1 888 866 949 957
1991 4 2 1 1 907 337 991 1039
1992 4 2 1 1 387 345 403 947
1993 4 2 1 1 905 925 367 1028
1994 4 2 1 1 558 495 911 965
1995 4 2 1 1 229 397 203 972
1996 4 2 1 1 464 208 522 936
1997 4 2 1 1 877 953 885 1026
1998 4 2 1 1 298 284 233 901
1999 4 2 1 1 893 925 375 943
2000 4 2 1 1 903 918 891 989
2001 4 2 1 1 544 878 496 1011
2002 4 2 1 1 225 946 879 1017
2003 4 2 1 1 500 938 472 1004
2004 4 2 1 1 885 953 947 1026
2005 4 2 1 1 367 359 925 943
2006 4 2 1 1 273 872 271 964
2007 4 2 1 1 501 917 899 977
2008 4 2 1 1 873 882 995 1000
2009 4 2 1 1 452 423 440 960
2010 4 2 1 1 339 341 396 909
2011 4 2 1 1 917 1000 873 1004
2012 4 2 1 1 532 896 942 1007
2013 4 2 1 1 862 939 893 983
2014 4 2 1 1 505 507 506 924
2015 4 2 1 1 867 938 968 977
2016 4 2 1 1 473 887 512 960
2017 4 2 1 1 171 967 966 979
2018 4 2 1 1 396 909 341 940
2019 4 2 1 1 225 226 933 1017
2020 4 2 1 1 168 885 175 969
2021 4 2 1 1 897 867 933 1006
2022 4 2 1 1 362 959 874 984
2023 4 2 1 1 516 515 877 980
2024 4 2 1 1 477 528 508 938
2025 4 2 1 1 429 427 413 976
2026 4 2 1 1 871 864 930 998
2027 4 2 1 1 864 878 949 986
2028 4 2 1 1 864 949 878 1011
2029 4 2 1 1 321 319 918 943
2030 4 2 1 1 898 487 942 1015
2031 4 2 1 1 919 1007 871 1021
2032 4 2 1 1 889 968 933 1017
2033 4 2 1 1 875 983 893 997
2034 4 2 1 1 342 909 879 946
2035 4 2 1 1 160 425 184 945
2036 4 2 1 1 879 1005 225 1017
2037 4 2 1 1 899 917 867 977
2038 4 2 1 1 446 429 413 902
2039 4 2 1 1 492 942 530 1007
2040 4 2 1 1 315 901 211 1016
2041 4 2 1 1 861 915 887 970
2042 4 2 1 1 862 875 920 983
2043 4 2 1 1 303 155 179 908
2044 4 2 1 1 339 907 338 1035
2045 4 2 1 1 872 958 271 964
2046 4 2 1 1 177 969 912 1003
2047 4 2 1 1 419 956 444 1000
2048 4 2 1 1 307 972 888 1016
2049 4 2 1 1 891 935 921 1037
2050 4 2 1 1 886 862 939 1032
2051 4 2 1 1 484 996 931 1015
2052 4 2 1 1 165 164 955 1023
2053 4 2 1 1 229 203 239 972
2054 4 2 1 1 452 915 423 960
2055 4 2 1 1 168 955 885 969
2056 4 2 1 1 173 894 170 944
2057 4 2 1 1 382 178 157 912
2058 4 2 1 1 875 927 963 994
2059 4 2 1 1 473 937 887 960
2060 4 2 1 1 864 871 930 982
2061 4 2 1 1 342 879 390 1005
2062 4 2 1 1 243 924 922 986
2063 4 2 1 1 405 359 375 943
2064 4 2 1 1 192 955 877 987
2065 4 2 1 1 473 475 512 887
2066 4 2 1 1 437 450 535 899
2067 4 2 1 1 194 926 877 969
2068 4 2 1 1 879 946 225 1005
2069 4 2 1 1 378 892 340 1035
2070 4 2 1 1 893 983 875 985
2071 4 2 1 1 419 444 445 1000
2072 4 2 1 1 452 915 440 988
2073 4 2 1 1 868 914 890 974
2074 4 2 1 1 530 942 920 1007
2075 4 2 1 1 362 874 959 1028
2076 4 2 1 1 532 896 494 942
2077 4 2 1 1 869 911 921 950
2078 4 2 1 1 866 888 928 957
2079 4 2 1 1 273 269 271 975
2080 4 2 1 1 886 949 864 998
2081 4 2 1 1 886 939 862 983
2082 4 2 1 1 914 990 890 991
2083 4 2 1 1 394 315 231 1016
2084 4 2 1 1 897 946 386 1029
2085 4 2 1 1 492 532 942 1007
2086 4 2 1 1 330 890 916 990
2087 4 2 1 1 395 339 396 882
2088 4 2 1 1 485 876 927 980
2089 4 2 1 1 916 947 885 953
2090 4 2 1 1 435 409 440 904
2091 4 2 1 1 344 885 336 947
2092 4 2 1 1 532 896 1007 1011
2093 4 2 1 1 861 887 915 1002
2094 4 2 1 1 261 537 884 965
2095 4 2 1 1 225 226 227 946
2096 4 2 1 1 863 881 905 948
2097 4 2 1 1 207 228 368 946
2098 4 2 1 1 480 920 919 1007
2099 4 2 1 1 425 160 411 945
2100 4 2 1 1 914 991 907 1035
2101 4 2 1 1 902 915 861 932
2102 4 2 1 1 868 997 974 1019
2103 4 2 1 1 875 963 931 994
2104 4 2 1 1 866 903 891 950
2105 4 2 1 1 887 937 473 952
2106 4 2 1 1 170 173 190 894
2107 4 2 1 1 397 307 203 972
2108 4 2 1 1 336 344 389 885
2109 4 2 1 1 447 951 434 1039
2110 4 2 1 1 405 331 906 992
2111 4 2 1 1 891 866 935 1025
2112 4 2 1 1 891 918 903 1025
2113 4 2 1 1 554 247 212 899
2114 4 2 1 1 214 225 1005 1017
2115 4 2 1 1 260 264 967 993
2116 4 2 1 1 516 460 542 926
2117 4 2 1 1 516 877 515 987
2118 4 2 1 1 503 899 469 1010
2119 4 2 1 1 392 902 345 932
2120 4 2 1 1 537 558 884 965
2121 4 2 1 1 160 411 945 1003
2122 4 2 1 1 970 981 887 1002
2123 4 2 1 1 165 189 908 962
2124 4 2 1 1 891 903 866 1025
2125 4 2 1 1 893 918 872 943
2126 4 2 1 1 861 915 904 1002
2127 4 2 1 1 332 890 330 990
2128 4 2 1 1 190 894 173 962
2129 4 2 1 1 492 532 494 942
2130 4 2 1 1 865 906 908 916
2131 4 2 1 1 886 1013 929 1032
2132 4 2 1 1 405 925 359 943
2133 4 2 1 1 885 953 877 955
2134 4 2 1 1 405 375 925 943
2135 4 2 1 1 862 920 898 942
2136 4 2 1 1 918 939 862 1032
2137 4 2 1 1 862 983 893 985
2138 4 2 1 1 201 188 944 966
2139 4 2 1 1 538 923 999 1002
2140 4 2 1 1 364 361 385 908
2141 4 2 1 1 478 919 913 1021
2142 4 2 1 1 919 920 483 1015
2143 4 2 1 1 875 985 920 1015
2144 4 2 1 1 156 180 457 910
2145 4 2 1 1 273 975 872 978
2146 4 2 1 1 864 922 888 929
2147 4 2 1 1 962 963 865 994
2148 4 2 1 1 440 915 904 988
2149 4 2 1 1 168 877 955 969
2150 4 2 1 1 282 467 261 965
2151 4 2 1 1 883 948 881 1036
2152 4 2 1 1 896 911 494 942
2153 4 2 1 1 238 928 961 1038
2154 4 2 1 1 876 861 923 970
2155 4 2 1 1 261 467 537 965
2156 4 2 1 1 883 948 264 966
2157 4 2 1 1 924 1017 889 1027
2158 4 2 1 1 966 967 883 979
2159 4 2 1 1 894 963 962 994
2160 4 2 1 1 863 881 948 1036
2161 4 2 1 1 917 938 867 977
2162 4 2 1 1 308 370 275 1008
2163 4 2 1 1 886 929 1022 1032
2164 4 2 1 1 308 275 905 1008
2165 4 2 1 1 516 556 538 926
2166 4 2 1 1 888 878 949 1033
2167 4 2 1 1 959 973 402 1028
2168 4 2 1 1 319 964 943 978
2169 4 2 1 1 392 902 932 951
2170 4 2 1 1 865 874 906 963
2171 4 2 1 1 862 875 983 985
2172 4 2 1 1 293 263 948 1008
2173 4 2 1 1 377 328 990 992
2174 4 2 1 1 874 863 925 963
2175 4 2 1 1 544 878 1011 1020
2176 4 2 1 1 874 865 908 962
2177 4 2 1 1 915 932 902 951
2178 4 2 1 1 864 949 888 986
2179 4 2 1 1 171 966 944 979
2180 4 2 1 1 861 947 953 1026
2181 4 2 1 1 478 481 480 1021
2182 4 2 1 1 503 977 899 1010
2183 4 2 1 1 154 194 181 926
2184 4 2 1 1 242 924 243 1027
2185 4 2 1 1 892 914 886 982
2186 4 2 1 1 917 956 873 1000
2187 4 2 1 1 886 983 862 998
2188 4 2 1 1 937 1000 445 1004
2189 4 2 1 1 221 224 936 1018
2190 4 2 1 1 175 885 912 969
2191 4 2 1 1 376 333 914 1035
2192 4 2 1 1 871 983 886 998
2193 4 2 1 1 288 921 272 1001
2194 4 2 1 1 228 368 946 1029
2195 4 2 1 1 864 924 930 1011
2196 4 2 1 1 899 933 867 1006
2197 4 2 1 1 340 892 909 1035
2198 4 2 1 1 279 901 281 935
2199 4 2 1 1 483 919 480 920
2200 4 2 1 1 888 922 864 986
2201 4 2 1 1 872 943 918 964
2202 4 2 1 1 866 921 911 950
2203 4 2 1 1 333 907 991 1035
2204 4 2 1 1 350 307 888 1016
2205 4 2 1 1 860 970 890 974
2206 4 2 1 1 344 912 885 947
2207 4 2 1 1 192 910 193 955
2208 4 2 1 1 868 893 939 983
2209 4 2 1 1 893 943 872 985
2210 4 2 1 1 876 970 923 981
2211 4 2 1 1 895 968 977 1030
2212 4 2 1 1 860 913 952 970
2213 4 2 1 1 447 443 951 971
2214 4 2 1 1 383 940 404 1029
2215 4 2 1 1 903 891 950 989
2216 4 2 1 1 902 345 932 947
2217 4 2 1 1 874 863 963 1036
2218 4 2 1 1 878 866 1033 1038
2219 4 2 1 1 500 917 938 1004
2220 4 2 1 1 537 467 558 965
2221 4 2 1 1 342 946 879 1005
2222 4 2 1 1 351 888 307 972
2223 4 2 1 1 201 188 172 944
2224 4 2 1 1 424 940 897 956
2225 4 2 1 1 242 1010 244 1017
2226 4 2 1 1 340 378 343 892
2227 4 2 1 1 863 943 893 985
2228 4 2 1 1 867 968 938 1031
2229 4 2 1 1 868 974 890 1019
2230 4 2 1 1 243 922 217 986
2231 4 2 1 1 926 999 945 1009
2232 4 2 1 1 919 983 875 997
2233 4 2 1 1 193 190 962 1034
2234 4 2 1 1 165 955 908 1023
2235 4 2 1 1 861 953 890 970
2236 4 2 1 1 299 884 921 965
2237 4 2 1 1 868 939 886 983
2238 4 2 1 1 875 963 927 997
2239 4 2 1 1 525 926 945 1009
2240 4 2 1 1 908 962 189 984
2241 4 2 1 1 528 474 472 952
2242 4 2 1 1 893 983 868 997
2243 4 2 1 1 192 193 166 955
2244 4 2 1 1 868 914 886 1024
2245 4 2 1 1 349 957 901 1016
2246 4 2 1 1 238 222 928 1038
2247 4 2 1 1 477 895 508 1021
2248 4 2 1 1 915 951 443 971
2249 4 2 1 1 446 406 429 902
2250 4 2 1 1 879 867 909 968
2251 4 2 1 1 886 903 998 1032
2252 4 2 1 1 893 939 375 992
2253 4 2 1 1 238 961 222 1038
2254 4 2 1 1 262 183 159 966
2255 4 2 1 1 516 538 517 923
2256 4 2 1 1 909 941 907 1035
2257 4 2 1 1 225 218 226 1017
2258 4 2 1 1 937 971 445 1000
2259 4 2 1 1 242 1010 1017 1027
2260 4 2 1 1 299 261 884 965
2261 4 2 1 1 880 945 999 1009
2262 4 2 1 1 895 938 968 1031
2263 4 2 1 1 332 932 890 991
2264 4 2 1 1 429 427 902 988
2265 4 2 1 1 382 157 311 912
2266 4 2 1 1 231 315 211 1016
2267 4 2 1 1 259 279 281 935
2268 4 2 1 1 877 910 865 980
2269 4 2 1 1 862 942 898 989
2270 4 2 1 1 250 899 237 933
2271 4 2 1 1 249 901 238 928
2272 4 2 1 1 487 920 530 942
2273 4 2 1 1 891 921 869 1037
2274 4 2 1 1 867 933 889 968
2275 4 2 1 1 882 909 867 941
2276 4 2 1 1 238 928 901 961
2277 4 2 1 1 880 945 426 1003
2278 4 2 1 1 903 949 866 957
2279 4 2 1 1 873 956 882 1000
2280 4 2 1 1 492 487 530 942
2281 4 2 1 1 192 910 955 987
2282 4 2 1 1 869 950 891 989
2283 4 2 1 1 372 402 959 973
2284 4 2 1 1 515 877 980 987
2285 4 2 1 1 440 435 904 960
2286 4 2 1 1 330 916 377 990
2287 4 2 1 1 864 895 968 982
2288 4 2 1 1 166 955 193 962
2289 4 2 1 1 861 876 923 953
2290 4 2 1 1 293 948 905 1008
2291 4 2 1 1 485 919 482 927
2292 4 2 1 1 357 415 305 954
2293 4 2 1 1 262 183 966 973
2294 4 2 1 1 864 930 895 982
2295 4 2 1 1 886 914 892 1013
2296 4 2 1 1 922 972 879 1005
2297 4 2 1 1 889 977 968 1030
2298 4 2 1 1 317 304 277 964
2299 4 2 1 1 489 487 898 1015
2300 4 2 1 1 321 319 320 918
2301 4 2 1 1 381 901 347 935
2302 4 2 1 1 901 935 866 957
2303 4 2 1 1 415 357 410 954
2304 4 2 1 1 860 892 914 1035
2305 4 2 1 1 378 343 892 1013
2306 4 2 1 1 308 358 367 978
2307 4 2 1 1 218 933 226 1017
2308 4 2 1 1 902 951 429 988
2309 4 2 1 1 877 885 969 1026
2310 4 2 1 1 886 903 949 998
2311 4 2 1 1 881 966 188 973
2312 4 2 1 1 284 233 901 961
2313 4 2 1 1 416 882 418 1000
2314 4 2 1 1 351 350 307 888
2315 4 2 1 1 532 1007 533 1011
2316 4 2 1 1 469 554 212 899
2317 4 2 1 1 883 966 264 967
2318 4 2 1 1 414 424 940 1029
2319 4 2 1 1 862 918 893 939
2320 4 2 1 1 238 251 222 961
2321 4 2 1 1 420 424 455 956
2322 4 2 1 1 866 957 935 1025
2323 4 2 1 1 862 898 985 989
2324 4 2 1 1 877 865 910 955
2325 4 2 1 1 881 973 959 1028
2326 4 2 1 1 482 485 479 919
2327 4 2 1 1 167 166 193 962
2328 4 2 1 1 889 924 922 1017
2329 4 2 1 1 952 970 913 981
2330 4 2 1 1 349 901 315 1016
2331 4 2 1 1 863 925 893 943
2332 4 2 1 1 512 887 475 1002
2333 4 2 1 1 239 215 972 986
2334 4 2 1 1 892 941 909 1035
2335 4 2 1 1 475 887 952 981
2336 4 2 1 1 870 954 907 1039
2337 4 2 1 1 907 909 882 941
2338 4 2 1 1 264 948 263 966
2339 4 2 1 1 884 911 866 921
2340 4 2 1 1 861 876 953 970
2341 4 2 1 1 201 944 171 966
2342 4 2 1 1 548 503 469 1010
2343 4 2 1 1 874 865 962 963
2344 4 2 1 1 234 212 247 899
2345 4 2 1 1 347 935 901 957
2346 4 2 1 1 867 917 899 956
2347 4 2 1 1 532 497 896 1011
2348 4 2 1 1 432 234 899 1006
2349 4 2 1 1 408 471 431 917
2350 4 2 1 1 193 962 910 1034
2351 4 2 1 1 903 862 950 998
2352 4 2 1 1 313 410 357 940
2353 4 2 1 1 392 345 369 932
2354 4 2 1 1 386 383 404 1029
2355 4 2 1 1 872 985 898 989
2356 4 2 1 1 207 368 310 946
2357 4 2 1 1 890 932 861 970
2358 4 2 1 1 202 176 177 969
2359 4 2 1 1 505 1027 924 1030
2360 4 2 1 1 430 429 951 988
2361 4 2 1 1 888 949 903 957
2362 4 2 1 1 386 909 342 946
2363 4 2 1 1 221 961 251 1018
2364 4 2 1 1 372 388 182 959
2365 4 2 1 1 155 908 303 1023
2366 4 2 1 1 303 179 360 908
2367 4 2 1 1 339 338 340 1035
2368 4 2 1 1 880 904 988 1009
2369 4 2 1 1 889 1017 1010 1027
2370 4 2 1 1 522 540 464 936
2371 4 2 1 1 883 967 541 979
2372 4 2 1 1 332 330 329 990
2373 4 2 1 1 496 510 936 1020
2374 4 2 1 1 386 341 342 909
2375 4 2 1 1 411 426 945 1003
2376 4 2 1 1 877 999 953 1026
2377 4 2 1 1 450 437 432 899
2378 4 2 1 1 233 211 248 901
2379 4 2 1 1 280 921 299 1014
2380 4 2 1 1 463 521 904 960
2381 4 2 1 1 924 1027 889 1030
2382 4 2 1 1 322 918 323 1032
2383 4 2 1 1 408 466 471 917
2384 4 2 1 1 263 966 881 973
2385 4 2 1 1 367 1008 905 1028
2386 4 2 1 1 869 898 942 989
2387 4 2 1 1 896 920 862 942
2388 4 2 1 1 429 902 406 951
2389 4 2 1 1 453 917 444 956
2390 4 2 1 1 944 966 883 979
2391 4 2 1 1 405 375 331 992
2392 4 2 1 1 439 210 412 1006
2393 4 2 1 1 870 951 915 971
2394 4 2 1 1 193 910 192 987
2395 4 2 1 1 486 996 484 1015
2396 4 2 1 1 187 945 880 1003
2397 4 2 1 1 199 161 959 973
2398 4 2 1 1 165 908 955 962
2399 4 2 1 1 890 914 868 990
2400 4 2 1 1 874 944 894 962
2401 4 2 1 1 239 972 888 986
2402 4 2 1 1 308 367 905 978
2403 4 2 1 1 165 908 189 984
2404 4 2 1 1 880 999 904 1009
2405 4 2 1 1 358 905 367 978
2406 4 2 1 1 238 901 233 961
2407 4 2 1 1 870 907 991 1039
2408 4 2 1 1 264 265 263 948
2409 4 2 1 1 882 956 418 1000
2410 4 2 1 1 882 940 418 956
2411 4 2 1 1 387 403 316 976
2412 4 2 1 1 470 967 557 993
2413 4 2 1 1 312 381 347 935
2414 4 2 1 1 873 1000 937 1004
2415 4 2 1 1 876 997 927 1019
2416 4 2 1 1 888 864 929 949
2417 4 2 1 1 867 968 889 977
2418 4 2 1 1 270 271 269 958
2419 4 2 1 1 891 869 958 1037
2420 4 2 1 1 347 901 349 957
2421 4 2 1 1 193 955 910 962
2422 4 2 1 1 423 960 915 971
2423 4 2 1 1 877 865 953 980
2424 4 2 1 1 473 472 474 952
2425 4 2 1 1 867 941 968 1031
2426 4 2 1 1 541 557 993 1012
2427 4 2 1 1 492 530 532 1007
2428 4 2 1 1 367 905 358 943
2429 4 2 1 1 244 1010 933 1017
2430 4 2 1 1 863 893 925 963
2431 4 2 1 1 322 939 918 1032
2432 4 2 1 1 219 208 464 936
2433 4 2 1 1 477 474 528 952
2434 4 2 1 1 161 372 959 973
2435 4 2 1 1 921 935 866 1014
2436 4 2 1 1 912 969 880 1003
2437 4 2 1 1 897 940 424 1029
2438 4 2 1 1 865 877 953 955
2439 4 2 1 1 180 514 457 910
2440 4 2 1 1 365 434 309 951
2441 4 2 1 1 476 913 479 981
2442 4 2 1 1 350 888 957 1016
2443 4 2 1 1 288 272 290 1001
2444 4 2 1 1 878 888 986 1033
2445 4 2 1 1 498 994 931 1012
2446 4 2 1 1 350 957 888 1022
2447 4 2 1 1 493 494 911 942
2448 4 2 1 1 222 961 251 1038
2449 4 2 1 1 384 367 925 1028
2450 4 2 1 1 890 970 953 1019
2451 4 2 1 1 178 912 382 976
2452 4 2 1 1 886 982 871 998
2453 4 2 1 1 165 167 189 962
2454 4 2 1 1 498 894 994 1012
2455 4 2 1 1 863 905 925 943
2456 4 2 1 1 904 454 988 1009
2457 4 2 1 1 200 926 187 945
2458 4 2 1 1 281 284 298 901
2459 4 2 1 1 896 878 949 1011
2460 4 2 1 1 433 410 313 940
2461 4 2 1 1 922 972 215 986
2462 4 2 1 1 902 861 915 988
2463 4 2 1 1 865 963 927 994
2464 4 2 1 1 216 217 243 922
2465 4 2 1 1 161 372 182 959
2466 4 2 1 1 881 948 883 966
2467 4 2 1 1 963 985 893 997
2468 4 2 1 1 417 971 954 1000
2469 4 2 1 1 889 933 867 977
2470 4 2 1 1 881 944 874 959
2471 4 2 1 1 901 866 935 1014
2472 4 2 1 1 868 886 939 1024
2473 4 2 1 1 860 913 970 974
2474 4 2 1 1 270 958 934 1001
2475 4 2 1 1 243 924 986 1020
2476 4 2 1 1 516 517 515 980
2477 4 2 1 1 887 970 870 995
2478 4 2 1 1 431 917 471 1004
2479 4 2 1 1 532 497 494 896
2480 4 2 1 1 243 986 240 1020
2481 4 2 1 1 175 885 164 1023
2482 4 2 1 1 445 937 422 971
2483 4 2 1 1 526 525 926 945
2484 4 2 1 1 260 266 264 993
2485 4 2 1 1 160 945 187 1003
2486 4 2 1 1 498 894 543 994
2487 4 2 1 1 370 256 275 1008
2488 4 2 1 1 155 165 179 908
2489 4 2 1 1 498 894 979 1034
2490 4 2 1 1 882 941 867 956
2491 4 2 1 1 539 980 531 994
2492 4 2 1 1 265 293 263 948
2493 4 2 1 1 371 402 973 1028
2494 4 2 1 1 485 559 923 980
2495 4 2 1 1 347 935 957 1025
2496 4 2 1 1 439 455 897 1006
2497 4 2 1 1 865 927 963 997
2498 4 2 1 1 405 906 363 925
2499 4 2 1 1 287 884 961 1014
2500 4 2 1 1 183 188 966 973
2501 4 2 1 1 869 921 911 965
2502 4 2 1 1 384 367 359 925
2503 4 2 1 1 373 403 392 902
2504 4 2 1 1 874 962 894 963
2505 4 2 1 1 454 440 904 988
2506 4 2 1 1 288 300 272 921
2507 4 2 1 1 860 914 907 1035
2508 4 2 1 1 457 156 910 1034
2509 4 2 1 1 469 535 554 899
2510 4 2 1 1 875 927 919 997
2511 4 2 1 1 888 929 922 972
2512 4 2 1 1 439 412 455 1006
2513 4 2 1 1 879 909 892 968
2514 4 2 1 1 498 979 509 1034
2515 4 2 1 1 557 470 541 967
2516 4 2 1 1 299 282 261 965
2517 4 2 1 1 237 933 899 1006
2518 4 2 1 1 393 337 954 1039
2519 4 2 1 1 545 547 519 934
2520 4 2 1 1 876 970 913 974
2521 4 2 1 1 863 893 963 985
2522 4 2 1 1 875 920 919 1015
2523 4 2 1 1 300 272 921 1037
2524 4 2 1 1 200 926 194 969
2525 4 2 1 1 287 280 299 1014
2526 4 2 1 1 920 942 487 1015
2527 4 2 1 1 251 961 235 1018
2528 4 2 1 1 477 913 476 952
2529 4 2 1 1 870 915 887 971
2530 4 2 1 1 214 215 922 1005
2531 4 2 1 1 174 536 967 979
2532 4 2 1 1 973 1008 371 1028
2533 4 2 1 1 890 974 970 1019
2534 4 2 1 1 479 913 478 919
2535 4 2 1 1 416 954 882 1000
2536 4 2 1 1 880 945 926 999
2537 4 2 1 1 266 900 948 993
2538 4 2 1 1 862 920 896 998
2539 4 2 1 1 881 944 883 1036
2540 4 2 1 1 875 893 985 997
2541 4 2 1 1 501 899 503 977
2542 4 2 1 1 400 315 381 901
2543 4 2 1 1 170 169 979 1034
2544 4 2 1 1 439 897 236 1006
2545 4 2 1 1 864 968 892 982
2546 4 2 1 1 874 881 959 1028
2547 4 2 1 1 160 184 187 945
2548 4 2 1 1 161 199 188 973
2549 4 2 1 1 530 920 480 1007
2550 4 2 1 1 261 884 537 1018
2551 4 2 1 1 174 158 536 979
2552 4 2 1 1 860 914 892 982
2553 4 2 1 1 323 322 320 918
2554 4 2 1 1 263 973 881 1008
2555 4 2 1 1 518 980 539 994
2556 4 2 1 1 905 975 274 978
2557 4 2 1 1 221 251 235 1018
2558 4 2 1 1 542 181 526 926
2559 4 2 1 1 422 960 423 971
2560 4 2 1 1 422 937 960 971
2561 4 2 1 1 865 953 927 1019
2562 4 2 1 1 340 343 342 909
2563 4 2 1 1 911 936 884 1038
2564 4 2 1 1 193 180 156 910
2565 4 2 1 1 876 913 970 981
2566 4 2 1 1 284 209 233 961
2567 4 2 1 1 221 251 961 1038
2568 4 2 1 1 528 472 500 938
2569 4 2 1 1 267 900 268 975
2570 4 2 1 1 274 905 293 948
2571 4 2 1 1 453 441 437 899
2572 4 2 1 1 895 938 508 1030
2573 4 2 1 1 510 219 936 1020
2574 4 2 1 1 872 918 891 964
2575 4 2 1 1 887 981 475 1002
2576 4 2 1 1 911 921 884 965
2577 4 2 1 1 906 925 893 963
2578 4 2 1 1 876 927 953 1019
2579 4 2 1 1 358 943 905 978
2580 4 2 1 1 498 490 931 994
2581 4 2 1 1 531 927 484 994
2582 4 2 1 1 870 932 915 951
2583 4 2 1 1 903 957 866 1025
2584 4 2 1 1 334 336 916 947
2585 4 2 1 1 330 377 328 990
2586 4 2 1 1 440 904 409 1009
2587 4 2 1 1 874 963 894 1036
2588 4 2 1 1 424 418 940 956
2589 4 2 1 1 164 885 955 1023
2590 4 2 1 1 170 979 894 1034
2591 4 2 1 1 541 993 883 1012
2592 4 2 1 1 210 439 236 1006
2593 4 2 1 1 891 918 872 989
2594 4 2 1 1 227 228 946 1029
2595 4 2 1 1 249 211 238 901
2596 4 2 1 1 221 224 208 936
2597 4 2 1 1 919 920 871 1007
2598 4 2 1 1 364 377 336 916
2599 4 2 1 1 158 169 465 979
2600 4 2 1 1 888 949 929 1022
2601 4 2 1 1 250 212 237 899
2602 4 2 1 1 266 900 267 948
2603 4 2 1 1 175 912 177 969
2604 4 2 1 1 317 318 304 964
2605 4 2 1 1 559 981 923 1002
2606 4 2 1 1 434 365 305 954
2607 4 2 1 1 873 937 887 952
2608 4 2 1 1 881 1008 973 1028
2609 4 2 1 1 345 392 403 902
2610 4 2 1 1 350 888 351 1022
2611 4 2 1 1 941 982 968 1031
2612 4 2 1 1 910 865 980 994
2613 4 2 1 1 896 942 862 950
2614 4 2 1 1 213 225 946 1005
2615 4 2 1 1 462 900 253 993
2616 4 2 1 1 889 1027 1010 1030
2617 4 2 1 1 887 937 873 995
2618 4 2 1 1 432 899 441 1006
2619 4 2 1 1 886 1022 903 1032
2620 4 2 1 1 884 1014 921 1038
2621 4 2 1 1 904 960 521 1002
2622 4 2 1 1 171 185 201 966
2623 4 2 1 1 888 949 878 986
2624 4 2 1 1 558 540 537 884
2625 4 2 1 1 863 948 905 975
2626 4 2 1 1 931 994 894 1012
2627 4 2 1 1 325 375 322 939
2628 4 2 1 1 406 309 434 951
2629 4 2 1 1 508 1021 895 1030
2630 4 2 1 1 931 996 875 1015
2631 4 2 1 1 411 426 425 945
2632 4 2 1 1 496 544 510 1020
2633 4 2 1 1 903 950 949 998
2634 4 2 1 1 305 415 434 954
2635 4 2 1 1 861 953 999 1026
2636 4 2 1 1 521 904 525 1009
2637 4 2 1 1 275 308 905 978
2638 4 2 1 1 368 386 946 1029
2639 4 2 1 1 430 951 915 988
2640 4 2 1 1 927 980 865 994
2641 4 2 1 1 878 1033 936 1038
2642 4 2 1 1 533 1007 930 1011
2643 4 2 1 1 213 207 356 946
2644 4 2 1 1 263 262 966 973
2645 4 2 1 1 513 981 559 1002
2646 4 2 1 1 389 885 344 1023
2647 4 2 1 1 913 982 860 1031
2648 4 2 1 1 530 483 480 920
2649 4 2 1 1 392 391 309 951
2650 4 2 1 1 169 509 979 1034
2651 4 2 1 1 170 894 190 1034
2652 4 2 1 1 510 219 464 936
2653 4 2 1 1 417 443 447 971
2654 4 2 1 1 875 985 963 997
2655 4 2 1 1 345 369 932 947
2656 4 2 1 1 895 982 913 1031
2657 4 2 1 1 414 940 383 1029
2658 4 2 1 1 541 967 536 979
2659 4 2 1 1 262 159 258 966
2660 4 2 1 1 215 972 922 1005
2661 4 2 1 1 349 347 315 901
2662 4 2 1 1 860 892 941 982
2663 4 2 1 1 287 299 261 884
2664 4 2 1 1 484 931 490 994
2665 4 2 1 1 866 921 1014 1038
2666 4 2 1 1 943 964 872 978
2667 4 2 1 1 239 203 241 1016
2668 4 2 1 1 504 1010 1027 1030
2669 4 2 1 1 532 533 497 1011
2670 4 2 1 1 183 188 159 966
2671 4 2 1 1 371 402 372 973
2672 4 2 1 1 325 375 939 992
2673 4 2 1 1 214 1005 922 1017
2674 4 2 1 1 937 971 873 995
2675 4 2 1 1 179 360 908 984
2676 4 2 1 1 556 526 525 926
2677 4 2 1 1 899 977 933 1010
2678 4 2 1 1 913 919 871 1021
2679 4 2 1 1 501 469 503 899
2680 4 2 1 1 170 944 894 979
2681 4 2 1 1 420 453 444 956
2682 4 2 1 1 898 942 920 1015
2683 4 2 1 1 550 911 495 965
2684 4 2 1 1 227 946 897 1029
2685 4 2 1 1 545 900 523 996
2686 4 2 1 1 181 162 526 926
2687 4 2 1 1 883 979 541 1012
2688 4 2 1 1 870 971 887 995
2689 4 2 1 1 968 982 895 1031
2690 4 2 1 1 933 1010 889 1017
2691 4 2 1 1 887 971 937 995
2692 4 2 1 1 910 962 865 994
2693 4 2 1 1 491 549 547 934
2694 4 2 1 1 275 293 905 1008
2695 4 2 1 1 234 237 899 1006
2696 4 2 1 1 520 937 473 960
2697 4 2 1 1 326 990 992 1024
2698 4 2 1 1 365 954 434 1039
2699 4 2 1 1 546 523 545 900
2700 4 2 1 1 512 960 887 1002
2701 4 2 1 1 362 306 959 984
2702 4 2 1 1 514 910 180 987
2703 4 2 1 1 873 952 887 995
2704 4 2 1 1 889 1010 977 1030
2705 4 2 1 1 880 912 902 1026
2706 4 2 1 1 876 953 927 980
2707 4 2 1 1 525 945 468 1009
2708 4 2 1 1 866 911 884 1038
2709 4 2 1 1 901 957 928 1016
2710 4 2 1 1 274 905 948 975
2711 4 2 1 1 888 957 903 1022
2712 4 2 1 1 153 388 306 959
2713 4 2 1 1 352 929 380 1022
2714 4 2 1 1 900 948 863 975
2715 4 2 1 1 537 884 540 1018
2716 4 2 1 1 865 927 997 1019
2717 4 2 1 1 155 165 908 1023
2718 4 2 1 1 971 995 870 1000
2719 4 2 1 1 930 998 896 1007
2720 4 2 1 1 277 304 254 964
2721 4 2 1 1 292 527 462 993
2722 4 2 1 1 414 433 383 940
2723 4 2 1 1 905 943 872 978
2724 4 2 1 1 871 998 930 1007
2725 4 2 1 1 477 508 534 1021
2726 4 2 1 1 275 905 274 978
2727 4 2 1 1 488 931 484 996
2728 4 2 1 1 207 227 228 946
2729 4 2 1 1 284 255 209 961
2730 4 2 1 1 872 975 905 978
2731 4 2 1 1 495 550 493 911
2732 4 2 1 1 558 550 495 965
2733 4 2 1 1 169 509 465 979
2734 4 2 1 1 874 894 944 1036
2735 4 2 1 1 279 901 935 1014
2736 4 2 1 1 891 958 869 989
2737 4 2 1 1 860 970 952 995
2738 4 2 1 1 173 172 191 944
2739 4 2 1 1 883 944 881 966
2740 4 2 1 1 379 380 929 1013
2741 4 2 1 1 277 964 289 1037
2742 4 2 1 1 860 974 914 982
2743 4 2 1 1 323 374 354 1032
2744 4 2 1 1 190 894 962 1034
2745 4 2 1 1 520 473 512 960
2746 4 2 1 1 417 954 416 1000
2747 4 2 1 1 867 933 899 977
2748 4 2 1 1 508 534 1021 1030
2749 4 2 1 1 502 508 938 1030
2750 4 2 1 1 954 971 870 1000
2751 4 2 1 1 365 434 951 1039
2752 4 2 1 1 527 292 260 993
2753 4 2 1 1 906 963 893 997
2754 4 2 1 1 977 1010 504 1030
2755 4 2 1 1 474 477 476 952
2756 4 2 1 1 329 333 332 991
2757 4 2 1 1 520 421 407 937
2758 4 2 1 1 253 900 266 993
2759 4 2 1 1 165 179 908 984
2760 4 2 1 1 866 884 921 1038
2761 4 2 1 1 407 458 520 937
2762 4 2 1 1 902 932 861 947
2763 4 2 1 1 237 212 234 899
2764 4 2 1 1 351 972 929 1022
2765 4 2 1 1 313 383 433 940
2766 4 2 1 1 474 475 473 952
2767 4 2 1 1 376 327 1013 1024
2768 4 2 1 1 343 379 929 1013
2769 4 2 1 1 312 317 277 935
2770 4 2 1 1 376 1013 914 1024
2771 4 2 1 1 220 221 936 1033
2772 4 2 1 1 515 980 910 987
2773 4 2 1 1 171 185 966 967
2774 4 2 1 1 259 312 277 935
2775 4 2 1 1 873 938 917 1004
2776 4 2 1 1 883 948 900 993
2777 4 2 1 1 531 980 927 994
2778 4 2 1 1 866 949 903 950
2779 4 2 1 1 268 267 253 900
2780 4 2 1 1 387 912 344 947
2781 4 2 1 1 534 930 1021 1030
2782 4 2 1 1 931 963 875 985
2783 4 2 1 1 868 890 990 1019
2784 4 2 1 1 321 320 322 918
2785 4 2 1 1 238 211 233 901
2786 4 2 1 1 221 222 251 1038
2787 4 2 1 1 905 948 881 1008
2788 4 2 1 1 177 175 157 912
2789 4 2 1 1 887 915 960 971
2790 4 2 1 1 153 182 388 959
2791 4 2 1 1 287 961 884 1018
2792 4 2 1 1 465 536 158 979
2793 4 2 1 1 235 255 286 961
2794 4 2 1 1 351 888 972 1022
2795 4 2 1 1 892 968 941 982
2796 4 2 1 1 892 378 1013 1035
2797 4 2 1 1 930 1007 896 1011
2798 4 2 1 1 543 894 498 1034
2799 4 2 1 1 486 488 484 996
2800 4 2 1 1 863 985 931 996
2801 4 2 1 1 421 96 520 407
2802 4 2 1 1 407 96 520 458
2803 4 2 1 1 153 959 306 984
2804 4 2 1 1 498 543 490 994
2805 4 2 1 1 454 904 440 1009
2806 4 2 1 1 953 970 876 1019
2807 4 2 1 1 868 939 893 992
2808 4 2 1 1 339 337 338 907
2809 4 2 1 1 862 950 942 989
2810 4 2 1 1 284 301 961 1014
2811 4 2 1 1 376 914 1013 1035
2812 4 2 1 1 934 958 869 1001
2813 4 2 1 1 534 506 930 1030
2814 4 2 1 1 352 379 380 929
2815 4 2 1 1 873 971 937 1000
2816 4 2 1 1 405 331 363 906
2817 4 2 1 1 230 206 456 924
2818 4 2 1 1 319 943 358 978
2819 4 2 1 1 480 479 478 919
2820 4 2 1 1 923 953 877 999
2821 4 2 1 1 275 256 293 1008
2822 4 2 1 1 243 217 240 986
2823 4 2 1 1 236 897 439 1029
2824 4 2 1 1 213 946 356 1005
2825 4 2 1 1 927 953 865 980
2826 4 2 1 1 499 488 996 1012
2827 4 2 1 1 470 260 967 993
2828 4 2 1 1 546 545 462 900
2829 4 2 1 1 537 540 522 1018
2830 4 2 1 1 377 906 331 992
2831 4 2 1 1 376 326 914 990
2832 4 2 1 1 489 898 996 1015
2833 4 2 1 1 162 526 926 945
2834 4 2 1 1 371 1008 367 1028
2835 4 2 1 1 866 1014 901 1038
2836 4 2 1 1 493 492 494 942
2837 4 2 1 1 167 193 190 962
2838 4 2 1 1 888 903 949 1022
2839 4 2 1 1 502 938 977 1030
2840 4 2 1 1 518 994 543 1034
2841 4 2 1 1 432 412 234 1006
2842 4 2 1 1 515 518 910 980
2843 4 2 1 1 885 955 877 969
2844 4 2 1 1 518 539 531 994
2845 4 2 1 1 365 951 309 1039
2846 4 2 1 1 876 923 953 980
2847 4 2 1 1 397 351 307 972
2848 4 2 1 1 165 189 179 984
2849 4 2 1 1 522 208 63 224
2850 4 2 1 1 230 456 551 924
2851 4 2 1 1 50 228 368 207
2852 4 2 1 1 326 992 325 1024
2853 4 2 1 1 200 194 176 969
2854 4 2 1 1 441 432 437 899
2855 4 2 1 1 222 249 238 928
2856 4 2 1 1 894 498 979 1012
2857 4 2 1 1 517 923 559 980
2858 4 2 1 1 442 445 971 1000
2859 4 2 1 1 904 915 861 988
2860 4 2 1 1 356 207 310 946
2861 4 2 1 1 193 910 156 1034
2862 4 2 1 1 267 266 253 900
2863 4 2 1 1 220 222 221 1033
2864 4 2 1 1 422 937 421 960
2865 4 2 1 1 518 910 980 994
2866 4 2 1 1 895 977 938 1030
2867 4 2 1 1 178 177 157 912
2868 4 2 1 1 387 311 344 912
2869 4 2 1 1 342 356 946 1005
2870 4 2 1 1 930 982 871 1021
2871 4 2 1 1 369 334 332 932
2872 4 2 1 1 287 286 961 1018
2873 4 2 1 1 866 928 1033 1038
2874 4 2 1 1 890 953 916 1019
2875 4 2 1 1 913 982 895 1021
2876 4 2 1 1 349 315 394 1016
2877 4 2 1 1 439 897 424 1029
2878 4 2 1 1 171 174 967 979
2879 4 2 1 1 253 292 462 993
2880 4 2 1 1 364 361 908 984
2881 4 2 1 1 404 396 341 940
2882 4 2 1 1 863 963 931 985
2883 4 2 1 1 551 230 924 1027
2884 4 2 1 1 861 902 947 1026
2885 4 2 1 1 412 210 234 1006
2886 4 2 1 1 416 415 410 954
2887 4 2 1 1 209 238 233 961
2888 4 2 1 1 330 334 336 916
2889 4 2 1 1 895 982 930 1021
2890 4 2 1 1 284 961 901 1014
2891 4 2 1 1 162 926 200 945
2892 4 2 1 1 372 402 388 959
2893 4 2 1 1 334 932 369 947
2894 4 2 1 1 526 468 525 945
2895 4 2 1 1 455 424 439 897
2896 4 2 1 1 499 488 523 996
2897 4 2 1 1 866 928 901 957
2898 4 2 1 1 893 868 992 997
2899 4 2 1 1 370 275 76 308
2900 4 2 1 1 273 274 975 978
2901 4 2 1 1 861 904 999 1002
2902 4 2 1 1 287 884 261 1018
2903 4 2 1 1 414 439 424 1029
2904 4 2 1 1 351 929 352 1022
2905 4 2 1 1 235 209 255 961
2906 4 2 1 1 291 964 366 978
2907 4 2 1 1 915 951 902 988
2908 4 2 1 1 382 912 387 976
2909 4 2 1 1 871 982 913 1021
2910 4 2 1 1 488 498 931 1012
2911 4 2 1 1 872 958 891 989
2912 4 2 1 1 239 217 215 986
2913 4 2 1 1 931 985 875 996
2914 4 2 1 1 376 329 326 990
2915 4 2 1 1 226 250 237 933
2916 4 2 1 1 480 483 482 919
2917 4 2 1 1 894 543 994 1034
2918 4 2 1 1 299 921 288 965
2919 4 2 1 1 442 445 422 971
2920 4 2 1 1 874 925 906 963
2921 4 2 1 1 235 961 286 1018
2922 4 2 1 1 430 915 452 988
2923 4 2 1 1 165 164 166 955
2924 4 2 1 1 423 422 421 960
2925 4 2 1 1 359 367 358 943
2926 4 2 1 1 891 958 872 964
2927 4 2 1 1 288 965 921 1001
2928 4 2 1 1 920 942 896 1007
2929 4 2 1 1 237 226 933 1006
2930 4 2 1 1 476 479 529 981
2931 4 2 1 1 470 527 260 993
2932 4 2 1 1 860 941 907 995
2933 4 2 1 1 443 423 915 971
2934 4 2 1 1 267 948 900 975
2935 4 2 1 1 419 418 956 1000
2936 4 2 1 1 512 521 960 1002
2937 4 2 1 1 869 942 950 989
2938 4 2 1 1 544 496 497 1011
2939 4 2 1 1 424 420 418 956
2940 4 2 1 1 476 952 913 981
2941 4 2 1 1 433 418 410 940
2942 4 2 1 1 332 369 932 991
2943 4 2 1 1 887 960 937 971
2944 4 2 1 1 220 936 219 1020
2945 4 2 1 1 284 281 279 901
2946 4 2 1 1 909 941 892 968
2947 4 2 1 1 201 172 171 944
2948 4 2 1 1 546 900 462 993
2949 4 2 1 1 427 428 426 988
2950 4 2 1 1 281 81 259 381
2951 4 2 1 1 81 312 259 381
2952 4 2 1 1 310 368 386 946
2953 4 2 1 1 496 495 494 911
2954 4 2 1 1 365 434 86 309
2955 4 2 1 1 474 476 475 981
2956 4 2 1 1 518 910 994 1034
2957 4 2 1 1 922 1005 879 1017
2958 4 2 1 1 868 992 990 1024
2959 4 2 1 1 388 362 306 959
2960 4 2 1 1 518 515 910 987
2961 4 2 1 1 544 1011 924 1020
2962 4 2 1 1 474 952 476 981
2963 4 2 1 1 869 942 911 950
2964 4 2 1 1 913 974 860 982
2965 4 2 1 1 157 163 23 311
2966 4 2 1 1 896 950 862 998
2967 4 2 1 1 28 160 425 184
2968 4 2 1 1 369 932 335 1039
2969 4 2 1 1 861 999 988 1026
2970 4 2 1 1 205 972 215 1005
2971 4 2 1 1 357 305 395 954
2972 4 2 1 1 474 475 952 981
2973 4 2 1 1 162 200 187 945
2974 4 2 1 1 519 276 294 934
2975 4 2 1 1 871 974 913 982
2976 4 2 1 1 860 982 941 1031
2977 4 2 1 1 519 459 276 934
2978 4 2 1 1 335 991 337 1039
2979 4 2 1 1 275 293 274 905
2980 4 2 1 1 861 953 923 999
2981 4 2 1 1 382 311 387 912
2982 4 2 1 1 338 907 333 1035
2983 4 2 1 1 193 180 910 987
2984 4 2 1 1 300 921 280 1014
2985 4 2 1 1 492 491 487 942
2986 4 2 1 1 210 412 53 439
2987 4 2 1 1 929 972 888 1022
2988 4 2 1 1 350 348 957 1022
2989 4 2 1 1 426 428 454 988
2990 4 2 1 1 217 922 215 986
2991 4 2 1 1 213 207 49 356
2992 4 2 1 1 861 904 988 999
2993 4 2 1 1 544 507 924 1011
2994 4 2 1 1 501 535 469 899
2995 4 2 1 1 364 908 360 984
2996 4 2 1 1 331 377 385 906
2997 4 2 1 1 177 912 976 1003
2998 4 2 1 1 921 1014 300 1037
2999 4 2 1 1 313 357 396 940
3000 4 2 1 1 488 498 490 931
3001 4 2 1 1 265 274 293 948
3002 4 2 1 1 861 988 902 1026
3003 4 2 1 1 868 939 992 1024
3004 4 2 1 1 1013 1024 380 1032
3005 4 2 1 1 931 963 894 994
3006 4 2 1 1 484 531 482 927
3007 4 2 1 1 175 164 163 1023
3008 4 2 1 1 278 300 280 1014
3009 4 2 1 1 347 381 315 901
3010 4 2 1 1 431 98 471 408
3011 4 2 1 1 155 164 165 1023
3012 4 2 1 1 970 974 876 1019
3013 4 2 1 1 448 468 553 945
3014 4 2 1 1 485 517 559 980
3015 4 2 1 1 896 998 920 1007
3016 4 2 1 1 511 549 550 1001
3017 4 2 1 1 875 996 985 1015
3018 4 2 1 1 466 471 98 408
3019 4 2 1 1 901 928 866 1038
3020 4 2 1 1 214 205 215 1005
3021 4 2 1 1 481 530 480 1007
3022 4 2 1 1 213 214 225 1005
3023 4 2 1 1 312 277 80 259
3024 4 2 1 1 317 277 80 312
3025 4 2 1 1 177 912 178 976
3026 4 2 1 1 496 510 464 936
3027 4 2 1 1 487 530 920 1015
3028 4 2 1 1 220 936 1020 1033
3029 4 2 1 1 376 914 326 1024
3030 4 2 1 1 357 415 88 305
3031 4 2 1 1 278 300 1014 1037
3032 4 2 1 1 347 346 935 1025
3033 4 2 1 1 911 942 896 950
3034 4 2 1 1 335 932 369 991
3035 4 2 1 1 337 333 338 907
3036 4 2 1 1 255 287 286 961
3037 4 2 1 1 192 166 168 955
3038 4 2 1 1 175 177 176 969
3039 4 2 1 1 931 996 488 1012
3040 4 2 1 1 861 999 923 1002
3041 4 2 1 1 432 441 412 1006
3042 4 2 1 1 350 354 348 1022
3043 4 2 1 1 332 335 369 991
3044 4 2 1 1 357 88 415 410
3045 4 2 1 1 171 944 170 979
3046 4 2 1 1 435 94 409 463
3047 4 2 1 1 313 89 357 410
3048 4 2 1 1 463 512 521 960
3049 4 2 1 1 183 15 262 159
3050 4 2 1 1 167 173 189 962
3051 4 2 1 1 160 411 28 425
3052 4 2 1 1 524 409 94 463
3053 4 2 1 1 988 999 880 1026
3054 4 2 1 1 484 488 490 931
3055 4 2 1 1 893 992 906 997
3056 4 2 1 1 337 333 907 991
3057 4 2 1 1 408 431 444 917
3058 4 2 1 1 169 465 36 158
3059 4 2 1 1 369 335 391 1039
3060 4 2 1 1 335 337 393 1039
3061 4 2 1 1 860 952 913 1031
3062 4 2 1 1 961 1014 884 1038
3063 4 2 1 1 881 905 1008 1028
3064 4 2 1 1 536 174 37 158
3065 4 2 1 1 157 24 178 382
3066 4 2 1 1 457 156 34 180
3067 4 2 1 1 285 966 185 967
3068 4 2 1 1 351 353 929 972
3069 4 2 1 1 62 464 219 208
3070 4 2 1 1 305 434 87 365
3071 4 2 1 1 887 970 952 981
3072 4 2 1 1 208 63 464 522
3073 4 2 1 1 207 368 50 310
3074 4 2 1 1 364 360 361 984
3075 4 2 1 1 182 199 161 959
3076 4 2 1 1 415 434 87 305
3077 4 2 1 1 894 962 910 994
3078 4 2 1 1 303 908 364 1023
3079 4 2 1 1 908 865 955 962
3080 4 2 1 1 89 313 433 410
3081 4 2 1 1 76 275 370 256
3082 4 2 1 1 339 340 341 909
3083 4 2 1 1 284 901 279 1014
3084 4 2 1 1 476 478 479 913
3085 4 2 1 1 456 544 924 1020
3086 4 2 1 1 454 428 440 988
3087 4 2 1 1 877 969 999 1026
3088 4 2 1 1 285 264 966 967
3089 4 2 1 1 498 465 509 979
3090 4 2 1 1 414 433 90 383
3091 4 2 1 1 395 393 337 954
3092 4 2 1 1 412 441 455 1006
3093 4 2 1 1 423 452 443 915
3094 4 2 1 1 433 313 90 383
3095 4 2 1 1 500 471 466 917
3096 4 2 1 1 227 897 236 1029
3097 4 2 1 1 908 955 885 1023
3098 4 2 1 1 952 970 887 995
3099 4 2 1 1 921 965 869 1001
3100 4 2 1 1 321 358 319 943
3101 4 2 1 1 473 458 472 937
3102 4 2 1 1 913 919 876 974
3103 4 2 1 1 901 961 928 1038
3104 4 2 1 1 518 910 514 987
3105 4 2 1 1 213 225 207 946
3106 4 2 1 1 454 440 409 1009
3107 4 2 1 1 867 941 909 968
3108 4 2 1 1 458 472 937 1004
3109 4 2 1 1 406 86 434 309
3110 4 2 1 1 493 491 492 942
3111 4 2 1 1 179 21 155 303
3112 4 2 1 1 170 190 169 1034
3113 4 2 1 1 457 910 518 1034
3114 4 2 1 1 291 273 964 978
3115 4 2 1 1 331 385 363 906
3116 4 2 1 1 351 353 352 929
3117 4 2 1 1 18 372 388 182
3118 4 2 1 1 421 937 520 960
3119 4 2 1 1 214 215 216 922
3120 4 2 1 1 366 308 291 978
3121 4 2 1 1 335 932 991 1039
3122 4 2 1 1 874 962 908 984
3123 4 2 1 1 898 985 996 1015
3124 4 2 1 1 542 181 31 526
3125 4 2 1 1 920 998 871 1007
3126 4 2 1 1 244 933 218 1017
3127 4 2 1 1 321 375 359 943
3128 4 2 1 1 325 992 939 1024
3129 4 2 1 1 544 507 456 924
3130 4 2 1 1 326 914 990 1024
3131 4 2 1 1 347 957 348 1025
3132 4 2 1 1 531 484 490 994
3133 4 2 1 1 311 163 23 355
3134 4 2 1 1 159 185 258 966
3135 4 2 1 1 345 334 369 947
3136 4 2 1 1 910 955 865 962
3137 4 2 1 1 466 501 500 917
3138 4 2 1 1 513 529 559 981
3139 4 2 1 1 263 262 258 966
3140 4 2 1 1 448 436 468 945
3141 4 2 1 1 511 550 965 1001
3142 4 2 1 1 242 244 218 1017
3143 4 2 1 1 277 254 289 964
3144 4 2 1 1 289 964 958 1037
3145 4 2 1 1 216 214 922 1017
3146 4 2 1 1 355 389 344 1023
3147 4 2 1 1 309 951 391 1039
3148 4 2 1 1 353 972 302 1005
3149 4 2 1 1 471 917 500 1004
3150 4 2 1 1 534 506 533 930
3151 4 2 1 1 342 390 356 1005
3152 4 2 1 1 366 964 319 978
3153 4 2 1 1 376 1013 378 1035
3154 4 2 1 1 274 948 267 975
3155 4 2 1 1 896 949 950 998
3156 4 2 1 1 266 265 264 948
3157 4 2 1 1 518 514 515 987
3158 4 2 1 1 910 962 894 1034
3159 4 2 1 1 464 540 496 936
3160 4 2 1 1 533 1007 481 1021
3161 4 2 1 1 478 913 477 1021
3162 4 2 1 1 916 990 890 1019
3163 4 2 1 1 390 353 302 1005
3164 4 2 1 1 289 271 958 964
3165 4 2 1 1 365 309 391 1039
3166 4 2 1 1 376 327 378 1013
3167 4 2 1 1 162 181 200 926
3168 4 2 1 1 153 191 959 984
3169 4 2 1 1 888 972 922 986
3170 4 2 1 1 326 990 328 992
3171 4 2 1 1 919 920 875 983
3172 4 2 1 1 543 498 509 1034
3173 4 2 1 1 533 930 1007 1021
3174 4 2 1 1 877 955 910 987
3175 4 2 1 1 303 360 364 908
3176 4 2 1 1 282 72 261 467
3177 4 2 1 1 334 344 336 947
3178 4 2 1 1 305 365 393 954
3179 4 2 1 1 515 539 518 980
3180 4 2 1 1 158 170 169 979
3181 4 2 1 1 265 267 274 948
3182 4 2 1 1 442 971 417 1000
3183 4 2 1 1 901 1014 961 1038
3184 4 2 1 1 444 453 408 917
3185 4 2 1 1 53 210 439 236
3186 4 2 1 1 285 258 185 966
3187 4 2 1 1 902 988 880 1026
3188 4 2 1 1 393 954 365 1039
3189 4 2 1 1 230 243 206 924
3190 4 2 1 1 431 444 917 1004
3191 4 2 1 1 230 243 924 1027
3192 4 2 1 1 54 234 412 210
3193 4 2 1 1 219 220 208 936
3194 4 2 1 1 284 301 255 961
3195 4 2 1 1 886 1024 1013 1032
3196 4 2 1 1 353 343 379 929
3197 4 2 1 1 537 261 72 467
3198 4 2 1 1 432 54 234 412
3199 4 2 1 1 291 308 275 978
3200 4 2 1 1 294 519 69 276
3201 4 2 1 1 276 519 69 459
3202 4 2 1 1 477 478 476 913
3203 4 2 1 1 528 502 508 938
3204 4 2 1 1 871 919 913 974
3205 4 2 1 1 483 920 530 1015
3206 4 2 1 1 356 207 49 310
3207 4 2 1 1 173 170 172 944
3208 4 2 1 1 314 371 973 1008
3209 4 2 1 1 427 426 411 1003
3210 4 2 1 1 459 547 549 934
3211 4 2 1 1 168 166 164 955
3212 4 2 1 1 509 465 36 169
3213 4 2 1 1 524 521 525 1009
3214 4 2 1 1 181 194 200 926
3215 4 2 1 1 172 170 171 944
3216 4 2 1 1 465 536 37 158
3217 4 2 1 1 24 157 311 382
3218 4 2 1 1 520 95 421 960
3219 4 2 1 1 193 192 180 987
3220 4 2 1 1 459 934 549 1001
3221 4 2 1 1 467 257 511 965
3222 4 2 1 1 291 78 366 304
3223 4 2 1 1 871 920 919 983
3224 4 2 1 1 414 424 433 940
3225 4 2 1 1 435 421 95 960
3226 4 2 1 1 543 457 518 1034
3227 4 2 1 1 280 288 299 921
3228 4 2 1 1 463 95 520 960
3229 4 2 1 1 372 18 161 182
3230 4 2 1 1 463 435 95 960
3231 4 2 1 1 873 995 971 1000
3232 4 2 1 1 417 434 415 954
3233 4 2 1 1 162 31 181 526
3234 4 2 1 1 495 493 494 911
3235 4 2 1 1 462 292 67 527
3236 4 2 1 1 190 173 167 962
3237 4 2 1 1 928 957 888 1016
3238 4 2 1 1 428 452 440 988
3239 4 2 1 1 317 79 277 304
3240 4 2 1 1 363 384 925 1028
3241 4 2 1 1 240 1020 986 1033
3242 4 2 1 1 312 346 317 935
3243 4 2 1 1 430 429 406 951
3244 4 2 1 1 230 242 243 1027
3245 4 2 1 1 273 275 274 978
3246 4 2 1 1 894 963 931 1036
3247 4 2 1 1 518 457 514 910
3248 4 2 1 1 292 266 260 993
3249 4 2 1 1 465 541 536 979
3250 4 2 1 1 242 204 244 1010
3251 4 2 1 1 209 41 284 233
3252 4 2 1 1 255 40 235 286
3253 4 2 1 1 193 156 190 1034
3254 4 2 1 1 445 407 937 1004
3255 4 2 1 1 284 279 301 1014
3256 4 2 1 1 868 990 914 1024
3257 4 2 1 1 419 416 418 1000
3258 4 2 1 1 326 328 325 992
3259 4 2 1 1 448 184 425 945
3260 4 2 1 1 895 1021 930 1030
3261 4 2 1 1 430 443 452 915
3262 4 2 1 1 878 986 924 1020
3263 4 2 1 1 510 62 464 219
3264 4 2 1 1 903 1022 354 1032
3265 4 2 1 1 204 1010 242 1027
3266 4 2 1 1 303 364 389 1023
3267 4 2 1 1 511 467 71 257
3268 4 2 1 1 240 220 1020 1033
3269 4 2 1 1 873 938 952 1031
3270 4 2 1 1 865 916 953 1019
3271 4 2 1 1 504 1027 505 1030
3272 4 2 1 1 862 983 920 998
3273 4 2 1 1 542 556 516 926
3274 4 2 1 1 180 34 457 514
3275 4 2 1 1 877 953 923 980
3276 4 2 1 1 920 983 871 998
3277 4 2 1 1 291 273 254 964
3278 4 2 1 1 284 255 41 209
3279 4 2 1 1 47 205 302 229
3280 4 2 1 1 499 993 557 1012
3281 4 2 1 1 255 235 40 209
3282 4 2 1 1 229 239 215 972
3283 4 2 1 1 291 366 77 308
3284 4 2 1 1 222 241 928 1033
3285 4 2 1 1 32 154 542 460
3286 4 2 1 1 880 988 904 999
3287 4 2 1 1 366 304 319 964
3288 4 2 1 1 154 192 194 987
3289 4 2 1 1 372 314 371 973
3290 4 2 1 1 181 32 154 542
3291 4 2 1 1 222 1033 928 1038
3292 4 2 1 1 553 197 448 945
3293 4 2 1 1 877 969 926 999
3294 4 2 1 1 380 354 1022 1032
3295 4 2 1 1 282 257 467 965
3296 4 2 1 1 68 462 519 294
3297 4 2 1 1 465 541 979 1012
3298 4 2 1 1 489 545 523 996
3299 4 2 1 1 407 422 445 937
3300 4 2 1 1 266 267 265 948
3301 4 2 1 1 217 216 215 922
3302 4 2 1 1 397 47 302 229
3303 4 2 1 1 910 980 877 987
3304 4 2 1 1 513 512 475 1002
3305 4 2 1 1 860 995 952 1031
3306 4 2 1 1 427 438 976 1003
3307 4 2 1 1 153 189 191 984
3308 4 2 1 1 302 229 205 972
3309 4 2 1 1 886 914 1013 1024
3310 4 2 1 1 269 267 268 975
3311 4 2 1 1 448 197 184 945
3312 4 2 1 1 442 417 416 1000
3313 4 2 1 1 873 995 941 1031
3314 4 2 1 1 429 428 427 988
3315 4 2 1 1 373 446 84 316
3316 4 2 1 1 182 388 19 153
3317 4 2 1 1 306 19 388 153
3318 4 2 1 1 513 475 981 1002
3319 4 2 1 1 894 994 910 1034
3320 4 2 1 1 436 468 945 1009
3321 4 2 1 1 303 179 21 360
3322 4 2 1 1 551 924 505 1027
3323 4 2 1 1 253 266 292 993
3324 4 2 1 1 15 262 159 258
3325 4 2 1 1 206 456 924 1020
3326 4 2 1 1 67 253 292 462
3327 4 2 1 1 504 1010 461 1027
3328 4 2 1 1 340 342 341 909
3329 4 2 1 1 533 534 930 1021
3330 4 2 1 1 533 481 534 1021
3331 4 2 1 1 171 158 174 979
3332 4 2 1 1 350 957 349 1016
3333 4 2 1 1 440 423 435 960
3334 4 2 1 1 387 344 345 947
3335 4 2 1 1 380 1013 327 1024
3336 4 2 1 1 275 291 77 308
3337 4 2 1 1 206 924 243 1020
3338 4 2 1 1 313 404 383 940
3339 4 2 1 1 377 330 336 916
3340 4 2 1 1 471 500 472 1004
3341 4 2 1 1 244 226 218 933
3342 4 2 1 1 279 935 278 1014
3343 4 2 1 1 919 974 871 983
3344 4 2 1 1 363 362 384 1028
3345 4 2 1 1 542 526 556 926
3346 4 2 1 1 225 214 218 1017
3347 4 2 1 1 229 302 397 972
3348 4 2 1 1 287 961 301 1014
3349 4 2 1 1 273 271 254 964
3350 4 2 1 1 378 379 343 1013
3351 4 2 1 1 382 387 316 976
3352 4 2 1 1 467 282 71 257
3353 4 2 1 1 79 254 277 304
3354 4 2 1 1 926 969 880 999
3355 4 2 1 1 458 407 97 1004
3356 4 2 1 1 278 1014 935 1037
3357 4 2 1 1 419 420 444 956
3358 4 2 1 1 417 415 416 954
3359 4 2 1 1 370 314 75 1008
3360 4 2 1 1 502 528 500 938
3361 4 2 1 1 429 430 428 988
3362 4 2 1 1 312 347 346 935
3363 4 2 1 1 237 252 226 1006
3364 4 2 1 1 462 68 253 294
3365 4 2 1 1 517 538 559 923
3366 4 2 1 1 289 254 271 964
3367 4 2 1 1 70 459 511 1001
3368 4 2 1 1 222 223 241 1033
3369 4 2 1 1 263 283 973 1008
3370 4 2 1 1 430 452 428 988
3371 4 2 1 1 78 291 254 304
3372 4 2 1 1 75 314 283 1008
3373 4 2 1 1 177 976 186 1003
3374 4 2 1 1 377 331 328 992
3375 4 2 1 1 366 319 358 978
3376 4 2 1 1 278 279 259 935
3377 4 2 1 1 407 458 937 1004
3378 4 2 1 1 541 470 536 967
3379 4 2 1 1 865 963 906 997
3380 4 2 1 1 426 436 945 1009
3381 4 2 1 1 489 996 486 1015
3382 4 2 1 1 362 388 402 959
3383 4 2 1 1 277 278 935 1037
3384 4 2 1 1 526 553 468 945
3385 4 2 1 1 878 1020 936 1033
3386 4 2 1 1 465 979 498 1012
3387 4 2 1 1 354 374 348 1025
3388 4 2 1 1 304 318 319 964
3389 4 2 1 1 935 1014 921 1037
3390 4 2 1 1 551 456 505 924
3391 4 2 1 1 460 516 515 987
3392 4 2 1 1 338 333 376 1035
3393 4 2 1 1 225 227 207 946
3394 4 2 1 1 236 252 210 1006
3395 4 2 1 1 912 947 902 1026
3396 4 2 1 1 547 459 519 934
3397 4 2 1 1 380 1024 324 1032
3398 4 2 1 1 397 203 46 229
3399 4 2 1 1 276 934 459 1001
3400 4 2 1 1 324 325 939 1024
3401 4 2 1 1 531 485 482 927
3402 4 2 1 1 276 459 70 1001
3403 4 2 1 1 885 947 912 1026
3404 4 2 1 1 471 458 97 1004
3405 4 2 1 1 259 277 278 935
3406 4 2 1 1 958 964 891 1037
3407 4 2 1 1 244 250 933 1010
3408 4 2 1 1 407 431 97 1004
3409 4 2 1 1 342 356 310 946
3410 4 2 1 1 249 928 241 1016
3411 4 2 1 1 362 959 402 1028
3412 4 2 1 1 885 912 969 1026
3413 4 2 1 1 465 498 541 1012
3414 4 2 1 1 174 185 171 967
3415 4 2 1 1 446 413 84 316
3416 4 2 1 1 424 418 433 940
3417 4 2 1 1 168 176 194 969
3418 4 2 1 1 520 458 473 937
3419 4 2 1 1 347 348 346 1025
3420 4 2 1 1 361 306 362 984
3421 4 2 1 1 443 422 423 971
3422 4 2 1 1 273 274 269 975
3423 4 2 1 1 986 1020 878 1033
3424 4 2 1 1 405 384 359 925
3425 4 2 1 1 371 367 384 1028
3426 4 2 1 1 912 880 969 1026
3427 4 2 1 1 347 349 348 957
3428 4 2 1 1 397 46 203 307
3429 4 2 1 1 438 411 27 1003
3430 4 2 1 1 470 557 527 993
3431 4 2 1 1 420 419 418 956
3432 4 2 1 1 508 506 534 1030
3433 4 2 1 1 505 456 507 924
3434 4 2 1 1 892 1013 914 1035
3435 4 2 1 1 405 363 384 925
3436 4 2 1 1 202 160 187 1003
3437 4 2 1 1 932 951 870 1039
3438 4 2 1 1 860 941 995 1031
3439 4 2 1 1 174 536 195 967
3440 4 2 1 1 314 973 283 1008
3441 4 2 1 1 471 97 431 1004
3442 4 2 1 1 240 986 223 1033
3443 4 2 1 1 256 370 75 1008
3444 4 2 1 1 411 160 27 1003
3445 4 2 1 1 179 153 20 984
3446 4 2 1 1 75 283 256 1008
3447 4 2 1 1 153 306 20 984
3448 4 2 1 1 294 276 268 934
3449 4 2 1 1 413 427 438 976
3450 4 2 1 1 255 301 287 961
3451 4 2 1 1 489 486 487 1015
3452 4 2 1 1 224 221 235 1018
3453 4 2 1 1 511 965 257 1001
3454 4 2 1 1 251 209 235 961
3455 4 2 1 1 539 517 485 980
3456 4 2 1 1 487 483 530 1015
3457 4 2 1 1 186 177 178 976
3458 4 2 1 1 285 260 264 967
3459 4 2 1 1 502 977 504 1030
3460 4 2 1 1 296 537 552 1018
3461 4 2 1 1 449 246 236 1029
3462 4 2 1 1 297 555 260 967
3463 4 2 1 1 153 191 182 959
3464 4 2 1 1 288 280 300 921
3465 4 2 1 1 371 370 367 1008
3466 4 2 1 1 159 188 201 966
3467 4 2 1 1 159 201 185 966
3468 4 2 1 1 376 326 327 1024
3469 4 2 1 1 426 454 436 1009
3470 4 2 1 1 195 536 555 967
3471 4 2 1 1 483 486 484 1015
3472 4 2 1 1 479 480 482 919
3473 4 2 1 1 206 243 240 1020
3474 4 2 1 1 178 382 196 976
3475 4 2 1 1 502 504 508 1030
3476 4 2 1 1 215 205 229 972
3477 4 2 1 1 302 972 205 1005
3478 4 2 1 1 434 447 406 951
3479 4 2 1 1 451 401 413 976
3480 4 2 1 1 70 511 257 1001
3481 4 2 1 1 220 219 240 1020
3482 4 2 1 1 395 305 393 954
3483 4 2 1 1 407 421 422 937
3484 4 2 1 1 431 445 444 1004
3485 4 2 1 1 436 425 426 945
3486 4 2 1 1 368 383 386 1029
3487 4 2 1 1 186 438 27 1003
3488 4 2 1 1 227 236 228 1029
3489 4 2 1 1 258 264 263 966
3490 4 2 1 1 168 175 176 969
3491 4 2 1 1 337 335 333 991
3492 4 2 1 1 541 499 557 1012
3493 4 2 1 1 931 963 863 1036
3494 4 2 1 1 154 460 33 987
3495 4 2 1 1 880 999 969 1026
3496 4 2 1 1 276 270 268 934
3497 4 2 1 1 322 324 325 939
3498 4 2 1 1 283 262 263 973
3499 4 2 1 1 348 349 350 957
3500 4 2 1 1 353 379 352 929
3501 4 2 1 1 196 382 401 976
3502 4 2 1 1 501 503 502 977
3503 4 2 1 1 195 297 285 967
3504 4 2 1 1 261 537 296 1018
3505 4 2 1 1 555 470 260 967
3506 4 2 1 1 352 380 354 1022
3507 4 2 1 1 870 991 932 1039
3508 4 2 1 1 221 208 220 936
3509 4 2 1 1 236 439 449 1029
3510 4 2 1 1 285 264 258 966
3511 4 2 1 1 538 521 513 1002
3512 4 2 1 1 324 380 327 1024
3513 4 2 1 1 352 350 351 1022
3514 4 2 1 1 310 386 342 946
3515 4 2 1 1 245 522 224 1018
3516 4 2 1 1 154 33 180 987
3517 4 2 1 1 933 977 889 1010
3518 4 2 1 1 456 206 61 1020
3519 4 2 1 1 241 249 222 928
3520 4 2 1 1 276 70 257 1001
3521 4 2 1 1 503 504 977 1010
3522 4 2 1 1 358 308 366 978
3523 4 2 1 1 299 288 282 965
3524 4 2 1 1 413 401 316 976
3525 4 2 1 1 944 979 883 1036
3526 4 2 1 1 285 185 195 967
3527 4 2 1 1 183 161 188 973
3528 4 2 1 1 399 283 314 973
3529 4 2 1 1 295 183 262 973
3530 4 2 1 1 873 952 995 1031
3531 4 2 1 1 186 27 160 1003
3532 4 2 1 1 198 399 17 372
3533 4 2 1 1 197 553 30 526
3534 4 2 1 1 198 183 295 973
3535 4 2 1 1 324 326 325 1024
3536 4 2 1 1 246 236 52 449
3537 4 2 1 1 451 438 196 976
3538 4 2 1 1 179 20 360 984
3539 4 2 1 1 244 250 226 933
3540 4 2 1 1 478 477 534 1021
3541 4 2 1 1 209 251 238 961
3542 4 2 1 1 511 459 549 1001
3543 4 2 1 1 162 187 184 945
3544 4 2 1 1 245 552 522 1018
3545 4 2 1 1 280 287 301 1014
3546 4 2 1 1 396 404 313 940
3547 4 2 1 1 324 1024 939 1032
3548 4 2 1 1 499 546 557 993
3549 4 2 1 1 414 398 449 1029
3550 4 2 1 1 438 186 196 976
3551 4 2 1 1 894 979 944 1036
3552 4 2 1 1 414 383 398 1029
3553 4 2 1 1 924 1011 878 1020
3554 4 2 1 1 520 512 463 960
3555 4 2 1 1 306 360 20 984
3556 4 2 1 1 257 965 288 1001
3557 4 2 1 1 286 287 261 1018
3558 4 2 1 1 231 249 241 1016
3559 4 2 1 1 527 546 462 993
3560 4 2 1 1 399 295 283 973
3561 4 2 1 1 296 73 552 537
3562 4 2 1 1 513 475 529 981
3563 4 2 1 1 186 976 438 1003
3564 4 2 1 1 158 171 170 979
3565 4 2 1 1 244 232 250 1010
3566 4 2 1 1 206 219 61 1020
3567 4 2 1 1 177 186 202 1003
3568 4 2 1 1 318 346 374 1025
3569 4 2 1 1 894 1012 979 1036
3570 4 2 1 1 236 439 52 449
3571 4 2 1 1 456 61 510 1020
3572 4 2 1 1 427 411 438 1003
3573 4 2 1 1 240 223 220 1033
3574 4 2 1 1 161 198 17 372
3575 4 2 1 1 162 197 30 526
3576 4 2 1 1 979 1012 883 1036
3577 4 2 1 1 504 461 505 1027
3578 4 2 1 1 321 359 358 943
3579 4 2 1 1 239 223 217 986
3580 4 2 1 1 413 451 83 401
3581 4 2 1 1 272 271 270 958
3582 4 2 1 1 448 425 436 945
3583 4 2 1 1 550 467 511 965
3584 4 2 1 1 184 425 29 448
3585 4 2 1 1 558 467 550 965
3586 4 2 1 1 325 331 375 992
3587 4 2 1 1 297 555 65 260
3588 4 2 1 1 263 293 256 1008
3589 4 2 1 1 458 471 472 1004
3590 4 2 1 1 533 532 481 1007
3591 4 2 1 1 503 461 504 1010
3592 4 2 1 1 248 43 400 315
3593 4 2 1 1 217 223 240 986
3594 4 2 1 1 38 195 174 536
3595 4 2 1 1 196 178 25 382
3596 4 2 1 1 73 296 261 537
3597 4 2 1 1 871 1007 930 1021
3598 4 2 1 1 224 64 522 245
3599 4 2 1 1 409 524 93 1009
3600 4 2 1 1 894 931 1012 1036
3601 4 2 1 1 510 61 219 1020
3602 4 2 1 1 514 180 33 987
3603 4 2 1 1 345 344 334 947
3604 4 2 1 1 197 162 184 945
3605 4 2 1 1 514 33 460 987
3606 4 2 1 1 262 295 16 183
3607 4 2 1 1 381 281 82 400
3608 4 2 1 1 518 490 543 994
3609 4 2 1 1 490 518 531 994
3610 4 2 1 1 468 93 524 1009
3611 4 2 1 1 29 184 448 197
3612 4 2 1 1 295 198 16 183
3613 4 2 1 1 228 51 368 1029
3614 4 2 1 1 456 510 544 1020
3615 4 2 1 1 216 218 214 1017
3616 4 2 1 1 232 204 58 1010
3617 4 2 1 1 316 413 83 401
3618 4 2 1 1 523 486 489 996
3619 4 2 1 1 195 38 555 536
3620 4 2 1 1 401 196 25 382
3621 4 2 1 1 435 423 421 960
3622 4 2 1 1 505 506 504 1030
3623 4 2 1 1 288 257 282 965
3624 4 2 1 1 245 64 522 552
3625 4 2 1 1 260 555 65 470
3626 4 2 1 1 232 58 548 1010
3627 4 2 1 1 512 513 521 1002
3628 4 2 1 1 442 443 417 971
3629 4 2 1 1 263 256 283 1008
3630 4 2 1 1 468 436 93 1009
3631 4 2 1 1 205 48 302 1005
3632 4 2 1 1 354 380 323 1032
3633 4 2 1 1 216 242 218 1017
3634 4 2 1 1 43 248 211 315
3635 4 2 1 1 539 515 517 980
3636 4 2 1 1 58 204 461 1010
3637 4 2 1 1 447 430 406 951
3638 4 2 1 1 298 82 281 400
3639 4 2 1 1 553 448 92 468
3640 4 2 1 1 329 330 328 990
3641 4 2 1 1 530 481 532 1007
3642 4 2 1 1 280 279 278 1014
3643 4 2 1 1 351 302 353 972
3644 4 2 1 1 332 333 335 991
3645 4 2 1 1 234 210 237 1006
3646 4 2 1 1 534 481 478 1021
3647 4 2 1 1 204 59 461 1027
3648 4 2 1 1 380 379 327 1013
3649 4 2 1 1 228 246 51 1029
3650 4 2 1 1 273 291 275 978
3651 4 2 1 1 204 230 59 1027
3652 4 2 1 1 368 51 398 1029
3653 4 2 1 1 445 431 407 1004
3654 4 2 1 1 338 378 340 1035
3655 4 2 1 1 436 92 448 468
3656 4 2 1 1 555 297 195 967
3657 4 2 1 1 48 205 213 1005
3658 4 2 1 1 289 958 272 1037
3659 4 2 1 1 939 1024 886 1032
3660 4 2 1 1 203 45 231 1016
3661 4 2 1 1 179 189 153 984
3662 4 2 1 1 398 414 91 383
3663 4 2 1 1 449 414 91 398
3664 4 2 1 1 350 349 307 1016
3665 4 2 1 1 26 196 451 438
3666 4 2 1 1 269 274 267 975
3667 4 2 1 1 58 461 548 1010
3668 4 2 1 1 535 100 554 450
3669 4 2 1 1 409 93 436 1009
3670 4 2 1 1 203 307 45 1016
3671 4 2 1 1 529 475 476 981
3672 4 2 1 1 26 196 438 186
3673 4 2 1 1 442 419 445 1000
3674 4 2 1 1 195 297 13 285
3675 4 2 1 1 100 535 437 450
3676 4 2 1 1 248 298 42 233
3677 4 2 1 1 246 398 51 1029
3678 4 2 1 1 284 42 298 233
3679 4 2 1 1 286 296 39 1018
3680 4 2 1 1 45 394 231 1016
3681 4 2 1 1 185 195 13 285
3682 4 2 1 1 257 288 290 1001
3683 4 2 1 1 198 295 399 973
3684 4 2 1 1 488 486 523 996
3685 4 2 1 1 196 401 451 976
3686 4 2 1 1 205 214 213 1005
3687 4 2 1 1 35 169 156 1034
3688 4 2 1 1 222 220 223 1033
3689 4 2 1 1 271 272 289 958
3690 4 2 1 1 283 314 74 399
3691 4 2 1 1 35 509 169 1034
3692 4 2 1 1 323 380 324 1032
3693 4 2 1 1 199 182 191 959
3694 4 2 1 1 204 461 1010 1027
3695 4 2 1 1 356 48 213 1005
3696 4 2 1 1 551 59 230 1027
3697 4 2 1 1 552 537 522 1018
3698 4 2 1 1 314 370 371 1008
3699 4 2 1 1 326 329 328 990
3700 4 2 1 1 488 499 498 1012
3701 4 2 1 1 533 507 497 1011
3702 4 2 1 1 300 289 272 1037
3703 4 2 1 1 22 163 155 1023
3704 4 2 1 1 277 289 278 1037
3705 4 2 1 1 35 156 457 1034
3706 4 2 1 1 74 283 399 295
3707 4 2 1 1 163 164 155 1023
3708 4 2 1 1 394 45 307 1016
3709 4 2 1 1 504 502 503 977
3710 4 2 1 1 356 302 48 1005
3711 4 2 1 1 449 439 414 1029
3712 4 2 1 1 245 39 296 1018
3713 4 2 1 1 325 328 331 992
3714 4 2 1 1 163 22 355 1023
3715 4 2 1 1 59 551 461 1027
3716 4 2 1 1 520 95 96 421
3717 4 2 1 1 80 81 312 259
3718 4 2 1 1 555 536 470 967
3719 4 2 1 1 399 314 372 973
3720 4 2 1 1 154 32 33 460
3721 4 2 1 1 22 155 303 1023
3722 4 2 1 1 401 382 316 976
3723 4 2 1 1 180 192 154 987
3724 4 2 1 1 407 97 96 458
3725 4 2 1 1 97 98 471 431
3726 4 2 1 1 203 231 241 1016
3727 4 2 1 1 439 52 53 236
3728 4 2 1 1 257 290 276 1001
3729 4 2 1 1 442 422 443 971
3730 4 2 1 1 435 95 94 463
3731 4 2 1 1 72 73 261 537
3732 4 2 1 1 350 352 354 1022
3733 4 2 1 1 376 378 338 1035
3734 4 2 1 1 162 30 31 526
3735 4 2 1 1 161 17 18 372
3736 4 2 1 1 378 327 379 1013
3737 4 2 1 1 525 468 524 1009
3738 4 2 1 1 204 242 230 1027
3739 4 2 1 1 302 351 397 972
3740 4 2 1 1 77 76 275 308
3741 4 2 1 1 35 457 509 1034
3742 4 2 1 1 157 23 24 311
3743 4 2 1 1 465 37 36 158
3744 4 2 1 1 63 64 522 224
3745 4 2 1 1 51 50 228 368
3746 4 2 1 1 276 69 70 459
3747 4 2 1 1 67 68 253 462
3748 4 2 1 1 361 360 306 984
3749 4 2 1 1 185 174 195 967
3750 4 2 1 1 414 90 91 383
3751 4 2 1 1 48 47 205 302
3752 4 2 1 1 58 59 461 204
3753 4 2 1 1 260 285 297 967
3754 4 2 1 1 552 245 296 1018
3755 4 2 1 1 234 55 54 432
3756 4 2 1 1 306 20 19 153
3757 4 2 1 1 79 78 254 304
3758 4 2 1 1 411 28 27 160
3759 4 2 1 1 425 29 28 184
3760 4 2 1 1 409 94 93 524
3761 4 2 1 1 370 75 76 256
3762 4 2 1 1 98 99 466 408
3763 4 2 1 1 509 36 35 169
3764 4 2 1 1 190 156 169 1034
3765 4 2 1 1 406 85 86 309
3766 4 2 1 1 436 93 92 468
3767 4 2 1 1 207 50 49 310
3768 4 2 1 1 464 62 63 208
3769 4 2 1 1 413 83 84 316
3770 4 2 1 1 451 413 438 976
3771 4 2 1 1 419 442 416 1000
3772 4 2 1 1 260 65 66 470
3773 4 2 1 1 449 398 246 1029
3774 4 2 1 1 483 487 486 1015
3775 4 2 1 1 57 56 212 469
3776 4 2 1 1 44 43 211 315
3777 4 2 1 1 346 348 374 1025
3778 4 2 1 1 183 198 161 973
3779 4 2 1 1 515 514 460 987
3780 4 2 1 1 262 16 15 183
3781 4 2 1 1 61 60 206 456
3782 4 2 1 1 303 355 22 1023
3783 4 2 1 1 438 27 26 186
3784 4 2 1 1 89 88 357 410
3785 4 2 1 1 535 99 100 437
3786 4 2 1 1 232 244 204 1010
3787 4 2 1 1 281 82 81 381
3788 4 2 1 1 284 41 42 233
3789 4 2 1 1 40 39 235 286
3790 4 2 1 1 498 499 541 1012
3791 4 2 1 1 302 356 390 1005
3792 4 2 1 1 37 38 174 536
3793 4 2 1 1 327 326 324 1024
3794 4 2 1 1 178 24 25 382
3795 4 2 1 1 13 14 185 285
3796 4 2 1 1 283 295 262 973
3797 4 2 1 1 196 186 178 976
3798 4 2 1 1 412 53 54 210
3799 4 2 1 1 548 461 503 1010
3800 4 2 1 1 206 240 219 1020
3801 4 2 1 1 87 88 415 305
3802 4 2 1 1 34 35 156 457
3803 4 2 1 1 33 34 180 514
3804 4 2 1 1 506 508 504 1030
3805 4 2 1 1 90 89 313 433
3806 4 2 1 1 163 22 23 355
3807 4 2 1 1 255 40 41 209
3808 4 2 1 1 544 497 507 1011
3809 4 2 1 1 362 402 384 1028
3810 4 2 1 1 434 86 87 365
3811 4 2 1 1 552 245 5 296
3812 4 2 1 1 449 12 246 398
3813 4 2 1 1 8 247 554 450
3814 4 2 1 1 400 298 11 248
3815 4 2 1 1 297 1 555 195
3816 4 2 1 1 4 448 553 197
3817 4 2 1 1 9 399 198 295
3818 4 2 1 1 451 196 10 401
3819 4 2 1 1 546 527 557 993
3820 4 2 1 1 181 31 32 542
3821 4 2 1 1 179 20 21 360
3822 4 2 1 1 186 160 202 1003
3823 4 2 1 1 409 436 454 1009
3824 4 2 1 1 388 19 18 182
3825 4 2 1 1 384 402 371 1028
3826 4 2 1 1 314 74 75 283
3827 4 2 1 1 203 46 45 307
3828 4 2 1 1 213 49 48 356
3829 4 2 1 1 159 14 15 258
3830 4 2 1 1 155 21 22 303
3831 4 2 1 1 280 301 279 1014
3832 4 2 1 1 511 71 70 257
3833 4 2 1 1 277 80 79 317
3834 4 2 1 1 510 61 62 219
3835 4 2 1 1 282 71 72 467
3836 4 2 1 1 210 252 237 1006
3837 4 2 1 1 391 335 393 1039
3838 4 2 1 1 349 394 307 1016
3839 4 2 1 1 393 365 391 1039
3840 4 2 1 1 286 261 296 1018
3841 4 2 1 1 551 505 461 1027
3842 4 2 1 1 300 278 289 1037
3843 4 2 1 1 69 68 519 294
3844 4 2 1 1 303 389 355 1023
3845 4 2 1 1 509 457 543 1034
3846 4 2 1 1 246 228 236 1029
3847 4 2 1 1 245 224 235 1018
3848 4 2 1 1 368 398 383 1029
3849 4 2 1 1 245 5 64 552
3850 4 2 1 1 12 51 246 398
3851 4 2 1 1 247 8 55 450
3852 4 2 1 1 555 1 38 195
3853 4 2 1 1 448 4 29 197
3854 4 2 1 1 198 16 9 295
3855 4 2 1 1 196 25 10 401
3856 4 2 1 1 551 59 60 230
3857 4 2 1 1 548 57 58 232
3858 4 2 1 1 298 11 82 400
3859 4 2 1 1 77 78 366 291
3860 4 2 1 1 9 74 399 295
3861 4 2 1 1 66 67 292 527
3862 4 2 1 1 397 46 47 229
3863 4 2 1 1 45 44 231 394
3864 4 2 1 1 449 91 12 398
3865 4 2 1 1 298 42 11 248
3866 4 2 1 1 196 10 26 451
3867 4 2 1 1 555 65 1 297
3868 4 2 1 1 10 83 451 401
3869 4 2 1 1 246 52 12 449
3870 4 2 1 1 245 39 5 296
3871 4 2 1 1 13 1 297 195
3872 4 2 1 1 92 4 448 553
3873 4 2 1 1 100 8 554 450
3874 4 2 1 1 5 73 552 296
3875 4 2 1 1 247 56 8 554
3876 4 2 1 1 11 43 400 248
3877 4 2 1 1 553 30 4 197
3878 4 2 1 1 399 17 9 198
3879 4 2 1 1 84 85 446 373
3880 4 2 1 1 999 516 877 923
3881 4 2 1 1 999 877 516 926
3882 4 2 1 1 917 535 501 899
3883 4 2 1 1 917 501 535 466
3884 4 2 1 1 1011 494 496 497
3885 4 2 1 1 1011 496 494 911
3886 4 2 1 1 1023 175 157 163
3887 4 2 1 1 1023 157 175 885
3888 4 2 1 1 1039 417 870 954
3889 4 2 1 1 1039 870 417 951
3890 4 2 1 1 1023 311 344 355
3891 4 2 1 1 1023 344 311 885
3892 4 2 1 1 951 373 392 902
3893 4 2 1 1 951 392 373 309
3894 4 2 1 1 1032 1025 354 903
3895 4 2 1 1 1032 354 1025 374
3896 4 2 1 1 1017 243 922 216
3897 4 2 1 1 1017 922 243 924
3898 4 2 1 1 975 270 268 269
3899 4 2 1 1 975 268 270 934
3900 4 2 1 1 991 860 914 907
3901 4 2 1 1 991 914 860 890
3902 4 2 1 1 981 559 876 529
3903 4 2 1 1 981 876 559 923
3904 4 2 1 1 485 876 559 529
3905 4 2 1 1 485 559 876 923
3906 4 2 1 1 1019 906 865 916
3907 4 2 1 1 1019 865 906 997
3908 4 2 1 1 463 1009 521 524
3909 4 2 1 1 521 1009 463 904
3910 4 2 1 1 1018 540 936 884
3911 4 2 1 1 1018 936 540 522
3912 4 2 1 1 955 916 953 865
3913 4 2 1 1 955 953 916 885
3914 4 2 1 1 1006 227 236 252
3915 4 2 1 1 1006 236 227 897
3916 4 2 1 1 948 1036 900 863
3917 4 2 1 1 900 1036 948 883
3918 4 2 1 1 375 925 992 405
3919 4 2 1 1 992 925 375 893
3920 4 2 1 1 969 187 202 176
3921 4 2 1 1 969 202 187 880
3922 4 2 1 1 1018 1038 936 221
3923 4 2 1 1 936 1038 1018 884
3924 4 2 1 1 993 541 967 557
3925 4 2 1 1 993 967 541 883
3926 4 2 1 1 930 949 998 864
3927 4 2 1 1 998 949 930 896
3928 4 2 1 1 993 264 948 266
3929 4 2 1 1 993 948 264 883
3930 4 2 1 1 1032 929 380 1013
3931 4 2 1 1 1032 380 929 1022
3932 4 2 1 1 934 489 491 898
3933 4 2 1 1 934 491 489 547
3934 4 2 1 1 1003 988 426 880
3935 4 2 1 1 1003 426 988 427
3936 4 2 1 1 994 875 484 931
3937 4 2 1 1 994 484 875 927
3938 4 2 1 1 990 332 991 329
3939 4 2 1 1 990 991 332 890
3940 4 2 1 1 443 951 430 447
3941 4 2 1 1 430 951 443 915
3942 4 2 1 1 1023 364 916 908
3943 4 2 1 1 1023 916 364 389
3944 4 2 1 1 991 970 932 890
3945 4 2 1 1 991 932 970 870
3946 4 2 1 1 1008 308 367 905
3947 4 2 1 1 1008 367 308 370
3948 4 2 1 1 915 1002 960 904
3949 4 2 1 1 960 1002 915 887
3950 4 2 1 1 272 1001 270 290
3951 4 2 1 1 270 1001 272 958
3952 4 2 1 1 1035 941 860 892
3953 4 2 1 1 1035 860 941 907
3954 4 2 1 1 446 316 902 413
3955 4 2 1 1 902 316 446 373
3956 4 2 1 1 1033 888 241 928
3957 4 2 1 1 1033 241 888 986
3958 4 2 1 1 231 315 44 211
3959 4 2 1 1 44 315 231 394
3960 4 2 1 1 962 166 165 167
3961 4 2 1 1 962 165 166 955
3962 4 2 1 1 199 944 191 172
3963 4 2 1 1 199 191 944 959
3964 4 2 1 1 469 232 57 548
3965 4 2 1 1 57 232 469 212
3966 4 2 1 1 1031 867 873 938
3967 4 2 1 1 1031 873 867 941
3968 4 2 1 1 272 1037 1001 921
3969 4 2 1 1 272 1001 1037 958
3970 4 2 1 1 869 1001 1037 921
3971 4 2 1 1 869 1037 1001 958
3972 4 2 1 1 1033 221 1038 222
3973 4 2 1 1 1033 1038 221 936
3974 4 2 1 1 1011 506 533 507
3975 4 2 1 1 1011 533 506 930
3976 4 2 1 1 554 212 56 469
3977 4 2 1 1 554 56 212 247
3978 4 2 1 1 248 315 901 211
3979 4 2 1 1 901 315 248 400
3980 4 2 1 1 930 1030 864 895
3981 4 2 1 1 930 864 1030 889
3982 4 2 1 1 968 864 1030 895
3983 4 2 1 1 968 1030 864 889
3984 4 2 1 1 373 406 85 446
3985 4 2 1 1 85 406 373 309
3986 4 2 1 1 903 1022 1025 354
3987 4 2 1 1 903 1025 1022 957
3988 4 2 1 1 348 1025 1022 354
3989 4 2 1 1 348 1022 1025 957
3990 4 2 1 1 991 990 333 914
3991 4 2 1 1 991 333 990 329
3992 4 2 1 1 376 333 990 914
3993 4 2 1 1 376 990 333 329
3994 4 2 1 1 466 437 99 535
3995 4 2 1 1 99 437 466 408
3996 4 2 1 1 291 304 964 254
3997 4 2 1 1 964 304 291 366
3998 4 2 1 1 980 531 485 539
3999 4 2 1 1 980 485 531 927
4000 4 2 1 1 270 1001 276 290
4001 4 2 1 1 276 1001 270 934
4002 4 2 1 1 1039 369 951 391
4003 4 2 1 1 1039 951 369 932
4004 4 2 1 1 392 951 369 391
4005 4 2 1 1 392 369 951 932
4006 4 2 1 1 527 260 66 470
4007 4 2 1 1 527 66 260 292
4008 4 2 1 1 432 247 55 450
4009 4 2 1 1 432 55 247 234
4010 4 2 1 1 258 185 14 285
4011 4 2 1 1 258 14 185 159
4012 4 2 1 1 1032 322 324 323
4013 4 2 1 1 1032 324 322 939
4014 4 2 1 1 559 1002 538 513
4015 4 2 1 1 538 1002 559 923
4016 4 2 1 1 230 456 60 551
4017 4 2 1 1 60 456 230 206
4018 4 2 1 1 197 526 945 553
4019 4 2 1 1 945 526 197 162
4020 4 2 1 1 198 372 973 399
4021 4 2 1 1 973 372 198 161
4022 4 2 1 1 1018 39 235 245
4023 4 2 1 1 1018 235 39 286
4024 4 2 2 2 582 1104 1071 1143
4025 4 2 2 2 1081 654 1098 1099
4026 4 2 2 2 1088 1119 1049 1161
4027 4 2 2 2 1062 1072 785 1151
4028 4 2 2 2 1064 1106 1073 1161
4029 4 2 2 2 1040 1102 1063 1116
4030 4 2 2 2 724 1059 725 1103
4031 4 2 2 2 1119 1150 1049 1161
4032 4 2 2 2 1063 1102 1058 1116
4033 4 2 2 2 328 1106 1064 1161
4034 4 2 2 2 755 1130 753 1197
4035 4 2 2 2 806 855 603 1075
4036 4 2 2 2 755 1081 1130 1197
4037 4 2 2 2 1134 1145 1070 1170
4038 4 2 2 2 1070 1170 1145 1175
4039 4 2 2 2 1040 1058 1102 1116
4040 4 2 2 2 785 1072 1062 1130
4041 4 2 2 2 1055 1080 384 1092
4042 4 2 2 2 855 843 603 1075
4043 4 2 2 2 1040 1063 1057 1135
4044 4 2 2 2 1062 785 1093 1151
4045 4 2 2 2 725 724 723 1059
4046 4 2 2 2 1057 1063 1040 1102
4047 4 2 2 2 645 1098 654 1099
4048 4 2 2 2 1059 1128 1076 1179
4049 4 2 2 2 826 1102 1057 1124
4050 4 2 2 2 1059 1050 1128 1179
4051 4 2 2 2 384 1092 1080 1194
4052 4 2 2 2 828 1102 1053 1120
4053 4 2 2 2 390 1107 1085 1183
4054 4 2 2 2 334 1150 1119 1161
4055 4 2 2 2 1093 1133 1062 1151
4056 4 2 2 2 581 1051 1104 1143
4057 4 2 2 2 334 1119 1088 1161
4058 4 2 2 2 1050 1059 1117 1179
4059 4 2 2 2 1076 1117 1059 1179
4060 4 2 2 2 806 1075 603 1196
4061 4 2 2 2 1045 1133 1093 1151
4062 4 2 2 2 724 1059 1103 1193
4063 4 2 2 2 1040 1100 1057 1102
4064 4 2 2 2 582 1071 1104 1136
4065 4 2 2 2 328 1073 1106 1161
4066 4 2 2 2 678 1121 1050 1128
4067 4 2 2 2 645 1082 1098 1099
4068 4 2 2 2 371 1055 384 1092
4069 4 2 2 2 725 1103 1059 1156
4070 4 2 2 2 390 1085 1126 1183
4071 4 2 2 2 829 1058 1102 1120
4072 4 2 2 2 724 1103 1083 1193
4073 4 2 2 2 1057 1046 1075 1105
4074 4 2 2 2 1069 1095 321 1180
4075 4 2 2 2 321 1095 1069 1132
4076 4 2 2 2 1057 1075 1046 1129
4077 4 2 2 2 1096 1138 1061 1165
4078 4 2 2 2 694 370 1092 1101
4079 4 2 2 2 748 1096 1065 1141
4080 4 2 2 2 754 1114 1081 1197
4081 4 2 2 2 1057 1102 825 1129
4082 4 2 2 2 678 1112 1050 1137
4083 4 2 2 2 566 664 1079 1101
4084 4 2 2 2 725 1059 723 1156
4085 4 2 2 2 753 1114 754 1197
4086 4 2 2 2 714 811 1057 1124
4087 4 2 2 2 581 1051 590 1104
4088 4 2 2 2 1057 1102 1100 1124
4089 4 2 2 2 625 1081 654 1098
4090 4 2 2 2 581 1051 598 1169
4091 4 2 2 2 1072 1062 1133 1151
4092 4 2 2 2 590 1104 1051 1169
4093 4 2 2 2 829 1102 828 1120
4094 4 2 2 2 384 1080 1055 1118
4095 4 2 2 2 594 603 843 1075
4096 4 2 2 2 748 1096 1141 1215
4097 4 2 2 2 825 1057 826 1102
4098 4 2 2 2 328 325 1064 1106
4099 4 2 2 2 757 1072 1130 1191
4100 4 2 2 2 755 753 754 1197
4101 4 2 2 2 1071 1104 1051 1143
4102 4 2 2 2 1059 1121 1185 1193
4103 4 2 2 2 321 1132 1069 1194
4104 4 2 2 2 755 754 1081 1197
4105 4 2 2 2 680 678 706 1112
4106 4 2 2 2 1069 1180 321 1194
4107 4 2 2 2 581 1104 582 1143
4108 4 2 2 2 714 1057 811 1178
4109 4 2 2 2 753 1076 1114 1197
4110 4 2 2 2 1061 1096 1045 1151
4111 4 2 2 2 1058 1120 1094 1142
4112 4 2 2 2 1069 1080 1048 1092
4113 4 2 2 2 329 1161 1088 1201
4114 4 2 2 2 753 1130 1076 1197
4115 4 2 2 2 1063 1116 1058 1218
4116 4 2 2 2 1077 1078 577 1143
4117 4 2 2 2 1058 1044 1120 1142
4118 4 2 2 2 577 1078 1077 1123
4119 4 2 2 2 1048 1092 1080 1167
4120 4 2 2 2 388 372 596 1154
4121 4 2 2 2 828 1053 848 1120
4122 4 2 2 2 748 1065 1096 1160
4123 4 2 2 2 682 1083 1185 1193
4124 4 2 2 2 1070 1134 1049 1145
4125 4 2 2 2 369 1119 1115 1218
4126 4 2 2 2 743 1100 1061 1111
4127 4 2 2 2 402 384 371 1055
4128 4 2 2 2 682 1083 1144 1185
4129 4 2 2 2 1048 1080 1069 1166
4130 4 2 2 2 384 362 1118 1154
4131 4 2 2 2 1084 1112 346 1147
4132 4 2 2 2 572 1101 1079 1187
4133 4 2 2 2 832 825 1102 1129
4134 4 2 2 2 380 1091 1067 1106
4135 4 2 2 2 785 729 1062 1093
4136 4 2 2 2 1061 1096 1044 1138
4137 4 2 2 2 645 632 1082 1099
4138 4 2 2 2 566 1079 572 1101
4139 4 2 2 2 1084 1112 1179 1211
4140 4 2 2 2 1058 1120 1044 1138
4141 4 2 2 2 1067 1062 1117 1207
4142 4 2 2 2 346 1112 1137 1147
4143 4 2 2 2 1044 1138 1096 1165
4144 4 2 2 2 1044 1058 1138 1142
4145 4 2 2 2 832 1102 1063 1129
4146 4 2 2 2 570 566 668 1174
4147 4 2 2 2 619 1098 1082 1126
4148 4 2 2 2 678 1050 1121 1137
4149 4 2 2 2 1049 1145 1134 1170
4150 4 2 2 2 378 338 1107 1149
4151 4 2 2 2 334 336 1150 1161
4152 4 2 2 2 743 742 1100 1111
4153 4 2 2 2 358 321 1180 1194
4154 4 2 2 2 1060 1107 338 1149
4155 4 2 2 2 830 829 828 1120
4156 4 2 2 2 598 1051 1143 1157
4157 4 2 2 2 785 1062 728 1130
4158 4 2 2 2 728 1130 1062 1156
4159 4 2 2 2 1055 1092 371 1101
4160 4 2 2 2 675 682 1144 1185
4161 4 2 2 2 826 1057 811 1124
4162 4 2 2 2 670 1079 664 1101
4163 4 2 2 2 1043 1090 1074 1181
4164 4 2 2 2 1112 1128 1050 1179
4165 4 2 2 2 1042 1099 1081 1192
4166 4 2 2 2 1047 1072 1133 1165
4167 4 2 2 2 1128 1179 1112 1211
4168 4 2 2 2 780 1093 1061 1110
4169 4 2 2 2 634 1082 397 1126
4170 4 2 2 2 634 397 1082 1148
4171 4 2 2 2 1071 1046 1104 1136
4172 4 2 2 2 848 1120 1053 1186
4173 4 2 2 2 1061 1045 1093 1151
4174 4 2 2 2 328 1073 326 1106
4175 4 2 2 2 721 855 806 1075
4176 4 2 2 2 1081 1099 1098 1192
4177 4 2 2 2 329 332 1088 1161
4178 4 2 2 2 1067 1109 1062 1207
4179 4 2 2 2 380 1067 324 1106
4180 4 2 2 2 322 1132 1106 1198
4181 4 2 2 2 1088 1161 1073 1201
4182 4 2 2 2 1063 1058 1153 1218
4183 4 2 2 2 590 1051 581 1169
4184 4 2 2 2 1059 1076 1128 1209
4185 4 2 2 2 1051 1104 1071 1171
4186 4 2 2 2 594 603 1075 1196
4187 4 2 2 2 384 1118 1055 1154
4188 4 2 2 2 318 346 1137 1147
4189 4 2 2 2 821 1129 1087 1184
4190 4 2 2 2 742 1053 1100 1111
4191 4 2 2 2 738 1061 743 1100
4192 4 2 2 2 1040 1053 1100 1102
4193 4 2 2 2 723 1059 724 1193
4194 4 2 2 2 742 1100 1053 1124
4195 4 2 2 2 1077 1089 385 1118
4196 4 2 2 2 1092 1167 1048 1168
4197 4 2 2 2 773 1174 1127 1195
4198 4 2 2 2 1096 1151 748 1160
4199 4 2 2 2 1041 1117 1095 1121
4200 4 2 2 2 670 1079 1101 1168
4201 4 2 2 2 380 354 323 1067
4202 4 2 2 2 1040 1088 1073 1116
4203 4 2 2 2 1093 1163 1110 1200
4204 4 2 2 2 830 828 848 1120
4205 4 2 2 2 1059 1117 1041 1121
4206 4 2 2 2 403 1115 345 1119
4207 4 2 2 2 334 336 1119 1150
4208 4 2 2 2 372 568 596 1154
4209 4 2 2 2 334 1088 330 1161
4210 4 2 2 2 387 1115 403 1119
4211 4 2 2 2 848 1053 828 1186
4212 4 2 2 2 1045 1096 1061 1165
4213 4 2 2 2 682 1185 1121 1193
4214 4 2 2 2 1084 1112 1050 1179
4215 4 2 2 2 1058 337 1116 1142
4216 4 2 2 2 785 728 759 1130
4217 4 2 2 2 332 329 1088 1201
4218 4 2 2 2 798 742 1053 1124
4219 4 2 2 2 1040 1116 1073 1163
4220 4 2 2 2 822 1129 821 1184
4221 4 2 2 2 1063 1115 1119 1218
4222 4 2 2 2 354 1067 380 1113
4223 4 2 2 2 1053 1102 828 1124
4224 4 2 2 2 598 1051 581 1143
4225 4 2 2 2 1046 1063 1119 1135
4226 4 2 2 2 675 1121 682 1185
4227 4 2 2 2 1050 1137 1112 1147
4228 4 2 2 2 661 1127 773 1174
4229 4 2 2 2 362 384 402 1154
4230 4 2 2 2 402 1055 371 1101
4231 4 2 2 2 1042 1067 1117 1147
4232 4 2 2 2 714 1057 796 1124
4233 4 2 2 2 323 1067 354 1147
4234 4 2 2 2 832 825 827 1102
4235 4 2 2 2 1043 1074 1122 1181
4236 4 2 2 2 645 654 632 1099
4237 4 2 2 2 319 321 1095 1180
4238 4 2 2 2 1058 1102 1063 1153
4239 4 2 2 2 1094 1120 1044 1142
4240 4 2 2 2 780 1061 1093 1151
4241 4 2 2 2 322 325 1106 1132
4242 4 2 2 2 757 1160 1072 1191
4243 4 2 2 2 1072 1047 1133 1192
4244 4 2 2 2 1059 1121 1041 1185
4245 4 2 2 2 338 1107 1060 1142
4246 4 2 2 2 759 1130 728 1156
4247 4 2 2 2 669 1079 1127 1174
4248 4 2 2 2 1047 1096 1072 1165
4249 4 2 2 2 384 1055 402 1154
4250 4 2 2 2 309 1063 833 1153
4251 4 2 2 2 387 403 345 1119
4252 4 2 2 2 738 780 1061 1110
4253 4 2 2 2 1084 1099 1042 1113
4254 4 2 2 2 640 685 1086 1164
4255 4 2 2 2 1071 1104 1046 1171
4256 4 2 2 2 1098 1099 1082 1192
4257 4 2 2 2 574 1055 1101 1187
4258 4 2 2 2 390 343 1107 1183
4259 4 2 2 2 1055 1080 1092 1167
4260 4 2 2 2 397 1082 351 1126
4261 4 2 2 2 338 1116 337 1142
4262 4 2 2 2 822 1075 1129 1184
4263 4 2 2 2 354 1067 1113 1147
4264 4 2 2 2 1057 1046 1105 1135
4265 4 2 2 2 645 632 649 1082
4266 4 2 2 2 346 348 1084 1147
4267 4 2 2 2 1095 1117 1067 1147
4268 4 2 2 2 324 1067 323 1198
4269 4 2 2 2 358 321 319 1180
4270 4 2 2 2 826 825 811 1057
4271 4 2 2 2 590 581 598 1169
4272 4 2 2 2 338 1060 1116 1142
4273 4 2 2 2 323 324 380 1067
4274 4 2 2 2 757 1130 756 1191
4275 4 2 2 2 640 665 685 1164
4276 4 2 2 2 1067 1091 380 1113
4277 4 2 2 2 1055 1167 1092 1168
4278 4 2 2 2 1050 1095 1117 1121
4279 4 2 2 2 1082 1042 1099 1113
4280 4 2 2 2 619 645 1082 1098
4281 4 2 2 2 833 1063 309 1115
4282 4 2 2 2 1057 1105 1075 1178
4283 4 2 2 2 334 330 336 1161
4284 4 2 2 2 1103 1166 1155 1185
4285 4 2 2 2 630 642 656 1114
4286 4 2 2 2 643 1131 1056 1140
4287 4 2 2 2 387 1087 1115 1119
4288 4 2 2 2 637 1081 712 1114
4289 4 2 2 2 1063 1040 1116 1218
4290 4 2 2 2 751 753 1076 1108
4291 4 2 2 2 669 1127 661 1174
4292 4 2 2 2 611 642 637 1114
4293 4 2 2 2 582 1104 607 1136
4294 4 2 2 2 642 1099 1081 1114
4295 4 2 2 2 798 1053 742 1186
4296 4 2 2 2 1042 1147 1117 1179
4297 4 2 2 2 661 773 789 1174
4298 4 2 2 2 1100 1102 1053 1124
4299 4 2 2 2 728 1062 729 1146
4300 4 2 2 2 1075 1129 1057 1178
4301 4 2 2 2 728 1062 1146 1156
4302 4 2 2 2 729 728 785 1062
4303 4 2 2 2 1041 1069 1132 1166
4304 4 2 2 2 1050 1059 1128 1209
4305 4 2 2 2 337 1142 1058 1202
4306 4 2 2 2 756 1130 1081 1191
4307 4 2 2 2 601 1078 577 1123
4308 4 2 2 2 664 668 566 1174
4309 4 2 2 2 1088 1119 1063 1135
4310 4 2 2 2 1099 1113 1084 1148
4311 4 2 2 2 676 675 1069 1121
4312 4 2 2 2 713 662 771 1083
4313 4 2 2 2 325 1064 375 1212
4314 4 2 2 2 738 780 743 1061
4315 4 2 2 2 738 1061 1100 1110
4316 4 2 2 2 598 1051 1157 1169
4317 4 2 2 2 361 1077 385 1118
4318 4 2 2 2 773 789 1174 1195
4319 4 2 2 2 582 581 590 1104
4320 4 2 2 2 345 392 369 1115
4321 4 2 2 2 1053 1102 1058 1120
4322 4 2 2 2 607 1136 1104 1184
4323 4 2 2 2 329 330 332 1161
4324 4 2 2 2 1051 1169 1105 1190
4325 4 2 2 2 1064 1106 325 1132
4326 4 2 2 2 1053 1124 828 1186
4327 4 2 2 2 643 1125 1131 1140
4328 4 2 2 2 630 1099 642 1114
4329 4 2 2 2 1041 1069 1095 1132
4330 4 2 2 2 601 1078 1123 1172
4331 4 2 2 2 642 1081 637 1114
4332 4 2 2 2 699 1083 1127 1144
4333 4 2 2 2 345 1115 369 1119
4334 4 2 2 2 664 566 1079 1174
4335 4 2 2 2 1046 1063 1115 1119
4336 4 2 2 2 380 327 1091 1106
4337 4 2 2 2 694 370 308 1217
4338 4 2 2 2 347 1084 1086 1112
4339 4 2 2 2 1082 1113 1099 1148
4340 4 2 2 2 721 1075 806 1196
4341 4 2 2 2 714 796 1057 1178
4342 4 2 2 2 330 1088 332 1161
4343 4 2 2 2 721 818 855 1075
4344 4 2 2 2 724 763 1083 1155
4345 4 2 2 2 322 1106 324 1198
4346 4 2 2 2 1045 1062 1093 1133
4347 4 2 2 2 767 1068 711 1159
4348 4 2 2 2 1040 1057 1100 1176
4349 4 2 2 2 1070 1100 1040 1110
4350 4 2 2 2 643 1140 1056 1158
4351 4 2 2 2 387 1087 1119 1136
4352 4 2 2 2 1041 1059 1103 1117
4353 4 2 2 2 325 331 328 1064
4354 4 2 2 2 574 1101 1055 1154
4355 4 2 2 2 1064 331 1089 1212
4356 4 2 2 2 798 1100 742 1124
4357 4 2 2 2 1063 1115 851 1129
4358 4 2 2 2 1077 1089 1043 1145
4359 4 2 2 2 372 1101 568 1154
4360 4 2 2 2 643 1056 1131 1158
4361 4 2 2 2 1054 1093 1110 1200
4362 4 2 2 2 602 1071 582 1136
4363 4 2 2 2 1052 1084 1179 1211
4364 4 2 2 2 375 1064 1132 1212
4365 4 2 2 2 1073 1088 1040 1134
4366 4 2 2 2 379 1091 378 1107
4367 4 2 2 2 625 654 645 1098
4368 4 2 2 2 1053 1111 1097 1120
4369 4 2 2 2 1071 1150 1145 1171
4370 4 2 2 2 318 1137 1095 1147
4371 4 2 2 2 644 1177 647 1216
4372 4 2 2 2 724 726 763 1155
4373 4 2 2 2 391 1063 309 1153
4374 4 2 2 2 1073 1163 1116 1201
4375 4 2 2 2 656 630 1114 1213
4376 4 2 2 2 832 831 1063 1102
4377 4 2 2 2 378 1107 1091 1149
4378 4 2 2 2 1043 1208 1089 1212
4379 4 2 2 2 1062 1109 1067 1133
4380 4 2 2 2 1081 1130 1072 1191
4381 4 2 2 2 757 1072 785 1130
4382 4 2 2 2 347 346 1084 1112
4383 4 2 2 2 324 1106 1067 1198
4384 4 2 2 2 1040 1102 1058 1138
4385 4 2 2 2 1069 1092 1048 1144
4386 4 2 2 2 1059 682 1121 1193
4387 4 2 2 2 370 694 1092 1217
4388 4 2 2 2 818 843 855 1075
4389 4 2 2 2 1044 1066 1125 1162
4390 4 2 2 2 699 682 1083 1144
4391 4 2 2 2 1049 1145 1150 1171
4392 4 2 2 2 1044 1125 1056 1162
4393 4 2 2 2 1079 1055 1101 1168
4394 4 2 2 2 1040 1135 1057 1176
4395 4 2 2 2 847 1058 829 1120
4396 4 2 2 2 851 1063 833 1115
4397 4 2 2 2 809 1181 1122 1199
4398 4 2 2 2 392 369 1115 1218
4399 4 2 2 2 574 1101 572 1187
4400 4 2 2 2 351 1082 397 1148
4401 4 2 2 2 800 798 742 1186
4402 4 2 2 2 832 1063 851 1129
4403 4 2 2 2 748 1151 1096 1215
4404 4 2 2 2 729 1062 1093 1146
4405 4 2 2 2 1068 1043 1078 1123
4406 4 2 2 2 393 1058 337 1116
4407 4 2 2 2 1041 1166 1103 1185
4408 4 2 2 2 1060 1138 1044 1165
4409 4 2 2 2 626 1131 1125 1189
4410 4 2 2 2 328 326 325 1106
4411 4 2 2 2 706 1112 678 1137
4412 4 2 2 2 1063 1102 831 1153
4413 4 2 2 2 656 1114 628 1213
4414 4 2 2 2 594 569 603 1196
4415 4 2 2 2 1040 1100 1070 1176
4416 4 2 2 2 342 1085 390 1107
4417 4 2 2 2 1075 1105 807 1178
4418 4 2 2 2 649 619 645 1082
4419 4 2 2 2 738 743 742 1100
4420 4 2 2 2 338 1116 1060 1201
4421 4 2 2 2 1063 1129 1057 1135
4422 4 2 2 2 347 1086 381 1112
4423 4 2 2 2 843 594 1075 1184
4424 4 2 2 2 1042 1081 1130 1192
4425 4 2 2 2 601 1123 576 1172
4426 4 2 2 2 1052 1164 1114 1213
4427 4 2 2 2 825 1057 1129 1178
4428 4 2 2 2 1072 1096 1047 1160
4429 4 2 2 2 1143 1145 1071 1150
4430 4 2 2 2 1053 1102 1040 1138
4431 4 2 2 2 1064 1161 1073 1170
4432 4 2 2 2 1068 1078 1043 1181
4433 4 2 2 2 751 752 753 1108
4434 4 2 2 2 767 1122 1068 1195
4435 4 2 2 2 1074 1090 1043 1208
4436 4 2 2 2 372 388 402 1154
4437 4 2 2 2 1105 1176 750 1178
4438 4 2 2 2 356 1085 612 1126
4439 4 2 2 2 773 774 789 1195
4440 4 2 2 2 1066 1094 1044 1188
4441 4 2 2 2 675 676 1069 1144
4442 4 2 2 2 1074 1155 1103 1166
4443 4 2 2 2 821 1115 1087 1129
4444 4 2 2 2 767 711 1068 1172
4445 4 2 2 2 1127 1174 1079 1195
4446 4 2 2 2 1042 1113 1067 1147
4447 4 2 2 2 1138 1163 1061 1165
4448 4 2 2 2 1094 1142 1044 1188
4449 4 2 2 2 827 825 826 1102
4450 4 2 2 2 630 1099 1114 1213
4451 4 2 2 2 851 832 833 1063
4452 4 2 2 2 807 1075 793 1105
4453 4 2 2 2 572 1079 571 1187
4454 4 2 2 2 743 1111 1061 1215
4455 4 2 2 2 1085 1107 1047 1183
4456 4 2 2 2 384 1080 1118 1212
4457 4 2 2 2 654 1081 642 1099
4458 4 2 2 2 370 371 1092 1101
4459 4 2 2 2 1072 1130 1081 1192
4460 4 2 2 2 797 750 776 1176
4461 4 2 2 2 322 325 324 1106
4462 4 2 2 2 699 1127 674 1144
4463 4 2 2 2 723 1156 1059 1173
4464 4 2 2 2 1041 1062 1103 1109
4465 4 2 2 2 644 1098 1177 1216
4466 4 2 2 2 1042 1117 1062 1130
4467 4 2 2 2 1043 1078 1077 1145
4468 4 2 2 2 1055 1101 402 1154
4469 4 2 2 2 580 582 1071 1143
4470 4 2 2 2 1061 1110 1093 1163
4471 4 2 2 2 1106 1198 1132 1207
4472 4 2 2 2 780 1061 1151 1215
4473 4 2 2 2 755 1081 756 1130
4474 4 2 2 2 669 696 1127 1168
4475 4 2 2 2 1067 1109 1045 1133
4476 4 2 2 2 375 1064 325 1132
4477 4 2 2 2 1085 1047 1126 1183
4478 4 2 2 2 749 1105 1169 1190
4479 4 2 2 2 370 314 371 1101
4480 4 2 2 2 1060 1163 1138 1165
4481 4 2 2 2 1065 1047 1096 1160
4482 4 2 2 2 795 1065 748 1160
4483 4 2 2 2 379 1091 1107 1183
4484 4 2 2 2 1041 1103 1074 1109
4485 4 2 2 2 372 402 1101 1154
4486 4 2 2 2 628 1114 1164 1213
4487 4 2 2 2 1078 1157 1090 1181
4488 4 2 2 2 784 1151 1072 1160
4489 4 2 2 2 798 1124 1053 1186
4490 4 2 2 2 797 750 1176 1178
4491 4 2 2 2 1089 1208 1064 1212
4492 4 2 2 2 1044 1111 1053 1120
4493 4 2 2 2 602 580 582 1071
4494 4 2 2 2 596 568 574 1154
4495 4 2 2 2 352 1082 350 1113
4496 4 2 2 2 1043 1080 1208 1212
4497 4 2 2 2 699 675 682 1144
4498 4 2 2 2 318 374 346 1147
4499 4 2 2 2 811 1057 825 1178
4500 4 2 2 2 1043 1145 1089 1170
4501 4 2 2 2 356 390 1085 1126
4502 4 2 2 2 784 785 1072 1151
4503 4 2 2 2 613 665 640 1164
4504 4 2 2 2 714 770 852 1124
4505 4 2 2 2 713 687 1083 1127
4506 4 2 2 2 711 1159 1068 1172
4507 4 2 2 2 1063 1088 1040 1218
4508 4 2 2 2 759 778 1076 1156
4509 4 2 2 2 1061 1040 1100 1110
4510 4 2 2 2 593 691 664 1101
4511 4 2 2 2 361 364 385 1077
4512 4 2 2 2 1063 1102 1057 1129
4513 4 2 2 2 346 348 347 1084
4514 4 2 2 2 809 1122 1074 1199
4515 4 2 2 2 824 1129 1075 1178
4516 4 2 2 2 1087 1129 1046 1184
4517 4 2 2 2 859 837 1131 1152
4518 4 2 2 2 797 1057 796 1178
4519 4 2 2 2 1045 1163 1093 1200
4520 4 2 2 2 823 821 822 1129
4521 4 2 2 2 859 1131 837 1162
4522 4 2 2 2 669 1127 1079 1168
4523 4 2 2 2 387 1087 403 1115
4524 4 2 2 2 1041 1103 1062 1117
4525 4 2 2 2 767 1068 1159 1195
4526 4 2 2 2 1077 1078 1043 1123
4527 4 2 2 2 351 1126 1082 1183
4528 4 2 2 2 735 1110 1070 1175
4529 4 2 2 2 784 748 1151 1160
4530 4 2 2 2 1093 1110 780 1210
4531 4 2 2 2 1050 1117 1059 1121
4532 4 2 2 2 312 347 381 1112
4533 4 2 2 2 1103 1117 1059 1156
4534 4 2 2 2 649 634 619 1082
4535 4 2 2 2 598 1143 584 1157
4536 4 2 2 2 1050 1112 1084 1147
4537 4 2 2 2 1050 1128 1121 1209
4538 4 2 2 2 757 784 785 1072
4539 4 2 2 2 1074 1181 1090 1199
4540 4 2 2 2 829 1102 1058 1153
4541 4 2 2 2 1123 1154 575 1187
4542 4 2 2 2 1061 1040 1110 1163
4543 4 2 2 2 1050 1117 1095 1147
4544 4 2 2 2 381 1086 692 1112
4545 4 2 2 2 1071 1119 344 1150
4546 4 2 2 2 759 1076 1130 1156
4547 4 2 2 2 1053 1058 1102 1138
4548 4 2 2 2 1067 1106 1045 1207
4549 4 2 2 2 713 687 662 1083
4550 4 2 2 2 1061 1093 1045 1163
4551 4 2 2 2 351 397 307 1148
4552 4 2 2 2 1056 1131 1125 1140
4553 4 2 2 2 579 1077 577 1143
4554 4 2 2 2 829 1153 1058 1202
4555 4 2 2 2 801 746 1097 1111
4556 4 2 2 2 1051 1145 1070 1171
4557 4 2 2 2 318 1095 320 1147
4558 4 2 2 2 1044 1096 1061 1111
4559 4 2 2 2 1042 1084 1147 1179
4560 4 2 2 2 753 759 778 1076
4561 4 2 2 2 1044 1056 1125 1141
4562 4 2 2 2 747 748 795 1065
4563 4 2 2 2 1067 1045 1109 1207
4564 4 2 2 2 655 1125 643 1140
4565 4 2 2 2 1057 1135 1105 1176
4566 4 2 2 2 1046 1115 1087 1119
4567 4 2 2 2 1040 1070 1135 1176
4568 4 2 2 2 1116 1163 1060 1201
4569 4 2 2 2 619 644 1098 1126
4570 4 2 2 2 694 308 658 1217
4571 4 2 2 2 397 351 302 1126
4572 4 2 2 2 757 755 756 1130
4573 4 2 2 2 1078 1172 1157 1181
4574 4 2 2 2 807 1105 750 1178
4575 4 2 2 2 1086 1112 1084 1211
4576 4 2 2 2 1080 1092 1069 1194
4577 4 2 2 2 1044 1097 1111 1120
4578 4 2 2 2 1042 1076 1117 1130
4579 4 2 2 2 1044 1182 1066 1188
4580 4 2 2 2 748 1065 747 1141
4581 4 2 2 2 568 1101 574 1154
4582 4 2 2 2 749 1169 794 1190
4583 4 2 2 2 1041 1103 1059 1185
4584 4 2 2 2 732 1093 785 1151
4585 4 2 2 2 807 793 750 1105
4586 4 2 2 2 1090 1157 769 1181
4587 4 2 2 2 374 318 320 1147
4588 4 2 2 2 673 1144 1092 1217
4589 4 2 2 2 1103 1155 1083 1185
4590 4 2 2 2 1049 1070 1145 1171
4591 4 2 2 2 1100 1111 1053 1138
4592 4 2 2 2 1040 1070 1110 1134
4593 4 2 2 2 343 342 390 1107
4594 4 2 2 2 1064 1170 1073 1200
4595 4 2 2 2 1063 1119 1088 1218
4596 4 2 2 2 1071 1145 1143 1171
4597 4 2 2 2 1042 1082 1099 1192
4598 4 2 2 2 325 331 1064 1212
4599 4 2 2 2 857 845 1056 1214
4600 4 2 2 2 1053 1040 1100 1138
4601 4 2 2 2 326 1106 1073 1201
4602 4 2 2 2 847 1058 1120 1202
4603 4 2 2 2 389 1071 344 1150
4604 4 2 2 2 1040 1058 1116 1138
4605 4 2 2 2 352 380 1091 1113
4606 4 2 2 2 1042 1084 1113 1147
4607 4 2 2 2 759 1076 753 1130
4608 4 2 2 2 1089 1145 1077 1150
4609 4 2 2 2 779 1103 1074 1155
4610 4 2 2 2 1044 1125 1066 1182
4611 4 2 2 2 676 1121 1069 1180
4612 4 2 2 2 1053 1120 1058 1138
4613 4 2 2 2 1097 1111 746 1141
4614 4 2 2 2 634 619 1082 1126
4615 4 2 2 2 601 577 576 1123
4616 4 2 2 2 355 1071 595 1136
4617 4 2 2 2 714 852 811 1124
4618 4 2 2 2 1082 1099 632 1148
4619 4 2 2 2 1049 1145 1089 1150
4620 4 2 2 2 378 1091 379 1149
4621 4 2 2 2 1157 1172 769 1181
4622 4 2 2 2 1104 1136 1046 1184
4623 4 2 2 2 1079 1101 1055 1187
4624 4 2 2 2 632 649 1082 1148
4625 4 2 2 2 743 1061 780 1215
4626 4 2 2 2 845 857 1056 1162
4627 4 2 2 2 1044 1097 1056 1141
4628 4 2 2 2 612 1085 618 1126
4629 4 2 2 2 763 713 1083 1127
4630 4 2 2 2 1059 1173 1076 1209
4631 4 2 2 2 1062 1117 1076 1130
4632 4 2 2 2 1049 1088 1073 1134
4633 4 2 2 2 326 1149 1106 1201
4634 4 2 2 2 1088 1116 1040 1218
4635 4 2 2 2 1059 1121 682 1209
4636 4 2 2 2 1106 1132 1064 1207
4637 4 2 2 2 566 571 572 1079
4638 4 2 2 2 1066 1131 837 1152
4639 4 2 2 2 578 577 1077 1123
4640 4 2 2 2 1044 1094 1066 1162
4641 4 2 2 2 1046 1119 1087 1136
4642 4 2 2 2 670 1101 1092 1168
4643 4 2 2 2 325 375 331 1212
4644 4 2 2 2 824 822 1075 1129
4645 4 2 2 2 1040 1060 1116 1163
4646 4 2 2 2 1092 1101 1055 1168
4647 4 2 2 2 829 1058 847 1202
4648 4 2 2 2 1042 1117 1067 1133
4649 4 2 2 2 1070 1175 1145 1190
4650 4 2 2 2 1061 1111 1100 1138
4651 4 2 2 2 843 1075 822 1184
4652 4 2 2 2 1062 1076 1117 1156
4653 4 2 2 2 699 1083 687 1127
4654 4 2 2 2 1060 1138 1058 1142
4655 4 2 2 2 327 1091 1106 1149
4656 4 2 2 2 1067 1117 1062 1133
4657 4 2 2 2 1081 1098 1072 1192
4658 4 2 2 2 595 1071 602 1136
4659 4 2 2 2 612 1085 356 1189
4660 4 2 2 2 1055 1079 1167 1168
4661 4 2 2 2 739 1070 1105 1190
4662 4 2 2 2 800 1111 1097 1186
4663 4 2 2 2 1080 1132 1069 1166
4664 4 2 2 2 1087 1115 1046 1129
4665 4 2 2 2 332 1088 1116 1201
4666 4 2 2 2 1060 1044 1107 1165
4667 4 2 2 2 721 806 787 1196
4668 4 2 2 2 1053 1044 1120 1138
4669 4 2 2 2 714 797 796 1178
4670 4 2 2 2 1074 1109 1103 1146
4671 4 2 2 2 1160 1177 1098 1216
4672 4 2 2 2 774 1174 789 1195
4673 4 2 2 2 1046 1129 1063 1135
4674 4 2 2 2 1067 1091 1045 1106
4675 4 2 2 2 665 686 685 1211
4676 4 2 2 2 1040 1088 1063 1135
4677 4 2 2 2 1072 1151 1096 1160
4678 4 2 2 2 576 1123 1068 1172
4679 4 2 2 2 1044 1111 1061 1138
4680 4 2 2 2 347 1086 1084 1206
4681 4 2 2 2 312 381 692 1112
4682 4 2 2 2 711 589 1159 1172
4683 4 2 2 2 832 827 831 1102
4684 4 2 2 2 1062 1130 1076 1156
4685 4 2 2 2 806 603 569 1196
4686 4 2 2 2 1106 1109 1045 1207
4687 4 2 2 2 352 1082 1113 1183
4688 4 2 2 2 1049 1119 1088 1171
4689 4 2 2 2 797 1176 1057 1178
4690 4 2 2 2 1085 1066 1182 1188
4691 4 2 2 2 1103 1146 1062 1156
4692 4 2 2 2 620 626 1125 1189
4693 4 2 2 2 350 352 351 1082
4694 4 2 2 2 1106 1149 1073 1201
4695 4 2 2 2 794 1169 1157 1190
4696 4 2 2 2 1088 1119 369 1218
4697 4 2 2 2 1105 1135 1070 1176
4698 4 2 2 2 851 1115 821 1129
4699 4 2 2 2 569 787 806 1196
4700 4 2 2 2 1046 1057 1129 1135
4701 4 2 2 2 1080 1064 1208 1212
4702 4 2 2 2 379 1107 343 1183
4703 4 2 2 2 1047 1098 1072 1160
4704 4 2 2 2 380 324 327 1106
4705 4 2 2 2 837 1131 1066 1162
4706 4 2 2 2 1122 1181 1074 1199
4707 4 2 2 2 826 828 1102 1124
4708 4 2 2 2 1095 1198 1067 1207
4709 4 2 2 2 1043 1122 1074 1167
4710 4 2 2 2 1125 1131 1066 1189
4711 4 2 2 2 323 1067 1147 1198
4712 4 2 2 2 1045 1061 1163 1165
4713 4 2 2 2 574 575 1154 1187
4714 4 2 2 2 1077 1145 1143 1150
4715 4 2 2 2 1051 1070 1145 1190
4716 4 2 2 2 1057 1176 1105 1178
4717 4 2 2 2 617 356 612 1126
4718 4 2 2 2 337 1058 393 1202
4719 4 2 2 2 1060 1149 338 1201
4720 4 2 2 2 1110 1163 1134 1200
4721 4 2 2 2 670 669 1079 1168
4722 4 2 2 2 646 1125 1065 1177
4723 4 2 2 2 1044 1060 1107 1142
4724 4 2 2 2 1058 1116 1060 1142
4725 4 2 2 2 763 1127 1083 1155
4726 4 2 2 2 1066 1125 1085 1182
4727 4 2 2 2 1040 1073 1134 1163
4728 4 2 2 2 1108 684 1164 1211
4729 4 2 2 2 857 1162 1097 1214
4730 4 2 2 2 1076 1173 1128 1209
4731 4 2 2 2 1074 1199 1090 1208
4732 4 2 2 2 606 853 401 1087
4733 4 2 2 2 646 1065 647 1177
4734 4 2 2 2 626 1152 1131 1189
4735 4 2 2 2 1173 1193 697 1209
4736 4 2 2 2 1044 1056 1097 1162
4737 4 2 2 2 647 1065 646 1216
4738 4 2 2 2 796 1124 1057 1176
4739 4 2 2 2 785 732 729 1093
4740 4 2 2 2 1075 1046 1129 1184
4741 4 2 2 2 1045 1093 1062 1109
4742 4 2 2 2 1041 1074 1103 1166
4743 4 2 2 2 1095 1147 1067 1198
4744 4 2 2 2 1048 1144 1092 1168
4745 4 2 2 2 779 1074 1103 1146
4746 4 2 2 2 779 726 1103 1155
4747 4 2 2 2 1050 1121 1059 1209
4748 4 2 2 2 1047 1133 1091 1165
4749 4 2 2 2 1095 1137 1050 1147
4750 4 2 2 2 1044 1141 1125 1182
4751 4 2 2 2 1052 1179 1128 1211
4752 4 2 2 2 833 1063 831 1153
4753 4 2 2 2 1073 1149 1045 1163
4754 4 2 2 2 1062 1117 1103 1156
4755 4 2 2 2 670 669 664 1079
4756 4 2 2 2 566 593 664 1101
4757 4 2 2 2 1046 1115 1063 1129
4758 4 2 2 2 789 689 661 1174
4759 4 2 2 2 405 375 359 1080
4760 4 2 2 2 367 1092 384 1194
4761 4 2 2 2 367 371 384 1092
4762 4 2 2 2 336 344 1119 1150
4763 4 2 2 2 784 1072 758 1160
4764 4 2 2 2 844 641 610 1131
4765 4 2 2 2 1070 1105 1051 1171
4766 4 2 2 2 1052 1108 1164 1211
4767 4 2 2 2 746 1097 1141 1214
4768 4 2 2 2 763 713 771 1083
4769 4 2 2 2 1073 1088 1049 1161
4770 4 2 2 2 375 359 1080 1132
4771 4 2 2 2 1065 1177 1160 1216
4772 4 2 2 2 612 620 618 1085
4773 4 2 2 2 1049 1134 1073 1170
4774 4 2 2 2 1108 1114 1076 1197
4775 4 2 2 2 663 1173 722 1193
4776 4 2 2 2 825 1129 824 1178
4777 4 2 2 2 594 816 562 1184
4778 4 2 2 2 344 1071 355 1136
4779 4 2 2 2 1068 1122 767 1181
4780 4 2 2 2 782 711 589 1159
4781 4 2 2 2 1072 1098 1081 1191
4782 4 2 2 2 626 657 1131 1152
4783 4 2 2 2 669 696 661 1127
4784 4 2 2 2 1092 1144 1069 1217
4785 4 2 2 2 1055 574 1154 1187
4786 4 2 2 2 1041 1109 1074 1208
4787 4 2 2 2 1042 1062 1117 1133
4788 4 2 2 2 1103 1109 1062 1146
4789 4 2 2 2 859 1131 842 1152
4790 4 2 2 2 837 836 1162 1205
4791 4 2 2 2 610 813 844 1131
4792 4 2 2 2 1045 1091 1067 1133
4793 4 2 2 2 620 1125 1085 1189
4794 4 2 2 2 636 612 356 1189
4795 4 2 2 2 634 397 302 1126
4796 4 2 2 2 820 1087 591 1184
4797 4 2 2 2 801 1097 746 1214
4798 4 2 2 2 348 350 1084 1113
4799 4 2 2 2 699 687 674 1127
4800 4 2 2 2 832 831 833 1063
4801 4 2 2 2 1044 1053 1111 1138
4802 4 2 2 2 379 378 343 1107
4803 4 2 2 2 621 646 647 1177
4804 4 2 2 2 737 1110 1100 1176
4805 4 2 2 2 1073 1116 1088 1201
4806 4 2 2 2 738 1100 737 1110
4807 4 2 2 2 595 580 602 1071
4808 4 2 2 2 1073 1161 1049 1170
4809 4 2 2 2 1094 1162 836 1205
4810 4 2 2 2 352 1113 1091 1183
4811 4 2 2 2 584 1143 1078 1157
4812 4 2 2 2 845 1158 1056 1214
4813 4 2 2 2 1062 1042 1130 1133
4814 4 2 2 2 801 744 746 1111
4815 4 2 2 2 673 1092 1144 1168
4816 4 2 2 2 1119 1135 1088 1171
4817 4 2 2 2 1098 1126 644 1177
4818 4 2 2 2 378 338 340 1107
4819 4 2 2 2 1046 1104 1105 1171
4820 4 2 2 2 1060 1116 1058 1138
4821 4 2 2 2 834 828 1124 1186
4822 4 2 2 2 676 677 675 1121
4823 4 2 2 2 643 622 657 1131
4824 4 2 2 2 405 375 1080 1212
4825 4 2 2 2 584 1157 1078 1172
4826 4 2 2 2 1043 1080 1118 1167
4827 4 2 2 2 758 784 757 1072
4828 4 2 2 2 747 1065 795 1216
4829 4 2 2 2 656 628 630 1213
4830 4 2 2 2 636 620 612 1189
4831 4 2 2 2 1052 1086 1084 1211
4832 4 2 2 2 1049 1088 1135 1171
4833 4 2 2 2 681 722 708 1193
4834 4 2 2 2 355 595 1071 1204
4835 4 2 2 2 1062 1045 1109 1133
4836 4 2 2 2 751 1108 1076 1173
4837 4 2 2 2 350 1113 1082 1148
4838 4 2 2 2 351 302 1126 1183
4839 4 2 2 2 1073 1106 1045 1149
4840 4 2 2 2 859 842 837 1152
4841 4 2 2 2 382 587 401 1087
4842 4 2 2 2 757 758 1072 1160
4843 4 2 2 2 1075 1184 594 1196
4844 4 2 2 2 1052 1114 1099 1213
4845 4 2 2 2 620 1085 612 1189
4846 4 2 2 2 1064 1089 1161 1170
4847 4 2 2 2 682 1193 1059 1209
4848 4 2 2 2 731 1093 780 1210
4849 4 2 2 2 853 606 820 1087
4850 4 2 2 2 348 1113 1084 1147
4851 4 2 2 2 396 1142 1094 1188
4852 4 2 2 2 1049 1089 1145 1170
4853 4 2 2 2 1040 1116 1060 1138
4854 4 2 2 2 844 641 1131 1158
4855 4 2 2 2 389 344 336 1150
4856 4 2 2 2 1063 1153 391 1218
4857 4 2 2 2 340 1107 338 1142
4858 4 2 2 2 736 1181 809 1199
4859 4 2 2 2 843 816 594 1184
4860 4 2 2 2 577 1078 584 1143
4861 4 2 2 2 857 1056 1162 1214
4862 4 2 2 2 692 1112 1086 1211
4863 4 2 2 2 739 735 1070 1190
4864 4 2 2 2 734 737 735 1110
4865 4 2 2 2 784 758 748 1160
4866 4 2 2 2 697 1173 663 1193
4867 4 2 2 2 1044 1111 1097 1141
4868 4 2 2 2 1078 1090 1043 1181
4869 4 2 2 2 621 1125 646 1177
4870 4 2 2 2 1044 1138 1060 1142
4871 4 2 2 2 1108 1128 684 1211
4872 4 2 2 2 1041 1095 1069 1185
4873 4 2 2 2 1041 1121 1095 1185
4874 4 2 2 2 1046 1105 1135 1171
4875 4 2 2 2 1043 1118 1123 1167
4876 4 2 2 2 1061 1100 1040 1138
4877 4 2 2 2 375 1132 1080 1212
4878 4 2 2 2 597 589 1068 1159
4879 4 2 2 2 672 1092 670 1101
4880 4 2 2 2 316 1087 841 1115
4881 4 2 2 2 1048 1167 1079 1168
4882 4 2 2 2 857 846 1097 1162
4883 4 2 2 2 1056 1131 845 1162
4884 4 2 2 2 1125 1131 1056 1162
4885 4 2 2 2 350 1084 1113 1148
4886 4 2 2 2 1046 1071 1119 1136
4887 4 2 2 2 779 1074 809 1155
4888 4 2 2 2 1046 1104 1075 1105
4889 4 2 2 2 782 767 711 1159
4890 4 2 2 2 748 1141 745 1215
4891 4 2 2 2 1043 1167 1074 1208
4892 4 2 2 2 400 703 381 1086
4893 4 2 2 2 1100 1110 1070 1176
4894 4 2 2 2 1064 1132 1166 1207
4895 4 2 2 2 643 635 655 1140
4896 4 2 2 2 1157 1169 1051 1190
4897 4 2 2 2 587 1087 382 1136
4898 4 2 2 2 1076 1156 778 1173
4899 4 2 2 2 1041 1166 1207 1208
4900 4 2 2 2 1047 1091 1133 1192
4901 4 2 2 2 1074 1167 1166 1208
4902 4 2 2 2 697 663 1173 1209
4903 4 2 2 2 1043 1089 1077 1118
4904 4 2 2 2 772 1155 1122 1195
4905 4 2 2 2 752 754 753 1114
4906 4 2 2 2 1044 1120 1094 1162
4907 4 2 2 2 1110 1134 1054 1200
4908 4 2 2 2 1082 1098 1047 1126
4909 4 2 2 2 1074 1122 809 1155
4910 4 2 2 2 638 1131 657 1152
4911 4 2 2 2 672 670 1092 1168
4912 4 2 2 2 780 1093 732 1151
4913 4 2 2 2 579 578 577 1077
4914 4 2 2 2 1070 1135 1105 1171
4915 4 2 2 2 1069 1144 676 1217
4916 4 2 2 2 1066 1131 1125 1162
4917 4 2 2 2 629 1164 1086 1213
4918 4 2 2 2 1076 1108 1052 1128
4919 4 2 2 2 588 1136 607 1184
4920 4 2 2 2 841 401 853 1087
4921 4 2 2 2 751 1076 778 1173
4922 4 2 2 2 396 1188 1094 1205
4923 4 2 2 2 685 652 640 1086
4924 4 2 2 2 352 351 1082 1183
4925 4 2 2 2 1076 1128 1052 1179
4926 4 2 2 2 1051 1105 1104 1171
4927 4 2 2 2 728 729 727 1146
4928 4 2 2 2 401 587 606 1087
4929 4 2 2 2 1065 1125 646 1140
4930 4 2 2 2 1081 1098 625 1191
4931 4 2 2 2 1122 1167 1043 1181
4932 4 2 2 2 576 1068 1123 1187
4933 4 2 2 2 749 1169 1105 1196
4934 4 2 2 2 843 822 816 1184
4935 4 2 2 2 647 1177 1065 1216
4936 4 2 2 2 1054 1110 1093 1210
4937 4 2 2 2 1068 1159 589 1172
4938 4 2 2 2 1064 1132 1080 1166
4939 4 2 2 2 393 1116 335 1218
4940 4 2 2 2 769 1172 766 1181
4941 4 2 2 2 816 820 591 1184
4942 4 2 2 2 1040 1134 1110 1163
4943 4 2 2 2 1069 1132 1080 1194
4944 4 2 2 2 576 597 589 1068
4945 4 2 2 2 1094 1142 339 1202
4946 4 2 2 2 1044 1096 1111 1141
4947 4 2 2 2 767 1172 1068 1181
4948 4 2 2 2 762 718 840 1214
4949 4 2 2 2 735 1175 1070 1190
4950 4 2 2 2 1155 1166 1048 1185
4951 4 2 2 2 628 1114 1139 1164
4952 4 2 2 2 1056 1140 792 1158
4953 4 2 2 2 361 1077 1118 1203
4954 4 2 2 2 1043 1123 1068 1167
4955 4 2 2 2 739 1070 735 1176
4956 4 2 2 2 1062 1130 1072 1133
4957 4 2 2 2 741 1105 749 1190
4958 4 2 2 2 790 1122 772 1155
4959 4 2 2 2 1041 1074 1166 1208
4960 4 2 2 2 1041 1069 1166 1185
4961 4 2 2 2 681 663 722 1193
4962 4 2 2 2 1088 1134 1049 1135
4963 4 2 2 2 652 703 400 1086
4964 4 2 2 2 739 1105 741 1190
4965 4 2 2 2 1068 1043 1167 1181
4966 4 2 2 2 761 747 795 1216
4967 4 2 2 2 382 1087 387 1136
4968 4 2 2 2 744 800 742 1111
4969 4 2 2 2 626 638 657 1152
4970 4 2 2 2 1108 1128 1076 1173
4971 4 2 2 2 1079 1068 1167 1195
4972 4 2 2 2 562 816 591 1184
4973 4 2 2 2 1048 1166 1069 1185
4974 4 2 2 2 845 1131 1056 1158
4975 4 2 2 2 1048 1166 1074 1167
4976 4 2 2 2 1080 1132 359 1194
4977 4 2 2 2 1073 1170 1134 1200
4978 4 2 2 2 712 1081 754 1114
4979 4 2 2 2 723 1173 1059 1193
4980 4 2 2 2 586 594 1184 1196
4981 4 2 2 2 674 1144 1127 1168
4982 4 2 2 2 598 1157 583 1169
4983 4 2 2 2 1091 1183 1113 1192
4984 4 2 2 2 622 620 626 1125
4985 4 2 2 2 1098 624 1191 1216
4986 4 2 2 2 365 309 849 1153
4987 4 2 2 2 1048 1069 1144 1185
4988 4 2 2 2 717 722 663 1173
4989 4 2 2 2 405 1080 384 1212
4990 4 2 2 2 688 1108 1173 1209
4991 4 2 2 2 652 685 703 1086
4992 4 2 2 2 1043 1118 1077 1123
4993 4 2 2 2 1045 1163 1149 1165
4994 4 2 2 2 812 1153 829 1202
4995 4 2 2 2 654 625 642 1081
4996 4 2 2 2 359 384 405 1080
4997 4 2 2 2 565 598 583 1169
4998 4 2 2 2 587 382 567 1136
4999 4 2 2 2 1048 1074 1122 1167
5000 4 2 2 2 1099 1114 1052 1197
5001 4 2 2 2 1041 1207 1109 1208
5002 4 2 2 2 356 617 302 1126
5003 4 2 2 2 344 1119 1071 1136
5004 4 2 2 2 769 791 1090 1181
5005 4 2 2 2 824 823 822 1129
5006 4 2 2 2 1060 1149 1163 1165
5007 4 2 2 2 772 1127 763 1155
5008 4 2 2 2 1064 1207 1166 1208
5009 4 2 2 2 344 389 355 1071
5010 4 2 2 2 584 564 1157 1172
5011 4 2 2 2 836 1120 858 1162
5012 4 2 2 2 736 768 809 1181
5013 4 2 2 2 1080 1166 1048 1167
5014 4 2 2 2 1049 1135 1070 1171
5015 4 2 2 2 837 1162 1066 1205
5016 4 2 2 2 1051 1105 1070 1190
5017 4 2 2 2 1083 1155 1048 1185
5018 4 2 2 2 1054 1074 1146 1208
5019 4 2 2 2 737 739 735 1176
5020 4 2 2 2 302 617 634 1126
5021 4 2 2 2 1109 1146 1074 1208
5022 4 2 2 2 749 1105 793 1196
5023 4 2 2 2 770 707 834 1124
5024 4 2 2 2 723 778 1156 1173
5025 4 2 2 2 393 1058 1153 1202
5026 4 2 2 2 356 310 636 1189
5027 4 2 2 2 674 1127 696 1168
5028 4 2 2 2 380 379 352 1091
5029 4 2 2 2 1113 1133 1091 1192
5030 4 2 2 2 630 654 642 1099
5031 4 2 2 2 1054 1146 1109 1208
5032 4 2 2 2 320 1147 1095 1198
5033 4 2 2 2 792 1141 1056 1214
5034 4 2 2 2 679 682 1121 1209
5035 4 2 2 2 692 660 312 1112
5036 4 2 2 2 338 333 1116 1201
5037 4 2 2 2 778 751 753 1076
5038 4 2 2 2 338 333 337 1116
5039 4 2 2 2 788 792 1140 1158
5040 4 2 2 2 1070 1049 1134 1135
5041 4 2 2 2 1056 1158 792 1214
5042 4 2 2 2 1055 1118 1080 1167
5043 4 2 2 2 319 1095 318 1180
5044 4 2 2 2 1117 1147 1050 1179
5045 4 2 2 2 1043 1118 1080 1212
5046 4 2 2 2 620 1085 1125 1177
5047 4 2 2 2 387 1119 344 1136
5048 4 2 2 2 576 597 1068 1187
5049 4 2 2 2 1085 1107 342 1188
5050 4 2 2 2 1052 1128 1108 1211
5051 4 2 2 2 673 676 1144 1217
5052 4 2 2 2 311 567 382 1136
5053 4 2 2 2 655 622 643 1125
5054 4 2 2 2 1081 1114 1099 1197
5055 4 2 2 2 578 1123 1077 1203
5056 4 2 2 2 334 369 1088 1119
5057 4 2 2 2 351 350 1082 1148
5058 4 2 2 2 1145 1175 1090 1190
5059 4 2 2 2 618 1126 1085 1177
5060 4 2 2 2 618 1085 620 1177
5061 4 2 2 2 666 786 1108 1139
5062 4 2 2 2 738 737 734 1110
5063 4 2 2 2 847 1120 1094 1202
5064 4 2 2 2 772 1127 1155 1195
5065 4 2 2 2 1060 1040 1138 1163
5066 4 2 2 2 396 341 1142 1188
5067 4 2 2 2 1131 1152 1066 1189
5068 4 2 2 2 384 1118 363 1212
5069 4 2 2 2 1067 1113 1042 1133
5070 4 2 2 2 619 644 645 1098
5071 4 2 2 2 669 661 689 1174
5072 4 2 2 2 1055 1154 1123 1187
5073 4 2 2 2 752 1114 1108 1139
5074 4 2 2 2 643 1125 622 1131
5075 4 2 2 2 384 1080 359 1194
5076 4 2 2 2 1041 1166 1132 1207
5077 4 2 2 2 814 316 841 1115
5078 4 2 2 2 1094 1120 836 1162
5079 4 2 2 2 1048 1079 1167 1195
5080 4 2 2 2 841 316 401 1087
5081 4 2 2 2 1094 1120 1058 1202
5082 4 2 2 2 1061 1138 1040 1163
5083 4 2 2 2 1040 1134 1088 1135
5084 4 2 2 2 1043 1170 1089 1208
5085 4 2 2 2 1043 1090 1078 1145
5086 4 2 2 2 683 666 786 1108
5087 4 2 2 2 833 849 309 1153
5088 4 2 2 2 712 754 799 1114
5089 4 2 2 2 364 1077 361 1203
5090 4 2 2 2 772 1122 790 1195
5091 4 2 2 2 1044 1142 1107 1188
5092 4 2 2 2 1072 1098 1047 1192
5093 4 2 2 2 355 1071 389 1204
5094 4 2 2 2 1055 1123 1118 1167
5095 4 2 2 2 576 1068 589 1172
5096 4 2 2 2 354 1113 348 1147
5097 4 2 2 2 739 1105 1070 1176
5098 4 2 2 2 734 780 1110 1210
5099 4 2 2 2 815 1097 762 1214
5100 4 2 2 2 1075 793 1105 1196
5101 4 2 2 2 721 818 1075 1178
5102 4 2 2 2 1044 1097 1120 1162
5103 4 2 2 2 844 1131 845 1158
5104 4 2 2 2 798 740 1100 1124
5105 4 2 2 2 837 1066 1152 1205
5106 4 2 2 2 1097 1111 1053 1186
5107 4 2 2 2 1095 1137 318 1180
5108 4 2 2 2 740 1124 796 1176
5109 4 2 2 2 834 852 770 1124
5110 4 2 2 2 1068 1123 1078 1172
5111 4 2 2 2 809 1074 779 1199
5112 4 2 2 2 738 734 780 1110
5113 4 2 2 2 1047 1098 1082 1192
5114 4 2 2 2 790 772 764 1155
5115 4 2 2 2 688 1108 683 1173
5116 4 2 2 2 662 687 699 1083
5117 4 2 2 2 373 833 309 1115
5118 4 2 2 2 1061 1111 1096 1215
5119 4 2 2 2 798 740 742 1100
5120 4 2 2 2 683 786 717 1108
5121 4 2 2 2 643 635 1140 1158
5122 4 2 2 2 1107 1165 1044 1182
5123 4 2 2 2 1071 1143 1051 1171
5124 4 2 2 2 616 652 400 1086
5125 4 2 2 2 705 1164 684 1211
5126 4 2 2 2 610 638 813 1131
5127 4 2 2 2 1044 1107 1182 1188
5128 4 2 2 2 1076 1059 1117 1156
5129 4 2 2 2 688 1173 663 1209
5130 4 2 2 2 1087 1046 1136 1184
5131 4 2 2 2 357 835 313 1205
5132 4 2 2 2 792 1140 1056 1141
5133 4 2 2 2 779 1103 727 1146
5134 4 2 2 2 633 614 761 1140
5135 4 2 2 2 769 1157 1090 1190
5136 4 2 2 2 316 814 373 1115
5137 4 2 2 2 859 845 1131 1162
5138 4 2 2 2 767 1159 810 1195
5139 4 2 2 2 356 302 390 1126
5140 4 2 2 2 357 1094 835 1205
5141 4 2 2 2 633 1140 761 1216
5142 4 2 2 2 316 403 1087 1115
5143 4 2 2 2 1057 1124 1100 1176
5144 4 2 2 2 834 828 826 1124
5145 4 2 2 2 673 1092 672 1217
5146 4 2 2 2 350 349 348 1084
5147 4 2 2 2 740 1100 1124 1176
5148 4 2 2 2 1108 1114 1052 1139
5149 4 2 2 2 574 573 575 1187
5150 4 2 2 2 637 712 1081 1191
5151 4 2 2 2 834 1124 707 1186
5152 4 2 2 2 790 1122 767 1195
5153 4 2 2 2 335 393 337 1116
5154 4 2 2 2 816 822 821 1184
5155 4 2 2 2 583 709 760 1157
5156 4 2 2 2 1052 1114 1108 1197
5157 4 2 2 2 346 374 348 1147
5158 4 2 2 2 588 582 607 1136
5159 4 2 2 2 341 1188 396 1205
5160 4 2 2 2 1098 1191 1160 1216
5161 4 2 2 2 1111 1141 1096 1215
5162 4 2 2 2 1054 1146 1074 1199
5163 4 2 2 2 717 663 683 1173
5164 4 2 2 2 847 829 830 1120
5165 4 2 2 2 1045 1109 1106 1200
5166 4 2 2 2 826 811 852 1124
5167 4 2 2 2 726 724 725 1103
5168 4 2 2 2 352 1091 379 1183
5169 4 2 2 2 717 683 1108 1173
5170 4 2 2 2 1047 1126 1098 1177
5171 4 2 2 2 620 1125 621 1177
5172 4 2 2 2 1067 1091 1113 1133
5173 4 2 2 2 1143 1145 1051 1171
5174 4 2 2 2 684 1139 1108 1164
5175 4 2 2 2 1084 1086 1052 1213
5176 4 2 2 2 1043 1089 1118 1212
5177 4 2 2 2 1047 1065 1096 1182
5178 4 2 2 2 1064 1073 1106 1200
5179 4 2 2 2 349 347 1084 1206
5180 4 2 2 2 768 1122 809 1181
5181 4 2 2 2 580 1071 595 1204
5182 4 2 2 2 1064 1166 1080 1208
5183 4 2 2 2 1054 1199 1074 1208
5184 4 2 2 2 1054 1170 1090 1208
5185 4 2 2 2 727 1103 725 1156
5186 4 2 2 2 1059 1156 1076 1173
5187 4 2 2 2 349 1084 350 1148
5188 4 2 2 2 1113 1183 1082 1192
5189 4 2 2 2 1052 1108 1076 1197
5190 4 2 2 2 840 815 762 1214
5191 4 2 2 2 670 664 691 1101
5192 4 2 2 2 566 572 593 1101
5193 4 2 2 2 1044 1096 1141 1182
5194 4 2 2 2 1089 1170 1064 1208
5195 4 2 2 2 736 1090 791 1181
5196 4 2 2 2 1122 1167 1068 1195
5197 4 2 2 2 724 763 771 1083
5198 4 2 2 2 364 1077 1203 1204
5199 4 2 2 2 728 727 725 1156
5200 4 2 2 2 1108 1139 1052 1164
5201 4 2 2 2 359 1132 321 1194
5202 4 2 2 2 1079 1167 1068 1187
5203 4 2 2 2 1054 1109 1093 1200
5204 4 2 2 2 601 584 577 1078
5205 4 2 2 2 688 683 663 1173
5206 4 2 2 2 377 1089 385 1150
5207 4 2 2 2 817 313 835 1205
5208 4 2 2 2 1043 1090 1170 1208
5209 4 2 2 2 741 739 749 1105
5210 4 2 2 2 681 697 663 1193
5211 4 2 2 2 386 1152 1189 1205
5212 4 2 2 2 614 788 715 1140
5213 4 2 2 2 580 581 582 1143
5214 4 2 2 2 734 731 780 1210
5215 4 2 2 2 320 319 321 1095
5216 4 2 2 2 643 1131 641 1158
5217 4 2 2 2 658 673 672 1217
5218 4 2 2 2 567 311 595 1136
5219 4 2 2 2 731 732 780 1093
5220 4 2 2 2 721 1075 807 1178
5221 4 2 2 2 1045 1106 1091 1149
5222 4 2 2 2 1046 1119 1071 1171
5223 4 2 2 2 614 635 788 1140
5224 4 2 2 2 844 813 845 1131
5225 4 2 2 2 606 591 820 1087
5226 4 2 2 2 823 851 821 1129
5227 4 2 2 2 1040 1070 1134 1135
5228 4 2 2 2 611 799 639 1114
5229 4 2 2 2 396 339 1094 1142
5230 4 2 2 2 673 672 1092 1168
5231 4 2 2 2 386 1188 404 1205
5232 4 2 2 2 1066 1189 1152 1205
5233 4 2 2 2 714 796 770 1124
5234 4 2 2 2 1042 1117 1076 1179
5235 4 2 2 2 1045 1106 1073 1200
5236 4 2 2 2 1127 1168 1048 1195
5237 4 2 2 2 1084 1099 1052 1179
5238 4 2 2 2 589 563 782 1159
5239 4 2 2 2 339 338 337 1142
5240 4 2 2 2 840 1097 815 1214
5241 4 2 2 2 1065 1140 646 1216
5242 4 2 2 2 382 401 316 1087
5243 4 2 2 2 633 646 1140 1216
5244 4 2 2 2 1074 1146 779 1199
5245 4 2 2 2 655 646 1125 1140
5246 4 2 2 2 790 764 1122 1155
5247 4 2 2 2 846 1120 1097 1162
5248 4 2 2 2 1045 1093 1109 1200
5249 4 2 2 2 831 1102 829 1153
5250 4 2 2 2 637 642 625 1081
5251 4 2 2 2 788 1140 635 1158
5252 4 2 2 2 332 1116 333 1201
5253 4 2 2 2 1105 1169 1104 1196
5254 4 2 2 2 1065 1140 747 1141
5255 4 2 2 2 376 338 1149 1201
5256 4 2 2 2 351 353 302 1183
5257 4 2 2 2 765 769 1157 1172
5258 4 2 2 2 734 1110 735 1175
5259 4 2 2 2 677 1121 676 1180
5260 4 2 2 2 330 334 332 1088
5261 4 2 2 2 327 379 1091 1149
5262 4 2 2 2 771 724 1083 1193
5263 4 2 2 2 1096 1044 1165 1182
5264 4 2 2 2 1078 1143 1051 1157
5265 4 2 2 2 380 327 379 1091
5266 4 2 2 2 741 749 794 1190
5267 4 2 2 2 384 362 363 1118
5268 4 2 2 2 387 316 403 1087
5269 4 2 2 2 1078 1090 1157 1190
5270 4 2 2 2 637 1081 625 1191
5271 4 2 2 2 721 793 807 1075
5272 4 2 2 2 1042 1099 1084 1179
5273 4 2 2 2 583 564 709 1157
5274 4 2 2 2 1092 1194 367 1217
5275 4 2 2 2 827 826 828 1102
5276 4 2 2 2 699 1083 682 1193
5277 4 2 2 2 684 1128 704 1211
5278 4 2 2 2 824 1075 818 1178
5279 4 2 2 2 584 564 583 1157
5280 4 2 2 2 858 1120 846 1162
5281 4 2 2 2 332 1116 1088 1218
5282 4 2 2 2 1054 1090 1199 1208
5283 4 2 2 2 381 703 692 1086
5284 4 2 2 2 1078 1145 1090 1190
5285 4 2 2 2 1125 1141 1065 1182
5286 4 2 2 2 377 331 1089 1161
5287 4 2 2 2 332 1088 369 1218
5288 4 2 2 2 616 400 315 1086
5289 4 2 2 2 1048 1127 1083 1144
5290 4 2 2 2 342 356 390 1085
5291 4 2 2 2 1080 1132 1064 1212
5292 4 2 2 2 1046 1135 1119 1171
5293 4 2 2 2 1081 1099 1042 1197
5294 4 2 2 2 578 1203 1077 1204
5295 4 2 2 2 385 1118 1089 1212
5296 4 2 2 2 314 702 399 1101
5297 4 2 2 2 1055 1167 1079 1187
5298 4 2 2 2 382 387 311 1136
5299 4 2 2 2 763 772 713 1127
5300 4 2 2 2 1065 1160 795 1216
5301 4 2 2 2 620 622 621 1125
5302 4 2 2 2 779 809 764 1155
5303 4 2 2 2 765 1157 564 1172
5304 4 2 2 2 755 754 712 1081
5305 4 2 2 2 1052 1139 1114 1164
5306 4 2 2 2 1106 1200 1109 1207
5307 4 2 2 2 762 800 801 1097
5308 4 2 2 2 318 319 320 1095
5309 4 2 2 2 1042 1133 1113 1192
5310 4 2 2 2 609 1191 624 1216
5311 4 2 2 2 597 1159 1068 1187
5312 4 2 2 2 676 1180 1069 1217
5313 4 2 2 2 811 825 824 1178
5314 4 2 2 2 695 1112 692 1211
5315 4 2 2 2 842 813 638 1131
5316 4 2 2 2 761 614 715 1140
5317 4 2 2 2 584 1078 601 1172
5318 4 2 2 2 682 697 1193 1209
5319 4 2 2 2 373 814 833 1115
5320 4 2 2 2 857 1097 840 1214
5321 4 2 2 2 798 707 1124 1186
5322 4 2 2 2 1077 1143 1071 1150
5323 4 2 2 2 656 639 628 1114
5324 4 2 2 2 853 820 841 1087
5325 4 2 2 2 1048 1155 1127 1195
5326 4 2 2 2 771 1083 662 1193
5327 4 2 2 2 1093 1109 1054 1146
5328 4 2 2 2 311 344 355 1136
5329 4 2 2 2 1078 1143 1077 1145
5330 4 2 2 2 348 354 350 1113
5331 4 2 2 2 311 355 595 1136
5332 4 2 2 2 655 646 622 1125
5333 4 2 2 2 367 370 371 1092
5334 4 2 2 2 1071 1150 389 1204
5335 4 2 2 2 759 757 785 1130
5336 4 2 2 2 1083 1127 1048 1155
5337 4 2 2 2 742 743 744 1111
5338 4 2 2 2 1047 1107 1091 1183
5339 4 2 2 2 574 568 572 1101
5340 4 2 2 2 667 672 670 1101
5341 4 2 2 2 348 349 347 1084
5342 4 2 2 2 391 369 392 1218
5343 4 2 2 2 736 1090 1181 1199
5344 4 2 2 2 714 850 777 1178
5345 4 2 2 2 731 729 1093 1210
5346 4 2 2 2 628 1114 639 1139
5347 4 2 2 2 849 305 365 1153
5348 4 2 2 2 399 702 605 1101
5349 4 2 2 2 632 608 649 1148
5350 4 2 2 2 822 843 818 1075
5351 4 2 2 2 364 1203 360 1204
5352 4 2 2 2 691 593 605 1101
5353 4 2 2 2 1078 1157 1145 1190
5354 4 2 2 2 1068 1167 1123 1187
5355 4 2 2 2 1079 1048 1168 1195
5356 4 2 2 2 391 309 365 1153
5357 4 2 2 2 662 1083 699 1193
5358 4 2 2 2 1068 1167 1122 1181
5359 4 2 2 2 739 750 1105 1176
5360 4 2 2 2 682 675 677 1121
5361 4 2 2 2 729 1146 1093 1210
5362 4 2 2 2 378 376 338 1149
5363 4 2 2 2 396 341 339 1142
5364 4 2 2 2 762 800 1097 1186
5365 4 2 2 2 358 1194 1180 1217
5366 4 2 2 2 1048 1167 1122 1195
5367 4 2 2 2 605 702 691 1101
5368 4 2 2 2 621 622 646 1125
5369 4 2 2 2 1056 1141 1097 1214
5370 4 2 2 2 792 1158 775 1214
5371 4 2 2 2 801 746 808 1214
5372 4 2 2 2 352 354 380 1113
5373 4 2 2 2 752 1108 786 1139
5374 4 2 2 2 337 393 395 1202
5375 4 2 2 2 1064 1200 1106 1207
5376 4 2 2 2 1046 1075 1104 1184
5377 4 2 2 2 1048 1122 1074 1155
5378 4 2 2 2 1048 1144 1083 1185
5379 4 2 2 2 1072 1160 1098 1191
5380 4 2 2 2 779 726 727 1103
5381 4 2 2 2 767 766 1172 1181
5382 4 2 2 2 1065 1141 1096 1182
5383 4 2 2 2 845 838 857 1162
5384 4 2 2 2 857 846 840 1097
5385 4 2 2 2 643 610 641 1131
5386 4 2 2 2 1058 1142 1094 1202
5387 4 2 2 2 1084 1052 1099 1213
5388 4 2 2 2 765 709 564 1157
5389 4 2 2 2 578 1077 579 1204
5390 4 2 2 2 756 1081 712 1191
5391 4 2 2 2 1104 1169 590 1196
5392 4 2 2 2 320 374 1147 1198
5393 4 2 2 2 1075 1105 1104 1196
5394 4 2 2 2 739 741 735 1190
5395 4 2 2 2 332 334 369 1088
5396 4 2 2 2 1051 1145 1078 1157
5397 4 2 2 2 1091 1149 1107 1165
5398 4 2 2 2 316 373 403 1115
5399 4 2 2 2 598 584 583 1157
5400 4 2 2 2 836 1094 847 1120
5401 4 2 2 2 1047 1091 1107 1165
5402 4 2 2 2 571 1159 1079 1174
5403 4 2 2 2 857 838 846 1162
5404 4 2 2 2 859 838 845 1162
5405 4 2 2 2 712 756 755 1081
5406 4 2 2 2 1048 1122 1155 1195
5407 4 2 2 2 848 846 830 1120
5408 4 2 2 2 1079 1168 1127 1195
5409 4 2 2 2 817 835 1094 1205
5410 4 2 2 2 638 133 610 813
5411 4 2 2 2 768 767 1122 1181
5412 4 2 2 2 584 598 581 1143
5413 4 2 2 2 675 673 676 1144
5414 4 2 2 2 790 767 810 1195
5415 4 2 2 2 1082 1042 1113 1192
5416 4 2 2 2 580 1143 1071 1204
5417 4 2 2 2 1050 1147 1084 1179
5418 4 2 2 2 749 716 1169 1196
5419 4 2 2 2 1123 1167 1055 1187
5420 4 2 2 2 1068 1079 1159 1195
5421 4 2 2 2 586 1184 1104 1196
5422 4 2 2 2 780 1151 783 1215
5423 4 2 2 2 1085 1125 1066 1189
5424 4 2 2 2 765 766 769 1172
5425 4 2 2 2 842 1131 638 1152
5426 4 2 2 2 1070 1110 1134 1175
5427 4 2 2 2 568 399 605 1101
5428 4 2 2 2 706 695 680 1112
5429 4 2 2 2 1093 1062 1109 1146
5430 4 2 2 2 637 623 802 1191
5431 4 2 2 2 762 801 718 1214
5432 4 2 2 2 639 799 720 1114
5433 4 2 2 2 858 836 847 1120
5434 4 2 2 2 140 708 681 722
5435 4 2 2 2 327 378 379 1149
5436 4 2 2 2 1051 1145 1157 1190
5437 4 2 2 2 1045 1091 1133 1165
5438 4 2 2 2 400 381 315 1086
5439 4 2 2 2 404 341 396 1205
5440 4 2 2 2 663 722 717 141
5441 4 2 2 2 579 577 584 1143
5442 4 2 2 2 1077 1150 1071 1204
5443 4 2 2 2 1042 1076 1130 1197
5444 4 2 2 2 1056 1140 1125 1141
5445 4 2 2 2 1045 1149 1091 1165
5446 4 2 2 2 1051 1143 1078 1145
5447 4 2 2 2 671 1144 674 1168
5448 4 2 2 2 702 314 667 1101
5449 4 2 2 2 609 710 1191 1216
5450 4 2 2 2 831 827 829 1102
5451 4 2 2 2 837 1152 839 1205
5452 4 2 2 2 1041 1132 1095 1207
5453 4 2 2 2 762 1097 801 1214
5454 4 2 2 2 1045 1073 1163 1200
5455 4 2 2 2 1128 1173 1108 1209
5456 4 2 2 2 1071 1143 1077 1204
5457 4 2 2 2 1043 1090 1145 1170
5458 4 2 2 2 396 1094 357 1205
5459 4 2 2 2 631 632 1099 1148
5460 4 2 2 2 781 769 791 1090
5461 4 2 2 2 1104 1105 1051 1169
5462 4 2 2 2 673 1144 671 1168
5463 4 2 2 2 1052 1179 1099 1197
5464 4 2 2 2 575 1154 1123 1203
5465 4 2 2 2 811 850 714 1178
5466 4 2 2 2 824 822 818 1075
5467 4 2 2 2 684 1108 688 1128
5468 4 2 2 2 625 1098 624 1191
5469 4 2 2 2 346 1112 317 1137
5470 4 2 2 2 656 642 611 1114
5471 4 2 2 2 316 387 382 1087
5472 4 2 2 2 360 1203 600 1204
5473 4 2 2 2 1067 1198 1106 1207
5474 4 2 2 2 666 1108 684 1139
5475 4 2 2 2 1095 1121 1069 1185
5476 4 2 2 2 773 137 713 1127
5477 4 2 2 2 1148 1206 1084 1213
5478 4 2 2 2 617 612 618 1126
5479 4 2 2 2 748 747 745 1141
5480 4 2 2 2 764 809 1122 1155
5481 4 2 2 2 1054 1134 1110 1175
5482 4 2 2 2 752 720 1114 1139
5483 4 2 2 2 712 637 802 1191
5484 4 2 2 2 612 356 49 636
5485 4 2 2 2 744 745 746 1111
5486 4 2 2 2 1125 1140 1065 1141
5487 4 2 2 2 677 678 1121 1137
5488 4 2 2 2 673 671 672 1168
5489 4 2 2 2 1064 1109 1207 1208
5490 4 2 2 2 673 674 671 1144
5491 4 2 2 2 327 1106 326 1149
5492 4 2 2 2 1127 1144 1048 1168
5493 4 2 2 2 315 381 347 1086
5494 4 2 2 2 749 793 716 1196
5495 4 2 2 2 1099 1148 1084 1213
5496 4 2 2 2 1048 1155 1074 1166
5497 4 2 2 2 1042 1130 1081 1197
5498 4 2 2 2 721 807 777 1178
5499 4 2 2 2 1064 1109 1200 1207
5500 4 2 2 2 770 798 707 1124
5501 4 2 2 2 829 847 812 1202
5502 4 2 2 2 767 766 711 1172
5503 4 2 2 2 746 1111 745 1141
5504 4 2 2 2 326 376 1149 1201
5505 4 2 2 2 825 823 824 1129
5506 4 2 2 2 377 385 364 1150
5507 4 2 2 2 833 85 373 309
5508 4 2 2 2 1097 1162 1056 1214
5509 4 2 2 2 1180 1194 1069 1217
5510 4 2 2 2 793 1075 721 1196
5511 4 2 2 2 1053 1120 1097 1186
5512 4 2 2 2 680 1112 695 1128
5513 4 2 2 2 1093 1146 1054 1210
5514 4 2 2 2 585 590 1169 1196
5515 4 2 2 2 705 684 704 1211
5516 4 2 2 2 404 1188 341 1205
5517 4 2 2 2 1099 1179 1042 1197
5518 4 2 2 2 1079 1159 571 1187
5519 4 2 2 2 390 353 343 1183
5520 4 2 2 2 377 328 331 1161
5521 4 2 2 2 828 829 827 1102
5522 4 2 2 2 739 776 750 1176
5523 4 2 2 2 1077 1143 579 1204
5524 4 2 2 2 781 769 1090 1190
5525 4 2 2 2 631 1148 1099 1213
5526 4 2 2 2 590 586 1104 1196
5527 4 2 2 2 817 1094 836 1205
5528 4 2 2 2 706 693 1112 1137
5529 4 2 2 2 396 357 313 1205
5530 4 2 2 2 1066 1162 1094 1205
5531 4 2 2 2 736 791 768 1181
5532 4 2 2 2 663 140 681 722
5533 4 2 2 2 597 563 589 1159
5534 4 2 2 2 814 821 851 1115
5535 4 2 2 2 568 372 399 1101
5536 4 2 2 2 375 321 359 1132
5537 4 2 2 2 768 767 790 1122
5538 4 2 2 2 740 737 1100 1176
5539 4 2 2 2 836 838 837 1162
5540 4 2 2 2 1047 1107 1085 1182
5541 4 2 2 2 608 648 394 1148
5542 4 2 2 2 1087 1136 588 1184
5543 4 2 2 2 633 646 614 1140
5544 4 2 2 2 405 384 363 1212
5545 4 2 2 2 824 818 850 1178
5546 4 2 2 2 132 610 844 641
5547 4 2 2 2 738 740 737 1100
5548 4 2 2 2 764 726 779 1155
5549 4 2 2 2 1107 1149 1060 1165
5550 4 2 2 2 731 730 729 1210
5551 4 2 2 2 723 751 778 1173
5552 4 2 2 2 688 1128 1108 1209
5553 4 2 2 2 1159 1174 774 1195
5554 4 2 2 2 640 652 616 1086
5555 4 2 2 2 1065 1047 1177 1182
5556 4 2 2 2 387 344 311 1136
5557 4 2 2 2 340 342 1107 1188
5558 4 2 2 2 849 812 305 1153
5559 4 2 2 2 588 1087 587 1136
5560 4 2 2 2 838 858 846 1162
5561 4 2 2 2 315 1086 347 1206
5562 4 2 2 2 322 375 325 1132
5563 4 2 2 2 771 138 662 713
5564 4 2 2 2 364 1150 1077 1204
5565 4 2 2 2 333 332 335 1116
5566 4 2 2 2 386 383 1152 1205
5567 4 2 2 2 564 584 601 1172
5568 4 2 2 2 634 617 619 1126
5569 4 2 2 2 332 335 1116 1218
5570 4 2 2 2 342 1085 1188 1189
5571 4 2 2 2 132 610 813 844
5572 4 2 2 2 1086 1084 1206 1213
5573 4 2 2 2 349 1084 1148 1206
5574 4 2 2 2 1095 1121 1050 1137
5575 4 2 2 2 312 660 317 1112
5576 4 2 2 2 607 1104 586 1184
5577 4 2 2 2 780 732 783 1151
5578 4 2 2 2 778 725 723 1156
5579 4 2 2 2 788 614 715 129
5580 4 2 2 2 1082 1126 1047 1183
5581 4 2 2 2 606 587 591 1087
5582 4 2 2 2 567 595 602 1136
5583 4 2 2 2 786 683 142 666
5584 4 2 2 2 802 623 126 609
5585 4 2 2 2 386 404 383 1205
5586 4 2 2 2 834 826 852 1124
5587 4 2 2 2 629 1086 1206 1213
5588 4 2 2 2 817 835 836 1094
5589 4 2 2 2 142 717 683 786
5590 4 2 2 2 695 660 692 1112
5591 4 2 2 2 837 838 859 1162
5592 4 2 2 2 591 1087 588 1184
5593 4 2 2 2 1078 1068 1172 1181
5594 4 2 2 2 141 717 663 683
5595 4 2 2 2 133 638 842 813
5596 4 2 2 2 792 747 1140 1141
5597 4 2 2 2 583 760 110 565
5598 4 2 2 2 788 635 614 129
5599 4 2 2 2 835 1094 357 1202
5600 4 2 2 2 393 391 1153 1218
5601 4 2 2 2 769 766 791 1181
5602 4 2 2 2 334 345 369 1119
5603 4 2 2 2 747 761 715 1140
5604 4 2 2 2 717 786 752 1108
5605 4 2 2 2 730 1146 729 1210
5606 4 2 2 2 834 852 148 770
5607 4 2 2 2 148 707 834 770
5608 4 2 2 2 402 371 372 1101
5609 4 2 2 2 645 624 625 1098
5610 4 2 2 2 346 317 318 1137
5611 4 2 2 2 332 333 329 1201
5612 4 2 2 2 314 370 75 694
5613 4 2 2 2 393 1153 305 1202
5614 4 2 2 2 677 659 678 1137
5615 4 2 2 2 351 307 350 1148
5616 4 2 2 2 145 777 850 721
5617 4 2 2 2 707 798 800 1186
5618 4 2 2 2 717 1108 751 1173
5619 4 2 2 2 324 326 327 1106
5620 4 2 2 2 570 566 103 668
5621 4 2 2 2 729 732 731 1093
5622 4 2 2 2 815 762 1097 1186
5623 4 2 2 2 1094 1188 1066 1205
5624 4 2 2 2 1085 1126 1047 1177
5625 4 2 2 2 305 1153 812 1202
5626 4 2 2 2 849 305 87 365
5627 4 2 2 2 617 356 48 612
5628 4 2 2 2 665 119 640 685
5629 4 2 2 2 1076 1179 1052 1197
5630 4 2 2 2 633 614 128 761
5631 4 2 2 2 137 773 661 1127
5632 4 2 2 2 1047 1183 1091 1192
5633 4 2 2 2 325 326 324 1106
5634 4 2 2 2 788 775 792 1158
5635 4 2 2 2 343 340 342 1107
5636 4 2 2 2 304 698 366 1180
5637 4 2 2 2 755 759 753 1130
5638 4 2 2 2 640 613 119 665
5639 4 2 2 2 1104 1184 1075 1196
5640 4 2 2 2 695 1128 1112 1211
5641 4 2 2 2 146 777 714 850
5642 4 2 2 2 1068 1159 1079 1187
5643 4 2 2 2 738 742 740 1100
5644 4 2 2 2 320 321 322 1198
5645 4 2 2 2 1069 1121 1095 1180
5646 4 2 2 2 368 615 50 1189
5647 4 2 2 2 636 356 49 310
5648 4 2 2 2 838 836 858 1162
5649 4 2 2 2 360 600 561 1204
5650 4 2 2 2 396 357 1094 1202
5651 4 2 2 2 693 317 660 1112
5652 4 2 2 2 631 1206 1148 1213
5653 4 2 2 2 124 611 637 799
5654 4 2 2 2 774 1159 719 1174
5655 4 2 2 2 833 373 85 814
5656 4 2 2 2 788 792 715 1140
5657 4 2 2 2 313 357 89 835
5658 4 2 2 2 783 1151 748 1215
5659 4 2 2 2 627 628 1139 1164
5660 4 2 2 2 817 313 89 835
5661 4 2 2 2 1085 1182 1107 1188
5662 4 2 2 2 1076 1042 1179 1197
5663 4 2 2 2 590 585 586 1196
5664 4 2 2 2 639 1114 720 1139
5665 4 2 2 2 685 692 703 1086
5666 4 2 2 2 713 137 687 1127
5667 4 2 2 2 569 594 586 1196
5668 4 2 2 2 671 674 696 1168
5669 4 2 2 2 78 366 304 698
5670 4 2 2 2 697 682 679 1209
5671 4 2 2 2 321 1132 322 1198
5672 4 2 2 2 1064 1170 1200 1208
5673 4 2 2 2 1110 1175 734 1210
5674 4 2 2 2 574 572 573 1187
5675 4 2 2 2 599 594 562 1184
5676 4 2 2 2 1049 1161 1089 1170
5677 4 2 2 2 345 344 387 1119
5678 4 2 2 2 711 589 107 782
5679 4 2 2 2 394 307 608 1148
5680 4 2 2 2 776 740 796 1176
5681 4 2 2 2 593 102 664 691
5682 4 2 2 2 1160 1191 710 1216
5683 4 2 2 2 616 1086 315 1206
5684 4 2 2 2 571 592 1159 1174
5685 4 2 2 2 670 671 669 1168
5686 4 2 2 2 586 594 599 1184
5687 4 2 2 2 616 629 1086 1206
5688 4 2 2 2 317 1112 693 1137
5689 4 2 2 2 793 749 750 1105
5690 4 2 2 2 745 1141 1111 1215
5691 4 2 2 2 634 46 397 608
5692 4 2 2 2 760 583 110 709
5693 4 2 2 2 567 311 23 595
5694 4 2 2 2 1059 1193 1173 1209
5695 4 2 2 2 578 575 577 1123
5696 4 2 2 2 585 565 111 1169
5697 4 2 2 2 784 732 785 1151
5698 4 2 2 2 1054 1134 1170 1200
5699 4 2 2 2 374 354 348 1147
5700 4 2 2 2 794 760 1157 1169
5701 4 2 2 2 336 344 334 1119
5702 4 2 2 2 86 849 365 309
5703 4 2 2 2 636 50 615 1189
5704 4 2 2 2 311 24 382 567
5705 4 2 2 2 808 792 775 1214
5706 4 2 2 2 607 582 590 1104
5707 4 2 2 2 560 1154 575 1203
5708 4 2 2 2 684 690 1139 1164
5709 4 2 2 2 377 1089 1150 1161
5710 4 2 2 2 587 382 24 567
5711 4 2 2 2 307 397 46 608
5712 4 2 2 2 616 629 640 1086
5713 4 2 2 2 1054 1200 1170 1208
5714 4 2 2 2 1061 1096 1151 1215
5715 4 2 2 2 611 123 639 799
5716 4 2 2 2 781 791 736 1090
5717 4 2 2 2 704 684 688 1128
5718 4 2 2 2 859 813 842 1131
5719 4 2 2 2 713 138 662 687
5720 4 2 2 2 820 821 841 1087
5721 4 2 2 2 837 817 836 1205
5722 4 2 2 2 814 373 84 316
5723 4 2 2 2 1054 1109 1200 1208
5724 4 2 2 2 386 341 404 1188
5725 4 2 2 2 852 147 770 714
5726 4 2 2 2 314 372 371 1101
5727 4 2 2 2 364 361 360 1203
5728 4 2 2 2 90 817 839 1205
5729 4 2 2 2 632 630 631 1099
5730 4 2 2 2 578 575 1123 1203
5731 4 2 2 2 752 751 717 1108
5732 4 2 2 2 1047 1165 1107 1182
5733 4 2 2 2 644 1126 618 1177
5734 4 2 2 2 125 802 637 623
5735 4 2 2 2 361 1118 362 1154
5736 4 2 2 2 45 394 608 648
5737 4 2 2 2 1064 1200 1109 1208
5738 4 2 2 2 323 354 374 1147
5739 4 2 2 2 120 613 627 1164
5740 4 2 2 2 361 1118 1154 1203
5741 4 2 2 2 393 335 391 1218
5742 4 2 2 2 302 356 48 617
5743 4 2 2 2 303 360 561 1204
5744 4 2 2 2 1164 1211 1086 1213
5745 4 2 2 2 629 628 1164 1213
5746 4 2 2 2 672 671 670 1168
5747 4 2 2 2 710 802 126 609
5748 4 2 2 2 342 1188 386 1189
5749 4 2 2 2 648 394 1148 1206
5750 4 2 2 2 781 1175 1090 1199
5751 4 2 2 2 811 146 714 850
5752 4 2 2 2 789 136 773 661
5753 4 2 2 2 396 395 357 1202
5754 4 2 2 2 585 111 716 1169
5755 4 2 2 2 314 399 372 1101
5756 4 2 2 2 336 377 1150 1161
5757 4 2 2 2 81 312 381 692
5758 4 2 2 2 624 645 644 1098
5759 4 2 2 2 715 128 614 761
5760 4 2 2 2 1118 1123 1055 1154
5761 4 2 2 2 679 682 677 1121
5762 4 2 2 2 849 86 833 309
5763 4 2 2 2 779 1146 730 1199
5764 4 2 2 2 851 833 814 1115
5765 4 2 2 2 706 678 693 1137
5766 4 2 2 2 764 772 763 1155
5767 4 2 2 2 758 710 1160 1191
5768 4 2 2 2 587 588 591 1087
5769 4 2 2 2 760 111 565 1169
5770 4 2 2 2 631 1099 630 1213
5771 4 2 2 2 571 1159 597 1187
5772 4 2 2 2 561 578 579 1204
5773 4 2 2 2 667 314 75 694
5774 4 2 2 2 609 623 624 1191
5775 4 2 2 2 712 124 637 799
5776 4 2 2 2 345 403 392 1115
5777 4 2 2 2 347 312 346 1112
5778 4 2 2 2 1047 1096 1165 1182
5779 4 2 2 2 644 619 618 1126
5780 4 2 2 2 80 317 312 660
5781 4 2 2 2 1047 1082 1183 1192
5782 4 2 2 2 370 76 694 308
5783 4 2 2 2 566 664 103 668
5784 4 2 2 2 629 628 613 1164
5785 4 2 2 2 723 724 708 1193
5786 4 2 2 2 846 848 815 1186
5787 4 2 2 2 684 666 683 1108
5788 4 2 2 2 719 774 810 1159
5789 4 2 2 2 637 625 623 1191
5790 4 2 2 2 577 575 576 1123
5791 4 2 2 2 90 839 383 1205
5792 4 2 2 2 634 302 47 617
5793 4 2 2 2 662 699 682 1193
5794 4 2 2 2 79 304 317 1137
5795 4 2 2 2 852 147 714 811
5796 4 2 2 2 659 698 304 1180
5797 4 2 2 2 333 335 337 1116
5798 4 2 2 2 850 818 145 721
5799 4 2 2 2 847 1094 835 1202
5800 4 2 2 2 137 661 687 1127
5801 4 2 2 2 576 573 597 1187
5802 4 2 2 2 790 764 809 1122
5803 4 2 2 2 84 841 814 316
5804 4 2 2 2 795 748 758 1160
5805 4 2 2 2 637 712 802 125
5806 4 2 2 2 120 627 690 1164
5807 4 2 2 2 815 840 846 1097
5808 4 2 2 2 87 812 305 849
5809 4 2 2 2 591 588 599 1184
5810 4 2 2 2 1049 1150 1089 1161
5811 4 2 2 2 656 611 639 1114
5812 4 2 2 2 809 779 736 1199
5813 4 2 2 2 1121 1137 1095 1180
5814 4 2 2 2 632 654 630 1099
5815 4 2 2 2 385 363 1118 1212
5816 4 2 2 2 793 721 787 1196
5817 4 2 2 2 109 709 583 564
5818 4 2 2 2 595 311 23 355
5819 4 2 2 2 562 591 599 1184
5820 4 2 2 2 744 743 745 1111
5821 4 2 2 2 686 695 692 1211
5822 4 2 2 2 373 309 392 1115
5823 4 2 2 2 1052 1211 1164 1213
5824 4 2 2 2 782 589 107 563
5825 4 2 2 2 323 1147 374 1198
5826 4 2 2 2 823 825 832 1129
5827 4 2 2 2 615 1152 626 1189
5828 4 2 2 2 613 120 665 1164
5829 4 2 2 2 596 19 388 560
5830 4 2 2 2 352 350 354 1113
5831 4 2 2 2 830 846 858 1120
5832 4 2 2 2 760 716 111 1169
5833 4 2 2 2 659 78 304 698
5834 4 2 2 2 692 81 312 660
5835 4 2 2 2 397 302 47 634
5836 4 2 2 2 810 1159 774 1195
5837 4 2 2 2 759 728 778 1156
5838 4 2 2 2 781 1090 736 1199
5839 4 2 2 2 383 839 1152 1205
5840 4 2 2 2 393 365 305 1153
5841 4 2 2 2 306 388 19 560
5842 4 2 2 2 674 687 696 1127
5843 4 2 2 2 388 372 18 596
5844 4 2 2 2 45 394 307 608
5845 4 2 2 2 364 360 303 1204
5846 4 2 2 2 839 837 842 1152
5847 4 2 2 2 389 1150 364 1204
5848 4 2 2 2 102 664 566 593
5849 4 2 2 2 376 326 329 1201
5850 4 2 2 2 846 815 1097 1186
5851 4 2 2 2 313 817 90 1205
5852 4 2 2 2 836 835 847 1094
5853 4 2 2 2 386 1152 368 1189
5854 4 2 2 2 745 1111 743 1215
5855 4 2 2 2 602 582 588 1136
5856 4 2 2 2 340 1107 1142 1188
5857 4 2 2 2 1085 1177 1047 1182
5858 4 2 2 2 139 708 771 1193
5859 4 2 2 2 758 756 710 1191
5860 4 2 2 2 657 638 610 1131
5861 4 2 2 2 50 310 368 1189
5862 4 2 2 2 331 385 1089 1212
5863 4 2 2 2 123 720 639 799
5864 4 2 2 2 596 560 388 1154
5865 4 2 2 2 720 754 752 1114
5866 4 2 2 2 694 76 658 308
5867 4 2 2 2 1132 1198 1095 1207
5868 4 2 2 2 618 620 621 1177
5869 4 2 2 2 1077 1123 1118 1203
5870 4 2 2 2 361 1154 306 1203
5871 4 2 2 2 688 684 683 1108
5872 4 2 2 2 1123 1154 1118 1203
5873 4 2 2 2 628 639 627 1139
5874 4 2 2 2 136 789 689 661
5875 4 2 2 2 377 331 385 1089
5876 4 2 2 2 304 79 659 1137
5877 4 2 2 2 715 792 747 1140
5878 4 2 2 2 725 727 726 1103
5879 4 2 2 2 306 388 560 1154
5880 4 2 2 2 719 782 563 1159
5881 4 2 2 2 340 339 341 1142
5882 4 2 2 2 859 845 813 1131
5883 4 2 2 2 719 782 106 563
5884 4 2 2 2 353 379 343 1183
5885 4 2 2 2 568 605 593 1101
5886 4 2 2 2 702 667 691 1101
5887 4 2 2 2 671 696 669 1168
5888 4 2 2 2 336 330 377 1161
5889 4 2 2 2 1066 1188 1085 1189
5890 4 2 2 2 834 848 828 1186
5891 4 2 2 2 631 608 632 1148
5892 4 2 2 2 823 832 851 1129
5893 4 2 2 2 340 1142 341 1188
5894 4 2 2 2 79 317 693 1137
5895 4 2 2 2 580 579 1143 1204
5896 4 2 2 2 779 727 730 1146
5897 4 2 2 2 563 592 719 1159
5898 4 2 2 2 794 760 709 1157
5899 4 2 2 2 317 80 693 660
5900 4 2 2 2 571 570 592 1174
5901 4 2 2 2 359 321 358 1194
5902 4 2 2 2 383 313 90 1205
5903 4 2 2 2 690 665 120 1164
5904 4 2 2 2 327 326 376 1149
5905 4 2 2 2 361 362 306 1154
5906 4 2 2 2 735 781 1175 1190
5907 4 2 2 2 752 786 720 1139
5908 4 2 2 2 596 372 18 568
5909 4 2 2 2 368 1152 615 1189
5910 4 2 2 2 755 757 759 1130
5911 4 2 2 2 340 343 378 1107
5912 4 2 2 2 849 833 831 1153
5913 4 2 2 2 361 385 363 1118
5914 4 2 2 2 50 636 310 1189
5915 4 2 2 2 797 807 750 1178
5916 4 2 2 2 627 1139 690 1164
5917 4 2 2 2 709 109 765 564
5918 4 2 2 2 590 586 607 1104
5919 4 2 2 2 677 676 659 1180
5920 4 2 2 2 592 719 106 563
5921 4 2 2 2 572 568 593 1101
5922 4 2 2 2 670 691 667 1101
5923 4 2 2 2 769 794 1157 1190
5924 4 2 2 2 784 748 783 1151
5925 4 2 2 2 1069 1194 1092 1217
5926 4 2 2 2 690 666 684 1139
5927 4 2 2 2 678 679 677 1121
5928 4 2 2 2 312 317 346 1112
5929 4 2 2 2 812 831 829 1153
5930 4 2 2 2 386 383 368 1152
5931 4 2 2 2 139 771 662 1193
5932 4 2 2 2 626 620 636 1189
5933 4 2 2 2 659 304 1137 1180
5934 4 2 2 2 615 638 626 1152
5935 4 2 2 2 786 666 805 1139
5936 4 2 2 2 339 340 338 1142
5937 4 2 2 2 856 842 653 1152
5938 4 2 2 2 614 655 635 1140
5939 4 2 2 2 750 749 739 1105
5940 4 2 2 2 798 796 740 1124
5941 4 2 2 2 693 660 706 1112
5942 4 2 2 2 854 775 803 1158
5943 4 2 2 2 592 719 1159 1174
5944 4 2 2 2 684 705 690 1164
5945 4 2 2 2 322 324 323 1198
5946 4 2 2 2 782 810 767 1159
5947 4 2 2 2 352 353 351 1183
5948 4 2 2 2 811 824 850 1178
5949 4 2 2 2 819 775 1158 1214
5950 4 2 2 2 358 1180 366 1217
5951 4 2 2 2 693 659 79 1137
5952 4 2 2 2 733 734 1175 1210
5953 4 2 2 2 837 839 817 1205
5954 4 2 2 2 607 586 599 1184
5955 4 2 2 2 651 701 627 1139
5956 4 2 2 2 1090 1175 781 1190
5957 4 2 2 2 651 720 805 1139
5958 4 2 2 2 733 1175 781 1199
5959 4 2 2 2 701 690 627 1139
5960 4 2 2 2 320 323 374 1198
5961 4 2 2 2 631 648 1148 1206
5962 4 2 2 2 393 391 365 1153
5963 4 2 2 2 717 751 722 1173
5964 4 2 2 2 572 571 573 1187
5965 4 2 2 2 666 701 805 1139
5966 4 2 2 2 588 587 567 1136
5967 4 2 2 2 764 763 726 1155
5968 4 2 2 2 819 151 775 1214
5969 4 2 2 2 342 386 310 1189
5970 4 2 2 2 599 588 607 1184
5971 4 2 2 2 595 22 561 1204
5972 4 2 2 2 1052 1086 1211 1213
5973 4 2 2 2 720 799 754 1114
5974 4 2 2 2 789 774 719 1174
5975 4 2 2 2 151 718 775 1214
5976 4 2 2 2 710 795 1160 1216
5977 4 2 2 2 303 561 22 1204
5978 4 2 2 2 608 631 648 1148
5979 4 2 2 2 621 647 644 1177
5980 4 2 2 2 353 352 379 1183
5981 4 2 2 2 735 741 781 1190
5982 4 2 2 2 560 574 575 1154
5983 4 2 2 2 151 840 718 1214
5984 4 2 2 2 366 358 319 1180
5985 4 2 2 2 653 842 638 1152
5986 4 2 2 2 708 139 681 1193
5987 4 2 2 2 768 790 809 1122
5988 4 2 2 2 854 819 775 1158
5989 4 2 2 2 363 362 361 1118
5990 4 2 2 2 609 624 647 1216
5991 4 2 2 2 792 746 747 1141
5992 4 2 2 2 631 629 1206 1213
5993 4 2 2 2 716 585 1169 1196
5994 4 2 2 2 772 773 713 1127
5995 4 2 2 2 151 819 840 1214
5996 4 2 2 2 743 780 783 1215
5997 4 2 2 2 1125 1177 1085 1182
5998 4 2 2 2 651 639 720 1139
5999 4 2 2 2 601 576 589 1172
6000 4 2 2 2 689 668 669 1174
6001 4 2 2 2 368 653 615 1152
6002 4 2 2 2 1134 1163 1073 1200
6003 4 2 2 2 854 641 844 1158
6004 4 2 2 2 803 788 650 1158
6005 4 2 2 2 1065 1177 1125 1182
6006 4 2 2 2 623 625 624 1191
6007 4 2 2 2 643 657 610 1131
6008 4 2 2 2 680 1128 688 1209
6009 4 2 2 2 668 604 570 1174
6010 4 2 2 2 819 844 845 1158
6011 4 2 2 2 856 398 839 1152
6012 4 2 2 2 641 635 643 1158
6013 4 2 2 2 733 734 735 1175
6014 4 2 2 2 858 847 830 1120
6015 4 2 2 2 604 668 700 1174
6016 4 2 2 2 589 711 108 1172
6017 4 2 2 2 769 741 794 1190
6018 4 2 2 2 376 333 338 1201
6019 4 2 2 2 398 383 839 1152
6020 4 2 2 2 653 856 134 842
6021 4 2 2 2 650 788 635 1158
6022 4 2 2 2 1090 1175 1054 1199
6023 4 2 2 2 330 329 328 1161
6024 4 2 2 2 740 776 737 1176
6025 4 2 2 2 681 139 662 1193
6026 4 2 2 2 306 560 20 1203
6027 4 2 2 2 368 398 653 1152
6028 4 2 2 2 563 571 592 1159
6029 4 2 2 2 749 760 794 1169
6030 4 2 2 2 854 152 803 775
6031 4 2 2 2 854 641 131 844
6032 4 2 2 2 618 619 617 1126
6033 4 2 2 2 367 384 359 1194
6034 4 2 2 2 1079 1174 1159 1195
6035 4 2 2 2 598 565 590 1169
6036 4 2 2 2 633 647 646 1216
6037 4 2 2 2 699 674 675 1144
6038 4 2 2 2 616 631 629 1206
6039 4 2 2 2 698 659 676 1180
6040 4 2 2 2 698 1180 676 1217
6041 4 2 2 2 641 854 650 1158
6042 4 2 2 2 305 395 393 1202
6043 4 2 2 2 709 765 769 1157
6044 4 2 2 2 802 756 712 1191
6045 4 2 2 2 108 711 765 1172
6046 4 2 2 2 704 1128 695 1211
6047 4 2 2 2 771 708 724 1193
6048 4 2 2 2 842 134 653 638
6049 4 2 2 2 1054 1175 1110 1210
6050 4 2 2 2 698 366 1180 1217
6051 4 2 2 2 640 685 118 652
6052 4 2 2 2 733 781 736 1199
6053 4 2 2 2 1146 1199 1054 1210
6054 4 2 2 2 730 1199 1146 1210
6055 4 2 2 2 143 786 666 805
6056 4 2 2 2 796 798 770 1124
6057 4 2 2 2 729 730 727 1146
6058 4 2 2 2 306 1154 560 1203
6059 4 2 2 2 789 804 689 1174
6060 4 2 2 2 578 560 575 1203
6061 4 2 2 2 805 651 122 720
6062 4 2 2 2 758 710 795 1160
6063 4 2 2 2 710 609 127 1216
6064 4 2 2 2 704 680 695 1128
6065 4 2 2 2 400 616 43 652
6066 4 2 2 2 614 646 655 1140
6067 4 2 2 2 604 804 592 1174
6068 4 2 2 2 854 152 775 819
6069 4 2 2 2 627 613 628 1164
6070 4 2 2 2 615 368 51 653
6071 4 2 2 2 568 399 17 605
6072 4 2 2 2 579 584 581 1143
6073 4 2 2 2 563 597 571 1159
6074 4 2 2 2 747 746 745 1141
6075 4 2 2 2 394 349 1148 1206
6076 4 2 2 2 812 88 305 1202
6077 4 2 2 2 592 804 719 1174
6078 4 2 2 2 641 854 131 650
6079 4 2 2 2 707 762 149 1186
6080 4 2 2 2 685 118 652 703
6081 4 2 2 2 797 714 777 1178
6082 4 2 2 2 666 701 143 805
6083 4 2 2 2 691 593 101 605
6084 4 2 2 2 1175 1199 733 1210
6085 4 2 2 2 659 693 678 1137
6086 4 2 2 2 628 629 630 1213
6087 4 2 2 2 336 364 389 1150
6088 4 2 2 2 600 20 560 1203
6089 4 2 2 2 728 725 778 1156
6090 4 2 2 2 781 741 769 1190
6091 4 2 2 2 101 691 605 702
6092 4 2 2 2 357 305 88 1202
6093 4 2 2 2 394 349 307 1148
6094 4 2 2 2 303 389 364 1204
6095 4 2 2 2 349 315 347 1206
6096 4 2 2 2 857 840 819 1214
6097 4 2 2 2 658 676 673 1217
6098 4 2 2 2 668 104 570 604
6099 4 2 2 2 783 748 745 1215
6100 4 2 2 2 322 321 375 1132
6101 4 2 2 2 585 590 565 1169
6102 4 2 2 2 327 376 378 1149
6103 4 2 2 2 20 360 306 1203
6104 4 2 2 2 399 314 74 702
6105 4 2 2 2 334 344 345 1119
6106 4 2 2 2 398 51 368 653
6107 4 2 2 2 604 668 104 700
6108 4 2 2 2 639 122 651 720
6109 4 2 2 2 700 689 804 1174
6110 4 2 2 2 580 561 579 1204
6111 4 2 2 2 377 364 336 1150
6112 4 2 2 2 307 349 350 1148
6113 4 2 2 2 589 108 564 1172
6114 4 2 2 2 304 318 317 1137
6115 4 2 2 2 835 357 88 1202
6116 4 2 2 2 704 688 680 1128
6117 4 2 2 2 680 688 679 1209
6118 4 2 2 2 767 768 766 1181
6119 4 2 2 2 673 675 674 1144
6120 4 2 2 2 372 399 17 568
6121 4 2 2 2 392 403 373 1115
6122 4 2 2 2 308 366 77 1217
6123 4 2 2 2 651 805 701 1139
6124 4 2 2 2 82 381 400 703
6125 4 2 2 2 681 682 697 1193
6126 4 2 2 2 573 571 597 1187
6127 4 2 2 2 736 779 730 1199
6128 4 2 2 2 689 789 135 804
6129 4 2 2 2 733 1199 730 1210
6130 4 2 2 2 749 716 760 1169
6131 4 2 2 2 772 790 774 1195
6132 4 2 2 2 149 834 707 1186
6133 4 2 2 2 561 580 595 1204
6134 4 2 2 2 690 121 701 627
6135 4 2 2 2 355 389 303 1204
6136 4 2 2 2 108 765 564 1172
6137 4 2 2 2 121 651 701 627
6138 4 2 2 2 366 698 77 1217
6139 4 2 2 2 687 661 696 1127
6140 4 2 2 2 710 127 761 1216
6141 4 2 2 2 636 615 626 1189
6142 4 2 2 2 616 400 43 315
6143 4 2 2 2 739 737 776 1176
6144 4 2 2 2 603 855 114 843
6145 4 2 2 2 386 342 341 1188
6146 4 2 2 2 112 787 569 1196
6147 4 2 2 2 815 149 762 1186
6148 4 2 2 2 812 835 88 1202
6149 4 2 2 2 340 341 342 1188
6150 4 2 2 2 633 127 609 1216
6151 4 2 2 2 596 574 560 1154
6152 4 2 2 2 839 398 91 383
6153 4 2 2 2 710 761 795 1216
6154 4 2 2 2 856 398 91 839
6155 4 2 2 2 847 835 812 1202
6156 4 2 2 2 702 314 74 667
6157 4 2 2 2 644 618 621 1177
6158 4 2 2 2 600 360 20 1203
6159 4 2 2 2 706 660 695 1112
6160 4 2 2 2 648 44 394 1206
6161 4 2 2 2 633 761 127 1216
6162 4 2 2 2 784 783 732 1151
6163 4 2 2 2 332 369 335 1218
6164 4 2 2 2 135 700 689 804
6165 4 2 2 2 802 710 756 1191
6166 4 2 2 2 594 603 114 843
6167 4 2 2 2 579 581 580 1143
6168 4 2 2 2 308 358 366 1217
6169 4 2 2 2 853 117 820 606
6170 4 2 2 2 723 722 751 1173
6171 4 2 2 2 650 803 130 788
6172 4 2 2 2 697 688 663 1209
6173 4 2 2 2 790 810 774 1195
6174 4 2 2 2 77 658 308 1217
6175 4 2 2 2 849 831 812 1153
6176 4 2 2 2 1054 1199 1175 1210
6177 4 2 2 2 635 650 130 788
6178 4 2 2 2 112 569 585 1196
6179 4 2 2 2 856 653 398 1152
6180 4 2 2 2 765 711 766 1172
6181 4 2 2 2 366 319 304 1180
6182 4 2 2 2 405 331 375 1212
6183 4 2 2 2 648 616 44 1206
6184 4 2 2 2 700 804 604 1174
6185 4 2 2 2 787 112 716 1196
6186 4 2 2 2 112 585 716 1196
6187 4 2 2 2 44 315 394 1206
6188 4 2 2 2 315 44 616 1206
6189 4 2 2 2 83 841 316 401
6190 4 2 2 2 650 854 803 1158
6191 4 2 2 2 788 803 775 1158
6192 4 2 2 2 386 368 310 1189
6193 4 2 2 2 841 83 853 401
6194 4 2 2 2 77 698 658 1217
6195 4 2 2 2 362 402 388 1154
6196 4 2 2 2 149 815 834 1186
6197 4 2 2 2 730 733 736 1199
6198 4 2 2 2 306 362 388 1154
6199 4 2 2 2 105 719 592 804
6200 4 2 2 2 701 666 690 1139
6201 4 2 2 2 82 381 703 692
6202 4 2 2 2 762 707 800 1186
6203 4 2 2 2 662 682 681 1193
6204 4 2 2 2 604 105 592 804
6205 4 2 2 2 591 820 117 606
6206 4 2 2 2 719 810 782 1159
6207 4 2 2 2 151 775 152 819
6208 4 2 2 2 808 718 801 1214
6209 4 2 2 2 602 588 567 1136
6210 4 2 2 2 638 842 134 133
6211 4 2 2 2 734 733 731 1210
6212 4 2 2 2 665 690 705 1164
6213 4 2 2 2 627 639 651 1139
6214 4 2 2 2 396 313 404 1205
6215 4 2 2 2 805 720 786 1139
6216 4 2 2 2 329 333 376 1201
6217 4 2 2 2 322 323 320 1198
6218 4 2 2 2 361 306 360 1203
6219 4 2 2 2 613 119 665 120
6220 4 2 2 2 86 85 833 309
6221 4 2 2 2 777 807 797 1178
6222 4 2 2 2 121 690 120 627
6223 4 2 2 2 570 604 592 1174
6224 4 2 2 2 368 51 50 615
6225 4 2 2 2 629 631 630 1213
6226 4 2 2 2 834 149 707 148
6227 4 2 2 2 146 714 147 811
6228 4 2 2 2 302 48 47 617
6229 4 2 2 2 687 713 138 137
6230 4 2 2 2 589 107 108 711
6231 4 2 2 2 685 119 640 118
6232 4 2 2 2 839 91 90 383
6233 4 2 2 2 839 842 856 1152
6234 4 2 2 2 812 88 87 305
6235 4 2 2 2 142 786 666 143
6236 4 2 2 2 769 794 709 1157
6237 4 2 2 2 306 19 20 560
6238 4 2 2 2 404 313 383 1205
6239 4 2 2 2 570 103 104 668
6240 4 2 2 2 126 710 609 127
6241 4 2 2 2 46 45 307 608
6242 4 2 2 2 377 330 328 1161
6243 4 2 2 2 720 639 122 123
6244 4 2 2 2 818 145 721 144
6245 4 2 2 2 683 141 717 142
6246 4 2 2 2 722 663 140 141
6247 4 2 2 2 712 637 124 125
6248 4 2 2 2 681 708 140 139
6249 4 2 2 2 653 638 615 1152
6250 4 2 2 2 313 89 90 817
6251 4 2 2 2 641 844 132 131
6252 4 2 2 2 367 359 358 1194
6253 4 2 2 2 768 791 766 1181
6254 4 2 2 2 372 17 18 568
6255 4 2 2 2 331 363 385 1212
6256 4 2 2 2 614 128 715 129
6257 4 2 2 2 636 49 50 310
6258 4 2 2 2 569 787 112 113
6259 4 2 2 2 304 79 78 659
6260 4 2 2 2 368 383 398 1152
6261 4 2 2 2 136 137 773 661
6262 4 2 2 2 111 716 112 585
6263 4 2 2 2 133 132 610 813
6264 4 2 2 2 314 75 74 667
6265 4 2 2 2 23 24 311 567
6266 4 2 2 2 81 80 312 660
6267 4 2 2 2 745 743 783 1215
6268 4 2 2 2 733 730 731 1210
6269 4 2 2 2 130 635 788 129
6270 4 2 2 2 789 719 804 1174
6271 4 2 2 2 565 111 760 110
6272 4 2 2 2 635 641 650 1158
6273 4 2 2 2 733 735 781 1175
6274 4 2 2 2 631 616 648 1206
6275 4 2 2 2 841 84 83 316
6276 4 2 2 2 854 844 819 1158
6277 4 2 2 2 593 101 102 691
6278 4 2 2 2 775 718 808 1214
6279 4 2 2 2 689 700 668 1174
6280 4 2 2 2 698 676 658 1217
6281 4 2 2 2 601 589 564 1172
6282 4 2 2 2 719 106 105 592
6283 4 2 2 2 114 594 843 115
6284 4 2 2 2 704 686 705 1211
6285 4 2 2 2 7 854 803 650
6286 4 2 2 2 653 398 12 856
6287 4 2 2 2 2 604 700 804
6288 4 2 2 2 805 701 6 651
6289 4 2 2 2 3 603 806 855
6290 4 2 2 2 606 853 10 401
6291 4 2 2 2 652 11 400 703
6292 4 2 2 2 605 399 9 702
6293 4 2 2 2 689 789 136 135
6294 4 2 2 2 834 815 848 1186
6295 4 2 2 2 373 84 85 814
6296 4 2 2 2 394 315 349 1206
6297 4 2 2 2 303 21 22 561
6298 4 2 2 2 335 369 391 1218
6299 4 2 2 2 782 107 106 563
6300 4 2 2 2 76 77 658 308
6301 4 2 2 2 44 43 315 616
6302 4 2 2 2 116 591 820 117
6303 4 2 2 2 49 48 356 612
6304 4 2 2 2 716 793 787 1196
6305 4 2 2 2 357 88 89 835
6306 4 2 2 2 815 150 762 149
6307 4 2 2 2 305 357 395 1202
6308 4 2 2 2 578 600 560 1203
6309 4 2 2 2 382 24 25 587
6310 4 2 2 2 609 647 633 1216
6311 4 2 2 2 151 840 150 718
6312 4 2 2 2 709 583 110 109
6313 4 2 2 2 679 688 697 1209
6314 4 2 2 2 139 138 662 771
6315 4 2 2 2 569 586 585 1196
6316 4 2 2 2 127 633 128 761
6317 4 2 2 2 664 103 102 566
6318 4 2 2 2 381 82 81 692
6319 4 2 2 2 317 80 79 693
6320 4 2 2 2 852 147 148 770
6321 4 2 2 2 363 331 405 1212
6322 4 2 2 2 623 125 802 126
6323 4 2 2 2 854 7 131 650
6324 4 2 2 2 604 104 2 700
6325 4 2 2 2 2 700 135 804
6326 4 2 2 2 398 12 51 653
6327 4 2 2 2 806 603 3 113
6328 4 2 2 2 652 118 11 703
6329 4 2 2 2 143 701 6 805
6330 4 2 2 2 606 10 25 401
6331 4 2 2 2 605 9 101 702
6332 4 2 2 2 595 23 22 355
6333 4 2 2 2 115 116 562 816
6334 4 2 2 2 370 76 75 694
6335 4 2 2 2 109 108 765 564
6336 4 2 2 2 704 695 686 1211
6337 4 2 2 2 611 124 123 799
6338 4 2 2 2 11 82 400 703
6339 4 2 2 2 87 86 849 365
6340 4 2 2 2 3 603 855 114
6341 4 2 2 2 651 701 6 121
6342 4 2 2 2 74 9 399 702
6343 4 2 2 2 850 146 777 145
6344 4 2 2 2 398 91 12 856
6345 4 2 2 2 10 117 853 606
6346 4 2 2 2 12 653 856 134
6347 4 2 2 2 853 83 10 401
6348 4 2 2 2 144 3 806 855
6349 4 2 2 2 366 78 77 698
6350 4 2 2 2 651 6 805 122
6351 4 2 2 2 803 130 7 650
6352 4 2 2 2 388 18 19 596
6353 4 2 2 2 7 854 152 803
6354 4 2 2 2 400 43 11 652
6355 4 2 2 2 399 9 17 605
6356 4 2 2 2 604 2 105 804
6357 4 2 2 2 47 46 397 634
6358 4 2 2 2 21 20 600 360
6359 4 2 2 2 394 45 44 648
6360 4 2 2 2 678 1128 1112 680
6361 4 2 2 2 1112 1128 678 1050
6362 4 2 2 2 1175 1170 1090 1054
6363 4 2 2 2 1175 1090 1170 1145
6364 4 2 2 2 1128 678 1209 680
6365 4 2 2 2 1128 1209 678 1121
6366 4 2 2 2 679 1209 678 680
6367 4 2 2 2 679 678 1209 1121
6368 4 2 2 2 1185 675 1069 1144
6369 4 2 2 2 1185 1069 675 1121
6370 4 2 2 2 1134 1175 1170 1070
6371 4 2 2 2 1170 1175 1134 1054
6372 4 2 2 2 1207 1062 1041 1109
6373 4 2 2 2 1207 1041 1062 1117
6374 4 2 2 2 1185 1193 1103 1059
6375 4 2 2 2 1103 1193 1185 1083
6376 4 2 2 2 1165 1072 1045 1096
6377 4 2 2 2 1165 1045 1072 1133
6378 4 2 2 2 1151 1045 1072 1096
6379 4 2 2 2 1151 1072 1045 1133
6380 4 2 2 2 1101 694 672 1092
6381 4 2 2 2 1101 672 694 667
6382 4 2 2 2 1174 566 571 570
6383 4 2 2 2 1174 571 566 1079
6384 4 2 2 2 1174 664 669 1079
6385 4 2 2 2 1174 669 664 668
6386 4 2 2 2 1155 724 1103 1083
6387 4 2 2 2 1155 1103 724 726
6388 4 2 2 2 1216 644 624 647
6389 4 2 2 2 1216 624 644 1098
6390 4 2 2 2 742 1186 1111 800
6391 4 2 2 2 1111 1186 742 1053
6392 4 2 2 2 1108 753 1114 752
6393 4 2 2 2 1108 1114 753 1076
6394 4 2 2 2 1161 331 1064 328
6395 4 2 2 2 1161 1064 331 1089
6396 4 2 2 2 640 1164 629 613
6397 4 2 2 2 629 1164 640 1086
6398 4 2 2 2 326 1201 328 329
6399 4 2 2 2 326 328 1201 1073
6400 4 2 2 2 1161 328 1201 329
6401 4 2 2 2 1161 1201 328 1073
6402 4 2 2 2 1148 634 649 1082
6403 4 2 2 2 1148 649 634 608
6404 4 2 2 2 1164 685 1211 665
6405 4 2 2 2 1164 1211 685 1086
6406 4 2 2 2 1218 1058 393 1116
6407 4 2 2 2 1218 393 1058 1153
6408 4 2 2 2 370 1217 367 308
6409 4 2 2 2 367 1217 370 1092
6410 4 2 2 2 1176 797 796 776
6411 4 2 2 2 1176 796 797 1057
6412 4 2 2 2 1214 845 819 857
6413 4 2 2 2 1214 819 845 1158
6414 4 2 2 2 735 1176 1110 737
6415 4 2 2 2 1110 1176 735 1070
6416 4 2 2 2 1115 1218 391 392
6417 4 2 2 2 391 1218 1115 1063
6418 4 2 2 2 391 309 1115 392
6419 4 2 2 2 1115 309 391 1063
6420 4 2 2 2 608 397 1148 307
6421 4 2 2 2 608 1148 397 634
6422 4 2 2 2 1211 685 692 686
6423 4 2 2 2 1211 692 685 1086
6424 4 2 2 2 1184 820 821 816
6425 4 2 2 2 1184 821 820 1087
6426 4 2 2 2 1150 385 1077 1089
6427 4 2 2 2 1150 1077 385 364
6428 4 2 2 2 1207 1117 1095 1041
6429 4 2 2 2 1207 1095 1117 1067
6430 4 2 2 2 1130 1192 1133 1042
6431 4 2 2 2 1133 1192 1130 1072
6432 4 2 2 2 1160 1177 1047 1098
6433 4 2 2 2 1047 1177 1160 1065
6434 4 2 2 2 1202 339 396 395
6435 4 2 2 2 1202 396 339 1094
6436 4 2 2 2 339 1202 337 395
6437 4 2 2 2 337 1202 339 1142
6438 4 2 2 2 1211 665 705 1164
6439 4 2 2 2 1211 705 665 686
6440 4 2 2 2 1193 722 723 1173
6441 4 2 2 2 1193 723 722 708
6442 4 2 2 2 1131 622 626 1125
6443 4 2 2 2 1131 626 622 657
6444 4 2 2 2 1111 801 800 1097
6445 4 2 2 2 1111 800 801 744
6446 4 2 2 2 1214 746 792 1141
6447 4 2 2 2 1214 792 746 808
6448 4 2 2 2 841 1115 821 814
6449 4 2 2 2 821 1115 841 1087
6450 4 2 2 2 583 1169 760 565
6451 4 2 2 2 760 1169 583 1157
6452 4 2 2 2 1216 747 1140 761
6453 4 2 2 2 1216 1140 747 1065
6454 4 2 2 2 1208 1167 1080 1043
6455 4 2 2 2 1208 1080 1167 1166
6456 4 2 2 2 816 594 115 843
6457 4 2 2 2 816 115 594 562
6458 4 2 2 2 318 1180 304 319
6459 4 2 2 2 304 1180 318 1137
6460 4 2 2 2 1156 727 1146 728
6461 4 2 2 2 1156 1146 727 1103
6462 4 2 2 2 637 799 1114 712
6463 4 2 2 2 1114 799 637 611
6464 4 2 2 2 1189 356 342 1085
6465 4 2 2 2 1189 342 356 310
6466 4 2 2 2 672 1217 694 658
6467 4 2 2 2 694 1217 672 1092
6468 4 2 2 2 1189 1205 1188 386
6469 4 2 2 2 1188 1205 1189 1066
6470 4 2 2 2 1187 575 576 573
6471 4 2 2 2 1187 576 575 1123
6472 4 2 2 2 314 694 1101 370
6473 4 2 2 2 1101 694 314 667
6474 4 2 2 2 1183 302 390 353
6475 4 2 2 2 1183 390 302 1126
6476 4 2 2 2 1150 1171 1119 1049
6477 4 2 2 2 1119 1171 1150 1071
6478 4 2 2 2 1137 677 1180 1121
6479 4 2 2 2 1137 1180 677 659
6480 4 2 2 2 1186 846 1120 1097
6481 4 2 2 2 1186 1120 846 848
6482 4 2 2 2 1201 1163 1149 1073
6483 4 2 2 2 1201 1149 1163 1060
6484 4 2 2 2 762 840 150 815
6485 4 2 2 2 762 150 840 718
6486 4 2 2 2 1198 321 1095 320
6487 4 2 2 2 1198 1095 321 1132
6488 4 2 2 2 802 609 1191 623
6489 4 2 2 2 1191 609 802 710
6490 4 2 2 2 850 721 1178 818
6491 4 2 2 2 1178 721 850 777
6492 4 2 2 2 1204 600 578 1203
6493 4 2 2 2 1204 578 600 561
6494 4 2 2 2 816 591 116 562
6495 4 2 2 2 816 116 591 820
6496 4 2 2 2 367 1217 358 308
6497 4 2 2 2 358 1217 367 1194
6498 4 2 2 2 1195 773 772 1127
6499 4 2 2 2 1195 772 773 774
6500 4 2 2 2 561 360 21 600
6501 4 2 2 2 21 360 561 303
6502 4 2 2 2 1191 758 757 1160
6503 4 2 2 2 1191 757 758 756
6504 4 2 2 2 855 721 144 818
6505 4 2 2 2 855 144 721 806
6506 4 2 2 2 1204 22 355 595
6507 4 2 2 2 1204 355 22 303
6508 4 2 2 2 569 806 113 603
6509 4 2 2 2 113 806 569 787
6510 4 2 2 2 401 587 25 606
6511 4 2 2 2 25 587 401 382
$EndElements
