TITLE = "Temporal Signal for fault receiver number(s) and simulation(s) 3,1;"
VARIABLES = "Time" ,"SRs" ,"SRd" ,"u_n" ,"Mud" ,"StV" ,"Ts0" ,"Td0" ,"Pn0" ,"Sls" ,"Sld" ,"Vr" ,"ASl" ,"PSR" ,"RT" ,"DS" ,"P_f" ,"Tmp"
# Receiver number 3
# x1	2.0000000000000000e+03
# x2	4.5924254968025837e-13
# x3	-7.5000000000000000e+03
# face-global-id	73859
# plus-cell-global-id	18464
# plus-face-side	3
# minus-cell-global-id	5592
# minus-face-side	0
# P_01	-1.2000000000000000e+08
# T_s1	7.0000000000000000e+07
# T_d1	-7.3478807948865257e-09
0.0000000000000000e+00	-0.0000000000000000e+00	-0.0000000000000000e+00	0.0000000000000000e+00	6.7700000000000005e-01	0.0000000000000000e+00	7.0000000000000000e+07	-7.3478807948865257e-09	-1.2000000000000000e+08	0.0000000000000000e+00	-0.0000000000000000e+00	0.0000000000000000e+00	0.0000000000000000e+00	0.0000000000000000e+00	0.0000000000000000e+00	0.0000000000000000e+00	0.0000000000000000e+00	0.0000000000000000e+00	
1.4175884526018438e-03	-0.0000000000000000e+00	-0.0000000000000000e+00	0.0000000000000000e+00	6.7700000000000005e-01	0.0000000000000000e+00	7.0000000000000000e+07	-7.3478807948865257e-09	-1.2000000000000000e+08	0.0000000000000000e+00	-0.0000000000000000e+00	0.0000000000000000e+00	0.0000000000000000e+00	0.0000000000000000e+00	0.0000000000000000e+00	0.0000000000000000e+00	0.0000000000000000e+00	0.0000000000000000e+00	
2.8351769052036876e-03	-0.0000000000000000e+00	-0.0000000000000000e+00	0.0000000000000000e+00	6.7700000000000005e-01	0.0000000000000000e+00	7.0000000000000000e+07	-7.3478807948865257e-09	-1.2000000000000000e+08	0.0000000000000000e+00	-0.0000000000000000e+00	0.0000000000000000e+00	0.0000000000000000e+00	0.0000000000000000e+00	0.0000000000000000e+00	0.0000000000000000e+00	0.0000000000000000e+00	0.0000000000000000e+00	
4.2527653578055312e-03	-0.0000000000000000e+00	-0.0000000000000000e+00	0.0000000000000000e+00	6.7700000000000005e-01	0.0000000000000000e+00	7.0000000000000000e+07	-7.3478807948865257e-09	-1.2000000000000000e+08	0.0000000000000000e+00	-0.0000000000000000e+00	0.0000000000000000e+00	0.0000000000000000e+00	0.0000000000000000e+00	0.0000000000000000e+00	0.0000000000000000e+00	0.0000000000000000e+00	0.0000000000000000e+00	
5.6703538104073753e-03	-0.0000000000000000e+00	-0.0000000000000000e+00	0.0000000000000000e+00	6.7700000000000005e-01	0.0000000000000000e+00	7.0000000000000000e+07	-7.3478807948865257e-09	-1.2000000000000000e+08	0.0000000000000000e+00	-0.0000000000000000e+00	0.0000000000000000e+00	0.0000000000000000e+00	0.0000000000000000e+00	0.0000000000000000e+00	0.0000000000000000e+00	0.0000000000000000e+00	0.0000000000000000e+00	
7.0879422630092193e-03	-0.0000000000000000e+00	-0.0000000000000000e+00	0.0000000000000000e+00	6.7700000000000005e-01	0.0000000000000000e+00	7.0000000000000000e+07	-7.3478807948865257e-09	-1.2000000000000000e+08	0.0000000000000000e+00	-0.0000000000000000e+00	0.0000000000000000e+00	0.0000000000000000e+00	0.0000000000000000e+00	0.0000000000000000e+00	0.0000000000000000e+00	0.0000000000000000e+00	0.0000000000000000e+00	
8.5055307156110625e-03	-0.0000000000000000e+00	-0.0000000000000000e+00	0.0000000000000000e+00	6.7700000000000005e-01	0.0000000000000000e+00	7.0000000000000000e+07	-7.3478807948865257e-09	-1.2000000000000000e+08	0.0000000000000000e+00	-0.0000000000000000e+00	0.0000000000000000e+00	0.0000000000000000e+00	0.0000000000000000e+00	0.0000000000000000e+00	0.0000000000000000e+00	0.0000000000000000e+00	0.0000000000000000e+00	
9.9231191682129065e-03	-0.0000000000000000e+00	-0.0000000000000000e+00	-1.7713834868736280e-06	6.7700000000000005e-01	0.0000000000000000e+00	6.9999758681807801e+07	2.3579068096581760e-01	-1.1999997075401482e+08	0.0000000000000000e+00	-0.0000000000000000e+00	0.0000000000000000e+00	0.0000000000000000e+00	0.0000000000000000e+00	0.0000000000000000e+00	0.0000000000000000e+00	0.0000000000000000e+00	0.0000000000000000e+00	
1.1340707620814751e-02	-0.0000000000000000e+00	-0.0000000000000000e+00	-1.7713834868736280e-06	6.7700000000000005e-01	0.0000000000000000e+00	6.9999758681807801e+07	2.3579068096581760e-01	-1.1999997075401482e+08	0.0000000000000000e+00	-0.0000000000000000e+00	0.0000000000000000e+00	0.0000000000000000e+00	0.0000000000000000e+00	0.0000000000000000e+00	0.0000000000000000e+00	0.0000000000000000e+00	0.0000000000000000e+00	
1.2758296073416595e-02	-0.0000000000000000e+00	-0.0000000000000000e+00	-2.8279076587049153e-05	6.7700000000000005e-01	0.0000000000000000e+00	6.9999554916360006e+07	5.4021174650545785e+00	-1.1999947100459398e+08	0.0000000000000000e+00	-0.0000000000000000e+00	0.0000000000000000e+00	0.0000000000000000e+00	0.0000000000000000e+00	0.0000000000000000e+00	0.0000000000000000e+00	0.0000000000000000e+00	0.0000000000000000e+00	
1.4175884526018439e-02	-0.0000000000000000e+00	-0.0000000000000000e+00	-2.8279076587049153e-05	6.7700000000000005e-01	0.0000000000000000e+00	6.9999554916360006e+07	5.4021174650545785e+00	-1.1999947100459398e+08	0.0000000000000000e+00	-0.0000000000000000e+00	0.0000000000000000e+00	0.0000000000000000e+00	0.0000000000000000e+00	0.0000000000000000e+00	0.0000000000000000e+00	0.0000000000000000e+00	0.0000000000000000e+00	
1.5593472978620283e-02	-0.0000000000000000e+00	-0.0000000000000000e+00	-6.5041351960987295e-05	6.7700000000000005e-01	0.0000000000000000e+00	6.9999574613386378e+07	1.1112093812059113e+01	-1.1999927312753923e+08	0.0000000000000000e+00	-0.0000000000000000e+00	0.0000000000000000e+00	0.0000000000000000e+00	0.0000000000000000e+00	0.0000000000000000e+00	0.0000000000000000e+00	0.0000000000000000e+00	0.0000000000000000e+00	
1.7011061431222125e-02	-0.0000000000000000e+00	-0.0000000000000000e+00	-6.5041351960987295e-05	6.7700000000000005e-01	0.0000000000000000e+00	6.9999574613386378e+07	1.1112093812059113e+01	-1.1999927312753923e+08	0.0000000000000000e+00	-0.0000000000000000e+00	0.0000000000000000e+00	0.0000000000000000e+00	0.0000000000000000e+00	0.0000000000000000e+00	0.0000000000000000e+00	0.0000000000000000e+00	0.0000000000000000e+00	
1.8428649883823967e-02	-0.0000000000000000e+00	-0.0000000000000000e+00	-1.0944987126871423e-04	6.7700000000000005e-01	0.0000000000000000e+00	6.9999971977424949e+07	-2.4950481725469373e+00	-1.1999959533801313e+08	0.0000000000000000e+00	-0.0000000000000000e+00	0.0000000000000000e+00	0.0000000000000000e+00	0.0000000000000000e+00	0.0000000000000000e+00	0.0000000000000000e+00	0.0000000000000000e+00	0.0000000000000000e+00	
1.9846238336425810e-02	-0.0000000000000000e+00	-0.0000000000000000e+00	-1.0944987126871423e-04	6.7700000000000005e-01	0.0000000000000000e+00	6.9999971977424949e+07	-2.4950481725469373e+00	-1.1999959533801313e+08	0.0000000000000000e+00	-0.0000000000000000e+00	0.0000000000000000e+00	0.0000000000000000e+00	0.0000000000000000e+00	0.0000000000000000e+00	0.0000000000000000e+00	0.0000000000000000e+00	0.0000000000000000e+00	
2.1263826789027655e-02	-0.0000000000000000e+00	-0.0000000000000000e+00	-1.5097624334774865e-04	6.7700000000000005e-01	0.0000000000000000e+00	7.0000698149311796e+07	-4.8904834036807607e+01	-1.2000036774980849e+08	0.0000000000000000e+00	-0.0000000000000000e+00	0.0000000000000000e+00	0.0000000000000000e+00	0.0000000000000000e+00	0.0000000000000000e+00	0.0000000000000000e+00	0.0000000000000000e+00	0.0000000000000000e+00	
2.2681415241629498e-02	-0.0000000000000000e+00	-0.0000000000000000e+00	-1.5097624334774865e-04	6.7700000000000005e-01	0.0000000000000000e+00	7.0000698149311796e+07	-4.8904834036807607e+01	-1.2000036774980849e+08	0.0000000000000000e+00	-0.0000000000000000e+00	0.0000000000000000e+00	0.0000000000000000e+00	0.0000000000000000e+00	0.0000000000000000e+00	0.0000000000000000e+00	0.0000000000000000e+00	0.0000000000000000e+00	
2.4099003694231343e-02	-0.0000000000000000e+00	-0.0000000000000000e+00	-1.7879494793672008e-04	6.7700000000000005e-01	0.0000000000000000e+00	7.0001598154427826e+07	-1.2607144734650558e+02	-1.2000136233860336e+08	0.0000000000000000e+00	-0.0000000000000000e+00	0.0000000000000000e+00	0.0000000000000000e+00	0.0000000000000000e+00	0.0000000000000000e+00	0.0000000000000000e+00	0.0000000000000000e+00	0.0000000000000000e+00	
2.5516592146833186e-02	-0.0000000000000000e+00	-0.0000000000000000e+00	-1.7879494793672008e-04	6.7700000000000005e-01	0.0000000000000000e+00	7.0001598154427826e+07	-1.2607144734650558e+02	-1.2000136233860336e+08	0.0000000000000000e+00	-0.0000000000000000e+00	0.0000000000000000e+00	0.0000000000000000e+00	0.0000000000000000e+00	0.0000000000000000e+00	0.0000000000000000e+00	0.0000000000000000e+00	0.0000000000000000e+00	
2.6934180599435031e-02	-0.0000000000000000e+00	-0.0000000000000000e+00	-1.8383846916838489e-04	6.7700000000000005e-01	0.0000000000000000e+00	7.0002480385788083e+07	-2.2077270623503222e+02	-1.2000235114331414e+08	0.0000000000000000e+00	-0.0000000000000000e+00	0.0000000000000000e+00	0.0000000000000000e+00	0.0000000000000000e+00	0.0000000000000000e+00	0.0000000000000000e+00	0.0000000000000000e+00	0.0000000000000000e+00	
2.8351769052036874e-02	-0.0000000000000000e+00	-0.0000000000000000e+00	-1.8383846916838489e-04	6.7700000000000005e-01	0.0000000000000000e+00	7.0002480385788083e+07	-2.2077270623503222e+02	-1.2000235114331414e+08	0.0000000000000000e+00	-0.0000000000000000e+00	0.0000000000000000e+00	0.0000000000000000e+00	0.0000000000000000e+00	0.0000000000000000e+00	0.0000000000000000e+00	0.0000000000000000e+00	0.0000000000000000e+00	
2.9769357504638719e-02	-0.0000000000000000e+00	-0.0000000000000000e+00	-1.6033849903766381e-04	6.7700000000000005e-01	0.0000000000000000e+00	7.0003172834342420e+07	-3.1733177079189022e+02	-1.2000315692526227e+08	0.0000000000000000e+00	-0.0000000000000000e+00	0.0000000000000000e+00	0.0000000000000000e+00	0.0000000000000000e+00	0.0000000000000000e+00	0.0000000000000000e+00	0.0000000000000000e+00	0.0000000000000000e+00	
3.1186945957240562e-02	-0.0000000000000000e+00	-0.0000000000000000e+00	-1.6033849903766381e-04	6.7700000000000005e-01	0.0000000000000000e+00	7.0003172834342420e+07	-3.1733177079189022e+02	-1.2000315692526227e+08	0.0000000000000000e+00	-0.0000000000000000e+00	0.0000000000000000e+00	0.0000000000000000e+00	0.0000000000000000e+00	0.0000000000000000e+00	0.0000000000000000e+00	0.0000000000000000e+00	0.0000000000000000e+00	
3.2604534409842408e-02	-0.0000000000000000e+00	-0.0000000000000000e+00	-1.0562925466932088e-04	6.7700000000000005e-01	0.0000000000000000e+00	7.0003548065076023e+07	-4.0404939288097722e+02	-1.2000366593432115e+08	0.0000000000000000e+00	-0.0000000000000000e+00	0.0000000000000000e+00	0.0000000000000000e+00	0.0000000000000000e+00	0.0000000000000000e+00	0.0000000000000000e+00	0.0000000000000000e+00	0.0000000000000000e+00	
3.4022122862444250e-02	-0.0000000000000000e+00	-0.0000000000000000e+00	-1.0562925466932088e-04	6.7700000000000005e-01	0.0000000000000000e+00	7.0003548065076023e+07	-4.0404939288097722e+02	-1.2000366593432115e+08	0.0000000000000000e+00	-0.0000000000000000e+00	0.0000000000000000e+00	0.0000000000000000e+00	0.0000000000000000e+00	0.0000000000000000e+00	0.0000000000000000e+00	0.0000000000000000e+00	0.0000000000000000e+00	
3.5439711315046092e-02	-0.0000000000000000e+00	-0.0000000000000000e+00	-1.9891071290461324e-05	6.7700000000000005e-01	0.0000000000000000e+00	7.0003530848032787e+07	-4.7515009968524475e+02	-1.2000382106801003e+08	0.0000000000000000e+00	-0.0000000000000000e+00	0.0000000000000000e+00	0.0000000000000000e+00	0.0000000000000000e+00	0.0000000000000000e+00	0.0000000000000000e+00	0.0000000000000000e+00	0.0000000000000000e+00	
3.6857299767647934e-02	-0.0000000000000000e+00	-0.0000000000000000e+00	-1.9891071290461324e-05	6.7700000000000005e-01	0.0000000000000000e+00	7.0003530848032787e+07	-4.7515009968524475e+02	-1.2000382106801003e+08	0.0000000000000000e+00	-0.0000000000000000e+00	0.0000000000000000e+00	0.0000000000000000e+00	0.0000000000000000e+00	0.0000000000000000e+00	0.0000000000000000e+00	0.0000000000000000e+00	0.0000000000000000e+00	
3.8274888220249777e-02	-0.0000000000000000e+00	-0.0000000000000000e+00	9.4024778094691603e-05	6.7700000000000005e-01	0.0000000000000000e+00	7.0003096152572706e+07	-5.2963808256502114e+02	-1.2000361329833260e+08	0.0000000000000000e+00	-0.0000000000000000e+00	0.0000000000000000e+00	0.0000000000000000e+00	0.0000000000000000e+00	0.0000000000000000e+00	0.0000000000000000e+00	0.0000000000000000e+00	0.0000000000000000e+00	
3.9692476672851619e-02	-0.0000000000000000e+00	-0.0000000000000000e+00	9.4024778094691603e-05	6.7700000000000005e-01	0.0000000000000000e+00	7.0003096152572706e+07	-5.2963808256502114e+02	-1.2000361329833260e+08	0.0000000000000000e+00	-0.0000000000000000e+00	0.0000000000000000e+00	0.0000000000000000e+00	0.0000000000000000e+00	0.0000000000000000e+00	0.0000000000000000e+00	0.0000000000000000e+00	0.0000000000000000e+00	
4.1110065125453461e-02	-0.0000000000000000e+00	-0.0000000000000000e+00	2.3074089005668561e-04	6.7700000000000005e-01	0.0000000000000000e+00	7.0002263454663381e+07	-5.6914119007661066e+02	-1.2000307443424976e+08	0.0000000000000000e+00	-0.0000000000000000e+00	0.0000000000000000e+00	0.0000000000000000e+00	0.0000000000000000e+00	0.0000000000000000e+00	0.0000000000000000e+00	0.0000000000000000e+00	0.0000000000000000e+00	
4.2527653578055304e-02	-0.0000000000000000e+00	-0.0000000000000000e+00	2.3074089005668561e-04	6.7700000000000005e-01	0.0000000000000000e+00	7.0002263454663381e+07	-5.6914119007661066e+02	-1.2000307443424976e+08	0.0000000000000000e+00	-0.0000000000000000e+00	0.0000000000000000e+00	0.0000000000000000e+00	0.0000000000000000e+00	0.0000000000000000e+00	0.0000000000000000e+00	0.0000000000000000e+00	0.0000000000000000e+00	
4.3945242030657146e-02	-0.0000000000000000e+00	-0.0000000000000000e+00	3.8262720300646181e-04	6.7700000000000005e-01	0.0000000000000000e+00	7.0001089404390812e+07	-5.9611384201362682e+02	-1.2000226967622395e+08	0.0000000000000000e+00	-0.0000000000000000e+00	0.0000000000000000e+00	0.0000000000000000e+00	0.0000000000000000e+00	0.0000000000000000e+00	0.0000000000000000e+00	0.0000000000000000e+00	0.0000000000000000e+00	
4.5362830483258988e-02	-0.0000000000000000e+00	-0.0000000000000000e+00	3.8262720300646181e-04	6.7700000000000005e-01	0.0000000000000000e+00	7.0001089404390812e+07	-5.9611384201362682e+02	-1.2000226967622395e+08	0.0000000000000000e+00	-0.0000000000000000e+00	0.0000000000000000e+00	0.0000000000000000e+00	0.0000000000000000e+00	0.0000000000000000e+00	0.0000000000000000e+00	0.0000000000000000e+00	0.0000000000000000e+00	
4.6780418935860830e-02	-0.0000000000000000e+00	-0.0000000000000000e+00	5.4037437569291161e-04	6.7700000000000005e-01	0.0000000000000000e+00	6.9999658851051122e+07	-6.1305536304000941e+02	-1.2000129050239517e+08	0.0000000000000000e+00	-0.0000000000000000e+00	0.0000000000000000e+00	0.0000000000000000e+00	0.0000000000000000e+00	0.0000000000000000e+00	0.0000000000000000e+00	0.0000000000000000e+00	0.0000000000000000e+00	
4.8198007388462673e-02	-0.0000000000000000e+00	-0.0000000000000000e+00	5.4037437569291161e-04	6.7700000000000005e-01	0.0000000000000000e+00	6.9999658851051122e+07	-6.1305536304000941e+02	-1.2000129050239517e+08	0.0000000000000000e+00	-0.0000000000000000e+00	0.0000000000000000e+00	0.0000000000000000e+00	0.0000000000000000e+00	0.0000000000000000e+00	0.0000000000000000e+00	0.0000000000000000e+00	0.0000000000000000e+00	
4.9615595841064515e-02	-0.0000000000000000e+00	-0.0000000000000000e+00	6.9368187933189639e-04	6.7700000000000005e-01	0.0000000000000000e+00	6.9998075162955090e+07	-6.2214218108121088e+02	-1.2000024427119242e+08	0.0000000000000000e+00	-0.0000000000000000e+00	0.0000000000000000e+00	0.0000000000000000e+00	0.0000000000000000e+00	0.0000000000000000e+00	0.0000000000000000e+00	0.0000000000000000e+00	0.0000000000000000e+00	
5.1033184293666357e-02	-0.0000000000000000e+00	-0.0000000000000000e+00	6.9368187933189639e-04	6.7700000000000005e-01	0.0000000000000000e+00	6.9998075162955090e+07	-6.2214218108121088e+02	-1.2000024427119242e+08	0.0000000000000000e+00	-0.0000000000000000e+00	0.0000000000000000e+00	0.0000000000000000e+00	0.0000000000000000e+00	0.0000000000000000e+00	0.0000000000000000e+00	0.0000000000000000e+00	0.0000000000000000e+00	
5.2450772746268200e-02	-0.0000000000000000e+00	-0.0000000000000000e+00	8.3215958826322021e-04	6.7700000000000005e-01	0.0000000000000000e+00	6.9996449356080413e+07	-6.2554460175105589e+02	-1.1999924486697219e+08	0.0000000000000000e+00	-0.0000000000000000e+00	0.0000000000000000e+00	0.0000000000000000e+00	0.0000000000000000e+00	0.0000000000000000e+00	0.0000000000000000e+00	0.0000000000000000e+00	0.0000000000000000e+00	
5.3868361198870042e-02	-0.0000000000000000e+00	-0.0000000000000000e+00	8.3215958826322021e-04	6.7700000000000005e-01	0.0000000000000000e+00	6.9996449356080413e+07	-6.2554460175105589e+02	-1.1999924486697219e+08	0.0000000000000000e+00	-0.0000000000000000e+00	0.0000000000000000e+00	0.0000000000000000e+00	0.0000000000000000e+00	0.0000000000000000e+00	0.0000000000000000e+00	0.0000000000000000e+00	0.0000000000000000e+00	
5.5285949651471884e-02	-0.0000000000000000e+00	-0.0000000000000000e+00	9.4607623870498288e-04	6.7700000000000005e-01	0.0000000000000000e+00	6.9994890304001078e+07	-6.2527219962157358e+02	-1.1999840074402378e+08	0.0000000000000000e+00	-0.0000000000000000e+00	0.0000000000000000e+00	0.0000000000000000e+00	0.0000000000000000e+00	0.0000000000000000e+00	0.0000000000000000e+00	0.0000000000000000e+00	0.0000000000000000e+00	
5.6703538104073727e-02	-0.0000000000000000e+00	-0.0000000000000000e+00	9.4607623870498288e-04	6.7700000000000005e-01	0.0000000000000000e+00	6.9994890304001078e+07	-6.2527219962157358e+02	-1.1999840074402378e+08	0.0000000000000000e+00	-0.0000000000000000e+00	0.0000000000000000e+00	0.0000000000000000e+00	0.0000000000000000e+00	0.0000000000000000e+00	0.0000000000000000e+00	0.0000000000000000e+00	0.0000000000000000e+00	
5.8121126556675569e-02	-0.0000000000000000e+00	-0.0000000000000000e+00	1.0271252745789607e-03	6.7700000000000005e-01	0.0000000000000000e+00	6.9993495499684438e+07	-6.2339745099642198e+02	-1.1999780617260960e+08	0.0000000000000000e+00	-0.0000000000000000e+00	0.0000000000000000e+00	0.0000000000000000e+00	0.0000000000000000e+00	0.0000000000000000e+00	0.0000000000000000e+00	0.0000000000000000e+00	0.0000000000000000e+00	
5.9538715009277411e-02	-0.0000000000000000e+00	-0.0000000000000000e+00	1.0271252745789607e-03	6.7700000000000005e-01	0.0000000000000000e+00	6.9993495499684438e+07	-6.2339745099642198e+02	-1.1999780617260960e+08	0.0000000000000000e+00	-0.0000000000000000e+00	0.0000000000000000e+00	0.0000000000000000e+00	0.0000000000000000e+00	0.0000000000000000e+00	0.0000000000000000e+00	0.0000000000000000e+00	0.0000000000000000e+00	
6.0956303461879253e-02	-0.0000000000000000e+00	-0.0000000000000000e+00	1.0689102143342578e-03	6.7700000000000005e-01	0.0000000000000000e+00	6.9992344533990979e+07	-6.2165177723546094e+02	-1.1999753239440268e+08	0.0000000000000000e+00	-0.0000000000000000e+00	0.0000000000000000e+00	0.0000000000000000e+00	0.0000000000000000e+00	0.0000000000000000e+00	0.0000000000000000e+00	0.0000000000000000e+00	0.0000000000000000e+00	
6.2373891914481096e-02	-0.0000000000000000e+00	-0.0000000000000000e+00	1.0689102143342578e-03	6.7700000000000005e-01	0.0000000000000000e+00	6.9992344533990979e+07	-6.2165177723546094e+02	-1.1999753239440268e+08	0.0000000000000000e+00	-0.0000000000000000e+00	0.0000000000000000e+00	0.0000000000000000e+00	0.0000000000000000e+00	0.0000000000000000e+00	0.0000000000000000e+00	0.0000000000000000e+00	0.0000000000000000e+00	
6.3791480367082945e-02	-0.0000000000000000e+00	-0.0000000000000000e+00	1.0673236953260069e-03	6.7700000000000005e-01	0.0000000000000000e+00	6.9991494443428114e+07	-6.2140088830838624e+02	-1.1999762261564699e+08	0.0000000000000000e+00	-0.0000000000000000e+00	0.0000000000000000e+00	0.0000000000000000e+00	0.0000000000000000e+00	0.0000000000000000e+00	0.0000000000000000e+00	0.0000000000000000e+00	0.0000000000000000e+00	
6.5209068819684787e-02	-0.0000000000000000e+00	-0.0000000000000000e+00	1.0673236953260069e-03	6.7700000000000005e-01	0.0000000000000000e+00	6.9991494443428114e+07	-6.2140088830838624e+02	-1.1999762261564699e+08	0.0000000000000000e+00	-0.0000000000000000e+00	0.0000000000000000e+00	0.0000000000000000e+00	0.0000000000000000e+00	0.0000000000000000e+00	0.0000000000000000e+00	0.0000000000000000e+00	0.0000000000000000e+00	
6.6626657272286630e-02	-0.0000000000000000e+00	-0.0000000000000000e+00	1.0207126485814713e-03	6.7700000000000005e-01	0.0000000000000000e+00	6.9990977768248931e+07	-6.2338283073532762e+02	-1.1999808941474038e+08	0.0000000000000000e+00	-0.0000000000000000e+00	0.0000000000000000e+00	0.0000000000000000e+00	0.0000000000000000e+00	0.0000000000000000e+00	0.0000000000000000e+00	0.0000000000000000e+00	0.0000000000000000e+00	
6.8044245724888472e-02	-0.0000000000000000e+00	-0.0000000000000000e+00	1.0207126485814713e-03	6.7700000000000005e-01	0.0000000000000000e+00	6.9990977768248931e+07	-6.2338283073532762e+02	-1.1999808941474038e+08	0.0000000000000000e+00	-0.0000000000000000e+00	0.0000000000000000e+00	0.0000000000000000e+00	0.0000000000000000e+00	0.0000000000000000e+00	0.0000000000000000e+00	0.0000000000000000e+00	0.0000000000000000e+00	
6.9461834177490314e-02	-0.0000000000000000e+00	-0.0000000000000000e+00	9.2984489804004465e-04	6.7700000000000005e-01	0.0000000000000000e+00	6.9990802861560911e+07	-6.2765122298949984e+02	-1.1999891440590389e+08	0.0000000000000000e+00	-0.0000000000000000e+00	0.0000000000000000e+00	0.0000000000000000e+00	0.0000000000000000e+00	0.0000000000000000e+00	0.0000000000000000e+00	0.0000000000000000e+00	0.0000000000000000e+00	
7.0879422630092156e-02	-0.0000000000000000e+00	-0.0000000000000000e+00	9.2984489804004465e-04	6.7700000000000005e-01	0.0000000000000000e+00	6.9990802861560911e+07	-6.2765122298949984e+02	-1.1999891440590389e+08	0.0000000000000000e+00	-0.0000000000000000e+00	0.0000000000000000e+00	0.0000000000000000e+00	0.0000000000000000e+00	0.0000000000000000e+00	0.0000000000000000e+00	0.0000000000000000e+00	0.0000000000000000e+00	
7.2297011082693999e-02	-0.0000000000000000e+00	-0.0000000000000000e+00	7.9781624368345831e-04	6.7700000000000005e-01	0.0000000000000000e+00	6.9990955662589610e+07	-6.3375326537785452e+02	-1.2000005214110899e+08	0.0000000000000000e+00	-0.0000000000000000e+00	0.0000000000000000e+00	0.0000000000000000e+00	0.0000000000000000e+00	0.0000000000000000e+00	0.0000000000000000e+00	0.0000000000000000e+00	0.0000000000000000e+00	
7.3714599535295841e-02	-0.0000000000000000e+00	-0.0000000000000000e+00	7.9781624368345831e-04	6.7700000000000005e-01	0.0000000000000000e+00	6.9990955662589610e+07	-6.3375326537785452e+02	-1.2000005214110899e+08	0.0000000000000000e+00	-0.0000000000000000e+00	0.0000000000000000e+00	0.0000000000000000e+00	0.0000000000000000e+00	0.0000000000000000e+00	0.0000000000000000e+00	0.0000000000000000e+00	0.0000000000000000e+00	
7.5132187987897683e-02	-0.0000000000000000e+00	-0.0000000000000000e+00	6.2966849749778863e-04	6.7700000000000005e-01	0.0000000000000000e+00	6.9991403658143833e+07	-6.4065170570584871e+02	-1.2000143335520509e+08	0.0000000000000000e+00	-0.0000000000000000e+00	0.0000000000000000e+00	0.0000000000000000e+00	0.0000000000000000e+00	0.0000000000000000e+00	0.0000000000000000e+00	0.0000000000000000e+00	0.0000000000000000e+00	
7.6549776440499526e-02	-0.0000000000000000e+00	-0.0000000000000000e+00	6.2966849749778863e-04	6.7700000000000005e-01	0.0000000000000000e+00	6.9991403658143833e+07	-6.4065170570584871e+02	-1.2000143335520509e+08	0.0000000000000000e+00	-0.0000000000000000e+00	0.0000000000000000e+00	0.0000000000000000e+00	0.0000000000000000e+00	0.0000000000000000e+00	0.0000000000000000e+00	0.0000000000000000e+00	0.0000000000000000e+00	
7.7967364893101368e-02	-0.0000000000000000e+00	-0.0000000000000000e+00	4.3211936031949057e-04	6.7700000000000005e-01	0.0000000000000000e+00	6.9992099716257811e+07	-6.4726621935920525e+02	-1.2000297341402286e+08	0.0000000000000000e+00	-0.0000000000000000e+00	0.0000000000000000e+00	0.0000000000000000e+00	0.0000000000000000e+00	0.0000000000000000e+00	0.0000000000000000e+00	0.0000000000000000e+00	0.0000000000000000e+00	
7.9384953345703210e-02	-0.0000000000000000e+00	-0.0000000000000000e+00	4.3211936031949057e-04	6.7700000000000005e-01	0.0000000000000000e+00	6.9992099716257811e+07	-6.4726621935920525e+02	-1.2000297341402286e+08	0.0000000000000000e+00	-0.0000000000000000e+00	0.0000000000000000e+00	0.0000000000000000e+00	0.0000000000000000e+00	0.0000000000000000e+00	0.0000000000000000e+00	0.0000000000000000e+00	0.0000000000000000e+00	
8.0802541798305053e-02	-0.0000000000000000e+00	-0.0000000000000000e+00	2.1295131401153407e-04	6.7700000000000005e-01	0.0000000000000000e+00	6.9992987885190800e+07	-6.5225133329184860e+02	-1.2000457712851854e+08	0.0000000000000000e+00	-0.0000000000000000e+00	0.0000000000000000e+00	0.0000000000000000e+00	0.0000000000000000e+00	0.0000000000000000e+00	0.0000000000000000e+00	0.0000000000000000e+00	0.0000000000000000e+00	
8.2220130250906895e-02	-0.0000000000000000e+00	-0.0000000000000000e+00	2.1295131401153407e-04	6.7700000000000005e-01	0.0000000000000000e+00	6.9992987885190800e+07	-6.5225133329184860e+02	-1.2000457712851854e+08	0.0000000000000000e+00	-0.0000000000000000e+00	0.0000000000000000e+00	0.0000000000000000e+00	0.0000000000000000e+00	0.0000000000000000e+00	0.0000000000000000e+00	0.0000000000000000e+00	0.0000000000000000e+00	
8.3637718703508737e-02	-0.0000000000000000e+00	-0.0000000000000000e+00	-1.9333108198224664e-05	6.7700000000000005e-01	0.0000000000000000e+00	6.9994007664587587e+07	-6.5467058501744202e+02	-1.2000614879216240e+08	0.0000000000000000e+00	-0.0000000000000000e+00	0.0000000000000000e+00	0.0000000000000000e+00	0.0000000000000000e+00	0.0000000000000000e+00	0.0000000000000000e+00	0.0000000000000000e+00	0.0000000000000000e+00	
8.5055307156110579e-02	-0.0000000000000000e+00	-0.0000000000000000e+00	-1.9333108198224664e-05	6.7700000000000005e-01	0.0000000000000000e+00	6.9994007664587587e+07	-6.5467058501744202e+02	-1.2000614879216240e+08	0.0000000000000000e+00	-0.0000000000000000e+00	0.0000000000000000e+00	0.0000000000000000e+00	0.0000000000000000e+00	0.0000000000000000e+00	0.0000000000000000e+00	0.0000000000000000e+00	0.0000000000000000e+00	
8.6472895608712422e-02	-0.0000000000000000e+00	-0.0000000000000000e+00	-2.5617816071843387e-04	6.7700000000000005e-01	0.0000000000000000e+00	6.9995099832732305e+07	-6.5359958803678887e+02	-1.2000759655310509e+08	0.0000000000000000e+00	-0.0000000000000000e+00	0.0000000000000000e+00	0.0000000000000000e+00	0.0000000000000000e+00	0.0000000000000000e+00	0.0000000000000000e+00	0.0000000000000000e+00	0.0000000000000000e+00	
8.7890484061314264e-02	-0.0000000000000000e+00	-0.0000000000000000e+00	-2.5617816071843387e-04	6.7700000000000005e-01	0.0000000000000000e+00	6.9995099832732305e+07	-6.5359958803678887e+02	-1.2000759655310509e+08	0.0000000000000000e+00	-0.0000000000000000e+00	0.0000000000000000e+00	0.0000000000000000e+00	0.0000000000000000e+00	0.0000000000000000e+00	0.0000000000000000e+00	0.0000000000000000e+00	0.0000000000000000e+00	
8.9308072513916106e-02	-0.0000000000000000e+00	-0.0000000000000000e+00	-4.8927762184152704e-04	6.7700000000000005e-01	0.0000000000000000e+00	6.9996209820071533e+07	-6.4874810857845830e+02	-1.2000884111630030e+08	0.0000000000000000e+00	-0.0000000000000000e+00	0.0000000000000000e+00	0.0000000000000000e+00	0.0000000000000000e+00	0.0000000000000000e+00	0.0000000000000000e+00	0.0000000000000000e+00	0.0000000000000000e+00	
9.0725660966517949e-02	-0.0000000000000000e+00	-0.0000000000000000e+00	-4.8927762184152704e-04	6.7700000000000005e-01	0.0000000000000000e+00	6.9996209820071533e+07	-6.4874810857845830e+02	-1.2000884111630030e+08	0.0000000000000000e+00	-0.0000000000000000e+00	0.0000000000000000e+00	0.0000000000000000e+00	0.0000000000000000e+00	0.0000000000000000e+00	0.0000000000000000e+00	0.0000000000000000e+00	0.0000000000000000e+00	
9.2143249419119791e-02	-0.0000000000000000e+00	-0.0000000000000000e+00	-7.1112013576643323e-04	6.7700000000000005e-01	0.0000000000000000e+00	6.9997292050443545e+07	-6.3999080951334145e+02	-1.2000981826616994e+08	0.0000000000000000e+00	-0.0000000000000000e+00	0.0000000000000000e+00	0.0000000000000000e+00	0.0000000000000000e+00	0.0000000000000000e+00	0.0000000000000000e+00	0.0000000000000000e+00	0.0000000000000000e+00	
9.3560837871721633e-02	-0.0000000000000000e+00	-0.0000000000000000e+00	-7.1112013576643323e-04	6.7700000000000005e-01	0.0000000000000000e+00	6.9997292050443545e+07	-6.3999080951334145e+02	-1.2000981826616994e+08	0.0000000000000000e+00	-0.0000000000000000e+00	0.0000000000000000e+00	0.0000000000000000e+00	0.0000000000000000e+00	0.0000000000000000e+00	0.0000000000000000e+00	0.0000000000000000e+00	0.0000000000000000e+00	
9.4978426324323476e-02	-0.0000000000000000e+00	-0.0000000000000000e+00	-9.1516730118285680e-04	6.7700000000000005e-01	0.0000000000000000e+00	6.9998311576478690e+07	-6.2782452536891731e+02	-1.2001048414073609e+08	0.0000000000000000e+00	-0.0000000000000000e+00	0.0000000000000000e+00	0.0000000000000000e+00	0.0000000000000000e+00	0.0000000000000000e+00	0.0000000000000000e+00	0.0000000000000000e+00	0.0000000000000000e+00	
9.6396014776925318e-02	-0.0000000000000000e+00	-0.0000000000000000e+00	-9.1516730118285680e-04	6.7700000000000005e-01	0.0000000000000000e+00	6.9998311576478690e+07	-6.2782452536891731e+02	-1.2001048414073609e+08	0.0000000000000000e+00	-0.0000000000000000e+00	0.0000000000000000e+00	0.0000000000000000e+00	0.0000000000000000e+00	0.0000000000000000e+00	0.0000000000000000e+00	0.0000000000000000e+00	0.0000000000000000e+00	
9.7813603229527160e-02	-0.0000000000000000e+00	-0.0000000000000000e+00	-1.0961652327373238e-03	6.7700000000000005e-01	0.0000000000000000e+00	6.9999246053684488e+07	-6.1296818628635617e+02	-1.2001081542152390e+08	0.0000000000000000e+00	-0.0000000000000000e+00	0.0000000000000000e+00	0.0000000000000000e+00	0.0000000000000000e+00	0.0000000000000000e+00	0.0000000000000000e+00	0.0000000000000000e+00	0.0000000000000000e+00	
9.9231191682129002e-02	-0.0000000000000000e+00	-0.0000000000000000e+00	-1.0961652327373238e-03	6.7700000000000005e-01	0.0000000000000000e+00	6.9999246053684488e+07	-6.1296818628635617e+02	-1.2001081542152390e+08	0.0000000000000000e+00	-0.0000000000000000e+00	0.0000000000000000e+00	0.0000000000000000e+00	0.0000000000000000e+00	0.0000000000000000e+00	0.0000000000000000e+00	0.0000000000000000e+00	0.0000000000000000e+00	
1.0064878013473084e-01	-0.0000000000000000e+00	-0.0000000000000000e+00	-1.2501851674210213e-03	6.7700000000000005e-01	0.0000000000000000e+00	7.0000085491364077e+07	-5.9658204092107542e+02	-1.2001081036853518e+08	0.0000000000000000e+00	-0.0000000000000000e+00	0.0000000000000000e+00	0.0000000000000000e+00	0.0000000000000000e+00	0.0000000000000000e+00	0.0000000000000000e+00	0.0000000000000000e+00	0.0000000000000000e+00	
1.0206636858733269e-01	-0.0000000000000000e+00	-0.0000000000000000e+00	-1.2501851674210213e-03	6.7700000000000005e-01	0.0000000000000000e+00	7.0000085491364077e+07	-5.9658204092107542e+02	-1.2001081036853518e+08	0.0000000000000000e+00	-0.0000000000000000e+00	0.0000000000000000e+00	0.0000000000000000e+00	0.0000000000000000e+00	0.0000000000000000e+00	0.0000000000000000e+00	0.0000000000000000e+00	0.0000000000000000e+00	
1.0348395703993453e-01	-0.0000000000000000e+00	-0.0000000000000000e+00	-1.3746822092644943e-03	6.7700000000000005e-01	0.0000000000000000e+00	7.0000831812924162e+07	-5.8003969911838556e+02	-1.2001048711601548e+08	0.0000000000000000e+00	-0.0000000000000000e+00	0.0000000000000000e+00	0.0000000000000000e+00	0.0000000000000000e+00	0.0000000000000000e+00	0.0000000000000000e+00	0.0000000000000000e+00	0.0000000000000000e+00	
1.0490154549253637e-01	-0.0000000000000000e+00	-0.0000000000000000e+00	-1.3746822092644943e-03	6.7700000000000005e-01	0.0000000000000000e+00	7.0000831812924162e+07	-5.8003969911838556e+02	-1.2001048711601548e+08	0.0000000000000000e+00	-0.0000000000000000e+00	0.0000000000000000e+00	0.0000000000000000e+00	0.0000000000000000e+00	0.0000000000000000e+00	0.0000000000000000e+00	0.0000000000000000e+00	0.0000000000000000e+00	
1.0631913394513821e-01	-0.0000000000000000e+00	-0.0000000000000000e+00	-1.4684446911852091e-03	6.7700000000000005e-01	0.0000000000000000e+00	7.0001497244644299e+07	-5.6487579526107152e+02	-1.2000988092777196e+08	0.0000000000000000e+00	-0.0000000000000000e+00	0.0000000000000000e+00	0.0000000000000000e+00	0.0000000000000000e+00	0.0000000000000000e+00	0.0000000000000000e+00	0.0000000000000000e+00	0.0000000000000000e+00	
1.0773672239774006e-01	-0.0000000000000000e+00	-0.0000000000000000e+00	-1.4684446911852091e-03	6.7700000000000005e-01	0.0000000000000000e+00	7.0001497244644299e+07	-5.6487579526107152e+02	-1.2000988092777196e+08	0.0000000000000000e+00	-0.0000000000000000e+00	0.0000000000000000e+00	0.0000000000000000e+00	0.0000000000000000e+00	0.0000000000000000e+00	0.0000000000000000e+00	0.0000000000000000e+00	0.0000000000000000e+00	
1.0915431085034190e-01	-0.0000000000000000e+00	-0.0000000000000000e+00	-1.5314513606162635e-03	6.7700000000000005e-01	0.0000000000000000e+00	7.0002102123481095e+07	-5.5278036697194636e+02	-1.2000904163463695e+08	0.0000000000000000e+00	-0.0000000000000000e+00	0.0000000000000000e+00	0.0000000000000000e+00	0.0000000000000000e+00	0.0000000000000000e+00	0.0000000000000000e+00	0.0000000000000000e+00	0.0000000000000000e+00	
1.1057189930294374e-01	-0.0000000000000000e+00	-0.0000000000000000e+00	-1.5314513606162635e-03	6.7700000000000005e-01	0.0000000000000000e+00	7.0002102123481095e+07	-5.5278036697194636e+02	-1.2000904163463695e+08	0.0000000000000000e+00	-0.0000000000000000e+00	0.0000000000000000e+00	0.0000000000000000e+00	0.0000000000000000e+00	0.0000000000000000e+00	0.0000000000000000e+00	0.0000000000000000e+00	0.0000000000000000e+00	
1.1198948775554558e-01	-0.0000000000000000e+00	-0.0000000000000000e+00	-1.5647939800205797e-03	6.7700000000000005e-01	0.0000000000000000e+00	7.0002672808856279e+07	-5.4529927897410232e+02	-1.2000802842364353e+08	0.0000000000000000e+00	-0.0000000000000000e+00	0.0000000000000000e+00	0.0000000000000000e+00	0.0000000000000000e+00	0.0000000000000000e+00	0.0000000000000000e+00	0.0000000000000000e+00	0.0000000000000000e+00	
1.1340707620814743e-01	-0.0000000000000000e+00	-0.0000000000000000e+00	-1.5647939800205797e-03	6.7700000000000005e-01	0.0000000000000000e+00	7.0002672808856279e+07	-5.4529927897410232e+02	-1.2000802842364353e+08	0.0000000000000000e+00	-0.0000000000000000e+00	0.0000000000000000e+00	0.0000000000000000e+00	0.0000000000000000e+00	0.0000000000000000e+00	0.0000000000000000e+00	0.0000000000000000e+00	0.0000000000000000e+00	
1.1482466466074927e-01	-0.0000000000000000e+00	-0.0000000000000000e+00	-1.5704111605631642e-03	6.7700000000000005e-01	0.0000000000000000e+00	7.0003238720866159e+07	-5.4405744641004117e+02	-1.2000690755342078e+08	0.0000000000000000e+00	-0.0000000000000000e+00	0.0000000000000000e+00	0.0000000000000000e+00	0.0000000000000000e+00	0.0000000000000000e+00	0.0000000000000000e+00	0.0000000000000000e+00	0.0000000000000000e+00	
1.1624225311335111e-01	-0.0000000000000000e+00	-0.0000000000000000e+00	-1.5704111605631642e-03	6.7700000000000005e-01	0.0000000000000000e+00	7.0003238720866159e+07	-5.4405744641004117e+02	-1.2000690755342078e+08	0.0000000000000000e+00	-0.0000000000000000e+00	0.0000000000000000e+00	0.0000000000000000e+00	0.0000000000000000e+00	0.0000000000000000e+00	0.0000000000000000e+00	0.0000000000000000e+00	0.0000000000000000e+00	
1.1765984156595295e-01	-0.0000000000000000e+00	-0.0000000000000000e+00	-1.5510310716915798e-03	6.7700000000000005e-01	0.0000000000000000e+00	7.0003830611523420e+07	-5.5028763195649447e+02	-1.2000574625211902e+08	0.0000000000000000e+00	-0.0000000000000000e+00	0.0000000000000000e+00	0.0000000000000000e+00	0.0000000000000000e+00	0.0000000000000000e+00	0.0000000000000000e+00	0.0000000000000000e+00	0.0000000000000000e+00	
1.1907743001855479e-01	-0.0000000000000000e+00	-0.0000000000000000e+00	-1.5510310716915798e-03	6.7700000000000005e-01	0.0000000000000000e+00	7.0003830611523420e+07	-5.5028763195649447e+02	-1.2000574625211902e+08	0.0000000000000000e+00	-0.0000000000000000e+00	0.0000000000000000e+00	0.0000000000000000e+00	0.0000000000000000e+00	0.0000000000000000e+00	0.0000000000000000e+00	0.0000000000000000e+00	0.0000000000000000e+00	
1.2049501847115664e-01	-0.0000000000000000e+00	-0.0000000000000000e+00	-1.5098545843762838e-03	6.7700000000000005e-01	0.0000000000000000e+00	7.0004477726363406e+07	-5.6524593071772040e+02	-1.2000461151140383e+08	0.0000000000000000e+00	-0.0000000000000000e+00	0.0000000000000000e+00	0.0000000000000000e+00	0.0000000000000000e+00	0.0000000000000000e+00	0.0000000000000000e+00	0.0000000000000000e+00	0.0000000000000000e+00	
1.2191260692375848e-01	-0.0000000000000000e+00	-0.0000000000000000e+00	-1.5098545843762838e-03	6.7700000000000005e-01	0.0000000000000000e+00	7.0004477726363406e+07	-5.6524593071772040e+02	-1.2000461151140383e+08	0.0000000000000000e+00	-0.0000000000000000e+00	0.0000000000000000e+00	0.0000000000000000e+00	0.0000000000000000e+00	0.0000000000000000e+00	0.0000000000000000e+00	0.0000000000000000e+00	0.0000000000000000e+00	
1.2333019537636032e-01	-0.0000000000000000e+00	-0.0000000000000000e+00	-1.4505350212226718e-03	6.7700000000000005e-01	0.0000000000000000e+00	7.0005206929533556e+07	-5.8966308987429591e+02	-1.2000356442659101e+08	0.0000000000000000e+00	-0.0000000000000000e+00	0.0000000000000000e+00	0.0000000000000000e+00	0.0000000000000000e+00	0.0000000000000000e+00	0.0000000000000000e+00	0.0000000000000000e+00	0.0000000000000000e+00	
1.2474778382896216e-01	-0.0000000000000000e+00	-0.0000000000000000e+00	-1.4505350212226718e-03	6.7700000000000005e-01	0.0000000000000000e+00	7.0005206929533556e+07	-5.8966308987429591e+02	-1.2000356442659101e+08	0.0000000000000000e+00	-0.0000000000000000e+00	0.0000000000000000e+00	0.0000000000000000e+00	0.0000000000000000e+00	0.0000000000000000e+00	0.0000000000000000e+00	0.0000000000000000e+00	0.0000000000000000e+00	
1.2616537228156402e-01	-0.0000000000000000e+00	-0.0000000000000000e+00	-1.3768653588507199e-03	6.7700000000000005e-01	0.0000000000000000e+00	7.0006040548476323e+07	-6.2427361256148401e+02	-1.2000266033285180e+08	0.0000000000000000e+00	-0.0000000000000000e+00	0.0000000000000000e+00	0.0000000000000000e+00	0.0000000000000000e+00	0.0000000000000000e+00	0.0000000000000000e+00	0.0000000000000000e+00	0.0000000000000000e+00	
1.2758296073416586e-01	-0.0000000000000000e+00	-0.0000000000000000e+00	-1.3768653588507199e-03	6.7700000000000005e-01	0.0000000000000000e+00	7.0006040548476323e+07	-6.2427361256148401e+02	-1.2000266033285180e+08	0.0000000000000000e+00	-0.0000000000000000e+00	0.0000000000000000e+00	0.0000000000000000e+00	0.0000000000000000e+00	0.0000000000000000e+00	0.0000000000000000e+00	0.0000000000000000e+00	0.0000000000000000e+00	
1.2900054918676770e-01	-0.0000000000000000e+00	-0.0000000000000000e+00	-1.2927890953144331e-03	6.7700000000000005e-01	0.0000000000000000e+00	7.0006996435340554e+07	-6.6927227662500616e+02	-1.2000194442417184e+08	0.0000000000000000e+00	-0.0000000000000000e+00	0.0000000000000000e+00	0.0000000000000000e+00	0.0000000000000000e+00	0.0000000000000000e+00	0.0000000000000000e+00	0.0000000000000000e+00	0.0000000000000000e+00	
1.3041813763936955e-01	-0.0000000000000000e+00	-0.0000000000000000e+00	-1.2927890953144331e-03	6.7700000000000005e-01	0.0000000000000000e+00	7.0006996435340554e+07	-6.6927227662500616e+02	-1.2000194442417184e+08	0.0000000000000000e+00	-0.0000000000000000e+00	0.0000000000000000e+00	0.0000000000000000e+00	0.0000000000000000e+00	0.0000000000000000e+00	0.0000000000000000e+00	0.0000000000000000e+00	0.0000000000000000e+00	
1.3183572609197139e-01	-0.0000000000000000e+00	-0.0000000000000000e+00	-1.2021285516021836e-03	6.7700000000000005e-01	0.0000000000000000e+00	7.0008086689351574e+07	-7.2485512623295404e+02	-1.2000145301779811e+08	0.0000000000000000e+00	-0.0000000000000000e+00	0.0000000000000000e+00	0.0000000000000000e+00	0.0000000000000000e+00	0.0000000000000000e+00	0.0000000000000000e+00	0.0000000000000000e+00	0.0000000000000000e+00	
1.3325331454457323e-01	-0.0000000000000000e+00	-0.0000000000000000e+00	-1.2021285516021836e-03	6.7700000000000005e-01	0.0000000000000000e+00	7.0008086689351574e+07	-7.2485512623295404e+02	-1.2000145301779811e+08	0.0000000000000000e+00	-0.0000000000000000e+00	0.0000000000000000e+00	0.0000000000000000e+00	0.0000000000000000e+00	0.0000000000000000e+00	0.0000000000000000e+00	0.0000000000000000e+00	0.0000000000000000e+00	
1.3467090299717507e-01	-0.0000000000000000e+00	-0.0000000000000000e+00	-1.1086112108924064e-03	6.7700000000000005e-01	0.0000000000000000e+00	7.0009318434875816e+07	-7.9074347756950806e+02	-1.2000121078384508e+08	0.0000000000000000e+00	-0.0000000000000000e+00	0.0000000000000000e+00	0.0000000000000000e+00	0.0000000000000000e+00	0.0000000000000000e+00	0.0000000000000000e+00	0.0000000000000000e+00	0.0000000000000000e+00	
1.3608849144977692e-01	-0.0000000000000000e+00	-0.0000000000000000e+00	-1.1086112108924064e-03	6.7700000000000005e-01	0.0000000000000000e+00	7.0009318434875816e+07	-7.9074347756950806e+02	-1.2000121078384508e+08	0.0000000000000000e+00	-0.0000000000000000e+00	0.0000000000000000e+00	0.0000000000000000e+00	0.0000000000000000e+00	0.0000000000000000e+00	0.0000000000000000e+00	0.0000000000000000e+00	0.0000000000000000e+00	
1.3750607990237876e-01	-0.0000000000000000e+00	-0.0000000000000000e+00	-1.0156614111104445e-03	6.7700000000000005e-01	0.0000000000000000e+00	7.0010693353512064e+07	-8.6664483441239065e+02	-1.2000123266383623e+08	0.0000000000000000e+00	-0.0000000000000000e+00	0.0000000000000000e+00	0.0000000000000000e+00	0.0000000000000000e+00	0.0000000000000000e+00	0.0000000000000000e+00	0.0000000000000000e+00	0.0000000000000000e+00	
1.3892366835498060e-01	-0.0000000000000000e+00	-0.0000000000000000e+00	-1.0156614111104445e-03	6.7700000000000005e-01	0.0000000000000000e+00	7.0010693353512064e+07	-8.6664483441239065e+02	-1.2000123266383623e+08	0.0000000000000000e+00	-0.0000000000000000e+00	0.0000000000000000e+00	0.0000000000000000e+00	0.0000000000000000e+00	0.0000000000000000e+00	0.0000000000000000e+00	0.0000000000000000e+00	0.0000000000000000e+00	
1.4034125680758244e-01	-0.0000000000000000e+00	-0.0000000000000000e+00	-9.2642660767523429e-04	6.7700000000000005e-01	0.0000000000000000e+00	7.0012208830714703e+07	-9.5189094635500282e+02	-1.2000152267208257e+08	0.0000000000000000e+00	-0.0000000000000000e+00	0.0000000000000000e+00	0.0000000000000000e+00	0.0000000000000000e+00	0.0000000000000000e+00	0.0000000000000000e+00	0.0000000000000000e+00	0.0000000000000000e+00	
1.4175884526018429e-01	-0.0000000000000000e+00	-0.0000000000000000e+00	-9.2642660767523429e-04	6.7700000000000005e-01	0.0000000000000000e+00	7.0012208830714703e+07	-9.5189094635500282e+02	-1.2000152267208257e+08	0.0000000000000000e+00	-0.0000000000000000e+00	0.0000000000000000e+00	0.0000000000000000e+00	0.0000000000000000e+00	0.0000000000000000e+00	0.0000000000000000e+00	0.0000000000000000e+00	0.0000000000000000e+00	
1.4317643371278613e-01	-0.0000000000000000e+00	-0.0000000000000000e+00	-8.4364182671375866e-04	6.7700000000000005e-01	0.0000000000000000e+00	7.0013858098595038e+07	-1.0457623382168970e+03	-1.2000207596522425e+08	0.0000000000000000e+00	-0.0000000000000000e+00	0.0000000000000000e+00	0.0000000000000000e+00	0.0000000000000000e+00	0.0000000000000000e+00	0.0000000000000000e+00	0.0000000000000000e+00	0.0000000000000000e+00	
1.4459402216538797e-01	-0.0000000000000000e+00	-0.0000000000000000e+00	-8.4364182671375866e-04	6.7700000000000005e-01	0.0000000000000000e+00	7.0013858098595038e+07	-1.0457623382168970e+03	-1.2000207596522425e+08	0.0000000000000000e+00	-0.0000000000000000e+00	0.0000000000000000e+00	0.0000000000000000e+00	0.0000000000000000e+00	0.0000000000000000e+00	0.0000000000000000e+00	0.0000000000000000e+00	0.0000000000000000e+00	
1.4601161061798981e-01	-0.0000000000000000e+00	-0.0000000000000000e+00	-7.6964503062166504e-04	6.7700000000000005e-01	0.0000000000000000e+00	7.0015631416457325e+07	-1.1472729760032876e+03	-1.2000287896367960e+08	0.0000000000000000e+00	-0.0000000000000000e+00	0.0000000000000000e+00	0.0000000000000000e+00	0.0000000000000000e+00	0.0000000000000000e+00	0.0000000000000000e+00	0.0000000000000000e+00	0.0000000000000000e+00	
1.4742919907059165e-01	-0.0000000000000000e+00	-0.0000000000000000e+00	-7.6964503062166504e-04	6.7700000000000005e-01	0.0000000000000000e+00	7.0015631416457325e+07	-1.1472729760032876e+03	-1.2000287896367960e+08	0.0000000000000000e+00	-0.0000000000000000e+00	0.0000000000000000e+00	0.0000000000000000e+00	0.0000000000000000e+00	0.0000000000000000e+00	0.0000000000000000e+00	0.0000000000000000e+00	0.0000000000000000e+00	
1.4884678752319350e-01	-0.0000000000000000e+00	-0.0000000000000000e+00	-7.0631250455957843e-04	6.7700000000000005e-01	0.0000000000000000e+00	7.0017516591906920e+07	-1.2553422242562503e+03	-1.2000391118674159e+08	0.0000000000000000e+00	-0.0000000000000000e+00	0.0000000000000000e+00	0.0000000000000000e+00	0.0000000000000000e+00	0.0000000000000000e+00	0.0000000000000000e+00	0.0000000000000000e+00	0.0000000000000000e+00	
1.5026437597579534e-01	-0.0000000000000000e+00	-0.0000000000000000e+00	-7.0631250455957843e-04	6.7700000000000005e-01	0.0000000000000000e+00	7.0017516591906920e+07	-1.2553422242562503e+03	-1.2000391118674159e+08	0.0000000000000000e+00	-0.0000000000000000e+00	0.0000000000000000e+00	0.0000000000000000e+00	0.0000000000000000e+00	0.0000000000000000e+00	0.0000000000000000e+00	0.0000000000000000e+00	0.0000000000000000e+00	
1.5168196442839718e-01	-0.0000000000000000e+00	-0.0000000000000000e+00	-6.5505866573401233e-04	6.7700000000000005e-01	0.0000000000000000e+00	7.0019499949640960e+07	-1.3687381515517652e+03	-1.2000514634530021e+08	0.0000000000000000e+00	-0.0000000000000000e+00	0.0000000000000000e+00	0.0000000000000000e+00	0.0000000000000000e+00	0.0000000000000000e+00	0.0000000000000000e+00	0.0000000000000000e+00	0.0000000000000000e+00	
1.5309955288099902e-01	-0.0000000000000000e+00	-0.0000000000000000e+00	-6.5505866573401233e-04	6.7700000000000005e-01	0.0000000000000000e+00	7.0019499949640960e+07	-1.3687381515517652e+03	-1.2000514634530021e+08	0.0000000000000000e+00	-0.0000000000000000e+00	0.0000000000000000e+00	0.0000000000000000e+00	0.0000000000000000e+00	0.0000000000000000e+00	0.0000000000000000e+00	0.0000000000000000e+00	0.0000000000000000e+00	
1.5451714133360087e-01	-0.0000000000000000e+00	-0.0000000000000000e+00	-6.1683253567982666e-04	6.7700000000000005e-01	0.0000000000000000e+00	7.0021567019669831e+07	-1.4861079353653477e+03	-1.2000655371728556e+08	0.0000000000000000e+00	-0.0000000000000000e+00	0.0000000000000000e+00	0.0000000000000000e+00	0.0000000000000000e+00	0.0000000000000000e+00	0.0000000000000000e+00	0.0000000000000000e+00	0.0000000000000000e+00	
1.5593472978620271e-01	-0.0000000000000000e+00	-0.0000000000000000e+00	-6.1683253567982666e-04	6.7700000000000005e-01	0.0000000000000000e+00	7.0021567019669831e+07	-1.4861079353653477e+03	-1.2000655371728556e+08	0.0000000000000000e+00	-0.0000000000000000e+00	0.0000000000000000e+00	0.0000000000000000e+00	0.0000000000000000e+00	0.0000000000000000e+00	0.0000000000000000e+00	0.0000000000000000e+00	0.0000000000000000e+00	
1.5735231823880455e-01	-0.0000000000000000e+00	-0.0000000000000000e+00	-5.9210346168405478e-04	6.7700000000000005e-01	0.0000000000000000e+00	7.0023703159528390e+07	-1.6060649233228658e+03	-1.2000809983433953e+08	0.0000000000000000e+00	-0.0000000000000000e+00	0.0000000000000000e+00	0.0000000000000000e+00	0.0000000000000000e+00	0.0000000000000000e+00	0.0000000000000000e+00	0.0000000000000000e+00	0.0000000000000000e+00	
1.5876990669140639e-01	-0.0000000000000000e+00	-0.0000000000000000e+00	-5.9210346168405478e-04	6.7700000000000005e-01	0.0000000000000000e+00	7.0023703159528390e+07	-1.6060649233228658e+03	-1.2000809983433953e+08	0.0000000000000000e+00	-0.0000000000000000e+00	0.0000000000000000e+00	0.0000000000000000e+00	0.0000000000000000e+00	0.0000000000000000e+00	0.0000000000000000e+00	0.0000000000000000e+00	0.0000000000000000e+00	
1.6018749514400824e-01	-0.0000000000000000e+00	-0.0000000000000000e+00	-5.8090508575662147e-04	6.7700000000000005e-01	0.0000000000000000e+00	7.0025894247724012e+07	-1.7271001466311727e+03	-1.2000974930839612e+08	0.0000000000000000e+00	-0.0000000000000000e+00	0.0000000000000000e+00	0.0000000000000000e+00	0.0000000000000000e+00	0.0000000000000000e+00	0.0000000000000000e+00	0.0000000000000000e+00	0.0000000000000000e+00	
1.6160508359661008e-01	-0.0000000000000000e+00	-0.0000000000000000e+00	-5.8090508575662147e-04	6.7700000000000005e-01	0.0000000000000000e+00	7.0025894247724012e+07	-1.7271001466311727e+03	-1.2000974930839612e+08	0.0000000000000000e+00	-0.0000000000000000e+00	0.0000000000000000e+00	0.0000000000000000e+00	0.0000000000000000e+00	0.0000000000000000e+00	0.0000000000000000e+00	0.0000000000000000e+00	0.0000000000000000e+00	
1.6302267204921192e-01	-0.0000000000000000e+00	-0.0000000000000000e+00	-5.8281335239235299e-04	6.7700000000000005e-01	0.0000000000000000e+00	7.0028126928264007e+07	-1.8477749378040651e+03	-1.2001146675223991e+08	0.0000000000000000e+00	-0.0000000000000000e+00	0.0000000000000000e+00	0.0000000000000000e+00	0.0000000000000000e+00	0.0000000000000000e+00	0.0000000000000000e+00	0.0000000000000000e+00	0.0000000000000000e+00	
1.6444026050181376e-01	-0.0000000000000000e+00	-0.0000000000000000e+00	-5.8281335239235299e-04	6.7700000000000005e-01	0.0000000000000000e+00	7.0028126928264007e+07	-1.8477749378040651e+03	-1.2001146675223991e+08	0.0000000000000000e+00	-0.0000000000000000e+00	0.0000000000000000e+00	0.0000000000000000e+00	0.0000000000000000e+00	0.0000000000000000e+00	0.0000000000000000e+00	0.0000000000000000e+00	0.0000000000000000e+00	
1.6585784895441560e-01	-0.0000000000000000e+00	-0.0000000000000000e+00	-5.9702438443779045e-04	6.7700000000000005e-01	0.0000000000000000e+00	7.0030389211360797e+07	-1.9665403405974059e+03	-1.2001321706145556e+08	0.0000000000000000e+00	-0.0000000000000000e+00	0.0000000000000000e+00	0.0000000000000000e+00	0.0000000000000000e+00	0.0000000000000000e+00	0.0000000000000000e+00	0.0000000000000000e+00	0.0000000000000000e+00	
1.6727543740701745e-01	-0.0000000000000000e+00	-0.0000000000000000e+00	-5.9702438443779045e-04	6.7700000000000005e-01	0.0000000000000000e+00	7.0030389211360797e+07	-1.9665403405974059e+03	-1.2001321706145556e+08	0.0000000000000000e+00	-0.0000000000000000e+00	0.0000000000000000e+00	0.0000000000000000e+00	0.0000000000000000e+00	0.0000000000000000e+00	0.0000000000000000e+00	0.0000000000000000e+00	0.0000000000000000e+00	
1.6869302585961929e-01	-0.0000000000000000e+00	-0.0000000000000000e+00	-6.2233351078143839e-04	6.7700000000000005e-01	0.0000000000000000e+00	7.0032670391612396e+07	-2.0819880778886768e+03	-1.2001496726763935e+08	0.0000000000000000e+00	-0.0000000000000000e+00	0.0000000000000000e+00	0.0000000000000000e+00	0.0000000000000000e+00	0.0000000000000000e+00	0.0000000000000000e+00	0.0000000000000000e+00	0.0000000000000000e+00	
1.7011061431222113e-01	-0.0000000000000000e+00	-0.0000000000000000e+00	-6.2233351078143839e-04	6.7700000000000005e-01	0.0000000000000000e+00	7.0032670391612396e+07	-2.0819880778886768e+03	-1.2001496726763935e+08	0.0000000000000000e+00	-0.0000000000000000e+00	0.0000000000000000e+00	0.0000000000000000e+00	0.0000000000000000e+00	0.0000000000000000e+00	0.0000000000000000e+00	0.0000000000000000e+00	0.0000000000000000e+00	
1.7152820276482297e-01	-0.0000000000000000e+00	-0.0000000000000000e+00	-6.5723541438256498e-04	6.7700000000000005e-01	0.0000000000000000e+00	7.0034961523857757e+07	-2.1926090329523777e+03	-1.2001668634029342e+08	0.0000000000000000e+00	-0.0000000000000000e+00	0.0000000000000000e+00	0.0000000000000000e+00	0.0000000000000000e+00	0.0000000000000000e+00	0.0000000000000000e+00	0.0000000000000000e+00	0.0000000000000000e+00	
1.7294579121742482e-01	-0.0000000000000000e+00	-0.0000000000000000e+00	-6.5723541438256498e-04	6.7700000000000005e-01	0.0000000000000000e+00	7.0034961523857757e+07	-2.1926090329523777e+03	-1.2001668634029342e+08	0.0000000000000000e+00	-0.0000000000000000e+00	0.0000000000000000e+00	0.0000000000000000e+00	0.0000000000000000e+00	0.0000000000000000e+00	0.0000000000000000e+00	0.0000000000000000e+00	0.0000000000000000e+00	
1.7436337967002666e-01	-0.0000000000000000e+00	-0.0000000000000000e+00	-6.9991192659648379e-04	6.7700000000000005e-01	0.0000000000000000e+00	7.0037255117536381e+07	-2.2970629985788764e+03	-1.2001834676639071e+08	0.0000000000000000e+00	-0.0000000000000000e+00	0.0000000000000000e+00	0.0000000000000000e+00	0.0000000000000000e+00	0.0000000000000000e+00	0.0000000000000000e+00	0.0000000000000000e+00	0.0000000000000000e+00	
1.7578096812262850e-01	-0.0000000000000000e+00	-0.0000000000000000e+00	-6.9991192659648379e-04	6.7700000000000005e-01	0.0000000000000000e+00	7.0037255117536381e+07	-2.2970629985788764e+03	-1.2001834676639071e+08	0.0000000000000000e+00	-0.0000000000000000e+00	0.0000000000000000e+00	0.0000000000000000e+00	0.0000000000000000e+00	0.0000000000000000e+00	0.0000000000000000e+00	0.0000000000000000e+00	0.0000000000000000e+00	
1.7719855657523034e-01	-0.0000000000000000e+00	-0.0000000000000000e+00	-7.4834493049580580e-04	6.7700000000000005e-01	0.0000000000000000e+00	7.0039545507617876e+07	-2.3939127031591024e+03	-1.2001992397589248e+08	0.0000000000000000e+00	-0.0000000000000000e+00	0.0000000000000000e+00	0.0000000000000000e+00	0.0000000000000000e+00	0.0000000000000000e+00	0.0000000000000000e+00	0.0000000000000000e+00	0.0000000000000000e+00	
1.7861614502783218e-01	-0.0000000000000000e+00	-0.0000000000000000e+00	-7.4834493049580580e-04	6.7700000000000005e-01	0.0000000000000000e+00	7.0039545507617876e+07	-2.3939127031591024e+03	-1.2001992397589248e+08	0.0000000000000000e+00	-0.0000000000000000e+00	0.0000000000000000e+00	0.0000000000000000e+00	0.0000000000000000e+00	0.0000000000000000e+00	0.0000000000000000e+00	0.0000000000000000e+00	0.0000000000000000e+00	
1.8003373348043403e-01	-0.0000000000000000e+00	-0.0000000000000000e+00	-8.0031673059572750e-04	6.7700000000000005e-01	0.0000000000000000e+00	7.0041828441099763e+07	-2.4818897708399559e+03	-1.2002139755410160e+08	0.0000000000000000e+00	-0.0000000000000000e+00	0.0000000000000000e+00	0.0000000000000000e+00	0.0000000000000000e+00	0.0000000000000000e+00	0.0000000000000000e+00	0.0000000000000000e+00	0.0000000000000000e+00	
1.8145132193303587e-01	-0.0000000000000000e+00	-0.0000000000000000e+00	-8.0031673059572750e-04	6.7700000000000005e-01	0.0000000000000000e+00	7.0041828441099763e+07	-2.4818897708399559e+03	-1.2002139755410160e+08	0.0000000000000000e+00	-0.0000000000000000e+00	0.0000000000000000e+00	0.0000000000000000e+00	0.0000000000000000e+00	0.0000000000000000e+00	0.0000000000000000e+00	0.0000000000000000e+00	0.0000000000000000e+00	
1.8286891038563771e-01	-0.0000000000000000e+00	-0.0000000000000000e+00	-8.5352756882989961e-04	6.7700000000000005e-01	0.0000000000000000e+00	7.0044101388270482e+07	-2.5596419172585856e+03	-1.2002275041504198e+08	0.0000000000000000e+00	-0.0000000000000000e+00	0.0000000000000000e+00	0.0000000000000000e+00	0.0000000000000000e+00	0.0000000000000000e+00	0.0000000000000000e+00	0.0000000000000000e+00	0.0000000000000000e+00	
1.8428649883823955e-01	-0.0000000000000000e+00	-0.0000000000000000e+00	-8.5352756882989961e-04	6.7700000000000005e-01	0.0000000000000000e+00	7.0044101388270482e+07	-2.5596419172585856e+03	-1.2002275041504198e+08	0.0000000000000000e+00	-0.0000000000000000e+00	0.0000000000000000e+00	0.0000000000000000e+00	0.0000000000000000e+00	0.0000000000000000e+00	0.0000000000000000e+00	0.0000000000000000e+00	0.0000000000000000e+00	
1.8570408729084140e-01	-0.0000000000000000e+00	-0.0000000000000000e+00	-9.0560701803401114e-04	6.7700000000000005e-01	0.0000000000000000e+00	7.0046363115011230e+07	-2.6259879546513889e+03	-1.2002396965640281e+08	0.0000000000000000e+00	-0.0000000000000000e+00	0.0000000000000000e+00	0.0000000000000000e+00	0.0000000000000000e+00	0.0000000000000000e+00	0.0000000000000000e+00	0.0000000000000000e+00	0.0000000000000000e+00	
1.8712167574344324e-01	-0.0000000000000000e+00	-0.0000000000000000e+00	-9.0560701803401114e-04	6.7700000000000005e-01	0.0000000000000000e+00	7.0046363115011230e+07	-2.6259879546513889e+03	-1.2002396965640281e+08	0.0000000000000000e+00	-0.0000000000000000e+00	0.0000000000000000e+00	0.0000000000000000e+00	0.0000000000000000e+00	0.0000000000000000e+00	0.0000000000000000e+00	0.0000000000000000e+00	0.0000000000000000e+00	
1.8853926419604508e-01	-0.0000000000000000e+00	-0.0000000000000000e+00	-9.5422865826802136e-04	6.7700000000000005e-01	0.0000000000000000e+00	7.0048613975892872e+07	-2.6797080649649852e+03	-1.2002504560399991e+08	0.0000000000000000e+00	-0.0000000000000000e+00	0.0000000000000000e+00	0.0000000000000000e+00	0.0000000000000000e+00	0.0000000000000000e+00	0.0000000000000000e+00	0.0000000000000000e+00	0.0000000000000000e+00	
1.8995685264864692e-01	-0.0000000000000000e+00	-0.0000000000000000e+00	-9.5422865826802136e-04	6.7700000000000005e-01	0.0000000000000000e+00	7.0048613975892872e+07	-2.6797080649649852e+03	-1.2002504560399991e+08	0.0000000000000000e+00	-0.0000000000000000e+00	0.0000000000000000e+00	0.0000000000000000e+00	0.0000000000000000e+00	0.0000000000000000e+00	0.0000000000000000e+00	0.0000000000000000e+00	0.0000000000000000e+00	
1.9137444110124877e-01	-0.0000000000000000e+00	-0.0000000000000000e+00	-9.9712611643607853e-04	6.7700000000000005e-01	0.0000000000000000e+00	7.0050855520927072e+07	-2.7197871088831266e+03	-1.2002597238964228e+08	0.0000000000000000e+00	-0.0000000000000000e+00	0.0000000000000000e+00	0.0000000000000000e+00	0.0000000000000000e+00	0.0000000000000000e+00	0.0000000000000000e+00	0.0000000000000000e+00	0.0000000000000000e+00	
1.9279202955385061e-01	-0.0000000000000000e+00	-0.0000000000000000e+00	-9.9712611643607853e-04	6.7700000000000005e-01	0.0000000000000000e+00	7.0050855520927072e+07	-2.7197871088831266e+03	-1.2002597238964228e+08	0.0000000000000000e+00	-0.0000000000000000e+00	0.0000000000000000e+00	0.0000000000000000e+00	0.0000000000000000e+00	0.0000000000000000e+00	0.0000000000000000e+00	0.0000000000000000e+00	0.0000000000000000e+00	
1.9420961800645245e-01	-0.0000000000000000e+00	-0.0000000000000000e+00	-1.0321980232362951e-03	6.7700000000000005e-01	0.0000000000000000e+00	7.0053090788640603e+07	-2.7452616341671937e+03	-1.2002674696723896e+08	0.0000000000000000e+00	-0.0000000000000000e+00	0.0000000000000000e+00	0.0000000000000000e+00	0.0000000000000000e+00	0.0000000000000000e+00	0.0000000000000000e+00	0.0000000000000000e+00	0.0000000000000000e+00	
1.9562720645905429e-01	-0.0000000000000000e+00	-0.0000000000000000e+00	-1.0321980232362951e-03	6.7700000000000005e-01	0.0000000000000000e+00	7.0053090788640603e+07	-2.7452616341671937e+03	-1.2002674696723896e+08	0.0000000000000000e+00	-0.0000000000000000e+00	0.0000000000000000e+00	0.0000000000000000e+00	0.0000000000000000e+00	0.0000000000000000e+00	0.0000000000000000e+00	0.0000000000000000e+00	0.0000000000000000e+00	
1.9704479491165613e-01	-0.0000000000000000e+00	-0.0000000000000000e+00	-1.0575196045359641e-03	6.7700000000000005e-01	0.0000000000000000e+00	7.0055323947946787e+07	-2.7554477828205891e+03	-1.2002736952183393e+08	0.0000000000000000e+00	-0.0000000000000000e+00	0.0000000000000000e+00	0.0000000000000000e+00	0.0000000000000000e+00	0.0000000000000000e+00	0.0000000000000000e+00	0.0000000000000000e+00	0.0000000000000000e+00	
1.9846238336425798e-01	-0.0000000000000000e+00	-0.0000000000000000e+00	-1.0575196045359641e-03	6.7700000000000005e-01	0.0000000000000000e+00	7.0055323947946787e+07	-2.7554477828205891e+03	-1.2002736952183393e+08	0.0000000000000000e+00	-0.0000000000000000e+00	0.0000000000000000e+00	0.0000000000000000e+00	0.0000000000000000e+00	0.0000000000000000e+00	0.0000000000000000e+00	0.0000000000000000e+00	0.0000000000000000e+00	
1.9987997181685982e-01	-0.0000000000000000e+00	-0.0000000000000000e+00	-1.0714320531698949e-03	6.7700000000000005e-01	0.0000000000000000e+00	7.0057560582161322e+07	-2.7498395177168245e+03	-1.2002784252112250e+08	0.0000000000000000e+00	-0.0000000000000000e+00	0.0000000000000000e+00	0.0000000000000000e+00	0.0000000000000000e+00	0.0000000000000000e+00	0.0000000000000000e+00	0.0000000000000000e+00	0.0000000000000000e+00	
2.0129756026946166e-01	-0.0000000000000000e+00	-0.0000000000000000e+00	-1.0714320531698949e-03	6.7700000000000005e-01	0.0000000000000000e+00	7.0057560582161322e+07	-2.7498395177168245e+03	-1.2002784252112250e+08	0.0000000000000000e+00	-0.0000000000000000e+00	0.0000000000000000e+00	0.0000000000000000e+00	0.0000000000000000e+00	0.0000000000000000e+00	0.0000000000000000e+00	0.0000000000000000e+00	0.0000000000000000e+00	
2.0271514872206350e-01	-0.0000000000000000e+00	-0.0000000000000000e+00	-1.0725406820261199e-03	6.7700000000000005e-01	0.0000000000000000e+00	7.0059807333987802e+07	-2.7283101038277891e+03	-1.2002817105450821e+08	0.0000000000000000e+00	-0.0000000000000000e+00	0.0000000000000000e+00	0.0000000000000000e+00	0.0000000000000000e+00	0.0000000000000000e+00	0.0000000000000000e+00	0.0000000000000000e+00	0.0000000000000000e+00	
2.0413273717466535e-01	-0.0000000000000000e+00	-0.0000000000000000e+00	-1.0725406820261199e-03	6.7700000000000005e-01	0.0000000000000000e+00	7.0059807333987802e+07	-2.7283101038277891e+03	-1.2002817105450821e+08	0.0000000000000000e+00	-0.0000000000000000e+00	0.0000000000000000e+00	0.0000000000000000e+00	0.0000000000000000e+00	0.0000000000000000e+00	0.0000000000000000e+00	0.0000000000000000e+00	0.0000000000000000e+00	
2.0555032562726719e-01	-0.0000000000000000e+00	-0.0000000000000000e+00	-1.0597845616758285e-03	6.7700000000000005e-01	0.0000000000000000e+00	7.0062072154287428e+07	-2.6910413958061417e+03	-1.2002836194561860e+08	0.0000000000000000e+00	-0.0000000000000000e+00	0.0000000000000000e+00	0.0000000000000000e+00	0.0000000000000000e+00	0.0000000000000000e+00	0.0000000000000000e+00	0.0000000000000000e+00	0.0000000000000000e+00	
2.0696791407986903e-01	-0.0000000000000000e+00	-0.0000000000000000e+00	-1.0597845616758285e-03	6.7700000000000005e-01	0.0000000000000000e+00	7.0062072154287428e+07	-2.6910413958061417e+03	-1.2002836194561860e+08	0.0000000000000000e+00	-0.0000000000000000e+00	0.0000000000000000e+00	0.0000000000000000e+00	0.0000000000000000e+00	0.0000000000000000e+00	0.0000000000000000e+00	0.0000000000000000e+00	0.0000000000000000e+00	
2.0838550253247087e-01	-0.0000000000000000e+00	-0.0000000000000000e+00	-1.0324149657185177e-03	6.7700000000000005e-01	0.0000000000000000e+00	7.0064363910412520e+07	-2.6386825268791249e+03	-1.2002842408802754e+08	0.0000000000000000e+00	-0.0000000000000000e+00	0.0000000000000000e+00	0.0000000000000000e+00	0.0000000000000000e+00	0.0000000000000000e+00	0.0000000000000000e+00	0.0000000000000000e+00	0.0000000000000000e+00	
2.0980309098507272e-01	-0.0000000000000000e+00	-0.0000000000000000e+00	-1.0324149657185177e-03	6.7700000000000005e-01	0.0000000000000000e+00	7.0064363910412520e+07	-2.6386825268791249e+03	-1.2002842408802754e+08	0.0000000000000000e+00	-0.0000000000000000e+00	0.0000000000000000e+00	0.0000000000000000e+00	0.0000000000000000e+00	0.0000000000000000e+00	0.0000000000000000e+00	0.0000000000000000e+00	0.0000000000000000e+00	
2.1122067943767456e-01	-0.0000000000000000e+00	-0.0000000000000000e+00	-9.9004344987670481e-04	6.7700000000000005e-01	0.0000000000000000e+00	7.0066692572652027e+07	-2.5722852180260638e+03	-1.2002836761690384e+08	0.0000000000000000e+00	-0.0000000000000000e+00	0.0000000000000000e+00	0.0000000000000000e+00	0.0000000000000000e+00	0.0000000000000000e+00	0.0000000000000000e+00	0.0000000000000000e+00	0.0000000000000000e+00	
2.1263826789027640e-01	-0.0000000000000000e+00	-0.0000000000000000e+00	-9.9004344987670481e-04	6.7700000000000005e-01	0.0000000000000000e+00	7.0066692572652027e+07	-2.5722852180260638e+03	-1.2002836761690384e+08	0.0000000000000000e+00	-0.0000000000000000e+00	0.0000000000000000e+00	0.0000000000000000e+00	0.0000000000000000e+00	0.0000000000000000e+00	0.0000000000000000e+00	0.0000000000000000e+00	0.0000000000000000e+00	
2.1405585634287824e-01	-0.0000000000000000e+00	-0.0000000000000000e+00	-9.3259876832343014e-04	6.7700000000000005e-01	0.0000000000000000e+00	7.0069068761988491e+07	-2.4934038803247158e+03	-1.2002820426873457e+08	0.0000000000000000e+00	-0.0000000000000000e+00	0.0000000000000000e+00	0.0000000000000000e+00	0.0000000000000000e+00	0.0000000000000000e+00	0.0000000000000000e+00	0.0000000000000000e+00	0.0000000000000000e+00	
2.1547344479548008e-01	-0.0000000000000000e+00	-0.0000000000000000e+00	-9.3259876832343014e-04	6.7700000000000005e-01	0.0000000000000000e+00	7.0069068761988491e+07	-2.4934038803247158e+03	-1.2002820426873457e+08	0.0000000000000000e+00	-0.0000000000000000e+00	0.0000000000000000e+00	0.0000000000000000e+00	0.0000000000000000e+00	0.0000000000000000e+00	0.0000000000000000e+00	0.0000000000000000e+00	0.0000000000000000e+00	
2.1689103324808193e-01	-0.0000000000000000e+00	-0.0000000000000000e+00	-8.6035412133698118e-04	6.7700000000000005e-01	0.0000000000000000e+00	7.0071503860238180e+07	-2.4040175280425901e+03	-1.2002794659997231e+08	0.0000000000000000e+00	-0.0000000000000000e+00	0.0000000000000000e+00	0.0000000000000000e+00	0.0000000000000000e+00	0.0000000000000000e+00	0.0000000000000000e+00	0.0000000000000000e+00	0.0000000000000000e+00	
2.1830862170068377e-01	-0.0000000000000000e+00	-0.0000000000000000e+00	-8.6035412133698118e-04	6.7700000000000005e-01	0.0000000000000000e+00	7.0071503860238180e+07	-2.4040175280425901e+03	-1.2002794659997231e+08	0.0000000000000000e+00	-0.0000000000000000e+00	0.0000000000000000e+00	0.0000000000000000e+00	0.0000000000000000e+00	0.0000000000000000e+00	0.0000000000000000e+00	0.0000000000000000e+00	0.0000000000000000e+00	
2.1972621015328561e-01	-0.0000000000000000e+00	-0.0000000000000000e+00	-7.7386566502285860e-04	6.7700000000000005e-01	0.0000000000000000e+00	7.0074009503116757e+07	-2.3065621241292729e+03	-1.2002760836313158e+08	0.0000000000000000e+00	-0.0000000000000000e+00	0.0000000000000000e+00	0.0000000000000000e+00	0.0000000000000000e+00	0.0000000000000000e+00	0.0000000000000000e+00	0.0000000000000000e+00	0.0000000000000000e+00	
2.2114379860588745e-01	-0.0000000000000000e+00	-0.0000000000000000e+00	-7.7386566502285860e-04	6.7700000000000005e-01	0.0000000000000000e+00	7.0074009503116757e+07	-2.3065621241292729e+03	-1.2002760836313158e+08	0.0000000000000000e+00	-0.0000000000000000e+00	0.0000000000000000e+00	0.0000000000000000e+00	0.0000000000000000e+00	0.0000000000000000e+00	0.0000000000000000e+00	0.0000000000000000e+00	0.0000000000000000e+00	
2.2256138705848930e-01	-0.0000000000000000e+00	-0.0000000000000000e+00	-6.7398189149821036e-04	6.7700000000000005e-01	0.0000000000000000e+00	7.0076597619379297e+07	-2.2038324102573924e+03	-1.2002720376667532e+08	0.0000000000000000e+00	-0.0000000000000000e+00	0.0000000000000000e+00	0.0000000000000000e+00	0.0000000000000000e+00	0.0000000000000000e+00	0.0000000000000000e+00	0.0000000000000000e+00	0.0000000000000000e+00	
2.2397897551109114e-01	-0.0000000000000000e+00	-0.0000000000000000e+00	-6.7398189149821036e-04	6.7700000000000005e-01	0.0000000000000000e+00	7.0076597619379297e+07	-2.2038324102573924e+03	-1.2002720376667532e+08	0.0000000000000000e+00	-0.0000000000000000e+00	0.0000000000000000e+00	0.0000000000000000e+00	0.0000000000000000e+00	0.0000000000000000e+00	0.0000000000000000e+00	0.0000000000000000e+00	0.0000000000000000e+00	
2.2539656396369298e-01	-0.0000000000000000e+00	-0.0000000000000000e+00	-5.6177105732370131e-04	6.7700000000000005e-01	0.0000000000000000e+00	7.0079279906085446e+07	-2.0989471926166075e+03	-1.2002674783480744e+08	0.0000000000000000e+00	-0.0000000000000000e+00	0.0000000000000000e+00	0.0000000000000000e+00	0.0000000000000000e+00	0.0000000000000000e+00	0.0000000000000000e+00	0.0000000000000000e+00	0.0000000000000000e+00	
2.2681415241629482e-01	-0.0000000000000000e+00	-0.0000000000000000e+00	-5.6177105732370131e-04	6.7700000000000005e-01	0.0000000000000000e+00	7.0079279906085446e+07	-2.0989471926166075e+03	-1.2002674783480744e+08	0.0000000000000000e+00	-0.0000000000000000e+00	0.0000000000000000e+00	0.0000000000000000e+00	0.0000000000000000e+00	0.0000000000000000e+00	0.0000000000000000e+00	0.0000000000000000e+00	0.0000000000000000e+00	
2.2823174086889667e-01	-0.0000000000000000e+00	-0.0000000000000000e+00	-4.3851704181810023e-04	6.7700000000000005e-01	0.0000000000000000e+00	7.0082067818580762e+07	-1.9952388040815688e+03	-1.2002625572010350e+08	0.0000000000000000e+00	-0.0000000000000000e+00	0.0000000000000000e+00	0.0000000000000000e+00	0.0000000000000000e+00	0.0000000000000000e+00	0.0000000000000000e+00	0.0000000000000000e+00	0.0000000000000000e+00	
2.2964932932149851e-01	-0.0000000000000000e+00	-0.0000000000000000e+00	-4.3851704181810023e-04	6.7700000000000005e-01	0.0000000000000000e+00	7.0082067818580762e+07	-1.9952388040815688e+03	-1.2002625572010350e+08	0.0000000000000000e+00	-0.0000000000000000e+00	0.0000000000000000e+00	0.0000000000000000e+00	0.0000000000000000e+00	0.0000000000000000e+00	0.0000000000000000e+00	0.0000000000000000e+00	0.0000000000000000e+00	
2.3106691777410035e-01	-0.0000000000000000e+00	-0.0000000000000000e+00	-3.0564553159086134e-04	6.7700000000000005e-01	0.0000000000000000e+00	7.0084972086112440e+07	-1.8961613715758165e+03	-1.2002574300014284e+08	0.0000000000000000e+00	-0.0000000000000000e+00	0.0000000000000000e+00	0.0000000000000000e+00	0.0000000000000000e+00	0.0000000000000000e+00	0.0000000000000000e+00	0.0000000000000000e+00	0.0000000000000000e+00	
2.3248450622670219e-01	-0.0000000000000000e+00	-0.0000000000000000e+00	-3.0564553159086134e-04	6.7700000000000005e-01	0.0000000000000000e+00	7.0084972086112440e+07	-1.8961613715758165e+03	-1.2002574300014284e+08	0.0000000000000000e+00	-0.0000000000000000e+00	0.0000000000000000e+00	0.0000000000000000e+00	0.0000000000000000e+00	0.0000000000000000e+00	0.0000000000000000e+00	0.0000000000000000e+00	0.0000000000000000e+00	
2.3390209467930403e-01	-0.0000000000000000e+00	-0.0000000000000000e+00	-1.6471086886337764e-04	6.7700000000000005e-01	0.0000000000000000e+00	7.0088002681779906e+07	-1.8051866627551840e+03	-1.2002522507476950e+08	0.0000000000000000e+00	-0.0000000000000000e+00	0.0000000000000000e+00	0.0000000000000000e+00	0.0000000000000000e+00	0.0000000000000000e+00	0.0000000000000000e+00	0.0000000000000000e+00	0.0000000000000000e+00	
2.3531968313190588e-01	-0.0000000000000000e+00	-0.0000000000000000e+00	-1.6471086886337764e-04	6.7700000000000005e-01	0.0000000000000000e+00	7.0088002681779906e+07	-1.8051866627551840e+03	-1.2002522507476950e+08	0.0000000000000000e+00	-0.0000000000000000e+00	0.0000000000000000e+00	0.0000000000000000e+00	0.0000000000000000e+00	0.0000000000000000e+00	0.0000000000000000e+00	0.0000000000000000e+00	0.0000000000000000e+00	
2.3673727158450772e-01	-0.0000000000000000e+00	-0.0000000000000000e+00	-1.7331193180751798e-05	6.7700000000000005e-01	0.0000000000000000e+00	7.0091168442102805e+07	-1.7256713174045071e+03	-1.2002471734796529e+08	0.0000000000000000e+00	-0.0000000000000000e+00	0.0000000000000000e+00	0.0000000000000000e+00	0.0000000000000000e+00	0.0000000000000000e+00	0.0000000000000000e+00	0.0000000000000000e+00	0.0000000000000000e+00	
2.3815486003710956e-01	-0.0000000000000000e+00	-0.0000000000000000e+00	-1.7331193180751798e-05	6.7700000000000005e-01	0.0000000000000000e+00	7.0091168442102805e+07	-1.7256713174045071e+03	-1.2002471734796529e+08	0.0000000000000000e+00	-0.0000000000000000e+00	0.0000000000000000e+00	0.0000000000000000e+00	0.0000000000000000e+00	0.0000000000000000e+00	0.0000000000000000e+00	0.0000000000000000e+00	0.0000000000000000e+00	
2.3957244848971140e-01	-0.0000000000000000e+00	-0.0000000000000000e+00	1.3483028800950487e-04	6.7700000000000005e-01	0.0000000000000000e+00	7.0094477041828960e+07	-1.6607825467183723e+03	-1.2002423475816569e+08	0.0000000000000000e+00	-0.0000000000000000e+00	0.0000000000000000e+00	0.0000000000000000e+00	0.0000000000000000e+00	0.0000000000000000e+00	0.0000000000000000e+00	0.0000000000000000e+00	0.0000000000000000e+00	
2.4099003694231325e-01	-0.0000000000000000e+00	-0.0000000000000000e+00	1.3483028800950487e-04	6.7700000000000005e-01	0.0000000000000000e+00	7.0094477041828960e+07	-1.6607825467183723e+03	-1.2002423475816569e+08	0.0000000000000000e+00	-0.0000000000000000e+00	0.0000000000000000e+00	0.0000000000000000e+00	0.0000000000000000e+00	0.0000000000000000e+00	0.0000000000000000e+00	0.0000000000000000e+00	0.0000000000000000e+00	
2.4240762539491509e-01	-0.0000000000000000e+00	-0.0000000000000000e+00	2.9011267021823256e-04	6.7700000000000005e-01	0.0000000000000000e+00	7.0097934770266727e+07	-1.6133418027357745e+03	-1.2002379179650232e+08	0.0000000000000000e+00	-0.0000000000000000e+00	0.0000000000000000e+00	0.0000000000000000e+00	0.0000000000000000e+00	0.0000000000000000e+00	0.0000000000000000e+00	0.0000000000000000e+00	0.0000000000000000e+00	
2.4382521384751693e-01	-0.0000000000000000e+00	-0.0000000000000000e+00	2.9011267021823256e-04	6.7700000000000005e-01	0.0000000000000000e+00	7.0097934770266727e+07	-1.6133418027357745e+03	-1.2002379179650232e+08	0.0000000000000000e+00	-0.0000000000000000e+00	0.0000000000000000e+00	0.0000000000000000e+00	0.0000000000000000e+00	0.0000000000000000e+00	0.0000000000000000e+00	0.0000000000000000e+00	0.0000000000000000e+00	
2.4524280230011877e-01	-0.0000000000000000e+00	-0.0000000000000000e+00	4.4688020216348043e-04	6.7700000000000005e-01	0.0000000000000000e+00	7.0101546522034064e+07	-1.5858017995205712e+03	-1.2002340222680962e+08	0.0000000000000000e+00	-0.0000000000000000e+00	0.0000000000000000e+00	0.0000000000000000e+00	0.0000000000000000e+00	0.0000000000000000e+00	0.0000000000000000e+00	0.0000000000000000e+00	0.0000000000000000e+00	
2.4666039075272062e-01	-0.0000000000000000e+00	-0.0000000000000000e+00	4.4688020216348043e-04	6.7700000000000005e-01	0.0000000000000000e+00	7.0101546522034064e+07	-1.5858017995205712e+03	-1.2002340222680962e+08	0.0000000000000000e+00	-0.0000000000000000e+00	0.0000000000000000e+00	0.0000000000000000e+00	0.0000000000000000e+00	0.0000000000000000e+00	0.0000000000000000e+00	0.0000000000000000e+00	0.0000000000000000e+00	
2.4807797920532246e-01	-0.0000000000000000e+00	-0.0000000000000000e+00	6.0354673486789185e-04	6.7700000000000005e-01	0.0000000000000000e+00	7.0105315760154247e+07	-1.5800818563173430e+03	-1.2002307890001145e+08	0.0000000000000000e+00	-0.0000000000000000e+00	0.0000000000000000e+00	0.0000000000000000e+00	0.0000000000000000e+00	0.0000000000000000e+00	0.0000000000000000e+00	0.0000000000000000e+00	0.0000000000000000e+00	
2.4949556765792430e-01	-0.0000000000000000e+00	-0.0000000000000000e+00	6.0354673486789185e-04	6.7700000000000005e-01	0.0000000000000000e+00	7.0105315760154247e+07	-1.5800818563173430e+03	-1.2002307890001145e+08	0.0000000000000000e+00	-0.0000000000000000e+00	0.0000000000000000e+00	0.0000000000000000e+00	0.0000000000000000e+00	0.0000000000000000e+00	0.0000000000000000e+00	0.0000000000000000e+00	0.0000000000000000e+00	
2.5091315611052617e-01	-0.0000000000000000e+00	-0.0000000000000000e+00	7.5860346129124603e-04	6.7700000000000005e-01	0.0000000000000000e+00	7.0109244515461802e+07	-1.5976106351075198e+03	-1.2002283371876948e+08	0.0000000000000000e+00	-0.0000000000000000e+00	0.0000000000000000e+00	0.0000000000000000e+00	0.0000000000000000e+00	0.0000000000000000e+00	0.0000000000000000e+00	0.0000000000000000e+00	0.0000000000000000e+00	
2.5233074456312804e-01	-0.0000000000000000e+00	-0.0000000000000000e+00	7.5860346129124603e-04	6.7700000000000005e-01	0.0000000000000000e+00	7.0109244515461802e+07	-1.5976106351075198e+03	-1.2002283371876948e+08	0.0000000000000000e+00	-0.0000000000000000e+00	0.0000000000000000e+00	0.0000000000000000e+00	0.0000000000000000e+00	0.0000000000000000e+00	0.0000000000000000e+00	0.0000000000000000e+00	0.0000000000000000e+00	
2.5374833301572985e-01	-0.0000000000000000e+00	-0.0000000000000000e+00	9.1061863710865194e-04	6.7700000000000005e-01	0.0000000000000000e+00	7.0113333538539350e+07	-1.6391641692292276e+03	-1.2002267722134517e+08	0.0000000000000000e+00	-0.0000000000000000e+00	0.0000000000000000e+00	0.0000000000000000e+00	0.0000000000000000e+00	0.0000000000000000e+00	0.0000000000000000e+00	0.0000000000000000e+00	0.0000000000000000e+00	
2.5516592146833172e-01	-0.0000000000000000e+00	-0.0000000000000000e+00	9.1061863710865194e-04	6.7700000000000005e-01	0.0000000000000000e+00	7.0113333538539350e+07	-1.6391641692292276e+03	-1.2002267722134517e+08	0.0000000000000000e+00	-0.0000000000000000e+00	0.0000000000000000e+00	0.0000000000000000e+00	0.0000000000000000e+00	0.0000000000000000e+00	0.0000000000000000e+00	0.0000000000000000e+00	0.0000000000000000e+00	
2.5658350992093354e-01	-0.0000000000000000e+00	-0.0000000000000000e+00	1.0582727132066418e-03	6.7700000000000005e-01	0.0000000000000000e+00	7.0117582283806801e+07	-1.7049791751151124e+03	-1.2002261883513820e+08	0.0000000000000000e+00	-0.0000000000000000e+00	0.0000000000000000e+00	0.0000000000000000e+00	0.0000000000000000e+00	0.0000000000000000e+00	0.0000000000000000e+00	0.0000000000000000e+00	0.0000000000000000e+00	
2.5800109837353541e-01	-0.0000000000000000e+00	-0.0000000000000000e+00	1.0582727132066418e-03	6.7700000000000005e-01	0.0000000000000000e+00	7.0117582283806801e+07	-1.7049791751151124e+03	-1.2002261883513820e+08	0.0000000000000000e+00	-0.0000000000000000e+00	0.0000000000000000e+00	0.0000000000000000e+00	0.0000000000000000e+00	0.0000000000000000e+00	0.0000000000000000e+00	0.0000000000000000e+00	0.0000000000000000e+00	
2.5941868682613722e-01	-0.0000000000000000e+00	-0.0000000000000000e+00	1.2003347819043361e-03	6.7700000000000005e-01	0.0000000000000000e+00	7.0121989226747602e+07	-1.7946004073139720e+03	-1.2002266622092730e+08	0.0000000000000000e+00	-0.0000000000000000e+00	0.0000000000000000e+00	0.0000000000000000e+00	0.0000000000000000e+00	0.0000000000000000e+00	0.0000000000000000e+00	0.0000000000000000e+00	0.0000000000000000e+00	
2.6083627527873909e-01	-0.0000000000000000e+00	-0.0000000000000000e+00	1.2003347819043361e-03	6.7700000000000005e-01	0.0000000000000000e+00	7.0121989226747602e+07	-1.7946004073139720e+03	-1.2002266622092730e+08	0.0000000000000000e+00	-0.0000000000000000e+00	0.0000000000000000e+00	0.0000000000000000e+00	0.0000000000000000e+00	0.0000000000000000e+00	0.0000000000000000e+00	0.0000000000000000e+00	0.0000000000000000e+00	
2.6225386373134091e-01	-0.0000000000000000e+00	-0.0000000000000000e+00	1.3357082545695392e-03	6.7700000000000005e-01	0.0000000000000000e+00	7.0126551799285129e+07	-1.9070599322875723e+03	-1.2002282584215504e+08	0.0000000000000000e+00	-0.0000000000000000e+00	0.0000000000000000e+00	0.0000000000000000e+00	0.0000000000000000e+00	0.0000000000000000e+00	0.0000000000000000e+00	0.0000000000000000e+00	0.0000000000000000e+00	
2.6367145218394278e-01	-0.0000000000000000e+00	-0.0000000000000000e+00	1.3357082545695392e-03	6.7700000000000005e-01	0.0000000000000000e+00	7.0126551799285129e+07	-1.9070599322875723e+03	-1.2002282584215504e+08	0.0000000000000000e+00	-0.0000000000000000e+00	0.0000000000000000e+00	0.0000000000000000e+00	0.0000000000000000e+00	0.0000000000000000e+00	0.0000000000000000e+00	0.0000000000000000e+00	0.0000000000000000e+00	
2.6508904063654459e-01	-0.0000000000000000e+00	-0.0000000000000000e+00	1.4633877244823552e-03	6.7700000000000005e-01	0.0000000000000000e+00	7.0131266831309751e+07	-2.0407371578741893e+03	-1.2002310208063838e+08	0.0000000000000000e+00	-0.0000000000000000e+00	0.0000000000000000e+00	0.0000000000000000e+00	0.0000000000000000e+00	0.0000000000000000e+00	0.0000000000000000e+00	0.0000000000000000e+00	0.0000000000000000e+00	
2.6650662908914646e-01	-0.0000000000000000e+00	-0.0000000000000000e+00	1.4633877244823552e-03	6.7700000000000005e-01	0.0000000000000000e+00	7.0131266831309751e+07	-2.0407371578741893e+03	-1.2002310208063838e+08	0.0000000000000000e+00	-0.0000000000000000e+00	0.0000000000000000e+00	0.0000000000000000e+00	0.0000000000000000e+00	0.0000000000000000e+00	0.0000000000000000e+00	0.0000000000000000e+00	0.0000000000000000e+00	
2.6792421754174828e-01	-0.0000000000000000e+00	-0.0000000000000000e+00	1.5825176433038152e-03	6.7700000000000005e-01	0.0000000000000000e+00	7.0136130405146256e+07	-2.1935917897601494e+03	-1.2002349812704082e+08	0.0000000000000000e+00	-0.0000000000000000e+00	0.0000000000000000e+00	0.0000000000000000e+00	0.0000000000000000e+00	0.0000000000000000e+00	0.0000000000000000e+00	0.0000000000000000e+00	0.0000000000000000e+00	
2.6934180599435015e-01	-0.0000000000000000e+00	-0.0000000000000000e+00	1.5825176433038152e-03	6.7700000000000005e-01	0.0000000000000000e+00	7.0136130405146256e+07	-2.1935917897601494e+03	-1.2002349812704082e+08	0.0000000000000000e+00	-0.0000000000000000e+00	0.0000000000000000e+00	0.0000000000000000e+00	0.0000000000000000e+00	0.0000000000000000e+00	0.0000000000000000e+00	0.0000000000000000e+00	0.0000000000000000e+00	
2.7075939444695196e-01	-0.0000000000000000e+00	-0.0000000000000000e+00	1.6923342408138224e-03	6.7700000000000005e-01	0.0000000000000000e+00	7.0141138374171719e+07	-2.3630380060456137e+03	-1.2002401489961699e+08	0.0000000000000000e+00	-0.0000000000000000e+00	0.0000000000000000e+00	0.0000000000000000e+00	0.0000000000000000e+00	0.0000000000000000e+00	0.0000000000000000e+00	0.0000000000000000e+00	0.0000000000000000e+00	
2.7217698289955383e-01	-0.0000000000000000e+00	-0.0000000000000000e+00	1.6923342408138224e-03	6.7700000000000005e-01	0.0000000000000000e+00	7.0141138374171719e+07	-2.3630380060456137e+03	-1.2002401489961699e+08	0.0000000000000000e+00	-0.0000000000000000e+00	0.0000000000000000e+00	0.0000000000000000e+00	0.0000000000000000e+00	0.0000000000000000e+00	0.0000000000000000e+00	0.0000000000000000e+00	0.0000000000000000e+00	
2.7359457135215565e-01	-0.0000000000000000e+00	-0.0000000000000000e+00	1.7922377553113249e-03	6.7700000000000005e-01	0.0000000000000000e+00	7.0146286116192415e+07	-2.5462136788495686e+03	-1.2002465223805198e+08	0.0000000000000000e+00	-0.0000000000000000e+00	0.0000000000000000e+00	0.0000000000000000e+00	0.0000000000000000e+00	0.0000000000000000e+00	0.0000000000000000e+00	0.0000000000000000e+00	0.0000000000000000e+00	
2.7501215980475752e-01	-0.0000000000000000e+00	-0.0000000000000000e+00	1.7922377553113249e-03	6.7700000000000005e-01	0.0000000000000000e+00	7.0146286116192415e+07	-2.5462136788495686e+03	-1.2002465223805198e+08	0.0000000000000000e+00	-0.0000000000000000e+00	0.0000000000000000e+00	0.0000000000000000e+00	0.0000000000000000e+00	0.0000000000000000e+00	0.0000000000000000e+00	0.0000000000000000e+00	0.0000000000000000e+00	
2.7642974825735933e-01	-0.0000000000000000e+00	-0.0000000000000000e+00	1.8817238465875250e-03	6.7700000000000005e-01	0.0000000000000000e+00	7.0151569086545691e+07	-2.7398693150229078e+03	-1.2002540767441389e+08	0.0000000000000000e+00	-0.0000000000000000e+00	0.0000000000000000e+00	0.0000000000000000e+00	0.0000000000000000e+00	0.0000000000000000e+00	0.0000000000000000e+00	0.0000000000000000e+00	0.0000000000000000e+00	
2.7784733670996120e-01	-0.0000000000000000e+00	-0.0000000000000000e+00	1.8817238465875250e-03	6.7700000000000005e-01	0.0000000000000000e+00	7.0151569086545691e+07	-2.7398693150229078e+03	-1.2002540767441389e+08	0.0000000000000000e+00	-0.0000000000000000e+00	0.0000000000000000e+00	0.0000000000000000e+00	0.0000000000000000e+00	0.0000000000000000e+00	0.0000000000000000e+00	0.0000000000000000e+00	0.0000000000000000e+00	
2.7926492516256302e-01	-0.0000000000000000e+00	-0.0000000000000000e+00	1.9604673348678553e-03	6.7700000000000005e-01	0.0000000000000000e+00	7.0156982470021844e+07	-2.9406534368114926e+03	-1.2002627788888653e+08	0.0000000000000000e+00	-0.0000000000000000e+00	0.0000000000000000e+00	0.0000000000000000e+00	0.0000000000000000e+00	0.0000000000000000e+00	0.0000000000000000e+00	0.0000000000000000e+00	0.0000000000000000e+00	
2.8068251361516489e-01	-0.0000000000000000e+00	-0.0000000000000000e+00	1.9604673348678553e-03	6.7700000000000005e-01	0.0000000000000000e+00	7.0156982470021844e+07	-2.9406534368114926e+03	-1.2002627788888653e+08	0.0000000000000000e+00	-0.0000000000000000e+00	0.0000000000000000e+00	0.0000000000000000e+00	0.0000000000000000e+00	0.0000000000000000e+00	0.0000000000000000e+00	0.0000000000000000e+00	0.0000000000000000e+00	
2.8210010206776670e-01	-0.0000000000000000e+00	-0.0000000000000000e+00	2.0282466179414984e-03	6.7700000000000005e-01	0.0000000000000000e+00	7.0162521737866715e+07	-3.1450164067058049e+03	-1.2002725739362073e+08	0.0000000000000000e+00	-0.0000000000000000e+00	0.0000000000000000e+00	0.0000000000000000e+00	0.0000000000000000e+00	0.0000000000000000e+00	0.0000000000000000e+00	0.0000000000000000e+00	0.0000000000000000e+00	
2.8351769052036857e-01	-0.0000000000000000e+00	-0.0000000000000000e+00	2.0282466179414984e-03	6.7700000000000005e-01	0.0000000000000000e+00	7.0162521737866715e+07	-3.1450164067058049e+03	-1.2002725739362073e+08	0.0000000000000000e+00	-0.0000000000000000e+00	0.0000000000000000e+00	0.0000000000000000e+00	0.0000000000000000e+00	0.0000000000000000e+00	0.0000000000000000e+00	0.0000000000000000e+00	0.0000000000000000e+00	
2.8493527897297038e-01	-0.0000000000000000e+00	-0.0000000000000000e+00	2.0850342631048091e-03	6.7700000000000005e-01	0.0000000000000000e+00	7.0168182220153823e+07	-3.3494911582299701e+03	-1.2002834018594505e+08	0.0000000000000000e+00	-0.0000000000000000e+00	0.0000000000000000e+00	0.0000000000000000e+00	0.0000000000000000e+00	0.0000000000000000e+00	0.0000000000000000e+00	0.0000000000000000e+00	0.0000000000000000e+00	
2.8635286742557226e-01	-0.0000000000000000e+00	-0.0000000000000000e+00	2.0850342631048091e-03	6.7700000000000005e-01	0.0000000000000000e+00	7.0168182220153823e+07	-3.3494911582299701e+03	-1.2002834018594505e+08	0.0000000000000000e+00	-0.0000000000000000e+00	0.0000000000000000e+00	0.0000000000000000e+00	0.0000000000000000e+00	0.0000000000000000e+00	0.0000000000000000e+00	0.0000000000000000e+00	0.0000000000000000e+00	
2.8777045587817407e-01	-0.0000000000000000e+00	-0.0000000000000000e+00	2.1309168488129466e-03	6.7700000000000005e-01	0.0000000000000000e+00	7.0173959650340185e+07	-3.5506113547816976e+03	-1.2002951840907282e+08	0.0000000000000000e+00	-0.0000000000000000e+00	0.0000000000000000e+00	0.0000000000000000e+00	0.0000000000000000e+00	0.0000000000000000e+00	0.0000000000000000e+00	0.0000000000000000e+00	0.0000000000000000e+00	
2.8918804433077594e-01	-0.0000000000000000e+00	-0.0000000000000000e+00	2.1309168488129466e-03	6.7700000000000005e-01	0.0000000000000000e+00	7.0173959650340185e+07	-3.5506113547816976e+03	-1.2002951840907282e+08	0.0000000000000000e+00	-0.0000000000000000e+00	0.0000000000000000e+00	0.0000000000000000e+00	0.0000000000000000e+00	0.0000000000000000e+00	0.0000000000000000e+00	0.0000000000000000e+00	0.0000000000000000e+00	
2.9060563278337775e-01	-0.0000000000000000e+00	-0.0000000000000000e+00	2.1661858201163201e-03	6.7700000000000005e-01	0.0000000000000000e+00	7.0179849698588178e+07	-3.7451674994113223e+03	-1.2003078411759132e+08	0.0000000000000000e+00	-0.0000000000000000e+00	0.0000000000000000e+00	0.0000000000000000e+00	0.0000000000000000e+00	0.0000000000000000e+00	0.0000000000000000e+00	0.0000000000000000e+00	0.0000000000000000e+00	
2.9202322123597962e-01	-0.0000000000000000e+00	-0.0000000000000000e+00	2.1661858201163201e-03	6.7700000000000005e-01	0.0000000000000000e+00	7.0179849698588178e+07	-3.7451674994113223e+03	-1.2003078411759132e+08	0.0000000000000000e+00	-0.0000000000000000e+00	0.0000000000000000e+00	0.0000000000000000e+00	0.0000000000000000e+00	0.0000000000000000e+00	0.0000000000000000e+00	0.0000000000000000e+00	0.0000000000000000e+00	
2.9344080968858144e-01	-0.0000000000000000e+00	-0.0000000000000000e+00	2.1912544234836575e-03	6.7700000000000005e-01	0.0000000000000000e+00	7.0185848498635337e+07	-3.9301379849819505e+03	-1.2003212797394265e+08	0.0000000000000000e+00	-0.0000000000000000e+00	0.0000000000000000e+00	0.0000000000000000e+00	0.0000000000000000e+00	0.0000000000000000e+00	0.0000000000000000e+00	0.0000000000000000e+00	0.0000000000000000e+00	
2.9485839814118331e-01	-0.0000000000000000e+00	-0.0000000000000000e+00	2.1912544234836575e-03	6.7700000000000005e-01	0.0000000000000000e+00	7.0185848498635337e+07	-3.9301379849819505e+03	-1.2003212797394265e+08	0.0000000000000000e+00	-0.0000000000000000e+00	0.0000000000000000e+00	0.0000000000000000e+00	0.0000000000000000e+00	0.0000000000000000e+00	0.0000000000000000e+00	0.0000000000000000e+00	0.0000000000000000e+00	
2.9627598659378512e-01	-0.0000000000000000e+00	-0.0000000000000000e+00	2.2067414752123282e-03	6.7700000000000005e-01	0.0000000000000000e+00	7.0191952192374185e+07	-4.1029027752672200e+03	-1.2003354102466111e+08	0.0000000000000000e+00	-0.0000000000000000e+00	0.0000000000000000e+00	0.0000000000000000e+00	0.0000000000000000e+00	0.0000000000000000e+00	0.0000000000000000e+00	0.0000000000000000e+00	0.0000000000000000e+00	
2.9769357504638699e-01	-0.0000000000000000e+00	-0.0000000000000000e+00	2.2067414752123282e-03	6.7700000000000005e-01	0.0000000000000000e+00	7.0191952192374185e+07	-4.1029027752672200e+03	-1.2003354102466111e+08	0.0000000000000000e+00	-0.0000000000000000e+00	0.0000000000000000e+00	0.0000000000000000e+00	0.0000000000000000e+00	0.0000000000000000e+00	0.0000000000000000e+00	0.0000000000000000e+00	0.0000000000000000e+00	
2.9911116349898881e-01	-0.0000000000000000e+00	-0.0000000000000000e+00	2.2133869592585562e-03	6.7700000000000005e-01	0.0000000000000000e+00	7.0198157437954545e+07	-4.2611851787464029e+03	-1.2003501348060676e+08	0.0000000000000000e+00	-0.0000000000000000e+00	0.0000000000000000e+00	0.0000000000000000e+00	0.0000000000000000e+00	0.0000000000000000e+00	0.0000000000000000e+00	0.0000000000000000e+00	0.0000000000000000e+00	
3.0052875195159068e-01	-0.0000000000000000e+00	-0.0000000000000000e+00	2.2133869592585562e-03	6.7700000000000005e-01	0.0000000000000000e+00	7.0198157437954545e+07	-4.2611851787464029e+03	-1.2003501348060676e+08	0.0000000000000000e+00	-0.0000000000000000e+00	0.0000000000000000e+00	0.0000000000000000e+00	0.0000000000000000e+00	0.0000000000000000e+00	0.0000000000000000e+00	0.0000000000000000e+00	0.0000000000000000e+00	
3.0194634040419249e-01	-0.0000000000000000e+00	-0.0000000000000000e+00	2.2121219576031986e-03	6.7700000000000005e-01	0.0000000000000000e+00	7.0204461014360771e+07	-4.4032087632477715e+03	-1.2003653639359561e+08	0.0000000000000000e+00	-0.0000000000000000e+00	0.0000000000000000e+00	0.0000000000000000e+00	0.0000000000000000e+00	0.0000000000000000e+00	0.0000000000000000e+00	0.0000000000000000e+00	0.0000000000000000e+00	
3.0336392885679436e-01	-0.0000000000000000e+00	-0.0000000000000000e+00	2.2121219576031986e-03	6.7700000000000005e-01	0.0000000000000000e+00	7.0204461014360771e+07	-4.4032087632477715e+03	-1.2003653639359561e+08	0.0000000000000000e+00	-0.0000000000000000e+00	0.0000000000000000e+00	0.0000000000000000e+00	0.0000000000000000e+00	0.0000000000000000e+00	0.0000000000000000e+00	0.0000000000000000e+00	0.0000000000000000e+00	
3.0478151730939618e-01	-0.0000000000000000e+00	-0.0000000000000000e+00	2.2039850889392356e-03	6.7700000000000005e-01	0.0000000000000000e+00	7.0210860305696145e+07	-4.5276477202801216e+03	-1.2003810055576675e+08	0.0000000000000000e+00	-0.0000000000000000e+00	0.0000000000000000e+00	0.0000000000000000e+00	0.0000000000000000e+00	0.0000000000000000e+00	0.0000000000000000e+00	0.0000000000000000e+00	0.0000000000000000e+00	
3.0619910576199805e-01	-0.0000000000000000e+00	-0.0000000000000000e+00	2.2039850889392356e-03	6.7700000000000005e-01	0.0000000000000000e+00	7.0210860305696145e+07	-4.5276477202801216e+03	-1.2003810055576675e+08	0.0000000000000000e+00	-0.0000000000000000e+00	0.0000000000000000e+00	0.0000000000000000e+00	0.0000000000000000e+00	0.0000000000000000e+00	0.0000000000000000e+00	0.0000000000000000e+00	0.0000000000000000e+00	
3.0761669421459986e-01	-0.0000000000000000e+00	-0.0000000000000000e+00	2.1901736541355280e-03	6.7700000000000005e-01	0.0000000000000000e+00	7.0217353002215683e+07	-4.6337174201586822e+03	-1.2003969796792935e+08	0.0000000000000000e+00	-0.0000000000000000e+00	0.0000000000000000e+00	0.0000000000000000e+00	0.0000000000000000e+00	0.0000000000000000e+00	0.0000000000000000e+00	0.0000000000000000e+00	0.0000000000000000e+00	
3.0903428266720173e-01	-0.0000000000000000e+00	-0.0000000000000000e+00	2.1901736541355280e-03	6.7700000000000005e-01	0.0000000000000000e+00	7.0217353002215683e+07	-4.6337174201586822e+03	-1.2003969796792935e+08	0.0000000000000000e+00	-0.0000000000000000e+00	0.0000000000000000e+00	0.0000000000000000e+00	0.0000000000000000e+00	0.0000000000000000e+00	0.0000000000000000e+00	0.0000000000000000e+00	0.0000000000000000e+00	
3.1045187111980355e-01	-0.0000000000000000e+00	-0.0000000000000000e+00	2.1719642060940461e-03	6.7700000000000005e-01	0.0000000000000000e+00	7.0223937545398861e+07	-4.7211324615188623e+03	-1.2004132088380693e+08	0.0000000000000000e+00	-0.0000000000000000e+00	0.0000000000000000e+00	0.0000000000000000e+00	0.0000000000000000e+00	0.0000000000000000e+00	0.0000000000000000e+00	0.0000000000000000e+00	0.0000000000000000e+00	
3.1186945957240542e-01	-0.0000000000000000e+00	-0.0000000000000000e+00	2.1719642060940461e-03	6.7700000000000005e-01	0.0000000000000000e+00	7.0223937545398861e+07	-4.7211324615188623e+03	-1.2004132088380693e+08	0.0000000000000000e+00	-0.0000000000000000e+00	0.0000000000000000e+00	0.0000000000000000e+00	0.0000000000000000e+00	0.0000000000000000e+00	0.0000000000000000e+00	0.0000000000000000e+00	0.0000000000000000e+00	
3.1328704802500723e-01	-0.0000000000000000e+00	-0.0000000000000000e+00	2.1507425257443116e-03	6.7700000000000005e-01	0.0000000000000000e+00	7.0230612942580551e+07	-4.7901270140984825e+03	-1.2004296297532541e+08	0.0000000000000000e+00	-0.0000000000000000e+00	0.0000000000000000e+00	0.0000000000000000e+00	0.0000000000000000e+00	0.0000000000000000e+00	0.0000000000000000e+00	0.0000000000000000e+00	0.0000000000000000e+00	
3.1470463647760910e-01	-0.0000000000000000e+00	-0.0000000000000000e+00	2.1507425257443116e-03	6.7700000000000005e-01	0.0000000000000000e+00	7.0230612942580551e+07	-4.7901270140984825e+03	-1.2004296297532541e+08	0.0000000000000000e+00	-0.0000000000000000e+00	0.0000000000000000e+00	0.0000000000000000e+00	0.0000000000000000e+00	0.0000000000000000e+00	0.0000000000000000e+00	0.0000000000000000e+00	0.0000000000000000e+00	
3.1612222493021092e-01	-0.0000000000000000e+00	-0.0000000000000000e+00	2.1279328406690039e-03	6.7700000000000005e-01	0.0000000000000000e+00	7.0237379144745007e+07	-4.8414220554874091e+03	-1.2004461854405271e+08	0.0000000000000000e+00	-0.0000000000000000e+00	0.0000000000000000e+00	0.0000000000000000e+00	0.0000000000000000e+00	0.0000000000000000e+00	0.0000000000000000e+00	0.0000000000000000e+00	0.0000000000000000e+00	
3.1753981338281279e-01	-0.0000000000000000e+00	-0.0000000000000000e+00	2.1279328406690039e-03	6.7700000000000005e-01	0.0000000000000000e+00	7.0237379144745007e+07	-4.8414220554874091e+03	-1.2004461854405271e+08	0.0000000000000000e+00	-0.0000000000000000e+00	0.0000000000000000e+00	0.0000000000000000e+00	0.0000000000000000e+00	0.0000000000000000e+00	0.0000000000000000e+00	0.0000000000000000e+00	0.0000000000000000e+00	
3.1895740183541460e-01	-0.0000000000000000e+00	-0.0000000000000000e+00	2.1050069521876122e-03	6.7700000000000005e-01	0.0000000000000000e+00	7.0244236971100867e+07	-4.8761777404051745e+03	-1.2004628331410673e+08	0.0000000000000000e+00	-0.0000000000000000e+00	0.0000000000000000e+00	0.0000000000000000e+00	0.0000000000000000e+00	0.0000000000000000e+00	0.0000000000000000e+00	0.0000000000000000e+00	0.0000000000000000e+00	
3.2037499028801647e-01	-0.0000000000000000e+00	-0.0000000000000000e+00	2.1050069521876122e-03	6.7700000000000005e-01	0.0000000000000000e+00	7.0244236971100867e+07	-4.8761777404051745e+03	-1.2004628331410673e+08	0.0000000000000000e+00	-0.0000000000000000e+00	0.0000000000000000e+00	0.0000000000000000e+00	0.0000000000000000e+00	0.0000000000000000e+00	0.0000000000000000e+00	0.0000000000000000e+00	0.0000000000000000e+00	
3.2179257874061828e-01	-0.0000000000000000e+00	-0.0000000000000000e+00	2.0834274996050063e-03	6.7700000000000005e-01	0.0000000000000000e+00	7.0251188381535247e+07	-4.8959743679992835e+03	-1.2004795383645561e+08	0.0000000000000000e+00	-0.0000000000000000e+00	0.0000000000000000e+00	0.0000000000000000e+00	0.0000000000000000e+00	0.0000000000000000e+00	0.0000000000000000e+00	0.0000000000000000e+00	0.0000000000000000e+00	
3.2321016719322015e-01	-0.0000000000000000e+00	-0.0000000000000000e+00	2.0834274996050063e-03	6.7700000000000005e-01	0.0000000000000000e+00	7.0251188381535247e+07	-4.8959743679992835e+03	-1.2004795383645561e+08	0.0000000000000000e+00	-0.0000000000000000e+00	0.0000000000000000e+00	0.0000000000000000e+00	0.0000000000000000e+00	0.0000000000000000e+00	0.0000000000000000e+00	0.0000000000000000e+00	0.0000000000000000e+00	
3.2462775564582197e-01	-0.0000000000000000e+00	-0.0000000000000000e+00	2.0646387824965157e-03	6.7700000000000005e-01	0.0000000000000000e+00	7.0258236490960941e+07	-4.9027045279571021e+03	-1.2004962787367453e+08	0.0000000000000000e+00	-0.0000000000000000e+00	0.0000000000000000e+00	0.0000000000000000e+00	0.0000000000000000e+00	0.0000000000000000e+00	0.0000000000000000e+00	0.0000000000000000e+00	0.0000000000000000e+00	
3.2604534409842384e-01	-0.0000000000000000e+00	-0.0000000000000000e+00	2.0646387824965157e-03	6.7700000000000005e-01	0.0000000000000000e+00	7.0258236490960941e+07	-4.9027045279571021e+03	-1.2004962787367453e+08	0.0000000000000000e+00	-0.0000000000000000e+00	0.0000000000000000e+00	0.0000000000000000e+00	0.0000000000000000e+00	0.0000000000000000e+00	0.0000000000000000e+00	0.0000000000000000e+00	0.0000000000000000e+00	
3.2746293255102565e-01	-0.0000000000000000e+00	-0.0000000000000000e+00	2.0500295934530594e-03	6.7700000000000005e-01	0.0000000000000000e+00	7.0265385695440307e+07	-4.8985750913931806e+03	-1.2005130403040780e+08	0.0000000000000000e+00	-0.0000000000000000e+00	0.0000000000000000e+00	0.0000000000000000e+00	0.0000000000000000e+00	0.0000000000000000e+00	0.0000000000000000e+00	0.0000000000000000e+00	0.0000000000000000e+00	
3.2888052100362752e-01	-0.0000000000000000e+00	-0.0000000000000000e+00	2.0500295934530594e-03	6.7700000000000005e-01	0.0000000000000000e+00	7.0265385695440307e+07	-4.8985750913931806e+03	-1.2005130403040780e+08	0.0000000000000000e+00	-0.0000000000000000e+00	0.0000000000000000e+00	0.0000000000000000e+00	0.0000000000000000e+00	0.0000000000000000e+00	0.0000000000000000e+00	0.0000000000000000e+00	0.0000000000000000e+00	
3.3029810945622934e-01	-0.0000000000000000e+00	-0.0000000000000000e+00	2.0409095464444180e-03	6.7700000000000005e-01	0.0000000000000000e+00	7.0272641748193026e+07	-4.8859508461328942e+03	-1.2005298173015900e+08	0.0000000000000000e+00	-0.0000000000000000e+00	0.0000000000000000e+00	0.0000000000000000e+00	0.0000000000000000e+00	0.0000000000000000e+00	0.0000000000000000e+00	0.0000000000000000e+00	0.0000000000000000e+00	
3.3171569790883121e-01	-0.0000000000000000e+00	-0.0000000000000000e+00	2.0409095464444180e-03	6.7700000000000005e-01	0.0000000000000000e+00	7.0272641748193026e+07	-4.8859508461328942e+03	-1.2005298173015900e+08	0.0000000000000000e+00	-0.0000000000000000e+00	0.0000000000000000e+00	0.0000000000000000e+00	0.0000000000000000e+00	0.0000000000000000e+00	0.0000000000000000e+00	0.0000000000000000e+00	0.0000000000000000e+00	
3.3313328636143302e-01	-0.0000000000000000e+00	-0.0000000000000000e+00	2.0384961421748308e-03	6.7700000000000005e-01	0.0000000000000000e+00	7.0280011704943851e+07	-4.8673862788305987e+03	-1.2005466111239851e+08	0.0000000000000000e+00	-0.0000000000000000e+00	0.0000000000000000e+00	0.0000000000000000e+00	0.0000000000000000e+00	0.0000000000000000e+00	0.0000000000000000e+00	0.0000000000000000e+00	0.0000000000000000e+00	
3.3455087481403489e-01	-0.0000000000000000e+00	-0.0000000000000000e+00	2.0384961421748308e-03	6.7700000000000005e-01	0.0000000000000000e+00	7.0280011704943851e+07	-4.8673862788305987e+03	-1.2005466111239851e+08	0.0000000000000000e+00	-0.0000000000000000e+00	0.0000000000000000e+00	0.0000000000000000e+00	0.0000000000000000e+00	0.0000000000000000e+00	0.0000000000000000e+00	0.0000000000000000e+00	0.0000000000000000e+00	
3.3596846326663671e-01	-0.0000000000000000e+00	-0.0000000000000000e+00	2.0438805154409574e-03	6.7700000000000005e-01	0.0000000000000000e+00	7.0287504035778627e+07	-4.8454341360845947e+03	-1.2005634263342507e+08	0.0000000000000000e+00	-0.0000000000000000e+00	0.0000000000000000e+00	0.0000000000000000e+00	0.0000000000000000e+00	0.0000000000000000e+00	0.0000000000000000e+00	0.0000000000000000e+00	0.0000000000000000e+00	
3.3738605171923858e-01	-0.0000000000000000e+00	-0.0000000000000000e+00	2.0438805154409574e-03	6.7700000000000005e-01	0.0000000000000000e+00	7.0287504035778627e+07	-4.8454341360845947e+03	-1.2005634263342507e+08	0.0000000000000000e+00	-0.0000000000000000e+00	0.0000000000000000e+00	0.0000000000000000e+00	0.0000000000000000e+00	0.0000000000000000e+00	0.0000000000000000e+00	0.0000000000000000e+00	0.0000000000000000e+00	
3.3880364017184039e-01	-0.0000000000000000e+00	-0.0000000000000000e+00	2.0580415675488951e-03	6.7700000000000005e-01	0.0000000000000000e+00	7.0295128371004120e+07	-4.8227152778566842e+03	-1.2005802727196357e+08	0.0000000000000000e+00	-0.0000000000000000e+00	0.0000000000000000e+00	0.0000000000000000e+00	0.0000000000000000e+00	0.0000000000000000e+00	0.0000000000000000e+00	0.0000000000000000e+00	0.0000000000000000e+00	
3.4022122862444226e-01	-0.0000000000000000e+00	-0.0000000000000000e+00	2.0580415675488951e-03	6.7700000000000005e-01	0.0000000000000000e+00	7.0295128371004120e+07	-4.8227152778566842e+03	-1.2005802727196357e+08	0.0000000000000000e+00	-0.0000000000000000e+00	0.0000000000000000e+00	0.0000000000000000e+00	0.0000000000000000e+00	0.0000000000000000e+00	0.0000000000000000e+00	0.0000000000000000e+00	0.0000000000000000e+00	
3.4163881707704408e-01	-0.0000000000000000e+00	-0.0000000000000000e+00	2.0818040903925589e-03	6.7700000000000005e-01	0.0000000000000000e+00	7.0302895634240419e+07	-4.8017049349542967e+03	-1.2005971580837102e+08	0.0000000000000000e+00	-0.0000000000000000e+00	0.0000000000000000e+00	0.0000000000000000e+00	0.0000000000000000e+00	0.0000000000000000e+00	0.0000000000000000e+00	0.0000000000000000e+00	0.0000000000000000e+00	
3.4305640552964595e-01	-0.0000000000000000e+00	-0.0000000000000000e+00	2.0818040903925589e-03	6.7700000000000005e-01	0.0000000000000000e+00	7.0302895634240419e+07	-4.8017049349542967e+03	-1.2005971580837102e+08	0.0000000000000000e+00	-0.0000000000000000e+00	0.0000000000000000e+00	0.0000000000000000e+00	0.0000000000000000e+00	0.0000000000000000e+00	0.0000000000000000e+00	0.0000000000000000e+00	0.0000000000000000e+00	
3.4447399398224776e-01	-0.0000000000000000e+00	-0.0000000000000000e+00	2.1158802668957920e-03	6.7700000000000005e-01	0.0000000000000000e+00	7.0310817592122093e+07	-4.7848463218490906e+03	-1.2006140937200506e+08	0.0000000000000000e+00	-0.0000000000000000e+00	0.0000000000000000e+00	0.0000000000000000e+00	0.0000000000000000e+00	0.0000000000000000e+00	0.0000000000000000e+00	0.0000000000000000e+00	0.0000000000000000e+00	
3.4589158243484963e-01	-0.0000000000000000e+00	-0.0000000000000000e+00	2.1158802668957920e-03	6.7700000000000005e-01	0.0000000000000000e+00	7.0310817592122093e+07	-4.7848463218490906e+03	-1.2006140937200506e+08	0.0000000000000000e+00	-0.0000000000000000e+00	0.0000000000000000e+00	0.0000000000000000e+00	0.0000000000000000e+00	0.0000000000000000e+00	0.0000000000000000e+00	0.0000000000000000e+00	0.0000000000000000e+00	
3.4730917088745145e-01	-0.0000000000000000e+00	-0.0000000000000000e+00	2.1608215057762272e-03	6.7700000000000005e-01	0.0000000000000000e+00	7.0318907010284811e+07	-4.7743247710969508e+03	-1.2006310846271260e+08	0.0000000000000000e+00	-0.0000000000000000e+00	0.0000000000000000e+00	0.0000000000000000e+00	0.0000000000000000e+00	0.0000000000000000e+00	0.0000000000000000e+00	0.0000000000000000e+00	0.0000000000000000e+00	
3.4872675934005332e-01	-0.0000000000000000e+00	-0.0000000000000000e+00	2.1608215057762272e-03	6.7700000000000005e-01	0.0000000000000000e+00	7.0318907010284811e+07	-4.7743247710969508e+03	-1.2006310846271260e+08	0.0000000000000000e+00	-0.0000000000000000e+00	0.0000000000000000e+00	0.0000000000000000e+00	0.0000000000000000e+00	0.0000000000000000e+00	0.0000000000000000e+00	0.0000000000000000e+00	0.0000000000000000e+00	
3.5014434779265513e-01	-0.0000000000000000e+00	-0.0000000000000000e+00	2.2170848340148409e-03	6.7700000000000005e-01	0.0000000000000000e+00	7.0327177033931822e+07	-4.7722265527663794e+03	-1.2006481385339926e+08	0.0000000000000000e+00	-0.0000000000000000e+00	0.0000000000000000e+00	0.0000000000000000e+00	0.0000000000000000e+00	0.0000000000000000e+00	0.0000000000000000e+00	0.0000000000000000e+00	0.0000000000000000e+00	
3.5156193624525700e-01	-0.0000000000000000e+00	-0.0000000000000000e+00	2.2170848340148409e-03	6.7700000000000005e-01	0.0000000000000000e+00	7.0327177033931822e+07	-4.7722265527663794e+03	-1.2006481385339926e+08	0.0000000000000000e+00	-0.0000000000000000e+00	0.0000000000000000e+00	0.0000000000000000e+00	0.0000000000000000e+00	0.0000000000000000e+00	0.0000000000000000e+00	0.0000000000000000e+00	0.0000000000000000e+00	
3.5297952469785882e-01	-0.0000000000000000e+00	-0.0000000000000000e+00	2.2849780461350745e-03	6.7700000000000005e-01	0.0000000000000000e+00	7.0335641384549156e+07	-4.7803075159860819e+03	-1.2006652541527225e+08	0.0000000000000000e+00	-0.0000000000000000e+00	0.0000000000000000e+00	0.0000000000000000e+00	0.0000000000000000e+00	0.0000000000000000e+00	0.0000000000000000e+00	0.0000000000000000e+00	0.0000000000000000e+00	
3.5439711315046069e-01	-0.0000000000000000e+00	-0.0000000000000000e+00	2.2849780461350745e-03	6.7700000000000005e-01	0.0000000000000000e+00	7.0335641384549156e+07	-4.7803075159860819e+03	-1.2006652541527225e+08	0.0000000000000000e+00	-0.0000000000000000e+00	0.0000000000000000e+00	0.0000000000000000e+00	0.0000000000000000e+00	0.0000000000000000e+00	0.0000000000000000e+00	0.0000000000000000e+00	0.0000000000000000e+00	
3.5581470160306250e-01	-0.0000000000000000e+00	-0.0000000000000000e+00	2.3647460329370043e-03	6.7700000000000005e-01	0.0000000000000000e+00	7.0344313618561372e+07	-4.8001935743340091e+03	-1.2006824335987748e+08	0.0000000000000000e+00	-0.0000000000000000e+00	0.0000000000000000e+00	0.0000000000000000e+00	0.0000000000000000e+00	0.0000000000000000e+00	0.0000000000000000e+00	0.0000000000000000e+00	0.0000000000000000e+00	
3.5723229005566437e-01	-0.0000000000000000e+00	-0.0000000000000000e+00	2.3647460329370043e-03	6.7700000000000005e-01	0.0000000000000000e+00	7.0344313618561372e+07	-4.8001935743340091e+03	-1.2006824335987748e+08	0.0000000000000000e+00	-0.0000000000000000e+00	0.0000000000000000e+00	0.0000000000000000e+00	0.0000000000000000e+00	0.0000000000000000e+00	0.0000000000000000e+00	0.0000000000000000e+00	0.0000000000000000e+00	
3.5864987850826618e-01	-0.0000000000000000e+00	-0.0000000000000000e+00	2.4565075961333971e-03	6.7700000000000005e-01	0.0000000000000000e+00	7.0353207393651322e+07	-4.8331471477234491e+03	-1.2006996691859667e+08	0.0000000000000000e+00	-0.0000000000000000e+00	0.0000000000000000e+00	0.0000000000000000e+00	0.0000000000000000e+00	0.0000000000000000e+00	0.0000000000000000e+00	0.0000000000000000e+00	0.0000000000000000e+00	
3.6006746696086805e-01	-0.0000000000000000e+00	-0.0000000000000000e+00	2.4565075961333971e-03	6.7700000000000005e-01	0.0000000000000000e+00	7.0353207393651322e+07	-4.8331471477234491e+03	-1.2006996691859667e+08	0.0000000000000000e+00	-0.0000000000000000e+00	0.0000000000000000e+00	0.0000000000000000e+00	0.0000000000000000e+00	0.0000000000000000e+00	0.0000000000000000e+00	0.0000000000000000e+00	0.0000000000000000e+00	
3.6148505541346987e-01	-0.0000000000000000e+00	-0.0000000000000000e+00	2.5603550599123223e-03	6.7700000000000005e-01	0.0000000000000000e+00	7.0362335665123671e+07	-4.8803010972910170e+03	-1.2007169587478821e+08	0.0000000000000000e+00	-0.0000000000000000e+00	0.0000000000000000e+00	0.0000000000000000e+00	0.0000000000000000e+00	0.0000000000000000e+00	0.0000000000000000e+00	0.0000000000000000e+00	0.0000000000000000e+00	
3.6290264386607174e-01	-0.0000000000000000e+00	-0.0000000000000000e+00	2.5603550599123223e-03	6.7700000000000005e-01	0.0000000000000000e+00	7.0362335665123671e+07	-4.8803010972910170e+03	-1.2007169587478821e+08	0.0000000000000000e+00	-0.0000000000000000e+00	0.0000000000000000e+00	0.0000000000000000e+00	0.0000000000000000e+00	0.0000000000000000e+00	0.0000000000000000e+00	0.0000000000000000e+00	0.0000000000000000e+00	
3.6432023231867355e-01	-0.0000000000000000e+00	-0.0000000000000000e+00	2.6762807748177148e-03	6.7700000000000005e-01	0.0000000000000000e+00	7.0371711053010643e+07	-4.9424241710825254e+03	-1.2007342913425094e+08	0.0000000000000000e+00	-0.0000000000000000e+00	0.0000000000000000e+00	0.0000000000000000e+00	0.0000000000000000e+00	0.0000000000000000e+00	0.0000000000000000e+00	0.0000000000000000e+00	0.0000000000000000e+00	
3.6573782077127542e-01	-0.0000000000000000e+00	-0.0000000000000000e+00	2.6762807748177148e-03	6.7700000000000005e-01	0.0000000000000000e+00	7.0371711053010643e+07	-4.9424241710825254e+03	-1.2007342913425094e+08	0.0000000000000000e+00	-0.0000000000000000e+00	0.0000000000000000e+00	0.0000000000000000e+00	0.0000000000000000e+00	0.0000000000000000e+00	0.0000000000000000e+00	0.0000000000000000e+00	0.0000000000000000e+00	
3.6715540922387724e-01	-0.0000000000000000e+00	-0.0000000000000000e+00	2.8042827497975448e-03	6.7700000000000005e-01	0.0000000000000000e+00	7.0381345037917659e+07	-5.0201767055791743e+03	-1.2007516646641088e+08	0.0000000000000000e+00	-0.0000000000000000e+00	0.0000000000000000e+00	0.0000000000000000e+00	0.0000000000000000e+00	0.0000000000000000e+00	0.0000000000000000e+00	0.0000000000000000e+00	0.0000000000000000e+00	
3.6857299767647911e-01	-0.0000000000000000e+00	-0.0000000000000000e+00	2.8042827497975448e-03	6.7700000000000005e-01	0.0000000000000000e+00	7.0381345037917659e+07	-5.0201767055791743e+03	-1.2007516646641088e+08	0.0000000000000000e+00	-0.0000000000000000e+00	0.0000000000000000e+00	0.0000000000000000e+00	0.0000000000000000e+00	0.0000000000000000e+00	0.0000000000000000e+00	0.0000000000000000e+00	0.0000000000000000e+00	
3.6999058612908092e-01	-0.0000000000000000e+00	-0.0000000000000000e+00	2.9442796641165957e-03	6.7700000000000005e-01	0.0000000000000000e+00	7.0391248452362314e+07	-5.1138760323335500e+03	-1.2007690699191140e+08	0.0000000000000000e+00	-0.0000000000000000e+00	0.0000000000000000e+00	0.0000000000000000e+00	0.0000000000000000e+00	0.0000000000000000e+00	0.0000000000000000e+00	0.0000000000000000e+00	0.0000000000000000e+00	
3.7140817458168279e-01	-0.0000000000000000e+00	-0.0000000000000000e+00	2.9442796641165957e-03	6.7700000000000005e-01	0.0000000000000000e+00	7.0391248452362314e+07	-5.1138760323335500e+03	-1.2007690699191140e+08	0.0000000000000000e+00	-0.0000000000000000e+00	0.0000000000000000e+00	0.0000000000000000e+00	0.0000000000000000e+00	0.0000000000000000e+00	0.0000000000000000e+00	0.0000000000000000e+00	0.0000000000000000e+00	
3.7282576303428461e-01	-0.0000000000000000e+00	-0.0000000000000000e+00	3.0962157900115577e-03	6.7700000000000005e-01	0.0000000000000000e+00	7.0401430729737952e+07	-5.2237605020895007e+03	-1.2007865102825822e+08	0.0000000000000000e+00	-0.0000000000000000e+00	0.0000000000000000e+00	0.0000000000000000e+00	0.0000000000000000e+00	0.0000000000000000e+00	0.0000000000000000e+00	0.0000000000000000e+00	0.0000000000000000e+00	
3.7424335148688648e-01	-0.0000000000000000e+00	-0.0000000000000000e+00	3.0962157900115577e-03	6.7700000000000005e-01	0.0000000000000000e+00	7.0401430729737952e+07	-5.2237605020895007e+03	-1.2007865102825822e+08	0.0000000000000000e+00	-0.0000000000000000e+00	0.0000000000000000e+00	0.0000000000000000e+00	0.0000000000000000e+00	0.0000000000000000e+00	0.0000000000000000e+00	0.0000000000000000e+00	0.0000000000000000e+00	
3.7566093993948829e-01	-0.0000000000000000e+00	-0.0000000000000000e+00	3.2599651402213112e-03	6.7700000000000005e-01	0.0000000000000000e+00	7.0411900526785612e+07	-5.3497574121004664e+03	-1.2008039851804677e+08	0.0000000000000000e+00	-0.0000000000000000e+00	0.0000000000000000e+00	0.0000000000000000e+00	0.0000000000000000e+00	0.0000000000000000e+00	0.0000000000000000e+00	0.0000000000000000e+00	0.0000000000000000e+00	
3.7707852839209016e-01	-0.0000000000000000e+00	-0.0000000000000000e+00	3.2599651402213112e-03	6.7700000000000005e-01	0.0000000000000000e+00	7.0411900526785612e+07	-5.3497574121004664e+03	-1.2008039851804677e+08	0.0000000000000000e+00	-0.0000000000000000e+00	0.0000000000000000e+00	0.0000000000000000e+00	0.0000000000000000e+00	0.0000000000000000e+00	0.0000000000000000e+00	0.0000000000000000e+00	0.0000000000000000e+00	
3.7849611684469198e-01	-0.0000000000000000e+00	-0.0000000000000000e+00	3.4354304141593684e-03	6.7700000000000005e-01	0.0000000000000000e+00	7.0422665063092232e+07	-5.4917418562782022e+03	-1.2008215086353327e+08	0.0000000000000000e+00	-0.0000000000000000e+00	0.0000000000000000e+00	0.0000000000000000e+00	0.0000000000000000e+00	0.0000000000000000e+00	0.0000000000000000e+00	0.0000000000000000e+00	0.0000000000000000e+00	
3.7991370529729385e-01	-0.0000000000000000e+00	-0.0000000000000000e+00	3.4354304141593684e-03	6.7700000000000005e-01	0.0000000000000000e+00	7.0422665063092232e+07	-5.4917418562782022e+03	-1.2008215086353327e+08	0.0000000000000000e+00	-0.0000000000000000e+00	0.0000000000000000e+00	0.0000000000000000e+00	0.0000000000000000e+00	0.0000000000000000e+00	0.0000000000000000e+00	0.0000000000000000e+00	0.0000000000000000e+00	
3.8133129374989566e-01	-0.0000000000000000e+00	-0.0000000000000000e+00	3.6224393477407679e-03	6.7700000000000005e-01	0.0000000000000000e+00	7.0433730859596863e+07	-5.6493126288373496e+03	-1.2008390932624638e+08	0.0000000000000000e+00	-0.0000000000000000e+00	0.0000000000000000e+00	0.0000000000000000e+00	0.0000000000000000e+00	0.0000000000000000e+00	0.0000000000000000e+00	0.0000000000000000e+00	0.0000000000000000e+00	
3.8274888220249753e-01	-0.0000000000000000e+00	-0.0000000000000000e+00	3.6224393477407679e-03	6.7700000000000005e-01	0.0000000000000000e+00	7.0433730859596863e+07	-5.6493126288373496e+03	-1.2008390932624638e+08	0.0000000000000000e+00	-0.0000000000000000e+00	0.0000000000000000e+00	0.0000000000000000e+00	0.0000000000000000e+00	0.0000000000000000e+00	0.0000000000000000e+00	0.0000000000000000e+00	0.0000000000000000e+00	
3.8416647065509935e-01	-0.0000000000000000e+00	-0.0000000000000000e+00	3.8208343921962507e-03	6.7700000000000005e-01	0.0000000000000000e+00	7.0445103185599774e+07	-5.8220336427660750e+03	-1.2008567673813958e+08	0.0000000000000000e+00	-0.0000000000000000e+00	0.0000000000000000e+00	0.0000000000000000e+00	0.0000000000000000e+00	0.0000000000000000e+00	0.0000000000000000e+00	0.0000000000000000e+00	0.0000000000000000e+00	
3.8558405910770122e-01	-0.0000000000000000e+00	-0.0000000000000000e+00	3.8208343921962507e-03	6.7700000000000005e-01	0.0000000000000000e+00	7.0445103185599774e+07	-5.8220336427660750e+03	-1.2008567673813958e+08	0.0000000000000000e+00	-0.0000000000000000e+00	0.0000000000000000e+00	0.0000000000000000e+00	0.0000000000000000e+00	0.0000000000000000e+00	0.0000000000000000e+00	0.0000000000000000e+00	0.0000000000000000e+00	
3.8700164756030303e-01	-0.0000000000000000e+00	-0.0000000000000000e+00	4.0303668400202839e-03	6.7700000000000005e-01	0.0000000000000000e+00	7.0456786875396505e+07	-6.0092265285213098e+03	-1.2008745591922562e+08	0.0000000000000000e+00	-0.0000000000000000e+00	0.0000000000000000e+00	0.0000000000000000e+00	0.0000000000000000e+00	0.0000000000000000e+00	0.0000000000000000e+00	0.0000000000000000e+00	0.0000000000000000e+00	
3.8841923601290490e-01	-0.0000000000000000e+00	-0.0000000000000000e+00	4.0303668400202839e-03	6.7700000000000005e-01	0.0000000000000000e+00	7.0456786875396505e+07	-6.0092265285213098e+03	-1.2008745591922562e+08	0.0000000000000000e+00	-0.0000000000000000e+00	0.0000000000000000e+00	0.0000000000000000e+00	0.0000000000000000e+00	0.0000000000000000e+00	0.0000000000000000e+00	0.0000000000000000e+00	0.0000000000000000e+00	
3.8983682446550671e-01	-0.0000000000000000e+00	-0.0000000000000000e+00	4.2507759207042525e-03	6.7700000000000005e-01	0.0000000000000000e+00	7.0468785879666522e+07	-6.2101842482088032e+03	-1.2008925116869593e+08	0.0000000000000000e+00	-0.0000000000000000e+00	0.0000000000000000e+00	0.0000000000000000e+00	0.0000000000000000e+00	0.0000000000000000e+00	0.0000000000000000e+00	0.0000000000000000e+00	0.0000000000000000e+00	
3.9125441291810859e-01	-0.0000000000000000e+00	-0.0000000000000000e+00	4.2507759207042525e-03	6.7700000000000005e-01	0.0000000000000000e+00	7.0468785879666522e+07	-6.2101842482088032e+03	-1.2008925116869593e+08	0.0000000000000000e+00	-0.0000000000000000e+00	0.0000000000000000e+00	0.0000000000000000e+00	0.0000000000000000e+00	0.0000000000000000e+00	0.0000000000000000e+00	0.0000000000000000e+00	0.0000000000000000e+00	
3.9267200137071040e-01	-0.0000000000000000e+00	-0.0000000000000000e+00	4.4816882496183114e-03	6.7700000000000005e-01	0.0000000000000000e+00	7.0481104103550062e+07	-6.4239917232368216e+03	-1.2009106676768298e+08	0.0000000000000000e+00	-0.0000000000000000e+00	0.0000000000000000e+00	0.0000000000000000e+00	0.0000000000000000e+00	0.0000000000000000e+00	0.0000000000000000e+00	0.0000000000000000e+00	0.0000000000000000e+00	
3.9408958982331227e-01	-0.0000000000000000e+00	-0.0000000000000000e+00	4.4816882496183114e-03	6.7700000000000005e-01	0.0000000000000000e+00	7.0481104103550062e+07	-6.4239917232368216e+03	-1.2009106676768298e+08	0.0000000000000000e+00	-0.0000000000000000e+00	0.0000000000000000e+00	0.0000000000000000e+00	0.0000000000000000e+00	0.0000000000000000e+00	0.0000000000000000e+00	0.0000000000000000e+00	0.0000000000000000e+00	
3.9550717827591408e-01	-0.0000000000000000e+00	-0.0000000000000000e+00	4.7226865163223705e-03	6.7700000000000005e-01	0.0000000000000000e+00	7.0493745043731332e+07	-6.6497031676672968e+03	-1.2009290817785521e+08	0.0000000000000000e+00	-0.0000000000000000e+00	0.0000000000000000e+00	0.0000000000000000e+00	0.0000000000000000e+00	0.0000000000000000e+00	0.0000000000000000e+00	0.0000000000000000e+00	0.0000000000000000e+00	
3.9692476672851595e-01	-0.0000000000000000e+00	-0.0000000000000000e+00	4.7226865163223705e-03	6.7700000000000005e-01	0.0000000000000000e+00	7.0493745043731332e+07	-6.6497031676672968e+03	-1.2009290817785521e+08	0.0000000000000000e+00	-0.0000000000000000e+00	0.0000000000000000e+00	0.0000000000000000e+00	0.0000000000000000e+00	0.0000000000000000e+00	0.0000000000000000e+00	0.0000000000000000e+00	0.0000000000000000e+00	
3.9834235518111777e-01	-0.0000000000000000e+00	-0.0000000000000000e+00	4.9732227452180984e-03	6.7700000000000005e-01	0.0000000000000000e+00	7.0506712580441028e+07	-6.8862031480519563e+03	-1.2009478071561266e+08	0.0000000000000000e+00	-0.0000000000000000e+00	0.0000000000000000e+00	0.0000000000000000e+00	0.0000000000000000e+00	0.0000000000000000e+00	0.0000000000000000e+00	0.0000000000000000e+00	0.0000000000000000e+00	
3.9975994363371964e-01	-0.0000000000000000e+00	-0.0000000000000000e+00	4.9732227452180984e-03	6.7700000000000005e-01	0.0000000000000000e+00	7.0506712580441028e+07	-6.8862031480519563e+03	-1.2009478071561266e+08	0.0000000000000000e+00	-0.0000000000000000e+00	0.0000000000000000e+00	0.0000000000000000e+00	0.0000000000000000e+00	0.0000000000000000e+00	0.0000000000000000e+00	0.0000000000000000e+00	0.0000000000000000e+00	
4.0117753208632145e-01	-0.0000000000000000e+00	-0.0000000000000000e+00	5.2326774219752696e-03	6.7699998581630993e-01	0.0000000000000000e+00	7.0520010673718646e+07	-7.1323407661246220e+03	-1.2009669041277485e+08	0.0000000000000000e+00	-0.0000000000000000e+00	0.0000000000000000e+00	3.7325500312150387e-08	0.0000000000000000e+00	0.0000000000000000e+00	0.0000000000000000e+00	0.0000000000000000e+00	0.0000000000000000e+00	
4.0259512053892332e-01	-0.0000000000000000e+00	-0.0000000000000000e+00	5.2326774219752696e-03	6.7699998581630993e-01	0.0000000000000000e+00	7.0520010673718646e+07	-7.1323407661246220e+03	-1.2009669041277485e+08	0.0000000000000000e+00	-0.0000000000000000e+00	0.0000000000000000e+00	3.7325500312150387e-08	0.0000000000000000e+00	0.0000000000000000e+00	0.0000000000000000e+00	0.0000000000000000e+00	0.0000000000000000e+00	
4.0401270899152514e-01	-0.0000000000000000e+00	-0.0000000000000000e+00	5.5002946748988896e-03	6.7699927978876495e-01	0.0000000000000000e+00	7.0533644042106524e+07	-7.3868435048481679e+03	-1.2009864296043634e+08	0.0000000000000000e+00	-0.0000000000000000e+00	0.0000000000000000e+00	1.8952927239833774e-06	0.0000000000000000e+00	0.0000000000000000e+00	0.0000000000000000e+00	0.0000000000000000e+00	0.0000000000000000e+00	
4.0543029744412701e-01	-0.0000000000000000e+00	-0.0000000000000000e+00	5.5002946748988896e-03	6.7699927978876495e-01	0.0000000000000000e+00	7.0533644042106524e+07	-7.3868435048481679e+03	-1.2009864296043634e+08	0.0000000000000000e+00	-0.0000000000000000e+00	0.0000000000000000e+00	1.8952927239833774e-06	0.0000000000000000e+00	0.0000000000000000e+00	0.0000000000000000e+00	0.0000000000000000e+00	0.0000000000000000e+00	
4.0684788589672882e-01	-0.0000000000000000e+00	-0.0000000000000000e+00	5.7752728512786436e-03	6.7699820117944665e-01	0.0000000000000000e+00	7.0547618624940604e+07	-7.6483480712410810e+03	-1.2010064430950658e+08	0.0000000000000000e+00	-0.0000000000000000e+00	0.0000000000000000e+00	4.7337382985254907e-06	0.0000000000000000e+00	0.0000000000000000e+00	0.0000000000000000e+00	0.0000000000000000e+00	0.0000000000000000e+00	
4.0826547434933069e-01	-0.0000000000000000e+00	-0.0000000000000000e+00	5.7752728512786436e-03	6.7699820117944665e-01	0.0000000000000000e+00	7.0547618624940604e+07	-7.6483480712410810e+03	-1.2010064430950658e+08	0.0000000000000000e+00	-0.0000000000000000e+00	0.0000000000000000e+00	4.7337382985254907e-06	0.0000000000000000e+00	0.0000000000000000e+00	0.0000000000000000e+00	0.0000000000000000e+00	0.0000000000000000e+00	
4.0968306280193251e-01	-0.0000000000000000e+00	-0.0000000000000000e+00	6.0619547094612940e-03	6.7699721448084127e-01	0.0000000000000000e+00	7.0562039154730543e+07	-7.9102852460252334e+03	-1.2010271355033386e+08	0.0000000000000000e+00	-0.0000000000000000e+00	0.0000000000000000e+00	7.3303135756496283e-06	0.0000000000000000e+00	0.0000000000000000e+00	0.0000000000000000e+00	0.0000000000000000e+00	0.0000000000000000e+00	
4.1110065125453438e-01	-0.0000000000000000e+00	-0.0000000000000000e+00	6.0619547094612940e-03	6.7699721448084127e-01	0.0000000000000000e+00	7.0562039154730543e+07	-7.9102852460252334e+03	-1.2010271355033386e+08	0.0000000000000000e+00	-0.0000000000000000e+00	0.0000000000000000e+00	7.3303135756496283e-06	0.0000000000000000e+00	0.0000000000000000e+00	0.0000000000000000e+00	0.0000000000000000e+00	0.0000000000000000e+00	
4.1251823970713619e-01	-0.0000000000000000e+00	-0.0000000000000000e+00	6.3720888677840596e-03	6.7699609562944296e-01	0.0000000000000000e+00	7.0577022598953798e+07	-8.1768111854517083e+03	-1.2010486851772390e+08	0.0000000000000000e+00	-0.0000000000000000e+00	0.0000000000000000e+00	1.0274659360788513e-05	0.0000000000000000e+00	0.0000000000000000e+00	0.0000000000000000e+00	0.0000000000000000e+00	0.0000000000000000e+00	
4.1393582815973806e-01	-0.0000000000000000e+00	-0.0000000000000000e+00	6.3720888677840596e-03	6.7699609562944296e-01	0.0000000000000000e+00	7.0577022598953798e+07	-8.1768111854517083e+03	-1.2010486851772390e+08	0.0000000000000000e+00	-0.0000000000000000e+00	0.0000000000000000e+00	1.0274659360788513e-05	0.0000000000000000e+00	0.0000000000000000e+00	0.0000000000000000e+00	0.0000000000000000e+00	0.0000000000000000e+00	
4.1535341661233988e-01	-0.0000000000000000e+00	-0.0000000000000000e+00	6.7286867820195734e-03	6.7699497839412770e-01	0.0000000000000000e+00	7.0592736753314063e+07	-8.4678167172657722e+03	-1.2010711983647391e+08	0.0000000000000000e+00	-0.0000000000000000e+00	0.0000000000000000e+00	1.3214752295771782e-05	0.0000000000000000e+00	0.0000000000000000e+00	0.0000000000000000e+00	0.0000000000000000e+00	0.0000000000000000e+00	
4.1677100506494175e-01	-0.0000000000000000e+00	-0.0000000000000000e+00	6.7286867820195734e-03	6.7699497839412770e-01	0.0000000000000000e+00	7.0592736753314063e+07	-8.4678167172657722e+03	-1.2010711983647391e+08	0.0000000000000000e+00	-0.0000000000000000e+00	0.0000000000000000e+00	1.3214752295771782e-05	0.0000000000000000e+00	0.0000000000000000e+00	0.0000000000000000e+00	0.0000000000000000e+00	0.0000000000000000e+00	
4.1818859351754356e-01	-0.0000000000000000e+00	-0.0000000000000000e+00	7.1563965701224560e-03	6.7699389194633264e-01	0.0000000000000000e+00	7.0609236938928396e+07	-8.7751430734267797e+03	-1.2010945917453220e+08	0.0000000000000000e+00	-0.0000000000000000e+00	0.0000000000000000e+00	1.6073825440527389e-05	0.0000000000000000e+00	0.0000000000000000e+00	0.0000000000000000e+00	0.0000000000000000e+00	0.0000000000000000e+00	
4.1960618197014543e-01	-0.0000000000000000e+00	-0.0000000000000000e+00	7.1563965701224560e-03	6.7699389194633264e-01	0.0000000000000000e+00	7.0609236938928396e+07	-8.7751430734267797e+03	-1.2010945917453220e+08	0.0000000000000000e+00	-0.0000000000000000e+00	0.0000000000000000e+00	1.6073825440527389e-05	0.0000000000000000e+00	0.0000000000000000e+00	0.0000000000000000e+00	0.0000000000000000e+00	0.0000000000000000e+00	
4.2102377042274725e-01	-0.0000000000000000e+00	-0.0000000000000000e+00	7.6685207250714541e-03	6.7699257557283432e-01	0.0000000000000000e+00	7.0626406590925425e+07	-9.0600588996551596e+03	-1.2011184897782433e+08	0.0000000000000000e+00	-0.0000000000000000e+00	0.0000000000000000e+00	1.9537966225522368e-05	0.0000000000000000e+00	0.0000000000000000e+00	0.0000000000000000e+00	0.0000000000000000e+00	0.0000000000000000e+00	
4.2244135887534912e-01	-0.0000000000000000e+00	-0.0000000000000000e+00	7.6685207250714541e-03	6.7699257557283432e-01	0.0000000000000000e+00	7.0626406590925425e+07	-9.0600588996551596e+03	-1.2011184897782433e+08	0.0000000000000000e+00	-0.0000000000000000e+00	0.0000000000000000e+00	1.9537966225522368e-05	0.0000000000000000e+00	0.0000000000000000e+00	0.0000000000000000e+00	0.0000000000000000e+00	0.0000000000000000e+00	
4.2385894732795093e-01	-0.0000000000000000e+00	-0.0000000000000000e+00	8.2700317676964053e-03	6.7699090945794893e-01	0.0000000000000000e+00	7.0644085878019571e+07	-9.2733503193038014e+03	-1.2011427901149599e+08	0.0000000000000000e+00	-0.0000000000000000e+00	0.0000000000000000e+00	2.3922479082018403e-05	0.0000000000000000e+00	0.0000000000000000e+00	0.0000000000000000e+00	0.0000000000000000e+00	0.0000000000000000e+00	
4.2527653578055280e-01	-0.0000000000000000e+00	-0.0000000000000000e+00	8.2700317676964053e-03	6.7699090945794893e-01	0.0000000000000000e+00	7.0644085878019571e+07	-9.2733503193038014e+03	-1.2011427901149599e+08	0.0000000000000000e+00	-0.0000000000000000e+00	0.0000000000000000e+00	2.3922479082018403e-05	0.0000000000000000e+00	0.0000000000000000e+00	0.0000000000000000e+00	0.0000000000000000e+00	0.0000000000000000e+00	
4.2669412423315461e-01	-0.0000000000000000e+00	-0.0000000000000000e+00	8.9599623229699010e-03	6.7698857471482743e-01	0.0000000000000000e+00	7.0662074383610845e+07	-9.3622456120463739e+03	-1.2011675499100266e+08	0.0000000000000000e+00	-0.0000000000000000e+00	0.0000000000000000e+00	3.0066539927868192e-05	0.0000000000000000e+00	0.0000000000000000e+00	0.0000000000000000e+00	0.0000000000000000e+00	0.0000000000000000e+00	
4.2811171268575648e-01	-0.0000000000000000e+00	-0.0000000000000000e+00	8.9599623229699010e-03	6.7698857471482743e-01	0.0000000000000000e+00	7.0662074383610845e+07	-9.3622456120463739e+03	-1.2011675499100266e+08	0.0000000000000000e+00	-0.0000000000000000e+00	0.0000000000000000e+00	3.0066539927868192e-05	0.0000000000000000e+00	0.0000000000000000e+00	0.0000000000000000e+00	0.0000000000000000e+00	0.0000000000000000e+00	
4.2952930113835830e-01	-0.0000000000000000e+00	-0.0000000000000000e+00	9.7335038105589716e-03	6.7698559714390472e-01	0.0000000000000000e+00	7.0680164521779552e+07	-9.2951697356623918e+03	-1.2011926685235469e+08	0.0000000000000000e+00	-0.0000000000000000e+00	0.0000000000000000e+00	3.7902252882576882e-05	0.0000000000000000e+00	0.0000000000000000e+00	0.0000000000000000e+00	0.0000000000000000e+00	0.0000000000000000e+00	
4.3094688959096017e-01	-0.0000000000000000e+00	-0.0000000000000000e+00	9.7335038105589716e-03	6.7698559714390472e-01	0.0000000000000000e+00	7.0680164521779552e+07	-9.2951697356623918e+03	-1.2011926685235469e+08	0.0000000000000000e+00	-0.0000000000000000e+00	0.0000000000000000e+00	3.7902252882576882e-05	0.0000000000000000e+00	0.0000000000000000e+00	0.0000000000000000e+00	0.0000000000000000e+00	0.0000000000000000e+00	
4.3236447804356198e-01	-0.0000000000000000e+00	-0.0000000000000000e+00	1.0583053158722785e-02	6.7698240659057884e-01	0.0000000000000000e+00	7.0698193228062093e+07	-9.0707260381771557e+03	-1.2012179548453175e+08	0.0000000000000000e+00	-0.0000000000000000e+00	0.0000000000000000e+00	4.6298445845145101e-05	0.0000000000000000e+00	0.0000000000000000e+00	0.0000000000000000e+00	0.0000000000000000e+00	0.0000000000000000e+00	
4.3378206649616385e-01	-0.0000000000000000e+00	-0.0000000000000000e+00	1.0583053158722785e-02	6.7698240659057884e-01	0.0000000000000000e+00	7.0698193228062093e+07	-9.0707260381771557e+03	-1.2012179548453175e+08	0.0000000000000000e+00	-0.0000000000000000e+00	0.0000000000000000e+00	4.6298445845145101e-05	0.0000000000000000e+00	0.0000000000000000e+00	0.0000000000000000e+00	0.0000000000000000e+00	0.0000000000000000e+00	
4.3519965494876567e-01	-0.0000000000000000e+00	-0.0000000000000000e+00	1.1497904948403933e-02	6.7697906417447007e-01	0.0000000000000000e+00	7.0716024755331859e+07	-8.7109716270126446e+03	-1.2012430606419669e+08	0.0000000000000000e+00	-0.0000000000000000e+00	0.0000000000000000e+00	5.5094277710592930e-05	0.0000000000000000e+00	0.0000000000000000e+00	0.0000000000000000e+00	0.0000000000000000e+00	0.0000000000000000e+00	
4.3661724340136754e-01	-0.0000000000000000e+00	-0.0000000000000000e+00	1.1497904948403933e-02	6.7697906417447007e-01	0.0000000000000000e+00	7.0716024755331859e+07	-8.7109716270126446e+03	-1.2012430606419669e+08	0.0000000000000000e+00	-0.0000000000000000e+00	0.0000000000000000e+00	5.5094277710592930e-05	0.0000000000000000e+00	0.0000000000000000e+00	0.0000000000000000e+00	0.0000000000000000e+00	0.0000000000000000e+00	
4.3803483185396935e-01	-0.0000000000000000e+00	-0.0000000000000000e+00	1.2459360594975653e-02	6.7697557120995266e-01	0.0000000000000000e+00	7.0733453277119920e+07	-8.2465686939253901e+03	-1.2012673178274980e+08	0.0000000000000000e+00	-0.0000000000000000e+00	0.0000000000000000e+00	6.4286289598329137e-05	0.0000000000000000e+00	0.0000000000000000e+00	0.0000000000000000e+00	0.0000000000000000e+00	0.0000000000000000e+00	
4.3945242030657122e-01	-0.0000000000000000e+00	-0.0000000000000000e+00	1.2459360594975653e-02	6.7697557120995266e-01	0.0000000000000000e+00	7.0733453277119920e+07	-8.2465686939253901e+03	-1.2012673178274980e+08	0.0000000000000000e+00	-0.0000000000000000e+00	0.0000000000000000e+00	6.4286289598329137e-05	0.0000000000000000e+00	0.0000000000000000e+00	0.0000000000000000e+00	0.0000000000000000e+00	0.0000000000000000e+00	
4.4087000875917304e-01	-0.0000000000000000e+00	-0.0000000000000000e+00	1.3446758692754194e-02	6.7697183901674707e-01	0.0000000000000000e+00	7.0750304585364401e+07	-7.7016165524119306e+03	-1.2012900127260755e+08	0.0000000000000000e+00	-0.0000000000000000e+00	0.0000000000000000e+00	7.4107850665646295e-05	0.0000000000000000e+00	0.0000000000000000e+00	0.0000000000000000e+00	0.0000000000000000e+00	0.0000000000000000e+00	
4.4228759721177491e-01	-0.0000000000000000e+00	-0.0000000000000000e+00	1.3446758692754194e-02	6.7697183901674707e-01	0.0000000000000000e+00	7.0750304585364401e+07	-7.7016165524119306e+03	-1.2012900127260755e+08	0.0000000000000000e+00	-0.0000000000000000e+00	0.0000000000000000e+00	7.4107850665646295e-05	0.0000000000000000e+00	0.0000000000000000e+00	0.0000000000000000e+00	0.0000000000000000e+00	0.0000000000000000e+00	
4.4370518566437672e-01	-0.0000000000000000e+00	-0.0000000000000000e+00	1.4438301435223165e-02	6.7696743121294478e-01	0.0000000000000000e+00	7.0766496823389322e+07	-7.0903706382875916e+03	-1.2013105320130822e+08	0.0000000000000000e+00	-0.0000000000000000e+00	0.0000000000000000e+00	8.5707334355851950e-05	0.0000000000000000e+00	0.0000000000000000e+00	0.0000000000000000e+00	0.0000000000000000e+00	0.0000000000000000e+00	
4.4512277411697859e-01	-0.0000000000000000e+00	-0.0000000000000000e+00	1.4438301435223165e-02	6.7696743121294478e-01	0.0000000000000000e+00	7.0766496823389322e+07	-7.0903706382875916e+03	-1.2013105320130822e+08	0.0000000000000000e+00	-0.0000000000000000e+00	0.0000000000000000e+00	8.5707334355851950e-05	0.0000000000000000e+00	0.0000000000000000e+00	0.0000000000000000e+00	0.0000000000000000e+00	0.0000000000000000e+00	
4.4654036256958041e-01	-0.0000000000000000e+00	-0.0000000000000000e+00	1.5412314405617399e-02	6.7696284792324590e-01	0.0000000000000000e+00	7.0782035913044438e+07	-6.4199975001867570e+03	-1.2013284095017530e+08	0.0000000000000000e+00	-0.0000000000000000e+00	0.0000000000000000e+00	9.7768623037242217e-05	0.0000000000000000e+00	0.0000000000000000e+00	0.0000000000000000e+00	0.0000000000000000e+00	0.0000000000000000e+00	
4.4795795102218228e-01	-0.0000000000000000e+00	-0.0000000000000000e+00	1.5412314405617399e-02	6.7696284792324590e-01	0.0000000000000000e+00	7.0782035913044438e+07	-6.4199975001867570e+03	-1.2013284095017530e+08	0.0000000000000000e+00	-0.0000000000000000e+00	0.0000000000000000e+00	9.7768623037242217e-05	0.0000000000000000e+00	0.0000000000000000e+00	0.0000000000000000e+00	0.0000000000000000e+00	0.0000000000000000e+00	
4.4937553947478409e-01	-0.0000000000000000e+00	-0.0000000000000000e+00	1.6340815480517409e-02	6.7695906366275826e-01	0.0000000000000000e+00	7.0796857469201460e+07	-5.7077868214344780e+03	-1.2013428807766289e+08	0.0000000000000000e+00	-0.0000000000000000e+00	0.0000000000000000e+00	1.0772720326789224e-04	0.0000000000000000e+00	0.0000000000000000e+00	0.0000000000000000e+00	0.0000000000000000e+00	0.0000000000000000e+00	
4.5079312792738596e-01	-0.0000000000000000e+00	-0.0000000000000000e+00	1.6340815480517409e-02	6.7695906366275826e-01	0.0000000000000000e+00	7.0796857469201460e+07	-5.7077868214344780e+03	-1.2013428807766289e+08	0.0000000000000000e+00	-0.0000000000000000e+00	0.0000000000000000e+00	1.0772720326789224e-04	0.0000000000000000e+00	0.0000000000000000e+00	0.0000000000000000e+00	0.0000000000000000e+00	0.0000000000000000e+00	
4.5221071637998778e-01	-0.0000000000000000e+00	-0.0000000000000000e+00	1.7188338889338337e-02	6.7695598048410166e-01	0.0000000000000000e+00	7.0810925564351082e+07	-4.9725273664540036e+03	-1.2013531173850863e+08	0.0000000000000000e+00	-0.0000000000000000e+00	0.0000000000000000e+00	1.1584083131154256e-04	0.0000000000000000e+00	0.0000000000000000e+00	0.0000000000000000e+00	0.0000000000000000e+00	0.0000000000000000e+00	
4.5362830483258965e-01	-0.0000000000000000e+00	-0.0000000000000000e+00	1.7188338889338337e-02	6.7695598048410166e-01	0.0000000000000000e+00	7.0810925564351082e+07	-4.9725273664540036e+03	-1.2013531173850863e+08	0.0000000000000000e+00	-0.0000000000000000e+00	0.0000000000000000e+00	1.1584083131154256e-04	0.0000000000000000e+00	0.0000000000000000e+00	0.0000000000000000e+00	0.0000000000000000e+00	0.0000000000000000e+00	
4.5504589328519146e-01	-0.0000000000000000e+00	-0.0000000000000000e+00	1.7916081989237845e-02	6.7695306144914902e-01	0.0000000000000000e+00	7.0824244588930458e+07	-4.2077725488233855e+03	-1.2013586613881907e+08	0.0000000000000000e+00	-0.0000000000000000e+00	0.0000000000000000e+00	1.2352250223961978e-04	0.0000000000000000e+00	0.0000000000000000e+00	0.0000000000000000e+00	0.0000000000000000e+00	0.0000000000000000e+00	
4.5646348173779333e-01	-0.0000000000000000e+00	-0.0000000000000000e+00	1.7916081989237845e-02	6.7695306144914902e-01	0.0000000000000000e+00	7.0824244588930458e+07	-4.2077725488233855e+03	-1.2013586613881907e+08	0.0000000000000000e+00	-0.0000000000000000e+00	0.0000000000000000e+00	1.2352250223961978e-04	0.0000000000000000e+00	0.0000000000000000e+00	0.0000000000000000e+00	0.0000000000000000e+00	0.0000000000000000e+00	
4.5788107019039515e-01	-0.0000000000000000e+00	-0.0000000000000000e+00	1.8488364876260949e-02	6.7694975388249023e-01	0.0000000000000000e+00	7.0836900110628173e+07	-3.4016224424969478e+03	-1.2013591409617673e+08	0.0000000000000000e+00	-0.0000000000000000e+00	0.0000000000000000e+00	1.3222662502589800e-04	0.0000000000000000e+00	0.0000000000000000e+00	0.0000000000000000e+00	0.0000000000000000e+00	0.0000000000000000e+00	
4.5929865864299702e-01	-0.0000000000000000e+00	-0.0000000000000000e+00	1.8488364876260949e-02	6.7694975388249023e-01	0.0000000000000000e+00	7.0836900110628173e+07	-3.4016224424969478e+03	-1.2013591409617673e+08	0.0000000000000000e+00	-0.0000000000000000e+00	0.0000000000000000e+00	1.3222662502589800e-04	0.0000000000000000e+00	0.0000000000000000e+00	0.0000000000000000e+00	0.0000000000000000e+00	0.0000000000000000e+00	
4.6071624709559883e-01	-0.0000000000000000e+00	-0.0000000000000000e+00	1.8868526312870004e-02	6.7694416666430191e-01	0.0000000000000000e+00	7.0848968468959555e+07	-2.5627220451437829e+03	-1.2013539901944435e+08	0.0000000000000000e+00	-0.0000000000000000e+00	0.0000000000000000e+00	1.4692983078446056e-04	0.0000000000000000e+00	0.0000000000000000e+00	0.0000000000000000e+00	0.0000000000000000e+00	0.0000000000000000e+00	
4.6213383554820070e-01	-0.0000000000000000e+00	-0.0000000000000000e+00	1.8868526312870004e-02	6.7694416666430191e-01	0.0000000000000000e+00	7.0848968468959555e+07	-2.5627220451437829e+03	-1.2013539901944435e+08	0.0000000000000000e+00	-0.0000000000000000e+00	0.0000000000000000e+00	1.4692983078446056e-04	0.0000000000000000e+00	0.0000000000000000e+00	0.0000000000000000e+00	0.0000000000000000e+00	0.0000000000000000e+00	
4.6355142400080251e-01	-0.0000000000000000e+00	-0.0000000000000000e+00	1.9024326824562017e-02	6.7693608855063803e-01	0.0000000000000000e+00	7.0860618857623234e+07	-1.7016190896503090e+03	-1.2013425162509018e+08	0.0000000000000000e+00	-0.0000000000000000e+00	0.0000000000000000e+00	1.6818802463686356e-04	0.0000000000000000e+00	0.0000000000000000e+00	0.0000000000000000e+00	0.0000000000000000e+00	0.0000000000000000e+00	
4.6496901245340438e-01	-0.0000000000000000e+00	-0.0000000000000000e+00	1.9024326824562017e-02	6.7693608855063803e-01	0.0000000000000000e+00	7.0860618857623234e+07	-1.7016190896503090e+03	-1.2013425162509018e+08	0.0000000000000000e+00	-0.0000000000000000e+00	0.0000000000000000e+00	1.6818802463686356e-04	0.0000000000000000e+00	0.0000000000000000e+00	0.0000000000000000e+00	0.0000000000000000e+00	0.0000000000000000e+00	
4.6638660090600620e-01	-0.0000000000000000e+00	-0.0000000000000000e+00	1.8928931616929785e-02	6.7692549628874976e-01	0.0000000000000000e+00	7.0871882253428832e+07	-8.2849416377073430e+02	-1.2013243199428496e+08	0.0000000000000000e+00	-0.0000000000000000e+00	0.0000000000000000e+00	1.9606239802700027e-04	0.0000000000000000e+00	0.0000000000000000e+00	0.0000000000000000e+00	0.0000000000000000e+00	0.0000000000000000e+00	
4.6780418935860807e-01	-0.0000000000000000e+00	-0.0000000000000000e+00	1.8928931616929785e-02	6.7692549628874976e-01	0.0000000000000000e+00	7.0871882253428832e+07	-8.2849416377073430e+02	-1.2013243199428496e+08	0.0000000000000000e+00	-0.0000000000000000e+00	0.0000000000000000e+00	1.9606239802700027e-04	0.0000000000000000e+00	0.0000000000000000e+00	0.0000000000000000e+00	0.0000000000000000e+00	0.0000000000000000e+00	
4.6922177781120988e-01	-0.0000000000000000e+00	-0.0000000000000000e+00	1.8560904016504468e-02	6.7691252270565416e-01	0.0000000000000000e+00	7.0882860601478204e+07	6.1318437048767677e+01	-1.2012994778137906e+08	0.0000000000000000e+00	-0.0000000000000000e+00	0.0000000000000000e+00	2.3020340617341674e-04	0.0000000000000000e+00	0.0000000000000000e+00	0.0000000000000000e+00	0.0000000000000000e+00	0.0000000000000000e+00	
4.7063936626381175e-01	-0.0000000000000000e+00	-0.0000000000000000e+00	1.8560904016504468e-02	6.7691252270565416e-01	0.0000000000000000e+00	7.0882860601478204e+07	6.1318437048767677e+01	-1.2012994778137906e+08	0.0000000000000000e+00	-0.0000000000000000e+00	0.0000000000000000e+00	2.3020340617341674e-04	0.0000000000000000e+00	0.0000000000000000e+00	0.0000000000000000e+00	0.0000000000000000e+00	0.0000000000000000e+00	
4.7205695471641357e-01	-0.0000000000000000e+00	-0.0000000000000000e+00	1.7904874129051791e-02	6.7689762527560104e-01	0.0000000000000000e+00	7.0893712631506547e+07	9.8002963986945167e+02	-1.2012684461188774e+08	0.0000000000000000e+00	-0.0000000000000000e+00	0.0000000000000000e+00	2.6940716947094568e-04	0.0000000000000000e+00	0.0000000000000000e+00	0.0000000000000000e+00	0.0000000000000000e+00	0.0000000000000000e+00	
4.7347454316901544e-01	-0.0000000000000000e+00	-0.0000000000000000e+00	1.7904874129051791e-02	6.7689762527560104e-01	0.0000000000000000e+00	7.0893712631506547e+07	9.8002963986945167e+02	-1.2012684461188774e+08	0.0000000000000000e+00	-0.0000000000000000e+00	0.0000000000000000e+00	2.6940716947094568e-04	0.0000000000000000e+00	0.0000000000000000e+00	0.0000000000000000e+00	0.0000000000000000e+00	0.0000000000000000e+00	
4.7489213162161725e-01	-0.0000000000000000e+00	-0.0000000000000000e+00	1.6951912604086097e-02	6.7688051160908580e-01	0.0000000000000000e+00	7.0904659071727470e+07	1.9371120461369817e+03	-1.2012317475290908e+08	0.0000000000000000e+00	-0.0000000000000000e+00	0.0000000000000000e+00	3.1444313398476683e-04	0.0000000000000000e+00	0.0000000000000000e+00	0.0000000000000000e+00	0.0000000000000000e+00	0.0000000000000000e+00	
4.7630972007421912e-01	-0.0000000000000000e+00	-0.0000000000000000e+00	1.6951912604086097e-02	6.7688051160908580e-01	0.0000000000000000e+00	7.0904659071727470e+07	1.9371120461369817e+03	-1.2012317475290908e+08	0.0000000000000000e+00	-0.0000000000000000e+00	0.0000000000000000e+00	3.1444313398476683e-04	0.0000000000000000e+00	0.0000000000000000e+00	0.0000000000000000e+00	0.0000000000000000e+00	0.0000000000000000e+00	
4.7772730852682094e-01	-0.0000000000000000e+00	-0.0000000000000000e+00	1.5703762940461632e-02	6.7686207425537581e-01	0.0000000000000000e+00	7.0915997967324182e+07	2.9469307272147398e+03	-1.2011905309767026e+08	0.0000000000000000e+00	-0.0000000000000000e+00	0.0000000000000000e+00	3.6296248585331514e-04	0.0000000000000000e+00	0.0000000000000000e+00	0.0000000000000000e+00	0.0000000000000000e+00	0.0000000000000000e+00	
4.7914489697942281e-01	-0.0000000000000000e+00	-0.0000000000000000e+00	1.5703762940461632e-02	6.7686207425537581e-01	0.0000000000000000e+00	7.0915997967324182e+07	2.9469307272147398e+03	-1.2011905309767026e+08	0.0000000000000000e+00	-0.0000000000000000e+00	0.0000000000000000e+00	3.6296248585331514e-04	0.0000000000000000e+00	0.0000000000000000e+00	0.0000000000000000e+00	0.0000000000000000e+00	0.0000000000000000e+00	
4.8056248543202462e-01	-0.0000000000000000e+00	-0.0000000000000000e+00	1.4167049623577831e-02	6.7684434286497042e-01	0.0000000000000000e+00	7.0928040064236179e+07	4.0156831277684560e+03	-1.2011459982886483e+08	0.0000000000000000e+00	-0.0000000000000000e+00	0.0000000000000000e+00	4.0962403955160790e-04	0.0000000000000000e+00	0.0000000000000000e+00	0.0000000000000000e+00	0.0000000000000000e+00	0.0000000000000000e+00	
4.8198007388462649e-01	-0.0000000000000000e+00	-0.0000000000000000e+00	1.4167049623577831e-02	6.7684434286497042e-01	0.0000000000000000e+00	7.0928040064236179e+07	4.0156831277684560e+03	-1.2011459982886483e+08	0.0000000000000000e+00	-0.0000000000000000e+00	0.0000000000000000e+00	4.0962403955160790e-04	0.0000000000000000e+00	0.0000000000000000e+00	0.0000000000000000e+00	0.0000000000000000e+00	0.0000000000000000e+00	
4.8339766233722831e-01	-0.0000000000000000e+00	-0.0000000000000000e+00	1.2351346305402799e-02	6.7682710687577308e-01	0.0000000000000000e+00	7.0941104105582163e+07	5.1395294645404192e+03	-1.2010987315761848e+08	0.0000000000000000e+00	-0.0000000000000000e+00	0.0000000000000000e+00	4.5498190586046794e-04	0.0000000000000000e+00	0.0000000000000000e+00	0.0000000000000000e+00	0.0000000000000000e+00	0.0000000000000000e+00	
4.8481525078983018e-01	-0.0000000000000000e+00	-0.0000000000000000e+00	1.2351346305402799e-02	6.7682710687577308e-01	0.0000000000000000e+00	7.0941104105582163e+07	5.1395294645404192e+03	-1.2010987315761848e+08	0.0000000000000000e+00	-0.0000000000000000e+00	0.0000000000000000e+00	4.5498190586046794e-04	0.0000000000000000e+00	0.0000000000000000e+00	0.0000000000000000e+00	0.0000000000000000e+00	0.0000000000000000e+00	
4.8623283924243199e-01	-0.0000000000000000e+00	-0.0000000000000000e+00	1.0263221891677353e-02	6.7681045189099931e-01	0.0000000000000000e+00	7.0955583523186952e+07	6.3249897884671609e+03	-1.2010485781214516e+08	0.0000000000000000e+00	-0.0000000000000000e+00	0.0000000000000000e+00	4.9881081315997298e-04	0.0000000000000000e+00	0.0000000000000000e+00	0.0000000000000000e+00	0.0000000000000000e+00	0.0000000000000000e+00	
4.8765042769503386e-01	-0.0000000000000000e+00	-0.0000000000000000e+00	1.0263221891677353e-02	6.7681045189099931e-01	0.0000000000000000e+00	7.0955583523186952e+07	6.3249897884671609e+03	-1.2010485781214516e+08	0.0000000000000000e+00	-0.0000000000000000e+00	0.0000000000000000e+00	4.9881081315997298e-04	0.0000000000000000e+00	0.0000000000000000e+00	0.0000000000000000e+00	0.0000000000000000e+00	0.0000000000000000e+00	
4.8906801614763568e-01	-0.0000000000000000e+00	-0.0000000000000000e+00	7.9054355236804052e-03	6.7679443949714913e-01	0.0000000000000000e+00	7.0971965005329534e+07	7.5575927027754415e+03	-1.2009949830219623e+08	0.0000000000000000e+00	-0.0000000000000000e+00	0.0000000000000000e+00	5.4094869171291240e-04	0.0000000000000000e+00	0.0000000000000000e+00	0.0000000000000000e+00	0.0000000000000000e+00	0.0000000000000000e+00	
4.9048560460023755e-01	-0.0000000000000000e+00	-0.0000000000000000e+00	7.9054355236804052e-03	6.7679443949714913e-01	0.0000000000000000e+00	7.0971965005329534e+07	7.5575927027754415e+03	-1.2009949830219623e+08	0.0000000000000000e+00	-0.0000000000000000e+00	0.0000000000000000e+00	5.4094869171291240e-04	0.0000000000000000e+00	0.0000000000000000e+00	0.0000000000000000e+00	0.0000000000000000e+00	0.0000000000000000e+00	
4.9190319305283936e-01	-0.0000000000000000e+00	-0.0000000000000000e+00	5.2818818624995939e-03	6.7677911212883890e-01	0.0000000000000000e+00	7.0990656236998230e+07	8.7940358614054039e+03	-1.2009375802308483e+08	0.0000000000000000e+00	-0.0000000000000000e+00	0.0000000000000000e+00	5.8128387147657681e-04	0.0000000000000000e+00	0.0000000000000000e+00	0.0000000000000000e+00	0.0000000000000000e+00	0.0000000000000000e+00	
4.9332078150544123e-01	-0.0000000000000000e+00	-0.0000000000000000e+00	5.2818818624995939e-03	6.7677911212883890e-01	0.0000000000000000e+00	7.0990656236998230e+07	8.7940358614054039e+03	-1.2009375802308483e+08	0.0000000000000000e+00	-0.0000000000000000e+00	0.0000000000000000e+00	5.8128387147657681e-04	0.0000000000000000e+00	0.0000000000000000e+00	0.0000000000000000e+00	0.0000000000000000e+00	0.0000000000000000e+00	
4.9473836995804304e-01	-0.0000000000000000e+00	-0.0000000000000000e+00	2.3986288641751142e-03	6.7676450874580751e-01	0.0000000000000000e+00	7.1012073193402380e+07	1.0019523814482964e+04	-1.2008761948574699e+08	0.0000000000000000e+00	-0.0000000000000000e+00	0.0000000000000000e+00	6.1971382682244637e-04	0.0000000000000000e+00	0.0000000000000000e+00	0.0000000000000000e+00	0.0000000000000000e+00	0.0000000000000000e+00	
4.9615595841064492e-01	-0.0000000000000000e+00	-0.0000000000000000e+00	2.3986288641751142e-03	6.7676450874580751e-01	0.0000000000000000e+00	7.1012073193402380e+07	1.0019523814482964e+04	-1.2008761948574699e+08	0.0000000000000000e+00	-0.0000000000000000e+00	0.0000000000000000e+00	6.1971382682244637e-04	0.0000000000000000e+00	0.0000000000000000e+00	0.0000000000000000e+00	0.0000000000000000e+00	0.0000000000000000e+00	
4.9757354686324673e-01	-0.0000000000000000e+00	-0.0000000000000000e+00	-7.3386375442882222e-04	6.7675180418737557e-01	0.0000000000000000e+00	7.1036708658759281e+07	1.1266328876509464e+04	-1.2008110259533484e+08	0.0000000000000000e+00	-0.0000000000000000e+00	0.0000000000000000e+00	6.5314687532764789e-04	0.0000000000000000e+00	0.0000000000000000e+00	0.0000000000000000e+00	0.0000000000000000e+00	0.0000000000000000e+00	
4.9899113531584860e-01	-0.0000000000000000e+00	-0.0000000000000000e+00	-7.3386375442882222e-04	6.7675180418737557e-01	0.0000000000000000e+00	7.1036708658759281e+07	1.1266328876509464e+04	-1.2008110259533484e+08	0.0000000000000000e+00	-0.0000000000000000e+00	0.0000000000000000e+00	6.5314687532764789e-04	0.0000000000000000e+00	0.0000000000000000e+00	0.0000000000000000e+00	0.0000000000000000e+00	0.0000000000000000e+00	
5.0040872376845036e-01	-0.0000000000000000e+00	-0.0000000000000000e+00	-4.0993111549346697e-03	6.7674151507578051e-01	0.0000000000000000e+00	7.1065070461021692e+07	1.2600806579603701e+04	-1.2007427259413962e+08	0.0000000000000000e+00	-0.0000000000000000e+00	0.0000000000000000e+00	6.8022348478827960e-04	0.0000000000000000e+00	0.0000000000000000e+00	0.0000000000000000e+00	0.0000000000000000e+00	0.0000000000000000e+00	
5.0182631222105223e-01	-0.0000000000000000e+00	-0.0000000000000000e+00	-4.0993111549346697e-03	6.7674151507578051e-01	0.0000000000000000e+00	7.1065070461021692e+07	1.2600806579603701e+04	-1.2007427259413962e+08	0.0000000000000000e+00	-0.0000000000000000e+00	0.0000000000000000e+00	6.8022348478827960e-04	0.0000000000000000e+00	0.0000000000000000e+00	0.0000000000000000e+00	0.0000000000000000e+00	0.0000000000000000e+00	
5.0324390067365410e-01	-0.0000000000000000e+00	-0.0000000000000000e+00	-7.6630509695085856e-03	6.7673360107179037e-01	0.0000000000000000e+00	7.1097934895518169e+07	1.4062061115712808e+04	-1.2006724499197589e+08	0.0000000000000000e+00	-0.0000000000000000e+00	0.0000000000000000e+00	7.0104981107818164e-04	0.0000000000000000e+00	0.0000000000000000e+00	0.0000000000000000e+00	0.0000000000000000e+00	0.0000000000000000e+00	
5.0466148912625597e-01	-0.0000000000000000e+00	-0.0000000000000000e+00	-7.6630509695085856e-03	6.7673360107179037e-01	0.0000000000000000e+00	7.1097934895518169e+07	1.4062061115712808e+04	-1.2006724499197589e+08	0.0000000000000000e+00	-0.0000000000000000e+00	0.0000000000000000e+00	7.0104981107818164e-04	0.0000000000000000e+00	0.0000000000000000e+00	0.0000000000000000e+00	0.0000000000000000e+00	0.0000000000000000e+00	
5.0607907757885784e-01	-0.0000000000000000e+00	-0.0000000000000000e+00	-1.1382624111603342e-02	6.7672798745153240e-01	0.0000000000000000e+00	7.1136158544045061e+07	1.5670063709949674e+04	-1.2006015493472466e+08	0.0000000000000000e+00	-0.0000000000000000e+00	0.0000000000000000e+00	7.1582249596739472e-04	0.0000000000000000e+00	0.0000000000000000e+00	0.0000000000000000e+00	0.0000000000000000e+00	0.0000000000000000e+00	
5.0749666603145971e-01	-0.0000000000000000e+00	-0.0000000000000000e+00	-1.1382624111603342e-02	6.7672798745153240e-01	0.0000000000000000e+00	7.1136158544045061e+07	1.5670063709949674e+04	-1.2006015493472466e+08	0.0000000000000000e+00	-0.0000000000000000e+00	0.0000000000000000e+00	7.1582249596739472e-04	0.0000000000000000e+00	0.0000000000000000e+00	0.0000000000000000e+00	0.0000000000000000e+00	0.0000000000000000e+00	
5.0891425448406158e-01	-0.0000000000000000e+00	-0.0000000000000000e+00	-1.5220104105761842e-02	6.7672458686409598e-01	0.0000000000000000e+00	7.1180443842529193e+07	1.7456444903701722e+04	-1.2005311442591225e+08	0.0000000000000000e+00	-0.0000000000000000e+00	0.0000000000000000e+00	7.2477141027390581e-04	0.0000000000000000e+00	0.0000000000000000e+00	0.0000000000000000e+00	0.0000000000000000e+00	0.0000000000000000e+00	
5.1033184293666345e-01	-0.0000000000000000e+00	-0.0000000000000000e+00	-1.5220104105761842e-02	6.7672458686409598e-01	0.0000000000000000e+00	7.1180443842529193e+07	1.7456444903701722e+04	-1.2005311442591225e+08	0.0000000000000000e+00	-0.0000000000000000e+00	0.0000000000000000e+00	7.2477141027390581e-04	0.0000000000000000e+00	0.0000000000000000e+00	0.0000000000000000e+00	0.0000000000000000e+00	0.0000000000000000e+00	
5.1174943138926532e-01	-0.0000000000000000e+00	-0.0000000000000000e+00	-1.9143275296437834e-02	6.7672400062086824e-01	0.0000000000000000e+00	7.1231338575962082e+07	1.9451115496617200e+04	-1.2004616601567812e+08	0.0000000000000000e+00	-0.0000000000000000e+00	0.0000000000000000e+00	7.2631415560991345e-04	0.0000000000000000e+00	0.0000000000000000e+00	0.0000000000000000e+00	0.0000000000000000e+00	0.0000000000000000e+00	
5.1316701984186719e-01	-0.0000000000000000e+00	-0.0000000000000000e+00	-1.9143275296437834e-02	6.7672400062086824e-01	0.0000000000000000e+00	7.1231338575962082e+07	1.9451115496617200e+04	-1.2004616601567812e+08	0.0000000000000000e+00	-0.0000000000000000e+00	0.0000000000000000e+00	7.2631415560991345e-04	0.0000000000000000e+00	0.0000000000000000e+00	0.0000000000000000e+00	0.0000000000000000e+00	0.0000000000000000e+00	
5.1458460829446906e-01	-0.0000000000000000e+00	-0.0000000000000000e+00	-2.3123059790426372e-02	6.7672848169798949e-01	0.0000000000000000e+00	7.1289252741070211e+07	2.1659577116117569e+04	-1.2003929389885269e+08	0.0000000000000000e+00	-0.0000000000000000e+00	0.0000000000000000e+00	7.1452184739606681e-04	0.0000000000000000e+00	0.0000000000000000e+00	0.0000000000000000e+00	0.0000000000000000e+00	0.0000000000000000e+00	
5.1600219674707093e-01	-0.0000000000000000e+00	-0.0000000000000000e+00	-2.3123059790426372e-02	6.7672848169798949e-01	0.0000000000000000e+00	7.1289252741070211e+07	2.1659577116117569e+04	-1.2003929389885269e+08	0.0000000000000000e+00	-0.0000000000000000e+00	0.0000000000000000e+00	7.1452184739606681e-04	0.0000000000000000e+00	0.0000000000000000e+00	0.0000000000000000e+00	0.0000000000000000e+00	0.0000000000000000e+00	
5.1741978519967280e-01	-0.0000000000000000e+00	-0.0000000000000000e+00	-2.7128444878404885e-02	6.7673823443362469e-01	0.0000000000000000e+00	7.1354490089205921e+07	2.4055977012921343e+04	-1.2003245805220979e+08	0.0000000000000000e+00	-0.0000000000000000e+00	0.0000000000000000e+00	6.8885675361945618e-04	0.0000000000000000e+00	0.0000000000000000e+00	0.0000000000000000e+00	0.0000000000000000e+00	0.0000000000000000e+00	
5.1883737365227467e-01	-0.0000000000000000e+00	-0.0000000000000000e+00	-2.7128444878404885e-02	6.7673823443362469e-01	0.0000000000000000e+00	7.1354490089205921e+07	2.4055977012921343e+04	-1.2003245805220979e+08	0.0000000000000000e+00	-0.0000000000000000e+00	0.0000000000000000e+00	6.8885675361945618e-04	0.0000000000000000e+00	0.0000000000000000e+00	0.0000000000000000e+00	0.0000000000000000e+00	0.0000000000000000e+00	
5.2025496210487654e-01	-0.0000000000000000e+00	-0.0000000000000000e+00	-3.1122638702164925e-02	6.7675624545446877e-01	0.0000000000000000e+00	7.1427380258408755e+07	2.6611031040859238e+04	-1.2002561528304867e+08	0.0000000000000000e+00	-0.0000000000000000e+00	0.0000000000000000e+00	6.4145933034531484e-04	0.0000000000000000e+00	0.0000000000000000e+00	0.0000000000000000e+00	0.0000000000000000e+00	0.0000000000000000e+00	
5.2167255055747841e-01	-0.0000000000000000e+00	-0.0000000000000000e+00	-3.1122638702164925e-02	6.7675624545446877e-01	0.0000000000000000e+00	7.1427380258408755e+07	2.6611031040859238e+04	-1.2002561528304867e+08	0.0000000000000000e+00	-0.0000000000000000e+00	0.0000000000000000e+00	6.4145933034531484e-04	0.0000000000000000e+00	0.0000000000000000e+00	0.0000000000000000e+00	0.0000000000000000e+00	0.0000000000000000e+00	
5.2309013901008028e-01	-0.0000000000000000e+00	-0.0000000000000000e+00	-3.5065927242840148e-02	6.7678200919683451e-01	0.0000000000000000e+00	7.1508095321181148e+07	2.9292167750812147e+04	-1.2001873257059976e+08	0.0000000000000000e+00	-0.0000000000000000e+00	0.0000000000000000e+00	5.7366000833023497e-04	0.0000000000000000e+00	0.0000000000000000e+00	0.0000000000000000e+00	0.0000000000000000e+00	0.0000000000000000e+00	
5.2450772746268215e-01	-0.0000000000000000e+00	-0.0000000000000000e+00	-3.5065927242840148e-02	6.7678200919683451e-01	0.0000000000000000e+00	7.1508095321181148e+07	2.9292167750812147e+04	-1.2001873257059976e+08	0.0000000000000000e+00	-0.0000000000000000e+00	0.0000000000000000e+00	5.7366000833023497e-04	0.0000000000000000e+00	0.0000000000000000e+00	0.0000000000000000e+00	0.0000000000000000e+00	0.0000000000000000e+00	
5.2592531591528402e-01	-0.0000000000000000e+00	-0.0000000000000000e+00	-3.8906985512854590e-02	6.7681553285782958e-01	0.0000000000000000e+00	7.1596893514295369e+07	3.2037154003593088e+04	-1.2001181048746821e+08	0.0000000000000000e+00	-0.0000000000000000e+00	0.0000000000000000e+00	4.8543984781714152e-04	0.0000000000000000e+00	0.0000000000000000e+00	0.0000000000000000e+00	0.0000000000000000e+00	0.0000000000000000e+00	
5.2734290436788589e-01	-0.0000000000000000e+00	-0.0000000000000000e+00	-3.8906985512854590e-02	6.7681553285782958e-01	0.0000000000000000e+00	7.1596893514295369e+07	3.2037154003593088e+04	-1.2001181048746821e+08	0.0000000000000000e+00	-0.0000000000000000e+00	0.0000000000000000e+00	4.8543984781714152e-04	0.0000000000000000e+00	0.0000000000000000e+00	0.0000000000000000e+00	0.0000000000000000e+00	0.0000000000000000e+00	
5.2876049282048776e-01	-0.0000000000000000e+00	-0.0000000000000000e+00	-4.2562468763479515e-02	6.7685706386937516e-01	0.0000000000000000e+00	7.1694483693336487e+07	3.4797974614678744e+04	-1.2000495302537499e+08	0.0000000000000000e+00	-0.0000000000000000e+00	0.0000000000000000e+00	3.7614771217069439e-04	0.0000000000000000e+00	0.0000000000000000e+00	0.0000000000000000e+00	0.0000000000000000e+00	0.0000000000000000e+00	
5.3017808127308963e-01	-0.0000000000000000e+00	-0.0000000000000000e+00	-4.2562468763479515e-02	6.7685706386937516e-01	0.0000000000000000e+00	7.1694483693336487e+07	3.4797974614678744e+04	-1.2000495302537499e+08	0.0000000000000000e+00	-0.0000000000000000e+00	0.0000000000000000e+00	3.7614771217069439e-04	0.0000000000000000e+00	0.0000000000000000e+00	0.0000000000000000e+00	0.0000000000000000e+00	0.0000000000000000e+00	
5.3159566972569150e-01	-0.0000000000000000e+00	-0.0000000000000000e+00	-4.5965622388255453e-02	6.7690681035562272e-01	0.0000000000000000e+00	7.1801490918491736e+07	3.7521276396475980e+04	-1.1999821199160774e+08	0.0000000000000000e+00	-0.0000000000000000e+00	0.0000000000000000e+00	2.4523590625617086e-04	0.0000000000000000e+00	0.0000000000000000e+00	0.0000000000000000e+00	0.0000000000000000e+00	0.0000000000000000e+00	
5.3301325817829337e-01	-0.0000000000000000e+00	-0.0000000000000000e+00	-4.5965622388255453e-02	6.7690681035562272e-01	0.0000000000000000e+00	7.1801490918491736e+07	3.7521276396475980e+04	-1.1999821199160774e+08	0.0000000000000000e+00	-0.0000000000000000e+00	0.0000000000000000e+00	2.4523590625617086e-04	0.0000000000000000e+00	0.0000000000000000e+00	0.0000000000000000e+00	0.0000000000000000e+00	0.0000000000000000e+00	
5.3443084663089524e-01	-0.0000000000000000e+00	-0.0000000000000000e+00	-4.9067632737961629e-02	6.7696473097265997e-01	0.0000000000000000e+00	7.1918401506139874e+07	4.0146998329785281e+04	-1.1999159516828033e+08	0.0000000000000000e+00	-0.0000000000000000e+00	0.0000000000000000e+00	9.2813229842243945e-05	0.0000000000000000e+00	0.0000000000000000e+00	0.0000000000000000e+00	0.0000000000000000e+00	0.0000000000000000e+00	
5.3584843508349711e-01	-0.0000000000000000e+00	-0.0000000000000000e+00	-4.9067632737961629e-02	6.7696473097265997e-01	0.0000000000000000e+00	7.1918401506139874e+07	4.0146998329785281e+04	-1.1999159516828033e+08	0.0000000000000000e+00	-0.0000000000000000e+00	0.0000000000000000e+00	9.2813229842243945e-05	0.0000000000000000e+00	0.0000000000000000e+00	0.0000000000000000e+00	0.0000000000000000e+00	0.0000000000000000e+00	
5.3726602353609898e-01	-0.0000000000000000e+00	-0.0000000000000000e+00	-5.1837704342006116e-02	6.7696778458882634e-01	0.0000000000000000e+00	7.2045625885467008e+07	4.2618679115420760e+04	-1.1998507031147753e+08	0.0000000000000000e+00	-0.0000000000000000e+00	0.0000000000000000e+00	-8.4777397825462383e-05	0.0000000000000000e+00	0.0000000000000000e+00	0.0000000000000000e+00	0.0000000000000000e+00	0.0000000000000000e+00	
5.3868361198870085e-01	-0.0000000000000000e+00	-0.0000000000000000e+00	-5.1837704342006116e-02	6.7696778458882634e-01	0.0000000000000000e+00	7.2045625885467008e+07	4.2618679115420760e+04	-1.1998507031147753e+08	0.0000000000000000e+00	-0.0000000000000000e+00	0.0000000000000000e+00	-8.4777397825462383e-05	0.0000000000000000e+00	0.0000000000000000e+00	0.0000000000000000e+00	0.0000000000000000e+00	0.0000000000000000e+00	
5.4010120044130272e-01	-0.0000000000000000e+00	-0.0000000000000000e+00	-5.4263642993757494e-02	6.7688925455095017e-01	0.0000000000000000e+00	7.2183458344797105e+07	4.4892955129403032e+04	-1.1997855903920671e+08	0.0000000000000000e+00	-0.0000000000000000e+00	0.0000000000000000e+00	-2.9143539223664523e-04	0.0000000000000000e+00	0.0000000000000000e+00	0.0000000000000000e+00	0.0000000000000000e+00	0.0000000000000000e+00	
5.4151878889390459e-01	-0.0000000000000000e+00	-0.0000000000000000e+00	-5.4263642993757494e-02	6.7688925455095017e-01	0.0000000000000000e+00	7.2183458344797105e+07	4.4892955129403032e+04	-1.1997855903920671e+08	0.0000000000000000e+00	-0.0000000000000000e+00	0.0000000000000000e+00	-2.9143539223664523e-04	0.0000000000000000e+00	0.0000000000000000e+00	0.0000000000000000e+00	0.0000000000000000e+00	0.0000000000000000e+00	
5.4293637734650646e-01	-0.0000000000000000e+00	-0.0000000000000000e+00	-5.6349866823566797e-02	6.7679945742312442e-01	0.0000000000000000e+00	7.2332241170768917e+07	4.6907995745055916e+04	-1.1997194845370573e+08	0.0000000000000000e+00	-0.0000000000000000e+00	0.0000000000000000e+00	-5.2774362335680021e-04	0.0000000000000000e+00	0.0000000000000000e+00	0.0000000000000000e+00	0.0000000000000000e+00	0.0000000000000000e+00	
5.4435396579910833e-01	-0.0000000000000000e+00	-0.0000000000000000e+00	-5.6349866823566797e-02	6.7679945742312442e-01	0.0000000000000000e+00	7.2332241170768917e+07	4.6907995745055916e+04	-1.1997194845370573e+08	0.0000000000000000e+00	-0.0000000000000000e+00	0.0000000000000000e+00	-5.2774362335680021e-04	0.0000000000000000e+00	0.0000000000000000e+00	0.0000000000000000e+00	0.0000000000000000e+00	0.0000000000000000e+00	
5.4577155425171020e-01	-0.0000000000000000e+00	-0.0000000000000000e+00	-5.8111122768447356e-02	6.7669819295408817e-01	0.0000000000000000e+00	7.2492453564524531e+07	4.8599089388591536e+04	-1.1996513764469709e+08	0.0000000000000000e+00	-0.0000000000000000e+00	0.0000000000000000e+00	-7.9422906818921027e-04	0.0000000000000000e+00	0.0000000000000000e+00	0.0000000000000000e+00	0.0000000000000000e+00	0.0000000000000000e+00	
5.4718914270431207e-01	-0.0000000000000000e+00	-0.0000000000000000e+00	-5.8111122768447356e-02	6.7669819295408817e-01	0.0000000000000000e+00	7.2492453564524531e+07	4.8599089388591536e+04	-1.1996513764469709e+08	0.0000000000000000e+00	-0.0000000000000000e+00	0.0000000000000000e+00	-7.9422906818921027e-04	0.0000000000000000e+00	0.0000000000000000e+00	0.0000000000000000e+00	0.0000000000000000e+00	0.0000000000000000e+00	
5.4860673115691394e-01	-0.0000000000000000e+00	-0.0000000000000000e+00	-5.9567463871292227e-02	6.7658479469854338e-01	0.0000000000000000e+00	7.2664658785526052e+07	4.9911357018799608e+04	-1.1995800763931862e+08	0.0000000000000000e+00	-0.0000000000000000e+00	0.0000000000000000e+00	-1.0926455301491014e-03	0.0000000000000000e+00	0.0000000000000000e+00	0.0000000000000000e+00	0.0000000000000000e+00	0.0000000000000000e+00	
5.5002431960951581e-01	-0.0000000000000000e+00	-0.0000000000000000e+00	-5.9567463871292227e-02	6.7658479469854338e-01	0.0000000000000000e+00	7.2664658785526052e+07	4.9911357018799608e+04	-1.1995800763931862e+08	0.0000000000000000e+00	-0.0000000000000000e+00	0.0000000000000000e+00	-1.0926455301491014e-03	0.0000000000000000e+00	0.0000000000000000e+00	0.0000000000000000e+00	0.0000000000000000e+00	0.0000000000000000e+00	
5.5144190806211768e-01	-0.0000000000000000e+00	-0.0000000000000000e+00	-6.0737405107402297e-02	6.7645840933093893e-01	0.0000000000000000e+00	7.2849453515410691e+07	5.0796169607842137e+04	-1.1995045263545562e+08	0.0000000000000000e+00	-0.0000000000000000e+00	0.0000000000000000e+00	-1.4252386027923385e-03	0.0000000000000000e+00	0.0000000000000000e+00	0.0000000000000000e+00	0.0000000000000000e+00	0.0000000000000000e+00	
5.5285949651471955e-01	-0.0000000000000000e+00	-0.0000000000000000e+00	-6.0737405107402297e-02	6.7645840933093893e-01	0.0000000000000000e+00	7.2849453515410691e+07	5.0796169607842137e+04	-1.1995045263545562e+08	0.0000000000000000e+00	-0.0000000000000000e+00	0.0000000000000000e+00	-1.4252386027923385e-03	0.0000000000000000e+00	0.0000000000000000e+00	0.0000000000000000e+00	0.0000000000000000e+00	0.0000000000000000e+00	
5.5427708496732142e-01	-0.0000000000000000e+00	-0.0000000000000000e+00	-6.1636546923587859e-02	6.7633132466833845e-01	0.0000000000000000e+00	7.3047454779851794e+07	5.1235021181320175e+04	-1.1994240340388088e+08	0.0000000000000000e+00	-0.0000000000000000e+00	0.0000000000000000e+00	-1.7596719254251670e-03	0.0000000000000000e+00	0.0000000000000000e+00	0.0000000000000000e+00	0.0000000000000000e+00	0.0000000000000000e+00	
5.5569467341992329e-01	-0.0000000000000000e+00	-0.0000000000000000e+00	-6.1636546923587859e-02	6.7633132466833845e-01	0.0000000000000000e+00	7.3047454779851794e+07	5.1235021181320175e+04	-1.1994240340388088e+08	0.0000000000000000e+00	-0.0000000000000000e+00	0.0000000000000000e+00	-1.7596719254251670e-03	0.0000000000000000e+00	0.0000000000000000e+00	0.0000000000000000e+00	0.0000000000000000e+00	0.0000000000000000e+00	
5.5711226187252516e-01	-0.0000000000000000e+00	-0.0000000000000000e+00	-6.2278261763191178e-02	6.7620849243190029e-01	0.0000000000000000e+00	7.3259306314625189e+07	5.1255559397736863e+04	-1.1993385066770078e+08	0.0000000000000000e+00	-0.0000000000000000e+00	0.0000000000000000e+00	-2.0829146528942317e-03	0.0000000000000000e+00	0.0000000000000000e+00	0.0000000000000000e+00	0.0000000000000000e+00	0.0000000000000000e+00	
5.5852985032512703e-01	-0.0000000000000000e+00	-0.0000000000000000e+00	-6.2278261763191178e-02	6.7620849243190029e-01	0.0000000000000000e+00	7.3259306314625189e+07	5.1255559397736863e+04	-1.1993385066770078e+08	0.0000000000000000e+00	-0.0000000000000000e+00	0.0000000000000000e+00	-2.0829146528942317e-03	0.0000000000000000e+00	0.0000000000000000e+00	0.0000000000000000e+00	0.0000000000000000e+00	0.0000000000000000e+00	
5.5994743877772890e-01	-0.0000000000000000e+00	-0.0000000000000000e+00	-6.2631537268059062e-02	6.7609921446002796e-01	0.0000000000000000e+00	7.3485498670268238e+07	5.0881834291286315e+04	-1.1992489857048118e+08	0.0000000000000000e+00	-0.0000000000000000e+00	0.0000000000000000e+00	-2.3704882630843339e-03	0.0000000000000000e+00	0.0000000000000000e+00	0.0000000000000000e+00	0.0000000000000000e+00	0.0000000000000000e+00	
5.6136502723033077e-01	-0.0000000000000000e+00	-0.0000000000000000e+00	-6.2631537268059062e-02	6.7609921446002796e-01	0.0000000000000000e+00	7.3485498670268238e+07	5.0881834291286315e+04	-1.1992489857048118e+08	0.0000000000000000e+00	-0.0000000000000000e+00	0.0000000000000000e+00	-2.3704882630843339e-03	0.0000000000000000e+00	0.0000000000000000e+00	0.0000000000000000e+00	0.0000000000000000e+00	0.0000000000000000e+00	
5.6278261568293264e-01	-0.0000000000000000e+00	-0.0000000000000000e+00	-6.2655654086210433e-02	6.7600799369580444e-01	0.0000000000000000e+00	7.3726663230219871e+07	5.0151344490700940e+04	-1.1991569759251158e+08	0.0000000000000000e+00	-0.0000000000000000e+00	0.0000000000000000e+00	-2.6105429057780372e-03	0.0000000000000000e+00	0.0000000000000000e+00	0.0000000000000000e+00	0.0000000000000000e+00	0.0000000000000000e+00	
5.6420020413553451e-01	-0.0000000000000000e+00	-0.0000000000000000e+00	-6.2655654086210433e-02	6.7600799369580444e-01	0.0000000000000000e+00	7.3726663230219871e+07	5.0151344490700940e+04	-1.1991569759251158e+08	0.0000000000000000e+00	-0.0000000000000000e+00	0.0000000000000000e+00	-2.6105429057780372e-03	0.0000000000000000e+00	0.0000000000000000e+00	0.0000000000000000e+00	0.0000000000000000e+00	0.0000000000000000e+00	
5.6561779258813638e-01	-0.0000000000000000e+00	-0.0000000000000000e+00	-6.2292907032078820e-02	6.7593692082358947e-01	0.0000000000000000e+00	7.3983469406544462e+07	4.9198272382786614e+04	-1.1990644203519757e+08	0.0000000000000000e+00	-0.0000000000000000e+00	0.0000000000000000e+00	-2.7975767800279710e-03	0.0000000000000000e+00	0.0000000000000000e+00	0.0000000000000000e+00	0.0000000000000000e+00	0.0000000000000000e+00	
5.6703538104073825e-01	-0.0000000000000000e+00	-0.0000000000000000e+00	-6.2292907032078820e-02	6.7593692082358947e-01	0.0000000000000000e+00	7.3983469406544462e+07	4.9198272382786614e+04	-1.1990644203519757e+08	0.0000000000000000e+00	-0.0000000000000000e+00	0.0000000000000000e+00	-2.7975767800279710e-03	0.0000000000000000e+00	0.0000000000000000e+00	0.0000000000000000e+00	0.0000000000000000e+00	0.0000000000000000e+00	
5.6845296949334012e-01	-0.0000000000000000e+00	-0.0000000000000000e+00	-6.1483347058453965e-02	6.7588706809154697e-01	0.0000000000000000e+00	7.4256521033573538e+07	4.8122823405793744e+04	-1.1989733553792223e+08	0.0000000000000000e+00	-0.0000000000000000e+00	0.0000000000000000e+00	-2.9287681801396480e-03	0.0000000000000000e+00	0.0000000000000000e+00	0.0000000000000000e+00	0.0000000000000000e+00	0.0000000000000000e+00	
5.6987055794594199e-01	-0.0000000000000000e+00	-0.0000000000000000e+00	-6.1483347058453965e-02	6.7588706809154697e-01	0.0000000000000000e+00	7.4256521033573538e+07	4.8122823405793744e+04	-1.1989733553792223e+08	0.0000000000000000e+00	-0.0000000000000000e+00	0.0000000000000000e+00	-2.9287681801396480e-03	0.0000000000000000e+00	0.0000000000000000e+00	0.0000000000000000e+00	0.0000000000000000e+00	0.0000000000000000e+00	
5.7128814639854386e-01	-0.0000000000000000e+00	-0.0000000000000000e+00	-6.0170477015971682e-02	6.7586157833940386e-01	0.0000000000000000e+00	7.4546286653374121e+07	4.6929631233794047e+04	-1.1988858504291713e+08	0.0000000000000000e+00	-0.0000000000000000e+00	0.0000000000000000e+00	-2.9958464752530239e-03	0.0000000000000000e+00	0.0000000000000000e+00	0.0000000000000000e+00	0.0000000000000000e+00	0.0000000000000000e+00	
5.7270573485114573e-01	-0.0000000000000000e+00	-0.0000000000000000e+00	-6.0170477015971682e-02	6.7586157833940386e-01	0.0000000000000000e+00	7.4546286653374121e+07	4.6929631233794047e+04	-1.1988858504291713e+08	0.0000000000000000e+00	-0.0000000000000000e+00	0.0000000000000000e+00	-2.9958464752530239e-03	0.0000000000000000e+00	0.0000000000000000e+00	0.0000000000000000e+00	0.0000000000000000e+00	0.0000000000000000e+00	
5.7412332330374760e-01	-0.0000000000000000e+00	-0.0000000000000000e+00	-5.8306797654227610e-02	6.7586099815210643e-01	0.0000000000000000e+00	7.4852971661845818e+07	4.5594602229037177e+04	-1.1988037739552806e+08	0.0000000000000000e+00	-0.0000000000000000e+00	0.0000000000000000e+00	-2.9973732839305507e-03	0.0000000000000000e+00	0.0000000000000000e+00	0.0000000000000000e+00	0.0000000000000000e+00	0.0000000000000000e+00	
5.7554091175634947e-01	-0.0000000000000000e+00	-0.0000000000000000e+00	-5.8306797654227610e-02	6.7586099815210643e-01	0.0000000000000000e+00	7.4852971661845818e+07	4.5594602229037177e+04	-1.1988037739552806e+08	0.0000000000000000e+00	-0.0000000000000000e+00	0.0000000000000000e+00	-2.9973732839305507e-03	0.0000000000000000e+00	0.0000000000000000e+00	0.0000000000000000e+00	0.0000000000000000e+00	0.0000000000000000e+00	
5.7695850020895134e-01	-0.0000000000000000e+00	-0.0000000000000000e+00	-5.5843972602613166e-02	6.7588580664703513e-01	0.0000000000000000e+00	7.5176562614963204e+07	4.4141576598604239e+04	-1.1987278990654637e+08	0.0000000000000000e+00	-0.0000000000000000e+00	0.0000000000000000e+00	-2.9320877709604317e-03	0.0000000000000000e+00	0.0000000000000000e+00	0.0000000000000000e+00	0.0000000000000000e+00	0.0000000000000000e+00	
5.7837608866155321e-01	-0.0000000000000000e+00	-0.0000000000000000e+00	-5.5843972602613166e-02	6.7588580664703513e-01	0.0000000000000000e+00	7.5176562614963204e+07	4.4141576598604239e+04	-1.1987278990654637e+08	0.0000000000000000e+00	-0.0000000000000000e+00	0.0000000000000000e+00	-2.9320877709604317e-03	0.0000000000000000e+00	0.0000000000000000e+00	0.0000000000000000e+00	0.0000000000000000e+00	0.0000000000000000e+00	
5.7979367711415508e-01	-0.0000000000000000e+00	-0.0000000000000000e+00	-5.2736968196884663e-02	6.7593826252319689e-01	0.0000000000000000e+00	7.5516772207546309e+07	4.2616747448320624e+04	-1.1986577219731167e+08	0.0000000000000000e+00	-0.0000000000000000e+00	0.0000000000000000e+00	-2.7940459915871433e-03	0.0000000000000000e+00	0.0000000000000000e+00	0.0000000000000000e+00	0.0000000000000000e+00	0.0000000000000000e+00	
5.8121126556675695e-01	-0.0000000000000000e+00	-0.0000000000000000e+00	-5.2736968196884663e-02	6.7593826252319689e-01	0.0000000000000000e+00	7.5516772207546309e+07	4.2616747448320624e+04	-1.1986577219731167e+08	0.0000000000000000e+00	-0.0000000000000000e+00	0.0000000000000000e+00	-2.7940459915871433e-03	0.0000000000000000e+00	0.0000000000000000e+00	0.0000000000000000e+00	0.0000000000000000e+00	0.0000000000000000e+00	
5.8262885401935882e-01	-0.0000000000000000e+00	-0.0000000000000000e+00	-4.8934430050041181e-02	6.7601837316523306e-01	0.0000000000000000e+00	7.5872927212407678e+07	4.1055578078144201e+04	-1.1985924992750677e+08	0.0000000000000000e+00	-0.0000000000000000e+00	0.0000000000000000e+00	-2.5832285125448359e-03	0.0000000000000000e+00	0.0000000000000000e+00	0.0000000000000000e+00	0.0000000000000000e+00	0.0000000000000000e+00	
5.8404644247196069e-01	-0.0000000000000000e+00	-0.0000000000000000e+00	-4.8934430050041181e-02	6.7601837316523306e-01	0.0000000000000000e+00	7.5872927212407678e+07	4.1055578078144201e+04	-1.1985924992750677e+08	0.0000000000000000e+00	-0.0000000000000000e+00	0.0000000000000000e+00	-2.5832285125448359e-03	0.0000000000000000e+00	0.0000000000000000e+00	0.0000000000000000e+00	0.0000000000000000e+00	0.0000000000000000e+00	
5.8546403092456256e-01	-0.0000000000000000e+00	-0.0000000000000000e+00	-4.4364652364273553e-02	6.7612585641946266e-01	0.0000000000000000e+00	7.6243962321062252e+07	3.9402565952178389e+04	-1.1985319555283676e+08	0.0000000000000000e+00	-0.0000000000000000e+00	0.0000000000000000e+00	-2.3003778435193088e-03	0.0000000000000000e+00	0.0000000000000000e+00	0.0000000000000000e+00	0.0000000000000000e+00	0.0000000000000000e+00	
5.8688161937716443e-01	-0.0000000000000000e+00	-0.0000000000000000e+00	-4.4364652364273553e-02	6.7612585641946266e-01	0.0000000000000000e+00	7.6243962321062252e+07	3.9402565952178389e+04	-1.1985319555283676e+08	0.0000000000000000e+00	-0.0000000000000000e+00	0.0000000000000000e+00	-2.3003778435193088e-03	0.0000000000000000e+00	0.0000000000000000e+00	0.0000000000000000e+00	0.0000000000000000e+00	0.0000000000000000e+00	
5.8829920782976630e-01	-0.0000000000000000e+00	-0.0000000000000000e+00	-3.8954526287912454e-02	6.7626261874900073e-01	0.0000000000000000e+00	7.6628563571753830e+07	3.7580388907053886e+04	-1.1984766813213632e+08	0.0000000000000000e+00	-0.0000000000000000e+00	0.0000000000000000e+00	-1.9404769763139860e-03	0.0000000000000000e+00	0.0000000000000000e+00	0.0000000000000000e+00	0.0000000000000000e+00	0.0000000000000000e+00	
5.8971679628236817e-01	-0.0000000000000000e+00	-0.0000000000000000e+00	-3.8954526287912454e-02	6.7626261874900073e-01	0.0000000000000000e+00	7.6628563571753830e+07	3.7580388907053886e+04	-1.1984766813213632e+08	0.0000000000000000e+00	-0.0000000000000000e+00	0.0000000000000000e+00	-1.9404769763139860e-03	0.0000000000000000e+00	0.0000000000000000e+00	0.0000000000000000e+00	0.0000000000000000e+00	0.0000000000000000e+00	
5.9113438473497004e-01	-0.0000000000000000e+00	-0.0000000000000000e+00	-3.2628745505291247e-02	6.7643186183519821e-01	0.0000000000000000e+00	7.7025129260916412e+07	3.5527485804129457e+04	-1.1984286899697083e+08	0.0000000000000000e+00	-0.0000000000000000e+00	0.0000000000000000e+00	-1.4951004336891185e-03	0.0000000000000000e+00	0.0000000000000000e+00	0.0000000000000000e+00	0.0000000000000000e+00	0.0000000000000000e+00	
5.9255197318757191e-01	-0.0000000000000000e+00	-0.0000000000000000e+00	-3.2628745505291247e-02	6.7643186183519821e-01	0.0000000000000000e+00	7.7025129260916412e+07	3.5527485804129457e+04	-1.1984286899697083e+08	0.0000000000000000e+00	-0.0000000000000000e+00	0.0000000000000000e+00	-1.4951004336891185e-03	0.0000000000000000e+00	0.0000000000000000e+00	0.0000000000000000e+00	0.0000000000000000e+00	0.0000000000000000e+00	
5.9396956164017378e-01	-0.0000000000000000e+00	-0.0000000000000000e+00	-2.5315035179697326e-02	6.7663315689539039e-01	0.0000000000000000e+00	7.7431952560987264e+07	3.3192869085314735e+04	-1.1983891661014554e+08	0.0000000000000000e+00	-0.0000000000000000e+00	0.0000000000000000e+00	-9.6537659107799384e-04	0.0000000000000000e+00	0.0000000000000000e+00	0.0000000000000000e+00	0.0000000000000000e+00	0.0000000000000000e+00	
5.9538715009277565e-01	-0.0000000000000000e+00	-0.0000000000000000e+00	-2.5315035179697326e-02	6.7663315689539039e-01	0.0000000000000000e+00	7.7431952560987264e+07	3.3192869085314735e+04	-1.1983891661014554e+08	0.0000000000000000e+00	-0.0000000000000000e+00	0.0000000000000000e+00	-9.6537659107799384e-04	0.0000000000000000e+00	0.0000000000000000e+00	0.0000000000000000e+00	0.0000000000000000e+00	0.0000000000000000e+00	
5.9680473854537752e-01	-0.0000000000000000e+00	-0.0000000000000000e+00	-1.6950685454309986e-02	6.7686525495664851e-01	0.0000000000000000e+00	7.7847467003467754e+07	3.0598113005089803e+04	-1.1983589441838957e+08	0.0000000000000000e+00	-0.0000000000000000e+00	0.0000000000000000e+00	-3.5459221934600749e-04	0.0000000000000000e+00	0.0000000000000000e+00	0.0000000000000000e+00	0.0000000000000000e+00	0.0000000000000000e+00	
5.9822232699797939e-01	-0.0000000000000000e+00	-0.0000000000000000e+00	-1.6950685454309986e-02	6.7686525495664851e-01	0.0000000000000000e+00	7.7847467003467754e+07	3.0598113005089803e+04	-1.1983589441838957e+08	0.0000000000000000e+00	-0.0000000000000000e+00	0.0000000000000000e+00	-3.5459221934600749e-04	0.0000000000000000e+00	0.0000000000000000e+00	0.0000000000000000e+00	0.0000000000000000e+00	0.0000000000000000e+00	
5.9963991545058126e-01	-0.0000000000000000e+00	-0.0000000000000000e+00	-7.4833930537978625e-03	6.7685511650046370e-01	0.0000000000000000e+00	7.8270424884826303e+07	2.7870832551695039e+04	-1.1983390881308958e+08	1.0522298139165607e-04	-6.8648325376340267e-08	0.0000000000000000e+00	3.8127236720103747e-04	6.7004896868201630e-02	5.9831805743484356e-01	0.0000000000000000e+00	0.0000000000000000e+00	0.0000000000000000e+00	
6.0105750390318313e-01	-0.0000000000000000e+00	-0.0000000000000000e+00	-7.4833930537978625e-03	6.7685511650046370e-01	0.0000000000000000e+00	7.8270424884826303e+07	2.7870832551695039e+04	-1.1983390881308958e+08	1.0522298139165607e-04	-6.8648325376340267e-08	0.0000000000000000e+00	3.8127236720103747e-04	6.7004896868201630e-02	5.9831805743484356e-01	0.0000000000000000e+00	0.0000000000000000e+00	0.0000000000000000e+00	
6.0247509235578500e-01	-0.0000000000000000e+00	-0.0000000000000000e+00	3.1273769011492618e-03	6.7650284894165447e-01	0.0000000000000000e+00	7.8700026650093302e+07	2.5122812112510939e+04	-1.1983311019317573e+08	4.6940511906979639e-04	-3.3109355456580727e-07	0.0000000000000000e+00	1.3082922588041228e-03	1.6113133287523132e-01	5.9831805743484356e-01	0.0000000000000000e+00	0.0000000000000000e+00	0.0000000000000000e+00	
6.0389268080838687e-01	-0.0000000000000000e+00	-0.0000000000000000e+00	3.1273769011492618e-03	6.7650284894165447e-01	0.0000000000000000e+00	7.8700026650093302e+07	2.5122812112510939e+04	-1.1983311019317573e+08	4.6940511906979639e-04	-3.3109355456580727e-07	0.0000000000000000e+00	1.3082922588041228e-03	1.6113133287523132e-01	5.9831805743484356e-01	0.0000000000000000e+00	0.0000000000000000e+00	0.0000000000000000e+00	
6.0531026926098874e-01	-0.0000000000000000e+00	-0.0000000000000000e+00	1.4907193932719113e-02	6.7607787261602437e-01	0.0000000000000000e+00	7.9134080402474597e+07	2.2349619534315010e+04	-1.1983349386122526e+08	1.1008385508172295e-03	-8.2562314050061718e-07	0.0000000000000000e+00	2.4266510104622497e-03	2.5530686109345890e-01	5.9831805743484356e-01	0.0000000000000000e+00	0.0000000000000000e+00	0.0000000000000000e+00	
6.0672785771359061e-01	-0.0000000000000000e+00	-0.0000000000000000e+00	1.4907193932719113e-02	6.7607787261602437e-01	0.0000000000000000e+00	7.9134080402474597e+07	2.2349619534315010e+04	-1.1983349386122526e+08	1.1008385508172295e-03	-8.2562314050061718e-07	0.0000000000000000e+00	2.4266510104622497e-03	2.5530686109345890e-01	5.9831805743484356e-01	0.0000000000000000e+00	0.0000000000000000e+00	0.0000000000000000e+00	
6.0814544616619248e-01	-0.0000000000000000e+00	-0.0000000000000000e+00	2.7871674654705365e-02	6.7558366072061715e-01	0.0000000000000000e+00	7.9568520632472277e+07	1.9520617479404416e+04	-1.1983479923036884e+08	1.9974937137969689e-03	-1.5790011549189367e-06	0.0000000000000000e+00	3.7272086299551142e-03	3.4857709174031443e-01	5.9831805743484356e-01	0.0000000000000000e+00	0.0000000000000000e+00	0.0000000000000000e+00	
6.0956303461879435e-01	-0.0000000000000000e+00	-0.0000000000000000e+00	2.7871674654705365e-02	6.7558366072061715e-01	0.0000000000000000e+00	7.9568520632472277e+07	1.9520617479404416e+04	-1.1983479923036884e+08	1.9974937137969689e-03	-1.5790011549189367e-06	0.0000000000000000e+00	3.7272086299551142e-03	3.4857709174031443e-01	5.9831805743484356e-01	0.0000000000000000e+00	0.0000000000000000e+00	0.0000000000000000e+00	
6.1098062307139622e-01	-0.0000000000000000e+00	-0.0000000000000000e+00	4.2043840225379492e-02	6.7502251580493333e-01	0.0000000000000000e+00	7.9999668605208427e+07	1.6596697243589671e+04	-1.1983688455900441e+08	3.1550696003414419e-03	-2.6120354246055044e-06	0.0000000000000000e+00	5.2039057764914250e-03	4.4014211677101162e-01	5.9831805743484356e-01	0.0000000000000000e+00	0.0000000000000000e+00	0.0000000000000000e+00	
6.1239821152399809e-01	-0.0000000000000000e+00	-0.0000000000000000e+00	4.2043840225379492e-02	6.7502251580493333e-01	0.0000000000000000e+00	7.9999668605208427e+07	1.6596697243589671e+04	-1.1983688455900441e+08	3.1550696003414419e-03	-2.6120354246055044e-06	0.0000000000000000e+00	5.2039057764914250e-03	4.4014211677101162e-01	5.9831805743484356e-01	0.0000000000000000e+00	0.0000000000000000e+00	0.0000000000000000e+00	
6.1381579997659996e-01	-0.0000000000000000e+00	-0.0000000000000000e+00	5.7449252877076577e-02	6.7439664363808360e-01	0.0000000000000000e+00	8.0425135688184246e+07	1.3658048534912918e+04	-1.1983979716967967e+08	4.5677914994513534e-03	-3.9403013806922442e-06	0.0000000000000000e+00	6.8509377945170933e-03	5.2948824313283016e-01	5.9831805743484356e-01	0.0000000000000000e+00	0.0000000000000000e+00	0.0000000000000000e+00	
6.1523338842920183e-01	-0.0000000000000000e+00	-0.0000000000000000e+00	5.7449252877076577e-02	6.7439664363808360e-01	0.0000000000000000e+00	8.0425135688184246e+07	1.3658048534912918e+04	-1.1983979716967967e+08	4.5677914994513534e-03	-3.9403013806922442e-06	0.0000000000000000e+00	6.8509377945170933e-03	5.2948824313283016e-01	5.9831805743484356e-01	0.0000000000000000e+00	0.0000000000000000e+00	0.0000000000000000e+00	
6.1665097688180370e-01	2.2079272765316470e-02	2.9641854226003149e-06	7.4104710891358339e-02	6.7370860666917243e-01	0.0000000000000000e+00	8.0739600968169570e+07	1.0839448869544032e+04	-1.1984350637133195e+08	6.2286090097533808e-03	-5.5720860847459543e-06	0.0000000000000000e+00	8.6615613969149123e-03	6.1617599348568342e-01	5.9831805743484356e-01	0.0000000000000000e+00	0.0000000000000000e+00	0.0000000000000000e+00	
6.1806856533440557e-01	2.2079272765316470e-02	2.9641854226003149e-06	7.4104710891358339e-02	6.7370860666917243e-01	0.0000000000000000e+00	8.0739600968169570e+07	1.0839448869544032e+04	-1.1984350637133195e+08	6.2286090097533808e-03	-5.5720860847459543e-06	0.0000000000000000e+00	8.6615613969149123e-03	6.1617599348568342e-01	5.9831805743484356e-01	0.0000000000000000e+00	0.0000000000000000e+00	0.0000000000000000e+00	
6.1948615378700744e-01	1.2784022839901885e-01	1.3038370202316352e-05	9.2013323462872970e-02	6.7296172836118484e-01	0.0000000000000000e+00	8.0653011159693852e+07	8.2257661035255533e+03	-1.1984784302009790e+08	8.1292107092718214e-03	-7.5073774463873922e-06	0.0000000000000000e+00	1.0627030628460954e-02	6.9977198442034338e-01	5.9831805743484356e-01	0.0000000000000000e+00	0.0000000000000000e+00	0.0000000000000000e+00	
6.2090374223960931e-01	1.2784022839901885e-01	1.3038370202316352e-05	9.2013323462872970e-02	6.7296172836118484e-01	0.0000000000000000e+00	8.0653011159693852e+07	8.2257661035255533e+03	-1.1984784302009790e+08	8.1292107092718214e-03	-7.5073774463873922e-06	0.0000000000000000e+00	1.0627030628460954e-02	6.9977198442034338e-01	5.9831805743484356e-01	0.0000000000000000e+00	0.0000000000000000e+00	0.0000000000000000e+00	
6.2232133069221118e-01	2.3226490141353257e-01	1.6913704684266355e-05	1.1116244055474757e-01	6.7215950263302626e-01	0.0000000000000000e+00	8.0560026126158103e+07	5.8664416490059684e+03	-1.1985254396342318e+08	1.0260027931159472e-02	-9.7397482875602831e-06	0.0000000000000000e+00	1.2738150965720414e-02	7.7986146343728158e-01	5.9831805743484356e-01	0.0000000000000000e+00	0.0000000000000000e+00	0.0000000000000000e+00	
6.2373891914481305e-01	2.3226490141353257e-01	1.6913704684266355e-05	1.1116244055474757e-01	6.7215950263302626e-01	0.0000000000000000e+00	8.0560026126158103e+07	5.8664416490059684e+03	-1.1985254396342318e+08	1.0260027931159472e-02	-9.7397482875602831e-06	0.0000000000000000e+00	1.2738150965720414e-02	7.7986146343728158e-01	5.9831805743484356e-01	0.0000000000000000e+00	0.0000000000000000e+00	0.0000000000000000e+00	
6.2515650759741492e-01	3.3480078295440796e-01	1.4948818417600170e-05	1.3151588712108708e-01	6.7130576543475307e-01	0.0000000000000000e+00	8.0460851780509248e+07	3.5925682502243653e+03	-1.1985723347483072e+08	1.2610773852205314e-02	-1.2261406109484442e-05	0.0000000000000000e+00	1.4984827803281626e-02	8.5622709421709031e-01	5.9831805743484356e-01	0.0000000000000000e+00	0.0000000000000000e+00	0.0000000000000000e+00	
6.2657409605001679e-01	3.3480078295440796e-01	1.4948818417600170e-05	1.3151588712108708e-01	6.7130576543475307e-01	0.0000000000000000e+00	8.0460851780509248e+07	3.5925682502243653e+03	-1.1985723347483072e+08	1.2610773852205314e-02	-1.2261406109484442e-05	0.0000000000000000e+00	1.4984827803281626e-02	8.5622709421709031e-01	5.9831805743484356e-01	0.0000000000000000e+00	0.0000000000000000e+00	0.0000000000000000e+00	
6.2799168450261866e-01	4.3505309666246689e-01	5.7403474011901413e-06	1.5301790789038872e-01	6.7040354237410482e-01	0.0000000000000000e+00	8.0355517196950600e+07	1.0602581336656369e+03	-1.1986141499100956e+08	1.5170932854291694e-02	-1.5070771511941911e-05	0.0000000000000000e+00	1.7359099015513885e-02	9.2883842769654512e-01	5.9831805743484356e-01	0.0000000000000000e+00	0.0000000000000000e+00	0.0000000000000000e+00	
6.2940927295522053e-01	4.3505309666246689e-01	5.7403474011901413e-06	1.5301790789038872e-01	6.7040354237410482e-01	0.0000000000000000e+00	8.0355517196950600e+07	1.0602581336656369e+03	-1.1986141499100956e+08	1.5170932854291694e-02	-1.5070771511941911e-05	0.0000000000000000e+00	1.7359099015513885e-02	9.2883842769654512e-01	5.9831805743484356e-01	0.0000000000000000e+00	0.0000000000000000e+00	0.0000000000000000e+00	
6.3082686140782240e-01	5.3267945138660944e-01	-1.3701205579102725e-05	1.7559374614809434e-01	6.6945607340957236e-01	0.0000000000000000e+00	8.0244063047716185e+07	-2.0639812582544687e+03	-1.1986456805981819e+08	1.7930094467746172e-02	-1.8176358907805521e-05	0.0000000000000000e+00	1.9852438395862197e-02	9.9776589459591281e-01	5.9831805743484356e-01	0.0000000000000000e+00	0.0000000000000000e+00	0.0000000000000000e+00	
6.3224444986042427e-01	5.3267945138660944e-01	-1.3701205579102725e-05	1.7559374614809434e-01	6.6945607340957236e-01	0.0000000000000000e+00	8.0244063047716185e+07	-2.0639812582544687e+03	-1.1986456805981819e+08	1.7930094467746172e-02	-1.8176358907805521e-05	0.0000000000000000e+00	1.9852438395862197e-02	9.9776589459591281e-01	5.9831805743484356e-01	0.0000000000000000e+00	0.0000000000000000e+00	0.0000000000000000e+00	
6.3366203831302614e-01	6.2773761474522760e-01	-4.6828088143031231e-05	1.9914523649523674e-01	6.6845438194316509e-01	0.0000000000000000e+00	8.0125109538630635e+07	-5.9771879266273645e+03	-1.1986623459428068e+08	2.0878359971315336e-02	-2.1597576614507139e-05	0.0000000000000000e+00	2.2488468570618453e-02	1.0633686533200808e+00	5.9831805743484356e-01	0.0000000000000000e+00	0.0000000000000000e+00	0.0000000000000000e+00	
6.3507962676562801e-01	6.2773761474522760e-01	-4.6828088143031231e-05	1.9914523649523674e-01	6.6845438194316509e-01	0.0000000000000000e+00	8.0125109538630635e+07	-5.9771879266273645e+03	-1.1986623459428068e+08	2.0878359971315336e-02	-2.1597576614507139e-05	0.0000000000000000e+00	2.2488468570618453e-02	1.0633686533200808e+00	5.9831805743484356e-01	0.0000000000000000e+00	0.0000000000000000e+00	0.0000000000000000e+00	
6.3649721521822988e-01	7.2029507468091936e-01	-9.6346333400181935e-05	2.2354579565640648e-01	6.6739122233190751e-01	0.0000000000000000e+00	7.9997565005244285e+07	-1.0700437001616754e+04	-1.1986607411672334e+08	2.4007169121497824e-02	-2.5361915637406506e-05	0.0000000000000000e+00	2.5286257021296089e-02	1.1261150916963045e+00	5.9831805743484356e-01	0.0000000000000000e+00	0.0000000000000000e+00	0.0000000000000000e+00	
6.3791480367083175e-01	7.2029507468091936e-01	-9.6346333400181935e-05	2.2354579565640648e-01	6.6739122233190751e-01	0.0000000000000000e+00	7.9997565005244285e+07	-1.0700437001616754e+04	-1.1986607411672334e+08	2.4007169121497824e-02	-2.5361915637406506e-05	0.0000000000000000e+00	2.5286257021296089e-02	1.1261150916963045e+00	5.9831805743484356e-01	0.0000000000000000e+00	0.0000000000000000e+00	0.0000000000000000e+00	
6.3933239212343362e-01	8.1038253862305865e-01	-1.6349327686270750e-04	2.4860228356906258e-01	6.6625445588470644e-01	0.0000000000000000e+00	7.9859728181231201e+07	-1.6111562166553176e+04	-1.1986370837914607e+08	2.7309193251575367e-02	-2.9498689396538972e-05	0.0000000000000000e+00	2.8277747671825209e-02	1.1865219939851781e+00	5.9831805743484356e-01	0.0000000000000000e+00	0.0000000000000000e+00	0.0000000000000000e+00	
6.4074998057603549e-01	8.1038253862305865e-01	-1.6349327686270750e-04	2.4860228356906258e-01	6.6625445588470644e-01	0.0000000000000000e+00	7.9859728181231201e+07	-1.6111562166553176e+04	-1.1986370837914607e+08	2.7309193251575367e-02	-2.9498689396538972e-05	0.0000000000000000e+00	2.8277747671825209e-02	1.1865219939851781e+00	5.9831805743484356e-01	0.0000000000000000e+00	0.0000000000000000e+00	0.0000000000000000e+00	
6.4216756902863736e-01	8.9766860932824788e-01	-2.4788773436419008e-04	2.7408923832881099e-01	6.6504538009644476e-01	0.0000000000000000e+00	7.9711650474593192e+07	-2.2012065737002617e+04	-1.1985896887563828e+08	3.0777922635060878e-02	-3.4033748850059251e-05	0.0000000000000000e+00	3.1459526061987611e-02	1.2447283174996266e+00	5.9831805743484356e-01	0.0000000000000000e+00	0.0000000000000000e+00	0.0000000000000000e+00	
6.4358515748123923e-01	8.9766860932824788e-01	-2.4788773436419008e-04	2.7408923832881099e-01	6.6504538009644476e-01	0.0000000000000000e+00	7.9711650474593192e+07	-2.2012065737002617e+04	-1.1985896887563828e+08	3.0777922635060878e-02	-3.4033748850059251e-05	0.0000000000000000e+00	3.1459526061987611e-02	1.2447283174996266e+00	5.9831805743484356e-01	0.0000000000000000e+00	0.0000000000000000e+00	0.0000000000000000e+00	
6.4500274593384110e-01	9.8181035777952597e-01	-3.4744731787838781e-04	2.9976449439708441e-01	6.6376660523757103e-01	0.0000000000000000e+00	7.9553682869084463e+07	-2.8152803157143135e+04	-1.1985189857815935e+08	3.4406798120424804e-02	-3.8984595367691980e-05	0.0000000000000000e+00	3.4824723059023711e-02	1.3006927928172485e+00	5.9831805743484356e-01	0.0000000000000000e+00	0.0000000000000000e+00	0.0000000000000000e+00	
6.4642033438644297e-01	9.8181035777952597e-01	-3.4744731787838781e-04	2.9976449439708441e-01	6.6376660523757103e-01	0.0000000000000000e+00	7.9553682869084463e+07	-2.8152803157143135e+04	-1.1985189857815935e+08	3.4406798120424804e-02	-3.8984595367691980e-05	0.0000000000000000e+00	3.4824723059023711e-02	1.3006927928172485e+00	5.9831805743484356e-01	0.0000000000000000e+00	0.0000000000000000e+00	0.0000000000000000e+00	
6.4783792283904484e-01	1.0626234169717945e+00	-4.5793350878999098e-04	3.2543069553441983e-01	6.6242064941232126e-01	0.0000000000000000e+00	7.9386311341247842e+07	-3.4211228099970576e+04	-1.1984275970755994e+08	3.8189308447606943e-02	-4.4354740902054100e-05	0.0000000000000000e+00	3.8366712072838892e-02	1.3544142188607546e+00	5.9831805743484356e-01	0.0000000000000000e+00	0.0000000000000000e+00	0.0000000000000000e+00	
6.4925551129164671e-01	1.0626234169717945e+00	-4.5793350878999098e-04	3.2543069553441983e-01	6.6242064941232126e-01	0.0000000000000000e+00	7.9386311341247842e+07	-3.4211228099970576e+04	-1.1984275970755994e+08	3.8189308447606943e-02	-4.4354740902054100e-05	0.0000000000000000e+00	3.8366712072838892e-02	1.3544142188607546e+00	5.9831805743484356e-01	0.0000000000000000e+00	0.0000000000000000e+00	0.0000000000000000e+00	
6.5067309974424858e-01	1.1400252085538287e+00	-5.7395975252108958e-04	3.5091632508928527e-01	6.6101000492543138e-01	0.0000000000000000e+00	7.9210021291439220e+07	-3.9879262209733963e+04	-1.1983181909512474e+08	4.2119037197624665e-02	-5.0132046711091613e-05	0.0000000000000000e+00	4.2078934406759527e-02	1.4059102374558974e+00	5.9831805743484356e-01	0.0000000000000000e+00	0.0000000000000000e+00	0.0000000000000000e+00	
6.5209068819685045e-01	1.1400252085538287e+00	-5.7395975252108958e-04	3.5091632508928527e-01	6.6101000492543138e-01	0.0000000000000000e+00	7.9210021291439220e+07	-3.9879262209733963e+04	-1.1983181909512474e+08	4.2119037197624665e-02	-5.0132046711091613e-05	0.0000000000000000e+00	4.2078934406759527e-02	1.4059102374558974e+00	5.9831805743484356e-01	0.0000000000000000e+00	0.0000000000000000e+00	0.0000000000000000e+00	
6.5350827664945232e-01	1.2140397724921217e+00	-6.9035858677172883e-04	3.7606345524001233e-01	6.5953711049075736e-01	0.0000000000000000e+00	7.9025252544701472e+07	-4.4937375942840554e+04	-1.1981928547223480e+08	4.6189814980990528e-02	-5.6291692969749983e-05	0.0000000000000000e+00	4.5954972392743931e-02	1.4552534907913690e+00	5.9831805743484356e-01	0.0000000000000000e+00	0.0000000000000000e+00	0.0000000000000000e+00	
6.5492586510205419e-01	1.2140397724921217e+00	-6.9035858677172883e-04	3.7606345524001233e-01	6.5953711049075736e-01	0.0000000000000000e+00	7.9025252544701472e+07	-4.4937375942840554e+04	-1.1981928547223480e+08	4.6189814980990528e-02	-5.6291692969749983e-05	0.0000000000000000e+00	4.5954972392743931e-02	1.4552534907913690e+00	5.9831805743484356e-01	0.0000000000000000e+00	0.0000000000000000e+00	0.0000000000000000e+00	
6.5634345355465606e-01	1.2846911704263659e+00	-8.0301601673588962e-04	4.0072336745280746e-01	6.5800572797557277e-01	0.0000000000000000e+00	7.8832568374686837e+07	-4.9275511891539842e+04	-1.1980531539965701e+08	5.0395621997047016e-02	-6.2799979490091120e-05	0.0000000000000000e+00	4.9984926380071661e-02	1.5024731864464544e+00	5.9831805743484356e-01	0.0000000000000000e+00	0.0000000000000000e+00	0.0000000000000000e+00	
6.5776104200725793e-01	1.2846911704263659e+00	-8.0301601673588962e-04	4.0072336745280746e-01	6.5800572797557277e-01	0.0000000000000000e+00	7.8832568374686837e+07	-4.9275511891539842e+04	-1.1980531539965701e+08	5.0395621997047016e-02	-6.2799979490091120e-05	0.0000000000000000e+00	4.9984926380071661e-02	1.5024731864464544e+00	5.9831805743484356e-01	0.0000000000000000e+00	0.0000000000000000e+00	0.0000000000000000e+00	
6.5917863045985980e-01	1.3520989348292909e+00	-9.0797264619899573e-04	4.2476451853414632e-01	6.5641825530342435e-01	0.0000000000000000e+00	7.8632378179330498e+07	-5.2803864165029387e+04	-1.1979008090295234e+08	5.4730549210884209e-02	-6.9612718593423329e-05	0.0000000000000000e+00	5.4162486043620325e-02	1.5476231448082745e+00	5.9831805743484356e-01	0.0000000000000000e+00	0.0000000000000000e+00	0.0000000000000000e+00	
6.6059621891246167e-01	1.3520989348292909e+00	-9.0797264619899573e-04	4.2476451853414632e-01	6.5641825530342435e-01	0.0000000000000000e+00	7.8632378179330498e+07	-5.2803864165029387e+04	-1.1979008090295234e+08	5.4730549210884209e-02	-6.9612718593423329e-05	0.0000000000000000e+00	5.4162486043620325e-02	1.5476231448082745e+00	5.9831805743484356e-01	0.0000000000000000e+00	0.0000000000000000e+00	0.0000000000000000e+00	
6.6201380736506354e-01	1.4165910020582633e+00	-1.0008040157715259e-03	4.4806554691939809e-01	6.5477669462559185e-01	0.0000000000000000e+00	7.8425049546652973e+07	-5.5406327168060721e+04	-1.1977376373091149e+08	5.9189188393474437e-02	-7.6672436899089403e-05	0.0000000000000000e+00	5.8482382564232126e-02	1.5908815458919674e+00	5.9831805743484356e-01	0.0000000000000000e+00	0.0000000000000000e+00	0.0000000000000000e+00	
6.6343139581766541e-01	1.4165910020582633e+00	-1.0008040157715259e-03	4.4806554691939809e-01	6.5477669462559185e-01	0.0000000000000000e+00	7.8425049546652973e+07	-5.5406327168060721e+04	-1.1977376373091149e+08	5.9189188393474437e-02	-7.6672436899089403e-05	0.0000000000000000e+00	5.8482382564232126e-02	1.5908815458919674e+00	5.9831805743484356e-01	0.0000000000000000e+00	0.0000000000000000e+00	0.0000000000000000e+00	
6.6484898427026728e-01	1.4786031714372776e+00	-1.0787964236237068e-03	4.7052142013307413e-01	6.5308384210941772e-01	0.0000000000000000e+00	7.8211049773261830e+07	-5.7063181259942161e+04	-1.1975655428472504e+08	6.3766825014044640e-02	-8.3911624860946938e-05	0.0000000000000000e+00	6.2937257606795610e-02	1.6324821755575081e+00	5.9831805743484356e-01	0.0000000000000000e+00	0.0000000000000000e+00	0.0000000000000000e+00	
6.6626657272286915e-01	1.4786031714372776e+00	-1.0787964236237068e-03	4.7052142013307413e-01	6.5308384210941772e-01	0.0000000000000000e+00	7.8211049773261830e+07	-5.7063181259942161e+04	-1.1975655428472504e+08	6.3766825014044640e-02	-8.3911624860946938e-05	0.0000000000000000e+00	6.2937257606795610e-02	1.6324821755575081e+00	5.9831805743484356e-01	0.0000000000000000e+00	0.0000000000000000e+00	0.0000000000000000e+00	
6.6768416117547102e-01	1.5384115277147037e+00	-1.1409897207136728e-03	4.9204764919093474e-01	6.5134413836300342e-01	0.0000000000000000e+00	7.7991082072230920e+07	-5.7843445234670973e+04	-1.1973870482436433e+08	6.8459068601795778e-02	-9.1257329623280179e-05	0.0000000000000000e+00	6.7515425360517412e-02	1.6725194844181364e+00	5.9831805743484356e-01	0.0000000000000000e+00	0.0000000000000000e+00	0.0000000000000000e+00	
6.6910174962807289e-01	1.5384115277147037e+00	-1.1409897207136728e-03	4.9204764919093474e-01	6.5134413836300342e-01	0.0000000000000000e+00	7.7991082072230920e+07	-5.7843445234670973e+04	-1.1973870482436433e+08	6.8459068601795778e-02	-9.1257329623280179e-05	0.0000000000000000e+00	6.7515425360517412e-02	1.6725194844181364e+00	5.9831805743484356e-01	0.0000000000000000e+00	0.0000000000000000e+00	0.0000000000000000e+00	
6.7051933808067476e-01	1.5963469450840504e+00	-1.1871557567317598e-03	5.1257059298790730e-01	6.4955934553531358e-01	0.0000000000000000e+00	7.7765568891134784e+07	-5.7831941276255609e+04	-1.1972053197231941e+08	7.3261888598245672e-02	-9.8636381873473932e-05	0.0000000000000000e+00	7.2212248591280309e-02	1.7111531716601673e+00	5.9831805743484356e-01	0.0000000000000000e+00	0.0000000000000000e+00	0.0000000000000000e+00	
6.7193692653327663e-01	1.5963469450840504e+00	-1.1871557567317598e-03	5.1257059298790730e-01	6.4955934553531358e-01	0.0000000000000000e+00	7.7765568891134784e+07	-5.7831941276255609e+04	-1.1972053197231941e+08	7.3261888598245672e-02	-9.8636381873473932e-05	0.0000000000000000e+00	7.2212248591280309e-02	1.7111531716601673e+00	5.9831805743484356e-01	0.0000000000000000e+00	0.0000000000000000e+00	0.0000000000000000e+00	
6.7335451498587851e-01	1.6527391234023088e+00	-1.2174363313064143e-03	5.3203149178356091e-01	6.4773159491082832e-01	0.0000000000000000e+00	7.7535111064271152e+07	-5.7113708887826957e+04	-1.1970256308157568e+08	7.8171842514333664e-02	-1.0598255812739351e-04	0.0000000000000000e+00	7.7022118655715094e-02	1.7485866219123576e+00	5.9831805743484356e-01	0.0000000000000000e+00	0.0000000000000000e+00	0.0000000000000000e+00	
6.7477210343848038e-01	1.6527391234023088e+00	-1.2174363313064143e-03	5.3203149178356091e-01	6.4773159491082832e-01	0.0000000000000000e+00	7.7535111064271152e+07	-5.7113708887826957e+04	-1.1970256308157568e+08	7.8171842514333664e-02	-1.0598255812739351e-04	0.0000000000000000e+00	7.7022118655715094e-02	1.7485866219123576e+00	5.9831805743484356e-01	0.0000000000000000e+00	0.0000000000000000e+00	0.0000000000000000e+00	
6.7618969189108225e-01	1.7077539104511388e+00	-1.2272481503813825e-03	5.5040349772039676e-01	6.4586439508801430e-01	0.0000000000000000e+00	7.7300455706140652e+07	-5.5550650892046906e+04	-1.1968530275750348e+08	8.3185640764320085e-02	-1.1322737751577665e-04	0.0000000000000000e+00	8.1935802399962593e-02	1.7848563770228061e+00	5.9831805743484356e-01	0.0000000000000000e+00	0.0000000000000000e+00	0.0000000000000000e+00	
6.7760728034368412e-01	1.7077539104511388e+00	-1.2272481503813825e-03	5.5040349772039676e-01	6.4586439508801430e-01	0.0000000000000000e+00	7.7300455706140652e+07	-5.5550650892046906e+04	-1.1968530275750348e+08	8.3185640764320085e-02	-1.1322737751577665e-04	0.0000000000000000e+00	8.1935802399962593e-02	1.7848563770228061e+00	5.9831805743484356e-01	0.0000000000000000e+00	0.0000000000000000e+00	0.0000000000000000e+00	
6.7902486879628599e-01	1.7617118885774570e+00	-1.2107745125206114e-03	5.6767694001724589e-01	6.4395814897789627e-01	0.0000000000000000e+00	7.7061886675487056e+07	-5.2962444584950259e+04	-1.1966911979853138e+08	8.8300299500978952e-02	-1.2029620634611477e-04	0.0000000000000000e+00	8.6952239531851980e-02	1.8201105117293612e+00	5.9831805743484356e-01	0.0000000000000000e+00	0.0000000000000000e+00	0.0000000000000000e+00	
6.8044245724888786e-01	1.7617118885774570e+00	-1.2107745125206114e-03	5.6767694001724589e-01	6.4395814897789627e-01	0.0000000000000000e+00	7.7061886675487056e+07	-5.2962444584950259e+04	-1.1966911979853138e+08	8.8300299500978952e-02	-1.2029620634611477e-04	0.0000000000000000e+00	8.6952239531851980e-02	1.8201105117293612e+00	5.9831805743484356e-01	0.0000000000000000e+00	0.0000000000000000e+00	0.0000000000000000e+00	
6.8186004570148973e-01	1.8148928686015580e+00	-1.1659905427889843e-03	5.8385795560550946e-01	6.4201338198498092e-01	0.0000000000000000e+00	7.6819682004903033e+07	-4.9353338848475360e+04	-1.1965435614610966e+08	9.3513237630498139e-02	-1.2711341273005848e-04	0.0000000000000000e+00	9.2070047407945013e-02	1.8544859763459729e+00	5.9831805743484356e-01	0.0000000000000000e+00	0.0000000000000000e+00	0.0000000000000000e+00	
6.8327763415409160e-01	1.8148928686015580e+00	-1.1659905427889843e-03	5.8385795560550946e-01	6.4201338198498092e-01	0.0000000000000000e+00	7.6819682004903033e+07	-4.9353338848475360e+04	-1.1965435614610966e+08	9.3513237630498139e-02	-1.2711341273005848e-04	0.0000000000000000e+00	9.2070047407945013e-02	1.8544859763459729e+00	5.9831805743484356e-01	0.0000000000000000e+00	0.0000000000000000e+00	0.0000000000000000e+00	
6.8469522260669347e-01	1.8675638931895888e+00	-1.0964487872548263e-03	5.9895584266244473e-01	6.4002996560746128e-01	0.0000000000000000e+00	7.6573943742288873e+07	-4.4956645423337388e+04	-1.1964120596550190e+08	9.8822060700717612e-02	-1.3361265793362950e-04	0.0000000000000000e+00	9.7289564190891603e-02	1.8880529054611506e+00	5.9831805743484356e-01	0.0000000000000000e+00	0.0000000000000000e+00	0.0000000000000000e+00	
6.8611281105929534e-01	1.8675638931895888e+00	-1.0964487872548263e-03	5.9895584266244473e-01	6.4002996560746128e-01	0.0000000000000000e+00	7.6573943742288873e+07	-4.4956645423337388e+04	-1.1964120596550190e+08	9.8822060700717612e-02	-1.3361265793362950e-04	0.0000000000000000e+00	9.7289564190891603e-02	1.8880529054611506e+00	5.9831805743484356e-01	0.0000000000000000e+00	0.0000000000000000e+00	0.0000000000000000e+00	
6.8753039951189721e-01	1.9199326172481601e+00	-1.0102588111621782e-03	6.1299326021808787e-01	6.3800845474645018e-01	0.0000000000000000e+00	7.6324694224413782e+07	-4.0161667215171146e+04	-1.1962961340563737e+08	1.0422467922065599e-01	-1.3974872793227048e-04	0.0000000000000000e+00	1.0260932961460502e-01	1.9209045027588396e+00	5.9831805743484356e-01	0.0000000000000000e+00	0.0000000000000000e+00	0.0000000000000000e+00	
6.8894798796449908e-01	1.9199326172481601e+00	-1.0102588111621782e-03	6.1299326021808787e-01	6.3800845474645018e-01	0.0000000000000000e+00	7.6324694224413782e+07	-4.0161667215171146e+04	-1.1962961340563737e+08	1.0422467922065599e-01	-1.3974872793227048e-04	0.0000000000000000e+00	1.0260932961460502e-01	1.9209045027588396e+00	5.9831805743484356e-01	0.0000000000000000e+00	0.0000000000000000e+00	0.0000000000000000e+00	
6.9036557641710095e-01	1.9721970227517891e+00	-9.1538709389371370e-04	6.2597502812575501e-01	6.3594710420111689e-01	0.0000000000000000e+00	7.6071558992159128e+07	-3.5308299581872314e+04	-1.1961933104769963e+08	1.0971948739679770e-01	-1.4550078993706803e-04	0.0000000000000000e+00	1.0803393631285048e-01	1.9532371418911698e+00	5.9831805743484356e-01	0.0000000000000000e+00	0.0000000000000000e+00	0.0000000000000000e+00	
6.9178316486970282e-01	1.9721970227517891e+00	-9.1538709389371370e-04	6.2597502812575501e-01	6.3594710420111689e-01	0.0000000000000000e+00	7.6071558992159128e+07	-3.5308299581872314e+04	-1.1961933104769963e+08	1.0971948739679770e-01	-1.4550078993706803e-04	0.0000000000000000e+00	1.0803393631285048e-01	1.9532371418911698e+00	5.9831805743484356e-01	0.0000000000000000e+00	0.0000000000000000e+00	0.0000000000000000e+00	
6.9320075332230469e-01	2.0244113312099614e+00	-8.1691559930122614e-04	6.3790856893815207e-01	6.3384633831278270e-01	0.0000000000000000e+00	7.5814498522516727e+07	-3.0593607900439209e+04	-1.1961022745210017e+08	1.1530522613273572e-01	-1.5086752518153360e-04	0.0000000000000000e+00	1.1356226759794030e-01	1.9851386536713758e+00	5.9831805743484356e-01	0.0000000000000000e+00	0.0000000000000000e+00	0.0000000000000000e+00	
6.9461834177490656e-01	2.0244113312099614e+00	-8.1691559930122614e-04	6.3790856893815207e-01	6.3384633831278270e-01	0.0000000000000000e+00	7.5814498522516727e+07	-3.0593607900439209e+04	-1.1961022745210017e+08	1.1530522613273572e-01	-1.5086752518153360e-04	0.0000000000000000e+00	1.1356226759794030e-01	1.9851386536713758e+00	5.9831805743484356e-01	0.0000000000000000e+00	0.0000000000000000e+00	0.0000000000000000e+00	
6.9603593022750843e-01	2.0765747070312597e+00	-7.1747284942154572e-04	6.4882140783941666e-01	6.3170727897993340e-01	0.0000000000000000e+00	7.5553670741674334e+07	-2.6104385865694891e+04	-1.1960235027418332e+08	1.2098064706740992e-01	-1.5586111250124411e-04	0.0000000000000000e+00	1.1919137110543852e-01	2.0165994578948863e+00	5.9831805743484356e-01	0.0000000000000000e+00	0.0000000000000000e+00	0.0000000000000000e+00	
6.9745351868011030e-01	2.0765747070312597e+00	-7.1747284942154572e-04	6.4882140783941666e-01	6.3170727897993340e-01	0.0000000000000000e+00	7.5553670741674334e+07	-2.6104385865694891e+04	-1.1960235027418332e+08	1.2098064706740992e-01	-1.5586111250124411e-04	0.0000000000000000e+00	1.1919137110543852e-01	2.0165994578948863e+00	5.9831805743484356e-01	0.0000000000000000e+00	0.0000000000000000e+00	0.0000000000000000e+00	
6.9887110713271217e-01	2.1286524786142471e+00	-6.1998777089175637e-04	6.5873991694817313e-01	6.2953055411567271e-01	0.0000000000000000e+00	7.5289242184087127e+07	-2.1928619115990878e+04	-1.1959585580924734e+08	1.2674446059246941e-01	-1.6050515518744302e-04	0.0000000000000000e+00	1.2491959443244037e-01	2.0476111563289288e+00	5.9831805743484356e-01	0.0000000000000000e+00	0.0000000000000000e+00	0.0000000000000000e+00	
7.0028869558531404e-01	2.1286524786142471e+00	-6.1998777089175637e-04	6.5873991694817313e-01	6.2953055411567271e-01	0.0000000000000000e+00	7.5289242184087127e+07	-2.1928619115990878e+04	-1.1959585580924734e+08	1.2674446059246941e-01	-1.6050515518744302e-04	0.0000000000000000e+00	1.2491959443244037e-01	2.0476111563289288e+00	5.9831805743484356e-01	0.0000000000000000e+00	0.0000000000000000e+00	0.0000000000000000e+00	
7.0170628403791591e-01	2.1806320617644919e+00	-5.2845227480781691e-04	6.6767972033906231e-01	6.2731611668533205e-01	0.0000000000000000e+00	7.5021330384344965e+07	-1.8180596991056056e+04	-1.1959095357486336e+08	1.3259545370509054e-01	-1.6483423806100425e-04	0.0000000000000000e+00	1.3074706135438932e-01	2.0782052567850071e+00	5.9831805743484356e-01	0.0000000000000000e+00	0.0000000000000000e+00	0.0000000000000000e+00	
7.0312387249051778e-01	2.1806320617644919e+00	-5.2845227480781691e-04	6.6767972033906231e-01	6.2731611668533205e-01	0.0000000000000000e+00	7.5021330384344965e+07	-1.8180596991056056e+04	-1.1959095357486336e+08	1.3259545370509054e-01	-1.6483423806100425e-04	0.0000000000000000e+00	1.3074706135438932e-01	2.0782052567850071e+00	5.9831805743484356e-01	0.0000000000000000e+00	0.0000000000000000e+00	0.0000000000000000e+00	
7.0454146094311965e-01	2.2325141971177187e+00	-4.4861720729280126e-04	6.7565175826300117e-01	6.2506298531273874e-01	0.0000000000000000e+00	7.4749955485348538e+07	-1.5020785228775896e+04	-1.1958787954327551e+08	1.3853259037405694e-01	-1.6889551676695821e-04	0.0000000000000000e+00	1.3667635444016135e-01	2.1084495961610181e+00	5.9831805743484356e-01	0.0000000000000000e+00	0.0000000000000000e+00	0.0000000000000000e+00	
7.0595904939572152e-01	2.2325141971177187e+00	-4.4861720729280126e-04	6.7565175826300117e-01	6.2506298531273874e-01	0.0000000000000000e+00	7.4749955485348538e+07	-1.5020785228775896e+04	-1.1958787954327551e+08	1.3853259037405694e-01	-1.6889551676695821e-04	0.0000000000000000e+00	1.3667635444016135e-01	2.1084495961610181e+00	5.9831805743484356e-01	0.0000000000000000e+00	0.0000000000000000e+00	0.0000000000000000e+00	
7.0737663784832339e-01	2.2840764902190811e+00	-3.8731273036263599e-04	6.8265946718727288e-01	6.2277169809705579e-01	0.0000000000000000e+00	7.4475305752197772e+07	-1.2628838893529848e+04	-1.1958685189212383e+08	1.4455453589861009e-01	-1.7274776377116695e-04	0.0000000000000000e+00	1.4270605763932698e-01	2.1382192585629416e+00	5.9831805743484356e-01	0.0000000000000000e+00	0.0000000000000000e+00	0.0000000000000000e+00	
7.0879422630092526e-01	2.2840764902190811e+00	-3.8731273036263599e-04	6.8265946718727288e-01	6.2277169809705579e-01	0.0000000000000000e+00	7.4475305752197772e+07	-1.2628838893529848e+04	-1.1958685189212383e+08	1.4455453589861009e-01	-1.7274776377116695e-04	0.0000000000000000e+00	1.4270605763932698e-01	2.1382192585629416e+00	5.9831805743484356e-01	0.0000000000000000e+00	0.0000000000000000e+00	0.0000000000000000e+00	
7.1021181475352713e-01	2.3349829699819482e+00	-3.4797300999748457e-04	6.8868308354460250e-01	6.2044317897403867e-01	0.0000000000000000e+00	7.4197513473082244e+07	-1.1057353492285632e+04	-1.1958792813177675e+08	1.5065929726787142e-01	-1.7644838301868857e-04	0.0000000000000000e+00	1.4883373954200366e-01	2.1672728870366802e+00	5.9831805743484356e-01	0.0000000000000000e+00	0.0000000000000000e+00	0.0000000000000000e+00	
7.1162940320612900e-01	2.3349829699819482e+00	-3.4797300999748457e-04	6.8868308354460250e-01	6.2044317897403867e-01	0.0000000000000000e+00	7.4197513473082244e+07	-1.1057353492285632e+04	-1.1958792813177675e+08	1.5065929726787142e-01	-1.7644838301868857e-04	0.0000000000000000e+00	1.4883373954200366e-01	2.1672728870366802e+00	5.9831805743484356e-01	0.0000000000000000e+00	0.0000000000000000e+00	0.0000000000000000e+00	
7.1304699165873087e-01	2.3848775025509004e+00	-3.3216316260094205e-04	6.9371175124137874e-01	6.1808007656714525e-01	0.0000000000000000e+00	7.3916872434105545e+07	-1.0295062153515744e+04	-1.1959109499465986e+08	1.5684425229537649e-01	-1.8004868368087169e-04	0.0000000000000000e+00	1.5505243008646002e-01	2.1953641316565764e+00	5.9831805743484356e-01	0.0000000000000000e+00	0.0000000000000000e+00	0.0000000000000000e+00	
7.1446458011133274e-01	2.3848775025509004e+00	-3.3216316260094205e-04	6.9371175124137874e-01	6.1808007656714525e-01	0.0000000000000000e+00	7.3916872434105545e+07	-1.0295062153515744e+04	-1.1959109499465986e+08	1.5684425229537649e-01	-1.8004868368087169e-04	0.0000000000000000e+00	1.5505243008646002e-01	2.1953641316565764e+00	5.9831805743484356e-01	0.0000000000000000e+00	0.0000000000000000e+00	0.0000000000000000e+00	
7.1588216856393461e-01	2.4334713030756960e+00	-3.3933111198509677e-04	6.9773962971241521e-01	6.1568470933104968e-01	0.0000000000000000e+00	7.3633616625503436e+07	-1.0267709743458276e+04	-1.1959630672229746e+08	1.6310624445493388e-01	-1.8359086145397870e-04	0.0000000000000000e+00	1.6135602807618507e-01	2.2223099862013957e+00	5.9831805743484356e-01	0.0000000000000000e+00	0.0000000000000000e+00	0.0000000000000000e+00	
7.1729975701653648e-01	2.4334713030756960e+00	-3.3933111198509677e-04	6.9773962971241521e-01	6.1568470933104968e-01	0.0000000000000000e+00	7.3633616625503436e+07	-1.0267709743458276e+04	-1.1959630672229746e+08	1.6310624445493388e-01	-1.8359086145397870e-04	0.0000000000000000e+00	1.6135602807618507e-01	2.2223099862013957e+00	5.9831805743484356e-01	0.0000000000000000e+00	0.0000000000000000e+00	0.0000000000000000e+00	
7.1871734546913835e-01	2.4806620019261785e+00	-3.6648298813362555e-04	7.0076225409848303e-01	6.1325776471347815e-01	0.0000000000000000e+00	7.3347791149958745e+07	-1.0836106512199443e+04	-1.1960352753897715e+08	1.6944190191915107e-01	-1.8710398433540633e-04	0.0000000000000000e+00	1.6774272443821561e-01	2.2480549905445035e+00	5.9831805743484356e-01	0.0000000000000000e+00	0.0000000000000000e+00	0.0000000000000000e+00	
7.2013493392174022e-01	2.4806620019261785e+00	-3.6648298813362555e-04	7.0076225409848303e-01	6.1325776471347815e-01	0.0000000000000000e+00	7.3347791149958745e+07	-1.0836106512199443e+04	-1.1960352753897715e+08	1.6944190191915107e-01	-1.8710398433540633e-04	0.0000000000000000e+00	1.6774272443821561e-01	2.2480549905445035e+00	5.9831805743484356e-01	0.0000000000000000e+00	0.0000000000000000e+00	0.0000000000000000e+00	
7.2155252237434209e-01	2.5264300485003202e+00	-4.0995479715125920e-04	7.0277993020837526e-01	6.1079838662047203e-01	0.0000000000000000e+00	7.3059293942779496e+07	-1.1855071168942610e+04	-1.1961278304753602e+08	1.7584797114163214e-01	-1.9060325481051296e-04	0.0000000000000000e+00	1.7421477205138944e-01	2.2726600322581056e+00	5.9831805743484356e-01	0.0000000000000000e+00	0.0000000000000000e+00	0.0000000000000000e+00	
7.2297011082694396e-01	2.5264300485003202e+00	-4.0995479715125920e-04	7.0277993020837526e-01	6.1079838662047203e-01	0.0000000000000000e+00	7.3059293942779496e+07	-1.1855071168942610e+04	-1.1961278304753602e+08	1.7584797114163214e-01	-1.9060325481051296e-04	0.0000000000000000e+00	1.7421477205138944e-01	2.2726600322581056e+00	5.9831805743484356e-01	0.0000000000000000e+00	0.0000000000000000e+00	0.0000000000000000e+00	
7.2438769927954583e-01	2.5707861445886060e+00	-4.6534435612543044e-04	7.0378986068788296e-01	6.0830557029491872e-01	0.0000000000000000e+00	7.2768040255579025e+07	-1.3171922880680029e+04	-1.1962415766214465e+08	1.8232139381573301e-01	-1.9409308249964454e-04	0.0000000000000000e+00	1.8077481501337189e-01	2.2962014395375578e+00	5.9831805743484356e-01	0.0000000000000000e+00	0.0000000000000000e+00	0.0000000000000000e+00	
7.2580528773214770e-01	2.5707861445886060e+00	-4.6534435612543044e-04	7.0378986068788296e-01	6.0830557029491872e-01	0.0000000000000000e+00	7.2768040255579025e+07	-1.3171922880680029e+04	-1.1962415766214465e+08	1.8232139381573301e-01	-1.9409308249964454e-04	0.0000000000000000e+00	1.8077481501337189e-01	2.2962014395375578e+00	5.9831805743484356e-01	0.0000000000000000e+00	0.0000000000000000e+00	0.0000000000000000e+00	
7.2722287618474957e-01	2.6136199891415477e+00	-5.2699203649507508e-04	7.0379842984680330e-01	6.0578094367546054e-01	0.0000000000000000e+00	7.2474236034387857e+07	-1.4613197557358579e+04	-1.1963769785809970e+08	1.8885905737693673e-01	-1.9756897936103529e-04	0.0000000000000000e+00	1.8741856927510386e-01	2.3186234175104858e+00	5.9831805743484356e-01	0.0000000000000000e+00	0.0000000000000000e+00	0.0000000000000000e+00	
7.2864046463735144e-01	2.6136199891415477e+00	-5.2699203649507508e-04	7.0379842984680330e-01	6.0578094367546054e-01	0.0000000000000000e+00	7.2474236034387857e+07	-1.4613197557358579e+04	-1.1963769785809970e+08	1.8885905737693673e-01	-1.9756897936103529e-04	0.0000000000000000e+00	1.8741856927510386e-01	2.3186234175104858e+00	5.9831805743484356e-01	0.0000000000000000e+00	0.0000000000000000e+00	0.0000000000000000e+00	
7.3005805308995331e-01	2.6546929869147489e+00	-5.8908985372548646e-04	7.0279104579558116e-01	6.0322662330824450e-01	0.0000000000000000e+00	7.2178051861349836e+07	-1.6016676211816353e+04	-1.1965329587510303e+08	1.9545745373829199e-01	-2.0102050524723567e-04	0.0000000000000000e+00	1.9414046497830406e-01	2.3397768954839773e+00	5.9831805743484356e-01	0.0000000000000000e+00	0.0000000000000000e+00	0.0000000000000000e+00	
7.3147564154255518e-01	2.6546929869147489e+00	-5.8908985372548646e-04	7.0279104579558116e-01	6.0322662330824450e-01	0.0000000000000000e+00	7.2178051861349836e+07	-1.6016676211816353e+04	-1.1965329587510303e+08	1.9545745373829199e-01	-2.0102050524723567e-04	0.0000000000000000e+00	1.9414046497830406e-01	2.3397768954839773e+00	5.9831805743484356e-01	0.0000000000000000e+00	0.0000000000000000e+00	0.0000000000000000e+00	
7.3289322999515705e-01	2.6936561422300467e+00	-6.4421580671031743e-04	7.0076094076211393e-01	6.0064445077588091e-01	0.0000000000000000e+00	7.1879629436936826e+07	-1.7190758960577201e+04	-1.1967084920165437e+08	2.0211248602002857e-01	-2.0443033448323421e-04	0.0000000000000000e+00	2.0093565585294509e-01	2.3594536529323782e+00	5.9831805743484356e-01	0.0000000000000000e+00	0.0000000000000000e+00	0.0000000000000000e+00	
7.3431081844775892e-01	2.6936561422300467e+00	-6.4421580671031743e-04	7.0076094076211393e-01	6.0064445077588091e-01	0.0000000000000000e+00	7.1879629436936826e+07	-1.7190758960577201e+04	-1.1967084920165437e+08	2.0211248602002857e-01	-2.0443033448323421e-04	0.0000000000000000e+00	2.0093565585294509e-01	2.3594536529323782e+00	5.9831805743484356e-01	0.0000000000000000e+00	0.0000000000000000e+00	0.0000000000000000e+00	
7.3572840690036079e-01	2.7302303047038241e+00	-6.7874190419541490e-04	6.9773065893355213e-01	5.9803714496510640e-01	0.0000000000000000e+00	7.1579267269942120e+07	-1.7794780200047411e+04	-1.1969034044872142e+08	2.0881949544948777e-01	-2.0776352908087915e-04	0.0000000000000000e+00	2.0779698693393067e-01	2.3774481095063438e+00	5.9831805743484356e-01	0.0000000000000000e+00	0.0000000000000000e+00	0.0000000000000000e+00	
7.3714599535296266e-01	2.7302303047038241e+00	-6.7874190419541490e-04	6.9773065893355213e-01	5.9803714496510640e-01	0.0000000000000000e+00	7.1579267269942120e+07	-1.7794780200047411e+04	-1.1969034044872142e+08	2.0881949544948777e-01	-2.0776352908087915e-04	0.0000000000000000e+00	2.0779698693393067e-01	2.3774481095063438e+00	5.9831805743484356e-01	0.0000000000000000e+00	0.0000000000000000e+00	0.0000000000000000e+00	
7.3856358380556453e-01	2.7642635733448535e+00	-6.7967387435049489e-04	6.9374178489667138e-01	5.9540735247156262e-01	0.0000000000000000e+00	7.1277277048956499e+07	-1.7525572999682299e+04	-1.1971178875716755e+08	2.1557335186734819e-01	-2.1096136047633947e-04	0.0000000000000000e+00	2.1471749349588781e-01	2.3936071832619006e+00	5.9831805743484356e-01	0.0000000000000000e+00	0.0000000000000000e+00	0.0000000000000000e+00	
7.3998117225816640e-01	2.7642635733448535e+00	-6.7967387435049489e-04	6.9374178489667138e-01	5.9540735247156262e-01	0.0000000000000000e+00	7.1277277048956499e+07	-1.7525572999682299e+04	-1.1971178875716755e+08	2.1557335186734819e-01	-2.1096136047633947e-04	0.0000000000000000e+00	2.1471749349588781e-01	2.3936071832619006e+00	5.9831805743484356e-01	0.0000000000000000e+00	0.0000000000000000e+00	0.0000000000000000e+00	
7.4139876071076827e-01	2.7957537787995816e+00	-6.4038281788836792e-04	6.8884378849853123e-01	5.9275654734307848e-01	0.0000000000000000e+00	7.0973807704912290e+07	-1.6256941980725516e+04	-1.1973517607677273e+08	2.2236888095611718e-01	-2.1394739661495079e-04	0.0000000000000000e+00	2.2169329646558308e-01	2.4079374377133864e+00	5.9831805743484356e-01	0.0000000000000000e+00	0.0000000000000000e+00	0.0000000000000000e+00	
7.4281634916337014e-01	2.7957537787995816e+00	-6.4038281788836792e-04	6.8884378849853123e-01	5.9275654734307848e-01	0.0000000000000000e+00	7.0973807704912290e+07	-1.6256941980725516e+04	-1.1973517607677273e+08	2.2236888095611718e-01	-2.1394739661495079e-04	0.0000000000000000e+00	2.2169329646558308e-01	2.4079374377133864e+00	5.9831805743484356e-01	0.0000000000000000e+00	0.0000000000000000e+00	0.0000000000000000e+00	
7.4423393761597201e-01	2.8248322253483069e+00	-5.6023915687782955e-04	6.8309739593999708e-01	5.9008486722426545e-01	0.0000000000000000e+00	7.0668780787288398e+07	-1.4015493667406361e+04	-1.1976037024900070e+08	2.2920133473806500e-01	-2.1664020523966143e-04	0.0000000000000000e+00	2.2872403362035404e-01	2.4206116954347547e+00	5.9831805743484356e-01	0.0000000000000000e+00	0.0000000000000000e+00	0.0000000000000000e+00	
7.4565152606857388e-01	2.8248322253483069e+00	-5.6023915687782955e-04	6.8309739593999708e-01	5.9008486722426545e-01	0.0000000000000000e+00	7.0668780787288398e+07	-1.4015493667406361e+04	-1.1976037024900070e+08	2.2920133473806500e-01	-2.1664020523966143e-04	0.0000000000000000e+00	2.2872403362035404e-01	2.4206116954347547e+00	5.9831805743484356e-01	0.0000000000000000e+00	0.0000000000000000e+00	0.0000000000000000e+00	
7.4706911452117575e-01	2.8516658919616158e+00	-4.3991878324119458e-04	6.7657034997343091e-01	5.8739401480909736e-01	0.0000000000000000e+00	7.0362251203872144e+07	-1.0854594159495380e+04	-1.1978714502903856e+08	2.3606648590698170e-01	-2.1896001585133278e-04	0.0000000000000000e+00	2.3580522418658595e-01	2.4317995835701325e+00	5.9831805743484356e-01	0.0000000000000000e+00	0.0000000000000000e+00	0.0000000000000000e+00	
7.4848670297377762e-01	2.8516658919616158e+00	-4.3991878324119458e-04	6.7657034997343091e-01	5.8739401480909736e-01	0.0000000000000000e+00	7.0362251203872144e+07	-1.0854594159495380e+04	-1.1978714502903856e+08	2.3606648590698170e-01	-2.1896001585133278e-04	0.0000000000000000e+00	2.3580522418658595e-01	2.4317995835701325e+00	5.9831805743484356e-01	0.0000000000000000e+00	0.0000000000000000e+00	0.0000000000000000e+00	
7.4990429142637949e-01	2.8764728289274695e+00	-2.8222495494641163e-04	6.6932981050733120e-01	5.8468431723142733e-01	0.0000000000000000e+00	7.0054088351189777e+07	-6.8733525760778193e+03	-1.1981523468954366e+08	2.4296053475120233e-01	-2.2083451592769704e-04	2.8949626656917490e+03	2.4293600728571749e-01	2.4416752603256935e+00	5.9831805743484356e-01	0.0000000000000000e+00	0.0000000000000000e+00	0.0000000000000000e+00	
7.5132187987898136e-01	2.8764728289274695e+00	-2.8222495494641163e-04	6.6932981050733120e-01	5.8468431723142733e-01	0.0000000000000000e+00	7.0054088351189777e+07	-6.8733525760778193e+03	-1.1981523468954366e+08	2.4296053475120233e-01	-2.2083451592769704e-04	2.8949626656917490e+03	2.4293600728571749e-01	2.4416752603256935e+00	5.9831805743484356e-01	0.0000000000000000e+00	0.0000000000000000e+00	0.0000000000000000e+00	
7.5273946833158323e-01	2.8994451072513914e+00	-9.3015689745867155e-05	6.6143818091648399e-01	5.8195650855079029e-01	0.0000000000000000e+00	6.9744203442828998e+07	-2.2374299043587143e+03	-1.1984435684446172e+08	2.4988020087859295e-01	-2.2220683855445091e-04	2.8949626656917490e+03	2.5011445118213094e-01	2.4504232295341244e+00	5.9831805743484356e-01	0.0000000000000000e+00	0.0000000000000000e+00	0.0000000000000000e+00	
7.5415705678418510e-01	2.8994451072513914e+00	-9.3015689745867155e-05	6.6143818091648399e-01	5.8195650855079029e-01	0.0000000000000000e+00	6.9744203442828998e+07	-2.2374299043587143e+03	-1.1984435684446172e+08	2.4988020087859295e-01	-2.2220683855445091e-04	2.8949626656917490e+03	2.5011445118213094e-01	2.4504232295341244e+00	5.9831805743484356e-01	0.0000000000000000e+00	0.0000000000000000e+00	0.0000000000000000e+00	
7.5557464523678697e-01	2.9207670747261725e+00	1.1948912042143539e-04	6.5295208587686493e-01	5.7921159346867190e-01	0.0000000000000000e+00	6.9432546108998075e+07	2.8404982838156488e+03	-1.1987423413142741e+08	2.5682260057052708e-01	-2.2303922930428903e-04	2.8949626656917490e+03	2.5733791192454786e-01	2.4581865318852749e+00	5.9831805743484356e-01	0.0000000000000000e+00	0.0000000000000000e+00	0.0000000000000000e+00	
7.5699223368938884e-01	2.9207670747261725e+00	1.1948912042143539e-04	6.5295208587686493e-01	5.7921159346867190e-01	0.0000000000000000e+00	6.9432546108998075e+07	2.8404982838156488e+03	-1.1987423413142741e+08	2.5682260057052708e-01	-2.2303922930428903e-04	2.8949626656917490e+03	2.5733791192454786e-01	2.4581865318852749e+00	5.9831805743484356e-01	0.0000000000000000e+00	0.0000000000000000e+00	0.0000000000000000e+00	
7.5840982214199071e-01	2.9404285897265394e+00	3.4621910247576901e-04	6.4392206684153264e-01	5.7645866337721952e-01	0.0000000000000000e+00	6.9120038788115993e+07	8.1384999030149556e+03	-1.1990458927671137e+08	2.6378513767029738e-01	-2.2331435877789965e-04	2.8949626656917490e+03	2.6458246479679087e-01	2.4649761783539144e+00	5.9831805743484356e-01	0.0000000000000000e+00	0.0000000000000000e+00	0.0000000000000000e+00	
7.5982741059459258e-01	2.9404285897265394e+00	3.4621910247576901e-04	6.4392206684153264e-01	5.7645866337721952e-01	0.0000000000000000e+00	6.9120038788115993e+07	8.1384999030149556e+03	-1.1990458927671137e+08	2.6378513767029738e-01	-2.2331435877789965e-04	2.8949626656917490e+03	2.6458246479679087e-01	2.4649761783539144e+00	5.9831805743484356e-01	0.0000000000000000e+00	0.0000000000000000e+00	0.0000000000000000e+00	
7.6124499904719445e-01	2.9584294492373826e+00	5.7765420339412916e-04	6.3439765009990601e-01	5.7370533389813128e-01	0.0000000000000000e+00	6.8807467811473072e+07	1.3435143101502556e+04	-1.1993520899588481e+08	2.7076494227255510e-01	-2.2303583309877896e-04	2.8949626656917490e+03	2.7182806868912823e-01	2.4707207475155322e+00	5.9831805743484356e-01	0.0000000000000000e+00	0.0000000000000000e+00	0.0000000000000000e+00	
7.6266258749979632e-01	2.9584294492373826e+00	5.7765420339412916e-04	6.3439765009990601e-01	5.7370533389813128e-01	0.0000000000000000e+00	6.8807467811473072e+07	1.3435143101502556e+04	-1.1993520899588481e+08	2.7076494227255510e-01	-2.2303583309877896e-04	2.8949626656917490e+03	2.7182806868912823e-01	2.4707207475155322e+00	5.9831805743484356e-01	0.0000000000000000e+00	0.0000000000000000e+00	0.0000000000000000e+00	
7.6408017595239819e-01	2.9749474766407444e+00	8.0686066671431978e-04	6.2439630760100540e-01	5.7095258856080144e-01	0.0000000000000000e+00	6.8494793220463604e+07	1.8577052186053304e+04	-1.1996582047615883e+08	2.7775954895139282e-01	-2.2222189303048215e-04	2.8949626656917490e+03	2.7907213536631215e-01	2.4756401449023384e+00	5.9831805743484356e-01	0.0000000000000000e+00	0.0000000000000000e+00	0.0000000000000000e+00	
7.6549776440500006e-01	2.9749474766407444e+00	8.0686066671431978e-04	6.2439630760100540e-01	5.7095258856080144e-01	0.0000000000000000e+00	6.8494793220463604e+07	1.8577052186053304e+04	-1.1996582047615883e+08	2.7775954895139282e-01	-2.2222189303048215e-04	2.8949626656917490e+03	2.7907213536631215e-01	2.4756401449023384e+00	5.9831805743484356e-01	0.0000000000000000e+00	0.0000000000000000e+00	0.0000000000000000e+00	
7.6691535285760193e-01	2.9899703978465948e+00	1.0294873572364860e-03	6.1390803763472401e-01	5.6820826103312827e-01	0.0000000000000000e+00	6.8182785647492245e+07	2.3476257776937342e+04	-1.1999612530292626e+08	2.8476712888154659e-01	-2.2090033338421214e-04	2.8949626656917490e+03	2.8629404991282048e-01	2.4798780509620357e+00	5.9831805743484356e-01	0.0000000000000000e+00	0.0000000000000000e+00	0.0000000000000000e+00	
7.6833294131020380e-01	2.9899703978465948e+00	1.0294873572364860e-03	6.1390803763472401e-01	5.6820826103312827e-01	0.0000000000000000e+00	6.8182785647492245e+07	2.3476257776937342e+04	-1.1999612530292626e+08	2.8476712888154659e-01	-2.2090033338421214e-04	2.8949626656917490e+03	2.8629404991282048e-01	2.4798780509620357e+00	5.9831805743484356e-01	0.0000000000000000e+00	0.0000000000000000e+00	0.0000000000000000e+00	
7.6975052976280567e-01	3.0035376523786042e+00	1.2437924929814079e-03	6.0293251669271708e-01	5.6547644943006659e-01	0.0000000000000000e+00	6.7871794306952894e+07	2.8106332603259470e+04	-1.2002586525911815e+08	2.9178595529907936e-01	-2.1910279817190123e-04	2.8949626656917490e+03	2.9348302781561425e-01	2.4835288903526176e+00	5.9831805743484356e-01	0.0000000000000000e+00	0.0000000000000000e+00	0.0000000000000000e+00	
7.7116811821540754e-01	3.0035376523786042e+00	1.2437924929814079e-03	6.0293251669271708e-01	5.6547644943006659e-01	0.0000000000000000e+00	6.7871794306952894e+07	2.8106332603259470e+04	-1.2002586525911815e+08	2.9178595529907936e-01	-2.1910279817190123e-04	2.8949626656917490e+03	2.9348302781561425e-01	2.4835288903526176e+00	5.9831805743484356e-01	0.0000000000000000e+00	0.0000000000000000e+00	0.0000000000000000e+00	
7.7258570666800941e-01	3.0157620685435291e+00	1.4477369423544352e-03	5.9145528276444903e-01	5.6275714860122517e-01	0.0000000000000000e+00	6.7561702175410107e+07	3.2433451281827292e+04	-1.2005482316535287e+08	2.9881506294046889e-01	-2.1686384391995107e-04	2.8949626656917490e+03	3.0063908262835487e-01	2.4869033029399583e+00	5.9831805743484356e-01	0.0000000000000000e+00	0.0000000000000000e+00	0.0000000000000000e+00	
7.7400329512061128e-01	3.0157620685435291e+00	1.4477369423544352e-03	5.9145528276444903e-01	5.6275714860122517e-01	0.0000000000000000e+00	6.7561702175410107e+07	3.2433451281827292e+04	-1.2005482316535287e+08	2.9881506294046889e-01	-2.1686384391995107e-04	2.8949626656917490e+03	3.0063908262835487e-01	2.4869033029399583e+00	5.9831805743484356e-01	0.0000000000000000e+00	0.0000000000000000e+00	0.0000000000000000e+00	
7.7542088357321315e-01	3.0266941849491289e+00	1.6382198847936019e-03	5.7946662320897957e-01	5.6005012619608863e-01	0.0000000000000000e+00	6.7252434781497389e+07	3.6400861543164348e+04	-1.2008290238124715e+08	3.0585411409057106e-01	-2.1422399147057126e-04	2.8949626656917490e+03	3.0776282579976683e-01	2.4902269747056152e+00	5.9831805743484356e-01	0.0000000000000000e+00	0.0000000000000000e+00	0.0000000000000000e+00	
7.7683847202581502e-01	3.0266941849491289e+00	1.6382198847936019e-03	5.7946662320897957e-01	5.6005012619608863e-01	0.0000000000000000e+00	6.7252434781497389e+07	3.6400861543164348e+04	-1.2008290238124715e+08	3.0585411409057106e-01	-2.1422399147057126e-04	2.8949626656917490e+03	3.0776282579976683e-01	2.4902269747056152e+00	5.9831805743484356e-01	0.0000000000000000e+00	0.0000000000000000e+00	0.0000000000000000e+00	
7.7825606047841689e-01	3.0363959379175252e+00	1.8103683766188046e-03	5.6697787419211820e-01	5.5735502514661073e-01	0.0000000000000000e+00	6.6943921127356321e+07	3.9913489641587475e+04	-1.2011003759840754e+08	3.1290313781901696e-01	-2.1122884955159242e-04	2.8949626656917490e+03	3.1485519698260356e-01	2.4936291716303169e+00	5.9831805743484356e-01	0.0000000000000000e+00	0.0000000000000000e+00	0.0000000000000000e+00	
7.7967364893101876e-01	3.0363959379175252e+00	1.8103683766188046e-03	5.6697787419211820e-01	5.5735502514661073e-01	0.0000000000000000e+00	6.6943921127356321e+07	3.9913489641587475e+04	-1.2011003759840754e+08	3.1290313781901696e-01	-2.1122884955159242e-04	2.8949626656917490e+03	3.1485519698260356e-01	2.4936291716303169e+00	5.9831805743484356e-01	0.0000000000000000e+00	0.0000000000000000e+00	0.0000000000000000e+00	
7.8109123738362063e-01	3.0449764960832897e+00	1.9597212063892180e-03	5.5401971815511808e-01	5.5467136697567532e-01	0.0000000000000000e+00	6.6636088385490648e+07	4.2886424800929010e+04	-1.2013618541279824e+08	3.1996252613532844e-01	-2.0792607317477249e-04	2.8949626656917490e+03	3.2191745532717031e-01	2.4972339963309760e+00	5.9831805743484356e-01	0.0000000000000000e+00	0.0000000000000000e+00	0.0000000000000000e+00	
7.8250882583622250e-01	3.0449764960832897e+00	1.9597212063892180e-03	5.5401971815511808e-01	5.5467136697567532e-01	0.0000000000000000e+00	6.6636088385490648e+07	4.2886424800929010e+04	-1.2013618541279824e+08	3.1996252613532844e-01	-2.0792607317477249e-04	2.8949626656917490e+03	3.2191745532717031e-01	2.4972339963309760e+00	5.9831805743484356e-01	0.0000000000000000e+00	0.0000000000000000e+00	0.0000000000000000e+00	
7.8392641428882437e-01	3.0525764952342227e+00	2.0816833477550964e-03	5.4063778792279438e-01	5.5199855145225063e-01	0.0000000000000000e+00	6.6328863956335843e+07	4.5232508272597152e+04	-1.2016132869339453e+08	3.2703303794225619e-01	-2.0436897238403166e-04	2.8949626656917490e+03	3.2895118038881432e-01	2.5011665121389757e+00	5.9831805743484356e-01	0.0000000000000000e+00	0.0000000000000000e+00	0.0000000000000000e+00	
7.8534400274142624e-01	3.0525764952342227e+00	2.0816833477550964e-03	5.4063778792279438e-01	5.5199855145225063e-01	0.0000000000000000e+00	6.6328863956335843e+07	4.5232508272597152e+04	-1.2016132869339453e+08	3.2703303794225619e-01	-2.0436897238403166e-04	2.8949626656917490e+03	3.2895118038881432e-01	2.5011665121389757e+00	5.9831805743484356e-01	0.0000000000000000e+00	0.0000000000000000e+00	0.0000000000000000e+00	
7.8676159119402811e-01	3.0593462003070075e+00	2.1722385344971054e-03	5.2688763325414345e-01	5.4933587823345165e-01	0.0000000000000000e+00	6.6022165581096485e+07	4.6877954574678181e+04	-1.2018545454534803e+08	3.3411578916429524e-01	-2.0061721023264205e-04	2.8949626656917490e+03	3.3595821517512736e-01	2.5055477995381281e+00	5.9831805743484356e-01	0.0000000000000000e+00	0.0000000000000000e+00	0.0000000000000000e+00	
7.8817917964662998e-01	3.0593462003070075e+00	2.1722385344971054e-03	5.2688763325414345e-01	5.4933587823345165e-01	0.0000000000000000e+00	6.6022165581096485e+07	4.6877954574678181e+04	-1.2018545454534803e+08	3.3411578916429524e-01	-2.0061721023264205e-04	2.8949626656917490e+03	3.3595821517512736e-01	2.5055477995381281e+00	5.9831805743484356e-01	0.0000000000000000e+00	0.0000000000000000e+00	0.0000000000000000e+00	
7.8959676809923185e-01	3.0653867329965334e+00	2.2288257759778382e-03	5.1282943527062774e-01	5.4668400101192116e-01	0.0000000000000000e+00	6.5716077847177580e+07	4.7781797521768378e+04	-1.2020855758806613e+08	3.4121218836828804e-01	-1.9673482820912452e-04	2.8949626656917490e+03	3.4293683944231268e-01	2.5104586107359750e+00	5.9831805743484356e-01	0.0000000000000000e+00	0.0000000000000000e+00	0.0000000000000000e+00	
7.9101435655183372e-01	3.0653867329965334e+00	2.2288257759778382e-03	5.1282943527062774e-01	5.4668400101192116e-01	0.0000000000000000e+00	6.5716077847177580e+07	4.7781797521768378e+04	-1.2020855758806613e+08	3.4121218836828804e-01	-1.9673482820912452e-04	2.8949626656917490e+03	3.4293683944231268e-01	2.5104586107359750e+00	5.9831805743484356e-01	0.0000000000000000e+00	0.0000000000000000e+00	0.0000000000000000e+00	
7.9243194500443559e-01	3.0708126608402777e+00	2.2504542326188173e-03	4.9852334062701814e-01	5.4404301598936311e-01	0.0000000000000000e+00	6.5410606712603264e+07	4.7936358544992770e+04	-1.2023061110122140e+08	3.4832381747626673e-01	-1.9278698170116862e-04	2.8949626656917490e+03	3.4988680002799188e-01	2.5159584111453728e+00	5.9831805743484356e-01	0.0000000000000000e+00	0.0000000000000000e+00	0.0000000000000000e+00	
7.9384953345703746e-01	3.0708126608402777e+00	2.2504542326188173e-03	4.9852334062701814e-01	5.4404301598936311e-01	0.0000000000000000e+00	6.5410606712603264e+07	4.7936358544992770e+04	-1.2023061110122140e+08	3.4832381747626673e-01	-1.9278698170116862e-04	2.8949626656917490e+03	3.4988680002799188e-01	2.5159584111453728e+00	5.9831805743484356e-01	0.0000000000000000e+00	0.0000000000000000e+00	0.0000000000000000e+00	
7.9526712190963933e-01	3.0757577406762380e+00	2.2398446064752237e-03	4.8401941736747650e-01	5.4141200293943315e-01	0.0000000000000000e+00	6.5105616186756968e+07	4.7411556943718235e+04	-1.2025155167678395e+08	3.5545246086949345e-01	-1.8883273419027945e-04	2.8949626656917490e+03	3.5681051858043905e-01	2.5221192710284721e+00	5.9831805743484356e-01	0.0000000000000000e+00	0.0000000000000000e+00	0.0000000000000000e+00	
7.9668471036224120e-01	3.0757577406762380e+00	2.2398446064752237e-03	4.8401941736747650e-01	5.4141200293943315e-01	0.0000000000000000e+00	6.5105616186756968e+07	4.7411556943718235e+04	-1.2025155167678395e+08	3.5545246086949345e-01	-1.8883273419027945e-04	2.8949626656917490e+03	3.5681051858043905e-01	2.5221192710284721e+00	5.9831805743484356e-01	0.0000000000000000e+00	0.0000000000000000e+00	0.0000000000000000e+00	
7.9810229881484307e-01	3.0803299842330421e+00	2.2023787356007947e-03	4.6936123144507769e-01	5.3879000431008606e-01	0.0000000000000000e+00	6.4800950749137029e+07	4.6331476402567292e+04	-1.2027128713195850e+08	3.6260004743668445e-01	-1.8492093984327334e-04	2.8949626656917490e+03	3.6371051497345791e-01	2.5289854480416571e+00	5.9831805743484356e-01	0.0000000000000000e+00	0.0000000000000000e+00	0.0000000000000000e+00	
7.9951988726744494e-01	3.0803299842330421e+00	2.2023787356007947e-03	4.6936123144507769e-01	5.3879000431008606e-01	0.0000000000000000e+00	6.4800950749137029e+07	4.6331476402567292e+04	-1.2027128713195850e+08	3.6260004743668445e-01	-1.8492093984327334e-04	2.8949626656917490e+03	3.6371051497345791e-01	2.5289854480416571e+00	5.9831805743484356e-01	0.0000000000000000e+00	0.0000000000000000e+00	0.0000000000000000e+00	
8.0093747572004681e-01	3.0846190914267431e+00	2.1418279301771499e-03	4.5459285800424615e-01	5.3617607078773466e-01	0.0000000000000000e+00	6.4496451640325613e+07	4.4783585080086683e+04	-1.2028971582687947e+08	3.6976853040348207e-01	-1.8109726875119750e-04	2.8949626656917490e+03	3.7058928740069835e-01	2.5365602579010651e+00	5.9831805743484356e-01	0.0000000000000000e+00	0.0000000000000000e+00	0.0000000000000000e+00	
8.0235506417264868e-01	3.0846190914267431e+00	2.1418279301771499e-03	4.5459285800424615e-01	5.3617607078773466e-01	0.0000000000000000e+00	6.4496451640325613e+07	4.4783585080086683e+04	-1.2028971582687947e+08	3.6976853040348207e-01	-1.8109726875119750e-04	2.8949626656917490e+03	3.7058928740069835e-01	2.5365602579010651e+00	5.9831805743484356e-01	0.0000000000000000e+00	0.0000000000000000e+00	0.0000000000000000e+00	
8.0377265262525055e-01	3.0886533680507000e+00	2.0603005089817081e-03	4.3975887164157329e-01	5.3357185434643983e-01	0.0000000000000000e+00	6.4192273260034524e+07	4.2819752659331483e+04	-1.2030673473250875e+08	3.7695975085914124e-01	-1.7740851012195127e-04	2.8949626656917490e+03	3.7744248856200047e-01	2.5447695660251193e+00	5.9831805743484356e-01	0.0000000000000000e+00	0.0000000000000000e+00	0.0000000000000000e+00	
8.0519024107785242e-01	3.0886533680507000e+00	2.0603005089817081e-03	4.3975887164157329e-01	5.3357185434643983e-01	0.0000000000000000e+00	6.4192273260034524e+07	4.2819752659331483e+04	-1.2030673473250875e+08	3.7695975085914124e-01	-1.7740851012195127e-04	2.8949626656917490e+03	3.7744248856200047e-01	2.5447695660251193e+00	5.9831805743484356e-01	0.0000000000000000e+00	0.0000000000000000e+00	0.0000000000000000e+00	
8.0660782953045429e-01	3.0924588952630416e+00	1.9588631564263510e-03	4.2490782279801376e-01	5.3097877435269503e-01	0.0000000000000000e+00	6.3888557438216463e+07	4.0469071868554558e+04	-1.2032226774659258e+08	3.8417521603843696e-01	-1.7390423621807980e-04	2.8949626656917490e+03	3.8426638328238172e-01	2.5534924780081294e+00	5.9831805743484356e-01	0.0000000000000000e+00	0.0000000000000000e+00	0.0000000000000000e+00	
8.0802541798305616e-01	3.0924588952630416e+00	1.9588631564263510e-03	4.2490782279801376e-01	5.3097877435269503e-01	0.0000000000000000e+00	6.3888557438216463e+07	4.0469071868554558e+04	-1.2032226774659258e+08	3.8417521603843696e-01	-1.7390423621807980e-04	2.8949626656917490e+03	3.8426638328238172e-01	2.5534924780081294e+00	5.9831805743484356e-01	0.0000000000000000e+00	0.0000000000000000e+00	0.0000000000000000e+00	
8.0944300643565803e-01	3.0961005940845645e+00	1.8389355491320539e-03	4.1009176296625699e-01	5.2839572781054589e-01	0.0000000000000000e+00	6.3585138319754504e+07	3.7766528476523272e+04	-1.2033622943731816e+08	3.9141623763263306e-01	-1.7063564856835040e-04	2.8949626656917490e+03	3.9106387418277400e-01	2.5626812879854177e+00	5.9831805743484356e-01	0.0000000000000000e+00	0.0000000000000000e+00	0.0000000000000000e+00	
8.1086059488825990e-01	3.0961005940845645e+00	1.8389355491320539e-03	4.1009176296625699e-01	5.2839572781054589e-01	0.0000000000000000e+00	6.3585138319754504e+07	3.7766528476523272e+04	-1.2033622943731816e+08	3.9141623763263306e-01	-1.7063564856835040e-04	2.8949626656917490e+03	3.9106387418277400e-01	2.5626812879854177e+00	5.9831805743484356e-01	0.0000000000000000e+00	0.0000000000000000e+00	0.0000000000000000e+00	
8.1227818334086177e-01	3.0996341915018770e+00	1.7009352099506413e-03	3.9536246153193594e-01	5.2582164144765997e-01	0.0000000000000000e+00	6.3281839405350886e+07	3.4726132874037248e+04	-1.2034850592906463e+08	3.9868410404668991e-01	-1.6765732784665215e-04	2.8949626656917490e+03	3.9783778566405270e-01	2.5723247042609483e+00	5.9831805743484356e-01	0.0000000000000000e+00	0.0000000000000000e+00	0.0000000000000000e+00	
8.1369577179346364e-01	3.0996341915018770e+00	1.7009352099506413e-03	3.9536246153193594e-01	5.2582164144765997e-01	0.0000000000000000e+00	6.3281839405350886e+07	3.4726132874037248e+04	-1.2034850592906463e+08	3.9868410404668991e-01	-1.6765732784665215e-04	2.8949626656917490e+03	3.9783778566405270e-01	2.5723247042609483e+00	5.9831805743484356e-01	0.0000000000000000e+00	0.0000000000000000e+00	0.0000000000000000e+00	
8.1511336024606551e-01	3.0581110581118485e+00	1.5219321639214690e-03	3.8076907713606989e-01	5.2500000000000002e-01	0.0000000000000000e+00	6.3188471408700474e+07	3.1447048586034733e+04	-1.2035900806445099e+08	4.0594922518935994e-01	-1.6503962718685168e-04	2.8949626656917490e+03	4.0457604727058394e-01	2.5754481357349173e+00	5.9831805743484356e-01	8.1417603745505895e-01	0.0000000000000000e+00	0.0000000000000000e+00	
8.1653094869866738e-01	3.0581110581118485e+00	1.5219321639214690e-03	3.8076907713606989e-01	5.2500000000000002e-01	0.0000000000000000e+00	6.3188471408700474e+07	3.1447048586034733e+04	-1.2035900806445099e+08	4.0594922518935994e-01	-1.6503962718685168e-04	2.8949626656917490e+03	4.0457604727058394e-01	2.5754481357349173e+00	5.9831805743484356e-01	8.1417603745505895e-01	0.0000000000000000e+00	0.0000000000000000e+00	
8.1794853715126925e-01	2.9954035435217827e+00	1.3218233384943757e-03	3.6635569724683437e-01	5.2500000000000002e-01	0.0000000000000000e+00	6.3193024961772360e+07	2.7886064101506548e+04	-1.2036767831353816e+08	4.1307129680953464e-01	-1.6288086471766950e-04	2.8949626656917490e+03	4.1121689666136280e-01	2.5754481357349173e+00	5.9831805743484356e-01	8.1417603745505895e-01	0.0000000000000000e+00	0.0000000000000000e+00	
8.1936612560387112e-01	2.9954035435217827e+00	1.3218233384943757e-03	3.6635569724683437e-01	5.2500000000000002e-01	0.0000000000000000e+00	6.3193024961772360e+07	2.7886064101506548e+04	-1.2036767831353816e+08	4.1307129680953464e-01	-1.6288086471766950e-04	2.8949626656917490e+03	4.1121689666136280e-01	2.5754481357349173e+00	5.9831805743484356e-01	8.1417603745505895e-01	0.0000000000000000e+00	0.0000000000000000e+00	
8.2078371405647299e-01	2.9326958179955267e+00	1.1188869783885708e-03	3.5216554853759191e-01	5.2500000000000002e-01	0.0000000000000000e+00	6.3196627419556320e+07	2.4110882234675555e+04	-1.2037453717898679e+08	4.2003641235999550e-01	-1.6121011662144957e-04	2.8949626656917490e+03	4.1775430233911309e-01	2.5754481357349173e+00	5.9831805743484356e-01	8.1417603745505895e-01	0.0000000000000000e+00	0.0000000000000000e+00	
8.2220130250907486e-01	2.9326958179955267e+00	1.1188869783885708e-03	3.5216554853759191e-01	5.2500000000000002e-01	0.0000000000000000e+00	6.3196627419556320e+07	2.4110882234675555e+04	-1.2037453717898679e+08	4.2003641235999550e-01	-1.6121011662144957e-04	2.8949626656917490e+03	4.1775430233911309e-01	2.5754481357349173e+00	5.9831805743484356e-01	8.1417603745505895e-01	0.0000000000000000e+00	0.0000000000000000e+00	
8.2361889096167673e-01	2.8703845031143325e+00	9.1957873849445634e-04	3.3824203925135676e-01	5.2500000000000002e-01	0.0000000000000000e+00	6.3199387185772561e+07	2.0247047975230984e+04	-1.2037979129337804e+08	4.2684699690828820e-01	-1.6003295038591249e-04	2.8949626656917490e+03	4.2419005494470907e-01	2.5754481357349173e+00	5.9831805743484356e-01	8.1417603745505895e-01	0.0000000000000000e+00	0.0000000000000000e+00	
8.2503647941427860e-01	2.8703845031143325e+00	9.1957873849445634e-04	3.3824203925135676e-01	5.2500000000000002e-01	0.0000000000000000e+00	6.3199387185772561e+07	2.0247047975230984e+04	-1.2037979129337804e+08	4.2684699690828820e-01	-1.6003295038591249e-04	2.8949626656917490e+03	4.2419005494470907e-01	2.5754481357349173e+00	5.9831805743484356e-01	8.1417603745505895e-01	0.0000000000000000e+00	0.0000000000000000e+00	
8.2645406786688047e-01	2.8088732388457687e+00	7.2924517260826612e-04	3.2461507055895683e-01	5.2500000000000002e-01	0.0000000000000000e+00	6.3201353692594290e+07	1.6408459251643242e+04	-1.2038353490017603e+08	4.3350649575572869e-01	-1.5933657014473407e-04	2.8949626656917490e+03	4.3052930843055132e-01	2.5754481357349173e+00	5.9831805743484356e-01	8.1417603745505895e-01	0.0000000000000000e+00	0.0000000000000000e+00	
8.2787165631948234e-01	2.8088732388457687e+00	7.2924517260826612e-04	3.2461507055895683e-01	5.2500000000000002e-01	0.0000000000000000e+00	6.3201353692594290e+07	1.6408459251643242e+04	-1.2038353490017603e+08	4.3350649575572869e-01	-1.5933657014473407e-04	2.8949626656917490e+03	4.3052930843055132e-01	2.5754481357349173e+00	5.9831805743484356e-01	8.1417603745505895e-01	0.0000000000000000e+00	0.0000000000000000e+00	
8.2928924477208421e-01	2.7485060319042898e+00	5.4814142204160081e-04	3.1129599646785627e-01	5.2500000000000002e-01	0.0000000000000000e+00	6.3202499963200778e+07	1.2604632409123806e+04	-1.2038571660969034e+08	4.4001924541303883e-01	-1.5909721480455207e-04	2.8949626656917490e+03	4.3677954192431057e-01	2.5754481357349173e+00	5.9831805743484356e-01	8.1417603745505895e-01	0.0000000000000000e+00	0.0000000000000000e+00	
8.3070683322468608e-01	2.7485060319042898e+00	5.4814142204160081e-04	3.1129599646785627e-01	5.2500000000000002e-01	0.0000000000000000e+00	6.3202499963200778e+07	1.2604632409123806e+04	-1.2038571660969034e+08	4.4001924541303883e-01	-1.5909721480455207e-04	2.8949626656917490e+03	4.3677954192431057e-01	2.5754481357349173e+00	5.9831805743484356e-01	8.1417603745505895e-01	0.0000000000000000e+00	0.0000000000000000e+00	
8.3212442167728795e-01	2.6894596504308876e+00	3.7521557236665118e-04	2.9829460468152336e-01	5.2500000000000002e-01	0.0000000000000000e+00	6.3202786624138393e+07	8.8176335921395876e+03	-1.2038626140805192e+08	4.4639006198019954e-01	-1.5928604983681764e-04	2.8949626656917490e+03	4.4294496844086256e-01	2.5754481357349173e+00	5.9831805743484356e-01	8.1417603745505895e-01	0.0000000000000000e+00	0.0000000000000000e+00	
8.3354201012988982e-01	2.6894596504308876e+00	3.7521557236665118e-04	2.9829460468152336e-01	5.2500000000000002e-01	0.0000000000000000e+00	6.3202786624138393e+07	8.8176335921395876e+03	-1.2038626140805192e+08	4.4639006198019954e-01	-1.5928604983681764e-04	2.8949626656917490e+03	4.4294496844086256e-01	2.5754481357349173e+00	5.9831805743484356e-01	8.1417603745505895e-01	0.0000000000000000e+00	0.0000000000000000e+00	
8.3495959858249169e-01	2.6317635376554027e+00	2.1135682350934481e-04	2.8562651160222080e-01	5.2500000000000002e-01	0.0000000000000000e+00	6.3202157549146257e+07	5.0757627223703130e+03	-1.2038506238659696e+08	4.5262379443481804e-01	-1.5987086178173370e-04	2.8949626656917490e+03	4.4902986391930055e-01	2.5754481357349173e+00	5.9831805743484356e-01	8.1417603745505895e-01	0.0000000000000000e+00	0.0000000000000000e+00	
8.3637718703509356e-01	2.6317635376554027e+00	2.1135682350934481e-04	2.8562651160222080e-01	5.2500000000000002e-01	0.0000000000000000e+00	6.3202157549146257e+07	5.0757627223703130e+03	-1.2038506238659696e+08	4.5262379443481804e-01	-1.5987086178173370e-04	2.8949626656917490e+03	4.4902986391930055e-01	2.5754481357349173e+00	5.9831805743484356e-01	8.1417603745505895e-01	0.0000000000000000e+00	0.0000000000000000e+00	
8.3779477548769543e-01	2.5754601292169812e+00	5.7758330218280527e-05	2.7330782310012081e-01	5.2500000000000002e-01	0.0000000000000000e+00	6.3200593882429101e+07	1.4173625636994816e+03	-1.2038208361585195e+08	4.5872539098116577e-01	-1.6082079317093832e-04	2.8949626656917490e+03	4.5503863983568837e-01	2.5754481357349173e+00	5.9831805743484356e-01	8.1417603745505895e-01	0.0000000000000000e+00	0.0000000000000000e+00	
8.3921236394029730e-01	2.5754601292169812e+00	5.7758330218280527e-05	2.7330782310012081e-01	5.2500000000000002e-01	0.0000000000000000e+00	6.3200593882429101e+07	1.4173625636994816e+03	-1.2038208361585195e+08	4.5872539098116577e-01	-1.6082079317093832e-04	2.8949626656917490e+03	4.5503863983568837e-01	2.5754481357349173e+00	5.9831805743484356e-01	8.1417603745505895e-01	0.0000000000000000e+00	0.0000000000000000e+00	
8.4062995239289917e-01	2.5206204531311927e+00	-8.1588413137762003e-05	2.6135450211536138e-01	5.2500000000000002e-01	0.0000000000000000e+00	6.3198118619644485e+07	-2.0456210315454734e+03	-1.2037736886238326e+08	4.6470004145310229e-01	-1.6210004390755984e-04	2.8949626656917490e+03	4.6097598720417005e-01	2.5754481357349173e+00	5.9831805743484356e-01	8.1417603745505895e-01	0.0000000000000000e+00	0.0000000000000000e+00	
8.4204754084550104e-01	2.5206204531311927e+00	-8.1588413137762003e-05	2.6135450211536138e-01	5.2500000000000002e-01	0.0000000000000000e+00	6.3198118619644485e+07	-2.0456210315454734e+03	-1.2037736886238326e+08	4.6470004145310229e-01	-1.6210004390755984e-04	2.8949626656917490e+03	4.6097598720417005e-01	2.5754481357349173e+00	5.9831805743484356e-01	8.1417603745505895e-01	0.0000000000000000e+00	0.0000000000000000e+00	
8.4346512929810291e-01	2.4673161480930594e+00	-2.0035161835305109e-04	2.4977860197712398e-01	5.2500000000000002e-01	0.0000000000000000e+00	6.3194774059785724e+07	-5.1315577309049149e+03	-1.2037099860596709e+08	4.7055318375672389e-01	-1.6365993168056611e-04	2.8949626656917490e+03	4.6684688433401550e-01	2.5754481357349173e+00	5.9831805743484356e-01	8.1417603745505895e-01	0.0000000000000000e+00	0.0000000000000000e+00	
8.4488271775070478e-01	2.4673161480930594e+00	-2.0035161835305109e-04	2.4977860197712398e-01	5.2500000000000002e-01	0.0000000000000000e+00	6.3194774059785724e+07	-5.1315577309049149e+03	-1.2037099860596709e+08	4.7055318375672389e-01	-1.6365993168056611e-04	2.8949626656917490e+03	4.6684688433401550e-01	2.5754481357349173e+00	5.9831805743484356e-01	8.1417603745505895e-01	0.0000000000000000e+00	0.0000000000000000e+00	
8.4630030620330665e-01	2.4155499527672539e+00	-2.9140699078572573e-04	2.3858529066659184e-01	5.2500000000000002e-01	0.0000000000000000e+00	6.3190648996700414e+07	-7.6231902589429883e+03	-1.2036314182194938e+08	4.7629027899699261e-01	-1.6543445567445791e-04	2.8949626656917490e+03	4.7265637071064209e-01	2.5754481357349173e+00	5.9831805743484356e-01	8.1417603745505895e-01	0.0000000000000000e+00	0.0000000000000000e+00	
8.4771789465590852e-01	2.4155499527672539e+00	-2.9140699078572573e-04	2.3858529066659184e-01	5.2500000000000002e-01	0.0000000000000000e+00	6.3190648996700414e+07	-7.6231902589429883e+03	-1.2036314182194938e+08	4.7629027899699261e-01	-1.6543445567445791e-04	2.8949626656917490e+03	4.7265637071064209e-01	2.5754481357349173e+00	5.9831805743484356e-01	8.1417603745505895e-01	0.0000000000000000e+00	0.0000000000000000e+00	
8.4913548310851039e-01	2.3652400990394167e+00	-3.4798901815645149e-04	2.2777316016628843e-01	5.2500000000000002e-01	0.0000000000000000e+00	6.3185872752422065e+07	-9.2963035039883325e+03	-1.2035404464054745e+08	4.8191652831582943e-01	-1.6734087859534755e-04	2.8949626656917490e+03	4.7840926084862945e-01	2.5754481357349173e+00	5.9831805743484356e-01	8.1417603745505895e-01	0.0000000000000000e+00	0.0000000000000000e+00	
8.5055307156111226e-01	2.3652400990394167e+00	-3.4798901815645149e-04	2.2777316016628843e-01	5.2500000000000002e-01	0.0000000000000000e+00	6.3185872752422065e+07	-9.2963035039883325e+03	-1.2035404464054745e+08	4.8191652831582943e-01	-1.6734087859534755e-04	2.8949626656917490e+03	4.7840926084862945e-01	2.5754481357349173e+00	5.9831805743484356e-01	8.1417603745505895e-01	0.0000000000000000e+00	0.0000000000000000e+00	
8.5197066001371413e-01	2.3162890968903596e+00	-3.6760361497002649e-04	2.1734038630325950e-01	5.2500000000000002e-01	0.0000000000000000e+00	6.3180579958695352e+07	-1.0026990853559500e+04	-1.2034396334162959e+08	4.8743680125908784e-01	-1.6928915806788136e-04	2.8949626656917490e+03	4.8411006911114085e-01	2.5754481357349173e+00	5.9831805743484356e-01	8.1417603745505895e-01	0.0000000000000000e+00	0.0000000000000000e+00	
8.5338824846631600e-01	2.3162890968903596e+00	-3.6760361497002649e-04	2.1734038630325950e-01	5.2500000000000002e-01	0.0000000000000000e+00	6.3180579958695352e+07	-1.0026990853559500e+04	-1.2034396334162959e+08	4.8743680125908784e-01	-1.6928915806788136e-04	2.8949626656917490e+03	4.8411006911114085e-01	2.5754481357349173e+00	5.9831805743484356e-01	8.1417603745505895e-01	0.0000000000000000e+00	0.0000000000000000e+00	
8.5480583691891787e-01	2.2685729063406148e+00	-3.5468554731335841e-04	2.0728466511590746e-01	5.2500000000000002e-01	0.0000000000000000e+00	6.3174862399902046e+07	-9.8772274781769920e+03	-1.2033307270865068e+08	4.9285554629561779e-01	-1.7119491513208852e-04	2.8949626656917490e+03	4.8976291731616706e-01	2.5754481357349173e+00	5.9831805743484356e-01	8.1417603745505895e-01	0.0000000000000000e+00	0.0000000000000000e+00	
8.5622342537151974e-01	2.2685729063406148e+00	-3.5468554731335841e-04	2.0728466511590746e-01	5.2500000000000002e-01	0.0000000000000000e+00	6.3174862399902046e+07	-9.8772274781769920e+03	-1.2033307270865068e+08	4.9285554629561779e-01	-1.7119491513208852e-04	2.8949626656917490e+03	4.8976291731616706e-01	2.5754481357349173e+00	5.9831805743484356e-01	8.1417603745505895e-01	0.0000000000000000e+00	0.0000000000000000e+00	
8.5764101382412161e-01	2.2219516780937587e+00	-3.1823652971100142e-04	1.9760420907134202e-01	5.2500000000000002e-01	0.0000000000000000e+00	6.3168768285953723e+07	-9.0472757817517249e+03	-1.2032146463589840e+08	4.9817672667380547e-01	-1.7298999112622568e-04	2.8949626656917490e+03	4.9536330427804032e-01	2.5754481357349173e+00	5.9831805743484356e-01	8.1417603745505895e-01	0.0000000000000000e+00	0.0000000000000000e+00	
8.5905860227672348e-01	2.2219516780937587e+00	-3.1823652971100142e-04	1.9760420907134202e-01	5.2500000000000002e-01	0.0000000000000000e+00	6.3168768285953723e+07	-9.0472757817517249e+03	-1.2032146463589840e+08	4.9817672667380547e-01	-1.7298999112622568e-04	2.8949626656917490e+03	4.9536330427804032e-01	2.5754481357349173e+00	5.9831805743484356e-01	8.1417603745505895e-01	0.0000000000000000e+00	0.0000000000000000e+00	
8.6047619072932535e-01	2.1762683257067561e+00	-2.6869867035049315e-04	1.8829888116140639e-01	5.2500000000000002e-01	0.0000000000000000e+00	6.3162314510271102e+07	-7.7985006373962924e+03	-1.2030917141276620e+08	5.0340380580988464e-01	-1.7462791433085585e-04	2.8949626656917490e+03	5.0089058303254419e-01	2.5754481357349173e+00	5.9831805743484356e-01	8.1417603745505895e-01	0.0000000000000000e+00	0.0000000000000000e+00	
8.6189377918192722e-01	2.1762683257067561e+00	-2.6869867035049315e-04	1.8829888116140639e-01	5.2500000000000002e-01	0.0000000000000000e+00	6.3162314510271102e+07	-7.7985006373962924e+03	-1.2030917141276620e+08	5.0340380580988464e-01	-1.7462791433085585e-04	2.8949626656917490e+03	5.0089058303254419e-01	2.5754481357349173e+00	5.9831805743484356e-01	8.1417603745505895e-01	0.0000000000000000e+00	0.0000000000000000e+00	
8.6331136763452909e-01	2.1314317348218386e+00	-2.1653981157940963e-04	1.7937829146297116e-01	5.2500000000000002e-01	0.0000000000000000e+00	6.3155520574765421e+07	-6.4161963538571190e+03	-1.2029623028702410e+08	5.0853982286438426e-01	-1.7608860432422407e-04	2.8949626656917490e+03	5.0634347082833409e-01	2.5754481357349173e+00	5.9831805743484356e-01	8.1417603745505895e-01	0.0000000000000000e+00	0.0000000000000000e+00	
8.6472895608713096e-01	2.1314317348218386e+00	-2.1653981157940963e-04	1.7937829146297116e-01	5.2500000000000002e-01	0.0000000000000000e+00	6.3155520574765421e+07	-6.4161963538571190e+03	-1.2029623028702410e+08	5.0853982286438426e-01	-1.7608860432422407e-04	2.8949626656917490e+03	5.0634347082833409e-01	2.5754481357349173e+00	5.9831805743484356e-01	8.1417603745505895e-01	0.0000000000000000e+00	0.0000000000000000e+00	
8.6614654453973283e-01	2.0875812871420747e+00	-1.7127610961366425e-04	1.7088443898812533e-01	5.2500000000000002e-01	0.0000000000000000e+00	6.3148466421444759e+07	-5.1810311403687556e+03	-1.2028279358854140e+08	5.1358772135267228e-01	-1.7738104809068308e-04	2.8949626656917490e+03	5.1169555541615652e-01	2.5754481357349173e+00	5.9831805743484356e-01	8.1417603745505895e-01	0.0000000000000000e+00	0.0000000000000000e+00	
8.6756413299233470e-01	2.0875812871420747e+00	-1.7127610961366425e-04	1.7088443898812533e-01	5.2500000000000002e-01	0.0000000000000000e+00	6.3148466421444759e+07	-5.1810311403687556e+03	-1.2028279358854140e+08	5.1358772135267228e-01	-1.7738104809068308e-04	2.8949626656917490e+03	5.1169555541615652e-01	2.5754481357349173e+00	5.9831805743484356e-01	8.1417603745505895e-01	0.0000000000000000e+00	0.0000000000000000e+00	
8.6898172144493657e-01	2.0448214946705927e+00	-1.3936548639938582e-04	1.6284110854232958e-01	5.2500000000000002e-01	0.0000000000000000e+00	6.3141156428201020e+07	-4.3034064344347626e+03	-1.2026886966638298e+08	5.1855037683625926e-01	-1.7853735181733556e-04	2.8949626656917490e+03	5.1694227708599305e-01	2.5754481357349173e+00	5.9831805743484356e-01	8.1417603745505895e-01	0.0000000000000000e+00	0.0000000000000000e+00	
8.7039930989753844e-01	2.0448214946705927e+00	-1.3936548639938582e-04	1.6284110854232958e-01	5.2500000000000002e-01	0.0000000000000000e+00	6.3141156428201020e+07	-4.3034064344347626e+03	-1.2026886966638298e+08	5.1855037683625926e-01	-1.7853735181733556e-04	2.8949626656917490e+03	5.1694227708599305e-01	2.5754481357349173e+00	5.9831805743484356e-01	8.1417603745505895e-01	0.0000000000000000e+00	0.0000000000000000e+00	
8.7181689835014031e-01	2.0033633162289393e+00	-1.2449993073582893e-04	1.5528488138289320e-01	5.2500000000000002e-01	0.0000000000000000e+00	6.3133591381896466e+07	-3.9234659487255940e+03	-1.2025446000725573e+08	5.2343090930721115e-01	-1.7960504861834546e-04	2.8949626656917490e+03	5.2208665961604628e-01	2.5754481357349173e+00	5.9831805743484356e-01	8.1417603745505895e-01	0.0000000000000000e+00	0.0000000000000000e+00	
8.7323448680274218e-01	2.0033633162289393e+00	-1.2449993073582893e-04	1.5528488138289320e-01	5.2500000000000002e-01	0.0000000000000000e+00	6.3133591381896466e+07	-3.9234659487255940e+03	-1.2025446000725573e+08	5.2343090930721115e-01	-1.7960504861834546e-04	2.8949626656917490e+03	5.2208665961604628e-01	2.5754481357349173e+00	5.9831805743484356e-01	8.1417603745505895e-01	0.0000000000000000e+00	0.0000000000000000e+00	
8.7465207525534405e-01	1.9634081701021591e+00	-1.2840184123307158e-04	1.4824124447229248e-01	5.2500000000000002e-01	0.0000000000000000e+00	6.3125778682391092e+07	-4.1282634632556565e+03	-1.2023957869977140e+08	5.2823272272628752e-01	-1.8064189329011952e-04	2.8949626656917490e+03	5.2713201531786413e-01	2.5754481357349173e+00	5.9831805743484356e-01	8.1417603745505895e-01	0.0000000000000000e+00	0.0000000000000000e+00	
8.7606966370794592e-01	1.9634081701021591e+00	-1.2840184123307158e-04	1.4824124447229248e-01	5.2500000000000002e-01	0.0000000000000000e+00	6.3125778682391092e+07	-4.1282634632556565e+03	-1.2023957869977140e+08	5.2823272272628752e-01	-1.8064189329011952e-04	2.8949626656917490e+03	5.2713201531786413e-01	2.5754481357349173e+00	5.9831805743484356e-01	8.1417603745505895e-01	0.0000000000000000e+00	0.0000000000000000e+00	
8.7748725216054779e-01	1.9251326496747738e+00	-1.5011226389721291e-04	1.4171440051283793e-01	5.2500000000000002e-01	0.0000000000000000e+00	6.3117727644060552e+07	-4.9216063060892247e+03	-1.2022424349703187e+08	5.3295948079861832e-01	-1.8170874704352935e-04	2.8949626656917490e+03	5.3208191909269553e-01	2.5754481357349173e+00	5.9831805743484356e-01	8.1417603745505895e-01	0.0000000000000000e+00	0.0000000000000000e+00	
8.7890484061314966e-01	1.9251326496747738e+00	-1.5011226389721291e-04	1.4171440051283793e-01	5.2500000000000002e-01	0.0000000000000000e+00	6.3117727644060552e+07	-4.9216063060892247e+03	-1.2022424349703187e+08	5.3295948079861832e-01	-1.8170874704352935e-04	2.8949626656917490e+03	5.3208191909269553e-01	2.5754481357349173e+00	5.9831805743484356e-01	8.1417603745505895e-01	0.0000000000000000e+00	0.0000000000000000e+00	
8.8032242906575153e-01	1.8886901136410024e+00	-1.8620741221883296e-04	1.3570044721656196e-01	5.2500000000000002e-01	0.0000000000000000e+00	6.3109483837794885e+07	-6.2220125932928695e+03	-1.2020854122764075e+08	5.3761508161861093e-01	-1.8286194607216539e-04	2.8949626656917490e+03	5.3694018169924029e-01	2.5754481357349173e+00	5.9831805743484356e-01	8.1417603745505895e-01	0.0000000000000000e+00	0.0000000000000000e+00	
8.8174001751835340e-01	1.8886901136410024e+00	-1.8620741221883296e-04	1.3570044721656196e-01	5.2500000000000002e-01	0.0000000000000000e+00	6.3109483837794885e+07	-6.2220125932928695e+03	-1.2020854122764075e+08	5.3761508161861093e-01	-1.8286194607216539e-04	2.8949626656917490e+03	5.3694018169924029e-01	2.5754481357349173e+00	5.9831805743484356e-01	8.1417603745505895e-01	0.0000000000000000e+00	0.0000000000000000e+00	
8.8315760597095527e-01	1.8541834989827968e+00	-2.3202778725750161e-04	1.3019602670713662e-01	5.2500000000000002e-01	0.0000000000000000e+00	6.3101131946436159e+07	-7.8963144839803499e+03	-1.2019263321999708e+08	5.4220353966808776e-01	-1.8414748500484074e-04	2.8949626656917490e+03	5.4171073063904107e-01	2.5754481357349173e+00	5.9831805743484356e-01	8.1417603745505895e-01	0.0000000000000000e+00	0.0000000000000000e+00	
8.8457519442355714e-01	1.8541834989827968e+00	-2.3202778725750161e-04	1.3019602670713662e-01	5.2500000000000002e-01	0.0000000000000000e+00	6.3101131946436159e+07	-7.8963144839803499e+03	-1.2019263321999708e+08	5.4220353966808776e-01	-1.8414748500484074e-04	2.8949626656917490e+03	5.4171073063904107e-01	2.5754481357349173e+00	5.9831805743484356e-01	8.1417603745505895e-01	0.0000000000000000e+00	0.0000000000000000e+00	
8.8599278287615901e-01	1.8217289540026422e+00	-2.8175382360418093e-04	1.2519937580589252e-01	5.2500000000000002e-01	0.0000000000000000e+00	6.3092771482506864e+07	-9.7581089480533992e+03	-1.2017670902307697e+08	5.4672907037834129e-01	-1.8559667564759639e-04	2.8949626656917490e+03	5.4640049099893018e-01	2.5754481357349173e+00	5.9831805743484356e-01	8.1417603745505895e-01	0.0000000000000000e+00	0.0000000000000000e+00	
8.8741037132876088e-01	1.8217289540026422e+00	-2.8175382360418093e-04	1.2519937580589252e-01	5.2500000000000002e-01	0.0000000000000000e+00	6.3092771482506864e+07	-9.7581089480533992e+03	-1.2017670902307697e+08	5.4672907037834129e-01	-1.8559667564759639e-04	2.8949626656917490e+03	5.4640049099893018e-01	2.5754481357349173e+00	5.9831805743484356e-01	8.1417603745505895e-01	0.0000000000000000e+00	0.0000000000000000e+00	
8.8882795978136275e-01	1.7914433994845604e+00	-3.3004588629226506e-04	1.2071038786486411e-01	5.2500000000000002e-01	0.0000000000000000e+00	6.3084495278473973e+07	-1.1622347745664070e+04	-1.2016094542684446e+08	5.5119611554646353e-01	-1.8722685414910754e-04	2.8949626656917490e+03	5.5101782637953445e-01	2.5754481357349173e+00	5.9831805743484356e-01	8.1417603745505895e-01	0.0000000000000000e+00	0.0000000000000000e+00	
8.9024554823396462e-01	1.7914433994845604e+00	-3.3004588629226506e-04	1.2071038786486411e-01	5.2500000000000002e-01	0.0000000000000000e+00	6.3084495278473973e+07	-1.1622347745664070e+04	-1.2016094542684446e+08	5.5119611554646353e-01	-1.8722685414910754e-04	2.8949626656917490e+03	5.5101782637953445e-01	2.5754481357349173e+00	5.9831805743484356e-01	8.1417603745505895e-01	0.0000000000000000e+00	0.0000000000000000e+00	
8.9166313668656649e-01	1.7633498953995974e+00	-3.7329260074195250e-04	1.1673088792561818e-01	5.2500000000000002e-01	0.0000000000000000e+00	6.3076378867756598e+07	-1.3352962775203390e+04	-1.2014548624978140e+08	5.5560916372414793e-01	-1.8904488974061720e-04	2.8949626656917490e+03	5.5556723147558573e-01	2.5754481357349173e+00	5.9831805743484356e-01	8.1417603745505895e-01	0.0000000000000000e+00	0.0000000000000000e+00	
8.9308072513916836e-01	1.7633498953995974e+00	-3.7329260074195250e-04	1.1673088792561818e-01	5.2500000000000002e-01	0.0000000000000000e+00	6.3076378867756598e+07	-1.3352962775203390e+04	-1.2014548624978140e+08	5.5560916372414793e-01	-1.8904488974061720e-04	2.8949626656917490e+03	5.5556723147558573e-01	2.5754481357349173e+00	5.9831805743484356e-01	8.1417603745505895e-01	0.0000000000000000e+00	0.0000000000000000e+00	
8.9449831359177023e-01	1.7372683707629555e+00	-4.1005917470112114e-04	1.1326525370068241e-01	5.2500000000000002e-01	0.0000000000000000e+00	6.3068481050341807e+07	-1.4886479098102016e+04	-1.2013044344232351e+08	5.5997235259379841e-01	-1.9105233114149065e-04	2.8949626656917490e+03	5.6005284902136443e-01	2.5754481357349173e+00	5.9831805743484356e-01	8.1417603745505895e-01	0.0000000000000000e+00	0.0000000000000000e+00	
8.9591590204437210e-01	1.7372683707629555e+00	-4.1005917470112114e-04	1.1326525370068241e-01	5.2500000000000002e-01	0.0000000000000000e+00	6.3068481050341807e+07	-1.4886479098102016e+04	-1.2013044344232351e+08	5.5997235259379841e-01	-1.9105233114149065e-04	2.8949626656917490e+03	5.6005284902136443e-01	2.5754481357349173e+00	5.9831805743484356e-01	8.1417603745505895e-01	0.0000000000000000e+00	0.0000000000000000e+00	
8.9733349049697397e-01	1.7130788068582670e+00	-4.3754065585642574e-04	1.1030638992355039e-01	5.2500000000000002e-01	0.0000000000000000e+00	6.3060826720570818e+07	-1.6106483468071865e+04	-1.2011586433802721e+08	5.6428959329407768e-01	-1.9324269661779472e-04	2.8949626656917490e+03	5.6448230091842744e-01	2.5754481357349173e+00	5.9831805743484356e-01	8.1417603745505895e-01	0.0000000000000000e+00	0.0000000000000000e+00	
8.9875107894957584e-01	1.7130788068582670e+00	-4.3754065585642574e-04	1.1030638992355039e-01	5.2500000000000002e-01	0.0000000000000000e+00	6.3060826720570818e+07	-1.6106483468071865e+04	-1.2011586433802721e+08	5.6428959329407768e-01	-1.9324269661779472e-04	2.8949626656917490e+03	5.6448230091842744e-01	2.5754481357349173e+00	5.9831805743484356e-01	8.1417603745505895e-01	0.0000000000000000e+00	0.0000000000000000e+00	
9.0016866740217771e-01	1.6907466582414175e+00	-4.5442144849160398e-04	1.0783635990173050e-01	5.2500000000000002e-01	0.0000000000000000e+00	6.3053431137139544e+07	-1.6946850889835259e+04	-1.2010177793245599e+08	5.6856478119524134e-01	-1.9560090890089529e-04	2.8949626656917490e+03	5.6886322265724776e-01	2.5754481357349173e+00	5.9831805743484356e-01	8.1417603745505895e-01	0.0000000000000000e+00	0.0000000000000000e+00	
9.0158625585477958e-01	1.6907466582414175e+00	-4.5442144849160398e-04	1.0783635990173050e-01	5.2500000000000002e-01	0.0000000000000000e+00	6.3053431137139544e+07	-1.6946850889835259e+04	-1.2010177793245599e+08	5.6856478119524134e-01	-1.9560090890089529e-04	2.8949626656917490e+03	5.6886322265724776e-01	2.5754481357349173e+00	5.9831805743484356e-01	8.1417603745505895e-01	0.0000000000000000e+00	0.0000000000000000e+00	
9.0300384430738145e-01	1.6702158399089273e+00	-4.6359530010458037e-04	1.0583257633023292e-01	5.2500000000000002e-01	0.0000000000000000e+00	6.3046255584006287e+07	-1.7499503405219311e+04	-1.2008811050026801e+08	5.7280176060806209e-01	-1.9810666889547298e-04	2.8949626656917490e+03	5.7319951402984881e-01	2.5754481357349173e+00	5.9831805743484356e-01	8.1417603745505895e-01	0.0000000000000000e+00	0.0000000000000000e+00	
9.0442143275998332e-01	1.6702158399089273e+00	-4.6359530010458037e-04	1.0583257633023292e-01	5.2500000000000002e-01	0.0000000000000000e+00	6.3046255584006287e+07	-1.7499503405219311e+04	-1.2008811050026801e+08	5.7280176060806209e-01	-1.9810666889547298e-04	2.8949626656917490e+03	5.7319951402984881e-01	2.5754481357349173e+00	5.9831805743484356e-01	8.1417603745505895e-01	0.0000000000000000e+00	0.0000000000000000e+00	
9.0583902121258519e-01	1.6511476554903302e+00	-4.7296344215784052e-04	1.0427390638301277e-01	5.2500000000000002e-01	0.0000000000000000e+00	6.3039215430675298e+07	-1.8057285320232524e+04	-1.2007470098454717e+08	5.7700375385284219e-01	-2.0074425431918213e-04	2.8949626656917490e+03	5.7749445410444344e-01	2.5754481357349173e+00	5.9831805743484356e-01	8.1417603745505895e-01	0.0000000000000000e+00	0.0000000000000000e+00	
9.0725660966518706e-01	1.6511476554903302e+00	-4.7296344215784052e-04	1.0427390638301277e-01	5.2500000000000002e-01	0.0000000000000000e+00	6.3039215430675298e+07	-1.8057285320232524e+04	-1.2007470098454717e+08	5.7700375385284219e-01	-2.0074425431918213e-04	2.8949626656917490e+03	5.7749445410444344e-01	2.5754481357349173e+00	5.9831805743484356e-01	8.1417603745505895e-01	0.0000000000000000e+00	0.0000000000000000e+00	
9.0867419811778893e-01	1.6332265710584528e+00	-4.8927681127318944e-04	1.0312399178163847e-01	5.2500000000000002e-01	0.0000000000000000e+00	6.3032235885091200e+07	-1.8882996350769739e+04	-1.2006140707341915e+08	5.8117344096443646e-01	-2.0350631826020801e-04	2.8949626656917490e+03	5.8175077869001235e-01	2.5754481357349173e+00	5.9831805743484356e-01	8.1417603745505895e-01	0.0000000000000000e+00	0.0000000000000000e+00	
9.1009178657039080e-01	1.6332265710584528e+00	-4.8927681127318944e-04	1.0312399178163847e-01	5.2500000000000002e-01	0.0000000000000000e+00	6.3032235885091200e+07	-1.8882996350769739e+04	-1.2006140707341915e+08	5.8117344096443646e-01	-2.0350631826020801e-04	2.8949626656917490e+03	5.8175077869001235e-01	2.5754481357349173e+00	5.9831805743484356e-01	8.1417603745505895e-01	0.0000000000000000e+00	0.0000000000000000e+00	
9.1150937502299267e-01	1.6162188809081584e+00	-5.1482491361341538e-04	1.0233718993121255e-01	5.2500000000000002e-01	0.0000000000000000e+00	6.3025269118273355e+07	-2.0075856749702907e+04	-1.2004813774423072e+08	5.8531316500935016e-01	-2.0638889411734855e-04	2.8949626656917490e+03	5.8597088470458003e-01	2.5754481357349173e+00	5.9831805743484356e-01	8.1417603745505895e-01	0.0000000000000000e+00	0.0000000000000000e+00	
9.1292696347559454e-01	1.6162188809081584e+00	-5.1482491361341538e-04	1.0233718993121255e-01	5.2500000000000002e-01	0.0000000000000000e+00	6.3025269118273355e+07	-2.0075856749702907e+04	-1.2004813774423072e+08	5.8531316500935016e-01	-2.0638889411734855e-04	2.8949626656917490e+03	5.8597088470458003e-01	2.5754481357349173e+00	5.9831805743484356e-01	8.1417603745505895e-01	0.0000000000000000e+00	0.0000000000000000e+00	
9.1434455192819641e-01	1.5998632182006933e+00	-5.4676204883067985e-04	1.0186543281006677e-01	5.2500000000000002e-01	0.0000000000000000e+00	6.3018312821379080e+07	-2.1536854801138157e+04	-1.2003488857437757e+08	5.8942487716259040e-01	-2.0938342808597563e-04	2.8949626656917490e+03	5.9015677552158741e-01	2.5754481357349173e+00	5.9831805743484356e-01	8.1417603745505895e-01	0.0000000000000000e+00	0.0000000000000000e+00	
9.1576214038079828e-01	1.5998632182006933e+00	-5.4676204883067985e-04	1.0186543281006677e-01	5.2500000000000002e-01	0.0000000000000000e+00	6.3018312821379080e+07	-2.1536854801138157e+04	-1.2003488857437757e+08	5.8942487716259040e-01	-2.0938342808597563e-04	2.8949626656917490e+03	5.9015677552158741e-01	2.5754481357349173e+00	5.9831805743484356e-01	8.1417603745505895e-01	0.0000000000000000e+00	0.0000000000000000e+00	
9.1717972883340015e-01	1.5839559210686529e+00	-5.7832794830673274e-04	1.0165488866355438e-01	5.2500000000000002e-01	0.0000000000000000e+00	6.3011437263388559e+07	-2.3006495791756628e+04	-1.2002179326363894e+08	5.9351008743906475e-01	-2.1246891571771121e-04	2.8949626656917490e+03	5.9430918209940553e-01	2.5754481357349173e+00	5.9831805743484356e-01	8.1417603745505895e-01	0.0000000000000000e+00	0.0000000000000000e+00	
9.1859731728600202e-01	1.5839559210686529e+00	-5.7832794830673274e-04	1.0165488866355438e-01	5.2500000000000002e-01	0.0000000000000000e+00	6.3011437263388559e+07	-2.3006495791756628e+04	-1.2002179326363894e+08	5.9351008743906475e-01	-2.1246891571771121e-04	2.8949626656917490e+03	5.9430918209940553e-01	2.5754481357349173e+00	5.9831805743484356e-01	8.1417603745505895e-01	0.0000000000000000e+00	0.0000000000000000e+00	
9.2001490573860389e-01	1.5682199342399430e+00	-6.0359337251419834e-04	1.0164677713624812e-01	5.2500000000000002e-01	0.0000000000000000e+00	6.3004758064916424e+07	-2.4249949624110213e+04	-1.2000907186991829e+08	5.9756956780885973e-01	-2.1561071781445710e-04	2.8949626656917490e+03	5.9842460943373754e-01	2.5754481357349173e+00	5.9831805743484356e-01	8.1417603745505895e-01	0.0000000000000000e+00	0.0000000000000000e+00	
9.2143249419120576e-01	1.5682199342399430e+00	-6.0359337251419834e-04	1.0164677713624812e-01	5.2500000000000002e-01	0.0000000000000000e+00	6.3004758064916424e+07	-2.4249949624110213e+04	-1.2000907186991829e+08	5.9756956780885973e-01	-2.1561071781445710e-04	2.8949626656917490e+03	5.9842460943373754e-01	2.5754481357349173e+00	5.9831805743484356e-01	8.1417603745505895e-01	0.0000000000000000e+00	0.0000000000000000e+00	
9.2285008264380763e-01	1.5524235882572002e+00	-6.2115111433440817e-04	1.0179055065221110e-01	5.2500000000000002e-01	0.0000000000000000e+00	6.2998375737998672e+07	-2.5206722950432566e+04	-1.1999691577298671e+08	6.0160338198871954e-01	-2.1876940174319075e-04	2.8949626656917490e+03	6.0250279437122867e-01	2.5754481357349173e+00	5.9831805743484356e-01	8.1417603745505895e-01	0.0000000000000000e+00	0.0000000000000000e+00	
9.2426767109640950e-01	1.5524235882572002e+00	-6.2115111433440817e-04	1.0179055065221110e-01	5.2500000000000002e-01	0.0000000000000000e+00	6.2998375737998672e+07	-2.5206722950432566e+04	-1.1999691577298671e+08	6.0160338198871954e-01	-2.1876940174319075e-04	2.8949626656917490e+03	6.0250279437122867e-01	2.5754481357349173e+00	5.9831805743484356e-01	8.1417603745505895e-01	0.0000000000000000e+00	0.0000000000000000e+00	
9.2568525954901137e-01	1.5364697903791091e+00	-6.3351261052839631e-04	1.0209181902736035e-01	5.2500000000000002e-01	0.0000000000000000e+00	6.2992367700028650e+07	-2.5972823907695089e+04	-1.1998547248485105e+08	6.0561100687979730e-01	-2.2191103661414971e-04	2.8949626656917490e+03	6.0654342709695697e-01	2.5754481357349173e+00	5.9831805743484356e-01	8.1417603745505895e-01	0.0000000000000000e+00	0.0000000000000000e+00	
9.2710284800161324e-01	1.5364697903791091e+00	-6.3351261052839631e-04	1.0209181902736035e-01	5.2500000000000002e-01	0.0000000000000000e+00	6.2992367700028650e+07	-2.5972823907695089e+04	-1.1998547248485105e+08	6.0561100687979730e-01	-2.2191103661414971e-04	2.8949626656917490e+03	6.0654342709695697e-01	2.5754481357349173e+00	5.9831805743484356e-01	8.1417603745505895e-01	0.0000000000000000e+00	0.0000000000000000e+00	
9.2852043645421511e-01	1.5203503910703127e+00	-6.4511240944878053e-04	1.0255106111362267e-01	5.2500000000000002e-01	0.0000000000000000e+00	6.2986690587517582e+07	-2.6726401997050638e+04	-1.1997465953860442e+08	6.0959159616317382e-01	-2.2501255179559651e-04	2.8949626656917490e+03	6.1054586748719508e-01	2.5754481357349173e+00	5.9831805743484356e-01	8.1417603745505895e-01	0.0000000000000000e+00	0.0000000000000000e+00	
9.2993802490681698e-01	1.5203503910703127e+00	-6.4511240944878053e-04	1.0255106111362267e-01	5.2500000000000002e-01	0.0000000000000000e+00	6.2986690587517582e+07	-2.6726401997050638e+04	-1.1997465953860442e+08	6.0959159616317382e-01	-2.2501255179559651e-04	2.8949626656917490e+03	6.1054586748719508e-01	2.5754481357349173e+00	5.9831805743484356e-01	8.1417603745505895e-01	0.0000000000000000e+00	0.0000000000000000e+00	
9.3135561335941885e-01	1.5041057584460975e+00	-6.6104844072127557e-04	1.0315406374147781e-01	5.2500000000000002e-01	0.0000000000000000e+00	6.2981220536840811e+07	-2.7679993508975978e+04	-1.1996424117993049e+08	6.1354416142556811e-01	-2.2806455726466252e-04	2.8949626656917490e+03	6.1450932367530786e-01	2.5754481357349173e+00	5.9831805743484356e-01	8.1417603745505895e-01	0.0000000000000000e+00	0.0000000000000000e+00	
9.3277320181202072e-01	1.5041057584460975e+00	-6.6104844072127557e-04	1.0315406374147781e-01	5.2500000000000002e-01	0.0000000000000000e+00	6.2981220536840811e+07	-2.7679993508975978e+04	-1.1996424117993049e+08	6.1354416142556811e-01	-2.2806455726466252e-04	2.8949626656917490e+03	6.1450932367530786e-01	2.5754481357349173e+00	5.9831805743484356e-01	8.1417603745505895e-01	0.0000000000000000e+00	0.0000000000000000e+00	
9.3419079026462259e-01	1.4877800536836974e+00	-6.8446167560888094e-04	1.0388491137926244e-01	5.2500000000000002e-01	0.0000000000000000e+00	6.2975824172379874e+07	-2.8972386092387729e+04	-1.1995396349873337e+08	6.1746767242936940e-01	-2.3106849931207621e-04	2.8949626656917490e+03	6.1843295071813942e-01	2.5754481357349173e+00	5.9831805743484356e-01	8.1417603745505895e-01	0.0000000000000000e+00	0.0000000000000000e+00	
9.3560837871722446e-01	1.4877800536836974e+00	-6.8446167560888094e-04	1.0388491137926244e-01	5.2500000000000002e-01	0.0000000000000000e+00	6.2975824172379874e+07	-2.8972386092387729e+04	-1.1995396349873337e+08	6.1746767242936940e-01	-2.3106849931207621e-04	2.8949626656917490e+03	6.1843295071813942e-01	2.5754481357349173e+00	5.9831805743484356e-01	8.1417603745505895e-01	0.0000000000000000e+00	0.0000000000000000e+00	
9.3702596716982633e-01	1.4713758327180753e+00	-7.1443488631435113e-04	1.0473417049102447e-01	5.2500000000000002e-01	0.0000000000000000e+00	6.2970395602574065e+07	-3.0575632970937033e+04	-1.1994362481078035e+08	6.2136100747091416e-01	-2.3402970697312858e-04	2.8949626656917490e+03	6.2231580001332143e-01	2.5754481357349173e+00	5.9831805743484356e-01	8.1417603745505895e-01	0.0000000000000000e+00	0.0000000000000000e+00	
9.3844355562242820e-01	1.4713758327180753e+00	-7.1443488631435113e-04	1.0473417049102447e-01	5.2500000000000002e-01	0.0000000000000000e+00	6.2970395602574065e+07	-3.0575632970937033e+04	-1.1994362481078035e+08	6.2136100747091416e-01	-2.3402970697312858e-04	2.8949626656917490e+03	6.2231580001332143e-01	2.5754481357349173e+00	5.9831805743484356e-01	8.1417603745505895e-01	0.0000000000000000e+00	0.0000000000000000e+00	
9.3986114407503007e-01	1.4550398345958293e+00	-7.4695997500971853e-04	1.0569585590077285e-01	5.2500000000000002e-01	0.0000000000000000e+00	6.2964862375715107e+07	-3.2323673145154029e+04	-1.1993308699535818e+08	6.2522331595264913e-01	-2.3695181857523071e-04	2.8949626656917490e+03	6.2615718149235300e-01	2.5754481357349173e+00	5.9831805743484356e-01	8.1417603745505895e-01	0.0000000000000000e+00	0.0000000000000000e+00	
9.4127873252763195e-01	1.4550398345958293e+00	-7.4695997500971853e-04	1.0569585590077285e-01	5.2500000000000002e-01	0.0000000000000000e+00	6.2964862375715107e+07	-3.2323673145154029e+04	-1.1993308699535818e+08	6.2522331595264913e-01	-2.3695181857523071e-04	2.8949626656917490e+03	6.2615718149235300e-01	2.5754481357349173e+00	5.9831805743484356e-01	8.1417603745505895e-01	0.0000000000000000e+00	0.0000000000000000e+00	
9.4269632098023382e-01	1.4389745051549176e+00	-7.7858050306469511e-04	1.0676417580206875e-01	5.2500000000000002e-01	0.0000000000000000e+00	6.2959189687501818e+07	-3.4065091079680678e+04	-1.1992228362521189e+08	6.2905416292747263e-01	-2.3983821588500825e-04	2.8949626656917490e+03	6.2995680916667751e-01	2.5754481357349173e+00	5.9831805743484356e-01	8.1417603745505895e-01	0.0000000000000000e+00	0.0000000000000000e+00	
9.4411390943283569e-01	1.4389745051549176e+00	-7.7858050306469511e-04	1.0676417580206875e-01	5.2500000000000002e-01	0.0000000000000000e+00	6.2959189687501818e+07	-3.4065091079680678e+04	-1.1992228362521189e+08	6.2905416292747263e-01	-2.3983821588500825e-04	2.8949626656917490e+03	6.2995680916667751e-01	2.5754481357349173e+00	5.9831805743484356e-01	8.1417603745505895e-01	0.0000000000000000e+00	0.0000000000000000e+00	
9.4553149788543756e-01	1.4233677698850200e+00	-8.0763928164889786e-04	1.0793380671091952e-01	5.2500000000000002e-01	0.0000000000000000e+00	6.2953401980399594e+07	-3.5720662943570358e+04	-1.1991126117067990e+08	6.3285351971918058e-01	-2.4269401143674031e-04	2.8949626656917490e+03	6.3371479295877020e-01	2.5754481357349173e+00	5.9831805743484356e-01	8.1417603745505895e-01	0.0000000000000000e+00	0.0000000000000000e+00	
9.4694908633803943e-01	1.4233677698850200e+00	-8.0763928164889786e-04	1.0793380671091952e-01	5.2500000000000002e-01	0.0000000000000000e+00	6.2953401980399594e+07	-3.5720662943570358e+04	-1.1991126117067990e+08	6.3285351971918058e-01	-2.4269401143674031e-04	2.8949626656917490e+03	6.3371479295877020e-01	2.5754481357349173e+00	5.9831805743484356e-01	8.1417603745505895e-01	0.0000000000000000e+00	0.0000000000000000e+00	
9.4836667479064130e-01	1.4083896388097237e+00	-8.3382229141897577e-04	1.0919518146719115e-01	5.2500000000000002e-01	0.0000000000000000e+00	6.2947538198425114e+07	-3.7267428766483179e+04	-1.1990009377203619e+08	6.3662175303598900e-01	-2.4552649360093934e-04	2.8949626656917490e+03	6.3743228862547696e-01	2.5754481357349173e+00	5.9831805743484356e-01	8.1417603745505895e-01	0.0000000000000000e+00	0.0000000000000000e+00	
9.4978426324324317e-01	1.4083896388097237e+00	-8.3382229141897577e-04	1.0919518146719115e-01	5.2500000000000002e-01	0.0000000000000000e+00	6.2947538198425114e+07	-3.7267428766483179e+04	-1.1990009377203619e+08	6.3662175303598900e-01	-2.4552649360093934e-04	2.8949626656917490e+03	6.3743228862547696e-01	2.5754481357349173e+00	5.9831805743484356e-01	8.1417603745505895e-01	0.0000000000000000e+00	0.0000000000000000e+00	
9.5120185169584504e-01	1.3941773830951187e+00	-8.5726502621833985e-04	1.1053713788112744e-01	5.2500000000000002e-01	0.0000000000000000e+00	6.2941664295548320e+07	-3.8702168136425636e+04	-1.1988890703681046e+08	6.4035959648558582e-01	-2.4834365823226968e-04	2.8949626656917490e+03	6.4111546148322351e-01	2.5754481357349173e+00	5.9831805743484356e-01	8.1417603745505895e-01	0.0000000000000000e+00	0.0000000000000000e+00	
9.5261944014844691e-01	1.3941773830951187e+00	-8.5726502621833985e-04	1.1053713788112744e-01	5.2500000000000002e-01	0.0000000000000000e+00	6.2941664295548320e+07	-3.8702168136425636e+04	-1.1988890703681046e+08	6.4035959648558582e-01	-2.4834365823226968e-04	2.8949626656917490e+03	6.4111546148322351e-01	2.5754481357349173e+00	5.9831805743484356e-01	8.1417603745505895e-01	0.0000000000000000e+00	0.0000000000000000e+00	
9.5403702860104878e-01	1.3808208158779836e+00	-8.7813472414238888e-04	1.1194621961780840e-01	5.2500000000000002e-01	0.0000000000000000e+00	6.2935861152634226e+07	-4.0024139581638359e+04	-1.1987785500825474e+08	6.4406808043083152e-01	-2.5115261469588039e-04	2.8949626656917490e+03	6.4476853995111583e-01	2.5754481357349173e+00	5.9831805743484356e-01	8.1417603745505895e-01	0.0000000000000000e+00	0.0000000000000000e+00	
9.5545461705365065e-01	1.3808208158779836e+00	-8.7813472414238888e-04	1.1194621961780840e-01	5.2500000000000002e-01	0.0000000000000000e+00	6.2935861152634226e+07	-4.0024139581638359e+04	-1.1987785500825474e+08	6.4406808043083152e-01	-2.5115261469588039e-04	2.8949626656917490e+03	6.4476853995111583e-01	2.5754481357349173e+00	5.9831805743484356e-01	8.1417603745505895e-01	0.0000000000000000e+00	0.0000000000000000e+00	
9.5687220550625252e-01	1.3682280201570369e+00	-8.9676851799882053e-04	1.1341641590314613e-01	5.2500000000000002e-01	0.0000000000000000e+00	6.2930261946182422e+07	-4.1245959672919511e+04	-1.1986719135802357e+08	6.4774820789807486e-01	-2.5395971457886141e-04	2.8949626656917490e+03	6.4839842670123649e-01	2.5754481357349173e+00	5.9831805743484356e-01	8.1417603745505895e-01	0.0000000000000000e+00	0.0000000000000000e+00	
9.5828979395885439e-01	1.3682280201570369e+00	-8.9676851799882053e-04	1.1341641590314613e-01	5.2500000000000002e-01	0.0000000000000000e+00	6.2930261946182422e+07	-4.1245959672919511e+04	-1.1986719135802357e+08	6.4774820789807486e-01	-2.5395971457886141e-04	2.8949626656917490e+03	6.4839842670123649e-01	2.5754481357349173e+00	5.9831805743484356e-01	8.1417603745505895e-01	0.0000000000000000e+00	0.0000000000000000e+00	
9.5970738241145626e-01	1.3562845135790624e+00	-9.1198473057546754e-04	1.1493702269375525e-01	5.2500000000000002e-01	0.0000000000000000e+00	6.2924956009091936e+07	-4.2311623024426452e+04	-1.1985708616105661e+08	6.5140085816971272e-01	-2.5676827886493358e-04	2.8949626656917490e+03	6.5200621182780072e-01	2.5754481357349173e+00	5.9831805743484356e-01	8.1417603745505895e-01	0.0000000000000000e+00	0.0000000000000000e+00	
9.6112497086405813e-01	1.3562845135790624e+00	-9.1198473057546754e-04	1.1493702269375525e-01	5.2500000000000002e-01	0.0000000000000000e+00	6.2924956009091936e+07	-4.2311623024426452e+04	-1.1985708616105661e+08	6.5140085816971272e-01	-2.5676827886493358e-04	2.8949626656917490e+03	6.5200621182780072e-01	2.5754481357349173e+00	5.9831805743484356e-01	8.1417603745505895e-01	0.0000000000000000e+00	0.0000000000000000e+00	
9.6254255931666000e-01	1.3448312848257664e+00	-9.2257732334638932e-04	1.1650347466912706e-01	5.2500000000000002e-01	0.0000000000000000e+00	6.2919963162768081e+07	-4.3164173718103761e+04	-1.1984757708275814e+08	6.5502664778078457e-01	-2.5957858052185688e-04	2.8949626656917490e+03	6.5559248101443335e-01	2.5754481357349173e+00	5.9831805743484356e-01	8.1417603745505895e-01	0.0000000000000000e+00	0.0000000000000000e+00	
9.6396014776926187e-01	1.3448312848257664e+00	-9.2257732334638932e-04	1.1650347466912706e-01	5.2500000000000002e-01	0.0000000000000000e+00	6.2919963162768081e+07	-4.3164173718103761e+04	-1.1984757708275814e+08	6.5502664778078457e-01	-2.5957858052185688e-04	2.8949626656917490e+03	6.5559248101443335e-01	2.5754481357349173e+00	5.9831805743484356e-01	8.1417603745505895e-01	0.0000000000000000e+00	0.0000000000000000e+00	
9.6537773622186374e-01	1.3338770443913250e+00	-9.2978623740675673e-04	1.1809591562860422e-01	5.2500000000000002e-01	0.0000000000000000e+00	6.2915256772256911e+07	-4.3855421394143916e+04	-1.1983861344206642e+08	6.5862621366428054e-01	-2.6239172476125687e-04	2.8949626656917490e+03	6.5915784817461176e-01	2.5754481357349173e+00	5.9831805743484356e-01	8.1417603745505895e-01	0.0000000000000000e+00	0.0000000000000000e+00	
9.6679532467446561e-01	1.3338770443913250e+00	-9.2978623740675673e-04	1.1809591562860422e-01	5.2500000000000002e-01	0.0000000000000000e+00	6.2915256772256911e+07	-4.3855421394143916e+04	-1.1983861344206642e+08	6.5862621366428054e-01	-2.6239172476125687e-04	2.8949626656917490e+03	6.5915784817461176e-01	2.5754481357349173e+00	5.9831805743484356e-01	8.1417603745505895e-01	0.0000000000000000e+00	0.0000000000000000e+00	
9.6821291312706748e-01	1.3234044973001249e+00	-9.3675916802467122e-04	1.1968658607060939e-01	5.2500000000000002e-01	0.0000000000000000e+00	6.2910822328904144e+07	-4.4530821608057013e+04	-1.1983016778906560e+08	6.6220023049685717e-01	-2.6521159909026736e-04	2.8949626656917490e+03	6.6270297118893240e-01	2.5754481357349173e+00	5.9831805743484356e-01	8.1417603745505895e-01	0.0000000000000000e+00	0.0000000000000000e+00	
9.6963050157966935e-01	1.3234044973001249e+00	-9.3675916802467122e-04	1.1968658607060939e-01	5.2500000000000002e-01	0.0000000000000000e+00	6.2910822328904144e+07	-4.4530821608057013e+04	-1.1983016778906560e+08	6.6220023049685717e-01	-2.6521159909026736e-04	2.8949626656917490e+03	6.6270297118893240e-01	2.5754481357349173e+00	5.9831805743484356e-01	8.1417603745505895e-01	0.0000000000000000e+00	0.0000000000000000e+00	
9.7104809003227122e-01	1.3133792044045205e+00	-9.4513896948238379e-04	1.2124025199106084e-01	5.2500000000000002e-01	0.0000000000000000e+00	6.2906609638177946e+07	-4.5269095176525800e+04	-1.1982214462197256e+08	6.6574949248441762e-01	-2.6804378913905394e-04	2.8949626656917490e+03	6.6622863195798732e-01	2.5754481357349173e+00	5.9831805743484356e-01	8.1417603745505895e-01	0.0000000000000000e+00	0.0000000000000000e+00	
9.7246567848487309e-01	1.3133792044045205e+00	-9.4513896948238379e-04	1.2124025199106084e-01	5.2500000000000002e-01	0.0000000000000000e+00	6.2906609638177946e+07	-4.5269095176525800e+04	-1.1982214462197256e+08	6.6574949248441762e-01	-2.6804378913905394e-04	2.8949626656917490e+03	6.6622863195798732e-01	2.5754481357349173e+00	5.9831805743484356e-01	8.1417603745505895e-01	0.0000000000000000e+00	0.0000000000000000e+00	
9.7388326693747496e-01	1.3037344725414000e+00	-9.5443504720069757e-04	1.2272430212427479e-01	5.2500000000000002e-01	0.0000000000000000e+00	6.2902621120188974e+07	-4.6049611652029613e+04	-1.1981454852597257e+08	6.6927480927698435e-01	-2.7089264346817448e-04	2.8949626656917490e+03	6.6973563072304299e-01	2.5754481357349173e+00	5.9831805743484356e-01	8.1417603745505895e-01	0.0000000000000000e+00	0.0000000000000000e+00	
9.7530085539007683e-01	1.3037344725414000e+00	-9.5443504720069757e-04	1.2272430212427479e-01	5.2500000000000002e-01	0.0000000000000000e+00	6.2902621120188974e+07	-4.6049611652029613e+04	-1.1981454852597257e+08	6.6927480927698435e-01	-2.7089264346817448e-04	2.8949626656917490e+03	6.6973563072304299e-01	2.5754481357349173e+00	5.9831805743484356e-01	8.1417603745505895e-01	0.0000000000000000e+00	0.0000000000000000e+00	
9.7671844384267870e-01	1.2943720067260831e+00	-9.6167807696039367e-04	1.2410562536007742e-01	5.2500000000000002e-01	0.0000000000000000e+00	6.2898900270159587e+07	-4.6731923388645519e+04	-1.1980746215302628e+08	6.7277686462671560e-01	-2.7375520950656529e-04	2.8949626656917490e+03	6.7322464356256950e-01	2.5754481357349173e+00	5.9831805743484356e-01	8.1417603745505895e-01	0.0000000000000000e+00	0.0000000000000000e+00	
9.7813603229528057e-01	1.2943720067260831e+00	-9.6167807696039367e-04	1.2410562536007742e-01	5.2500000000000002e-01	0.0000000000000000e+00	6.2898900270159587e+07	-4.6731923388645519e+04	-1.1980746215302628e+08	6.7277686462671560e-01	-2.7375520950656529e-04	2.8949626656917490e+03	6.7322464356256950e-01	2.5754481357349173e+00	5.9831805743484356e-01	8.1417603745505895e-01	0.0000000000000000e+00	0.0000000000000000e+00	
9.7955362074788244e-01	1.2851298688362014e+00	-9.6387407264322052e-04	1.2535446492062938e-01	5.2500000000000002e-01	0.0000000000000000e+00	6.2895516794674106e+07	-4.7172942901702627e+04	-1.1980101806669468e+08	6.7625605122284549e-01	-2.7661970296940288e-04	2.8949626656917490e+03	6.7669605659768328e-01	2.5754481357349173e+00	5.9831805743484356e-01	8.1417603745505895e-01	0.0000000000000000e+00	0.0000000000000000e+00	
9.8097120920048431e-01	1.2851298688362014e+00	-9.6387407264322052e-04	1.2535446492062938e-01	5.2500000000000002e-01	0.0000000000000000e+00	6.2895516794674106e+07	-4.7172942901702627e+04	-1.1980101806669468e+08	6.7625605122284549e-01	-2.7661970296940288e-04	2.8949626656917490e+03	6.7669605659768328e-01	2.5754481357349173e+00	5.9831805743484356e-01	8.1417603745505895e-01	0.0000000000000000e+00	0.0000000000000000e+00	
9.8238879765308618e-01	1.2758428768396801e+00	-9.5867473204856919e-04	1.2644575596697108e-01	5.2500000000000002e-01	0.0000000000000000e+00	6.2892504472495385e+07	-4.7257743071296121e+04	-1.1979528043303880e+08	6.7971240109638742e-01	-2.7946663919352843e-04	2.8949626656917490e+03	6.8014989648166024e-01	2.5754481357349173e+00	5.9831805743484356e-01	8.1417603745505895e-01	0.0000000000000000e+00	0.0000000000000000e+00	
9.8380638610568805e-01	1.2758428768396801e+00	-9.5867473204856919e-04	1.2644575596697108e-01	5.2500000000000002e-01	0.0000000000000000e+00	6.2892504472495385e+07	-4.7257743071296121e+04	-1.1979528043303880e+08	6.7971240109638742e-01	-2.7946663919352843e-04	2.8949626656917490e+03	6.8014989648166024e-01	2.5754481357349173e+00	5.9831805743484356e-01	8.1417603745505895e-01	0.0000000000000000e+00	0.0000000000000000e+00	
9.8522397455828992e-01	1.2664177946418680e+00	-9.4442249514531634e-04	1.2736293846969229e-01	5.2500000000000002e-01	0.0000000000000000e+00	6.2889866991729513e+07	-4.6899692467194414e+04	-1.1979025615103070e+08	6.8314570004163833e-01	-2.8227075141598276e-04	2.8949626656917490e+03	6.8358318042041977e-01	2.5754481357349173e+00	5.9831805743484356e-01	8.1417603745505895e-01	0.0000000000000000e+00	0.0000000000000000e+00	
9.8664156301089179e-01	1.2664177946418680e+00	-9.4442249514531634e-04	1.2736293846969229e-01	5.2500000000000002e-01	0.0000000000000000e+00	6.2889866991729513e+07	-4.6899692467194414e+04	-1.1979025615103070e+08	6.8314570004163833e-01	-2.8227075141598276e-04	2.8949626656917490e+03	6.8358318042041977e-01	2.5754481357349173e+00	5.9831805743484356e-01	8.1417603745505895e-01	0.0000000000000000e+00	0.0000000000000000e+00	
9.8805915146349366e-01	1.2568303945138610e+00	-9.2041897977569384e-04	1.2809571233492753e-01	5.2500000000000002e-01	0.0000000000000000e+00	6.2887581424704373e+07	-4.6054681513233438e+04	-1.1978590150170429e+08	6.8655560902987456e-01	-2.8500375300923714e-04	2.8949626656917490e+03	6.8699307590147485e-01	2.5754481357349173e+00	5.9831805743484356e-01	8.1417603745505895e-01	0.0000000000000000e+00	0.0000000000000000e+00	
9.8947673991609553e-01	1.2568303945138610e+00	-9.2041897977569384e-04	1.2809571233492753e-01	5.2500000000000002e-01	0.0000000000000000e+00	6.2887581424704373e+07	-4.6054681513233438e+04	-1.1978590150170429e+08	6.8655560902987456e-01	-2.8500375300923714e-04	2.8949626656917490e+03	6.8699307590147485e-01	2.5754481357349173e+00	5.9831805743484356e-01	8.1417603745505895e-01	0.0000000000000000e+00	0.0000000000000000e+00	
9.9089432836869740e-01	1.2470809079151048e+00	-8.8695938488681154e-04	1.2864092267333041e-01	5.2500000000000002e-01	0.0000000000000000e+00	6.2885632242885940e+07	-4.4726048918203276e+04	-1.1978218694876666e+08	6.8994178584761479e-01	-2.8763720757162133e-04	2.8949626656917490e+03	6.9037924074081225e-01	2.5754481357349173e+00	5.9831805743484356e-01	8.1417603745505895e-01	0.0000000000000000e+00	0.0000000000000000e+00	
9.9231191682129927e-01	1.2470809079151048e+00	-8.8695938488681154e-04	1.2864092267333041e-01	5.2500000000000002e-01	0.0000000000000000e+00	6.2885632242885940e+07	-4.4726048918203276e+04	-1.1978218694876666e+08	6.8994178584761479e-01	-2.8763720757162133e-04	2.8949626656917490e+03	6.9037924074081225e-01	2.5754481357349173e+00	5.9831805743484356e-01	8.1417603745505895e-01	0.0000000000000000e+00	0.0000000000000000e+00	
9.9372950527390114e-01	1.2371923874542956e+00	-8.4494116539740962e-04	1.2900001335399600e-01	5.2500000000000002e-01	0.0000000000000000e+00	6.2883998000308976e+07	-4.2946658170568786e+04	-1.1977907174386324e+08	6.9330401267367880e-01	-2.9014442343714759e-04	2.8949626656917490e+03	6.9374145712114688e-01	2.5754481357349173e+00	5.9831805743484356e-01	8.1417603745505895e-01	0.0000000000000000e+00	0.0000000000000000e+00	
9.9514709372650301e-01	1.2371923874542956e+00	-8.4494116539740962e-04	1.2900001335399600e-01	5.2500000000000002e-01	0.0000000000000000e+00	6.2883998000308976e+07	-4.2946658170568786e+04	-1.1977907174386324e+08	6.9330401267367880e-01	-2.9014442343714759e-04	2.8949626656917490e+03	6.9374145712114688e-01	2.5754481357349173e+00	5.9831805743484356e-01	8.1417603745505895e-01	0.0000000000000000e+00	0.0000000000000000e+00	
9.9656468217910488e-01	1.2272022502597866e+00	-7.9570593810132065e-04	1.2917827681676025e-01	5.2500000000000002e-01	0.0000000000000000e+00	6.2882655624435738e+07	-4.0772498969384942e+04	-1.1977651208129363e+08	6.9664211013755184e-01	-2.9250206194249978e-04	2.8949626656917490e+03	6.9707954564254870e-01	2.5754481357349173e+00	5.9831805743484356e-01	8.1417603745505895e-01	0.0000000000000000e+00	0.0000000000000000e+00	
9.9798227063170675e-01	1.2272022502597866e+00	-7.9570593810132065e-04	1.2917827681676025e-01	5.2500000000000002e-01	0.0000000000000000e+00	6.2882655624435738e+07	-4.0772498969384942e+04	-1.1977651208129363e+08	6.9664211013755184e-01	-2.9250206194249978e-04	2.8949626656917490e+03	6.9707954564254870e-01	2.5754481357349173e+00	5.9831805743484356e-01	8.1417603745505895e-01	0.0000000000000000e+00	0.0000000000000000e+00	
9.9939985908430862e-01	1.2171660510918054e+00	-7.4094539535159393e-04	1.2918179804369609e-01	5.2500000000000002e-01	0.0000000000000000e+00	6.2881570694360860e+07	-3.8278926870059680e+04	-1.1977444256273973e+08	6.9900341510202391e-01	-2.9407419680859814e-04	2.8949626656917490e+03	6.9944084516524518e-01	2.5754481357349173e+00	5.9831805743484356e-01	8.1417603745505895e-01	0.0000000000000000e+00	0.0000000000000000e+00	
1.0000000000000000e+00	1.2171660510918054e+00	-7.4094539535159393e-04	1.2918179804369609e-01	5.2500000000000002e-01	0.0000000000000000e+00	6.2881570694360860e+07	-3.8278926870059680e+04	-1.1977444256273973e+08	6.9900341510202391e-01	-2.9407419680859814e-04	2.8949626656917490e+03	6.9944084516524518e-01	2.5754481357349173e+00	5.9831805743484356e-01	8.1417603745505895e-01	0.0000000000000000e+00	0.0000000000000000e+00	
1.0014175884526018e+00	1.2100446314384907e+00	-6.9879792794087271e-04	1.2908331653079996e-01	5.2500000000000002e-01	0.0000000000000000e+00	6.2881053419974595e+07	-3.6313660417947292e+04	-1.1977345505809610e+08	7.0229992888292159e-01	-2.9613374962843351e-04	2.8949626656917490e+03	7.0273735242162050e-01	2.5754481357349173e+00	5.9831805743484356e-01	8.1417603745505895e-01	0.0000000000000000e+00	0.0000000000000000e+00	
1.0028351769052035e+00	1.2100446314384907e+00	-6.9879792794087271e-04	1.2908331653079996e-01	5.2500000000000002e-01	0.0000000000000000e+00	6.2881053419974595e+07	-3.6313660417947292e+04	-1.1977345505809610e+08	7.0229992888292159e-01	-2.9613374962843351e-04	2.8949626656917490e+03	7.0273735242162050e-01	2.5754481357349173e+00	5.9831805743484356e-01	8.1417603745505895e-01	0.0000000000000000e+00	0.0000000000000000e+00	
1.0042527653578055e+00	1.2000047032137016e+00	-6.4199413712952443e-04	1.2882838065211652e-01	5.2500000000000002e-01	0.0000000000000000e+00	6.2880200988492101e+07	-3.3640468464854814e+04	-1.1977182854704632e+08	7.0557216041432302e-01	-2.9800478872106891e-04	2.8949626656917490e+03	7.0600957866241953e-01	2.5754481357349173e+00	5.9831805743484356e-01	8.1417603745505895e-01	0.0000000000000000e+00	0.0000000000000000e+00	
1.0056703538104073e+00	1.2000047032137016e+00	-6.4199413712952443e-04	1.2882838065211652e-01	5.2500000000000002e-01	0.0000000000000000e+00	6.2880200988492101e+07	-3.3640468464854814e+04	-1.1977182854704632e+08	7.0557216041432302e-01	-2.9800478872106891e-04	2.8949626656917490e+03	7.0600957866241953e-01	2.5754481357349173e+00	5.9831805743484356e-01	8.1417603745505895e-01	0.0000000000000000e+00	0.0000000000000000e+00	
1.0070879422630092e+00	1.1902042955627541e+00	-5.8929415095704913e-04	1.2839244382847334e-01	5.2500000000000002e-01	0.0000000000000000e+00	6.2879608217129439e+07	-3.1132962193944193e+04	-1.1977069699887182e+08	7.0882016030219430e-01	-2.9968773114185488e-04	2.8949626656917490e+03	7.0925757433198811e-01	2.5754481357349173e+00	5.9831805743484356e-01	8.1417603745505895e-01	0.0000000000000000e+00	0.0000000000000000e+00	
1.0085055307156110e+00	1.1902042955627541e+00	-5.8929415095704913e-04	1.2839244382847334e-01	5.2500000000000002e-01	0.0000000000000000e+00	6.2879608217129439e+07	-3.1132962193944193e+04	-1.1977069699887182e+08	7.0882016030219430e-01	-2.9968773114185488e-04	2.8949626656917490e+03	7.0925757433198811e-01	2.5754481357349173e+00	5.9831805743484356e-01	8.1417603745505895e-01	0.0000000000000000e+00	0.0000000000000000e+00	
1.0099231191682130e+00	1.1805236229709790e+00	-5.4235542733216348e-04	1.2783032605914729e-01	5.2500000000000002e-01	0.0000000000000000e+00	6.2879401498670697e+07	-2.8888015459086339e+04	-1.1977030120862356e+08	7.1204402527478627e-01	-3.0118649122669376e-04	2.8949626656917490e+03	7.1248143595216884e-01	2.5754481357349173e+00	5.9831805743484356e-01	8.1417603745505895e-01	0.0000000000000000e+00	0.0000000000000000e+00	
1.0113407076208147e+00	1.1805236229709790e+00	-5.4235542733216348e-04	1.2783032605914729e-01	5.2500000000000002e-01	0.0000000000000000e+00	6.2879401498670697e+07	-2.8888015459086339e+04	-1.1977030120862356e+08	7.1204402527478627e-01	-3.0118649122669376e-04	2.8949626656917490e+03	7.1248143595216884e-01	2.5754481357349173e+00	5.9831805743484356e-01	8.1417603745505895e-01	0.0000000000000000e+00	0.0000000000000000e+00	
1.0127582960734167e+00	1.1710571381370496e+00	-5.0450464556821013e-04	1.2712922709178434e-01	5.2500000000000002e-01	0.0000000000000000e+00	6.2879330993627898e+07	-2.7089126194962697e+04	-1.1977016538814938e+08	7.1524417031991594e-01	-3.0251547925291410e-04	2.8949626656917490e+03	7.1568157825023981e-01	2.5754481357349173e+00	5.9831805743484356e-01	8.1417603745505895e-01	0.0000000000000000e+00	0.0000000000000000e+00	
1.0141758845260185e+00	1.1710571381370496e+00	-5.0450464556821013e-04	1.2712922709178434e-01	5.2500000000000002e-01	0.0000000000000000e+00	6.2879330993627898e+07	-2.7089126194962697e+04	-1.1977016538814938e+08	7.1524417031991594e-01	-3.0251547925291410e-04	2.8949626656917490e+03	7.1568157825023981e-01	2.5754481357349173e+00	5.9831805743484356e-01	8.1417603745505895e-01	0.0000000000000000e+00	0.0000000000000000e+00	
1.0155934729786205e+00	1.1617989983219623e+00	-4.7834845204752655e-04	1.2630478292862823e-01	5.2500000000000002e-01	0.0000000000000000e+00	6.2879463113458842e+07	-2.5889412789429160e+04	-1.1977041608227271e+08	7.1842107823321533e-01	-3.0369936552713400e-04	2.8949626656917490e+03	7.1885848378115202e-01	2.5754481357349173e+00	5.9831805743484356e-01	8.1417603745505895e-01	0.0000000000000000e+00	0.0000000000000000e+00	
1.0170110614312222e+00	1.1617989983219623e+00	-4.7834845204752655e-04	1.2630478292862823e-01	5.2500000000000002e-01	0.0000000000000000e+00	6.2879463113458842e+07	-2.5889412789429160e+04	-1.1977041608227271e+08	7.1842107823321533e-01	-3.0369936552713400e-04	2.8949626656917490e+03	7.1885848378115202e-01	2.5754481357349173e+00	5.9831805743484356e-01	8.1417603745505895e-01	0.0000000000000000e+00	0.0000000000000000e+00	
1.0184286498838242e+00	1.1527418953361284e+00	-4.6455078878533858e-04	1.2536723107815820e-01	5.2500000000000002e-01	0.0000000000000000e+00	6.2879797379197255e+07	-2.5340329512922563e+04	-1.1977105235281397e+08	7.2157529462025194e-01	-3.0476916680123573e-04	2.8949626656917490e+03	7.2201269797843481e-01	2.5754481357349173e+00	5.9831805743484356e-01	8.1417603745505895e-01	0.0000000000000000e+00	0.0000000000000000e+00	
1.0198462383364260e+00	1.1527418953361284e+00	-4.6455078878533858e-04	1.2536723107815820e-01	5.2500000000000002e-01	0.0000000000000000e+00	6.2879797379197255e+07	-2.5340329512922563e+04	-1.1977105235281397e+08	7.2157529462025194e-01	-3.0476916680123573e-04	2.8949626656917490e+03	7.2201269797843481e-01	2.5754481357349173e+00	5.9831805743484356e-01	8.1417603745505895e-01	0.0000000000000000e+00	0.0000000000000000e+00	
1.0212638267890279e+00	1.1438405382751144e+00	-4.6221701259215525e-04	1.2432906336811628e-01	5.2500000000000002e-01	0.0000000000000000e+00	6.2880355542297013e+07	-2.5409459725322886e+04	-1.1977211557367381e+08	7.2470729864839301e-01	-3.0575772218696353e-04	2.8949626656917490e+03	7.2514469991259900e-01	2.5754481357349173e+00	5.9831805743484356e-01	8.1417603745505895e-01	0.0000000000000000e+00	0.0000000000000000e+00	
1.0226814152416297e+00	1.1438405382751144e+00	-4.6221701259215525e-04	1.2432906336811628e-01	5.2500000000000002e-01	0.0000000000000000e+00	6.2880355542297013e+07	-2.5409459725322886e+04	-1.1977211557367381e+08	7.2470729864839301e-01	-3.0575772218696353e-04	2.8949626656917490e+03	7.2514469991259900e-01	2.5754481357349173e+00	5.9831805743484356e-01	8.1417603745505895e-01	0.0000000000000000e+00	0.0000000000000000e+00	
1.0240990036942317e+00	1.1350474867890077e+00	-4.7026221073719776e-04	1.2319925752382671e-01	5.2500000000000002e-01	0.0000000000000000e+00	6.2881137248706222e+07	-2.6052322004517668e+04	-1.1977360503920500e+08	7.2781744659490288e-01	-3.0669767416618857e-04	2.8949626656917490e+03	7.2825484583333999e-01	2.5754481357349173e+00	5.9831805743484356e-01	8.1417603745505895e-01	0.0000000000000000e+00	0.0000000000000000e+00	
1.0255165921468334e+00	1.1350474867890077e+00	-4.7026221073719776e-04	1.2319925752382671e-01	5.2500000000000002e-01	0.0000000000000000e+00	6.2881137248706222e+07	-2.6052322004517668e+04	-1.1977360503920500e+08	7.2781744659490288e-01	-3.0669767416618857e-04	2.8949626656917490e+03	7.2825484583333999e-01	2.5754481357349173e+00	5.9831805743484356e-01	8.1417603745505895e-01	0.0000000000000000e+00	0.0000000000000000e+00	
1.0269341805994354e+00	1.1263132658563271e+00	-4.8731372823418483e-04	1.2198670111635579e-01	5.2500000000000002e-01	0.0000000000000000e+00	6.2882135442296378e+07	-2.7206753920646181e+04	-1.1977550729137099e+08	7.3090591971778229e-01	-3.0761960892595352e-04	2.8949626656917490e+03	7.3134331702481614e-01	2.5754481357349173e+00	5.9831805743484356e-01	8.1417603745505895e-01	0.0000000000000000e+00	0.0000000000000000e+00	
1.0283517690520372e+00	1.1263132658563271e+00	-4.8731372823418483e-04	1.2198670111635579e-01	5.2500000000000002e-01	0.0000000000000000e+00	6.2882135442296378e+07	-2.7206753920646181e+04	-1.1977550729137099e+08	7.3090591971778229e-01	-3.0761960892595352e-04	2.8949626656917490e+03	7.3134331702481614e-01	2.5754481357349173e+00	5.9831805743484356e-01	8.1417603745505895e-01	0.0000000000000000e+00	0.0000000000000000e+00	
1.0297693575046392e+00	1.1176203273453216e+00	-5.1057587148861390e-04	1.2069956526225779e-01	5.2500000000000002e-01	0.0000000000000000e+00	6.2883318219435692e+07	-2.8727738943552569e+04	-1.1977776148848335e+08	7.3397281266872905e-01	-3.0854737358743806e-04	2.8949626656917490e+03	7.3441020818241254e-01	2.5754481357349173e+00	5.9831805743484356e-01	8.1417603745505895e-01	0.0000000000000000e+00	0.0000000000000000e+00	
1.0311869459572409e+00	1.1176203273453216e+00	-5.1057587148861390e-04	1.2069956526225779e-01	5.2500000000000002e-01	0.0000000000000000e+00	6.2883318219435692e+07	-2.8727738943552569e+04	-1.1977776148848335e+08	7.3397281266872905e-01	-3.0854737358743806e-04	2.8949626656917490e+03	7.3441020818241254e-01	2.5754481357349173e+00	5.9831805743484356e-01	8.1417603745505895e-01	0.0000000000000000e+00	0.0000000000000000e+00	
1.0326045344098429e+00	1.1089846079816490e+00	-5.3617647407825058e-04	1.1934323832390098e-01	5.2500000000000002e-01	0.0000000000000000e+00	6.2884634377560511e+07	-3.0403723632941848e+04	-1.1978026995698902e+08	7.3701823167649971e-01	-3.0949560476924371e-04	2.8949626656917490e+03	7.3745562557485655e-01	2.5754481357349173e+00	5.9831805743484356e-01	8.1417603745505895e-01	0.0000000000000000e+00	0.0000000000000000e+00	
1.0340221228624447e+00	1.1089846079816490e+00	-5.3617647407825058e-04	1.1934323832390098e-01	5.2500000000000002e-01	0.0000000000000000e+00	6.2884634377560511e+07	-3.0403723632941848e+04	-1.1978026995698902e+08	7.3701823167649971e-01	-3.0949560476924371e-04	2.8949626656917490e+03	7.3745562557485655e-01	2.5754481357349173e+00	5.9831805743484356e-01	8.1417603745505895e-01	0.0000000000000000e+00	0.0000000000000000e+00	
1.0354397113150466e+00	1.1004266007084582e+00	-5.6030292650047101e-04	1.1792089167720597e-01	5.2500000000000002e-01	0.0000000000000000e+00	6.2886036885908797e+07	-3.2019609922648866e+04	-1.1978294292876562e+08	7.4004231687206889e-01	-3.1047021704190797e-04	2.8949626656917490e+03	7.4047970936904761e-01	2.5754481357349173e+00	5.9831805743484356e-01	8.1417603745505895e-01	0.0000000000000000e+00	0.0000000000000000e+00	
1.0368572997676484e+00	1.1004266007084582e+00	-5.6030292650047101e-04	1.1792089167720597e-01	5.2500000000000002e-01	0.0000000000000000e+00	6.2886036885908797e+07	-3.2019609922648866e+04	-1.1978294292876562e+08	7.4004231687206889e-01	-3.1047021704190797e-04	2.8949626656917490e+03	7.4047970936904761e-01	2.5754481357349173e+00	5.9831805743484356e-01	8.1417603745505895e-01	0.0000000000000000e+00	0.0000000000000000e+00	
1.0382748882202504e+00	1.0919533216786781e+00	-5.7991873469176610e-04	1.1643230676650074e-01	5.2500000000000002e-01	0.0000000000000000e+00	6.2887493079608575e+07	-3.3398529672127755e+04	-1.1978571799679466e+08	7.4304521476501317e-01	-3.1146963367015772e-04	2.8949626656917490e+03	7.4348260610646477e-01	2.5754481357349173e+00	5.9831805743484356e-01	8.1417603745505895e-01	0.0000000000000000e+00	0.0000000000000000e+00	
1.0396924766728521e+00	1.0919533216786781e+00	-5.7991873469176610e-04	1.1643230676650074e-01	5.2500000000000002e-01	0.0000000000000000e+00	6.2887493079608575e+07	-3.3398529672127755e+04	-1.1978571799679466e+08	7.4304521476501317e-01	-3.1146963367015772e-04	2.8949626656917490e+03	7.4348260610646477e-01	2.5754481357349173e+00	5.9831805743484356e-01	8.1417603745505895e-01	0.0000000000000000e+00	0.0000000000000000e+00	
1.0411100651254541e+00	1.0835540145210592e+00	-5.9277135005640408e-04	1.1487565786220967e-01	5.2500000000000002e-01	0.0000000000000000e+00	6.2888995872092307e+07	-3.4404187043014448e+04	-1.1978858149086715e+08	7.4602702896365936e-01	-3.1248554712241122e-04	2.8949626656917490e+03	7.4646441942354380e-01	2.5754481357349173e+00	5.9831805743484356e-01	8.1417603745505895e-01	0.0000000000000000e+00	0.0000000000000000e+00	
1.0425276535780559e+00	1.0835540145210592e+00	-5.9277135005640408e-04	1.1487565786220967e-01	5.2500000000000002e-01	0.0000000000000000e+00	6.2888995872092307e+07	-3.4404187043014448e+04	-1.1978858149086715e+08	7.4602702896365936e-01	-3.1248554712241122e-04	2.8949626656917490e+03	7.4646441942354380e-01	2.5754481357349173e+00	5.9831805743484356e-01	8.1417603745505895e-01	0.0000000000000000e+00	0.0000000000000000e+00	
1.0439452420306579e+00	1.0751958877851187e+00	-5.9775737142440531e-04	1.1324992087987924e-01	5.2500000000000002e-01	0.0000000000000000e+00	6.2890567896942124e+07	-3.4964140935197982e+04	-1.1979157641168478e+08	7.4898774436643700e-01	-3.1350532852516763e-04	2.8949626656917490e+03	7.4942513424418067e-01	2.5754481357349173e+00	5.9831805743484356e-01	8.1417603745505895e-01	0.0000000000000000e+00	0.0000000000000000e+00	
1.0453628304832596e+00	1.0751958877851187e+00	-5.9775737142440531e-04	1.1324992087987924e-01	5.2500000000000002e-01	0.0000000000000000e+00	6.2890567896942124e+07	-3.4964140935197982e+04	-1.1979157641168478e+08	7.4898774436643700e-01	-3.1350532852516763e-04	2.8949626656917490e+03	7.4942513424418067e-01	2.5754481357349173e+00	5.9831805743484356e-01	8.1417603745505895e-01	0.0000000000000000e+00	0.0000000000000000e+00	
1.0467804189358616e+00	1.0668380314469892e+00	-5.9445061623840498e-04	1.1155781932145997e-01	5.2500000000000002e-01	0.0000000000000000e+00	6.2892255561314330e+07	-3.5044063834449291e+04	-1.1979479109472150e+08	7.5192722565720638e-01	-3.1451415292296889e-04	2.8949626656917490e+03	7.5236461527109899e-01	2.5754481357349173e+00	5.9831805743484356e-01	8.1417603745505895e-01	0.0000000000000000e+00	0.0000000000000000e+00	
1.0481980073884634e+00	1.0668380314469892e+00	-5.9445061623840498e-04	1.1155781932145997e-01	5.2500000000000002e-01	0.0000000000000000e+00	6.2892255561314330e+07	-3.5044063834449291e+04	-1.1979479109472150e+08	7.5192722565720638e-01	-3.1451415292296889e-04	2.8949626656917490e+03	7.5236461527109899e-01	2.5754481357349173e+00	5.9831805743484356e-01	8.1417603745505895e-01	0.0000000000000000e+00	0.0000000000000000e+00	
1.0496155958410653e+00	1.0584560960939113e+00	-5.8297695183714938e-04	1.0980467278401784e-01	5.2500000000000002e-01	0.0000000000000000e+00	6.2894107100166656e+07	-3.4640846210895943e+04	-1.1979831740936534e+08	7.5484525474491904e-01	-3.1549675071230944e-04	2.8949626656917490e+03	7.5528264441578719e-01	2.5754481357349173e+00	5.9831805743484356e-01	8.1417603745505895e-01	0.0000000000000000e+00	0.0000000000000000e+00	
1.0510331842936671e+00	1.0584560960939113e+00	-5.8297695183714938e-04	1.0980467278401784e-01	5.2500000000000002e-01	0.0000000000000000e+00	6.2894107100166656e+07	-3.4640846210895943e+04	-1.1979831740936534e+08	7.5484525474491904e-01	-3.1549675071230944e-04	2.8949626656917490e+03	7.5528264441578719e-01	2.5754481357349173e+00	5.9831805743484356e-01	8.1417603745505895e-01	0.0000000000000000e+00	0.0000000000000000e+00	
1.0524507727462691e+00	1.0500513148096202e+00	-5.6409073720752165e-04	1.0799636563702826e-01	5.2500000000000002e-01	0.0000000000000000e+00	6.2896157317724176e+07	-3.3788005641712676e+04	-1.1980222170139590e+08	7.5774160341020036e-01	-3.1643870225101628e-04	2.8949626656917490e+03	7.5817899343905615e-01	2.5754481357349173e+00	5.9831805743484356e-01	8.1417603745505895e-01	0.0000000000000000e+00	0.0000000000000000e+00	
1.0538683611988708e+00	1.0500513148096202e+00	-5.6409073720752165e-04	1.0799636563702826e-01	5.2500000000000002e-01	0.0000000000000000e+00	6.2896157317724176e+07	-3.3788005641712676e+04	-1.1980222170139590e+08	7.5774160341020036e-01	-3.1643870225101628e-04	2.8949626656917490e+03	7.5817899343905615e-01	2.5754481357349173e+00	5.9831805743484356e-01	8.1417603745505895e-01	0.0000000000000000e+00	0.0000000000000000e+00	
1.0552859496514728e+00	1.0416531467866812e+00	-5.3902777758382987e-04	1.0613758813763918e-01	5.2500000000000002e-01	0.0000000000000000e+00	6.2898423061856158e+07	-3.2548259755320461e+04	-1.1980653615863739e+08	7.6061611472051494e-01	-3.1732770865279883e-04	2.8949626656917490e+03	7.6105350536895489e-01	2.5754481357349173e+00	5.9831805743484356e-01	8.1417603745505895e-01	0.0000000000000000e+00	0.0000000000000000e+00	
1.0567035381040746e+00	1.0416531467866812e+00	-5.3902777758382987e-04	1.0613758813763918e-01	5.2500000000000002e-01	0.0000000000000000e+00	6.2898423061856158e+07	-3.2548259755320461e+04	-1.1980653615863739e+08	7.6061611472051494e-01	-3.1732770865279883e-04	2.8949626656917490e+03	7.6105350536895489e-01	2.5754481357349173e+00	5.9831805743484356e-01	8.1417603745505895e-01	0.0000000000000000e+00	0.0000000000000000e+00	
1.0581211265566766e+00	1.0332950484205521e+00	-5.0918234524412632e-04	1.0423220043264583e-01	5.2500000000000002e-01	0.0000000000000000e+00	6.2900909303434744e+07	-3.0996018577721501e+04	-1.1981127036280279e+08	7.6346873573455232e-01	-3.1815453031053205e-04	2.8949626656917490e+03	7.6390612720457363e-01	2.5754481357349173e+00	5.9831805743484356e-01	8.1417603745505895e-01	0.0000000000000000e+00	0.0000000000000000e+00	
1.0595387150092783e+00	1.0332950484205521e+00	-5.0918234524412632e-04	1.0423220043264583e-01	5.2500000000000002e-01	0.0000000000000000e+00	6.2900909303434744e+07	-3.0996018577721501e+04	-1.1981127036280279e+08	7.6346873573455232e-01	-3.1815453031053205e-04	2.8949626656917490e+03	7.6390612720457363e-01	2.5754481357349173e+00	5.9831805743484356e-01	8.1417603745505895e-01	0.0000000000000000e+00	0.0000000000000000e+00	
1.0609563034618803e+00	1.0249967110509459e+00	-4.7593638193311566e-04	1.0228294235755282e-01	5.2500000000000002e-01	0.0000000000000000e+00	6.2903605693690985e+07	-2.9208010310302914e+04	-1.1981640471383516e+08	7.6629947383938812e-01	-3.1891405583343532e-04	2.8949626656917490e+03	7.6673686625104709e-01	2.5754481357349173e+00	5.9831805743484356e-01	8.1417603745505895e-01	0.0000000000000000e+00	0.0000000000000000e+00	
1.0623738919144821e+00	1.0249967110509459e+00	-4.7593638193311566e-04	1.0228294235755282e-01	5.2500000000000002e-01	0.0000000000000000e+00	6.2903605693690985e+07	-2.9208010310302914e+04	-1.1981640471383516e+08	7.6629947383938812e-01	-3.1891405583343532e-04	2.8949626656917490e+03	7.6673686625104709e-01	2.5754481357349173e+00	5.9831805743484356e-01	8.1417603745505895e-01	0.0000000000000000e+00	0.0000000000000000e+00	
1.0637914803670840e+00	1.0167801465888706e+00	-4.4057198729109117e-04	1.0029259702616632e-01	5.2500000000000002e-01	0.0000000000000000e+00	6.2906489544316530e+07	-2.7257453054157722e+04	-1.1982189609458831e+08	7.6910838246450297e-01	-3.1960516351718285e-04	2.8949626656917490e+03	7.6954577583618022e-01	2.5754481357349173e+00	5.9831805743484356e-01	8.1417603745505895e-01	0.0000000000000000e+00	0.0000000000000000e+00	
1.0652090688196858e+00	1.0167801465888706e+00	-4.4057198729109117e-04	1.0029259702616632e-01	5.2500000000000002e-01	0.0000000000000000e+00	6.2906489544316530e+07	-2.7257453054157722e+04	-1.1982189609458831e+08	7.6910838246450297e-01	-3.1960516351718285e-04	2.8949626656917490e+03	7.6954577583618022e-01	2.5754481357349173e+00	5.9831805743484356e-01	8.1417603745505895e-01	0.0000000000000000e+00	0.0000000000000000e+00	
1.0666266572722878e+00	1.0086737645293022e+00	-4.0378966739004611e-04	9.8264575571090459e-02	5.2500000000000002e-01	0.0000000000000000e+00	6.2909521496403620e+07	-2.5183776612405243e+04	-1.1982766959458193e+08	7.7189556706734752e-01	-3.2022911814085186e-04	2.8949626656917490e+03	7.7233296130190543e-01	2.5754481357349173e+00	5.9831805743484356e-01	8.1417603745505895e-01	0.0000000000000000e+00	0.0000000000000000e+00	
1.0680442457248895e+00	1.0086737645293022e+00	-4.0378966739004611e-04	9.8264575571090459e-02	5.2500000000000002e-01	0.0000000000000000e+00	6.2909521496403620e+07	-2.5183776612405243e+04	-1.1982766959458193e+08	7.7189556706734752e-01	-3.2022911814085186e-04	2.8949626656917490e+03	7.7233296130190543e-01	2.5754481357349173e+00	5.9831805743484356e-01	8.1417603745505895e-01	0.0000000000000000e+00	0.0000000000000000e+00	
1.0694618341774915e+00	1.0007120021970075e+00	-3.6560650968063470e-04	9.6203930927568793e-02	5.2500000000000002e-01	0.0000000000000000e+00	6.2912660040948324e+07	-2.2984912743923756e+04	-1.1983364617081054e+08	7.7466119439271941e-01	-3.2078746924481613e-04	2.8949626656917490e+03	7.7509858927606612e-01	2.5754481357349173e+00	5.9831805743484356e-01	8.1417603745505895e-01	0.0000000000000000e+00	0.0000000000000000e+00	
1.0708794226300933e+00	1.0007120021970075e+00	-3.6560650968063470e-04	9.6203930927568793e-02	5.2500000000000002e-01	0.0000000000000000e+00	6.2912660040948324e+07	-2.2984912743923756e+04	-1.1983364617081054e+08	7.7466119439271941e-01	-3.2078746924481613e-04	2.8949626656917490e+03	7.7509858927606612e-01	2.5754481357349173e+00	5.9831805743484356e-01	8.1417603745505895e-01	0.0000000000000000e+00	0.0000000000000000e+00	
1.0722970110826953e+00	9.9293843594770248e-01	-3.2550812751863634e-04	9.4115988352834773e-02	5.2500000000000002e-01	0.0000000000000000e+00	6.2915858195801780e+07	-2.0625269856732753e+04	-1.1983973633623111e+08	7.7740550777352746e-01	-3.2128043729722817e-04	2.8949626656917490e+03	7.7784290299283920e-01	2.5754481357349173e+00	5.9831805743484356e-01	8.1417603745505895e-01	0.0000000000000000e+00	0.0000000000000000e+00	
1.0737145995352970e+00	9.9293843594770248e-01	-3.2550812751863634e-04	9.4115988352834773e-02	5.2500000000000002e-01	0.0000000000000000e+00	6.2915858195801780e+07	-2.0625269856732753e+04	-1.1983973633623111e+08	7.7740550777352746e-01	-3.2128043729722817e-04	2.8949626656917490e+03	7.7784290299283920e-01	2.5754481357349173e+00	5.9831805743484356e-01	8.1417603745505895e-01	0.0000000000000000e+00	0.0000000000000000e+00	
1.0751321879878990e+00	9.8540322052199369e-01	-2.8276448806386170e-04	9.2007741022246833e-02	5.2500000000000002e-01	0.0000000000000000e+00	6.2919079205659315e+07	-1.8054823498154743e+04	-1.1984587008781496e+08	7.8012886048832064e-01	-3.2170618012311710e-04	2.8949626656917490e+03	7.8056625567147486e-01	2.5754481357349173e+00	5.9831805743484356e-01	8.1417603745505895e-01	0.0000000000000000e+00	0.0000000000000000e+00	
1.0765497764405008e+00	9.8540322052199369e-01	-2.8276448806386170e-04	9.2007741022246833e-02	5.2500000000000002e-01	0.0000000000000000e+00	6.2919079205659315e+07	-1.8054823498154743e+04	-1.1984587008781496e+08	7.8012886048832064e-01	-3.2170618012311710e-04	2.8949626656917490e+03	7.8056625567147486e-01	2.5754481357349173e+00	5.9831805743484356e-01	8.1417603745505895e-01	0.0000000000000000e+00	0.0000000000000000e+00	
1.0779673648931027e+00	9.7815770551708103e-01	-2.3676686178218895e-04	8.9885754566395262e-02	5.2500000000000002e-01	0.0000000000000000e+00	6.2922281435150698e+07	-1.5230581968069111e+04	-1.1985196814945018e+08	7.8283173254764893e-01	-3.2206083131460910e-04	2.8949626656917490e+03	7.8326912731573795e-01	2.5754481357349173e+00	5.9831805743484356e-01	8.1417603745505895e-01	0.0000000000000000e+00	0.0000000000000000e+00	
1.0793849533457045e+00	9.7815770551708103e-01	-2.3676686178218895e-04	8.9885754566395262e-02	5.2500000000000002e-01	0.0000000000000000e+00	6.2922281435150698e+07	-1.5230581968069111e+04	-1.1985196814945018e+08	7.8283173254764893e-01	-3.2206083131460910e-04	2.8949626656917490e+03	7.8326912731573795e-01	2.5754481357349173e+00	5.9831805743484356e-01	8.1417603745505895e-01	0.0000000000000000e+00	0.0000000000000000e+00	
1.0808025417983065e+00	9.7124511877172159e-01	-1.8738600796141955e-04	8.7757643758421086e-02	5.2500000000000002e-01	0.0000000000000000e+00	6.2925433994164802e+07	-1.2140442868138351e+04	-1.1985797174345838e+08	7.8551473934086369e-01	-3.2233907247637846e-04	2.8949626656917490e+03	7.8595213336009506e-01	2.5754481357349173e+00	5.9831805743484356e-01	8.1417603745505895e-01	0.0000000000000000e+00	0.0000000000000000e+00	
1.0822201302509082e+00	9.7124511877172159e-01	-1.8738600796141955e-04	8.7757643758421086e-02	5.2500000000000002e-01	0.0000000000000000e+00	6.2925433994164802e+07	-1.2140442868138351e+04	-1.1985797174345838e+08	7.8551473934086369e-01	-3.2233907247637846e-04	2.8949626656917490e+03	7.8595213336009506e-01	2.5754481357349173e+00	5.9831805743484356e-01	8.1417603745505895e-01	0.0000000000000000e+00	0.0000000000000000e+00	
1.0836377187035102e+00	9.6470428976380695e-01	-1.3495250397263406e-04	8.5630260493025828e-02	5.2500000000000002e-01	0.0000000000000000e+00	6.2928504656204186e+07	-8.8030698782189120e+03	-1.1986381956559047e+08	7.8817862325226307e-01	-3.2253494180259232e-04	2.8949626656917490e+03	7.8861601627593958e-01	2.5754481357349173e+00	5.9831805743484356e-01	8.1417603745505895e-01	0.0000000000000000e+00	0.0000000000000000e+00	
1.0850553071561120e+00	9.6470428976380695e-01	-1.3495250397263406e-04	8.5630260493025828e-02	5.2500000000000002e-01	0.0000000000000000e+00	6.2928504656204186e+07	-8.8030698782189120e+03	-1.1986381956559047e+08	7.8817862325226307e-01	-3.2253494180259232e-04	2.8949626656917490e+03	7.8861601627593958e-01	2.5754481357349173e+00	5.9831805743484356e-01	8.1417603745505895e-01	0.0000000000000000e+00	0.0000000000000000e+00	
1.0864728956087140e+00	9.5855449859467767e-01	-8.0390167613497620e-05	8.3511325946118015e-02	5.2500000000000002e-01	0.0000000000000000e+00	6.2931479336058542e+07	-5.2778138117427161e+03	-1.1986948487118705e+08	7.9082422324485047e-01	-3.2264293829466038e-04	2.8949626656917490e+03	7.9126161513382609e-01	2.5754481357349173e+00	5.9831805743484356e-01	8.1417603745505895e-01	0.0000000000000000e+00	0.0000000000000000e+00	
1.0878904840613157e+00	9.5855449859467767e-01	-8.0390167613497620e-05	8.3511325946118015e-02	5.2500000000000002e-01	0.0000000000000000e+00	6.2931479336058542e+07	-5.2778138117427161e+03	-1.1986948487118705e+08	7.9082422324485047e-01	-3.2264293829466038e-04	2.8949626656917490e+03	7.9126161513382609e-01	2.5754481357349173e+00	5.9831805743484356e-01	8.1417603745505895e-01	0.0000000000000000e+00	0.0000000000000000e+00	
1.0893080725139177e+00	9.5280444596515412e-01	-2.4988081587493630e-05	8.1406947072177729e-02	5.2500000000000002e-01	0.0000000000000000e+00	6.2934343033430725e+07	-1.6505049961030415e+03	-1.1987493915252122e+08	7.9345245761675887e-01	-3.2265886285273406e-04	2.8949626656917490e+03	7.9388984834618970e-01	2.5754481357349173e+00	5.9831805743484356e-01	8.1417603745505895e-01	0.0000000000000000e+00	0.0000000000000000e+00	
1.0907256609665195e+00	9.5280444596515412e-01	-2.4988081587493630e-05	8.1406947072177729e-02	5.2500000000000002e-01	0.0000000000000000e+00	6.2934343033430725e+07	-1.6505049961030415e+03	-1.1987493915252122e+08	7.9345245761675887e-01	-3.2265886285273406e-04	2.8949626656917490e+03	7.9388984834618970e-01	2.5754481357349173e+00	5.9831805743484356e-01	8.1417603745505895e-01	0.0000000000000000e+00	0.0000000000000000e+00	
1.0921432494191214e+00	9.4744028681483894e-01	2.9525956554624791e-05	7.9323657011402551e-02	5.2500000000000002e-01	0.0000000000000000e+00	6.2937100669164747e+07	1.9613669862816109e+03	-1.1988019180900322e+08	7.9606427490160914e-01	-3.2258078944396158e-04	2.8949626656917490e+03	7.9650166455139426e-01	2.5754481357349173e+00	5.9831805743484356e-01	8.1417603745505895e-01	0.0000000000000000e+00	0.0000000000000000e+00	
1.0935608378717232e+00	9.4744028681483894e-01	2.9525956554624791e-05	7.9323657011402551e-02	5.2500000000000002e-01	0.0000000000000000e+00	6.2937100669164747e+07	1.9613669862816109e+03	-1.1988019180900322e+08	7.9606427490160914e-01	-3.2258078944396158e-04	2.8949626656917490e+03	7.9650166455139426e-01	2.5754481357349173e+00	5.9831805743484356e-01	8.1417603745505895e-01	0.0000000000000000e+00	0.0000000000000000e+00	
1.0949784263243252e+00	9.4242613470110459e-01	8.1275970076796761e-05	7.7266471247745078e-02	5.2500000000000002e-01	0.0000000000000000e+00	6.2939756153813034e+07	5.4280007200995205e+03	-1.1988525026261276e+08	7.9866060193015553e-01	-3.2241003263491243e-04	2.8949626656917490e+03	7.9909799065792642e-01	2.5754481357349173e+00	5.9831805743484356e-01	8.1417603745505895e-01	0.0000000000000000e+00	0.0000000000000000e+00	
1.0963960147769269e+00	9.4242613470110459e-01	8.1275970076796761e-05	7.7266471247745078e-02	5.2500000000000002e-01	0.0000000000000000e+00	6.2939756153813034e+07	5.4280007200995205e+03	-1.1988525026261276e+08	7.9866060193015553e-01	-3.2241003263491243e-04	2.8949626656917490e+03	7.9909799065792642e-01	2.5754481357349173e+00	5.9831805743484356e-01	8.1417603745505895e-01	0.0000000000000000e+00	0.0000000000000000e+00	
1.0978136032295289e+00	9.3770950841504996e-01	1.2827906743159232e-04	7.5241222757152351e-02	5.2500000000000002e-01	0.0000000000000000e+00	6.2942325064788647e+07	8.6105373666675223e+03	-1.1989014410238335e+08	8.0124229840578653e-01	-3.2215177396944497e-04	2.8949626656917490e+03	8.0167968640727616e-01	2.5754481357349173e+00	5.9831805743484356e-01	8.1417603745505895e-01	0.0000000000000000e+00	0.0000000000000000e+00	
1.0992311916821307e+00	9.3770950841504996e-01	1.2827906743159232e-04	7.5241222757152351e-02	5.2500000000000002e-01	0.0000000000000000e+00	6.2942325064788647e+07	8.6105373666675223e+03	-1.1989014410238335e+08	8.0124229840578653e-01	-3.2215177396944497e-04	2.8949626656917490e+03	8.0167968640727616e-01	2.5754481357349173e+00	5.9831805743484356e-01	8.1417603745505895e-01	0.0000000000000000e+00	0.0000000000000000e+00	
1.1006487801347327e+00	9.3323467288430650e-01	1.6869179885082954e-04	7.3252253598338160e-02	5.2500000000000002e-01	0.0000000000000000e+00	6.2944809482516274e+07	1.1377923954658661e+04	-1.1989487716353306e+08	8.0381014039603416e-01	-3.2181508283671441e-04	2.8949626656917490e+03	8.0424752785819653e-01	2.5754481357349173e+00	5.9831805743484356e-01	8.1417603745505895e-01	0.0000000000000000e+00	0.0000000000000000e+00	
1.1020663685873344e+00	9.3323467288430650e-01	1.6869179885082954e-04	7.3252253598338160e-02	5.2500000000000002e-01	0.0000000000000000e+00	6.2944809482516274e+07	1.1377923954658661e+04	-1.1989487716353306e+08	8.0381014039603416e-01	-3.2181508283671441e-04	2.8949626656917490e+03	8.0424752785819653e-01	2.5754481357349173e+00	5.9831805743484356e-01	8.1417603745505895e-01	0.0000000000000000e+00	0.0000000000000000e+00	
1.1034839570399364e+00	9.2894087432557237e-01	2.0104312996635973e-04	7.1304325191699977e-02	5.2500000000000002e-01	0.0000000000000000e+00	6.2947216896817952e+07	1.3623154990133709e+04	-1.1989946356379491e+08	8.0636480320687409e-01	-3.2141236790378608e-04	2.8949626656917490e+03	8.0680219026333322e-01	2.5754481357349173e+00	5.9831805743484356e-01	8.1417603745505895e-01	0.0000000000000000e+00	0.0000000000000000e+00	
1.1049015454925382e+00	9.2894087432557237e-01	2.0104312996635973e-04	7.1304325191699977e-02	5.2500000000000002e-01	0.0000000000000000e+00	6.2947216896817952e+07	1.3623154990133709e+04	-1.1989946356379491e+08	8.0636480320687409e-01	-3.2141236790378608e-04	2.8949626656917490e+03	8.0680219026333322e-01	2.5754481357349173e+00	5.9831805743484356e-01	8.1417603745505895e-01	0.0000000000000000e+00	0.0000000000000000e+00	
1.1063191339451401e+00	9.2476747381958979e-01	2.2438615525945024e-04	6.9400368455285841e-02	5.2500000000000002e-01	0.0000000000000000e+00	6.2949541925503381e+07	1.5274116021475549e+04	-1.1990389291155021e+08	8.0890685033786824e-01	-3.2095840658062332e-04	2.8949626656917490e+03	8.0934423703756508e-01	2.5754481357349173e+00	5.9831805743484356e-01	8.1417603745505895e-01	0.0000000000000000e+00	0.0000000000000000e+00	
1.1077367223977419e+00	9.2476747381958979e-01	2.2438615525945024e-04	6.9400368455285841e-02	5.2500000000000002e-01	0.0000000000000000e+00	6.2949541925503381e+07	1.5274116021475549e+04	-1.1990389291155021e+08	8.0890685033786824e-01	-3.2095840658062332e-04	2.8949626656917490e+03	8.0934423703756508e-01	2.5754481357349173e+00	5.9831805743484356e-01	8.1417603745505895e-01	0.0000000000000000e+00	0.0000000000000000e+00	
1.1091543108503439e+00	9.2065778509007201e-01	2.3826014927855405e-04	6.7542030364311542e-02	5.2500000000000002e-01	0.0000000000000000e+00	6.2951781916781954e+07	1.6291505051875542e+04	-1.1990816004733111e+08	8.1143673448281406e-01	-3.2046902178744678e-04	2.8949626656917490e+03	8.1187412077648569e-01	2.5754481357349173e+00	5.9831805743484356e-01	8.1417603745505895e-01	0.0000000000000000e+00	0.0000000000000000e+00	
1.1105718993029456e+00	9.2065778509007201e-01	2.3826014927855405e-04	6.7542030364311542e-02	5.2500000000000002e-01	0.0000000000000000e+00	6.2951781916781954e+07	1.6291505051875542e+04	-1.1990816004733111e+08	8.1143673448281406e-01	-3.2046902178744678e-04	2.8949626656917490e+03	8.1187412077648569e-01	2.5754481357349173e+00	5.9831805743484356e-01	8.1417603745505895e-01	0.0000000000000000e+00	0.0000000000000000e+00	
1.1119894877555476e+00	9.1656354967316511e-01	2.4268676292059534e-04	6.5727445839225226e-02	5.2500000000000002e-01	0.0000000000000000e+00	6.2953926307263091e+07	1.6668876472449057e+04	-1.1991224478866117e+08	8.1395481257390601e-01	-3.1995992526255449e-04	2.8949626656917490e+03	8.1439219831502563e-01	2.5754481357349173e+00	5.9831805743484356e-01	8.1417603745505895e-01	0.0000000000000000e+00	0.0000000000000000e+00	
1.1134070762081494e+00	9.1656354967316511e-01	2.4268676292059534e-04	6.5727445839225226e-02	5.2500000000000002e-01	0.0000000000000000e+00	6.2953926307263091e+07	1.6668876472449057e+04	-1.1991224478866117e+08	8.1395481257390601e-01	-3.1995992526255449e-04	2.8949626656917490e+03	8.1439219831502563e-01	2.5754481357349173e+00	5.9831805743484356e-01	8.1417603745505895e-01	0.0000000000000000e+00	0.0000000000000000e+00	
1.1148246646607514e+00	9.1242788909131312e-01	2.3754593667280920e-04	6.3953952354752819e-02	5.2500000000000002e-01	0.0000000000000000e+00	6.2955977598882526e+07	1.6390266942379963e+04	-1.1991615187132113e+08	8.1646131114701115e-01	-3.1944745281474620e-04	2.8949626656917490e+03	8.1689869610281074e-01	2.5754481357349173e+00	5.9831805743484356e-01	8.1417603745505895e-01	0.0000000000000000e+00	0.0000000000000000e+00	
1.1162422531133531e+00	9.1242788909131312e-01	2.3754593667280920e-04	6.3953952354752819e-02	5.2500000000000002e-01	0.0000000000000000e+00	6.2955977598882526e+07	1.6390266942379963e+04	-1.1991615187132113e+08	8.1646131114701115e-01	-3.1944745281474620e-04	2.8949626656917490e+03	8.1689869610281074e-01	2.5754481357349173e+00	5.9831805743484356e-01	8.1417603745505895e-01	0.0000000000000000e+00	0.0000000000000000e+00	
1.1176598415659551e+00	9.0819368419563384e-01	2.2252456756063701e-04	6.2218004072441199e-02	5.2500000000000002e-01	0.0000000000000000e+00	6.2957935855976082e+07	1.5425880728590906e+04	-1.1991988142055579e+08	8.1895631446392947e-01	-3.1894948695240685e-04	2.8949626656917490e+03	8.1939369834298581e-01	2.5754481357349173e+00	5.9831805743484356e-01	8.1417603745505895e-01	0.0000000000000000e+00	0.0000000000000000e+00	
1.1190774300185569e+00	9.0819368419563384e-01	2.2252456756063701e-04	6.2218004072441199e-02	5.2500000000000002e-01	0.0000000000000000e+00	6.2957935855976082e+07	1.5425880728590906e+04	-1.1991988142055579e+08	8.1895631446392947e-01	-3.1894948695240685e-04	2.8949626656917490e+03	8.1939369834298581e-01	2.5754481357349173e+00	5.9831805743484356e-01	8.1417603745505895e-01	0.0000000000000000e+00	0.0000000000000000e+00	
1.1204950184711588e+00	9.0380293617596452e-01	1.9737478757313545e-04	6.0519048402706409e-02	5.2500000000000002e-01	0.0000000000000000e+00	6.2959815090523243e+07	1.3749324804933476e+04	-1.1992346017491335e+08	8.2143975213522324e-01	-3.1848588836357690e-04	2.8949626656917490e+03	8.2187713463080925e-01	2.5754481357349173e+00	5.9831805743484356e-01	8.1417603745505895e-01	0.0000000000000000e+00	0.0000000000000000e+00	
1.1219126069237606e+00	9.0380293617596452e-01	1.9737478757313545e-04	6.0519048402706409e-02	5.2500000000000002e-01	0.0000000000000000e+00	6.2959815090523243e+07	1.3749324804933476e+04	-1.1992346017491335e+08	8.2143975213522324e-01	-3.1848588836357690e-04	2.8949626656917490e+03	8.2187713463080925e-01	2.5754481357349173e+00	5.9831805743484356e-01	8.1417603745505895e-01	0.0000000000000000e+00	0.0000000000000000e+00	
1.1233301953763626e+00	8.9923812823240334e-01	1.6254477791775623e-04	5.8857565836577724e-02	5.2500000000000002e-01	0.0000000000000000e+00	6.2961617825074568e+07	1.1380836583115190e+04	-1.1992689305460007e+08	8.2391146731105558e-01	-3.1807732210159431e-04	2.8949626656917490e+03	8.2434884815813181e-01	2.5754481357349173e+00	5.9831805743484356e-01	8.1417603745505895e-01	0.0000000000000000e+00	0.0000000000000000e+00	
1.1247477838289643e+00	8.9923812823240334e-01	1.6254477791775623e-04	5.8857565836577724e-02	5.2500000000000002e-01	0.0000000000000000e+00	6.2961617825074568e+07	1.1380836583115190e+04	-1.1992689305460007e+08	8.2391146731105558e-01	-3.1807732210159431e-04	2.8949626656917490e+03	8.2434884815813181e-01	2.5754481357349173e+00	5.9831805743484356e-01	8.1417603745505895e-01	0.0000000000000000e+00	0.0000000000000000e+00	
1.1261653722815663e+00	8.9450979434771793e-01	1.1837375983461008e-04	5.7235004215642205e-02	5.2500000000000002e-01	0.0000000000000000e+00	6.2963351544908017e+07	8.3321710966776009e+03	-1.1993019446899313e+08	8.2637126067967337e-01	-3.1774552770229996e-04	2.8949626656917490e+03	8.2680863971052132e-01	2.5754481357349173e+00	5.9831805743484356e-01	8.1417603745505895e-01	0.0000000000000000e+00	0.0000000000000000e+00	
1.1275829607341681e+00	8.9450979434771793e-01	1.1837375983461008e-04	5.7235004215642205e-02	5.2500000000000002e-01	0.0000000000000000e+00	6.2963351544908017e+07	8.3321710966776009e+03	-1.1993019446899313e+08	8.2637126067967337e-01	-3.1774552770229996e-04	2.8949626656917490e+03	8.2680863971052132e-01	2.5754481357349173e+00	5.9831805743484356e-01	8.1417603745505895e-01	0.0000000000000000e+00	0.0000000000000000e+00	
1.1290005491867701e+00	8.8964702669967333e-01	6.5066725020592692e-05	5.5652030113034413e-02	5.2500000000000002e-01	0.0000000000000000e+00	6.2965013219217733e+07	4.6051153750844314e+03	-1.1993335883356470e+08	8.2881893711866494e-01	-3.1751350408409885e-04	2.8949626656917490e+03	8.2925631430352698e-01	2.5754481357349173e+00	5.9831805743484356e-01	8.1417603745505895e-01	0.0000000000000000e+00	0.0000000000000000e+00	
1.1304181376393718e+00	8.8964702669967333e-01	6.5066725020592692e-05	5.5652030113034413e-02	5.2500000000000002e-01	0.0000000000000000e+00	6.2965013219217733e+07	4.6051153750844314e+03	-1.1993335883356470e+08	8.2881893711866494e-01	-3.1751350408409885e-04	2.8949626656917490e+03	8.2925631430352698e-01	2.5754481357349173e+00	5.9831805743484356e-01	8.1417603745505895e-01	0.0000000000000000e+00	0.0000000000000000e+00	
1.1318357260919738e+00	8.8468313761932893e-01	3.2223349898066610e-06	5.4111381787171113e-02	5.2500000000000002e-01	0.0000000000000000e+00	6.2966611108565368e+07	2.2934710241078923e+02	-1.1993640211234868e+08	8.3125429646556770e-01	-3.1740474813593051e-04	2.8949626656917490e+03	8.3169167192044602e-01	2.5754481357349173e+00	5.9831805743484356e-01	8.1417603745505895e-01	0.0000000000000000e+00	0.0000000000000000e+00	
1.1332533145445756e+00	8.8468313761932893e-01	3.2223349898066610e-06	5.4111381787171113e-02	5.2500000000000002e-01	0.0000000000000000e+00	6.2966611108565368e+07	2.2934710241078923e+02	-1.1993640211234868e+08	8.3125429646556770e-01	-3.1740474813593051e-04	2.8949626656917490e+03	8.3169167192044602e-01	2.5754481357349173e+00	5.9831805743484356e-01	8.1417603745505895e-01	0.0000000000000000e+00	0.0000000000000000e+00	
1.1346709029971775e+00	8.7966330820436456e-01	-6.5768166694208849e-05	5.2615938504248984e-02	5.2500000000000002e-01	0.0000000000000000e+00	6.2968143611661755e+07	-4.7078232397008524e+03	-1.1993932150029014e+08	8.3367716118718072e-01	-3.1744121959441580e-04	2.8949626656917490e+03	8.3411453514494471e-01	2.5754481357349173e+00	5.9831805743484356e-01	8.1417603745505895e-01	0.0000000000000000e+00	0.0000000000000000e+00	
1.1360884914497793e+00	8.7966330820436456e-01	-6.5768166694208849e-05	5.2615938504248984e-02	5.2500000000000002e-01	0.0000000000000000e+00	6.2968143611661755e+07	-4.7078232397008524e+03	-1.1993932150029014e+08	8.3367716118718072e-01	-3.1744121959441580e-04	2.8949626656917490e+03	8.3411453514494471e-01	2.5754481357349173e+00	5.9831805743484356e-01	8.1417603745505895e-01	0.0000000000000000e+00	0.0000000000000000e+00	
1.1375060799023813e+00	8.7464307916258843e-01	-1.3974387941724417e-04	5.1169347966142940e-02	5.2500000000000002e-01	0.0000000000000000e+00	6.2969609602762900e+07	-1.0060809650154108e+04	-1.1994211505996774e+08	8.3608740593275266e-01	-3.1764129165380919e-04	2.8949626656917490e+03	8.3652477868180419e-01	2.5754481357349173e+00	5.9831805743484356e-01	8.1417603745505895e-01	0.0000000000000000e+00	0.0000000000000000e+00	
1.1389236683549830e+00	8.7464307916258843e-01	-1.3974387941724417e-04	5.1169347966142940e-02	5.2500000000000002e-01	0.0000000000000000e+00	6.2969609602762900e+07	-1.0060809650154108e+04	-1.1994211505996774e+08	8.3608740593275266e-01	-3.1764129165380919e-04	2.8949626656917490e+03	8.3652477868180419e-01	2.5754481357349173e+00	5.9831805743484356e-01	8.1417603745505895e-01	0.0000000000000000e+00	0.0000000000000000e+00	
1.1403412568075850e+00	8.6968941756564078e-01	-2.1596911596030106e-04	4.9773880798616263e-02	5.2500000000000002e-01	0.0000000000000000e+00	6.2970995816880479e+07	-1.5637525331490000e+04	-1.1994475763524966e+08	8.3848500668281944e-01	-3.1801797788066915e-04	2.8949626656917490e+03	8.3892237848852325e-01	2.5754481357349173e+00	5.9831805743484356e-01	8.1417603745505895e-01	0.0000000000000000e+00	0.0000000000000000e+00	
1.1417588452601868e+00	8.6968941756564078e-01	-2.1596911596030106e-04	4.9773880798616263e-02	5.2500000000000002e-01	0.0000000000000000e+00	6.2970995816880479e+07	-1.5637525331490000e+04	-1.1994475763524966e+08	8.3848500668281944e-01	-3.1801797788066915e-04	2.8949626656917490e+03	8.3892237848852325e-01	2.5754481357349173e+00	5.9831805743484356e-01	8.1417603745505895e-01	0.0000000000000000e+00	0.0000000000000000e+00	
1.1431764337127888e+00	8.6487053895697363e-01	-2.9139758497943397e-04	4.8430578208582244e-02	5.2500000000000002e-01	0.0000000000000000e+00	6.2972290419881284e+07	-2.1217017486925673e+04	-1.1994722665555470e+08	8.4087006218149118e-01	-3.1857774377558041e-04	2.8949626656917490e+03	8.4130743320358803e-01	2.5754481357349173e+00	5.9831805743484356e-01	8.1417603745505895e-01	0.0000000000000000e+00	0.0000000000000000e+00	
1.1445940221653905e+00	8.6487053895697363e-01	-2.9139758497943397e-04	4.8430578208582244e-02	5.2500000000000002e-01	0.0000000000000000e+00	6.2972290419881284e+07	-2.1217017486925673e+04	-1.1994722665555470e+08	8.4087006218149118e-01	-3.1857774377558041e-04	2.8949626656917490e+03	8.4130743320358803e-01	2.5754481357349173e+00	5.9831805743484356e-01	8.1417603745505895e-01	0.0000000000000000e+00	0.0000000000000000e+00	
1.1460116106179925e+00	8.6025436044194725e-01	-3.6294657229711877e-04	4.7137573247626373e-02	5.2500000000000002e-01	0.0000000000000000e+00	6.2973475185599729e+07	-2.6568894056531240e+04	-1.1994948721978833e+08	8.4324282973124820e-01	-3.1931961529903409e-04	2.8949626656917490e+03	8.4368019995728849e-01	2.5754481357349173e+00	5.9831805743484356e-01	8.1417603745505895e-01	0.0000000000000000e+00	0.0000000000000000e+00	
1.1474291990705943e+00	8.6025436044194725e-01	-3.6294657229711877e-04	4.7137573247626373e-02	5.2500000000000002e-01	0.0000000000000000e+00	6.2973475185599729e+07	-2.6568894056531240e+04	-1.1994948721978833e+08	8.4324282973124820e-01	-3.1931961529903409e-04	2.8949626656917490e+03	8.4368019995728849e-01	2.5754481357349173e+00	5.9831805743484356e-01	8.1417603745505895e-01	0.0000000000000000e+00	0.0000000000000000e+00	
1.1488467875231962e+00	8.5590383916853507e-01	-4.2795687571740978e-04	4.5889695072002315e-02	5.2500000000000002e-01	0.0000000000000000e+00	6.2974533175424576e+07	-3.1487631243362535e+04	-1.1995150675699629e+08	8.4560372051398969e-01	-3.2023557410458580e-04	2.8949626656917490e+03	8.4604108972152425e-01	2.5754481357349173e+00	5.9831805743484356e-01	8.1417603745505895e-01	0.0000000000000000e+00	0.0000000000000000e+00	
1.1502643759757980e+00	8.5590383916853507e-01	-4.2795687571740978e-04	4.5889695072002315e-02	5.2500000000000002e-01	0.0000000000000000e+00	6.2974533175424576e+07	-3.1487631243362535e+04	-1.1995150675699629e+08	8.4560372051398969e-01	-3.2023557410458580e-04	2.8949626656917490e+03	8.4604108972152425e-01	2.5754481357349173e+00	5.9831805743484356e-01	8.1417603745505895e-01	0.0000000000000000e+00	0.0000000000000000e+00	
1.1516819644284000e+00	8.5185990501770625e-01	-4.8417451334705354e-04	4.4679872661052243e-02	5.2500000000000002e-01	0.0000000000000000e+00	6.2975462514206186e+07	-3.5793577953393207e+04	-1.1995328130716996e+08	8.4795326356207723e-01	-3.2131094105886695e-04	2.8949626656917490e+03	8.4839063132222581e-01	2.5754481357349173e+00	5.9831805743484356e-01	8.1417603745505895e-01	0.0000000000000000e+00	0.0000000000000000e+00	
1.1530995528810017e+00	8.5185990501770625e-01	-4.8417451334705354e-04	4.4679872661052243e-02	5.2500000000000002e-01	0.0000000000000000e+00	6.2975462514206186e+07	-3.5793577953393207e+04	-1.1995328130716996e+08	8.4795326356207723e-01	-3.2131094105886695e-04	2.8949626656917490e+03	8.4839063132222581e-01	2.5754481357349173e+00	5.9831805743484356e-01	8.1417603745505895e-01	0.0000000000000000e+00	0.0000000000000000e+00	
1.1545171413336037e+00	8.4813603614197108e-01	-5.2995325617654786e-04	4.3500490209187753e-02	5.2500000000000002e-01	0.0000000000000000e+00	6.2976285304684743e+07	-3.9350394319920517e+04	-1.1995485256880957e+08	8.5029204690963189e-01	-3.2252545630702341e-04	2.8949626656917490e+03	8.5072941263089885e-01	2.5754481357349173e+00	5.9831805743484356e-01	8.1417603745505895e-01	0.0000000000000000e+00	0.0000000000000000e+00	
1.1559347297862055e+00	8.4813603614197108e-01	-5.2995325617654786e-04	4.3500490209187753e-02	5.2500000000000002e-01	0.0000000000000000e+00	6.2976285304684743e+07	-3.9350394319920517e+04	-1.1995485256880957e+08	8.5029204690963189e-01	-3.2252545630702341e-04	2.8949626656917490e+03	8.5072941263089885e-01	2.5754481357349173e+00	5.9831805743484356e-01	8.1417603745505895e-01	0.0000000000000000e+00	0.0000000000000000e+00	
1.1573523182388075e+00	8.4472585414142221e-01	-5.6435577944344804e-04	4.2341752841969268e-02	5.2500000000000002e-01	0.0000000000000000e+00	6.2977023992632337e+07	-4.2074534937154298e+04	-1.1995626294760114e+08	8.5262069097124238e-01	-3.2385464152992347e-04	2.8949626656917490e+03	8.5305805397181755e-01	2.5754481357349173e+00	5.9831805743484356e-01	8.1417603745505895e-01	0.0000000000000000e+00	0.0000000000000000e+00	
1.1587699066914092e+00	8.4472585414142221e-01	-5.6435577944344804e-04	4.2341752841969268e-02	5.2500000000000002e-01	0.0000000000000000e+00	6.2977023992632337e+07	-4.2074534937154298e+04	-1.1995626294760114e+08	8.5262069097124238e-01	-3.2385464152992347e-04	2.8949626656917490e+03	8.5305805397181755e-01	2.5754481357349173e+00	5.9831805743484356e-01	8.1417603745505895e-01	0.0000000000000000e+00	0.0000000000000000e+00	
1.1601874951440112e+00	8.4160555789083413e-01	-5.8724549216041010e-04	4.1192746437869000e-02	5.2500000000000002e-01	0.0000000000000000e+00	6.2977707714435302e+07	-4.3943834038575980e+04	-1.1995756770616329e+08	8.5493981330330782e-01	-3.2527162680025452e-04	2.8949626656917490e+03	8.5537717289260362e-01	2.5754481357349173e+00	5.9831805743484356e-01	8.1417603745505895e-01	0.0000000000000000e+00	0.0000000000000000e+00	
1.1616050835966130e+00	8.4160555789083413e-01	-5.8724549216041010e-04	4.1192746437869000e-02	5.2500000000000002e-01	0.0000000000000000e+00	6.2977707714435302e+07	-4.3943834038575980e+04	-1.1995756770616329e+08	8.5493981330330782e-01	-3.2527162680025452e-04	2.8949626656917490e+03	8.5537717289260362e-01	2.5754481357349173e+00	5.9831805743484356e-01	8.1417603745505895e-01	0.0000000000000000e+00	0.0000000000000000e+00	
1.1630226720492149e+00	8.3874035233905830e-01	-5.9909665316231809e-04	4.0041158775192834e-02	5.2500000000000002e-01	0.0000000000000000e+00	6.2978362387404956e+07	-4.4984274361805896e+04	-1.1995881610117844e+08	8.5725001542014745e-01	-3.2674854687971195e-04	2.8949626656917490e+03	8.5768737097771974e-01	2.5754481357349173e+00	5.9831805743484356e-01	8.1417603745505895e-01	0.0000000000000000e+00	0.0000000000000000e+00	
1.1644402605018167e+00	8.3874035233905830e-01	-5.9909665316231809e-04	4.0041158775192834e-02	5.2500000000000002e-01	0.0000000000000000e+00	6.2978362387404956e+07	-4.4984274361805896e+04	-1.1995881610117844e+08	8.5725001542014745e-01	-3.2674854687971195e-04	2.8949626656917490e+03	8.5768737097771974e-01	2.5754481357349173e+00	5.9831805743484356e-01	8.1417603745505895e-01	0.0000000000000000e+00	0.0000000000000000e+00	
1.1658578489544187e+00	8.3608381285064082e-01	-6.0085511185242236e-04	3.8875006760505947e-02	5.2500000000000002e-01	0.0000000000000000e+00	6.2979015992585488e+07	-4.5260131959211278e+04	-1.1996006143957044e+08	8.5955185129940170e-01	-3.2825791526162570e-04	2.8949626656917490e+03	8.5998920233246123e-01	2.5754481357349173e+00	5.9831805743484356e-01	8.1417603745505895e-01	0.0000000000000000e+00	0.0000000000000000e+00	
1.1672754374070204e+00	8.3608381285064082e-01	-6.0085511185242236e-04	3.8875006760505947e-02	5.2500000000000002e-01	0.0000000000000000e+00	6.2979015992585488e+07	-4.5260131959211278e+04	-1.1996006143957044e+08	8.5955185129940170e-01	-3.2825791526162570e-04	2.8949626656917490e+03	8.5998920233246123e-01	2.5754481357349173e+00	5.9831805743484356e-01	8.1417603745505895e-01	0.0000000000000000e+00	0.0000000000000000e+00	
1.1686930258596224e+00	8.3358510227025440e-01	-5.9384059287853413e-04	3.7682244708099534e-02	5.2500000000000002e-01	0.0000000000000000e+00	6.2979685799433529e+07	-4.4866317611220918e+04	-1.1996133672508113e+08	8.6184581880842337e-01	-3.2977371175975671e-04	2.8949626656917490e+03	8.6228316498048152e-01	2.5754481357349173e+00	5.9831805743484356e-01	8.1417603745505895e-01	0.0000000000000000e+00	0.0000000000000000e+00	
1.1701106143122242e+00	8.3358510227025440e-01	-5.9384059287853413e-04	3.7682244708099534e-02	5.2500000000000002e-01	0.0000000000000000e+00	6.2979685799433529e+07	-4.4866317611220918e+04	-1.1996133672508113e+08	8.6184581880842337e-01	-3.2977371175975671e-04	2.8949626656917490e+03	8.6228316498048152e-01	2.5754481357349173e+00	5.9831805743484356e-01	8.1417603745505895e-01	0.0000000000000000e+00	0.0000000000000000e+00	
1.1715282027648262e+00	8.3118634620671783e-01	-5.7961042606240166e-04	3.6451506989952621e-02	5.2500000000000002e-01	0.0000000000000000e+00	6.2980382543360874e+07	-4.3918053425834019e+04	-1.1996266258290920e+08	8.6413233936583289e-01	-3.3127230504930832e-04	2.8949626656917490e+03	8.6456968049696492e-01	2.5754481357349173e+00	5.9831805743484356e-01	8.1417603745505895e-01	0.0000000000000000e+00	0.0000000000000000e+00	
1.1729457912174279e+00	8.3118634620671783e-01	-5.7961042606240166e-04	3.6451506989952621e-02	5.2500000000000002e-01	0.0000000000000000e+00	6.2980382543360874e+07	-4.3918053425834019e+04	-1.1996266258290920e+08	8.6413233936583289e-01	-3.3127230504930832e-04	2.8949626656917490e+03	8.6456968049696492e-01	2.5754481357349173e+00	5.9831805743484356e-01	8.1417603745505895e-01	0.0000000000000000e+00	0.0000000000000000e+00	
1.1743633796700299e+00	8.2882524916842493e-01	-5.5961920676514724e-04	3.5172705736208308e-02	5.2500000000000002e-01	0.0000000000000000e+00	6.2981106502791822e+07	-4.2524569440477273e+04	-1.1996403973141417e+08	8.6641174706337587e-01	-3.3273272106525831e-04	2.8949626656917490e+03	8.6684908311319242e-01	2.5754481357349173e+00	5.9831805743484356e-01	8.1417603745505895e-01	0.0000000000000000e+00	0.0000000000000000e+00	
1.1757809681226317e+00	8.2882524916842493e-01	-5.5961920676514724e-04	3.5172705736208308e-02	5.2500000000000002e-01	0.0000000000000000e+00	6.2981106502791822e+07	-4.2524569440477273e+04	-1.1996403973141417e+08	8.6641174706337587e-01	-3.3273272106525831e-04	2.8949626656917490e+03	8.6684908311319242e-01	2.5754481357349173e+00	5.9831805743484356e-01	8.1417603745505895e-01	0.0000000000000000e+00	0.0000000000000000e+00	
1.1771985565752336e+00	8.2643392507599878e-01	-5.3508147718495851e-04	3.3839091058304668e-02	5.2500000000000002e-01	0.0000000000000000e+00	6.2981857866149932e+07	-4.0778124566671853e+04	-1.1996546869945806e+08	8.6868424312060077e-01	-3.3413690272710781e-04	2.8949626656917490e+03	8.6912157415879965e-01	2.5754481357349173e+00	5.9831805743484356e-01	8.1417603745505895e-01	0.0000000000000000e+00	0.0000000000000000e+00	
1.1786161450278354e+00	8.2643392507599878e-01	-5.3508147718495851e-04	3.3839091058304668e-02	5.2500000000000002e-01	0.0000000000000000e+00	6.2981857866149932e+07	-4.0778124566671853e+04	-1.1996546869945806e+08	8.6868424312060077e-01	-3.3413690272710781e-04	2.8949626656917490e+03	8.6912157415879965e-01	2.5754481357349173e+00	5.9831805743484356e-01	8.1417603745505895e-01	0.0000000000000000e+00	0.0000000000000000e+00	
1.1800337334804374e+00	8.2394632069150209e-01	-5.0695244972579206e-04	3.2447025866958377e-02	5.2500000000000002e-01	0.0000000000000000e+00	6.2982625852550201e+07	-3.8751549299129700e+04	-1.1996692909324269e+08	8.7094987586406070e-01	-3.3546958285851668e-04	2.8949626656917490e+03	8.7138720203505260e-01	2.5754481357349173e+00	5.9831805743484356e-01	8.1417603745505895e-01	0.0000000000000000e+00	0.0000000000000000e+00	
1.1814513219330391e+00	8.2394632069150209e-01	-5.0695244972579206e-04	3.2447025866958377e-02	5.2500000000000002e-01	0.0000000000000000e+00	6.2982625852550201e+07	-3.8751549299129700e+04	-1.1996692909324269e+08	8.7094987586406070e-01	-3.3546958285851668e-04	2.8949626656917490e+03	8.7138720203505260e-01	2.5754481357349173e+00	5.9831805743484356e-01	8.1417603745505895e-01	0.0000000000000000e+00	0.0000000000000000e+00	
1.1828689103856411e+00	8.2129734027666212e-01	-4.7601201850282524e-04	3.0996948626776419e-02	5.2500000000000002e-01	0.0000000000000000e+00	6.2983395553215042e+07	-3.6504261951400367e+04	-1.1996839263216068e+08	8.7320850588015464e-01	-3.3671818418617489e-04	2.8949626656917490e+03	8.7364582736530283e-01	2.5754481357349173e+00	5.9831805743484356e-01	8.1417603745505895e-01	0.0000000000000000e+00	0.0000000000000000e+00	
1.1842864988382429e+00	8.2129734027666212e-01	-4.7601201850282524e-04	3.0996948626776419e-02	5.2500000000000002e-01	0.0000000000000000e+00	6.2983395553215042e+07	-3.6504261951400367e+04	-1.1996839263216068e+08	8.7320850588015464e-01	-3.3671818418617489e-04	2.8949626656917490e+03	8.7364582736530283e-01	2.5754481357349173e+00	5.9831805743484356e-01	8.1417603745505895e-01	0.0000000000000000e+00	0.0000000000000000e+00	
1.1857040872908449e+00	8.1842793851609796e-01	-4.4306850594467951e-04	2.9492468579309254e-02	5.2500000000000002e-01	0.0000000000000000e+00	6.2984145250248797e+07	-3.4097432187893777e+04	-1.1996981805682252e+08	8.7545980173399540e-01	-3.3787280960033471e-04	2.8949626656917490e+03	8.7589711871421150e-01	2.5754481357349173e+00	5.9831805743484356e-01	8.1417603745505895e-01	0.0000000000000000e+00	0.0000000000000000e+00	
1.1871216757434466e+00	8.1842793851609796e-01	-4.4306850594467951e-04	2.9492468579309254e-02	5.2500000000000002e-01	0.0000000000000000e+00	6.2984145250248797e+07	-3.4097432187893777e+04	-1.1996981805682252e+08	8.7545980173399540e-01	-3.3787280960033471e-04	2.8949626656917490e+03	8.7589711871421150e-01	2.5754481357349173e+00	5.9831805743484356e-01	8.1417603745505895e-01	0.0000000000000000e+00	0.0000000000000000e+00	
1.1885392641960486e+00	8.1529872219665167e-01	-4.0924113921719552e-04	2.7939550309755781e-02	5.2500000000000002e-01	0.0000000000000000e+00	6.2984847337828584e+07	-3.1615394426850158e+04	-1.1997115290007508e+08	8.7770327205849552e-01	-3.3892709609973748e-04	2.8949626656917490e+03	8.7814058467545708e-01	2.5754481357349173e+00	5.9831805743484356e-01	8.1417603745505895e-01	0.0000000000000000e+00	0.0000000000000000e+00	
1.1899568526486504e+00	8.1529872219665167e-01	-4.0924113921719552e-04	2.7939550309755781e-02	5.2500000000000002e-01	0.0000000000000000e+00	6.2984847337828584e+07	-3.1615394426850158e+04	-1.1997115290007508e+08	8.7770327205849552e-01	-3.3892709609973748e-04	2.8949626656917490e+03	8.7814058467545708e-01	2.5754481357349173e+00	5.9831805743484356e-01	8.1417603745505895e-01	0.0000000000000000e+00	0.0000000000000000e+00	
1.1913744411012523e+00	8.1188898627827200e-01	-3.7578780288215251e-04	2.6346948660039286e-02	5.2500000000000002e-01	0.0000000000000000e+00	6.2985474584646873e+07	-2.9153213687691965e+04	-1.1997234539336856e+08	8.7993831131554090e-01	-3.3987853240645139e-04	2.8949626656917490e+03	8.8037561963563149e-01	2.5754481357349173e+00	5.9831805743484356e-01	8.1417603745505895e-01	0.0000000000000000e+00	0.0000000000000000e+00	
1.1927920295538541e+00	8.1188898627827200e-01	-3.7578780288215251e-04	2.6346948660039286e-02	5.2500000000000002e-01	0.0000000000000000e+00	6.2985474584646873e+07	-2.9153213687691965e+04	-1.1997234539336856e+08	8.7993831131554090e-01	-3.3987853240645139e-04	2.8949626656917490e+03	8.8037561963563149e-01	2.5754481357349173e+00	5.9831805743484356e-01	8.1417603745505895e-01	0.0000000000000000e+00	0.0000000000000000e+00	
1.1942096180064561e+00	8.0818939473849383e-01	-3.4382565991444478e-04	2.4726161812339834e-02	5.2500000000000002e-01	0.0000000000000000e+00	6.2986004908639245e+07	-2.6795952587443517e+04	-1.1997335354000191e+08	8.8216420779111326e-01	-3.4072824582036590e-04	2.8949626656917490e+03	8.8260151177972668e-01	2.5754481357349173e+00	5.9831805743484356e-01	8.1417603745505895e-01	0.0000000000000000e+00	0.0000000000000000e+00	
1.1956272064590578e+00	8.0818939473849383e-01	-3.4382565991444478e-04	2.4726161812339834e-02	5.2500000000000002e-01	0.0000000000000000e+00	6.2986004908639245e+07	-2.6795952587443517e+04	-1.1997335354000191e+08	8.8216420779111326e-01	-3.4072824582036590e-04	2.8949626656917490e+03	8.8260151177972668e-01	2.5754481357349173e+00	5.9831805743484356e-01	8.1417603745505895e-01	0.0000000000000000e+00	0.0000000000000000e+00	
1.1970447949116598e+00	8.0422153107415428e-01	-3.1405505046473486e-04	2.3089208278860719e-02	5.2500000000000002e-01	0.0000000000000000e+00	6.2986416093162104e+07	-2.4596707897524426e+04	-1.1997413503956035e+08	8.8438023194254300e-01	-3.4147973522798548e-04	2.8949626656917490e+03	8.8481753145791675e-01	2.5754481357349173e+00	5.9831805743484356e-01	8.1417603745505895e-01	0.0000000000000000e+00	0.0000000000000000e+00	
1.1984623833642616e+00	8.0422153107415428e-01	-3.1405505046473486e-04	2.3089208278860719e-02	5.2500000000000002e-01	0.0000000000000000e+00	6.2986416093162104e+07	-2.4596707897524426e+04	-1.1997413503956035e+08	8.8438023194254300e-01	-3.4147973522798548e-04	2.8949626656917490e+03	8.8481753145791675e-01	2.5754481357349173e+00	5.9831805743484356e-01	8.1417603745505895e-01	0.0000000000000000e+00	0.0000000000000000e+00	
1.1998799718168636e+00	8.0001848788496577e-01	-2.8695374741149099e-04	2.1449255778527621e-02	5.2500000000000002e-01	0.0000000000000000e+00	6.2986707138676614e+07	-2.2592317457983867e+04	-1.1997468798176514e+08	8.8658567374896557e-01	-3.4213822303146393e-04	2.8949626656917490e+03	8.8702296854832074e-01	2.5754481357349173e+00	5.9831805743484356e-01	8.1417603745505895e-01	0.0000000000000000e+00	0.0000000000000000e+00	
1.2012975602694653e+00	8.0001848788496577e-01	-2.8695374741149099e-04	2.1449255778527621e-02	5.2500000000000002e-01	0.0000000000000000e+00	6.2986707138676614e+07	-2.2592317457983867e+04	-1.1997468798176514e+08	8.8658567374896557e-01	-3.4213822303146393e-04	2.8949626656917490e+03	8.8702296854832074e-01	2.5754481357349173e+00	5.9831805743484356e-01	8.1417603745505895e-01	0.0000000000000000e+00	0.0000000000000000e+00	
1.2027151487220673e+00	7.9561565315948557e-01	-2.6306077006904365e-04	1.9819605236867308e-02	5.2500000000000002e-01	0.0000000000000000e+00	6.2986899179069303e+07	-2.0825862508496699e+04	-1.1997505261329523e+08	8.8877986358779493e-01	-3.4271090603387616e-04	2.8949626656917490e+03	8.8921715334323537e-01	2.5754481357349173e+00	5.9831805743484356e-01	8.1417603745505895e-01	0.0000000000000000e+00	0.0000000000000000e+00	
1.2041327371746691e+00	7.9561565315948557e-01	-2.6306077006904365e-04	1.9819605236867308e-02	5.2500000000000002e-01	0.0000000000000000e+00	6.2986899179069303e+07	-2.0825862508496699e+04	-1.1997505261329523e+08	8.8877986358779493e-01	-3.4271090603387616e-04	2.8949626656917490e+03	8.8921715334323537e-01	2.5754481357349173e+00	5.9831805743484356e-01	8.1417603745505895e-01	0.0000000000000000e+00	0.0000000000000000e+00	
1.2055503256272710e+00	7.9105012875362124e-01	-2.4294802951240732e-04	1.8214668267432087e-02	5.2500000000000002e-01	0.0000000000000000e+00	6.2987032207614563e+07	-1.9344634181129924e+04	-1.1997530510130525e+08	8.9096218037842945e-01	-3.4320744260275002e-04	2.8949626656917490e+03	8.9139946470523201e-01	2.5754481357349173e+00	5.9831805743484356e-01	8.1417603745505895e-01	0.0000000000000000e+00	0.0000000000000000e+00	
1.2069679140798728e+00	7.9105012875362124e-01	-2.4294802951240732e-04	1.8214668267432087e-02	5.2500000000000002e-01	0.0000000000000000e+00	6.2987032207614563e+07	-1.9344634181129924e+04	-1.1997530510130525e+08	8.9096218037842945e-01	-3.4320744260275002e-04	2.8949626656917490e+03	8.9139946470523201e-01	2.5754481357349173e+00	5.9831805743484356e-01	8.1417603745505895e-01	0.0000000000000000e+00	0.0000000000000000e+00	
1.2083855025324748e+00	7.8636222558702251e-01	-2.2709948177464720e-04	1.6649845723243160e-02	5.2500000000000002e-01	0.0000000000000000e+00	6.2987150812045410e+07	-1.8190534644767336e+04	-1.1997553035949761e+08	8.9313207463347333e-01	-3.4363997225925636e-04	2.8949626656917490e+03	8.9356935313064012e-01	2.5754481357349173e+00	5.9831805743484356e-01	8.1417603745505895e-01	0.0000000000000000e+00	0.0000000000000000e+00	
1.2098030909850765e+00	7.8636222558702251e-01	-2.2709948177464720e-04	1.6649845723243160e-02	5.2500000000000002e-01	0.0000000000000000e+00	6.2987150812045410e+07	-1.8190534644767336e+04	-1.1997553035949761e+08	8.9313207463347333e-01	-3.4363997225925636e-04	2.8949626656917490e+03	8.9356935313064012e-01	2.5754481357349173e+00	5.9831805743484356e-01	8.1417603745505895e-01	0.0000000000000000e+00	0.0000000000000000e+00	
1.2112206794376785e+00	7.8159394745969413e-01	-2.1584905289976440e-04	1.5140907189038268e-02	5.2500000000000002e-01	0.0000000000000000e+00	6.2987295991621077e+07	-1.7394899523847234e+04	-1.1997580646391243e+08	8.9528907868613405e-01	-3.4402289128016944e-04	2.8949626656917490e+03	8.9572635098510178e-01	2.5754481357349173e+00	5.9831805743484356e-01	8.1417603745505895e-01	0.0000000000000000e+00	0.0000000000000000e+00	
1.2126382678902803e+00	7.8159394745969413e-01	-2.1584905289976440e-04	1.5140907189038268e-02	5.2500000000000002e-01	0.0000000000000000e+00	6.2987295991621077e+07	-1.7394899523847234e+04	-1.1997580646391243e+08	8.9528907868613405e-01	-3.4402289128016944e-04	2.8949626656917490e+03	8.9572635098510178e-01	2.5754481357349173e+00	5.9831805743484356e-01	8.1417603745505895e-01	0.0000000000000000e+00	0.0000000000000000e+00	
1.2140558563428823e+00	7.7680455059118192e-01	-2.0915134897039639e-04	1.3701982913568132e-02	5.2500000000000002e-01	0.0000000000000000e+00	6.2987491843844935e+07	-1.6959116520849526e+04	-1.1997617928939083e+08	8.9743287342867950e-01	-3.4437167156007675e-04	2.8949626656917490e+03	8.9787013924105197e-01	2.5754481357349173e+00	5.9831805743484356e-01	8.1417603745505895e-01	0.0000000000000000e+00	0.0000000000000000e+00	
1.2154734447954840e+00	7.7680455059118192e-01	-2.0915134897039639e-04	1.3701982913568132e-02	5.2500000000000002e-01	0.0000000000000000e+00	6.2987491843844935e+07	-1.6959116520849526e+04	-1.1997617928939083e+08	8.9743287342867950e-01	-3.4437167156007675e-04	2.8949626656917490e+03	8.9787013924105197e-01	2.5754481357349173e+00	5.9831805743484356e-01	8.1417603745505895e-01	0.0000000000000000e+00	0.0000000000000000e+00	
1.2168910332480860e+00	7.7206275992495144e-01	-2.0663256744627676e-04	1.2345635339583712e-02	5.2500000000000002e-01	0.0000000000000000e+00	6.2987754417514995e+07	-1.6857854164902164e+04	-1.1997667937791957e+08	8.9956332645836401e-01	-3.4470189027173474e-04	2.8949626656917490e+03	9.0000058561423668e-01	2.5754481357349173e+00	5.9831805743484356e-01	8.1417603745505895e-01	0.0000000000000000e+00	0.0000000000000000e+00	
1.2183086217006878e+00	7.7206275992495144e-01	-2.0663256744627676e-04	1.2345635339583712e-02	5.2500000000000002e-01	0.0000000000000000e+00	6.2987754417514995e+07	-1.6857854164902164e+04	-1.1997667937791957e+08	8.9956332645836401e-01	-3.4470189027173474e-04	2.8949626656917490e+03	9.0000058561423668e-01	2.5754481357349173e+00	5.9831805743484356e-01	8.1417603745505895e-01	0.0000000000000000e+00	0.0000000000000000e+00	
1.2197262101532897e+00	7.6743848273216808e-01	-2.0768871805375297e-04	1.1081400720819264e-02	5.2500000000000002e-01	0.0000000000000000e+00	6.2988087306937747e+07	-1.7046206829324827e+04	-1.1997731354954305e+08	9.0168051191985354e-01	-3.4502841840424646e-04	2.8949626656917490e+03	9.0211776439070734e-01	2.5754481357349173e+00	5.9831805743484356e-01	8.1417603745505895e-01	0.0000000000000000e+00	0.0000000000000000e+00	
1.2211437986058915e+00	7.6743848273216808e-01	-2.0768871805375297e-04	1.1081400720819264e-02	5.2500000000000002e-01	0.0000000000000000e+00	6.2988087306937747e+07	-1.7046206829324827e+04	-1.1997731354954305e+08	9.0168051191985354e-01	-3.4502841840424646e-04	2.8949626656917490e+03	9.0211776439070734e-01	2.5754481357349173e+00	5.9831805743484356e-01	8.1417603745505895e-01	0.0000000000000000e+00	0.0000000000000000e+00	
1.2225613870584935e+00	7.6299025405295529e-01	-2.1155548441836804e-04	9.9158533651942070e-03	5.2500000000000002e-01	0.0000000000000000e+00	6.2988487174427666e+07	-1.7464914979164838e+04	-1.1997807542036110e+08	9.0378468831438974e-01	-3.4536482095980222e-04	2.8949626656917490e+03	9.0422193421843700e-01	2.5754481357349173e+00	5.9831805743484356e-01	8.1417603745505895e-01	0.0000000000000000e+00	0.0000000000000000e+00	
1.2239789755110952e+00	7.6299025405295529e-01	-2.1155548441836804e-04	9.9158533651942070e-03	5.2500000000000002e-01	0.0000000000000000e+00	6.2988487174427666e+07	-1.7464914979164838e+04	-1.1997807542036110e+08	9.0378468831438974e-01	-3.4536482095980222e-04	2.8949626656917490e+03	9.0422193421843700e-01	2.5754481357349173e+00	5.9831805743484356e-01	8.1417603745505895e-01	0.0000000000000000e+00	0.0000000000000000e+00	
1.2253965639636972e+00	7.5876628605400198e-01	-2.1740571596264187e-04	8.8517498270076593e-03	5.2500000000000002e-01	0.0000000000000000e+00	6.2988939921898656e+07	-1.8047923099832602e+04	-1.1997893810950787e+08	9.0587629024311289e-01	-3.4572296272898759e-04	2.8949626656917490e+03	9.0631352983069258e-01	2.5754481357349173e+00	5.9831805743484356e-01	8.1417603745505895e-01	0.0000000000000000e+00	0.0000000000000000e+00	
1.2268141524162990e+00	7.5876628605400198e-01	-2.1740571596264187e-04	8.8517498270076593e-03	5.2500000000000002e-01	0.0000000000000000e+00	6.2988939921898656e+07	-1.8047923099832602e+04	-1.1997893810950787e+08	9.0587629024311289e-01	-3.4572296272898759e-04	2.8949626656917490e+03	9.0631352983069258e-01	2.5754481357349173e+00	5.9831805743484356e-01	8.1417603745505895e-01	0.0000000000000000e+00	0.0000000000000000e+00	
1.2282317408689010e+00	7.5480239108196368e-01	-2.2431818155839033e-04	7.8885387056898074e-03	5.2500000000000002e-01	0.0000000000000000e+00	6.2989425515580133e+07	-1.8719698766200992e+04	-1.1997986342326587e+08	9.0795590459621245e-01	-3.4611248379415370e-04	2.8949626656917490e+03	9.0839313821567580e-01	2.5754481357349173e+00	5.9831805743484356e-01	8.1417603745505895e-01	0.0000000000000000e+00	0.0000000000000000e+00	
1.2296493293215027e+00	7.5480239108196368e-01	-2.2431818155839033e-04	7.8885387056898074e-03	5.2500000000000002e-01	0.0000000000000000e+00	6.2989425515580133e+07	-1.8719698766200992e+04	-1.1997986342326587e+08	9.0795590459621245e-01	-3.4611248379415370e-04	2.8949626656917490e+03	9.0839313821567580e-01	2.5754481357349173e+00	5.9831805743484356e-01	8.1417603745505895e-01	0.0000000000000000e+00	0.0000000000000000e+00	
1.2310669177741047e+00	7.5111928703108521e-01	-2.3122821342437790e-04	7.0223800042082908e-03	5.2500000000000002e-01	0.0000000000000000e+00	6.2989920434430279e+07	-1.9391123377177086e+04	-1.1998080651268393e+08	9.1002423617162587e-01	-3.4653999732557118e-04	2.8949626656917490e+03	9.1046146422255325e-01	2.5754481357349173e+00	5.9831805743484356e-01	8.1417603745505895e-01	0.0000000000000000e+00	0.0000000000000000e+00	
1.2324845062267065e+00	7.5111928703108521e-01	-2.3122821342437790e-04	7.0223800042082908e-03	5.2500000000000002e-01	0.0000000000000000e+00	6.2989920434430279e+07	-1.9391123377177086e+04	-1.1998080651268393e+08	9.1002423617162587e-01	-3.4653999732557118e-04	2.8949626656917490e+03	9.1046146422255325e-01	2.5754481357349173e+00	5.9831805743484356e-01	8.1417603745505895e-01	0.0000000000000000e+00	0.0000000000000000e+00	
1.2339020946793084e+00	7.4771823905704538e-01	-2.3697905069264321e-04	6.2468118878412499e-03	5.2500000000000002e-01	0.0000000000000000e+00	6.2990405715986259e+07	-1.9963946002098317e+04	-1.1998173119930619e+08	9.1208205260621900e-01	-3.4700842191539509e-04	2.8949626656917490e+03	9.1251927548981482e-01	2.5754481357349173e+00	5.9831805743484356e-01	8.1417603745505895e-01	0.0000000000000000e+00	0.0000000000000000e+00	
1.2353196831319102e+00	7.4771823905704538e-01	-2.3697905069264321e-04	6.2468118878412499e-03	5.2500000000000002e-01	0.0000000000000000e+00	6.2990405715986259e+07	-1.9963946002098317e+04	-1.1998173119930619e+08	9.1208205260621900e-01	-3.4700842191539509e-04	2.8949626656917490e+03	9.1251927548981482e-01	2.5754481357349173e+00	5.9831805743484356e-01	8.1417603745505895e-01	0.0000000000000000e+00	0.0000000000000000e+00	
1.2367372715845122e+00	7.4458483319225599e-01	-2.4042106444396565e-04	5.5530589093854832e-03	5.2500000000000002e-01	0.0000000000000000e+00	6.2990870146501549e+07	-2.0339296982380518e+04	-1.1998261605753809e+08	9.1413013979521240e-01	-3.4751666735253155e-04	2.8949626656917490e+03	9.1456735786926047e-01	2.5754481357349173e+00	5.9831805743484356e-01	8.1417603745505895e-01	0.0000000000000000e+00	0.0000000000000000e+00	
1.2381548600371139e+00	7.4458483319225599e-01	-2.4042106444396565e-04	5.5530589093854832e-03	5.2500000000000002e-01	0.0000000000000000e+00	6.2990870146501549e+07	-2.0339296982380518e+04	-1.1998261605753809e+08	9.1413013979521240e-01	-3.4751666735253155e-04	2.8949626656917490e+03	9.1456735786926047e-01	2.5754481357349173e+00	5.9831805743484356e-01	8.1417603745505895e-01	0.0000000000000000e+00	0.0000000000000000e+00	
1.2395724484897159e+00	7.4168848819122846e-01	-2.4058876304613452e-04	4.9310663095936853e-03	5.2500000000000002e-01	0.0000000000000000e+00	6.2991312224244773e+07	-2.0433109225738106e+04	-1.1998345816816880e+08	9.1616925069480526e-01	-3.4806001747789367e-04	2.8949626656917490e+03	9.1660646423832925e-01	2.5754481357349173e+00	5.9831805743484356e-01	8.1417603745505895e-01	0.0000000000000000e+00	0.0000000000000000e+00	
1.2409900369423177e+00	7.4168848819122846e-01	-2.4058876304613452e-04	4.9310663095936853e-03	5.2500000000000002e-01	0.0000000000000000e+00	6.2991312224244773e+07	-2.0433109225738106e+04	-1.1998345816816880e+08	9.1616925069480526e-01	-3.4806001747789367e-04	2.8949626656917490e+03	9.1660646423832925e-01	2.5754481357349173e+00	5.9831805743484356e-01	8.1417603745505895e-01	0.0000000000000000e+00	0.0000000000000000e+00	
1.2424076253949197e+00	7.3898715168014584e-01	-2.3672064531782988e-04	4.3705552953731972e-03	5.2500000000000002e-01	0.0000000000000000e+00	6.2991738531147197e+07	-2.0178219554809370e+04	-1.1998427002476916e+08	9.1820006542106358e-01	-3.4863060497581700e-04	2.8949626656917490e+03	9.1863727461177958e-01	2.5754481357349173e+00	5.9831805743484356e-01	8.1417603745505895e-01	0.0000000000000000e+00	0.0000000000000000e+00	
1.2438252138475214e+00	7.3898715168014584e-01	-2.3672064531782988e-04	4.3705552953731972e-03	5.2500000000000002e-01	0.0000000000000000e+00	6.2991738531147197e+07	-2.0178219554809370e+04	-1.1998427002476916e+08	9.1820006542106358e-01	-3.4863060497581700e-04	2.8949626656917490e+03	9.1863727461177958e-01	2.5754481357349173e+00	5.9831805743484356e-01	8.1417603745505895e-01	0.0000000000000000e+00	0.0000000000000000e+00	
1.2452428023001234e+00	7.3643195413857687e-01	-2.2823617115405324e-04	3.8619273035003141e-03	5.2500000000000002e-01	0.0000000000000000e+00	6.2992160803647421e+07	-1.9522631403687737e+04	-1.1998507395979038e+08	9.2022316287788242e-01	-3.4921780681477582e-04	2.8949626656917490e+03	9.2066036778541405e-01	2.5754481357349173e+00	5.9831805743484356e-01	8.1417603745505895e-01	0.0000000000000000e+00	0.0000000000000000e+00	
1.2466603907527252e+00	7.3643195413857687e-01	-2.2823617115405324e-04	3.8619273035003141e-03	5.2500000000000002e-01	0.0000000000000000e+00	6.2992160803647421e+07	-1.9522631403687737e+04	-1.1998507395979038e+08	9.2022316287788242e-01	-3.4921780681477582e-04	2.8949626656917490e+03	9.2066036778541405e-01	2.5754481357349173e+00	5.9831805743484356e-01	8.1417603745505895e-01	0.0000000000000000e+00	0.0000000000000000e+00	
1.2480779792053271e+00	7.3397677405519501e-01	-2.1480121671728185e-04	3.3954614948755015e-03	5.2500000000000002e-01	0.0000000000000000e+00	6.2992587721636400e+07	-1.8435030868919657e+04	-1.1998588651272157e+08	9.2223901406892006e-01	-3.4980880345739996e-04	2.8949626656917490e+03	9.2267621466037741e-01	2.5754481357349173e+00	5.9831805743484356e-01	8.1417603745505895e-01	0.0000000000000000e+00	0.0000000000000000e+00	
1.2494955676579289e+00	7.3397677405519501e-01	-2.1480121671728185e-04	3.3954614948755015e-03	5.2500000000000002e-01	0.0000000000000000e+00	6.2992587721636400e+07	-1.8435030868919657e+04	-1.1998588651272157e+08	9.2223901406892006e-01	-3.4980880345739996e-04	2.8949626656917490e+03	9.2267621466037741e-01	2.5754481357349173e+00	5.9831805743484356e-01	8.1417603745505895e-01	0.0000000000000000e+00	0.0000000000000000e+00	
1.2509131561105309e+00	7.3158126264109835e-01	-1.9638654001149144e-04	2.9617281274769577e-03	5.2500000000000002e-01	0.0000000000000000e+00	6.2993022191808499e+07	-1.6909921433000640e+04	-1.1998671325993927e+08	9.2424798666094687e-01	-3.5038941370148398e-04	2.8949626656917490e+03	9.2468518281410128e-01	2.5754481357349173e+00	5.9831805743484356e-01	8.1417603745505895e-01	0.0000000000000000e+00	0.0000000000000000e+00	
1.2523307445631326e+00	7.3158126264109835e-01	-1.9638654001149144e-04	2.9617281274769577e-03	5.2500000000000002e-01	0.0000000000000000e+00	6.2993022191808499e+07	-1.6909921433000640e+04	-1.1998671325993927e+08	9.2424798666094687e-01	-3.5038941370148398e-04	2.8949626656917490e+03	9.2468518281410128e-01	2.5754481357349173e+00	5.9831805743484356e-01	8.1417603745505895e-01	0.0000000000000000e+00	0.0000000000000000e+00	
1.2537483330157346e+00	7.2921649269212085e-01	-1.7328339633109166e-04	2.5510986326545203e-03	5.2500000000000002e-01	0.0000000000000000e+00	6.2993456772615701e+07	-1.4969107590937791e+04	-1.1998754009746079e+08	9.2625036455298793e-01	-3.5094508906319781e-04	2.8949626656917490e+03	9.2668755607522724e-01	2.5754481357349173e+00	5.9831805743484356e-01	8.1417603745505895e-01	0.0000000000000000e+00	0.0000000000000000e+00	
1.2551659214683364e+00	7.2921649269212085e-01	-1.7328339633109166e-04	2.5510986326545203e-03	5.2500000000000002e-01	0.0000000000000000e+00	6.2993456772615701e+07	-1.4969107590937791e+04	-1.1998754009746079e+08	9.2625036455298793e-01	-3.5094508906319781e-04	2.8949626656917490e+03	9.2668755607522724e-01	2.5754481357349173e+00	5.9831805743484356e-01	8.1417603745505895e-01	0.0000000000000000e+00	0.0000000000000000e+00	
1.2565835099209384e+00	7.2685903071928992e-01	-1.4601234399116728e-04	2.1539926266420789e-03	5.2500000000000002e-01	0.0000000000000000e+00	6.2993875898700155e+07	-1.2654287954509948e+04	-1.1998833746610413e+08	9.2824635882120665e-01	-3.5146166870711254e-04	2.8949626656917490e+03	9.2868354547530230e-01	2.5754481357349173e+00	5.9831805743484356e-01	8.1417603745505895e-01	0.0000000000000000e+00	0.0000000000000000e+00	
1.2580010983735401e+00	7.2685903071928992e-01	-1.4601234399116728e-04	2.1539926266420789e-03	5.2500000000000002e-01	0.0000000000000000e+00	6.2993875898700155e+07	-1.2654287954509948e+04	-1.1998833746610413e+08	9.2824635882120665e-01	-3.5146166870711254e-04	2.8949626656917490e+03	9.2868354547530230e-01	2.5754481357349173e+00	5.9831805743484356e-01	8.1417603745505895e-01	0.0000000000000000e+00	0.0000000000000000e+00	
1.2594186868261421e+00	7.2449093419828758e-01	-1.1536066980984589e-04	1.7613960570261337e-03	5.2500000000000002e-01	0.0000000000000000e+00	6.2994264541231498e+07	-1.0030574861087431e+04	-1.1998907683774392e+08	9.3023611311294441e-01	-3.5192620495573247e-04	2.8949626656917490e+03	9.3067329464577264e-01	2.5754481357349173e+00	5.9831805743484356e-01	8.1417603745505895e-01	0.0000000000000000e+00	0.0000000000000000e+00	
1.2608362752787439e+00	7.2449093419828758e-01	-1.1536066980984589e-04	1.7613960570261337e-03	5.2500000000000002e-01	0.0000000000000000e+00	6.2994264541231498e+07	-1.0030574861087431e+04	-1.1998907683774392e+08	9.3023611311294441e-01	-3.5192620495573247e-04	2.8949626656917490e+03	9.3067329464577264e-01	2.5754481357349173e+00	5.9831805743484356e-01	8.1417603745505895e-01	0.0000000000000000e+00	0.0000000000000000e+00	
1.2622538637313458e+00	7.2210148871914470e-01	-8.2380389013643761e-05	1.3654639665123469e-03	5.2500000000000002e-01	0.0000000000000000e+00	6.2994609683404483e+07	-7.1866912512348144e+03	-1.1998973351114008e+08	9.3221971247367863e-01	-3.5232776092402777e-04	2.8949626656917490e+03	9.3265688864232876e-01	2.5754481357349173e+00	5.9831805743484356e-01	8.1417603745505895e-01	0.0000000000000000e+00	0.0000000000000000e+00	
1.2636714521839476e+00	7.2210148871914470e-01	-8.2380389013643761e-05	1.3654639665123469e-03	5.2500000000000002e-01	0.0000000000000000e+00	6.2994609683404483e+07	-7.1866912512348144e+03	-1.1998973351114008e+08	9.3221971247367863e-01	-3.5232776092402777e-04	2.8949626656917490e+03	9.3265688864232876e-01	2.5754481357349173e+00	5.9831805743484356e-01	8.1417603745505895e-01	0.0000000000000000e+00	0.0000000000000000e+00	
1.2650890406365496e+00	7.1968719607535914e-01	-4.8344893600326185e-05	9.6019567930854036e-04	5.2500000000000002e-01	0.0000000000000000e+00	6.2994903322370201e+07	-4.2316744206241556e+03	-1.1999029231333579e+08	9.3419719455057659e-01	-3.5265809403499615e-04	2.8949626656917490e+03	9.3463436513847087e-01	2.5754481357349173e+00	5.9831805743484356e-01	8.1417603745505895e-01	0.0000000000000000e+00	0.0000000000000000e+00	
1.2665066290891513e+00	7.1968719607535914e-01	-4.8344893600326185e-05	9.6019567930854036e-04	5.2500000000000002e-01	0.0000000000000000e+00	6.2994903322370201e+07	-4.2316744206241556e+03	-1.1999029231333579e+08	9.3419719455057659e-01	-3.5265809403499615e-04	2.8949626656917490e+03	9.3463436513847087e-01	2.5754481357349173e+00	5.9831805743484356e-01	8.1417603745505895e-01	0.0000000000000000e+00	0.0000000000000000e+00	
1.2679242175417533e+00	7.1724962676046433e-01	-1.4733456200415934e-05	5.4178941044971890e-04	5.2500000000000002e-01	0.0000000000000000e+00	6.2995139421956301e+07	-1.2940210672601029e+03	-1.1999074178142272e+08	9.3616856465968146e-01	-3.5291228800911556e-04	2.8949626656917490e+03	9.3660572947881271e-01	2.5754481357349173e+00	5.9831805743484356e-01	8.1417603745505895e-01	0.0000000000000000e+00	0.0000000000000000e+00	
1.2693418059943551e+00	7.1724962676046433e-01	-1.4733456200415934e-05	5.4178941044971890e-04	5.2500000000000002e-01	0.0000000000000000e+00	6.2995139421956301e+07	-1.2940210672601029e+03	-1.1999074178142272e+08	9.3616856465968146e-01	-3.5291228800911556e-04	2.8949626656917490e+03	9.3660572947881271e-01	2.5754481357349173e+00	5.9831805743484356e-01	8.1417603745505895e-01	0.0000000000000000e+00	0.0000000000000000e+00	
1.2707593944469571e+00	7.1479775751091956e-01	1.6957094995310877e-05	1.0902214890025145e-04	5.2500000000000002e-01	0.0000000000000000e+00	6.2995315347871125e+07	1.4944332650583301e+03	-1.1999107688685197e+08	9.3813381765426718e-01	-3.5308897294077031e-04	2.8949626656917490e+03	9.3857097653861410e-01	2.5754481357349173e+00	5.9831805743484356e-01	8.1417603745505895e-01	0.0000000000000000e+00	0.0000000000000000e+00	
1.2721769828995588e+00	7.1479775751091956e-01	1.6957094995310877e-05	1.0902214890025145e-04	5.2500000000000002e-01	0.0000000000000000e+00	6.2995315347871125e+07	1.4944332650583301e+03	-1.1999107688685197e+08	9.3813381765426718e-01	-3.5308897294077031e-04	2.8949626656917490e+03	9.3857097653861410e-01	2.5754481357349173e+00	5.9831805743484356e-01	8.1417603745505895e-01	0.0000000000000000e+00	0.0000000000000000e+00	
1.2735945713521608e+00	7.1234915026457191e-01	4.5291049766669420e-05	-3.3754322687074592e-04	5.2500000000000002e-01	0.0000000000000000e+00	6.2995427703713350e+07	4.0052396358468714e+03	-1.1999129110674210e+08	9.4009296705927925e-01	-3.5319034142587962e-04	2.8949626656917490e+03	9.4053011985316060e-01	2.5754481357349173e+00	5.9831805743484356e-01	8.1417603745505895e-01	0.0000000000000000e+00	0.0000000000000000e+00	
1.2750121598047626e+00	7.1234915026457191e-01	4.5291049766669420e-05	-3.3754322687074592e-04	5.2500000000000002e-01	0.0000000000000000e+00	6.2995427703713350e+07	4.0052396358468714e+03	-1.1999129110674210e+08	9.4009296705927925e-01	-3.5319034142587962e-04	2.8949626656917490e+03	9.4053011985316060e-01	2.5754481357349173e+00	5.9831805743484356e-01	8.1417603745505895e-01	0.0000000000000000e+00	0.0000000000000000e+00	
1.2764297482573645e+00	7.0991586932986395e-01	6.8796130060302192e-05	-7.9600258743748730e-04	5.2500000000000002e-01	0.0000000000000000e+00	6.2995475244389527e+07	6.1047302861599301e+03	-1.1999138198130746e+08	9.4204604161367755e-01	-3.5322249150746102e-04	2.8949626656917490e+03	9.4248318815957122e-01	2.5754481357349173e+00	5.9831805743484356e-01	8.1417603745505895e-01	0.0000000000000000e+00	0.0000000000000000e+00	
1.2778473367099663e+00	7.0991586932986395e-01	6.8796130060302192e-05	-7.9600258743748730e-04	5.2500000000000002e-01	0.0000000000000000e+00	6.2995475244389527e+07	6.1047302861599301e+03	-1.1999138198130746e+08	9.4204604161367755e-01	-3.5322249150746102e-04	2.8949626656917490e+03	9.4248318815957122e-01	2.5754481357349173e+00	5.9831805743484356e-01	8.1417603745505895e-01	0.0000000000000000e+00	0.0000000000000000e+00	
1.2792649251625683e+00	7.0751026832104280e-01	8.6273717591284427e-05	-1.2634979238612515e-03	5.2500000000000002e-01	0.0000000000000000e+00	6.2995452366011247e+07	7.6816579353083325e+03	-1.1999133873211710e+08	9.4399309913124585e-01	-3.5319496121582550e-04	2.8949626656917490e+03	9.4443023926301051e-01	2.5754481357349173e+00	5.9831805743484356e-01	8.1417603745505895e-01	0.0000000000000000e+00	0.0000000000000000e+00	
1.2806825136151700e+00	7.0751026832104280e-01	8.6273717591284427e-05	-1.2634979238612515e-03	5.2500000000000002e-01	0.0000000000000000e+00	6.2995452366011247e+07	7.6816579353083325e+03	-1.1999133873211710e+08	9.4399309913124585e-01	-3.5319496121582550e-04	2.8949626656917490e+03	9.4443023926301051e-01	2.5754481357349173e+00	5.9831805743484356e-01	8.1417603745505895e-01	0.0000000000000000e+00	0.0000000000000000e+00	
1.2821001020677720e+00	7.0514866749170357e-01	9.6957739893385343e-05	-1.7362310106028536e-03	5.2500000000000002e-01	0.0000000000000000e+00	6.2995355434875384e+07	8.6618433364873963e+03	-1.1999115434357309e+08	9.4593424137125770e-01	-3.5311995207538532e-04	2.8949626656917490e+03	9.4637137491320322e-01	2.5754481357349173e+00	5.9831805743484356e-01	8.1417603745505895e-01	0.0000000000000000e+00	0.0000000000000000e+00	
1.2835176905203738e+00	7.0514866749170357e-01	9.6957739893385343e-05	-1.7362310106028536e-03	5.2500000000000002e-01	0.0000000000000000e+00	6.2995355434875384e+07	8.6618433364873963e+03	-1.1999115434357309e+08	9.4593424137125770e-01	-3.5311995207538532e-04	2.8949626656917490e+03	9.4637137491320322e-01	2.5754481357349173e+00	5.9831805743484356e-01	8.1417603745505895e-01	0.0000000000000000e+00	0.0000000000000000e+00	
1.2849352789729758e+00	7.0285191985620299e-01	1.0054890815085163e-04	-2.2100903175209384e-03	5.2500000000000002e-01	0.0000000000000000e+00	6.2995179833768107e+07	9.0119929562799261e+03	-1.1999081995883617e+08	9.4786963109929889e-01	-3.5301141875848961e-04	2.8949626656917490e+03	9.4830675787076046e-01	2.5754481357349173e+00	5.9831805743484356e-01	8.1417603745505895e-01	0.0000000000000000e+00	0.0000000000000000e+00	
1.2863528674255775e+00	7.0285191985620299e-01	1.0054890815085163e-04	-2.2100903175209384e-03	5.2500000000000002e-01	0.0000000000000000e+00	6.2995179833768107e+07	9.0119929562799261e+03	-1.1999081995883617e+08	9.4786963109929889e-01	-3.5301141875848961e-04	2.8949626656917490e+03	9.4830675787076046e-01	2.5754481357349173e+00	5.9831805743484356e-01	8.1417603745505895e-01	0.0000000000000000e+00	0.0000000000000000e+00	
1.2877704558781795e+00	7.0064000665846438e-01	9.7164333002565295e-05	-2.6808031224445613e-03	5.2500000000000002e-01	0.0000000000000000e+00	6.2994924378872588e+07	8.7360980698378553e+03	-1.1999033330405901e+08	9.4979949354301929e-01	-3.5288418830825807e-04	2.8949626656917490e+03	9.5023661336672027e-01	2.5754481357349173e+00	5.9831805743484356e-01	8.1417603745505895e-01	0.0000000000000000e+00	0.0000000000000000e+00	
1.2891880443307813e+00	7.0064000665846438e-01	9.7164333002565295e-05	-2.6808031224445613e-03	5.2500000000000002e-01	0.0000000000000000e+00	6.2994924378872588e+07	8.7360980698378553e+03	-1.1999033330405901e+08	9.4979949354301929e-01	-3.5288418830825807e-04	2.8949626656917490e+03	9.5023661336672027e-01	2.5754481357349173e+00	5.9831805743484356e-01	8.1417603745505895e-01	0.0000000000000000e+00	0.0000000000000000e+00	
1.2906056327833832e+00	6.9852939027097893e-01	8.7247209277865179e-05	-3.1446070041760915e-03	5.2500000000000002e-01	0.0000000000000000e+00	6.2994586834381685e+07	7.8681040160383982e+03	-1.1998969014428529e+08	9.5172411325943018e-01	-3.5275315088247885e-04	2.8949626656917490e+03	9.5216122597089725e-01	2.5754481357349173e+00	5.9831805743484356e-01	8.1417603745505895e-01	0.0000000000000000e+00	0.0000000000000000e+00	
1.2920232212359850e+00	6.9852939027097893e-01	8.7247209277865179e-05	-3.1446070041760915e-03	5.2500000000000002e-01	0.0000000000000000e+00	6.2994586834381685e+07	7.8681040160383982e+03	-1.1998969014428529e+08	9.5172411325943018e-01	-3.5275315088247885e-04	2.8949626656917490e+03	9.5216122597089725e-01	2.5754481357349173e+00	5.9831805743484356e-01	8.1417603745505895e-01	0.0000000000000000e+00	0.0000000000000000e+00	
1.2934408096885870e+00	6.9652843637038320e-01	7.1452472409994105e-05	-3.5982507299590137e-03	5.2500000000000002e-01	0.0000000000000000e+00	6.2994168415503867e+07	6.4621756207895060e+03	-1.1998889285135399e+08	9.5364381690153599e-01	-3.5263265904177186e-04	2.8949626656917490e+03	9.5408092235852093e-01	2.5754481357349173e+00	5.9831805743484356e-01	8.1417603745505895e-01	0.0000000000000000e+00	0.0000000000000000e+00	
1.2948583981411887e+00	6.9652843637038320e-01	7.1452472409994105e-05	-3.5982507299590137e-03	5.2500000000000002e-01	0.0000000000000000e+00	6.2994168415503867e+07	6.4621756207895060e+03	-1.1998889285135399e+08	9.5364381690153599e-01	-3.5263265904177186e-04	2.8949626656917490e+03	9.5408092235852093e-01	2.5754481357349173e+00	5.9831805743484356e-01	8.1417603745505895e-01	0.0000000000000000e+00	0.0000000000000000e+00	
1.2962759865937907e+00	6.9463757302116502e-01	5.0516369587309584e-05	-4.0397076559708029e-03	5.2500000000000002e-01	0.0000000000000000e+00	6.2993668416757107e+07	4.5811104365705942e+03	-1.1998794015873133e+08	9.5555895520733991e-01	-3.5253619773348581e-04	2.8949626656917490e+03	9.5599605329750337e-01	2.5754481357349173e+00	5.9831805743484356e-01	8.1417603745505895e-01	0.0000000000000000e+00	0.0000000000000000e+00	
1.2976935750463925e+00	6.9463757302116502e-01	5.0516369587309584e-05	-4.0397076559708029e-03	5.2500000000000002e-01	0.0000000000000000e+00	6.2993668416757107e+07	4.5811104365705942e+03	-1.1998794015873133e+08	9.5555895520733991e-01	-3.5253619773348581e-04	2.8949626656917490e+03	9.5599605329750337e-01	2.5754481357349173e+00	5.9831805743484356e-01	8.1417603745505895e-01	0.0000000000000000e+00	0.0000000000000000e+00	
1.2991111634989945e+00	6.9284782626961916e-01	2.5217574792815689e-05	-4.4672335580323375e-03	5.2500000000000002e-01	0.0000000000000000e+00	6.2993091932009049e+07	2.2927588815267277e+03	-1.1998684185473107e+08	9.5746987894026714e-01	-3.5247617720653607e-04	2.8949626656917490e+03	9.5790696958853205e-01	2.5754481357349173e+00	5.9831805743484356e-01	8.1417603745505895e-01	0.0000000000000000e+00	0.0000000000000000e+00	
1.3005287519515962e+00	6.9284782626961916e-01	2.5217574792815689e-05	-4.4672335580323375e-03	5.2500000000000002e-01	0.0000000000000000e+00	6.2993091932009049e+07	2.2927588815267277e+03	-1.1998684185473107e+08	9.5746987894026714e-01	-3.5247617720653607e-04	2.8949626656917490e+03	9.5790696958853205e-01	2.5754481357349173e+00	5.9831805743484356e-01	8.1417603745505895e-01	0.0000000000000000e+00	0.0000000000000000e+00	
1.3019463404041982e+00	6.9113872687305522e-01	-3.5712504994423673e-06	-4.8799303036286580e-03	5.2500000000000002e-01	0.0000000000000000e+00	6.2992444310258858e+07	-3.2549441878609537e+02	-1.1998560821161868e+08	9.5937691064342501e-01	-3.5246355712654435e-04	2.8949626656917490e+03	9.5981399381849186e-01	2.5754481357349173e+00	5.9831805743484356e-01	8.1417603745505895e-01	0.0000000000000000e+00	0.0000000000000000e+00	
1.3033639288568000e+00	6.9113872687305522e-01	-3.5712504994423673e-06	-4.8799303036286580e-03	5.2500000000000002e-01	0.0000000000000000e+00	6.2992444310258858e+07	-3.2549441878609537e+02	-1.1998560821161868e+08	9.5937691064342501e-01	-3.5246355712654435e-04	2.8949626656917490e+03	9.5981399381849186e-01	2.5754481357349173e+00	5.9831805743484356e-01	8.1417603745505895e-01	0.0000000000000000e+00	0.0000000000000000e+00	
1.3047815173094020e+00	6.8948221039013702e-01	-3.4962825006623830e-05	-5.2774444003089883e-03	5.2500000000000002e-01	0.0000000000000000e+00	6.2991736571164504e+07	-3.1942362390391131e+03	-1.1998426028981422e+08	9.6128032118495133e-01	-3.5250762921373689e-04	2.8949626656917490e+03	9.6171739690501212e-01	2.5754481357349173e+00	5.9831805743484356e-01	8.1417603745505895e-01	0.0000000000000000e+00	0.0000000000000000e+00	
1.3061991057620037e+00	6.8948221039013702e-01	-3.4962825006623830e-05	-5.2774444003089883e-03	5.2500000000000002e-01	0.0000000000000000e+00	6.2991736571164504e+07	-3.1942362390391131e+03	-1.1998426028981422e+08	9.6128032118495133e-01	-3.5250762921373689e-04	2.8949626656917490e+03	9.6171739690501212e-01	2.5754481357349173e+00	5.9831805743484356e-01	8.1417603745505895e-01	0.0000000000000000e+00	0.0000000000000000e+00	
1.3076166942146057e+00	6.8785223462690204e-01	-6.8102061764331720e-05	-5.6605907852988989e-03	5.2500000000000002e-01	0.0000000000000000e+00	6.2990977452441186e+07	-6.2365363098494909e+03	-1.1998281478318283e+08	9.6318032494843953e-01	-3.5261593807957742e-04	2.8949626656917490e+03	9.6361739328631979e-01	2.5754481357349173e+00	5.9831805743484356e-01	8.1417603745505895e-01	0.0000000000000000e+00	0.0000000000000000e+00	
1.3090342826672074e+00	6.8785223462690204e-01	-6.8102061764331720e-05	-5.6605907852988989e-03	5.2500000000000002e-01	0.0000000000000000e+00	6.2990977452441186e+07	-6.2365363098494909e+03	-1.1998281478318283e+08	9.6318032494843953e-01	-3.5261593807957742e-04	2.8949626656917490e+03	9.6361739328631979e-01	2.5754481357349173e+00	5.9831805743484356e-01	8.1417603745505895e-01	0.0000000000000000e+00	0.0000000000000000e+00	
1.3104518711198094e+00	6.8622480005935449e-01	-1.0222403632100677e-04	-6.0305130707914390e-03	5.2500000000000002e-01	0.0000000000000000e+00	6.2990179466400288e+07	-9.3833833943091213e+03	-1.1998129555295610e+08	9.6507707143325727e-01	-3.5279440547144664e-04	2.8949626656917490e+03	9.6551413252106166e-01	2.5754481357349173e+00	5.9831805743484356e-01	8.1417603745505895e-01	0.0000000000000000e+00	0.0000000000000000e+00	
1.3118694595724112e+00	6.8622480005935449e-01	-1.0222403632100677e-04	-6.0305130707914390e-03	5.2500000000000002e-01	0.0000000000000000e+00	6.2990179466400288e+07	-9.3833833943091213e+03	-1.1998129555295610e+08	9.6507707143325727e-01	-3.5279440547144664e-04	2.8949626656917490e+03	9.6551413252106166e-01	2.5754481357349173e+00	5.9831805743484356e-01	8.1417603745505895e-01	0.0000000000000000e+00	0.0000000000000000e+00	
1.3132870480250132e+00	6.8458392569612736e-01	-1.3667063111546171e-04	-6.3889582144354947e-03	5.2500000000000002e-01	0.0000000000000000e+00	6.2989351425897971e+07	-1.2575221371400352e+04	-1.1997971939268433e+08	9.6697064817028178e-01	-3.5304753195221816e-04	2.8949626656917490e+03	9.6740770220190730e-01	2.5754481357349173e+00	5.9831805743484356e-01	8.1417603745505895e-01	0.0000000000000000e+00	0.0000000000000000e+00	
1.3147046364776149e+00	6.8458392569612736e-01	-1.3667063111546171e-04	-6.3889582144354947e-03	5.2500000000000002e-01	0.0000000000000000e+00	6.2989351425897971e+07	-1.2575221371400352e+04	-1.1997971939268433e+08	9.6697064817028178e-01	-3.5304753195221816e-04	2.8949626656917490e+03	9.6740770220190730e-01	2.5754481357349173e+00	5.9831805743484356e-01	8.1417603745505895e-01	0.0000000000000000e+00	0.0000000000000000e+00	
1.3161222249302169e+00	6.8291800033171046e-01	-1.7080244906977099e-04	-6.7370965720269125e-03	5.2500000000000002e-01	0.0000000000000000e+00	6.2988506106951930e+07	-1.5753854930003186e+04	-1.1997811062290509e+08	9.6886108150391592e-01	-3.5337849171211601e-04	2.8949626656917490e+03	9.6929812873361831e-01	2.5754481357349173e+00	5.9831805743484356e-01	8.1417603745505895e-01	0.0000000000000000e+00	0.0000000000000000e+00	
1.3175398133828187e+00	6.8291800033171046e-01	-1.7080244906977099e-04	-6.7370965720269125e-03	5.2500000000000002e-01	0.0000000000000000e+00	6.2988506106951930e+07	-1.5753854930003186e+04	-1.1997811062290509e+08	9.6886108150391592e-01	-3.5337849171211601e-04	2.8949626656917490e+03	9.6929812873361831e-01	2.5754481357349173e+00	5.9831805743484356e-01	8.1417603745505895e-01	0.0000000000000000e+00	0.0000000000000000e+00	
1.3189574018354207e+00	6.8122564287380905e-01	-2.0396087762824635e-04	-7.0764389175998746e-03	5.2500000000000002e-01	0.0000000000000000e+00	6.2987648107099965e+07	-1.8858679384802741e+04	-1.1997647796242054e+08	9.7074835370165946e-01	-3.5378910709494443e-04	2.8949626656917490e+03	9.7118539443612661e-01	2.5754481357349173e+00	5.9831805743484356e-01	8.1417603745505895e-01	0.0000000000000000e+00	0.0000000000000000e+00	
1.3203749902880224e+00	6.8122564287380905e-01	-2.0396087762824635e-04	-7.0764389175998746e-03	5.2500000000000002e-01	0.0000000000000000e+00	6.2987648107099965e+07	-1.8858679384802741e+04	-1.1997647796242054e+08	9.7074835370165946e-01	-3.5378910709494443e-04	2.8949626656917490e+03	9.7118539443612661e-01	2.5754481357349173e+00	5.9831805743484356e-01	8.1417603745505895e-01	0.0000000000000000e+00	0.0000000000000000e+00	
1.3217925787406244e+00	6.7951335660623491e-01	-2.3545595168185935e-04	-7.4080807444323769e-03	5.2500000000000002e-01	0.0000000000000000e+00	6.2986782164542571e+07	-2.1825343966747660e+04	-1.1997483037306046e+08	9.7263241779142062e-01	-3.5427974343037985e-04	2.8949626656917490e+03	9.7306945237524312e-01	2.5754481357349173e+00	5.9831805743484356e-01	8.1417603745505895e-01	0.0000000000000000e+00	0.0000000000000000e+00	
1.3232101671932261e+00	6.7951335660623491e-01	-2.3545595168185935e-04	-7.4080807444323769e-03	5.2500000000000002e-01	0.0000000000000000e+00	6.2986782164542571e+07	-2.1825343966747660e+04	-1.1997483037306046e+08	9.7263241779142062e-01	-3.5427974343037985e-04	2.8949626656917490e+03	9.7306945237524312e-01	2.5754481357349173e+00	5.9831805743484356e-01	8.1417603745505895e-01	0.0000000000000000e+00	0.0000000000000000e+00	
1.3246277556458281e+00	6.7779591233707170e-01	-2.6455876014350529e-04	-7.7334656006275591e-03	5.2500000000000002e-01	0.0000000000000000e+00	6.2985908273500249e+07	-2.4584795358079598e+04	-1.1997316775522895e+08	9.7451321752407238e-01	-3.5484908767534210e-04	2.8949626656917490e+03	9.7495024631990779e-01	2.5754481357349173e+00	5.9831805743484356e-01	8.1417603745505895e-01	0.0000000000000000e+00	0.0000000000000000e+00	
1.3260453440984299e+00	6.7779591233707170e-01	-2.6455876014350529e-04	-7.7334656006275591e-03	5.2500000000000002e-01	0.0000000000000000e+00	6.2985908273500249e+07	-2.4584795358079598e+04	-1.1997316775522895e+08	9.7451321752407238e-01	-3.5484908767534210e-04	2.8949626656917490e+03	9.7495024631990779e-01	2.5754481357349173e+00	5.9831805743484356e-01	8.1417603745505895e-01	0.0000000000000000e+00	0.0000000000000000e+00	
1.3274629325510319e+00	6.7608932603644079e-01	-2.9060987038630345e-04	-8.0542781511782555e-03	5.2500000000000002e-01	0.0000000000000000e+00	6.2985029910283946e+07	-2.7073451204757672e+04	-1.1997149662648092e+08	9.7639069422578328e-01	-3.5549415259849686e-04	2.8949626656917490e+03	9.7682771759232190e-01	2.5754481357349173e+00	5.9831805743484356e-01	8.1417603745505895e-01	0.0000000000000000e+00	0.0000000000000000e+00	
1.3288805210036336e+00	6.7608932603644079e-01	-2.9060987038630345e-04	-8.0542781511782555e-03	5.2500000000000002e-01	0.0000000000000000e+00	6.2985029910283946e+07	-2.7073451204757672e+04	-1.1997149662648092e+08	9.7639069422578328e-01	-3.5549415259849686e-04	2.8949626656917490e+03	9.7682771759232190e-01	2.5754481357349173e+00	5.9831805743484356e-01	8.1417603745505895e-01	0.0000000000000000e+00	0.0000000000000000e+00	
1.3302981094562356e+00	6.7441009170234978e-01	-3.1294173476562704e-04	-8.3727528697560873e-03	5.2500000000000002e-01	0.0000000000000000e+00	6.2984148420309253e+07	-2.9226087972133231e+04	-1.1996981943065926e+08	9.7826479334696448e-01	-3.5621005180200114e-04	2.8949626656917490e+03	9.7870181161790670e-01	2.5754481357349173e+00	5.9831805743484356e-01	8.1417603745505895e-01	0.0000000000000000e+00	0.0000000000000000e+00	
1.3317156979088374e+00	6.7441009170234978e-01	-3.1294173476562704e-04	-8.3727528697560873e-03	5.2500000000000002e-01	0.0000000000000000e+00	6.2984148420309253e+07	-2.9226087972133231e+04	-1.1996981943065926e+08	9.7826479334696448e-01	-3.5621005180200114e-04	2.8949626656917490e+03	9.7870181161790670e-01	2.5754481357349173e+00	5.9831805743484356e-01	8.1417603745505895e-01	0.0000000000000000e+00	0.0000000000000000e+00	
1.3331332863614394e+00	6.7277435092032856e-01	-3.3093649747667405e-04	-8.6910585270675647e-03	5.2500000000000002e-01	0.0000000000000000e+00	6.2983270248126566e+07	-3.0981357756919311e+04	-1.1996814831993005e+08	9.8013546952979458e-01	-3.5698987916029968e-04	2.8949626656917490e+03	9.8057248299833333e-01	2.5754481357349173e+00	5.9831805743484356e-01	8.1417603745505895e-01	0.0000000000000000e+00	0.0000000000000000e+00	
1.3345508748140411e+00	6.7277435092032856e-01	-3.3093649747667405e-04	-8.6910585270675647e-03	5.2500000000000002e-01	0.0000000000000000e+00	6.2983270248126566e+07	-3.0981357756919311e+04	-1.1996814831993005e+08	9.8013546952979458e-01	-3.5698987916029968e-04	2.8949626656917490e+03	9.8057248299833333e-01	2.5754481357349173e+00	5.9831805743484356e-01	8.1417603745505895e-01	0.0000000000000000e+00	0.0000000000000000e+00	
1.3359684632666431e+00	6.7119979465960844e-01	-3.4411156111360027e-04	-9.0121080257051026e-03	5.2500000000000002e-01	0.0000000000000000e+00	6.2982399668266170e+07	-3.2289896458503750e+04	-1.1996649132472026e+08	9.8200270006448187e-01	-3.5782477005740952e-04	2.8949626656917490e+03	9.8243970897488631e-01	2.5754481357349173e+00	5.9831805743484356e-01	8.1417603745505895e-01	0.0000000000000000e+00	0.0000000000000000e+00	
1.3373860517192449e+00	6.7119979465960844e-01	-3.4411156111360027e-04	-9.0121080257051026e-03	5.2500000000000002e-01	0.0000000000000000e+00	6.2982399668266170e+07	-3.2289896458503750e+04	-1.1996649132472026e+08	9.8200270006448187e-01	-3.5782477005740952e-04	2.8949626656917490e+03	9.8243970897488631e-01	2.5754481357349173e+00	5.9831805743484356e-01	8.1417603745505895e-01	0.0000000000000000e+00	0.0000000000000000e+00	
1.3388036401718468e+00	6.6970707608343860e-01	-3.5214209616794574e-04	-9.3391485888548106e-03	5.2500000000000002e-01	0.0000000000000000e+00	6.2981545441417053e+07	-3.3116647895286900e+04	-1.1996486504387292e+08	9.8386649914281277e-01	-3.5870407847807858e-04	2.8949626656917490e+03	9.8430350369053055e-01	2.5754481357349173e+00	5.9831805743484356e-01	8.1417603745505895e-01	0.0000000000000000e+00	0.0000000000000000e+00	
1.3402212286244486e+00	6.6970707608343860e-01	-3.5214209616794574e-04	-9.3391485888548106e-03	5.2500000000000002e-01	0.0000000000000000e+00	6.2981545441417053e+07	-3.3116647895286900e+04	-1.1996486504387292e+08	9.8386649914281277e-01	-3.5870407847807858e-04	2.8949626656917490e+03	9.8430350369053055e-01	2.5754481357349173e+00	5.9831805743484356e-01	8.1417603745505895e-01	0.0000000000000000e+00	0.0000000000000000e+00	
1.3416388170770506e+00	6.6831393085011581e-01	-3.5498481163809731e-04	-9.6759953596116891e-03	5.2500000000000002e-01	0.0000000000000000e+00	6.2980718510537639e+07	-3.3453138510604127e+04	-1.1996329027638328e+08	9.8572692089172964e-01	-3.5961585915494107e-04	2.8949626656917490e+03	9.8616392122904550e-01	2.5754481357349173e+00	5.9831805743484356e-01	8.1417603745505895e-01	0.0000000000000000e+00	0.0000000000000000e+00	
1.3430564055296523e+00	6.6831393085011581e-01	-3.5498481163809731e-04	-9.6759953596116891e-03	5.2500000000000002e-01	0.0000000000000000e+00	6.2980718510537639e+07	-3.3453138510604127e+04	-1.1996329027638328e+08	9.8572692089172964e-01	-3.5961585915494107e-04	2.8949626656917490e+03	9.8616392122904550e-01	2.5754481357349173e+00	5.9831805743484356e-01	8.1417603745505895e-01	0.0000000000000000e+00	0.0000000000000000e+00	
1.3444739939822543e+00	6.6702873021140252e-01	-3.5293106541801612e-04	-1.0026770431507381e-02	5.2500000000000002e-01	0.0000000000000000e+00	6.2979937348590568e+07	-3.3323266872407839e+04	-1.1996180221793176e+08	9.8758404541278177e-01	-3.6054760177105715e-04	2.8949626656917490e+03	9.8802104165729088e-01	2.5754481357349173e+00	5.9831805743484356e-01	8.1417603745505895e-01	0.0000000000000000e+00	0.0000000000000000e+00	
1.3458915824348561e+00	6.6702873021140252e-01	-3.5293106541801612e-04	-1.0026770431507381e-02	5.2500000000000002e-01	0.0000000000000000e+00	6.2979937348590568e+07	-3.3323266872407839e+04	-1.1996180221793176e+08	9.8758404541278177e-01	-3.6054760177105715e-04	2.8949626656917490e+03	9.8802104165729088e-01	2.5754481357349173e+00	5.9831805743484356e-01	8.1417603745505895e-01	0.0000000000000000e+00	0.0000000000000000e+00	
1.3473091708874581e+00	6.6585251508586785e-01	-3.4652600552064752e-04	-1.0396328931062664e-02	5.2500000000000002e-01	0.0000000000000000e+00	6.2979219086823404e+07	-3.2775932697576871e+04	-1.1996043355337730e+08	9.8943797249318088e-01	-3.6148690015824346e-04	2.8949626656917490e+03	9.8987496473729164e-01	2.5754481357349173e+00	5.9831805743484356e-01	8.1417603745505895e-01	0.0000000000000000e+00	0.0000000000000000e+00	
1.3487267593400598e+00	6.6585251508586785e-01	-3.4652600552064752e-04	-1.0396328931062664e-02	5.2500000000000002e-01	0.0000000000000000e+00	6.2979219086823404e+07	-3.2775932697576871e+04	-1.1996043355337730e+08	9.8943797249318088e-01	-3.6148690015824346e-04	2.8949626656917490e+03	9.8987496473729164e-01	2.5754481357349173e+00	5.9831805743484356e-01	8.1417603745505895e-01	0.0000000000000000e+00	0.0000000000000000e+00	
1.3501443477926618e+00	6.6478001269464182e-01	-3.3654810970705073e-04	-1.0789246186551643e-02	5.2500000000000002e-01	0.0000000000000000e+00	6.2978584612832621e+07	-3.1883214294546149e+04	-1.1995922415875834e+08	9.9128881274455283e-01	-3.6242216796680756e-04	2.8949626656917490e+03	9.9172580106119002e-01	2.5754481357349173e+00	5.9831805743484356e-01	8.1417603745505895e-01	0.0000000000000000e+00	0.0000000000000000e+00	
1.3515619362452636e+00	6.6478001269464182e-01	-3.3654810970705073e-04	-1.0789246186551643e-02	5.2500000000000002e-01	0.0000000000000000e+00	6.2978584612832621e+07	-3.1883214294546149e+04	-1.1995922415875834e+08	9.9128881274455283e-01	-3.6242216796680756e-04	2.8949626656917490e+03	9.9172580106119002e-01	2.5754481357349173e+00	5.9831805743484356e-01	8.1417603745505895e-01	0.0000000000000000e+00	0.0000000000000000e+00	
1.3529795246978655e+00	6.6380314709968691e-01	-3.2394404663577142e-04	-1.1210133873697993e-02	5.2500000000000002e-01	0.0000000000000000e+00	6.2978049841876499e+07	-3.0734057836491374e+04	-1.1995820445937890e+08	9.9313668685809775e-01	-3.6334326869914612e-04	2.8949626656917490e+03	9.9357367130086527e-01	2.5754481357349173e+00	5.9831805743484356e-01	8.1417603745505895e-01	0.0000000000000000e+00	0.0000000000000000e+00	
1.3543971131504673e+00	6.6380314709968691e-01	-3.2394404663577142e-04	-1.1210133873697993e-02	5.2500000000000002e-01	0.0000000000000000e+00	6.2978049841876499e+07	-3.0734057836491374e+04	-1.1995820445937890e+08	9.9313668685809775e-01	-3.6334326869914612e-04	2.8949626656917490e+03	9.9357367130086527e-01	2.5754481357349173e+00	5.9831805743484356e-01	8.1417603745505895e-01	0.0000000000000000e+00	0.0000000000000000e+00	
1.3558147016030693e+00	6.6290868791813218e-01	-3.0972792031268417e-04	-1.1663181373705842e-02	5.2500000000000002e-01	0.0000000000000000e+00	6.2977628962198548e+07	-2.9424761509679538e+04	-1.1995740159276064e+08	9.9498171439302696e-01	-3.6424201985482110e-04	2.8949626656917490e+03	9.9541869499159064e-01	2.5754481357349173e+00	5.9831805743484356e-01	8.1417603745505895e-01	0.0000000000000000e+00	0.0000000000000000e+00	
1.3572322900556710e+00	6.6290868791813218e-01	-3.0972792031268417e-04	-1.1663181373705842e-02	5.2500000000000002e-01	0.0000000000000000e+00	6.2977628962198548e+07	-2.9424761509679538e+04	-1.1995740159276064e+08	9.9498171439302696e-01	-3.6424201985482110e-04	2.8949626656917490e+03	9.9541869499159064e-01	2.5754481357349173e+00	5.9831805743484356e-01	8.1417603745505895e-01	0.0000000000000000e+00	0.0000000000000000e+00	
1.3586498785082730e+00	6.6207912919093059e-01	-2.9486047549817993e-04	-1.2152568663599468e-02	5.2500000000000002e-01	0.0000000000000000e+00	6.2977329056309491e+07	-2.8047289776134407e+04	-1.1995682914631298e+08	9.9682400471318922e-01	-3.6511241380595701e-04	2.8949626656917490e+03	9.9726098146600184e-01	2.5754481357349173e+00	5.9831805743484356e-01	8.1417603745505895e-01	0.0000000000000000e+00	0.0000000000000000e+00	
1.3600674669608748e+00	6.6207912919093059e-01	-2.9486047549817993e-04	-1.2152568663599468e-02	5.2500000000000002e-01	0.0000000000000000e+00	6.2977329056309491e+07	-2.8047289776134407e+04	-1.1995682914631298e+08	9.9682400471318922e-01	-3.6511241380595701e-04	2.8949626656917490e+03	9.9726098146600184e-01	2.5754481357349173e+00	5.9831805743484356e-01	8.1417603745505895e-01	0.0000000000000000e+00	0.0000000000000000e+00	
1.3614850554134768e+00	6.6128922857928374e-01	-2.8013948941772412e-04	-1.2681701254106522e-02	5.2500000000000002e-01	0.0000000000000000e+00	6.2977155981498644e+07	-2.6678777695412322e+04	-1.1995649834745510e+08	9.9866363505391020e-01	-3.6595058765921039e-04	2.8949626656917490e+03	9.9910060792086153e-01	2.5754481357349173e+00	5.9831805743484356e-01	8.1417603745505895e-01	0.0000000000000000e+00	0.0000000000000000e+00	
1.3629026438660785e+00	6.6128922857928374e-01	-2.8013948941772412e-04	-1.2681701254106522e-02	5.2500000000000002e-01	0.0000000000000000e+00	6.2977155981498644e+07	-2.6678777695412322e+04	-1.1995649834745510e+08	9.9866363505391020e-01	-3.6595058765921039e-04	2.8949626656917490e+03	9.9910060792086153e-01	2.5754481357349173e+00	5.9831805743484356e-01	8.1417603745505895e-01	0.0000000000000000e+00	0.0000000000000000e+00	
1.3643202323186805e+00	6.6050840807918854e-01	-2.6612606507174047e-04	-1.3253414499875859e-02	5.2500000000000002e-01	0.0000000000000000e+00	6.2977109495098628e+07	-2.5374166527662765e+04	-1.1995640877497733e+08	1.0005006355448873e+00	-3.6675449627419671e-04	2.8949626656917490e+03	1.0009376044422804e+00	2.5754481357349173e+00	5.9831805743484356e-01	8.1417603745505895e-01	0.0000000000000000e+00	0.0000000000000000e+00	
1.3657378207712823e+00	6.6050840807918854e-01	-2.6612606507174047e-04	-1.3253414499875859e-02	5.2500000000000002e-01	0.0000000000000000e+00	6.2977109495098628e+07	-2.5374166527662765e+04	-1.1995640877497733e+08	1.0005006355448873e+00	-3.6675449627419671e-04	2.8949626656917490e+03	1.0009376044422804e+00	2.5754481357349173e+00	5.9831805743484356e-01	8.1417603745505895e-01	0.0000000000000000e+00	0.0000000000000000e+00	
1.3671554092238842e+00	6.5970732424195100e-01	-2.5310559251489397e-04	-1.3869717969487060e-02	5.2500000000000002e-01	0.0000000000000000e+00	6.2977184675386660e+07	-2.4162044373995213e+04	-1.1995655106749184e+08	1.0023349811886377e+00	-3.6752341440981210e-04	2.8949626656917490e+03	1.0027719459887725e+00	2.5754481357349173e+00	5.9831805743484356e-01	8.1417603745505895e-01	0.0000000000000000e+00	0.0000000000000000e+00	
1.3685729976764860e+00	6.5970732424195100e-01	-2.5310559251489397e-04	-1.3869717969487060e-02	5.2500000000000002e-01	0.0000000000000000e+00	6.2977184675386660e+07	-2.4162044373995213e+04	-1.1995655106749184e+08	1.0023349811886377e+00	-3.6752341440981210e-04	2.8949626656917490e+03	1.0027719459887725e+00	2.5754481357349173e+00	5.9831805743484356e-01	8.1417603745505895e-01	0.0000000000000000e+00	0.0000000000000000e+00	
1.3699905861290880e+00	6.5885279802558760e-01	-2.4113272024471719e-04	-1.4531785817173808e-02	5.2500000000000002e-01	0.0000000000000000e+00	6.2977372966927961e+07	-2.3049010800120621e+04	-1.1995690892336626e+08	1.0041665807523443e+00	-3.6825745869979319e-04	2.8949626656917490e+03	1.0046035412880787e+00	2.5754481357349173e+00	5.9831805743484356e-01	8.1417603745505895e-01	0.0000000000000000e+00	0.0000000000000000e+00	
1.3714081745816897e+00	6.5885279802558760e-01	-2.4113272024471719e-04	-1.4531785817173808e-02	5.2500000000000002e-01	0.0000000000000000e+00	6.2977372966927961e+07	-2.3049010800120621e+04	-1.1995690892336626e+08	1.0041665807523443e+00	-3.6825745869979319e-04	2.8949626656917490e+03	1.0046035412880787e+00	2.5754481357349173e+00	5.9831805743484356e-01	8.1417603745505895e-01	0.0000000000000000e+00	0.0000000000000000e+00	
1.3728257630342917e+00	6.5790953644697803e-01	-2.3010771901419929e-04	-1.5240419816559299e-02	5.2500000000000002e-01	0.0000000000000000e+00	6.2977659262849756e+07	-2.2026805691386624e+04	-1.1995745355209881e+08	1.0059952648408357e+00	-3.6895719217826641e-04	2.8949626656917490e+03	1.0064322209134917e+00	2.5754481357349173e+00	5.9831805743484356e-01	8.1417603745505895e-01	0.0000000000000000e+00	0.0000000000000000e+00	
1.3742433514868935e+00	6.5790953644697803e-01	-2.3010771901419929e-04	-1.5240419816559299e-02	5.2500000000000002e-01	0.0000000000000000e+00	6.2977659262849756e+07	-2.2026805691386624e+04	-1.1995745355209881e+08	1.0059952648408357e+00	-3.6895719217826641e-04	2.8949626656917490e+03	1.0064322209134917e+00	2.5754481357349173e+00	5.9831805743484356e-01	8.1417603745505895e-01	0.0000000000000000e+00	0.0000000000000000e+00	
1.3756609399394955e+00	6.5684177122633780e-01	-2.1990606667236795e-04	-1.5996179152680583e-02	5.2500000000000002e-01	0.0000000000000000e+00	6.2978021895574540e+07	-2.1084604677326202e+04	-1.1995814366678876e+08	1.0078207818047509e+00	-3.6962339836329805e-04	2.8949626656917490e+03	1.0082577331927669e+00	2.5754481357349173e+00	5.9831805743484356e-01	8.1417603745505895e-01	0.0000000000000000e+00	0.0000000000000000e+00	
1.3770785283920972e+00	6.5684177122633780e-01	-2.1990606667236795e-04	-1.5996179152680583e-02	5.2500000000000002e-01	0.0000000000000000e+00	6.2978021895574540e+07	-2.1084604677326202e+04	-1.1995814366678876e+08	1.0078207818047509e+00	-3.6962339836329805e-04	2.8949626656917490e+03	1.0082577331927669e+00	2.5754481357349173e+00	5.9831805743484356e-01	8.1417603745505895e-01	0.0000000000000000e+00	0.0000000000000000e+00	
1.3784961168446992e+00	6.5561509218087488e-01	-2.1040829501933146e-04	-1.6798578896352317e-02	5.2500000000000002e-01	0.0000000000000000e+00	6.2978437405155078e+07	-2.0211837395812443e+04	-1.1995893456852259e+08	1.0096427932224452e+00	-3.7025693789921826e-04	2.8949626656917490e+03	1.0100797396897931e+00	2.5754481357349173e+00	5.9831805743484356e-01	8.1417603745505895e-01	0.0000000000000000e+00	0.0000000000000000e+00	
1.3799137052973010e+00	6.5561509218087488e-01	-2.1040829501933146e-04	-1.6798578896352317e-02	5.2500000000000002e-01	0.0000000000000000e+00	6.2978437405155078e+07	-2.0211837395812443e+04	-1.1995893456852259e+08	1.0096427932224452e+00	-3.7025693789921826e-04	2.8949626656917490e+03	1.0100797396897931e+00	2.5754481357349173e+00	5.9831805743484356e-01	8.1417603745505895e-01	0.0000000000000000e+00	0.0000000000000000e+00	
1.3813312937499029e+00	6.5420259452318008e-01	-2.0148911053290573e-04	-1.7646249333142270e-02	5.2500000000000002e-01	0.0000000000000000e+00	6.2978878695177794e+07	-1.9396985516237510e+04	-1.1995977463282874e+08	1.0114608868723047e+00	-3.7085859205599186e-04	2.8949626656917490e+03	1.0118978281766493e+00	2.5754481357349173e+00	5.9831805743484356e-01	8.1417603745505895e-01	0.0000000000000000e+00	0.0000000000000000e+00	
1.3827488822025047e+00	6.5420259452318008e-01	-2.0148911053290573e-04	-1.7646249333142270e-02	5.2500000000000002e-01	0.0000000000000000e+00	6.2978878695177794e+07	-1.9396985516237510e+04	-1.1995977463282874e+08	1.0114608868723047e+00	-3.7085859205599186e-04	2.8949626656917490e+03	1.0118978281766493e+00	2.5754481357349173e+00	5.9831805743484356e-01	8.1417603745505895e-01	0.0000000000000000e+00	0.0000000000000000e+00	
1.3841664706551067e+00	6.5258563933494940e-01	-1.9305729276435790e-04	-1.8536586852706427e-02	5.2500000000000002e-01	0.0000000000000000e+00	6.2979320064732827e+07	-1.8631450493192344e+04	-1.1996061489646651e+08	1.0132745898653597e+00	-3.7142903478468528e-04	2.8949626656917490e+03	1.0137115257650220e+00	2.5754481357349173e+00	5.9831805743484356e-01	8.1417603745505895e-01	0.0000000000000000e+00	0.0000000000000000e+00	
1.3855840591077084e+00	6.5258563933494940e-01	-1.9305729276435790e-04	-1.8536586852706427e-02	5.2500000000000002e-01	0.0000000000000000e+00	6.2979320064732827e+07	-1.8631450493192344e+04	-1.1996061489646651e+08	1.0132745898653597e+00	-3.7142903478468528e-04	2.8949626656917490e+03	1.0137115257650220e+00	2.5754481357349173e+00	5.9831805743484356e-01	8.1417603745505895e-01	0.0000000000000000e+00	0.0000000000000000e+00	
1.3870016475603104e+00	6.5075416944639008e-01	-1.8513331111164361e-04	-1.9465979832999580e-02	5.2500000000000002e-01	0.0000000000000000e+00	6.2979739150165156e+07	-1.7917130906340299e+04	-1.1996141275960177e+08	1.0150833861115662e+00	-3.7196897479244617e-04	2.8949626656917490e+03	1.0155203163701780e+00	2.5754481357349173e+00	5.9831805743484356e-01	8.1417603745505895e-01	0.0000000000000000e+00	0.0000000000000000e+00	
1.3884192360129122e+00	6.5075416944639008e-01	-1.8513331111164361e-04	-1.9465979832999580e-02	5.2500000000000002e-01	0.0000000000000000e+00	6.2979739150165156e+07	-1.7917130906340299e+04	-1.1996141275960177e+08	1.0150833861115662e+00	-3.7196897479244617e-04	2.8949626656917490e+03	1.0155203163701780e+00	2.5754481357349173e+00	5.9831805743484356e-01	8.1417603745505895e-01	0.0000000000000000e+00	0.0000000000000000e+00	
1.3898368244655142e+00	6.4870689813433158e-01	-1.7787902915997208e-04	-2.0429643574971287e-02	5.2500000000000002e-01	0.0000000000000000e+00	6.2980119395863384e+07	-1.7269498022503612e+04	-1.1996213669249411e+08	1.0168867338264249e+00	-3.7247941800539527e-04	2.8949626656917490e+03	1.0173236582150760e+00	2.5754481357349173e+00	5.9831805743484356e-01	8.1417603745505895e-01	0.0000000000000000e+00	0.0000000000000000e+00	
1.3912544129181159e+00	6.4870689813433158e-01	-1.7787902915997208e-04	-2.0429643574971287e-02	5.2500000000000002e-01	0.0000000000000000e+00	6.2980119395863384e+07	-1.7269498022503612e+04	-1.1996213669249411e+08	1.0168867338264249e+00	-3.7247941800539527e-04	2.8949626656917490e+03	1.0173236582150760e+00	2.5754481357349173e+00	5.9831805743484356e-01	8.1417603745505895e-01	0.0000000000000000e+00	0.0000000000000000e+00	
1.3926720013707179e+00	6.4645103577062557e-01	-1.7158013107897873e-04	-2.1421624465756781e-02	5.2500000000000002e-01	0.0000000000000000e+00	6.2980451037001751e+07	-1.6716183355573168e+04	-1.1996276810551378e+08	1.0186840876039123e+00	-3.7296192138127395e-04	2.8949626656917490e+03	1.0191210059018214e+00	2.5754481357349173e+00	5.9831805743484356e-01	8.1417603745505895e-01	0.0000000000000000e+00	0.0000000000000000e+00	
1.3940895898233197e+00	6.4645103577062557e-01	-1.7158013107897873e-04	-2.1421624465756781e-02	5.2500000000000002e-01	0.0000000000000000e+00	6.2980451037001751e+07	-1.6716183355573168e+04	-1.1996276810551378e+08	1.0186840876039123e+00	-3.7296192138127395e-04	2.8949626656917490e+03	1.0191210059018214e+00	2.5754481357349173e+00	5.9831805743484356e-01	8.1417603745505895e-01	0.0000000000000000e+00	0.0000000000000000e+00	
1.3955071782759216e+00	6.4400185085646455e-01	-1.6656660990700984e-04	-2.2434650679180070e-02	5.2500000000000002e-01	0.0000000000000000e+00	6.2980731344171122e+07	-1.6289529130252326e+04	-1.1996330181096748e+08	1.0204749186150033e+00	-3.7341876347077822e-04	2.8949626656917490e+03	1.0209118306105016e+00	2.5754481357349173e+00	5.9831805743484356e-01	8.1417603745505895e-01	0.0000000000000000e+00	0.0000000000000000e+00	
1.3969247667285234e+00	6.4400185085646455e-01	-1.6656660990700984e-04	-2.2434650679180070e-02	5.2500000000000002e-01	0.0000000000000000e+00	6.2980731344171122e+07	-1.6289529130252326e+04	-1.1996330181096748e+08	1.0204749186150033e+00	-3.7341876347077822e-04	2.8949626656917490e+03	1.0209118306105016e+00	2.5754481357349173e+00	5.9831805743484356e-01	8.1417603745505895e-01	0.0000000000000000e+00	0.0000000000000000e+00	
1.3983423551811254e+00	6.4138545305810457e-01	-1.6315647533619360e-04	-2.3460474632964298e-02	5.2500000000000002e-01	0.0000000000000000e+00	6.2980962234092258e+07	-1.6021180028954468e+04	-1.1996374147016504e+08	1.0222587460109580e+00	-3.7385305506158799e-04	2.8949626656917490e+03	1.0226956515043082e+00	2.5754481357349173e+00	5.9831805743484356e-01	8.1417603745505895e-01	0.0000000000000000e+00	0.0000000000000000e+00	
1.3997599436337271e+00	6.4138545305810457e-01	-1.6315647533619360e-04	-2.3460474632964298e-02	5.2500000000000002e-01	0.0000000000000000e+00	6.2980962234092258e+07	-1.6021180028954468e+04	-1.1996374147016504e+08	1.0222587460109580e+00	-3.7385305506158799e-04	2.8949626656917490e+03	1.0226956515043082e+00	2.5754481357349173e+00	5.9831805743484356e-01	8.1417603745505895e-01	0.0000000000000000e+00	0.0000000000000000e+00	
1.4011775320863291e+00	6.3863589348525007e-01	-1.6158961931004318e-04	-2.4489620926384424e-02	5.2500000000000002e-01	0.0000000000000000e+00	6.2981150336853199e+07	-1.5935684496373744e+04	-1.1996409971981168e+08	1.0240351626059820e+00	-3.7426874008267638e-04	2.8949626656917490e+03	1.0244720614147698e+00	2.5754481357349173e+00	5.9831805743484356e-01	8.1417603745505895e-01	0.0000000000000000e+00	0.0000000000000000e+00	
1.4025951205389309e+00	6.3863589348525007e-01	-1.6158961931004318e-04	-2.4489620926384424e-02	5.2500000000000002e-01	0.0000000000000000e+00	6.2981150336853199e+07	-1.5935684496373744e+04	-1.1996409971981168e+08	1.0240351626059820e+00	-3.7426874008267638e-04	2.8949626656917490e+03	1.0244720614147698e+00	2.5754481357349173e+00	5.9831805743484356e-01	8.1417603745505895e-01	0.0000000000000000e+00	0.0000000000000000e+00	
1.4040127089915329e+00	6.3579264990375040e-01	-1.6196573226357530e-04	-2.5512185555044184e-02	5.2500000000000002e-01	0.0000000000000000e+00	6.2981301605157770e+07	-1.6044244353779106e+04	-1.1996438790240477e+08	1.0258038566261145e+00	-3.7467041109561080e-04	2.8949626656917490e+03	1.0262407485925447e+00	2.5754481357349173e+00	5.9831805743484356e-01	8.1417603745505895e-01	0.0000000000000000e+00	0.0000000000000000e+00	
1.4054302974441346e+00	6.3579264990375040e-01	-1.6196573226357530e-04	-2.5512185555044184e-02	5.2500000000000002e-01	0.0000000000000000e+00	6.2981301605157770e+07	-1.6044244353779106e+04	-1.1996438790240477e+08	1.0258038566261145e+00	-3.7467041109561080e-04	2.8949626656917490e+03	1.0262407485925447e+00	2.5754481357349173e+00	5.9831805743484356e-01	8.1417603745505895e-01	0.0000000000000000e+00	0.0000000000000000e+00	
1.4068478858967366e+00	6.3289801128572865e-01	-1.6423138072827118e-04	-2.6518166063925906e-02	5.2500000000000002e-01	0.0000000000000000e+00	6.2981421200652920e+07	-1.6343116236057134e+04	-1.1996461584971282e+08	1.0275646250032635e+00	-3.7506298594189004e-04	2.8949626656917490e+03	1.0280015100012958e+00	2.5754481357349173e+00	5.9831805743484356e-01	8.1417603745505895e-01	0.0000000000000000e+00	0.0000000000000000e+00	
1.4082654743493384e+00	6.3289801128572865e-01	-1.6423138072827118e-04	-2.6518166063925906e-02	5.2500000000000002e-01	0.0000000000000000e+00	6.2981421200652920e+07	-1.6343116236057134e+04	-1.1996461584971282e+08	1.0275646250032635e+00	-3.7506298594189004e-04	2.8949626656917490e+03	1.0280015100012958e+00	2.5754481357349173e+00	5.9831805743484356e-01	8.1417603745505895e-01	0.0000000000000000e+00	0.0000000000000000e+00	
1.4096830628019403e+00	6.2999455591783338e-01	-1.6826589598267585e-04	-2.7498140993677589e-02	5.2500000000000002e-01	0.0000000000000000e+00	6.2981515011732899e+07	-1.6821797830230422e+04	-1.1996479477754004e+08	1.0293173798996700e+00	-3.7545148246477029e-04	2.8949626656917490e+03	1.0297542578405130e+00	2.5754481357349173e+00	5.9831805743484356e-01	8.1417603745505895e-01	0.0000000000000000e+00	0.0000000000000000e+00	
1.4111006512545421e+00	6.2999455591783338e-01	-1.6826589598267585e-04	-2.7498140993677589e-02	5.2500000000000002e-01	0.0000000000000000e+00	6.2981515011732899e+07	-1.6821797830230422e+04	-1.1996479477754004e+08	1.0293173798996700e+00	-3.7545148246477029e-04	2.8949626656917490e+03	1.0297542578405130e+00	2.5754481357349173e+00	5.9831805743484356e-01	8.1417603745505895e-01	0.0000000000000000e+00	0.0000000000000000e+00	
1.4125182397071441e+00	6.2712451049415785e-01	-1.7390283972750693e-04	-2.8443904210159354e-02	5.2500000000000002e-01	0.0000000000000000e+00	6.2981586572400838e+07	-1.7464915773829143e+04	-1.1996493141700619e+08	1.0310621517395977e+00	-3.7584085431642078e-04	2.8949626656917490e+03	1.0314990225756422e+00	2.5754481357349173e+00	5.9831805743484356e-01	8.1417603745505895e-01	0.0000000000000000e+00	0.0000000000000000e+00	
1.4139358281597458e+00	6.2712451049415785e-01	-1.7390283972750693e-04	-2.8443904210159354e-02	5.2500000000000002e-01	0.0000000000000000e+00	6.2981586572400838e+07	-1.7464915773829143e+04	-1.1996493141700619e+08	1.0310621517395977e+00	-3.7584085431642078e-04	2.8949626656917490e+03	1.0314990225756422e+00	2.5754481357349173e+00	5.9831805743484356e-01	8.1417603745505895e-01	0.0000000000000000e+00	0.0000000000000000e+00	
1.4153534166123478e+00	6.2432816927828505e-01	-1.8091310875024353e-04	-2.9348944222615438e-02	5.2500000000000002e-01	0.0000000000000000e+00	6.2981637166298598e+07	-1.8250343865000552e+04	-1.1996502821051820e+08	1.0327990859113787e+00	-3.7623585349843750e-04	2.8949626656917490e+03	1.0332359496381913e+00	2.5754481357349173e+00	5.9831805743484356e-01	8.1417603745505895e-01	0.0000000000000000e+00	0.0000000000000000e+00	
1.4167710050649496e+00	6.2432816927828505e-01	-1.8091310875024353e-04	-2.9348944222615438e-02	5.2500000000000002e-01	0.0000000000000000e+00	6.2981637166298598e+07	-1.8250343865000552e+04	-1.1996502821051820e+08	1.0327990859113787e+00	-3.7623585349843750e-04	2.8949626656917490e+03	1.0332359496381913e+00	2.5754481357349173e+00	5.9831805743484356e-01	8.1417603745505895e-01	0.0000000000000000e+00	0.0000000000000000e+00	
1.4181885935175516e+00	6.2164175879799843e-01	-1.8897691904188035e-04	-3.0208370138357032e-02	5.2500000000000002e-01	0.0000000000000000e+00	6.2981666903363161e+07	-1.9146206314281841e+04	-1.1996508535914846e+08	1.0345284331825071e+00	-3.7664083516645582e-04	2.8949626656917490e+03	1.0349652898385902e+00	2.5754481357349173e+00	5.9831805743484356e-01	8.1417603745505895e-01	0.0000000000000000e+00	0.0000000000000000e+00	
1.4196061819701533e+00	6.2164175879799843e-01	-1.8897691904188035e-04	-3.0208370138357032e-02	5.2500000000000002e-01	0.0000000000000000e+00	6.2981666903363161e+07	-1.9146206314281841e+04	-1.1996508535914846e+08	1.0345284331825071e+00	-3.7664083516645582e-04	2.8949626656917490e+03	1.0349652898385902e+00	2.5754481357349173e+00	5.9831805743484356e-01	8.1417603745505895e-01	0.0000000000000000e+00	0.0000000000000000e+00	
1.4210237704227553e+00	6.1909571024877930e-01	-1.9766169682459972e-04	-3.1018835242230012e-02	5.2500000000000002e-01	0.0000000000000000e+00	6.2981677985469371e+07	-2.0108466483261331e+04	-1.1996510703911087e+08	1.0362505343571793e+00	-3.7705946057475337e-04	2.8949626656917490e+03	1.0366873840207753e+00	2.5754481357349173e+00	5.9831805743484356e-01	8.1417603745505895e-01	0.0000000000000000e+00	0.0000000000000000e+00	
1.4224413588753571e+00	6.1909571024877930e-01	-1.9766169682459972e-04	-3.1018835242230012e-02	5.2500000000000002e-01	0.0000000000000000e+00	6.2981677985469371e+07	-2.0108466483261331e+04	-1.1996510703911087e+08	1.0362505343571793e+00	-3.7705946057475337e-04	2.8949626656917490e+03	1.0366873840207753e+00	2.5754481357349173e+00	5.9831805743484356e-01	8.1417603745505895e-01	0.0000000000000000e+00	0.0000000000000000e+00	
1.4238589473279590e+00	6.1671256262303387e-01	-2.0645247547644184e-04	-3.1778445343209526e-02	5.2500000000000002e-01	0.0000000000000000e+00	6.2981674889089800e+07	-2.1083927065148768e+04	-1.1996510174885295e+08	1.0379658009387689e+00	-3.7749436199547431e-04	2.8949626656917490e+03	1.0384026437212646e+00	2.5754481357349173e+00	5.9831805743484356e-01	8.1417603745505895e-01	0.0000000000000000e+00	0.0000000000000000e+00	
1.4252765357805608e+00	6.1671256262303387e-01	-2.0645247547644184e-04	-3.1778445343209526e-02	5.2500000000000002e-01	0.0000000000000000e+00	6.2981674889089800e+07	-2.1083927065148768e+04	-1.1996510174885295e+08	1.0379658009387689e+00	-3.7749436199547431e-04	2.8949626656917490e+03	1.0384026437212646e+00	2.5754481357349173e+00	5.9831805743484356e-01	8.1417603745505895e-01	0.0000000000000000e+00	0.0000000000000000e+00	
1.4266941242331628e+00	6.1450836356855443e-01	-2.1479392539282407e-04	-3.2486968740781420e-02	5.2500000000000002e-01	0.0000000000000000e+00	6.2981663920345567e+07	-2.2014474697566042e+04	-1.1996508146245982e+08	1.0396746977101079e+00	-3.7794687477907745e-04	2.8949626656917490e+03	1.0401115337475975e+00	2.5754481357349173e+00	5.9831805743484356e-01	8.1417603745505895e-01	0.0000000000000000e+00	0.0000000000000000e+00	
1.4281117126857645e+00	6.1450836356855443e-01	-2.1479392539282407e-04	-3.2486968740781420e-02	5.2500000000000002e-01	0.0000000000000000e+00	6.2981663920345567e+07	-2.2014474697566042e+04	-1.1996508146245982e+08	1.0396746977101079e+00	-3.7794687477907745e-04	2.8949626656917490e+03	1.0401115337475975e+00	2.5754481357349173e+00	5.9831805743484356e-01	8.1417603745505895e-01	0.0000000000000000e+00	0.0000000000000000e+00	
1.4295293011383665e+00	6.1249357553800032e-01	-2.2212849701889575e-04	-3.3145754533174553e-02	5.2500000000000002e-01	0.0000000000000000e+00	6.2981650925577872e+07	-2.2841087676028044e+04	-1.1996505727120298e+08	1.0413777292345565e+00	-3.7841685882918064e-04	2.8949626656917490e+03	1.0418145586788177e+00	2.5754481357349173e+00	5.9831805743484356e-01	8.1417603745505895e-01	0.0000000000000000e+00	0.0000000000000000e+00	
1.4309468895909683e+00	6.1249357553800032e-01	-2.2212849701889575e-04	-3.3145754533174553e-02	5.2500000000000002e-01	0.0000000000000000e+00	6.2981650925577872e+07	-2.2841087676028044e+04	-1.1996505727120298e+08	1.0413777292345565e+00	-3.7841685882918064e-04	2.8949626656917490e+03	1.0418145586788177e+00	2.5754481357349173e+00	5.9831805743484356e-01	8.1417603745505895e-01	0.0000000000000000e+00	0.0000000000000000e+00	
1.4323644780435703e+00	6.1067260304537008e-01	-2.2795978739520410e-04	-3.3757804136029475e-02	5.2500000000000002e-01	0.0000000000000000e+00	6.2981641566948928e+07	-2.3510603799489538e+04	-1.1996503991451482e+08	1.0430754221285843e+00	-3.7890274855296991e-04	2.8949626656917490e+03	1.0435122451371361e+00	2.5754481357349173e+00	5.9831805743484356e-01	8.1417603745505895e-01	0.0000000000000000e+00	0.0000000000000000e+00	
1.4337820664961720e+00	6.1067260304537008e-01	-2.2795978739520410e-04	-3.3757804136029475e-02	5.2500000000000002e-01	0.0000000000000000e+00	6.2981641566948928e+07	-2.3510603799489538e+04	-1.1996503991451482e+08	1.0430754221285843e+00	-3.7890274855296991e-04	2.8949626656917490e+03	1.0435122451371361e+00	2.5754481357349173e+00	5.9831805743484356e-01	8.1417603745505895e-01	0.0000000000000000e+00	0.0000000000000000e+00	
1.4351996549487740e+00	6.0904469584739540e-01	-2.3188512156583713e-04	-3.4327536673981029e-02	5.2500000000000002e-01	0.0000000000000000e+00	6.2981640190548435e+07	-2.3979365375937105e+04	-1.1996503762942807e+08	1.0447683119998692e+00	-3.7940173319087858e-04	2.8949626656917490e+03	1.0452051287257296e+00	2.5754481357349173e+00	5.9831805743484356e-01	8.1417603745505895e-01	0.0000000000000000e+00	0.0000000000000000e+00	
1.4366172434013758e+00	6.0904469584739540e-01	-2.3188512156583713e-04	-3.4327536673981029e-02	5.2500000000000002e-01	0.0000000000000000e+00	6.2981640190548435e+07	-2.3979365375937105e+04	-1.1996503762942807e+08	1.0447683119998692e+00	-3.7940173319087858e-04	2.8949626656917490e+03	1.0452051287257296e+00	2.5754481357349173e+00	5.9831805743484356e-01	8.1417603745505895e-01	0.0000000000000000e+00	0.0000000000000000e+00	
1.4380348318539777e+00	6.0760390736589898e-01	-2.3361543222202559e-04	-3.4860544979614876e-02	5.2500000000000002e-01	0.0000000000000000e+00	6.2981651932779178e+07	-2.4215587918319503e+04	-1.1996506016773520e+08	1.0464569277783449e+00	-3.7991006635860076e-04	2.8949626656917490e+03	1.0468937383598851e+00	2.5754481357349173e+00	5.9831805743484356e-01	8.1417603745505895e-01	0.0000000000000000e+00	0.0000000000000000e+00	
1.4394524203065795e+00	6.0760390736589898e-01	-2.3361543222202559e-04	-3.4860544979614876e-02	5.2500000000000002e-01	0.0000000000000000e+00	6.2981651932779178e+07	-2.4215587918319503e+04	-1.1996506016773520e+08	1.0464569277783449e+00	-3.7991006635860076e-04	2.8949626656917490e+03	1.0468937383598851e+00	2.5754481357349173e+00	5.9831805743484356e-01	8.1417603745505895e-01	0.0000000000000000e+00	0.0000000000000000e+00	
1.4408700087591815e+00	6.0633956713704484e-01	-2.3298158599450932e-04	-3.5363285233944983e-02	5.2500000000000002e-01	0.0000000000000000e+00	6.2981681575747728e+07	-2.4200254869401128e+04	-1.1996511661930259e+08	1.0481417791421719e+00	-3.8042337627134195e-04	2.8949626656917490e+03	1.0485785836941330e+00	2.5754481357349173e+00	5.9831805743484356e-01	8.1417603745505895e-01	0.0000000000000000e+00	0.0000000000000000e+00	
1.4422875972117832e+00	6.0633956713704484e-01	-2.3298158599450932e-04	-3.5363285233944983e-02	5.2500000000000002e-01	0.0000000000000000e+00	6.2981681575747728e+07	-2.4200254869401128e+04	-1.1996511661930259e+08	1.0481417791421719e+00	-3.8042337627134195e-04	2.8949626656917490e+03	1.0485785836941330e+00	2.5754481357349173e+00	5.9831805743484356e-01	8.1417603745505895e-01	0.0000000000000000e+00	0.0000000000000000e+00	
1.4437051856643852e+00	6.0523615119904661e-01	-2.2989492545992662e-04	-3.5842500671765587e-02	5.2500000000000002e-01	0.0000000000000000e+00	6.2981735187166661e+07	-2.3923193099925524e+04	-1.1996521853466545e+08	1.0498233400815029e+00	-3.8093691085418316e-04	2.8949626656917490e+03	1.0502601386886228e+00	2.5754481357349173e+00	5.9831805743484356e-01	8.1417603745505895e-01	0.0000000000000000e+00	0.0000000000000000e+00	
1.4451227741169870e+00	6.0523615119904661e-01	-2.2989492545992662e-04	-3.5842500671765587e-02	5.2500000000000002e-01	0.0000000000000000e+00	6.2981735187166661e+07	-2.3923193099925524e+04	-1.1996521853466545e+08	1.0498233400815029e+00	-3.8093691085418316e-04	2.8949626656917490e+03	1.0502601386886228e+00	2.5754481357349173e+00	5.9831805743484356e-01	8.1417603745505895e-01	0.0000000000000000e+00	0.0000000000000000e+00	
1.4465403625695890e+00	6.0427433929068664e-01	-2.2430786359946985e-04	-3.6304521973827442e-02	5.2500000000000002e-01	0.0000000000000000e+00	6.2981818935375154e+07	-2.3378979268895742e+04	-1.1996537766578539e+08	1.0515020389670442e+00	-3.8144564150704963e-04	2.8949626656917490e+03	1.0519388316809715e+00	2.5754481357349173e+00	5.9831805743484356e-01	8.1417603745505895e-01	0.0000000000000000e+00	0.0000000000000000e+00	
1.4479579510221907e+00	6.0427433929068664e-01	-2.2430786359946985e-04	-3.6304521973827442e-02	5.2500000000000002e-01	0.0000000000000000e+00	6.2981818935375154e+07	-2.3378979268895742e+04	-1.1996537766578539e+08	1.0515020389670442e+00	-3.8144564150704963e-04	2.8949626656917490e+03	1.0519388316809715e+00	2.5754481357349173e+00	5.9831805743484356e-01	8.1417603745505895e-01	0.0000000000000000e+00	0.0000000000000000e+00	
1.4493755394747927e+00	6.0343109062276590e-01	-2.1620294728533381e-04	-3.6755159629612476e-02	5.2500000000000002e-01	0.0000000000000000e+00	6.2981939399629146e+07	-2.2565759596332628e+04	-1.1996560655650467e+08	1.0531782457345003e+00	-3.8194431510566893e-04	2.8949626656917490e+03	1.0536150325742455e+00	2.5754481357349173e+00	5.9831805743484356e-01	8.1417603745505895e-01	0.0000000000000000e+00	0.0000000000000000e+00	
1.4507931279273945e+00	6.0343109062276590e-01	-2.1620294728533381e-04	-3.6755159629612476e-02	5.2500000000000002e-01	0.0000000000000000e+00	6.2981939399629146e+07	-2.2565759596332628e+04	-1.1996560655650467e+08	1.0531782457345003e+00	-3.8194431510566893e-04	2.8949626656917490e+03	1.0536150325742455e+00	2.5754481357349173e+00	5.9831805743484356e-01	8.1417603745505895e-01	0.0000000000000000e+00	0.0000000000000000e+00	
1.4522107163799964e+00	6.0268081601527934e-01	-2.0557781412418563e-04	-3.7199860764039278e-02	5.2500000000000002e-01	0.0000000000000000e+00	6.2982099920615993e+07	-2.1483548317063120e+04	-1.1996591158989605e+08	1.0548522636906237e+00	-3.8242741095802652e-04	2.8949626656917490e+03	1.0552890446470726e+00	2.5754481357349173e+00	5.9831805743484356e-01	8.1417603745505895e-01	0.0000000000000000e+00	0.0000000000000000e+00	
1.4536283048325982e+00	6.0268081601527934e-01	-2.0557781412418563e-04	-3.7199860764039278e-02	5.2500000000000002e-01	0.0000000000000000e+00	6.2982099920615993e+07	-2.1483548317063120e+04	-1.1996591158989605e+08	1.0548522636906237e+00	-3.8242741095802652e-04	2.8949626656917490e+03	1.0552890446470726e+00	2.5754481357349173e+00	5.9831805743484356e-01	8.1417603745505895e-01	0.0000000000000000e+00	0.0000000000000000e+00	
1.4550458932852002e+00	6.0199657447870081e-01	-1.9243765752845535e-04	-3.7643658540068396e-02	5.2500000000000002e-01	0.0000000000000000e+00	6.2982301263310388e+07	-2.0133281541275177e+04	-1.1996629425003827e+08	1.0565243198460101e+00	-3.8288909980360443e-04	2.8949626656917490e+03	1.0569610948898394e+00	2.5754481357349173e+00	5.9831805743484356e-01	8.1417603745505895e-01	0.0000000000000000e+00	0.0000000000000000e+00	
1.4564634817378019e+00	6.0199657447870081e-01	-1.9243765752845535e-04	-3.7643658540068396e-02	5.2500000000000002e-01	0.0000000000000000e+00	6.2982301263310388e+07	-2.0133281541275177e+04	-1.1996629425003827e+08	1.0565243198460101e+00	-3.8288909980360443e-04	2.8949626656917490e+03	1.0569610948898394e+00	2.5754481357349173e+00	5.9831805743484356e-01	8.1417603745505895e-01	0.0000000000000000e+00	0.0000000000000000e+00	
1.4578810701904039e+00	6.0135173156084298e-01	-1.7683876854730416e-04	-3.8091037261401124e-02	5.2500000000000002e-01	0.0000000000000000e+00	6.2982541611491218e+07	-1.8521199015502629e+04	-1.1996675111379874e+08	1.0581945627975935e+00	-3.8332329106948701e-04	2.8949626656917490e+03	1.0586313318888638e+00	2.5754481357349173e+00	5.9831805743484356e-01	8.1417603745505895e-01	0.0000000000000000e+00	0.0000000000000000e+00	
1.4592986586430057e+00	6.0135173156084298e-01	-1.7683876854730416e-04	-3.8091037261401124e-02	5.2500000000000002e-01	0.0000000000000000e+00	6.2982541611491218e+07	-1.8521199015502629e+04	-1.1996675111379874e+08	1.0581945627975935e+00	-3.8332329106948701e-04	2.8949626656917490e+03	1.0586313318888638e+00	2.5754481357349173e+00	5.9831805743484356e-01	8.1417603745505895e-01	0.0000000000000000e+00	0.0000000000000000e+00	
1.4607162470956077e+00	6.0072069222219304e-01	-1.5888424324416497e-04	-3.8545798322162116e-02	5.2500000000000002e-01	0.0000000000000000e+00	6.2982817726726234e+07	-1.6658286390765265e+04	-1.1996727605656400e+08	1.0598630604014483e+00	-3.8372372979067872e-04	2.8949626656917490e+03	1.0602998234991940e+00	2.5754481357349173e+00	5.9831805743484356e-01	8.1417603745505895e-01	0.0000000000000000e+00	0.0000000000000000e+00	
1.4621338355482094e+00	6.0072069222219304e-01	-1.5888424324416497e-04	-3.8545798322162116e-02	5.2500000000000002e-01	0.0000000000000000e+00	6.2982817726726234e+07	-1.6658286390765265e+04	-1.1996727605656400e+08	1.0598630604014483e+00	-3.8372372979067872e-04	2.8949626656917490e+03	1.0602998234991940e+00	2.5754481357349173e+00	5.9831805743484356e-01	8.1417603745505895e-01	0.0000000000000000e+00	0.0000000000000000e+00	
1.4635514240008114e+00	6.0008016271923292e-01	-1.3871443952232306e-04	-3.9011049270276432e-02	5.2500000000000002e-01	0.0000000000000000e+00	6.2983124248926923e+07	-1.4559169461568217e+04	-1.1996785891747542e+08	1.0615298060224412e+00	-3.8408404431450647e-04	2.8949626656917490e+03	1.0619665630935236e+00	2.5754481357349173e+00	5.9831805743484356e-01	8.1417603745505895e-01	0.0000000000000000e+00	0.0000000000000000e+00	
1.4649690124534132e+00	6.0008016271923292e-01	-1.3871443952232306e-04	-3.9011049270276432e-02	5.2500000000000002e-01	0.0000000000000000e+00	6.2983124248926923e+07	-1.4559169461568217e+04	-1.1996785891747542e+08	1.0615298060224412e+00	-3.8408404431450647e-04	2.8949626656917490e+03	1.0619665630935236e+00	2.5754481357349173e+00	5.9831805743484356e-01	8.1417603745505895e-01	0.0000000000000000e+00	0.0000000000000000e+00	
1.4663866009060151e+00	5.9940879593708751e-01	-1.1656284073527547e-04	-3.9489358913313566e-02	5.2500000000000002e-01	0.0000000000000000e+00	6.2983455746287242e+07	-1.2247952600752848e+04	-1.1996848940414117e+08	1.0631947219026232e+00	-3.8439797126848342e-04	2.8949626656917490e+03	1.0636314729280756e+00	2.5754481357349173e+00	5.9831805743484356e-01	8.1417603745505895e-01	0.0000000000000000e+00	0.0000000000000000e+00	
1.4678041893586169e+00	5.9940879593708751e-01	-1.1656284073527547e-04	-3.9489358913313566e-02	5.2500000000000002e-01	0.0000000000000000e+00	6.2983455746287242e+07	-1.2247952600752848e+04	-1.1996848940414117e+08	1.0631947219026232e+00	-3.8439797126848342e-04	2.8949626656917490e+03	1.0636314729280756e+00	2.5754481357349173e+00	5.9831805743484356e-01	8.1417603745505895e-01	0.0000000000000000e+00	0.0000000000000000e+00	
1.4692217778112189e+00	5.9868867450970076e-01	-9.2783196882610078e-05	-3.9982859357647837e-02	5.2500000000000002e-01	0.0000000000000000e+00	6.2983805753240086e+07	-9.7610646374842599e+03	-1.1996915525640409e+08	1.0648576696712606e+00	-3.8465967660483171e-04	2.8949626656917490e+03	1.0652944146489218e+00	2.5754481357349173e+00	5.9831805743484356e-01	8.1417603745505895e-01	0.0000000000000000e+00	0.0000000000000000e+00	
1.4706393662638206e+00	5.9868867450970076e-01	-9.2783196882610078e-05	-3.9982859357647837e-02	5.2500000000000002e-01	0.0000000000000000e+00	6.2983805753240086e+07	-9.7610646374842599e+03	-1.1996915525640409e+08	1.0648576696712606e+00	-3.8465967660483171e-04	2.8949626656917490e+03	1.0652944146489218e+00	2.5754481357349173e+00	5.9831805743484356e-01	8.1417603745505895e-01	0.0000000000000000e+00	0.0000000000000000e+00	
1.4720569547164226e+00	5.9790633341073440e-01	-6.7849571880504385e-05	-4.0493093429764926e-02	5.2500000000000002e-01	0.0000000000000000e+00	6.2984169130766653e+07	-7.1473551490817572e+03	-1.1996984673581441e+08	1.0665184615008323e+00	-3.8486415023937173e-04	2.8949626656917490e+03	1.0669552004435678e+00	2.5754481357349173e+00	5.9831805743484356e-01	8.1417603745505895e-01	0.0000000000000000e+00	0.0000000000000000e+00	
1.4734745431690244e+00	5.9790633341073440e-01	-6.7849571880504385e-05	-4.0493093429764926e-02	5.2500000000000002e-01	0.0000000000000000e+00	6.2984169130766653e+07	-7.1473551490817572e+03	-1.1996984673581441e+08	1.0665184615008323e+00	-3.8486415023937173e-04	2.8949626656917490e+03	1.0669552004435678e+00	2.5754481357349173e+00	5.9831805743484356e-01	8.1417603745505895e-01	0.0000000000000000e+00	0.0000000000000000e+00	
1.4748921316216264e+00	5.9705290555950885e-01	-4.2342406103012176e-05	-4.1020885811087822e-02	5.2500000000000002e-01	0.0000000000000000e+00	6.2984542657198250e+07	-4.4668019510002514e+03	-1.1997055774397875e+08	1.0681768761616031e+00	-3.8500757844860372e-04	2.8949626656917490e+03	1.0686136090914369e+00	2.5754481357349173e+00	5.9831805743484356e-01	8.1417603745505895e-01	0.0000000000000000e+00	0.0000000000000000e+00	
1.4763097200742281e+00	5.9705290555950885e-01	-4.2342406103012176e-05	-4.1020885811087822e-02	5.2500000000000002e-01	0.0000000000000000e+00	6.2984542657198250e+07	-4.4668019510002514e+03	-1.1997055774397875e+08	1.0681768761616031e+00	-3.8500757844860372e-04	2.8949626656917490e+03	1.0686136090914369e+00	2.5754481357349173e+00	5.9831805743484356e-01	8.1417603745505895e-01	0.0000000000000000e+00	0.0000000000000000e+00	
1.4777273085268301e+00	5.9612574506691551e-01	-1.6859519307708044e-05	-4.1566033178031814e-02	5.2500000000000002e-01	0.0000000000000000e+00	6.2984924820384927e+07	-1.7813281256366847e+03	-1.1997128542014194e+08	1.0698326763084229e+00	-3.8508756881128420e-04	2.8949626656917490e+03	1.0702694032495796e+00	2.5754481357349173e+00	5.9831805743484356e-01	8.1417603745505895e-01	0.0000000000000000e+00	0.0000000000000000e+00	
1.4791448969794319e+00	5.9612574506691551e-01	-1.6859519307708044e-05	-4.1566033178031814e-02	5.2500000000000002e-01	0.0000000000000000e+00	6.2984924820384927e+07	-1.7813281256366847e+03	-1.1997128542014194e+08	1.0698326763084229e+00	-3.8508756881128420e-04	2.8949626656917490e+03	1.0702694032495796e+00	2.5754481357349173e+00	5.9831805743484356e-01	8.1417603745505895e-01	0.0000000000000000e+00	0.0000000000000000e+00	
1.4805624854320338e+00	5.9512872425070518e-01	8.0064276083610219e-06	-4.2127367508594596e-02	5.2500000000000002e-01	0.0000000000000000e+00	6.2985313891800575e+07	8.4735845459235566e+02	-1.1997202647142942e+08	1.0714856300789346e+00	-3.8510326678955294e-04	2.8949626656917490e+03	1.0719223510517673e+00	2.5754481357349173e+00	5.9831805743484356e-01	8.1417603745505895e-01	0.0000000000000000e+00	0.0000000000000000e+00	
1.4819800738846356e+00	5.9512872425070518e-01	8.0064276083610219e-06	-4.2127367508594596e-02	5.2500000000000002e-01	0.0000000000000000e+00	6.2985313891800575e+07	8.4735845459235566e+02	-1.1997202647142942e+08	1.0714856300789346e+00	-3.8510326678955294e-04	2.8949626656917490e+03	1.0719223510517673e+00	2.5754481357349173e+00	5.9831805743484356e-01	8.1417603745505895e-01	0.0000000000000000e+00	0.0000000000000000e+00	
1.4833976623372376e+00	5.9407026299876531e-01	3.1663973022899786e-05	-4.2703008366499567e-02	5.2500000000000002e-01	0.0000000000000000e+00	6.2985707740172260e+07	3.3571411917603637e+03	-1.1997277681836219e+08	1.0731355261544078e+00	-3.8505545544437116e-04	2.8949626656917490e+03	1.0735722411705264e+00	2.5754481357349173e+00	5.9831805743484356e-01	8.1417603745505895e-01	0.0000000000000000e+00	0.0000000000000000e+00	
1.4848152507898393e+00	5.9407026299876531e-01	3.1663973022899786e-05	-4.2703008366499567e-02	5.2500000000000002e-01	0.0000000000000000e+00	6.2985707740172260e+07	3.3571411917603637e+03	-1.1997277681836219e+08	1.0731355261544078e+00	-3.8505545544437116e-04	2.8949626656917490e+03	1.0735722411705264e+00	2.5754481357349173e+00	5.9831805743484356e-01	8.1417603745505895e-01	0.0000000000000000e+00	0.0000000000000000e+00	
1.4862328392424413e+00	5.9296195931646500e-01	5.3547333924730661e-05	-4.3290414037238295e-02	5.2500000000000002e-01	0.0000000000000000e+00	6.2986102764686011e+07	5.6879498328121099e+03	-1.1997352956478228e+08	1.0747821862911802e+00	-3.8494657781451666e-04	2.8949626656917490e+03	1.0752188953495860e+00	2.5754481357349173e+00	5.9831805743484356e-01	8.1417603745505895e-01	0.0000000000000000e+00	0.0000000000000000e+00	
1.4876504276950431e+00	5.9296195931646500e-01	5.3547333924730661e-05	-4.3290414037238295e-02	5.2500000000000002e-01	0.0000000000000000e+00	6.2986102764686011e+07	5.6879498328121099e+03	-1.1997352956478228e+08	1.0747821862911802e+00	-3.8494657781451666e-04	2.8949626656917490e+03	1.0752188953495860e+00	2.5754481357349173e+00	5.9831805743484356e-01	8.1417603745505895e-01	0.0000000000000000e+00	0.0000000000000000e+00	
1.4890680161476451e+00	5.9181755769943256e-01	7.3179627398830397e-05	-4.3886260373499603e-02	5.2500000000000002e-01	0.0000000000000000e+00	6.2986494638751492e+07	7.7884276139762696e+03	-1.1997427641958123e+08	1.0764254723175530e+00	-3.8478062371988183e-04	2.8949626656917490e+03	1.0768621754024725e+00	2.5754481357349173e+00	5.9831805743484356e-01	8.1417603745505895e-01	0.0000000000000000e+00	0.0000000000000000e+00	
1.4904856046002468e+00	5.9181755769943256e-01	7.3179627398830397e-05	-4.3886260373499603e-02	5.2500000000000002e-01	0.0000000000000000e+00	6.2986494638751492e+07	7.7884276139762696e+03	-1.1997427641958123e+08	1.0764254723175530e+00	-3.8478062371988183e-04	2.8949626656917490e+03	1.0768621754024725e+00	2.5754481357349173e+00	5.9831805743484356e-01	8.1417603745505895e-01	0.0000000000000000e+00	0.0000000000000000e+00	
1.4919031930528488e+00	5.9065116107310045e-01	9.0168733693484840e-05	-4.4486617146527595e-02	5.2500000000000002e-01	0.0000000000000000e+00	6.2986878026601456e+07	9.6155690621959475e+03	-1.1997500716296618e+08	1.0780652896176126e+00	-3.8456297283626529e-04	2.8949626656917490e+03	1.0785019866985304e+00	2.5754481357349173e+00	5.9831805743484356e-01	8.1417603745505895e-01	0.0000000000000000e+00	0.0000000000000000e+00	
1.4933207815054506e+00	5.9065116107310045e-01	9.0168733693484840e-05	-4.4486617146527595e-02	5.2500000000000002e-01	0.0000000000000000e+00	6.2986878026601456e+07	9.6155690621959475e+03	-1.1997500716296618e+08	1.0780652896176126e+00	-3.8456297283626529e-04	2.8949626656917490e+03	1.0785019866985304e+00	2.5754481357349173e+00	5.9831805743484356e-01	8.1417603745505895e-01	0.0000000000000000e+00	0.0000000000000000e+00	
1.4947383699580525e+00	5.8947584913055462e-01	1.0421728041345633e-04	-4.5087138699166175e-02	5.2500000000000002e-01	0.0000000000000000e+00	6.2987247703328542e+07	1.1135926376036750e+04	-1.1997571178614298e+08	1.0797015850353704e+00	-3.8430018952077387e-04	2.8949626656917490e+03	1.0801382760692126e+00	2.5754481357349173e+00	5.9831805743484356e-01	8.1417603745505895e-01	0.0000000000000000e+00	0.0000000000000000e+00	
1.4961559584106543e+00	5.8947584913055462e-01	1.0421728041345633e-04	-4.5087138699166175e-02	5.2500000000000002e-01	0.0000000000000000e+00	6.2987247703328542e+07	1.1135926376036750e+04	-1.1997571178614298e+08	1.0797015850353704e+00	-3.8430018952077387e-04	2.8949626656917490e+03	1.0801382760692126e+00	2.5754481357349173e+00	5.9831805743484356e-01	8.1417603745505895e-01	0.0000000000000000e+00	0.0000000000000000e+00	
1.4975735468632563e+00	5.8830371981031815e-01	1.1512816311373031e-04	-4.5683104073817885e-02	5.2500000000000002e-01	0.0000000000000000e+00	6.2987598835450403e+07	1.2326365291737440e+04	-1.1997638103153355e+08	1.0813343446784420e+00	-3.8399978319658473e-04	2.8949626656917490e+03	1.0817710296136531e+00	2.5754481357349173e+00	5.9831805743484356e-01	8.1417603745505895e-01	0.0000000000000000e+00	0.0000000000000000e+00	
1.4989911353158580e+00	5.8830371981031815e-01	1.1512816311373031e-04	-4.5683104073817885e-02	5.2500000000000002e-01	0.0000000000000000e+00	6.2987598835450403e+07	1.2326365291737440e+04	-1.1997638103153355e+08	1.0813343446784420e+00	-3.8399978319658473e-04	2.8949626656917490e+03	1.0817710296136531e+00	2.5754481357349173e+00	5.9831805743484356e-01	8.1417603745505895e-01	0.0000000000000000e+00	0.0000000000000000e+00	
1.5004087237684600e+00	5.8714474516176374e-01	1.2278811834138165e-04	-4.6269519691255756e-02	5.2500000000000002e-01	0.0000000000000000e+00	6.2987928642501563e+07	1.3172508653046218e+04	-1.1997700956165430e+08	1.0829635883977273e+00	-3.8366998447653767e-04	2.8949626656917490e+03	1.0834002671798519e+00	2.5754481357349173e+00	5.9831805743484356e-01	8.1417603745505895e-01	0.0000000000000000e+00	0.0000000000000000e+00	
1.5018263122210618e+00	5.8714474516176374e-01	1.2278811834138165e-04	-4.6269519691255756e-02	5.2500000000000002e-01	0.0000000000000000e+00	6.2987928642501563e+07	1.3172508653046218e+04	-1.1997700956165430e+08	1.0829635883977273e+00	-3.8366998447653767e-04	2.8949626656917490e+03	1.0834002671798519e+00	2.5754481357349173e+00	5.9831805743484356e-01	8.1417603745505895e-01	0.0000000000000000e+00	0.0000000000000000e+00	
1.5032439006736638e+00	5.8600584066859274e-01	1.2713071682629983e-04	-4.6841319125343117e-02	5.2500000000000002e-01	0.0000000000000000e+00	6.2988235154214330e+07	1.3664948249735053e+04	-1.1997759359329844e+08	1.0845893617196694e+00	-3.8331959177978378e-04	2.8949626656917490e+03	1.0850260342975790e+00	2.5754481357349173e+00	5.9831805743484356e-01	8.1417603745505895e-01	0.0000000000000000e+00	0.0000000000000000e+00	
1.5046614891262655e+00	5.8600584066859274e-01	1.2713071682629983e-04	-4.6841319125343117e-02	5.2500000000000002e-01	0.0000000000000000e+00	6.2988235154214330e+07	1.3664948249735053e+04	-1.1997759359329844e+08	1.0845893617196694e+00	-3.8331959177978378e-04	2.8949626656917490e+03	1.0850260342975790e+00	2.5754481357349173e+00	5.9831805743484356e-01	8.1417603745505895e-01	0.0000000000000000e+00	0.0000000000000000e+00	
1.5060790775788675e+00	5.8489051569151695e-01	1.2813031510736138e-04	-4.7393501035764077e-02	5.2500000000000002e-01	0.0000000000000000e+00	6.2988516138552971e+07	1.3798716519511125e+04	-1.1997812885709696e+08	1.0862117267468412e+00	-3.8295782538819032e-04	2.8949626656917490e+03	1.0866483930787945e+00	2.5754481357349173e+00	5.9831805743484356e-01	8.1417603745505895e-01	0.0000000000000000e+00	0.0000000000000000e+00	
1.5074966660314693e+00	5.8489051569151695e-01	1.2813031510736138e-04	-4.7393501035764077e-02	5.2500000000000002e-01	0.0000000000000000e+00	6.2988516138552971e+07	1.3798716519511125e+04	-1.1997812885709696e+08	1.0862117267468412e+00	-3.8295782538819032e-04	2.8949626656917490e+03	1.0866483930787945e+00	2.5754481357349173e+00	5.9831805743484356e-01	8.1417603745505895e-01	0.0000000000000000e+00	0.0000000000000000e+00	
1.5089142544840712e+00	5.8379938522151431e-01	1.2581847109810224e-04	-4.7921209746983405e-02	5.2500000000000002e-01	0.0000000000000000e+00	6.2988766790084742e+07	1.3575126206883990e+04	-1.1997860619603312e+08	1.0878307528265838e+00	-3.8259415697779647e-04	2.8949626656917490e+03	1.0882674128851533e+00	2.5754481357349173e+00	5.9831805743484356e-01	8.1417603745505895e-01	0.0000000000000000e+00	0.0000000000000000e+00	
1.5103318429366730e+00	5.8379938522151431e-01	1.2581847109810224e-04	-4.7921209746983405e-02	5.2500000000000002e-01	0.0000000000000000e+00	6.2988766790084742e+07	1.3575126206883990e+04	-1.1997860619603312e+08	1.0878307528265838e+00	-3.8259415697779647e-04	2.8949626656917490e+03	1.0882674128851533e+00	2.5754481357349173e+00	5.9831805743484356e-01	8.1417603745505895e-01	0.0000000000000000e+00	0.0000000000000000e+00	
1.5117494313892750e+00	5.8273088764275582e-01	1.2031472676747200e-04	-4.8419776502562316e-02	5.2500000000000002e-01	0.0000000000000000e+00	6.2988979879652038e+07	1.3005148799025295e+04	-1.1997901185184643e+08	1.0894465097956942e+00	-3.8223805954954685e-04	2.8949626656917490e+03	1.0898831635711417e+00	2.5754481357349173e+00	5.9831805743484356e-01	8.1417603745505895e-01	0.0000000000000000e+00	0.0000000000000000e+00	
1.5131670198418767e+00	5.8273088764275582e-01	1.2031472676747200e-04	-4.8419776502562316e-02	5.2500000000000002e-01	0.0000000000000000e+00	6.2988979879652038e+07	1.3005148799025295e+04	-1.1997901185184643e+08	1.0894465097956942e+00	-3.8223805954954685e-04	2.8949626656917490e+03	1.0898831635711417e+00	2.5754481357349173e+00	5.9831805743484356e-01	8.1417603745505895e-01	0.0000000000000000e+00	0.0000000000000000e+00	
1.5145846082944787e+00	5.8168197115994669e-01	1.1183286346727115e-04	-4.8884775563850118e-02	5.2500000000000002e-01	0.0000000000000000e+00	6.2989145823253088e+07	1.2110151068847426e+04	-1.1997932759502521e+08	1.0910590616775178e+00	-3.8189874638163649e-04	2.8949626656917490e+03	1.0914957091792270e+00	2.5754481357349173e+00	5.9831805743484356e-01	8.1417603745505895e-01	0.0000000000000000e+00	0.0000000000000000e+00	
1.5160021967470805e+00	5.8168197115994669e-01	1.1183286346727115e-04	-4.8884775563850118e-02	5.2500000000000002e-01	0.0000000000000000e+00	6.2989145823253088e+07	1.2110151068847426e+04	-1.1997932759502521e+08	1.0910590616775178e+00	-3.8189874638163649e-04	2.8949626656917490e+03	1.0914957091792270e+00	2.5754481357349173e+00	5.9831805743484356e-01	8.1417603745505895e-01	0.0000000000000000e+00	0.0000000000000000e+00	
1.5174197851996825e+00	5.8064864613230116e-01	1.0068995579355971e-04	-4.9312004172517708e-02	5.2500000000000002e-01	0.0000000000000000e+00	6.2989254849475540e+07	1.0922931326042939e+04	-1.1997953485056233e+08	1.0926684631557126e+00	-3.8158487469648730e-04	2.8949626656917490e+03	1.0931051044112685e+00	2.5754481357349173e+00	5.9831805743484356e-01	8.1417603745505895e-01	0.0000000000000000e+00	0.0000000000000000e+00	
1.5188373736522842e+00	5.8064864613230116e-01	1.0068995579355971e-04	-4.9312004172517708e-02	5.2500000000000002e-01	0.0000000000000000e+00	6.2989254849475540e+07	1.0922931326042939e+04	-1.1997953485056233e+08	1.0926684631557126e+00	-3.8158487469648730e-04	2.8949626656917490e+03	1.0931051044112685e+00	2.5754481357349173e+00	5.9831805743484356e-01	8.1417603745505895e-01	0.0000000000000000e+00	0.0000000000000000e+00	
1.5202549621048862e+00	5.7962698019343351e-01	8.7293527239421575e-05	-4.9697604366658869e-02	5.2500000000000002e-01	0.0000000000000000e+00	6.2989297195354991e+07	9.4863733373483246e+03	-1.1997961506608161e+08	1.0942747571668634e+00	-3.8130427242874233e-04	2.8949626656917490e+03	1.0947113922193044e+00	2.5754481357349173e+00	5.9831805743484356e-01	8.1417603745505895e-01	0.0000000000000000e+00	0.0000000000000000e+00	
1.5216725505574880e+00	5.7962698019343351e-01	8.7293527239421575e-05	-4.9697604366658869e-02	5.2500000000000002e-01	0.0000000000000000e+00	6.2989297195354991e+07	9.4863733373483246e+03	-1.1997961506608161e+08	1.0942747571668634e+00	-3.8130427242874233e-04	2.8949626656917490e+03	1.0947113922193044e+00	2.5754481357349173e+00	5.9831805743484356e-01	8.1417603745505895e-01	0.0000000000000000e+00	0.0000000000000000e+00	
1.5230901390100899e+00	5.7861303354104432e-01	7.2104068634360293e-05	-5.0038236221073992e-02	5.2500000000000002e-01	0.0000000000000000e+00	6.2989265003392741e+07	7.8494296252494742e+03	-1.1997955331899518e+08	1.0958779760365784e+00	-3.8106370565064057e-04	2.8949626656917490e+03	1.0963146049401735e+00	2.5754481357349173e+00	5.9831805743484356e-01	8.1417603745505895e-01	0.0000000000000000e+00	0.0000000000000000e+00	
1.5245077274626917e+00	5.7861303354104432e-01	7.2104068634360293e-05	-5.0038236221073992e-02	5.2500000000000002e-01	0.0000000000000000e+00	6.2989265003392741e+07	7.8494296252494742e+03	-1.1997955331899518e+08	1.0958779760365784e+00	-3.8106370565064057e-04	2.8949626656917490e+03	1.0963146049401735e+00	2.5754481357349173e+00	5.9831805743484356e-01	8.1417603745505895e-01	0.0000000000000000e+00	0.0000000000000000e+00	
1.5259253159152937e+00	5.7760288695788442e-01	5.5590421433651243e-05	-5.0331365819103108e-02	5.2500000000000002e-01	0.0000000000000000e+00	6.2989151910843879e+07	6.0622853166719160e+03	-1.1997933752870689e+08	1.0974781406779568e+00	-3.8086876757225735e-04	2.8949626656917490e+03	1.0979147634927453e+00	2.5754481357349173e+00	5.9831805743484356e-01	8.1417603745505895e-01	0.0000000000000000e+00	0.0000000000000000e+00	
1.5273429043678954e+00	5.7760288695788442e-01	5.5590421433651243e-05	-5.0331365819103108e-02	5.2500000000000002e-01	0.0000000000000000e+00	6.2989151910843879e+07	6.0622853166719160e+03	-1.1997933752870689e+08	1.0974781406779568e+00	-3.8086876757225735e-04	2.8949626656917490e+03	1.0979147634927453e+00	2.5754481357349173e+00	5.9831805743484356e-01	8.1417603745505895e-01	0.0000000000000000e+00	0.0000000000000000e+00	
1.5287604928204974e+00	5.7659261601344780e-01	3.8213665062047231e-05	-5.0575309144138027e-02	5.2500000000000002e-01	0.0000000000000000e+00	6.2988954399993382e+07	4.1745917987853163e+03	-1.1997896102538833e+08	1.0990752618747808e+00	-3.8072379853696709e-04	2.8949626656917490e+03	1.0995118786604303e+00	2.5754481357349173e+00	5.9831805743484356e-01	8.1417603745505895e-01	0.0000000000000000e+00	0.0000000000000000e+00	
1.5301780812730992e+00	5.7659261601344780e-01	3.8213665062047231e-05	-5.0575309144138027e-02	5.2500000000000002e-01	0.0000000000000000e+00	6.2988954399993382e+07	4.1745917987853163e+03	-1.1997896102538833e+08	1.0990752618747808e+00	-3.8072379853696709e-04	2.8949626656917490e+03	1.0995118786604303e+00	2.5754481357349173e+00	5.9831805743484356e-01	8.1417603745505895e-01	0.0000000000000000e+00	0.0000000000000000e+00	
1.5315956697257012e+00	5.7557888180979189e-01	2.0427990650676532e-05	-5.0769213311602765e-02	5.2500000000000002e-01	0.0000000000000000e+00	6.2988671773550257e+07	2.2355441430421315e+03	-1.1997842250137396e+08	1.1006693396146758e+00	-3.8063185400217831e-04	2.8949626656917490e+03	1.1011059504245395e+00	2.5754481357349173e+00	5.9831805743484356e-01	8.1417603745505895e-01	0.0000000000000000e+00	0.0000000000000000e+00	
1.5330132581783029e+00	5.7557888180979189e-01	2.0427990650676532e-05	-5.0769213311602765e-02	5.2500000000000002e-01	0.0000000000000000e+00	6.2988671773550257e+07	2.2355441430421315e+03	-1.1997842250137396e+08	1.1006693396146758e+00	-3.8063185400217831e-04	2.8949626656917490e+03	1.1011059504245395e+00	2.5754481357349173e+00	5.9831805743484356e-01	8.1417603745505895e-01	0.0000000000000000e+00	0.0000000000000000e+00	
1.5344308466309049e+00	5.7455921956077027e-01	2.6877479600669567e-06	-5.0912956657065959e-02	5.2500000000000002e-01	0.0000000000000000e+00	6.2988307096634731e+07	2.9465490787263502e+02	-1.1997772780442652e+08	1.1022603659215091e+00	-3.8059465452104294e-04	2.8949626656917490e+03	1.1026969707978476e+00	2.5754481357349173e+00	5.9831805743484356e-01	8.1417603745505895e-01	0.0000000000000000e+00	0.0000000000000000e+00	
1.5358484350835067e+00	5.7455921956077027e-01	2.6877479600669567e-06	-5.0912956657065959e-02	5.2500000000000002e-01	0.0000000000000000e+00	6.2988307096634731e+07	2.9465490787263502e+02	-1.1997772780442652e+08	1.1022603659215091e+00	-3.8059465452104294e-04	2.8949626656917490e+03	1.1026969707978476e+00	2.5754481357349173e+00	5.9831805743484356e-01	8.1417603745505895e-01	0.0000000000000000e+00	0.0000000000000000e+00	
1.5372660235361086e+00	5.7353273781989267e-01	-1.4564784023188870e-05	-5.1007262109644430e-02	5.2500000000000002e-01	0.0000000000000000e+00	6.2987865781672232e+07	-1.5995680816388824e+03	-1.1997688724187168e+08	1.1038483267819112e+00	-3.8061258261844178e-04	2.8949626656917490e+03	1.1042849257528047e+00	2.5754481357349173e+00	5.9831805743484356e-01	8.1417603745505895e-01	0.0000000000000000e+00	0.0000000000000000e+00	
1.5386836119887104e+00	5.7353273781989267e-01	-1.4564784023188870e-05	-5.1007262109644430e-02	5.2500000000000002e-01	0.0000000000000000e+00	6.2987865781672232e+07	-1.5995680816388824e+03	-1.1997688724187168e+08	1.1038483267819112e+00	-3.8061258261844178e-04	2.8949626656917490e+03	1.1042849257528047e+00	2.5754481357349173e+00	5.9831805743484356e-01	8.1417603745505895e-01	0.0000000000000000e+00	0.0000000000000000e+00	
1.5401012004413124e+00	5.7250006550036514e-01	-3.0908948608378436e-05	-5.1053648155192387e-02	5.2500000000000002e-01	0.0000000000000000e+00	6.2987355213011026e+07	-3.4006510087558963e+03	-1.1997591486630593e+08	1.1054332075889948e+00	-3.8068467194901407e-04	2.8949626656917490e+03	1.1058698006669234e+00	2.5754481357349173e+00	5.9831805743484356e-01	8.1417603745505895e-01	0.0000000000000000e+00	0.0000000000000000e+00	
1.5415187888939141e+00	5.7250006550036514e-01	-3.0908948608378436e-05	-5.1053648155192387e-02	5.2500000000000002e-01	0.0000000000000000e+00	6.2987355213011026e+07	-3.4006510087558963e+03	-1.1997591486630593e+08	1.1054332075889948e+00	-3.8068467194901407e-04	2.8949626656917490e+03	1.1058698006669234e+00	2.5754481357349173e+00	5.9831805743484356e-01	8.1417603745505895e-01	0.0000000000000000e+00	0.0000000000000000e+00	
1.5429363773465161e+00	5.7146356798913855e-01	-4.5961989421501777e-05	-5.1054508040069099e-02	5.2500000000000002e-01	0.0000000000000000e+00	6.2986783227159858e+07	-5.0659360045786198e+03	-1.1997482558263393e+08	1.1070149962456330e+00	-3.8080866456180517e-04	2.8949626656917490e+03	1.1074515834278007e+00	2.5754481357349173e+00	5.9831805743484356e-01	8.1417603745505895e-01	0.0000000000000000e+00	0.0000000000000000e+00	
1.5443539657991179e+00	5.7146356798913855e-01	-4.5961989421501777e-05	-5.1054508040069099e-02	5.2500000000000002e-01	0.0000000000000000e+00	6.2986783227159858e+07	-5.0659360045786198e+03	-1.1997482558263393e+08	1.1070149962456330e+00	-3.8080866456180517e-04	2.8949626656917490e+03	1.1074515834278007e+00	2.5754481357349173e+00	5.9831805743484356e-01	8.1417603745505895e-01	0.0000000000000000e+00	0.0000000000000000e+00	
1.5457715542517199e+00	5.7042687194016217e-01	-5.9389283205042015e-05	-5.1013061589031281e-02	5.2500000000000002e-01	0.0000000000000000e+00	6.2986157683716692e+07	-6.5577253469013995e+03	-1.1997363433350742e+08	1.1085936883513534e+00	-3.8098107720022648e-04	2.8949626656917490e+03	1.1090302696216041e+00	2.5754481357349173e+00	5.9831805743484356e-01	8.1417603745505895e-01	0.0000000000000000e+00	0.0000000000000000e+00	
1.5471891427043216e+00	5.7042687194016217e-01	-5.9389283205042015e-05	-5.1013061589031281e-02	5.2500000000000002e-01	0.0000000000000000e+00	6.2986157683716692e+07	-6.5577253469013995e+03	-1.1997363433350742e+08	1.1085936883513534e+00	-3.8098107720022648e-04	2.8949626656917490e+03	1.1090302696216041e+00	2.5754481357349173e+00	5.9831805743484356e-01	8.1417603745505895e-01	0.0000000000000000e+00	0.0000000000000000e+00	
1.5486067311569236e+00	5.6939422616315760e-01	-7.0921962326447080e-05	-5.0933317461185741e-02	5.2500000000000002e-01	0.0000000000000000e+00	6.2985486799178921e+07	-7.8452750601026764e+03	-1.1997235673861022e+08	1.1101692882071825e+00	-3.8119734871431041e-04	2.8949626656917490e+03	1.1106058635393157e+00	2.5754481357349173e+00	5.9831805743484356e-01	8.1417603745505895e-01	0.0000000000000000e+00	0.0000000000000000e+00	
1.5500243196095254e+00	5.6939422616315760e-01	-7.0921962326447080e-05	-5.0933317461185741e-02	5.2500000000000002e-01	0.0000000000000000e+00	6.2985486799178921e+07	-7.8452750601026764e+03	-1.1997235673861022e+08	1.1101692882071825e+00	-3.8119734871431041e-04	2.8949626656917490e+03	1.1106058635393157e+00	2.5754481357349173e+00	5.9831805743484356e-01	8.1417603745505895e-01	0.0000000000000000e+00	0.0000000000000000e+00	
1.5514419080621273e+00	5.6836981268317177e-01	-8.0359476423873830e-05	-5.0819917117086215e-02	5.2500000000000002e-01	0.0000000000000000e+00	6.2984779178341888e+07	-8.9051595712847575e+03	-1.1997100915785499e+08	1.1117418116416418e+00	-3.8145199532873533e-04	2.8949626656917490e+03	1.1121783810036712e+00	2.5754481357349173e+00	5.9831805743484356e-01	8.1417603745505895e-01	0.0000000000000000e+00	0.0000000000000000e+00	
1.5528594965147291e+00	5.6836981268317177e-01	-8.0359476423873830e-05	-5.0819917117086215e-02	5.2500000000000002e-01	0.0000000000000000e+00	6.2984779178341888e+07	-8.9051595712847575e+03	-1.1997100915785499e+08	1.1117418116416418e+00	-3.8145199532873533e-04	2.8949626656917490e+03	1.1121783810036712e+00	2.5754481357349173e+00	5.9831805743484356e-01	8.1417603745505895e-01	0.0000000000000000e+00	0.0000000000000000e+00	
1.5542770849673311e+00	5.6735721526426219e-01	-8.7573787873818578e-05	-5.0678033744428773e-02	5.2500000000000002e-01	0.0000000000000000e+00	6.2984044345890060e+07	-9.7218316619329144e+03	-1.1996960970703100e+08	1.1133112852051481e+00	-3.8173881798406547e-04	2.8949626656917490e+03	1.1137478485639454e+00	2.5754481357349173e+00	5.9831805743484356e-01	8.1417603745505895e-01	0.0000000000000000e+00	0.0000000000000000e+00	
1.5556946734199328e+00	5.6735721526426219e-01	-8.7573787873818578e-05	-5.0678033744428773e-02	5.2500000000000002e-01	0.0000000000000000e+00	6.2984044345890060e+07	-9.7218316619329144e+03	-1.1996960970703100e+08	1.1133112852051481e+00	-3.8173881798406547e-04	2.8949626656917490e+03	1.1137478485639454e+00	2.5754481357349173e+00	5.9831805743484356e-01	8.1417603745505895e-01	0.0000000000000000e+00	0.0000000000000000e+00	
1.5571122618725348e+00	5.6635907880919711e-01	-9.2497825761728641e-05	-5.0513239261913520e-02	5.2500000000000002e-01	0.0000000000000000e+00	6.2983291994586162e+07	-1.0286438033384145e+04	-1.1996817682776617e+08	1.1148777470714215e+00	-3.8205107358633668e-04	2.8949626656917490e+03	1.1153143043971177e+00	2.5754481357349173e+00	5.9831805743484356e-01	8.1417603745505895e-01	0.0000000000000000e+00	0.0000000000000000e+00	
1.5585298503251366e+00	5.6635907880919711e-01	-9.2497825761728641e-05	-5.0513239261913520e-02	5.2500000000000002e-01	0.0000000000000000e+00	6.2983291994586162e+07	-1.0286438033384145e+04	-1.1996817682776617e+08	1.1148777470714215e+00	-3.8205107358633668e-04	2.8949626656917490e+03	1.1153143043971177e+00	2.5754481357349173e+00	5.9831805743484356e-01	8.1417603745505895e-01	0.0000000000000000e+00	0.0000000000000000e+00	
1.5599474387777386e+00	5.6537599046217790e-01	-9.5124283412093631e-05	-5.0331304366638241e-02	5.2500000000000002e-01	0.0000000000000000e+00	6.2982533638842985e+07	-1.0596785998951653e+04	-1.1996673243865803e+08	1.1164412421743004e+00	-3.8238166190398220e-04	2.8949626656917490e+03	1.1168777934438363e+00	2.5754481357349173e+00	5.9831805743484356e-01	8.1417603745505895e-01	0.0000000000000000e+00	0.0000000000000000e+00	
1.5613650272303403e+00	5.6537599046217790e-01	-9.5124283412093631e-05	-5.0331304366638241e-02	5.2500000000000002e-01	0.0000000000000000e+00	6.2982533638842985e+07	-1.0596785998951653e+04	-1.1996673243865803e+08	1.1164412421743004e+00	-3.8238166190398220e-04	2.8949626656917490e+03	1.1168777934438363e+00	2.5754481357349173e+00	5.9831805743484356e-01	8.1417603745505895e-01	0.0000000000000000e+00	0.0000000000000000e+00	
1.5627826156829423e+00	5.6440620562809585e-01	-9.5496618691965927e-05	-5.0138150810942604e-02	5.2500000000000002e-01	0.0000000000000000e+00	6.2981781097555868e+07	-1.0656415670201388e+04	-1.1996529904586671e+08	1.1180018187258423e+00	-3.8272327229157158e-04	2.8949626656917490e+03	1.1184383639250135e+00	2.5754481357349173e+00	5.9831805743484356e-01	8.1417603745505895e-01	0.0000000000000000e+00	0.0000000000000000e+00	
1.5642002041355441e+00	5.6440620562809585e-01	-9.5496618691965927e-05	-5.0138150810942604e-02	5.2500000000000002e-01	0.0000000000000000e+00	6.2981781097555868e+07	-1.0656415670201388e+04	-1.1996529904586671e+08	1.1180018187258423e+00	-3.8272327229157158e-04	2.8949626656917490e+03	1.1184383639250135e+00	2.5754481357349173e+00	5.9831805743484356e-01	8.1417603745505895e-01	0.0000000000000000e+00	0.0000000000000000e+00	
1.5656177925881460e+00	5.6344507831059243e-01	-9.3719979240241020e-05	-4.9939708916391809e-02	5.2500000000000002e-01	0.0000000000000000e+00	6.2981047294010438e+07	-1.0475878966981754e+04	-1.1996390126715614e+08	1.1195595210879279e+00	-3.8306857052582393e-04	2.8949626656917490e+03	1.1199960602115548e+00	2.5754481357349173e+00	5.9831805743484356e-01	8.1417603745505895e-01	0.0000000000000000e+00	0.0000000000000000e+00	
1.5670353810407478e+00	5.6344507831059243e-01	-9.3719979240241020e-05	-4.9939708916391809e-02	5.2500000000000002e-01	0.0000000000000000e+00	6.2981047294010438e+07	-1.0475878966981754e+04	-1.1996390126715614e+08	1.1195595210879279e+00	-3.8306857052582393e-04	2.8949626656917490e+03	1.1199960602115548e+00	2.5754481357349173e+00	5.9831805743484356e-01	8.1417603745505895e-01	0.0000000000000000e+00	0.0000000000000000e+00	
1.5684529694933498e+00	5.6248516337846521e-01	-8.9961471644953685e-05	-4.9741883668467858e-02	5.2500000000000002e-01	0.0000000000000000e+00	6.2980344190457635e+07	-1.0072806923561642e+04	-1.1996256189706373e+08	1.1211143840867530e+00	-3.8341037780698523e-04	2.8949626656917490e+03	1.1215509171366662e+00	2.5754481357349173e+00	5.9831805743484356e-01	8.1417603745505895e-01	0.0000000000000000e+00	0.0000000000000000e+00	
1.5698705579459515e+00	5.6248516337846521e-01	-8.9961471644953685e-05	-4.9741883668467858e-02	5.2500000000000002e-01	0.0000000000000000e+00	6.2980344190457635e+07	-1.0072806923561642e+04	-1.1996256189706373e+08	1.1211143840867530e+00	-3.8341037780698523e-04	2.8949626656917490e+03	1.1215509171366662e+00	2.5754481357349173e+00	5.9831805743484356e-01	8.1417603745505895e-01	0.0000000000000000e+00	0.0000000000000000e+00	
1.5712881463985535e+00	5.6151599358979154e-01	-8.4455926655584680e-05	-4.9550394673031767e-02	5.2500000000000002e-01	0.0000000000000000e+00	6.2979683757076852e+07	-9.4725842414122963e+03	-1.1996130375133002e+08	1.1226664242246716e+00	-3.8374188542681590e-04	2.8949626656917490e+03	1.1231029512055466e+00	2.5754481357349173e+00	5.9831805743484356e-01	8.1417603745505895e-01	0.0000000000000000e+00	0.0000000000000000e+00	
1.5727057348511553e+00	5.6151599358979154e-01	-8.4455926655584680e-05	-4.9550394673031767e-02	5.2500000000000002e-01	0.0000000000000000e+00	6.2979683757076852e+07	-9.4725842414122963e+03	-1.1996130375133002e+08	1.1226664242246716e+00	-3.8374188542681590e-04	2.8949626656917490e+03	1.1231029512055466e+00	2.5754481357349173e+00	5.9831805743484356e-01	8.1417603745505895e-01	0.0000000000000000e+00	0.0000000000000000e+00	
1.5741233233037573e+00	5.6052460056631803e-01	-7.7492284040865287e-05	-4.9370731682418623e-02	5.2500000000000002e-01	0.0000000000000000e+00	6.2979076180616304e+07	-8.7068300928965255e+03	-1.1996014625233151e+08	1.1242156327037578e+00	-3.8405683853938503e-04	2.8949626656917490e+03	1.1246521536173701e+00	2.5754481357349173e+00	5.9831805743484356e-01	8.1417603745505895e-01	0.0000000000000000e+00	0.0000000000000000e+00	
1.5755409117563590e+00	5.6052460056631803e-01	-7.7492284040865287e-05	-4.9370731682418623e-02	5.2500000000000002e-01	0.0000000000000000e+00	6.2979076180616304e+07	-8.7068300928965255e+03	-1.1996014625233151e+08	1.1242156327037578e+00	-3.8405683853938503e-04	2.8949626656917490e+03	1.1246521536173701e+00	2.5754481357349173e+00	5.9831805743484356e-01	8.1417603745505895e-01	0.0000000000000000e+00	0.0000000000000000e+00	
1.5769585002089610e+00	5.5949551468551761e-01	-6.9404894154618675e-05	-4.9207906604961250e-02	5.2500000000000002e-01	0.0000000000000000e+00	6.2978531026406422e+07	-7.8124277410123495e+03	-1.1995910763994016e+08	1.1257619663002287e+00	-3.8434971845777968e-04	2.8949626656917490e+03	1.1261984811389256e+00	2.5754481357349173e+00	5.9831805743484356e-01	8.1417603745505895e-01	0.0000000000000000e+00	0.0000000000000000e+00	
1.5783760886615628e+00	5.5949551468551761e-01	-6.9404894154618675e-05	-4.9207906604961250e-02	5.2500000000000002e-01	0.0000000000000000e+00	6.2978531026406422e+07	-7.8124277410123495e+03	-1.1995910763994016e+08	1.1257619663002287e+00	-3.8434971845777968e-04	2.8949626656917490e+03	1.1261984811389256e+00	2.5754481357349173e+00	5.9831805743484356e-01	8.1417603745505895e-01	0.0000000000000000e+00	0.0000000000000000e+00	
1.5797936771141647e+00	5.5841165677108329e-01	-6.0551909842031763e-05	-4.9066356014399105e-02	5.2500000000000002e-01	0.0000000000000000e+00	6.2978055765560582e+07	-6.8290865860380036e+03	-1.1995820216346647e+08	1.1273053411587652e+00	-3.8461587605378506e-04	2.8949626656917490e+03	1.1277418498991105e+00	2.5754481357349173e+00	5.9831805743484356e-01	8.1417603745505895e-01	0.0000000000000000e+00	0.0000000000000000e+00	
1.5812112655667665e+00	5.5841165677108329e-01	-6.0551909842031763e-05	-4.9066356014399105e-02	5.2500000000000002e-01	0.0000000000000000e+00	6.2978055765560582e+07	-6.8290865860380036e+03	-1.1995820216346647e+08	1.1273053411587652e+00	-3.8461587605378506e-04	2.8949626656917490e+03	1.1277418498991105e+00	2.5754481357349173e+00	5.9831805743484356e-01	8.1417603745505895e-01	0.0000000000000000e+00	0.0000000000000000e+00	
1.5826288540193685e+00	5.5725508033778037e-01	-5.1297035156435685e-05	-4.8949665735871555e-02	5.2500000000000002e-01	0.0000000000000000e+00	6.2977656323478222e+07	-5.7972859548219494e+03	-1.1995744112439463e+08	1.1288456274359355e+00	-3.8485163381800705e-04	2.8949626656917490e+03	1.1292821300333737e+00	2.5754481357349173e+00	5.9831805743484356e-01	8.1417603745505895e-01	0.0000000000000000e+00	0.0000000000000000e+00	
1.5840464424719702e+00	5.5725508033778037e-01	-5.1297035156435685e-05	-4.8949665735871555e-02	5.2500000000000002e-01	0.0000000000000000e+00	6.2977656323478222e+07	-5.7972859548219494e+03	-1.1995744112439463e+08	1.1288456274359355e+00	-3.8485163381800705e-04	2.8949626656917490e+03	1.1292821300333737e+00	2.5754481357349173e+00	5.9831805743484356e-01	8.1417603745505895e-01	0.0000000000000000e+00	0.0000000000000000e+00	
1.5854640309245722e+00	5.5600830967370696e-01	-4.1985383133281915e-05	-4.8860542900712081e-02	5.2500000000000002e-01	0.0000000000000000e+00	6.2977335417868733e+07	-4.7555540272125409e+03	-1.1995682970937103e+08	1.1303826482100494e+00	-3.8505432582955004e-04	2.8949626656917490e+03	1.1308191445953433e+00	2.5754481357349173e+00	5.9831805743484356e-01	8.1417603745505895e-01	0.0000000000000000e+00	0.0000000000000000e+00	
1.5868816193771740e+00	5.5600830967370696e-01	-4.1985383133281915e-05	-4.8860542900712081e-02	5.2500000000000002e-01	0.0000000000000000e+00	6.2977335417868733e+07	-4.7555540272125409e+03	-1.1995682970937103e+08	1.1303826482100494e+00	-3.8505432582955004e-04	2.8949626656917490e+03	1.1308191445953433e+00	2.5754481357349173e+00	5.9831805743484356e-01	8.1417603745505895e-01	0.0000000000000000e+00	0.0000000000000000e+00	
1.5882992078297760e+00	5.5465519613091419e-01	-3.2923815215503280e-05	-4.8800666491769923e-02	5.2500000000000002e-01	0.0000000000000000e+00	6.2977092465903170e+07	-3.7382614814045041e+03	-1.1995636681305338e+08	1.1319161799935518e+00	-3.8522228658691095e-04	2.8949626656917490e+03	1.1323526700715243e+00	2.5754481357349173e+00	5.9831805743484356e-01	8.1417603745505895e-01	0.0000000000000000e+00	0.0000000000000000e+00	
1.5897167962823777e+00	5.5465519613091419e-01	-3.2923815215503280e-05	-4.8800666491769923e-02	5.2500000000000002e-01	0.0000000000000000e+00	6.2977092465903170e+07	-3.7382614814045041e+03	-1.1995636681305338e+08	1.1319161799935518e+00	-3.8522228658691095e-04	2.8949626656917490e+03	1.1323526700715243e+00	2.5754481357349173e+00	5.9831805743484356e-01	8.1417603745505895e-01	0.0000000000000000e+00	0.0000000000000000e+00	
1.5911343847349797e+00	5.5318156907911398e-01	-2.4365740376630333e-05	-4.8770743739296726e-02	5.2500000000000002e-01	0.0000000000000000e+00	6.2976923279108502e+07	-2.7739162837478143e+03	-1.1995604445752232e+08	1.1334459554048508e+00	-3.8535478398449806e-04	2.8949626656917490e+03	1.1338824390557440e+00	2.5754481357349173e+00	5.9831805743484356e-01	8.1417603745505895e-01	0.0000000000000000e+00	0.0000000000000000e+00	
1.5925519731875815e+00	5.5318156907911398e-01	-2.4365740376630333e-05	-4.8770743739296726e-02	5.2500000000000002e-01	0.0000000000000000e+00	6.2976923279108502e+07	-2.7739162837478143e+03	-1.1995604445752232e+08	1.1334459554048508e+00	-3.8535478398449806e-04	2.8949626656917490e+03	1.1338824390557440e+00	2.5754481357349173e+00	5.9831805743484356e-01	8.1417603745505895e-01	0.0000000000000000e+00	0.0000000000000000e+00	
1.5939695616401834e+00	5.5157565861345992e-01	-1.6502140950890220e-05	-4.8770368037512953e-02	5.2500000000000002e-01	0.0000000000000000e+00	6.2976820949240811e+07	-1.8841519920509133e+03	-1.1995584948081143e+08	1.1349716664473237e+00	-3.8545191427345515e-04	2.8949626656917490e+03	1.1354081435307293e+00	2.5754481357349173e+00	5.9831805743484356e-01	8.1417603745505895e-01	0.0000000000000000e+00	0.0000000000000000e+00	
1.5953871500927852e+00	5.5157565861345992e-01	-1.6502140950890220e-05	-4.8770368037512953e-02	5.2500000000000002e-01	0.0000000000000000e+00	6.2976820949240811e+07	-1.8841519920509133e+03	-1.1995584948081143e+08	1.1349716664473237e+00	-3.8545191427345515e-04	2.8949626656917490e+03	1.1354081435307293e+00	2.5754481357349173e+00	5.9831805743484356e-01	8.1417603745505895e-01	0.0000000000000000e+00	0.0000000000000000e+00	
1.5968047385453872e+00	5.4982899279689312e-01	-9.4668793720253509e-06	-4.8798064075796899e-02	5.2500000000000002e-01	0.0000000000000000e+00	6.2976776952137902e+07	-1.0843254147295779e+03	-1.1995576564090052e+08	1.1364929705044005e+00	-3.8551448865684220e-04	2.8949626656917490e+03	1.1369294408655384e+00	2.5754481357349173e+00	5.9831805743484356e-01	8.1417603745505895e-01	0.0000000000000000e+00	0.0000000000000000e+00	
1.5982223269979889e+00	5.4982899279689312e-01	-9.4668793720253509e-06	-4.8798064075796899e-02	5.2500000000000002e-01	0.0000000000000000e+00	6.2976776952137902e+07	-1.0843254147295779e+03	-1.1995576564090052e+08	1.1364929705044005e+00	-3.8551448865684220e-04	2.8949626656917490e+03	1.1369294408655384e+00	2.5754481357349173e+00	5.9831805743484356e-01	8.1417603745505895e-01	0.0000000000000000e+00	0.0000000000000000e+00	
1.5996399154505909e+00	5.4793778328660969e-01	-3.3420202997551891e-06	-4.8851320413279102e-02	5.2500000000000002e-01	0.0000000000000000e+00	6.2976780701112039e+07	-3.8411236811216020e+02	-1.1995577276625417e+08	1.1380094998114445e+00	-3.8554391785213123e-04	2.8949626656917490e+03	1.1384459632892903e+00	2.5754481357349173e+00	5.9831805743484356e-01	8.1417603745505895e-01	0.0000000000000000e+00	0.0000000000000000e+00	
1.6010575039031927e+00	5.4793778328660969e-01	-3.3420202997551891e-06	-4.8851320413279102e-02	5.2500000000000002e-01	0.0000000000000000e+00	6.2976780701112039e+07	-3.8411236811216020e+02	-1.1995577276625417e+08	1.1380094998114445e+00	-3.8554391785213123e-04	2.8949626656917490e+03	1.1384459632892903e+00	2.5754481357349173e+00	5.9831805743484356e-01	8.1417603745505895e-01	0.0000000000000000e+00	0.0000000000000000e+00	
1.6024750923557947e+00	5.4590366728303985e-01	1.8255387150330761e-06	-4.8926698563278456e-02	5.2500000000000002e-01	0.0000000000000000e+00	6.2976820753602713e+07	2.1059873989780729e+02	-1.1995584905515207e+08	1.1395208735171012e+00	-3.8554212420990381e-04	2.8949626656917490e+03	1.1399573299538464e+00	2.5754481357349173e+00	5.9831805743484356e-01	8.1417603745505895e-01	0.0000000000000000e+00	0.0000000000000000e+00	
1.6038926808083964e+00	5.4590366728303985e-01	1.8255387150330761e-06	-4.8926698563278456e-02	5.2500000000000002e-01	0.0000000000000000e+00	6.2976820753602713e+07	2.1059873989780729e+02	-1.1995584905515207e+08	1.1395208735171012e+00	-3.8554212420990381e-04	2.8949626656917490e+03	1.1399573299538464e+00	2.5754481357349173e+00	5.9831805743484356e-01	8.1417603745505895e-01	0.0000000000000000e+00	0.0000000000000000e+00	
1.6053102692609984e+00	5.4373435184171082e-01	6.0178685079367081e-06	-4.9019918926601277e-02	5.2500000000000002e-01	0.0000000000000000e+00	6.2976884210576892e+07	6.9700692430985839e+02	-1.1995596993225525e+08	1.1410267120211910e+00	-3.8551146193132474e-04	2.8949626656917490e+03	1.1414631612723953e+00	2.5754481357349173e+00	5.9831805743484356e-01	8.1417603745505895e-01	0.0000000000000000e+00	0.0000000000000000e+00	
1.6067278577136002e+00	5.4373435184171082e-01	6.0178685079367081e-06	-4.9019918926601277e-02	5.2500000000000002e-01	0.0000000000000000e+00	6.2976884210576892e+07	6.9700692430985839e+02	-1.1995596993225525e+08	1.1410267120211910e+00	-3.8551146193132474e-04	2.8949626656917490e+03	1.1414631612723953e+00	2.5754481357349173e+00	5.9831805743484356e-01	8.1417603745505895e-01	0.0000000000000000e+00	0.0000000000000000e+00	
1.6081454461662021e+00	5.4144308221740434e-01	9.2305653687788891e-06	-4.9125899366091290e-02	5.2500000000000002e-01	0.0000000000000000e+00	6.2976959168189101e+07	1.0736362831494716e+03	-1.1995611271874441e+08	1.1425266510768779e+00	-3.8545467077418503e-04	2.8949626656917490e+03	1.1429630930215660e+00	2.5754481357349173e+00	5.9831805743484356e-01	8.1417603745505895e-01	0.0000000000000000e+00	0.0000000000000000e+00	
1.6095630346188039e+00	5.4144308221740434e-01	9.2305653687788891e-06	-4.9125899366091290e-02	5.2500000000000002e-01	0.0000000000000000e+00	6.2976959168189101e+07	1.0736362831494716e+03	-1.1995611271874441e+08	1.1425266510768779e+00	-3.8545467077418503e-04	2.8949626656917490e+03	1.1429630930215660e+00	2.5754481357349173e+00	5.9831805743484356e-01	8.1417603745505895e-01	0.0000000000000000e+00	0.0000000000000000e+00	
1.6109806230714059e+00	5.3904865023456627e-01	1.1475347707546874e-05	-4.9238899098441424e-02	5.2500000000000002e-01	0.0000000000000000e+00	6.2977033941109098e+07	1.3406644497667016e+03	-1.1995625515310329e+08	1.1440203568041623e+00	-3.8537482301122006e-04	2.8949626656917490e+03	1.1444567913539918e+00	2.5754481357349173e+00	5.9831805743484356e-01	8.1417603745505895e-01	0.0000000000000000e+00	0.0000000000000000e+00	
1.6123982115240076e+00	5.3904865023456627e-01	1.1475347707546874e-05	-4.9238899098441424e-02	5.2500000000000002e-01	0.0000000000000000e+00	6.2977033941109098e+07	1.3406644497667016e+03	-1.1995625515310329e+08	1.1440203568041623e+00	-3.8537482301122006e-04	2.8949626656917490e+03	1.1444567913539918e+00	2.5754481357349173e+00	5.9831805743484356e-01	8.1417603745505895e-01	0.0000000000000000e+00	0.0000000000000000e+00	
1.6138157999766096e+00	5.3657427110207356e-01	1.2772359898675651e-05	-4.9352501481303358e-02	5.2500000000000002e-01	0.0000000000000000e+00	6.2977099791649722e+07	1.4990770658117253e+03	-1.1995638058950739e+08	1.1455075389054625e+00	-3.8527528800295967e-04	2.8949626656917490e+03	1.1459439660121691e+00	2.5754481357349173e+00	5.9831805743484356e-01	8.1417603745505895e-01	0.0000000000000000e+00	0.0000000000000000e+00	
1.6152333884292114e+00	5.3657427110207356e-01	1.2772359898675651e-05	-4.9352501481303358e-02	5.2500000000000002e-01	0.0000000000000000e+00	6.2977099791649722e+07	1.4990770658117253e+03	-1.1995638058950739e+08	1.1455075389054625e+00	-3.8527528800295967e-04	2.8949626656917490e+03	1.1459439660121691e+00	2.5754481357349173e+00	5.9831805743484356e-01	8.1417603745505895e-01	0.0000000000000000e+00	0.0000000000000000e+00	
1.6166509768818134e+00	5.3404753840959407e-01	1.3160506896733537e-05	-4.9459821668120289e-02	5.2500000000000002e-01	0.0000000000000000e+00	6.2977149404322818e+07	1.5519427568946949e+03	-1.1995647509227628e+08	1.1469879646302534e+00	-3.8515966965937541e-04	2.8949626656917490e+03	1.1474243842906822e+00	2.5754481357349173e+00	5.9831805743484356e-01	8.1417603745505895e-01	0.0000000000000000e+00	0.0000000000000000e+00	
1.6180685653344151e+00	5.3404753840959407e-01	1.3160506896733537e-05	-4.9459821668120289e-02	5.2500000000000002e-01	0.0000000000000000e+00	6.2977149404322818e+07	1.5519427568946949e+03	-1.1995647509227628e+08	1.1469879646302534e+00	-3.8515966965937541e-04	2.8949626656917490e+03	1.1474243842906822e+00	2.5754481357349173e+00	5.9831805743484356e-01	8.1417603745505895e-01	0.0000000000000000e+00	0.0000000000000000e+00	
1.6194861537870171e+00	5.3149904957270988e-01	1.2691410585578002e-05	-4.9553449342400982e-02	5.2500000000000002e-01	0.0000000000000000e+00	6.2977179346573949e+07	1.5038018247662199e+03	-1.1995653212291092e+08	1.1484614702429459e+00	-3.8503175263338767e-04	2.8949626656917490e+03	1.1488978825011660e+00	2.5754481357349173e+00	5.9831805743484356e-01	8.1417603745505895e-01	0.0000000000000000e+00	0.0000000000000000e+00	
1.6209037422396189e+00	5.3149904957270988e-01	1.2691410585578002e-05	-4.9553449342400982e-02	5.2500000000000002e-01	0.0000000000000000e+00	6.2977179346573949e+07	1.5038018247662199e+03	-1.1995653212291092e+08	1.1484614702429459e+00	-3.8503175263338767e-04	2.8949626656917490e+03	1.1488978825011660e+00	2.5754481357349173e+00	5.9831805743484356e-01	8.1417603745505895e-01	0.0000000000000000e+00	0.0000000000000000e+00	
1.6223213306922208e+00	5.2896233915743074e-01	1.1436802817791365e-05	-4.9625750403757975e-02	5.2500000000000002e-01	0.0000000000000000e+00	6.2977187784384415e+07	1.3616426452142150e+03	-1.1995654818877065e+08	1.1499279732823384e+00	-3.8489542280337722e-04	2.8949626656917490e+03	1.1503643782286255e+00	2.5754481357349173e+00	5.9831805743484356e-01	8.1417603745505895e-01	0.0000000000000000e+00	0.0000000000000000e+00	
1.6237389191448226e+00	5.2896233915743074e-01	1.1436802817791365e-05	-4.9625750403757975e-02	5.2500000000000002e-01	0.0000000000000000e+00	6.2977187784384415e+07	1.3616426452142150e+03	-1.1995654818877065e+08	1.1499279732823384e+00	-3.8489542280337722e-04	2.8949626656917490e+03	1.1503643782286255e+00	2.5754481357349173e+00	5.9831805743484356e-01	8.1417603745505895e-01	0.0000000000000000e+00	0.0000000000000000e+00	
1.6251565075974246e+00	5.2647217673651903e-01	9.4778348788948427e-06	-4.9668815309562984e-02	5.2500000000000002e-01	0.0000000000000000e+00	6.2977176654025406e+07	1.1337489573823489e+03	-1.1995652697948681e+08	1.1513874815901732e+00	-3.8475460443821347e-04	2.8949626656917490e+03	1.1518238793568931e+00	2.5754481357349173e+00	5.9831805743484356e-01	8.1417603745505895e-01	0.0000000000000000e+00	0.0000000000000000e+00	
1.6265740960500263e+00	5.2647217673651903e-01	9.4778348788948427e-06	-4.9668815309562984e-02	5.2500000000000002e-01	0.0000000000000000e+00	6.2977176654025406e+07	1.1337489573823489e+03	-1.1995652697948681e+08	1.1513874815901732e+00	-3.8475460443821347e-04	2.8949626656917490e+03	1.1518238793568931e+00	2.5754481357349173e+00	5.9831805743484356e-01	8.1417603745505895e-01	0.0000000000000000e+00	0.0000000000000000e+00	
1.6279916845026283e+00	5.2406420556347666e-01	6.9081752167358523e-06	-4.9674904000765428e-02	5.2500000000000002e-01	0.0000000000000000e+00	6.2977148747741275e+07	8.3016007119214964e+02	-1.1995647381564349e+08	1.1528401022861934e+00	-3.8461318082467502e-04	2.8949626656917490e+03	1.1532764930409478e+00	2.5754481357349173e+00	5.9831805743484356e-01	8.1417603745505895e-01	0.0000000000000000e+00	0.0000000000000000e+00	
1.6294092729552301e+00	5.2406420556347666e-01	6.9081752167358523e-06	-4.9674904000765428e-02	5.2500000000000002e-01	0.0000000000000000e+00	6.2977148747741275e+07	8.3016007119214964e+02	-1.1995647381564349e+08	1.1528401022861934e+00	-3.8461318082467502e-04	2.8949626656917490e+03	1.1532764930409478e+00	2.5754481357349173e+00	5.9831805743484356e-01	8.1417603745505895e-01	0.0000000000000000e+00	0.0000000000000000e+00	
1.6308268614078321e+00	5.2177243893868586e-01	3.8213992602527460e-06	-4.9636452662083705e-02	5.2500000000000002e-01	0.0000000000000000e+00	6.2977109652352117e+07	4.6123685782996080e+02	-1.1995639934103073e+08	1.1542860452714876e+00	-3.8447493781978412e-04	2.8949626656917490e+03	1.1547224292081240e+00	2.5754481357349173e+00	5.9831805743484356e-01	8.1417603745505895e-01	0.0000000000000000e+00	0.0000000000000000e+00	
1.6322444498604338e+00	5.2177243893868586e-01	3.8213992602527460e-06	-4.9636452662083705e-02	5.2500000000000002e-01	0.0000000000000000e+00	6.2977109652352117e+07	4.6123685782996080e+02	-1.1995639934103073e+08	1.1542860452714876e+00	-3.8447493781978412e-04	2.8949626656917490e+03	1.1547224292081240e+00	2.5754481357349173e+00	5.9831805743484356e-01	8.1417603745505895e-01	0.0000000000000000e+00	0.0000000000000000e+00	
1.6336620383130358e+00	5.1962823432659122e-01	3.1527569102327301e-07	-4.9546563943176247e-02	5.2500000000000002e-01	0.0000000000000000e+00	6.2977065277878061e+07	3.8210275082207517e+01	-1.1995631481502791e+08	1.1557256241062766e+00	-3.8434349414140714e-04	2.8949626656917490e+03	1.1561620014346039e+00	2.5754481357349173e+00	5.9831805743484356e-01	8.1417603745505895e-01	0.0000000000000000e+00	0.0000000000000000e+00	
1.6350796267656376e+00	5.1962823432659122e-01	3.1527569102327301e-07	-4.9546563943176247e-02	5.2500000000000002e-01	0.0000000000000000e+00	6.2977065277878061e+07	3.8210275082207517e+01	-1.1995631481502791e+08	1.1557256241062766e+00	-3.8434349414140714e-04	2.8949626656917490e+03	1.1561620014346039e+00	2.5754481357349173e+00	5.9831805743484356e-01	8.1417603745505895e-01	0.0000000000000000e+00	0.0000000000000000e+00	
1.6364972152182395e+00	5.1765793571862573e-01	-3.5221079532105890e-06	-4.9399036415513735e-02	5.2500000000000002e-01	0.0000000000000000e+00	6.2977023651805758e+07	-4.2849121121968523e+02	-1.1995623553002566e+08	1.1571592501192316e+00	-3.8422226431995669e-04	2.8949626656917490e+03	1.1575956210544649e+00	2.5754481357349173e+00	5.9831805743484356e-01	8.1417603745505895e-01	0.0000000000000000e+00	0.0000000000000000e+00	
1.6379148036708413e+00	5.1765793571862573e-01	-3.5221079532105890e-06	-4.9399036415513735e-02	5.2500000000000002e-01	0.0000000000000000e+00	6.2977023651805758e+07	-4.2849121121968523e+02	-1.1995623553002566e+08	1.1571592501192316e+00	-3.8422226431995669e-04	2.8949626656917490e+03	1.1575956210544649e+00	2.5754481357349173e+00	5.9831805743484356e-01	8.1417603745505895e-01	0.0000000000000000e+00	0.0000000000000000e+00	
1.6393323921234433e+00	5.1588247283958000e-01	-7.6115138162129433e-06	-4.9188897702662070e-02	5.2500000000000002e-01	0.0000000000000000e+00	6.2976991800825685e+07	-9.2918497609934400e+02	-1.1995617487177229e+08	1.1585874240650060e+00	-3.8411442324468129e-04	2.8949626656917490e+03	1.1590237888179971e+00	2.5754481357349173e+00	5.9831805743484356e-01	8.1417603745505895e-01	0.0000000000000000e+00	0.0000000000000000e+00	
1.6407499805760450e+00	5.1588247283958000e-01	-7.6115138162129433e-06	-4.9188897702662070e-02	5.2500000000000002e-01	0.0000000000000000e+00	6.2976991800825685e+07	-9.2918497609934400e+02	-1.1995617487177229e+08	1.1585874240650060e+00	-3.8411442324468129e-04	2.8949626656917490e+03	1.1590237888179971e+00	2.5754481357349173e+00	5.9831805743484356e-01	8.1417603745505895e-01	0.0000000000000000e+00	0.0000000000000000e+00	
1.6421675690286470e+00	5.1431565614076002e-01	-1.1895480235255432e-05	-4.8912341359917746e-02	5.2500000000000002e-01	0.0000000000000000e+00	6.2976977490215689e+07	-1.4565790134258607e+03	-1.1995614763249546e+08	1.1600107217202442e+00	-3.8402290606222728e-04	2.8949626656917490e+03	1.1604470804894358e+00	2.5754481357349173e+00	5.9831805743484356e-01	8.1417603745505895e-01	0.0000000000000000e+00	0.0000000000000000e+00	
1.6435851574812488e+00	5.1431565614076002e-01	-1.1895480235255432e-05	-4.8912341359917746e-02	5.2500000000000002e-01	0.0000000000000000e+00	6.2976977490215689e+07	-1.4565790134258607e+03	-1.1995614763249546e+08	1.1600107217202442e+00	-3.8402290606222728e-04	2.8949626656917490e+03	1.1604470804894358e+00	2.5754481357349173e+00	5.9831805743484356e-01	8.1417603745505895e-01	0.0000000000000000e+00	0.0000000000000000e+00	
1.6450027459338508e+00	5.1296456055375395e-01	-1.6330169739794046e-05	-4.8567200207842935e-02	5.2500000000000002e-01	0.0000000000000000e+00	6.2976986031222560e+07	-2.0048653467995957e+03	-1.1995616392978075e+08	1.1614297784286902e+00	-3.8395039842185566e-04	2.8949626656917490e+03	1.1618661313944507e+00	2.5754481357349173e+00	5.9831805743484356e-01	8.1417603745505895e-01	0.0000000000000000e+00	0.0000000000000000e+00	
1.6464203343864525e+00	5.1296456055375395e-01	-1.6330169739794046e-05	-4.8567200207842935e-02	5.2500000000000002e-01	0.0000000000000000e+00	6.2976986031222560e+07	-2.0048653467995957e+03	-1.1995616392978075e+08	1.1614297784286902e+00	-3.8395039842185566e-04	2.8949626656917490e+03	1.1618661313944507e+00	2.5754481357349173e+00	5.9831805743484356e-01	8.1417603745505895e-01	0.0000000000000000e+00	0.0000000000000000e+00	
1.6478379228390545e+00	5.1182828596568763e-01	-2.0889532475291855e-05	-4.8152790713299733e-02	5.2500000000000002e-01	0.0000000000000000e+00	6.2977022483177528e+07	-2.5703162416617874e+03	-1.1995623340119885e+08	1.1628452686928439e+00	-3.8389934185191911e-04	2.8949626656917490e+03	1.1632816160145070e+00	2.5754481357349173e+00	5.9831805743484356e-01	8.1417603745505895e-01	0.0000000000000000e+00	0.0000000000000000e+00	
1.6492555112916563e+00	5.1182828596568763e-01	-2.0889532475291855e-05	-4.8152790713299733e-02	5.2500000000000002e-01	0.0000000000000000e+00	6.2977022483177528e+07	-2.5703162416617874e+03	-1.1995623340119885e+08	1.1628452686928439e+00	-3.8389934185191911e-04	2.8949626656917490e+03	1.1632816160145070e+00	2.5754481357349173e+00	5.9831805743484356e-01	8.1417603745505895e-01	0.0000000000000000e+00	0.0000000000000000e+00	
1.6506730997442582e+00	5.1089875655849881e-01	-2.5551748671493422e-05	-4.7670269018915350e-02	5.2500000000000002e-01	0.0000000000000000e+00	6.2977088997233018e+07	-3.1496940038751313e+03	-1.1995636014475498e+08	1.1642578855357484e+00	-3.8387191286866671e-04	2.8949626656917490e+03	1.1646942273513570e+00	2.5754481357349173e+00	5.9831805743484356e-01	8.1417603745505895e-01	0.0000000000000000e+00	0.0000000000000000e+00	
1.6520906881968600e+00	5.1089875655849881e-01	-2.5551748671493422e-05	-4.7670269018915350e-02	5.2500000000000002e-01	0.0000000000000000e+00	6.2977088997233018e+07	-3.1496940038751313e+03	-1.1995636014475498e+08	1.1642578855357484e+00	-3.8387191286866671e-04	2.8949626656917490e+03	1.1646942273513570e+00	2.5754481357349173e+00	5.9831805743484356e-01	8.1417603745505895e-01	0.0000000000000000e+00	0.0000000000000000e+00	
1.6535082766494620e+00	5.1016019887322506e-01	-3.0304368599952932e-05	-4.7122376305057175e-02	5.2500000000000002e-01	0.0000000000000000e+00	6.2977187039934814e+07	-3.7409501832200408e+03	-1.1995654695436983e+08	1.1656683166483273e+00	-3.8387001260783624e-04	2.8949626656917490e+03	1.1661046530767345e+00	2.5754481357349173e+00	5.9831805743484356e-01	8.1417603745505895e-01	0.0000000000000000e+00	0.0000000000000000e+00	
1.6549258651020637e+00	5.1016019887322506e-01	-3.0304368599952932e-05	-4.7122376305057175e-02	5.2500000000000002e-01	0.0000000000000000e+00	6.2977187039934814e+07	-3.7409501832200408e+03	-1.1995654695436983e+08	1.1656683166483273e+00	-3.8387001260783624e-04	2.8949626656917490e+03	1.1661046530767345e+00	2.5754481357349173e+00	5.9831805743484356e-01	8.1417603745505895e-01	0.0000000000000000e+00	0.0000000000000000e+00	
1.6563434535546657e+00	5.0959071920402998e-01	-3.5133646487848529e-05	-4.6513635154646904e-02	5.2500000000000002e-01	0.0000000000000000e+00	6.2977314898340024e+07	-4.3419603909746729e+03	-1.1995679056765310e+08	1.1670772229187552e+00	-3.8389523622727611e-04	2.8949626656917490e+03	1.1675135540634152e+00	2.5754481357349173e+00	5.9831805743484356e-01	8.1417603745505895e-01	0.0000000000000000e+00	0.0000000000000000e+00	
1.6577610420072675e+00	5.0959071920402998e-01	-3.5133646487848529e-05	-4.6513635154646904e-02	5.2500000000000002e-01	0.0000000000000000e+00	6.2977314898340024e+07	-4.3419603909746729e+03	-1.1995679056765310e+08	1.1670772229187552e+00	-3.8389523622727611e-04	2.8949626656917490e+03	1.1675135540634152e+00	2.5754481357349173e+00	5.9831805743484356e-01	8.1417603745505895e-01	0.0000000000000000e+00	0.0000000000000000e+00	
1.6591786304598695e+00	5.0916214375160307e-01	-4.0032815479516459e-05	-4.5849818341501869e-02	5.2500000000000002e-01	0.0000000000000000e+00	6.2977471191494077e+07	-4.9515964894782446e+03	-1.1995708835457797e+08	1.1684852150499256e+00	-3.8394886222268231e-04	2.8949626656917490e+03	1.1689215410035663e+00	2.5754481357349173e+00	5.9831805743484356e-01	8.1417603745505895e-01	0.0000000000000000e+00	0.0000000000000000e+00	
1.6605962189124712e+00	5.0916214375160307e-01	-4.0032815479516459e-05	-4.5849818341501869e-02	5.2500000000000002e-01	0.0000000000000000e+00	6.2977471191494077e+07	-4.9515964894782446e+03	-1.1995708835457797e+08	1.1684852150499256e+00	-3.8394886222268231e-04	2.8949626656917490e+03	1.1689215410035663e+00	2.5754481357349173e+00	5.9831805743484356e-01	8.1417603745505895e-01	0.0000000000000000e+00	0.0000000000000000e+00	
1.6620138073650732e+00	5.0884257599936111e-01	-4.4994488101383052e-05	-4.5138006314017640e-02	5.2500000000000002e-01	0.0000000000000000e+00	6.2977652414317086e+07	-5.5688092267903821e+03	-1.1995743363910195e+08	1.1698928345737596e+00	-3.8403183228286286e-04	2.8949626656917490e+03	1.1703291554231032e+00	2.5754481357349173e+00	5.9831805743484356e-01	8.1417603745505895e-01	0.0000000000000000e+00	0.0000000000000000e+00	
1.6634313958176750e+00	5.0884257599936111e-01	-4.4994488101383052e-05	-4.5138006314017640e-02	5.2500000000000002e-01	0.0000000000000000e+00	6.2977652414317086e+07	-5.5688092267903821e+03	-1.1995743363910195e+08	1.1698928345737596e+00	-3.8403183228286286e-04	2.8949626656917490e+03	1.1703291554231032e+00	2.5754481357349173e+00	5.9831805743484356e-01	8.1417603745505895e-01	0.0000000000000000e+00	0.0000000000000000e+00	
1.6648489842702769e+00	5.0859768979710851e-01	-5.0022460945170945e-05	-4.4386071844245409e-02	5.2500000000000002e-01	0.0000000000000000e+00	6.2977855491908170e+07	-6.1941046527587123e+03	-1.1995782056478991e+08	1.1713005372844545e+00	-3.8414476383808653e-04	2.8949626656917490e+03	1.1717368531142420e+00	2.5754481357349173e+00	5.9831805743484356e-01	8.1417603745505895e-01	0.0000000000000000e+00	0.0000000000000000e+00	
1.6662665727228787e+00	5.0859768979710851e-01	-5.0022460945170945e-05	-4.4386071844245409e-02	5.2500000000000002e-01	0.0000000000000000e+00	6.2977855491908170e+07	-6.1941046527587123e+03	-1.1995782056478991e+08	1.1713005372844545e+00	-3.8414476383808653e-04	2.8949626656917490e+03	1.1717368531142420e+00	2.5754481357349173e+00	5.9831805743484356e-01	8.1417603745505895e-01	0.0000000000000000e+00	0.0000000000000000e+00	
1.6676841611754807e+00	5.0839391001313017e-01	-5.5124988554993618e-05	-4.3602627754944764e-02	5.2500000000000002e-01	0.0000000000000000e+00	6.2978075504620701e+07	-6.8286925217457538e+03	-1.1995823976159461e+08	1.1727086842056460e+00	-3.8428796324577077e-04	2.8949626656917490e+03	1.1731449951013198e+00	2.5754481357349173e+00	5.9831805743484356e-01	8.1417603745505895e-01	0.0000000000000000e+00	0.0000000000000000e+00	
1.6691017496280824e+00	5.0839391001313017e-01	-5.5124988554993618e-05	-4.3602627754944764e-02	5.2500000000000002e-01	0.0000000000000000e+00	6.2978075504620701e+07	-6.8286925217457538e+03	-1.1995823976159461e+08	1.1727086842056460e+00	-3.8428796324577077e-04	2.8949626656917490e+03	1.1731449951013198e+00	2.5754481357349173e+00	5.9831805743484356e-01	8.1417603745505895e-01	0.0000000000000000e+00	0.0000000000000000e+00	
1.6705193380806844e+00	5.0819971942703723e-01	-6.0322058821860105e-05	-4.2796463627191306e-02	5.2500000000000002e-01	0.0000000000000000e+00	6.2978308616330050e+07	-7.4753705907957219e+03	-1.1995868392377925e+08	1.1741175369544901e+00	-3.8446146634682146e-04	2.8949626656917490e+03	1.1745538430031108e+00	2.5754481357349173e+00	5.9831805743484356e-01	8.1417603745505895e-01	0.0000000000000000e+00	0.0000000000000000e+00	
1.6719369265332862e+00	5.0819971942703723e-01	-6.0322058821860105e-05	-4.2796463627191306e-02	5.2500000000000002e-01	0.0000000000000000e+00	6.2978308616330050e+07	-7.4753705907957219e+03	-1.1995868392377925e+08	1.1741175369544901e+00	-3.8446146634682146e-04	2.8949626656917490e+03	1.1745538430031108e+00	2.5754481357349173e+00	5.9831805743484356e-01	8.1417603745505895e-01	0.0000000000000000e+00	0.0000000000000000e+00	
1.6733545149858882e+00	5.0798803225144651e-01	-6.5633240814939916e-05	-4.1976474687072843e-02	5.2500000000000002e-01	0.0000000000000000e+00	6.2978550392754562e+07	-8.1369758767416943e+03	-1.1995914460650039e+08	1.1755272601120548e+00	-3.8466506654261638e-04	2.8949626656917490e+03	1.1759635614013511e+00	2.5754481357349173e+00	5.9831805743484356e-01	8.1417603745505895e-01	0.0000000000000000e+00	0.0000000000000000e+00	
1.6747721034384899e+00	5.0798803225144651e-01	-6.5633240814939916e-05	-4.1976474687072843e-02	5.2500000000000002e-01	0.0000000000000000e+00	6.2978550392754562e+07	-8.1369758767416943e+03	-1.1995914460650039e+08	1.1755272601120548e+00	-3.8466506654261638e-04	2.8949626656917490e+03	1.1759635614013511e+00	2.5754481357349173e+00	5.9831805743484356e-01	8.1417603745505895e-01	0.0000000000000000e+00	0.0000000000000000e+00	
1.6761896918910919e+00	5.0773646703581532e-01	-7.1082754159676909e-05	-4.1151156323276351e-02	5.2500000000000002e-01	0.0000000000000000e+00	6.2978798635107130e+07	-8.8169882435002146e+03	-1.1995961762341571e+08	1.1769379264344604e+00	-3.8489835981475818e-04	2.8949626656917490e+03	1.1773742230500899e+00	2.5754481357349173e+00	5.9831805743484356e-01	8.1417603745505895e-01	0.0000000000000000e+00	0.0000000000000000e+00	
1.6776072803436937e+00	5.0773646703581532e-01	-7.1082754159676909e-05	-4.1151156323276351e-02	5.2500000000000002e-01	0.0000000000000000e+00	6.2978798635107130e+07	-8.8169882435002146e+03	-1.1995961762341571e+08	1.1769379264344604e+00	-3.8489835981475818e-04	2.8949626656917490e+03	1.1773742230500899e+00	2.5754481357349173e+00	5.9831805743484356e-01	8.1417603745505895e-01	0.0000000000000000e+00	0.0000000000000000e+00	
1.6790248687962956e+00	5.0742870520397421e-01	-7.6687788112097792e-05	-4.0328610666600567e-02	5.2500000000000002e-01	0.0000000000000000e+00	6.2979051245447174e+07	-9.5180349236852799e+03	-1.1996009898033963e+08	1.1783495269227493e+00	-3.8516077266016627e-04	2.8949626656917490e+03	1.1787858189441311e+00	2.5754481357349173e+00	5.9831805743484356e-01	8.1417603745505895e-01	0.0000000000000000e+00	0.0000000000000000e+00	
1.6804424572488974e+00	5.0742870520397421e-01	-7.6687788112097792e-05	-4.0328610666600567e-02	5.2500000000000002e-01	0.0000000000000000e+00	6.2979051245447174e+07	-9.5180349236852799e+03	-1.1996009898033963e+08	1.1783495269227493e+00	-3.8516077266016627e-04	2.8949626656917490e+03	1.1787858189441311e+00	2.5754481357349173e+00	5.9831805743484356e-01	8.1417603745505895e-01	0.0000000000000000e+00	0.0000000000000000e+00	
1.6818600457014994e+00	5.0705397993631618e-01	-8.2460550646389454e-05	-3.9516130921889332e-02	5.2500000000000002e-01	0.0000000000000000e+00	6.2979308153989188e+07	-1.0242121421389618e+04	-1.1996058854630618e+08	1.1797619819814016e+00	-3.8545159346072152e-04	2.8949626656917490e+03	1.1801982694766138e+00	2.5754481357349173e+00	5.9831805743484356e-01	8.1417603745505895e-01	0.0000000000000000e+00	0.0000000000000000e+00	
1.6832776341541011e+00	5.0705397993631618e-01	-8.2460550646389454e-05	-3.9516130921889332e-02	5.2500000000000002e-01	0.0000000000000000e+00	6.2979308153989188e+07	-1.0242121421389618e+04	-1.1996058854630618e+08	1.1797619819814016e+00	-3.8545159346072152e-04	2.8949626656917490e+03	1.1801982694766138e+00	2.5754481357349173e+00	5.9831805743484356e-01	8.1417603745505895e-01	0.0000000000000000e+00	0.0000000000000000e+00	
1.6846952226067031e+00	5.0660772604799409e-01	-8.8395131995435317e-05	-3.8720286791696874e-02	5.2500000000000002e-01	0.0000000000000000e+00	6.2979568642084956e+07	-1.0988950615816877e+04	-1.1996108495387626e+08	1.1811751555220589e+00	-3.8576997656980912e-04	2.8949626656917490e+03	1.1816114385424432e+00	2.5754481357349173e+00	5.9831805743484356e-01	8.1417603745505895e-01	0.0000000000000000e+00	0.0000000000000000e+00	
1.6861128110593049e+00	5.0660772604799409e-01	-8.8395131995435317e-05	-3.8720286791696874e-02	5.2500000000000002e-01	0.0000000000000000e+00	6.2979568642084956e+07	-1.0988950615816877e+04	-1.1996108495387626e+08	1.1811751555220589e+00	-3.8576997656980912e-04	2.8949626656917490e+03	1.1816114385424432e+00	2.5754481357349173e+00	5.9831805743484356e-01	8.1417603745505895e-01	0.0000000000000000e+00	0.0000000000000000e+00	
1.6875303995119069e+00	5.0609060602105138e-01	-9.4465659679609994e-05	-3.7946585005670656e-02	5.2500000000000002e-01	0.0000000000000000e+00	6.2979832809102051e+07	-1.1755664661706674e+04	-1.1996158839284597e+08	1.1825888687420993e+00	-3.8611493393296721e-04	2.8949626656917490e+03	1.1830251473170936e+00	2.5754481357349173e+00	5.9831805743484356e-01	8.1417603745505895e-01	0.0000000000000000e+00	0.0000000000000000e+00	
1.6889479879645086e+00	5.0609060602105138e-01	-9.4465659679609994e-05	-3.7946585005670656e-02	5.2500000000000002e-01	0.0000000000000000e+00	6.2979832809102051e+07	-1.1755664661706674e+04	-1.1996158839284597e+08	1.1825888687420993e+00	-3.8611493393296721e-04	2.8949626656917490e+03	1.1830251473170936e+00	2.5754481357349173e+00	5.9831805743484356e-01	8.1417603745505895e-01	0.0000000000000000e+00	0.0000000000000000e+00	
1.6903655764171106e+00	5.0550877733820943e-01	-1.0061246391948762e-04	-3.7199633220386857e-02	5.2500000000000002e-01	0.0000000000000000e+00	6.2980099075137734e+07	-1.2535060180772269e+04	-1.1996209585252814e+08	1.1840029155138045e+00	-3.8648528976316463e-04	2.8949626656917490e+03	1.1844391896466115e+00	2.5754481357349173e+00	5.9831805743484356e-01	8.1417603745505895e-01	0.0000000000000000e+00	0.0000000000000000e+00	
1.6917831648697124e+00	5.0550877733820943e-01	-1.0061246391948762e-04	-3.7199633220386857e-02	5.2500000000000002e-01	0.0000000000000000e+00	6.2980099075137734e+07	-1.2535060180772269e+04	-1.1996209585252814e+08	1.1840029155138045e+00	-3.8648528976316463e-04	2.8949626656917490e+03	1.1844391896466115e+00	2.5754481357349173e+00	5.9831805743484356e-01	8.1417603745505895e-01	0.0000000000000000e+00	0.0000000000000000e+00	
1.6932007533223143e+00	5.0487268071082192e-01	-1.0674165229121507e-04	-3.6482880461108827e-02	5.2500000000000002e-01	0.0000000000000000e+00	6.2980365688552707e+07	-1.3315492305973285e+04	-1.1996260399267195e+08	1.1854170766216401e+00	-3.8687962095373398e-04	2.8949626656917490e+03	1.1858533462862282e+00	2.5754481357349173e+00	5.9831805743484356e-01	8.1417603745505895e-01	0.0000000000000000e+00	0.0000000000000000e+00	
1.6946183417749161e+00	5.0487268071082192e-01	-1.0674165229121507e-04	-3.6482880461108827e-02	5.2500000000000002e-01	0.0000000000000000e+00	6.2980365688552707e+07	-1.3315492305973285e+04	-1.1996260399267195e+08	1.1854170766216401e+00	-3.8687962095373398e-04	2.8949626656917490e+03	1.1858533462862282e+00	2.5754481357349173e+00	5.9831805743484356e-01	8.1417603745505895e-01	0.0000000000000000e+00	0.0000000000000000e+00	
1.6960359302275181e+00	5.0419694926600789e-01	-1.1272145837205580e-04	-3.5798863576732655e-02	5.2500000000000002e-01	0.0000000000000000e+00	6.2980628752029359e+07	-1.4080347634892760e+04	-1.1996310538280973e+08	1.1868311345122815e+00	-3.8729618110665612e-04	2.8949626656917490e+03	1.1872673996522314e+00	2.5754481357349173e+00	5.9831805743484356e-01	8.1417603745505895e-01	0.0000000000000000e+00	0.0000000000000000e+00	
1.6974535186801198e+00	5.0419694926600789e-01	-1.1272145837205580e-04	-3.5798863576732655e-02	5.2500000000000002e-01	0.0000000000000000e+00	6.2980628752029359e+07	-1.4080347634892760e+04	-1.1996310538280973e+08	1.1868311345122815e+00	-3.8729618110665612e-04	2.8949626656917490e+03	1.1872673996522314e+00	2.5754481357349173e+00	5.9831805743484356e-01	8.1417603745505895e-01	0.0000000000000000e+00	0.0000000000000000e+00	
1.6988711071327218e+00	5.0349884432611591e-01	-1.1839333594529258e-04	-3.5149038664272707e-02	5.2500000000000002e-01	0.0000000000000000e+00	6.2980884040779114e+07	-1.4809402338055643e+04	-1.1996359196558021e+08	1.1882448857040511e+00	-3.8773283815600555e-04	2.8949626656917490e+03	1.1886811462334095e+00	2.5754481357349173e+00	5.9831805743484356e-01	8.1417603745505895e-01	0.0000000000000000e+00	0.0000000000000000e+00	
1.7002886955853236e+00	5.0349884432611591e-01	-1.1839333594529258e-04	-3.5149038664272707e-02	5.2500000000000002e-01	0.0000000000000000e+00	6.2980884040779114e+07	-1.4809402338055643e+04	-1.1996359196558021e+08	1.1882448857040511e+00	-3.8773283815600555e-04	2.8949626656917490e+03	1.1886811462334095e+00	2.5754481357349173e+00	5.9831805743484356e-01	8.1417603745505895e-01	0.0000000000000000e+00	0.0000000000000000e+00	
1.7017062840379256e+00	5.0279772269772005e-01	-1.2358149421065929e-04	-3.4534103826977795e-02	5.2500000000000002e-01	0.0000000000000000e+00	6.2981125711477444e+07	-1.5479985829556084e+04	-1.1996405259785227e+08	1.1896581520908480e+00	-3.8818703112118518e-04	2.8949626656917490e+03	1.1900944078970117e+00	2.5754481357349173e+00	5.9831805743484356e-01	8.1417603745505895e-01	0.0000000000000000e+00	0.0000000000000000e+00	
1.7031238724905273e+00	5.0279772269772005e-01	-1.2358149421065929e-04	-3.4534103826977795e-02	5.2500000000000002e-01	0.0000000000000000e+00	6.2981125711477444e+07	-1.5479985829556084e+04	-1.1996405259785227e+08	1.1896581520908480e+00	-3.8818703112118518e-04	2.8949626656917490e+03	1.1900944078970117e+00	2.5754481357349173e+00	5.9831805743484356e-01	8.1417603745505895e-01	0.0000000000000000e+00	0.0000000000000000e+00	
1.7045414609431293e+00	5.0211386497527977e-01	-1.2811002118606781e-04	-3.3953948146043682e-02	5.2500000000000002e-01	0.0000000000000000e+00	6.2981347803487949e+07	-1.6069147586333234e+04	-1.1996447591131449e+08	1.1910707905405773e+00	-3.8865576708015570e-04	2.8949626656917490e+03	1.1915070414889297e+00	2.5754481357349173e+00	5.9831805743484356e-01	8.1417603745505895e-01	0.0000000000000000e+00	0.0000000000000000e+00	
1.7059590493957311e+00	5.0211386497527977e-01	-1.2811002118606781e-04	-3.3953948146043682e-02	5.2500000000000002e-01	0.0000000000000000e+00	6.2981347803487949e+07	-1.6069147586333234e+04	-1.1996447591131449e+08	1.1910707905405773e+00	-3.8865576708015570e-04	2.8949626656917490e+03	1.1915070414889297e+00	2.5754481357349173e+00	5.9831805743484356e-01	8.1417603745505895e-01	0.0000000000000000e+00	0.0000000000000000e+00	
1.7073766378483330e+00	5.0146799627421246e-01	-1.3181608969866168e-04	-3.3407982829881985e-02	5.2500000000000002e-01	0.0000000000000000e+00	6.2981543486060299e+07	-1.6555355171616964e+04	-1.1996484887987445e+08	1.1924827014480521e+00	-3.8913565635023331e-04	2.8949626656917490e+03	1.1929189473880837e+00	2.5754481357349173e+00	5.9831805743484356e-01	8.1417603745505895e-01	0.0000000000000000e+00	0.0000000000000000e+00	
1.7087942263009348e+00	5.0146799627421246e-01	-1.3181608969866168e-04	-3.3407982829881985e-02	5.2500000000000002e-01	0.0000000000000000e+00	6.2981543486060299e+07	-1.6555355171616964e+04	-1.1996484887987445e+08	1.1924827014480521e+00	-3.8913565635023331e-04	2.8949626656917490e+03	1.1929189473880837e+00	2.5754481357349173e+00	5.9831805743484356e-01	8.1417603745505895e-01	0.0000000000000000e+00	0.0000000000000000e+00	
1.7102118147535368e+00	5.0087916847911063e-01	-1.3456794037945845e-04	-3.2895006300088354e-02	5.2500000000000002e-01	0.0000000000000000e+00	6.2981707229558036e+07	-1.6920884630116470e+04	-1.1996516095727594e+08	1.1938938323776931e+00	-3.8962299488292003e-04	2.8949626656917490e+03	1.1943300731499495e+00	2.5754481357349173e+00	5.9831805743484356e-01	8.1417603745505895e-01	0.0000000000000000e+00	0.0000000000000000e+00	
1.7116294032061385e+00	5.0087916847911063e-01	-1.3456794037945845e-04	-3.2895006300088354e-02	5.2500000000000002e-01	0.0000000000000000e+00	6.2981707229558036e+07	-1.6920884630116470e+04	-1.1996516095727594e+08	1.1938938323776931e+00	-3.8962299488292003e-04	2.8949626656917490e+03	1.1943300731499495e+00	2.5754481357349173e+00	5.9831805743484356e-01	8.1417603745505895e-01	0.0000000000000000e+00	0.0000000000000000e+00	
1.7130469916587405e+00	5.0036407999216981e-01	-1.3627795333538340e-04	-3.2413556852707893e-02	5.2500000000000002e-01	0.0000000000000000e+00	6.2981833677498557e+07	-1.7153580231045707e+04	-1.1996540193038547e+08	1.1953041788856518e+00	-3.9011388641347315e-04	2.8949626656917490e+03	1.1957404143289299e+00	2.5754481357349173e+00	5.9831805743484356e-01	8.1417603745505895e-01	0.0000000000000000e+00	0.0000000000000000e+00	
1.7144645801113423e+00	5.0036407999216981e-01	-1.3627795333538340e-04	-3.2413556852707893e-02	5.2500000000000002e-01	0.0000000000000000e+00	6.2981833677498557e+07	-1.7153580231045707e+04	-1.1996540193038547e+08	1.1953041788856518e+00	-3.9011388641347315e-04	2.8949626656917490e+03	1.1957404143289299e+00	2.5754481357349173e+00	5.9831805743484356e-01	8.1417603745505895e-01	0.0000000000000000e+00	0.0000000000000000e+00	
1.7158821685639443e+00	4.9993622961128981e-01	-1.3691208285201647e-04	-3.1961850615893260e-02	5.2500000000000002e-01	0.0000000000000000e+00	6.2981918760835014e+07	-1.7248171204289298e+04	-1.1996556404308426e+08	1.1967137824830221e+00	-3.9060439559015901e-04	2.8949626656917490e+03	1.1971500124410195e+00	2.5754481357349173e+00	5.9831805743484356e-01	8.1417603745505895e-01	0.0000000000000000e+00	0.0000000000000000e+00	
1.7172997570165460e+00	4.9993622961128981e-01	-1.3691208285201647e-04	-3.1961850615893260e-02	5.2500000000000002e-01	0.0000000000000000e+00	6.2981918760835014e+07	-1.7248171204289298e+04	-1.1996556404308426e+08	1.1967137824830221e+00	-3.9060439559015901e-04	2.8949626656917490e+03	1.1971500124410195e+00	2.5754481357349173e+00	5.9831805743484356e-01	8.1417603745505895e-01	0.0000000000000000e+00	0.0000000000000000e+00	
1.7187173454691480e+00	4.9960636334209740e-01	-1.3649245691713875e-04	-3.1538061647186894e-02	5.2500000000000002e-01	0.0000000000000000e+00	6.2981959029136054e+07	-1.7206671011624028e+04	-1.1996564072298522e+08	1.1981227285935343e+00	-3.9109071400715638e-04	2.8949626656917490e+03	1.1985589529204070e+00	2.5754481357349173e+00	5.9831805743484356e-01	8.1417603745505895e-01	0.0000000000000000e+00	0.0000000000000000e+00	
1.7201349339217498e+00	4.9960636334209740e-01	-1.3649245691713875e-04	-3.1538061647186894e-02	5.2500000000000002e-01	0.0000000000000000e+00	6.2981959029136054e+07	-1.7206671011624028e+04	-1.1996564072298522e+08	1.1981227285935343e+00	-3.9109071400715638e-04	2.8949626656917490e+03	1.1985589529204070e+00	2.5754481357349173e+00	5.9831805743484356e-01	8.1417603745505895e-01	0.0000000000000000e+00	0.0000000000000000e+00	
1.7215525223743517e+00	4.9938229249353361e-01	-1.3509376881418078e-04	-3.1140182068518849e-02	5.2500000000000002e-01	0.0000000000000000e+00	6.2981953087056533e+07	-1.7037987805541914e+04	-1.1996562931738967e+08	1.1995311433490945e+00	-3.9156932318428682e-04	2.8949626656917490e+03	1.1999673619134310e+00	2.5754481357349173e+00	5.9831805743484356e-01	8.1417603745505895e-01	0.0000000000000000e+00	0.0000000000000000e+00	
1.7229701108269535e+00	4.9938229249353361e-01	-1.3509376881418078e-04	-3.1140182068518849e-02	5.2500000000000002e-01	0.0000000000000000e+00	6.2981953087056533e+07	-1.7037987805541914e+04	-1.1996562931738967e+08	1.1995311433490945e+00	-3.9156932318428682e-04	2.8949626656917490e+03	1.1999673619134310e+00	2.5754481357349173e+00	5.9831805743484356e-01	8.1417603745505895e-01	0.0000000000000000e+00	0.0000000000000000e+00	
1.7243876992795555e+00	4.9926926100154367e-01	-1.3283522047156067e-04	-3.0766233988103558e-02	5.2500000000000002e-01	0.0000000000000000e+00	6.2981901252037890e+07	-1.6756919345985196e+04	-1.1996553044039011e+08	1.2009391905328037e+00	-3.9203713805441829e-04	2.8949626656917490e+03	1.2013754032199560e+00	2.5754481357349173e+00	5.9831805743484356e-01	8.1417603745505895e-01	0.0000000000000000e+00	0.0000000000000000e+00	
1.7258052877321572e+00	4.9926926100154367e-01	-1.3283522047156067e-04	-3.0766233988103558e-02	5.2500000000000002e-01	0.0000000000000000e+00	6.2981901252037890e+07	-1.6756919345985196e+04	-1.1996553044039011e+08	1.2009391905328037e+00	-3.9203713805441829e-04	2.8949626656917490e+03	1.2013754032199560e+00	2.5754481357349173e+00	5.9831805743484356e-01	8.1417603745505895e-01	0.0000000000000000e+00	0.0000000000000000e+00	
1.7272228761847592e+00	4.9926952724993878e-01	-1.2986681553814463e-04	-3.0414173013035284e-02	5.2500000000000002e-01	0.0000000000000000e+00	6.2981806143286251e+07	-1.6382427034395687e+04	-1.1996534909320495e+08	1.2023470664895075e+00	-3.9249161669725215e-04	2.8949626656917490e+03	1.2027832732023005e+00	2.5754481357349173e+00	5.9831805743484356e-01	8.1417603745505895e-01	0.0000000000000000e+00	0.0000000000000000e+00	
1.7286404646373610e+00	4.9926952724993878e-01	-1.2986681553814463e-04	-3.0414173013035284e-02	5.2500000000000002e-01	0.0000000000000000e+00	6.2981806143286251e+07	-1.6382427034395687e+04	-1.1996534909320495e+08	1.2023470664895075e+00	-3.9249161669725215e-04	2.8949626656917490e+03	1.2027832732023005e+00	2.5754481357349173e+00	5.9831805743484356e-01	8.1417603745505895e-01	0.0000000000000000e+00	0.0000000000000000e+00	
1.7300580530899630e+00	4.9938237706029703e-01	-1.2635688731275658e-04	-3.0082130029140952e-02	5.2500000000000002e-01	0.0000000000000000e+00	6.2981671832477376e+07	-1.5936020925192723e+04	-1.1996509304494046e+08	1.2037549942208801e+00	-3.9293083039859829e-04	2.8949626656917490e+03	1.2041911948790369e+00	2.5754481357349173e+00	5.9831805743484356e-01	8.1417603745505895e-01	0.0000000000000000e+00	0.0000000000000000e+00	
1.7314756415425647e+00	4.9938237706029703e-01	-1.2635688731275658e-04	-3.0082130029140952e-02	5.2500000000000002e-01	0.0000000000000000e+00	6.2981671832477376e+07	-1.5936020925192723e+04	-1.1996509304494046e+08	1.2037549942208801e+00	-3.9293083039859829e-04	2.8949626656917490e+03	1.2041911948790369e+00	2.5754481357349173e+00	5.9831805743484356e-01	8.1417603745505895e-01	0.0000000000000000e+00	0.0000000000000000e+00	
1.7328932299951667e+00	4.9960372375232326e-01	-1.2247714405738639e-04	-2.9768364297424452e-02	5.2500000000000002e-01	0.0000000000000000e+00	6.2981503644551381e+07	-1.5439826262481258e+04	-1.1996477245157543e+08	1.2051632148729416e+00	-3.9335349234069289e-04	2.8949626656917490e+03	1.2055994094115039e+00	2.5754481357349173e+00	5.9831805743484356e-01	8.1417603745505895e-01	0.0000000000000000e+00	0.0000000000000000e+00	
1.7343108184477685e+00	4.9960372375232326e-01	-1.2247714405738639e-04	-2.9768364297424452e-02	5.2500000000000002e-01	0.0000000000000000e+00	6.2981503644551381e+07	-1.5439826262481258e+04	-1.1996477245157543e+08	1.2051632148729416e+00	-3.9335349234069289e-04	2.8949626656917490e+03	1.2055994094115039e+00	2.5754481357349173e+00	5.9831805743484356e-01	8.1417603745505895e-01	0.0000000000000000e+00	0.0000000000000000e+00	
1.7357284069003704e+00	4.9992640456542692e-01	-1.1839203469448569e-04	-2.9471489273102190e-02	5.2500000000000002e-01	0.0000000000000000e+00	6.2981307313252471e+07	-1.4915165617259974e+04	-1.1996439824637944e+08	1.2065719790513560e+00	-3.9375894615176286e-04	2.8949626656917490e+03	1.2070081674185049e+00	2.5754481357349173e+00	5.9831805743484356e-01	8.1417603745505895e-01	0.0000000000000000e+00	0.0000000000000000e+00	
1.7371459953529722e+00	4.9992640456542692e-01	-1.1839203469448569e-04	-2.9471489273102190e-02	5.2500000000000002e-01	0.0000000000000000e+00	6.2981307313252471e+07	-1.4915165617259974e+04	-1.1996439824637944e+08	1.2065719790513560e+00	-3.9375894615176286e-04	2.8949626656917490e+03	1.2070081674185049e+00	2.5754481357349173e+00	5.9831805743484356e-01	8.1417603745505895e-01	0.0000000000000000e+00	0.0000000000000000e+00	
1.7385635838055742e+00	5.0034009926448642e-01	-1.1424726561390059e-04	-2.9190377845041842e-02	5.2500000000000002e-01	0.0000000000000000e+00	6.2981088925211556e+07	-1.4381052419481901e+04	-1.1996398203255360e+08	1.2079815360754702e+00	-3.9414712065538528e-04	2.8949626656917490e+03	1.2084177182300651e+00	2.5754481357349173e+00	5.9831805743484356e-01	8.1417603745505895e-01	0.0000000000000000e+00	0.0000000000000000e+00	
1.7399811722581759e+00	5.0034009926448642e-01	-1.1424726561390059e-04	-2.9190377845041842e-02	5.2500000000000002e-01	0.0000000000000000e+00	6.2981088925211556e+07	-1.4381052419481901e+04	-1.1996398203255360e+08	1.2079815360754702e+00	-3.9414712065538528e-04	2.8949626656917490e+03	1.2084177182300651e+00	2.5754481357349173e+00	5.9831805743484356e-01	8.1417603745505895e-01	0.0000000000000000e+00	0.0000000000000000e+00	
1.7413987607107779e+00	5.0083180961313678e-01	-1.1016647020717013e-04	-2.8924289833642539e-02	5.2500000000000002e-01	0.0000000000000000e+00	6.2980854776349001e+07	-1.3853709624994186e+04	-1.1996353580957800e+08	1.2093921239260310e+00	-3.9451845970720905e-04	2.8949626656917490e+03	1.2098282998352168e+00	2.5754481357349173e+00	5.9831805743484356e-01	8.1417603745505895e-01	0.0000000000000000e+00	0.0000000000000000e+00	
1.7428163491633797e+00	5.0083180961313678e-01	-1.1016647020717013e-04	-2.8924289833642539e-02	5.2500000000000002e-01	0.0000000000000000e+00	6.2980854776349001e+07	-1.3853709624994186e+04	-1.1996353580957800e+08	1.2093921239260310e+00	-3.9451845970720905e-04	2.8949626656917490e+03	1.2098282998352168e+00	2.5754481357349173e+00	5.9831805743484356e-01	8.1417603745505895e-01	0.0000000000000000e+00	0.0000000000000000e+00	
1.7442339376159817e+00	5.0138639081783554e-01	-1.0624608897856619e-04	-2.8672749399605221e-02	5.2500000000000002e-01	0.0000000000000000e+00	6.2980610933365636e+07	-1.3345881969863865e+04	-1.1996307113789065e+08	1.2108039586801744e+00	-3.9487383666981775e-04	2.8949626656917490e+03	1.2112401283172414e+00	2.5754481357349173e+00	5.9831805743484356e-01	8.1417603745505895e-01	0.0000000000000000e+00	0.0000000000000000e+00	
1.7456515260685834e+00	5.0138639081783554e-01	-1.0624608897856619e-04	-2.8672749399605221e-02	5.2500000000000002e-01	0.0000000000000000e+00	6.2980610933365636e+07	-1.3345881969863865e+04	-1.1996307113789065e+08	1.2108039586801744e+00	-3.9487383666981775e-04	2.8949626656917490e+03	1.2112401283172414e+00	2.5754481357349173e+00	5.9831805743484356e-01	8.1417603745505895e-01	0.0000000000000000e+00	0.0000000000000000e+00	
1.7470691145211854e+00	5.0198726929590165e-01	-1.0255921561142545e-04	-2.8435572913595608e-02	5.2500000000000002e-01	0.0000000000000000e+00	6.2980363285454221e+07	-1.2867291767256627e+04	-1.1996259923788434e+08	1.2122172261163415e+00	-3.9521446464645512e-04	2.8949626656917490e+03	1.2126533894589520e+00	2.5754481357349173e+00	5.9831805743484356e-01	8.1417603745505895e-01	0.0000000000000000e+00	0.0000000000000000e+00	
1.7484867029737872e+00	5.0198726929590165e-01	-1.0255921561142545e-04	-2.8435572913595608e-02	5.2500000000000002e-01	0.0000000000000000e+00	6.2980363285454221e+07	-1.2867291767256627e+04	-1.1996259923788434e+08	1.2122172261163415e+00	-3.9521446464645512e-04	2.8949626656917490e+03	1.2126533894589520e+00	2.5754481357349173e+00	5.9831805743484356e-01	8.1417603745505895e-01	0.0000000000000000e+00	0.0000000000000000e+00	
1.7499042914263891e+00	5.0261740727841064e-01	-9.9155523462424389e-05	-2.8212775397355484e-02	5.2500000000000002e-01	0.0000000000000000e+00	6.2980116648271680e+07	-1.2424612326498289e+04	-1.1996212928347629e+08	1.2136320743009426e+00	-3.9554181144484400e-04	2.8949626656917490e+03	1.2140682313297593e+00	2.5754481357349173e+00	5.9831805743484356e-01	8.1417603745505895e-01	0.0000000000000000e+00	0.0000000000000000e+00	
1.7513218798789909e+00	5.0261740727841064e-01	-9.9155523462424389e-05	-2.8212775397355484e-02	5.2500000000000002e-01	0.0000000000000000e+00	6.2980116648271680e+07	-1.2424612326498289e+04	-1.1996212928347629e+08	1.2136320743009426e+00	-3.9554181144484400e-04	2.8949626656917490e+03	1.2140682313297593e+00	2.5754481357349173e+00	5.9831805743484356e-01	8.1417603745505895e-01	0.0000000000000000e+00	0.0000000000000000e+00	
1.7527394683315929e+00	5.0326010062417847e-01	-9.6064954051582724e-05	-2.8004540649930035e-02	5.2500000000000002e-01	0.0000000000000000e+00	6.2979875547759548e+07	-1.2021932283457621e+04	-1.1996166989555161e+08	1.2150486095227206e+00	-3.9585751519516594e-04	2.8949626656917490e+03	1.2154847602204719e+00	2.5754481357349173e+00	5.9831805743484356e-01	8.1417603745505895e-01	0.0000000000000000e+00	0.0000000000000000e+00	
1.7541570567841946e+00	5.0326010062417847e-01	-9.6064954051582724e-05	-2.8004540649930035e-02	5.2500000000000002e-01	0.0000000000000000e+00	6.2979875547759548e+07	-1.2021932283457621e+04	-1.1996166989555161e+08	1.2150486095227206e+00	-3.9585751519516594e-04	2.8949626656917490e+03	1.2154847602204719e+00	2.5754481357349173e+00	5.9831805743484356e-01	8.1417603745505895e-01	0.0000000000000000e+00	0.0000000000000000e+00	
1.7555746452367966e+00	5.0390007307668838e-01	-9.3294638617841705e-05	-2.7811116181731654e-02	5.2500000000000002e-01	0.0000000000000000e+00	6.2979643496298105e+07	-1.1660373542699264e+04	-1.1996122776329280e+08	1.2164668940153383e+00	-3.9616330292810799e-04	2.8949626656917490e+03	1.2169030383663610e+00	2.5754481357349173e+00	5.9831805743484356e-01	8.1417603745505895e-01	0.0000000000000000e+00	0.0000000000000000e+00	
1.7569922336893984e+00	5.0390007307668838e-01	-9.3294638617841705e-05	-2.7811116181731654e-02	5.2500000000000002e-01	0.0000000000000000e+00	6.2979643496298105e+07	-1.1660373542699264e+04	-1.1996122776329280e+08	1.2164668940153383e+00	-3.9616330292810799e-04	2.8949626656917490e+03	1.2169030383663610e+00	2.5754481357349173e+00	5.9831805743484356e-01	8.1417603745505895e-01	0.0000000000000000e+00	0.0000000000000000e+00	
1.7584098221420004e+00	5.0452397000763172e-01	-9.0831909638973939e-05	-2.7632724879488941e-02	5.2500000000000002e-01	0.0000000000000000e+00	6.2979424244779669e+07	-1.1338492742039376e+04	-1.1996081002941281e+08	1.2178869471961147e+00	-3.9646090866727267e-04	2.8949626656917490e+03	1.2183230851863713e+00	2.5754481357349173e+00	5.9831805743484356e-01	8.1417603745505895e-01	0.0000000000000000e+00	0.0000000000000000e+00	
1.7598274105946021e+00	5.0452397000763172e-01	-9.0831909638973939e-05	-2.7632724879488941e-02	5.2500000000000002e-01	0.0000000000000000e+00	6.2979424244779669e+07	-1.1338492742039376e+04	-1.1996081002941281e+08	1.2178869471961147e+00	-3.9646090866727267e-04	2.8949626656917490e+03	1.2183230851863713e+00	2.5754481357349173e+00	5.9831805743484356e-01	8.1417603745505895e-01	0.0000000000000000e+00	0.0000000000000000e+00	
1.7612449990472041e+00	5.0512113991338981e-01	-8.8639787338034507e-05	-2.7469522672956225e-02	5.2500000000000002e-01	0.0000000000000000e+00	6.2979220644614764e+07	-1.1051734492068606e+04	-1.1996042212248819e+08	1.2193087482784011e+00	-3.9675199240712353e-04	2.8949626656917490e+03	1.2197448798959829e+00	2.5754481357349173e+00	5.9831805743484356e-01	8.1417603745505895e-01	0.0000000000000000e+00	0.0000000000000000e+00	
1.7626625874998059e+00	5.0512113991338981e-01	-8.8639787338034507e-05	-2.7469522672956225e-02	5.2500000000000002e-01	0.0000000000000000e+00	6.2979220644614764e+07	-1.1051734492068606e+04	-1.1996042212248819e+08	1.2193087482784011e+00	-3.9675199240712353e-04	2.8949626656917490e+03	1.2197448798959829e+00	2.5754481357349173e+00	5.9831805743484356e-01	8.1417603745505895e-01	0.0000000000000000e+00	0.0000000000000000e+00	
1.7640801759524078e+00	5.0568337084465154e-01	-8.6659582574643418e-05	-2.7321513461007856e-02	5.2500000000000002e-01	0.0000000000000000e+00	6.2979036208783537e+07	-1.0792795064014856e+04	-1.1996007073061110e+08	1.2207322412259802e+00	-3.9703805671344514e-04	2.8949626656917490e+03	1.2211683664619828e+00	2.5754481357349173e+00	5.9831805743484356e-01	8.1417603745505895e-01	0.0000000000000000e+00	0.0000000000000000e+00	
1.7654977644050096e+00	5.0568337084465154e-01	-8.6659582574643418e-05	-2.7321513461007856e-02	5.2500000000000002e-01	0.0000000000000000e+00	6.2979036208783537e+07	-1.0792795064014856e+04	-1.1996007073061110e+08	1.2207322412259802e+00	-3.9703805671344514e-04	2.8949626656917490e+03	1.2211683664619828e+00	2.5754481357349173e+00	5.9831805743484356e-01	8.1417603745505895e-01	0.0000000000000000e+00	0.0000000000000000e+00	
1.7669153528576116e+00	5.0620535640549991e-01	-8.4808151777395453e-05	-2.7188612773044143e-02	5.2500000000000002e-01	0.0000000000000000e+00	6.2978873431402564e+07	-1.0551294626090874e+04	-1.1995976060051227e+08	1.2221573399965151e+00	-3.9732036785116305e-04	2.8949626656917490e+03	1.2225934588462906e+00	2.5754481357349173e+00	5.9831805743484356e-01	8.1417603745505895e-01	0.0000000000000000e+00	0.0000000000000000e+00	
1.7683329413102133e+00	5.0620535640549991e-01	-8.4808151777395453e-05	-2.7188612773044143e-02	5.2500000000000002e-01	0.0000000000000000e+00	6.2978873431402564e+07	-1.0551294626090874e+04	-1.1995976060051227e+08	1.2221573399965151e+00	-3.9732036785116305e-04	2.8949626656917490e+03	1.2225934588462906e+00	2.5754481357349173e+00	5.9831805743484356e-01	8.1417603745505895e-01	0.0000000000000000e+00	0.0000000000000000e+00	
1.7697505297628153e+00	5.0668399544113485e-01	-8.2987129433192202e-05	-2.7070591566839049e-02	5.2500000000000002e-01	0.0000000000000000e+00	6.2978735538251638e+07	-1.0314958681695449e+04	-1.1995949787232052e+08	1.2235839349643767e+00	-3.9759988659879687e-04	2.8949626656917490e+03	1.2240200474289833e+00	2.5754481357349173e+00	5.9831805743484356e-01	8.1417603745505895e-01	0.0000000000000000e+00	0.0000000000000000e+00	
1.7711681182154171e+00	5.0668399544113485e-01	-8.2987129433192202e-05	-2.7070591566839049e-02	5.2500000000000002e-01	0.0000000000000000e+00	6.2978735538251638e+07	-1.0314958681695449e+04	-1.1995949787232052e+08	1.2235839349643767e+00	-3.9759988659879687e-04	2.8949626656917490e+03	1.2240200474289833e+00	2.5754481357349173e+00	5.9831805743484356e-01	8.1417603745505895e-01	0.0000000000000000e+00	0.0000000000000000e+00	
1.7725857066680191e+00	5.0711808419582016e-01	-8.1086283586235525e-05	-2.6967213587084739e-02	5.2500000000000002e-01	0.0000000000000000e+00	6.2978624632539257e+07	-1.0070046357986470e+04	-1.1995928654784878e+08	1.2250118979330780e+00	-3.9787721651065748e-04	2.8949626656917490e+03	1.2254480040208546e+00	2.5754481357349173e+00	5.9831805743484356e-01	8.1417603745505895e-01	0.0000000000000000e+00	0.0000000000000000e+00	
1.7740032951206208e+00	5.0711808419582016e-01	-8.1086283586235525e-05	-2.6967213587084739e-02	5.2500000000000002e-01	0.0000000000000000e+00	6.2978624632539257e+07	-1.0070046357986470e+04	-1.1995928654784878e+08	1.2250118979330780e+00	-3.9787721651065748e-04	2.8949626656917490e+03	1.2254480040208546e+00	2.5754481357349173e+00	5.9831805743484356e-01	8.1417603745505895e-01	0.0000000000000000e+00	0.0000000000000000e+00	
1.7754208835732228e+00	5.0750691604232456e-01	-7.8996515910913952e-05	-2.6878231909859517e-02	5.2500000000000002e-01	0.0000000000000000e+00	6.2978543237730160e+07	-9.8029905320751586e+03	-1.1995913142986187e+08	1.2264410862999475e+00	-3.9815257342582926e-04	2.8949626656917490e+03	1.2268771860279226e+00	2.5754481357349173e+00	5.9831805743484356e-01	8.1417603745505895e-01	0.0000000000000000e+00	0.0000000000000000e+00	
1.7768384720258246e+00	5.0750691604232456e-01	-7.8996515910913952e-05	-2.6878231909859517e-02	5.2500000000000002e-01	0.0000000000000000e+00	6.2978543237730160e+07	-9.8029905320751586e+03	-1.1995913142986187e+08	1.2264410862999475e+00	-3.9815257342582926e-04	2.8949626656917490e+03	1.2268771860279226e+00	2.5754481357349173e+00	5.9831805743484356e-01	8.1417603745505895e-01	0.0000000000000000e+00	0.0000000000000000e+00	
1.7782560604784265e+00	5.0785008708060086e-01	-7.6612781155651737e-05	-2.6803594235063854e-02	5.2500000000000002e-01	0.0000000000000000e+00	6.2978491869507700e+07	-9.5007513789120130e+03	-1.1995903349740095e+08	1.2278713450996557e+00	-3.9842577668483618e-04	2.8949626656917490e+03	1.2283074384946711e+00	2.5754481357349173e+00	5.9831805743484356e-01	8.1417603745505895e-01	0.0000000000000000e+00	0.0000000000000000e+00	
1.7796736489310283e+00	5.0785008708060086e-01	-7.6612781155651737e-05	-2.6803594235063854e-02	5.2500000000000002e-01	0.0000000000000000e+00	6.2978491869507700e+07	-9.5007513789120130e+03	-1.1995903349740095e+08	1.2278713450996557e+00	-3.9842577668483618e-04	2.8949626656917490e+03	1.2283074384946711e+00	2.5754481357349173e+00	5.9831805743484356e-01	8.1417603745505895e-01	0.0000000000000000e+00	0.0000000000000000e+00	
1.7810912373836303e+00	5.0814644488258265e-01	-7.3845066005674242e-05	-2.6743355692967482e-02	5.2500000000000002e-01	0.0000000000000000e+00	6.2978470976647317e+07	-9.1521831807395683e+03	-1.1995899360315423e+08	1.2293025083036784e+00	-3.9869626202976809e-04	2.8949626656917490e+03	1.2297385954029783e+00	2.5754481357349173e+00	5.9831805743484356e-01	8.1417603745505895e-01	0.0000000000000000e+00	0.0000000000000000e+00	
1.7825088258362320e+00	5.0814644488258265e-01	-7.3845066005674242e-05	-2.6743355692967482e-02	5.2500000000000002e-01	0.0000000000000000e+00	6.2978470976647317e+07	-9.1521831807395683e+03	-1.1995899360315423e+08	1.2293025083036784e+00	-3.9869626202976809e-04	2.8949626656917490e+03	1.2297385954029783e+00	2.5754481357349173e+00	5.9831805743484356e-01	8.1417603745505895e-01	0.0000000000000000e+00	0.0000000000000000e+00	
1.7839264142888340e+00	5.0839460878017206e-01	-7.0620241482598591e-05	-2.6697859049450837e-02	5.2500000000000002e-01	0.0000000000000000e+00	6.2978478839728199e+07	-8.7482347512293254e+03	-1.1995900847110380e+08	1.2307343993616136e+00	-3.9896311491532889e-04	2.8949626656917490e+03	1.2311704802128982e+00	2.5754481357349173e+00	5.9831805743484356e-01	8.1417603745505895e-01	0.0000000000000000e+00	0.0000000000000000e+00	
1.7853440027414358e+00	5.0839460878017206e-01	-7.0620241482598591e-05	-2.6697859049450837e-02	5.2500000000000002e-01	0.0000000000000000e+00	6.2978478839728199e+07	-8.7482347512293254e+03	-1.1995900847110380e+08	1.2307343993616136e+00	-3.9896311491532889e-04	2.8949626656917490e+03	1.2311704802128982e+00	2.5754481357349173e+00	5.9831805743484356e-01	8.1417603745505895e-01	0.0000000000000000e+00	0.0000000000000000e+00	
1.7867615911940378e+00	5.0859234209281490e-01	-6.6891180814660913e-05	-2.6667542212279117e-02	5.2500000000000002e-01	0.0000000000000000e+00	6.2978514338761039e+07	-8.2830723969178689e+03	-1.1995907596850470e+08	1.2321668319395003e+00	-3.9922512198422075e-04	2.8949626656917490e+03	1.2326029066002315e+00	2.5754481357349173e+00	5.9831805743484356e-01	8.1417603745505895e-01	0.0000000000000000e+00	0.0000000000000000e+00	
1.7881791796466395e+00	5.0859234209281490e-01	-6.6891180814660913e-05	-2.6667542212279117e-02	5.2500000000000002e-01	0.0000000000000000e+00	6.2978514338761039e+07	-8.2830723969178689e+03	-1.1995907596850470e+08	1.2321668319395003e+00	-3.9922512198422075e-04	2.8949626656917490e+03	1.2326029066002315e+00	2.5754481357349173e+00	5.9831805743484356e-01	8.1417603745505895e-01	0.0000000000000000e+00	0.0000000000000000e+00	
1.7895967680992415e+00	5.0873738000571700e-01	-6.2635652470701368e-05	-2.6653125875105564e-02	5.2500000000000002e-01	0.0000000000000000e+00	6.2978575028007224e+07	-7.7539105510782665e+03	-1.1995919143873759e+08	1.2335996108749931e+00	-3.9948083627325639e-04	2.8949626656917490e+03	1.2340356794110072e+00	2.5754481357349173e+00	5.9831805743484356e-01	8.1417603745505895e-01	0.0000000000000000e+00	0.0000000000000000e+00	
1.7910143565518433e+00	5.0873738000571700e-01	-6.2635652470701368e-05	-2.6653125875105564e-02	5.2500000000000002e-01	0.0000000000000000e+00	6.2978575028007224e+07	-7.7539105510782665e+03	-1.1995919143873759e+08	1.2335996108749931e+00	-3.9948083627325639e-04	2.8949626656917490e+03	1.2340356794110072e+00	2.5754481357349173e+00	5.9831805743484356e-01	8.1417603745505895e-01	0.0000000000000000e+00	0.0000000000000000e+00	
1.7924319450044452e+00	5.0882689398471204e-01	-5.7862041782586671e-05	-2.6655371372471613e-02	5.2500000000000002e-01	0.0000000000000000e+00	6.2978659603909582e+07	-7.1617162467088665e+03	-1.1995935240211891e+08	1.2350325334886452e+00	-3.9972865358265443e-04	2.8949626656917490e+03	1.2354685959719229e+00	2.5754481357349173e+00	5.9831805743484356e-01	8.1417603745505895e-01	0.0000000000000000e+00	0.0000000000000000e+00	
1.7938495334570470e+00	5.0882689398471204e-01	-5.7862041782586671e-05	-2.6655371372471613e-02	5.2500000000000002e-01	0.0000000000000000e+00	6.2978659603909582e+07	-7.1617162467088665e+03	-1.1995935240211891e+08	1.2350325334886452e+00	-3.9972865358265443e-04	2.8949626656917490e+03	1.2354685959719229e+00	2.5754481357349173e+00	5.9831805743484356e-01	8.1417603745505895e-01	0.0000000000000000e+00	0.0000000000000000e+00	
1.7952671219096490e+00	5.0885863845895030e-01	-5.2605651906358094e-05	-2.6675283597173055e-02	5.2500000000000002e-01	0.0000000000000000e+00	6.2978765324278660e+07	-6.5107256824303240e+03	-1.1995955363965158e+08	1.2364653919259700e+00	-3.9996689399907960e-04	2.8949626656917490e+03	1.2369014484317815e+00	2.5754481357349173e+00	5.9831805743484356e-01	8.1417603745505895e-01	0.0000000000000000e+00	0.0000000000000000e+00	
1.7966847103622507e+00	5.0885863845895030e-01	-5.2605651906358094e-05	-2.6675283597173055e-02	5.2500000000000002e-01	0.0000000000000000e+00	6.2978765324278660e+07	-6.5107256824303240e+03	-1.1995955363965158e+08	1.2364653919259700e+00	-3.9996689399907960e-04	2.8949626656917490e+03	1.2369014484317815e+00	2.5754481357349173e+00	5.9831805743484356e-01	8.1417603745505895e-01	0.0000000000000000e+00	0.0000000000000000e+00	
1.7981022988148527e+00	5.0883051337398022e-01	-4.6932105053396277e-05	-2.6713778652584941e-02	5.2500000000000002e-01	0.0000000000000000e+00	6.2978890182871714e+07	-5.8088731169241692e+03	-1.1995979133478689e+08	1.2378979758778470e+00	-4.0019389000205596e-04	2.8949626656917490e+03	1.2383340264813114e+00	2.5754481357349173e+00	5.9831805743484356e-01	8.1417603745505895e-01	0.0000000000000000e+00	0.0000000000000000e+00	
1.7995198872674545e+00	5.0883051337398022e-01	-4.6932105053396277e-05	-2.6713778652584941e-02	5.2500000000000002e-01	0.0000000000000000e+00	6.2978890182871714e+07	-5.8088731169241692e+03	-1.1995979133478689e+08	1.2378979758778470e+00	-4.0019389000205596e-04	2.8949626656917490e+03	1.2383340264813114e+00	2.5754481357349173e+00	5.9831805743484356e-01	8.1417603745505895e-01	0.0000000000000000e+00	0.0000000000000000e+00	
1.8009374757200565e+00	5.0874164707894665e-01	-4.0932803296618819e-05	-2.6771915525808390e-02	5.2500000000000002e-01	0.0000000000000000e+00	6.2979030193074428e+07	-5.0672247289101779e+03	-1.1996005789890693e+08	1.2393300763314008e+00	-4.0040807640765174e-04	2.8949626656917490e+03	1.2397661211038913e+00	2.5754481357349173e+00	5.9831805743484356e-01	8.1417603745505895e-01	0.0000000000000000e+00	0.0000000000000000e+00	
1.8023550641726582e+00	5.0874164707894665e-01	-4.0932803296618819e-05	-2.6771915525808390e-02	5.2500000000000002e-01	0.0000000000000000e+00	6.2979030193074428e+07	-5.0672247289101779e+03	-1.1996005789890693e+08	1.2393300763314008e+00	-4.0040807640765174e-04	2.8949626656917490e+03	1.2397661211038913e+00	2.5754481357349173e+00	5.9831805743484356e-01	8.1417603745505895e-01	0.0000000000000000e+00	0.0000000000000000e+00	
1.8037726526252602e+00	5.0859179487133099e-01	-3.4723668210345298e-05	-2.6850499592657048e-02	5.2500000000000002e-01	0.0000000000000000e+00	6.2979181739004321e+07	-4.2998495707495113e+03	-1.1996034644912112e+08	1.2407614888646781e+00	-4.0060807628709231e-04	2.8949626656917490e+03	1.2411975278702398e+00	2.5754481357349173e+00	5.9831805743484356e-01	8.1417603745505895e-01	0.0000000000000000e+00	0.0000000000000000e+00	
1.8051902410778620e+00	5.0859179487133099e-01	-3.4723668210345298e-05	-2.6850499592657048e-02	5.2500000000000002e-01	0.0000000000000000e+00	6.2979181739004321e+07	-4.2998495707495113e+03	-1.1996034644912112e+08	1.2407614888646781e+00	-4.0060807628709231e-04	2.8949626656917490e+03	1.2411975278702398e+00	2.5754481357349173e+00	5.9831805743484356e-01	8.1417603745505895e-01	0.0000000000000000e+00	0.0000000000000000e+00	
1.8066078295304639e+00	5.0838246417495925e-01	-2.8435975144292861e-05	-2.6950304291685306e-02	5.2500000000000002e-01	0.0000000000000000e+00	6.2979339490364708e+07	-3.5227000507548241e+03	-1.1996064683597036e+08	1.2421920183689019e+00	-4.0079277620560800e-04	2.8949626656917490e+03	1.2426280516611816e+00	2.5754481357349173e+00	5.9831805743484356e-01	8.1417603745505895e-01	0.0000000000000000e+00	0.0000000000000000e+00	
1.8080254179830657e+00	5.0838246417495925e-01	-2.8435975144292861e-05	-2.6950304291685306e-02	5.2500000000000002e-01	0.0000000000000000e+00	6.2979339490364708e+07	-3.5227000507548241e+03	-1.1996064683597036e+08	1.2421920183689019e+00	-4.0079277620560800e-04	2.8949626656917490e+03	1.2426280516611816e+00	2.5754481357349173e+00	5.9831805743484356e-01	8.1417603745505895e-01	0.0000000000000000e+00	0.0000000000000000e+00	
1.8094430064356677e+00	5.0811616571732043e-01	-2.2210026222662109e-05	-2.7071622274359480e-02	5.2500000000000002e-01	0.0000000000000000e+00	6.2979499155517146e+07	-2.7528672026395161e+03	-1.1996095088701291e+08	1.2436214830016721e+00	-4.0096138497211438e-04	2.8949626656917490e+03	1.2440575106214806e+00	2.5754481357349173e+00	5.9831805743484356e-01	8.1417603745505895e-01	0.0000000000000000e+00	0.0000000000000000e+00	
1.8108605948882694e+00	5.0811616571732043e-01	-2.2210026222662109e-05	-2.7071622274359480e-02	5.2500000000000002e-01	0.0000000000000000e+00	6.2979499155517146e+07	-2.7528672026395161e+03	-1.1996095088701291e+08	1.2436214830016721e+00	-4.0096138497211438e-04	2.8949626656917490e+03	1.2440575106214806e+00	2.5754481357349173e+00	5.9831805743484356e-01	8.1417603745505895e-01	0.0000000000000000e+00	0.0000000000000000e+00	
1.8122781833408714e+00	5.0779730871852113e-01	-1.6182849327463992e-05	-2.7214593652327448e-02	5.2500000000000002e-01	0.0000000000000000e+00	6.2979655136421792e+07	-2.0070808810318204e+03	-1.1996124793981586e+08	1.2450497193284344e+00	-4.0111346744533036e-04	2.8949626656917490e+03	1.2454857413023268e+00	2.5754481357349173e+00	5.9831805743484356e-01	8.1417603745505895e-01	0.0000000000000000e+00	0.0000000000000000e+00	
1.8136957717934732e+00	5.0779730871852113e-01	-1.6182849327463992e-05	-2.7214593652327448e-02	5.2500000000000002e-01	0.0000000000000000e+00	6.2979655136421792e+07	-2.0070808810318204e+03	-1.1996124793981586e+08	1.2450497193284344e+00	-4.0111346744533036e-04	2.8949626656917490e+03	1.2454857413023268e+00	2.5754481357349173e+00	5.9831805743484356e-01	8.1417603745505895e-01	0.0000000000000000e+00	0.0000000000000000e+00	
1.8151133602460752e+00	5.0743108344529220e-01	-1.0480956187827619e-05	-2.7378794732949085e-02	5.2500000000000002e-01	0.0000000000000000e+00	6.2979802958450697e+07	-1.3008437540793691e+03	-1.1996152947025736e+08	1.2464765854529951e+00	-4.0124895425031580e-04	2.8949626656917490e+03	1.2469126017928407e+00	2.5754481357349173e+00	5.9831805743484356e-01	8.1417603745505895e-01	0.0000000000000000e+00	0.0000000000000000e+00	
1.8165309486986769e+00	5.0743108344529220e-01	-1.0480956187827619e-05	-2.7378794732949085e-02	5.2500000000000002e-01	0.0000000000000000e+00	6.2979802958450697e+07	-1.3008437540793691e+03	-1.1996152947025736e+08	1.2464765854529951e+00	-4.0124895425031580e-04	2.8949626656917490e+03	1.2469126017928407e+00	2.5754481357349173e+00	5.9831805743484356e-01	8.1417603745505895e-01	0.0000000000000000e+00	0.0000000000000000e+00	
1.8179485371512789e+00	5.0702413188608142e-01	-5.2111119477918473e-06	-2.7563617221996333e-02	5.2500000000000002e-01	0.0000000000000000e+00	6.2979937011943378e+07	-6.4729759708529195e+02	-1.1996178479099007e+08	1.2479019648475480e+00	-4.0136812467409427e-04	2.8949626656917490e+03	1.2483379755512909e+00	2.5754481357349173e+00	5.9831805743484356e-01	8.1417603745505895e-01	0.0000000000000000e+00	0.0000000000000000e+00	
1.8193661256038807e+00	5.0702413188608142e-01	-5.2111119477918473e-06	-2.7563617221996333e-02	5.2500000000000002e-01	0.0000000000000000e+00	6.2979937011943378e+07	-6.4729759708529195e+02	-1.1996178479099007e+08	1.2479019648475480e+00	-4.0136812467409427e-04	2.8949626656917490e+03	1.2483379755512909e+00	2.5754481357349173e+00	5.9831805743484356e-01	8.1417603745505895e-01	0.0000000000000000e+00	0.0000000000000000e+00	
1.8207837140564826e+00	5.0658329453617068e-01	-4.5720175339271211e-07	-2.7767859386952642e-02	5.2500000000000002e-01	0.0000000000000000e+00	6.2980053279271364e+07	-5.6840782352315252e+01	-1.1996200624628001e+08	1.2493257673683644e+00	-4.0147156955118739e-04	2.8949626656917490e+03	1.2497617724216421e+00	2.5754481357349173e+00	5.9831805743484356e-01	8.1417603745505895e-01	0.0000000000000000e+00	0.0000000000000000e+00	
1.8222013025090844e+00	5.0658329453617068e-01	-4.5720175339271211e-07	-2.7767859386952642e-02	5.2500000000000002e-01	0.0000000000000000e+00	6.2980053279271364e+07	-5.6840782352315252e+01	-1.1996200624628001e+08	1.2493257673683644e+00	-4.0147156955118739e-04	2.8949626656917490e+03	1.2497617724216421e+00	2.5754481357349173e+00	5.9831805743484356e-01	8.1417603745505895e-01	0.0000000000000000e+00	0.0000000000000000e+00	
1.8236188909616864e+00	5.0611632021930852e-01	3.7244260801016791e-06	-2.7990178519062086e-02	5.2500000000000002e-01	0.0000000000000000e+00	6.2980147192440413e+07	4.6346046029601746e+02	-1.1996218513170604e+08	1.2507479311448477e+00	-4.0156013308704168e-04	2.8949626656917490e+03	1.2511839305233896e+00	2.5754481357349173e+00	5.9831805743484356e-01	8.1417603745505895e-01	0.0000000000000000e+00	0.0000000000000000e+00	
1.8250364794142881e+00	5.0611632021930852e-01	3.7244260801016791e-06	-2.7990178519062086e-02	5.2500000000000002e-01	0.0000000000000000e+00	6.2980147192440413e+07	4.6346046029601746e+02	-1.1996218513170604e+08	1.2507479311448477e+00	-4.0156013308704168e-04	2.8949626656917490e+03	1.2511839305233896e+00	2.5754481357349173e+00	5.9831805743484356e-01	8.1417603745505895e-01	0.0000000000000000e+00	0.0000000000000000e+00	
1.8264540678668901e+00	5.0563052519446128e-01	7.3033783667015287e-06	-2.8228739568021390e-02	5.2500000000000002e-01	0.0000000000000000e+00	6.2980216529247440e+07	9.0969260756751976e+02	-1.1996231721108054e+08	1.2521684211887079e+00	-4.0163484739403975e-04	2.8949626656917490e+03	1.2526044148610642e+00	2.5754481357349173e+00	5.9831805743484356e-01	8.1417603745505895e-01	0.0000000000000000e+00	0.0000000000000000e+00	
1.8278716563194919e+00	5.0563052519446128e-01	7.3033783667015287e-06	-2.8228739568021390e-02	5.2500000000000002e-01	0.0000000000000000e+00	6.2980216529247440e+07	9.0969260756751976e+02	-1.1996231721108054e+08	1.2521684211887079e+00	-4.0163484739403975e-04	2.8949626656917490e+03	1.2526044148610642e+00	2.5754481357349173e+00	5.9831805743484356e-01	8.1417603745505895e-01	0.0000000000000000e+00	0.0000000000000000e+00	
1.8292892447720939e+00	5.0513346479115773e-01	1.0275124254112932e-05	-2.8481722031691907e-02	5.2500000000000002e-01	0.0000000000000000e+00	6.2980259042649888e+07	1.2811069397015654e+03	-1.1996239820129457e+08	1.2535872289812542e+00	-4.0169685949139038e-04	2.8949626656917490e+03	1.2540232169118024e+00	2.5754481357349173e+00	5.9831805743484356e-01	8.1417603745505895e-01	0.0000000000000000e+00	0.0000000000000000e+00	
1.8307068332246956e+00	5.0513346479115773e-01	1.0275124254112932e-05	-2.8481722031691907e-02	5.2500000000000002e-01	0.0000000000000000e+00	6.2980259042649888e+07	1.2811069397015654e+03	-1.1996239820129457e+08	1.2535872289812542e+00	-4.0169685949139038e-04	2.8949626656917490e+03	1.2540232169118024e+00	2.5754481357349173e+00	5.9831805743484356e-01	8.1417603745505895e-01	0.0000000000000000e+00	0.0000000000000000e+00	
1.8321244216772976e+00	5.0463156578164681e-01	1.2653022306458247e-05	-2.8746975505427742e-02	5.2500000000000002e-01	0.0000000000000000e+00	6.2980275258775197e+07	1.5791537465196484e+03	-1.1996242910204357e+08	1.2550043685455521e+00	-4.0174737262264925e-04	2.8949626656917490e+03	1.2554403506974423e+00	2.5754481357349173e+00	5.9831805743484356e-01	8.1417603745505895e-01	0.0000000000000000e+00	0.0000000000000000e+00	
1.8335420101298994e+00	5.0463156578164681e-01	1.2653022306458247e-05	-2.8746975505427742e-02	5.2500000000000002e-01	0.0000000000000000e+00	6.2980275258775197e+07	1.5791537465196484e+03	-1.1996242910204357e+08	1.2550043685455521e+00	-4.0174737262264925e-04	2.8949626656917490e+03	1.2554403506974423e+00	2.5754481357349173e+00	5.9831805743484356e-01	8.1417603745505895e-01	0.0000000000000000e+00	0.0000000000000000e+00	
1.8349595985825013e+00	5.0413088761822333e-01	1.4463696897909387e-05	-2.9022487531080630e-02	5.2500000000000002e-01	0.0000000000000000e+00	6.2980265709388047e+07	1.8069265267083322e+03	-1.1996241092439757e+08	1.2564198739638832e+00	-4.0178759609934818e-04	2.8949626656917490e+03	1.2568558503019565e+00	2.5754481357349173e+00	5.9831805743484356e-01	8.1417603745505895e-01	0.0000000000000000e+00	0.0000000000000000e+00	
1.8363771870351031e+00	5.0413088761822333e-01	1.4463696897909387e-05	-2.9022487531080630e-02	5.2500000000000002e-01	0.0000000000000000e+00	6.2980265709388047e+07	1.8069265267083322e+03	-1.1996241092439757e+08	1.2564198739638832e+00	-4.0178759609934818e-04	2.8949626656917490e+03	1.2568558503019565e+00	2.5754481357349173e+00	5.9831805743484356e-01	8.1417603745505895e-01	0.0000000000000000e+00	0.0000000000000000e+00	
1.8377947754877051e+00	5.0363588587543306e-01	1.5735225029909506e-05	-2.9306009072517954e-02	5.2500000000000002e-01	0.0000000000000000e+00	6.2980233631842628e+07	1.9677075768950069e+03	-1.1996234983348842e+08	1.2578337936620825e+00	-4.0181872649213774e-04	2.8949626656917490e+03	1.2582697641554768e+00	2.5754481357349173e+00	5.9831805743484356e-01	8.1417603745505895e-01	0.0000000000000000e+00	0.0000000000000000e+00	
1.8392123639403068e+00	5.0363588587543306e-01	1.5735225029909506e-05	-2.9306009072517954e-02	5.2500000000000002e-01	0.0000000000000000e+00	6.2980233631842628e+07	1.9677075768950069e+03	-1.1996234983348842e+08	1.2578337936620825e+00	-4.0181872649213774e-04	2.8949626656917490e+03	1.2582697641554768e+00	2.5754481357349173e+00	5.9831805743484356e-01	8.1417603745505895e-01	0.0000000000000000e+00	0.0000000000000000e+00	
1.8406299523929088e+00	5.0315031852693093e-01	1.6493722321647390e-05	-2.9595461594385933e-02	5.2500000000000002e-01	0.0000000000000000e+00	6.2980181904394239e+07	2.0645473009718894e+03	-1.1996225131092019e+08	1.2592461867147340e+00	-4.0184194039587852e-04	2.8949626656917490e+03	1.2596821513392020e+00	2.5754481357349173e+00	5.9831805743484356e-01	8.1417603745505895e-01	0.0000000000000000e+00	0.0000000000000000e+00	
1.8420475408455106e+00	5.0315031852693093e-01	1.6493722321647390e-05	-2.9595461594385933e-02	5.2500000000000002e-01	0.0000000000000000e+00	6.2980181904394239e+07	2.0645473009718894e+03	-1.1996225131092019e+08	1.2592461867147340e+00	-4.0184194039587852e-04	2.8949626656917490e+03	1.2596821513392020e+00	2.5754481357349173e+00	5.9831805743484356e-01	8.1417603745505895e-01	0.0000000000000000e+00	0.0000000000000000e+00	
1.8434651292981126e+00	5.0267628969081646e-01	1.6753932812780774e-05	-2.9888557463844265e-02	5.2500000000000002e-01	0.0000000000000000e+00	6.2980115643808648e+07	2.0990936864886467e+03	-1.1996212510245615e+08	1.2606571168255081e+00	-4.0185841856612116e-04	2.8949626656917490e+03	1.2610930755652054e+00	2.5754481357349173e+00	5.9831805743484356e-01	8.1417603745505895e-01	0.0000000000000000e+00	0.0000000000000000e+00	
1.8448827177507143e+00	5.0267628969081646e-01	1.6753932812780774e-05	-2.9888557463844265e-02	5.2500000000000002e-01	0.0000000000000000e+00	6.2980115643808648e+07	2.0990936864886467e+03	-1.1996212510245615e+08	1.2606571168255081e+00	-4.0185841856612116e-04	2.8949626656917490e+03	1.2610930755652054e+00	2.5754481357349173e+00	5.9831805743484356e-01	8.1417603745505895e-01	0.0000000000000000e+00	0.0000000000000000e+00	
1.8463003062033163e+00	5.0221526513251180e-01	1.6522101736883575e-05	-3.0183134746201285e-02	5.2500000000000002e-01	0.0000000000000000e+00	6.2980039127103604e+07	2.0719454108515783e+03	-1.1996197935463904e+08	1.2620666488906485e+00	-4.0186936789656370e-04	2.8949626656917490e+03	1.2625026017394867e+00	2.5754481357349173e+00	5.9831805743484356e-01	8.1417603745505895e-01	0.0000000000000000e+00	0.0000000000000000e+00	
1.8477178946559181e+00	5.0221526513251180e-01	1.6522101736883575e-05	-3.0183134746201285e-02	5.2500000000000002e-01	0.0000000000000000e+00	6.2980039127103604e+07	2.0719454108515783e+03	-1.1996197935463904e+08	1.2620666488906485e+00	-4.0186936789656370e-04	2.8949626656917490e+03	1.2625026017394867e+00	2.5754481357349173e+00	5.9831805743484356e-01	8.1417603745505895e-01	0.0000000000000000e+00	0.0000000000000000e+00	
1.8491354831085201e+00	5.0176718011350130e-01	1.5792013698760483e-05	-3.0476784886069228e-02	5.2500000000000002e-01	0.0000000000000000e+00	6.2979958631882064e+07	1.9821550888144366e+03	-1.1996182602490292e+08	1.2634748430435894e+00	-4.0187605942208575e-04	2.8949626656917490e+03	1.2639107900060231e+00	2.5754481357349173e+00	5.9831805743484356e-01	8.1417603745505895e-01	0.0000000000000000e+00	0.0000000000000000e+00	
1.8505530715611218e+00	5.0176718011350130e-01	1.5792013698760483e-05	-3.0476784886069228e-02	5.2500000000000002e-01	0.0000000000000000e+00	6.2979958631882064e+07	1.9821550888144366e+03	-1.1996182602490292e+08	1.2634748430435894e+00	-4.0187605942208575e-04	2.8949626656917490e+03	1.2639107900060231e+00	2.5754481357349173e+00	5.9831805743484356e-01	8.1417603745505895e-01	0.0000000000000000e+00	0.0000000000000000e+00	
1.8519706600137238e+00	5.0133166206093205e-01	1.4554363824262135e-05	-3.0767189190916824e-02	5.2500000000000002e-01	0.0000000000000000e+00	6.2979879243181907e+07	1.8283945449309315e+03	-1.1996167479947113e+08	1.2648817520620408e+00	-4.0187984246361038e-04	2.8949626656917490e+03	1.2653176931534573e+00	2.5754481357349173e+00	5.9831805743484356e-01	8.1417603745505895e-01	0.0000000000000000e+00	0.0000000000000000e+00	
1.8533882484663255e+00	5.0133166206093205e-01	1.4554363824262135e-05	-3.0767189190916824e-02	5.2500000000000002e-01	0.0000000000000000e+00	6.2979879243181907e+07	1.8283945449309315e+03	-1.1996167479947113e+08	1.2648817520620408e+00	-4.0187984246361038e-04	2.8949626656917490e+03	1.2653176931534573e+00	2.5754481357349173e+00	5.9831805743484356e-01	8.1417603745505895e-01	0.0000000000000000e+00	0.0000000000000000e+00	
1.8548058369189275e+00	5.0090727442555982e-01	1.2794637912807868e-05	-3.1051785789173999e-02	5.2500000000000002e-01	0.0000000000000000e+00	6.2979807736578509e+07	1.6086886275146917e+03	-1.1996153858499773e+08	1.2662874169293812e+00	-4.0188216669949546e-04	2.8949626656917490e+03	1.2667233521761163e+00	2.5754481357349173e+00	5.9831805743484356e-01	8.1417603745505895e-01	0.0000000000000000e+00	0.0000000000000000e+00	
1.8562234253715293e+00	5.0090727442555982e-01	1.2794637912807868e-05	-3.1051785789173999e-02	5.2500000000000002e-01	0.0000000000000000e+00	6.2979807736578509e+07	1.6086886275146917e+03	-1.1996153858499773e+08	1.2662874169293812e+00	-4.0188216669949546e-04	2.8949626656917490e+03	1.2667233521761163e+00	2.5754481357349173e+00	5.9831805743484356e-01	8.1417603745505895e-01	0.0000000000000000e+00	0.0000000000000000e+00	
1.8576410138241313e+00	5.0049268734247310e-01	1.0503428952059065e-05	-3.1328081192817062e-02	5.2500000000000002e-01	0.0000000000000000e+00	6.2979749502945997e+07	1.3217042747120620e+03	-1.1996142765107574e+08	1.2676918660156566e+00	-4.0188457533700067e-04	2.8949626656917490e+03	1.2681277954547445e+00	2.5754481357349173e+00	5.9831805743484356e-01	8.1417603745505895e-01	0.0000000000000000e+00	0.0000000000000000e+00	
1.8590586022767330e+00	5.0049268734247310e-01	1.0503428952059065e-05	-3.1328081192817062e-02	5.2500000000000002e-01	0.0000000000000000e+00	6.2979749502945997e+07	1.3217042747120620e+03	-1.1996142765107574e+08	1.2676918660156566e+00	-4.0188457533700067e-04	2.8949626656917490e+03	1.2681277954547445e+00	2.5754481357349173e+00	5.9831805743484356e-01	8.1417603745505895e-01	0.0000000000000000e+00	0.0000000000000000e+00	
1.8604761907293350e+00	5.0008593477972674e-01	7.6734859623842057e-06	-3.1593353381242313e-02	5.2500000000000002e-01	0.0000000000000000e+00	6.2979711425202638e+07	9.6638177146327439e+02	-1.1996135510974646e+08	1.2690951124404137e+00	-4.0188870644335936e-04	2.8949626656917490e+03	1.2695310361190351e+00	2.5754481357349173e+00	5.9831805743484356e-01	8.1417603745505895e-01	0.0000000000000000e+00	0.0000000000000000e+00	
1.8618937791819368e+00	5.0008593477972674e-01	7.6734859623842057e-06	-3.1593353381242313e-02	5.2500000000000002e-01	0.0000000000000000e+00	6.2979711425202638e+07	9.6638177146327439e+02	-1.1996135510974646e+08	1.2690951124404137e+00	-4.0188870644335936e-04	2.8949626656917490e+03	1.2695310361190351e+00	2.5754481357349173e+00	5.9831805743484356e-01	8.1417603745505895e-01	0.0000000000000000e+00	0.0000000000000000e+00	
1.8633113676345388e+00	4.9968553465867777e-01	4.3096713735314342e-06	-3.1844940401027297e-02	5.2500000000000002e-01	0.0000000000000000e+00	6.2979699007735938e+07	5.4318523771689036e+02	-1.1996133144776829e+08	1.2704971550594157e+00	-4.0189626407716010e-04	2.8949626656917490e+03	1.2709330730340584e+00	2.5754481357349173e+00	5.9831805743484356e-01	8.1417603745505895e-01	0.0000000000000000e+00	0.0000000000000000e+00	
1.8647289560871405e+00	4.9968553465867777e-01	4.3096713735314342e-06	-3.1844940401027297e-02	5.2500000000000002e-01	0.0000000000000000e+00	6.2979699007735938e+07	5.4318523771689036e+02	-1.1996133144776829e+08	1.2704971550594157e+00	-4.0189626407716010e-04	2.8949626656917490e+03	1.2709330730340584e+00	2.5754481357349173e+00	5.9831805743484356e-01	8.1417603745505895e-01	0.0000000000000000e+00	0.0000000000000000e+00	
1.8661465445397425e+00	4.9928986132957126e-01	4.2478451046604258e-07	-3.2079974157472567e-02	5.2500000000000002e-01	0.0000000000000000e+00	6.2979718998121552e+07	5.3581719109347127e+01	-1.1996136952027494e+08	1.2718979780220299e+00	-4.0190899982178025e-04	2.8949626656917490e+03	1.2723338903573493e+00	2.5754481357349173e+00	5.9831805743484356e-01	8.1417603745505895e-01	0.0000000000000000e+00	0.0000000000000000e+00	
1.8675641329923443e+00	4.9928986132957126e-01	4.2478451046604258e-07	-3.2079974157472567e-02	5.2500000000000002e-01	0.0000000000000000e+00	6.2979718998121552e+07	5.3581719109347127e+01	-1.1996136952027494e+08	1.2718979780220299e+00	-4.0190899982178025e-04	2.8949626656917490e+03	1.2723338903573493e+00	2.5754481357349173e+00	5.9831805743484356e-01	8.1417603745505895e-01	0.0000000000000000e+00	0.0000000000000000e+00	
1.8689817214449462e+00	4.9889816560117817e-01	-3.9525259934559845e-06	-3.2295648922863456e-02	5.2500000000000002e-01	0.0000000000000000e+00	6.2979776597055487e+07	-4.9895794618116338e+02	-1.1996147923625141e+08	1.2732975540071951e+00	-4.0192866876556004e-04	2.8949626656917490e+03	1.2737334607745856e+00	2.5754481357349173e+00	5.9831805743484356e-01	8.1417603745505895e-01	0.0000000000000000e+00	0.0000000000000000e+00	
1.8703993098975480e+00	4.9889816560117817e-01	-3.9525259934559845e-06	-3.2295648922863456e-02	5.2500000000000002e-01	0.0000000000000000e+00	6.2979776597055487e+07	-4.9895794618116338e+02	-1.1996147923625141e+08	1.2732975540071951e+00	-4.0192866876556004e-04	2.8949626656917490e+03	1.2737334607745856e+00	2.5754481357349173e+00	5.9831805743484356e-01	8.1417603745505895e-01	0.0000000000000000e+00	0.0000000000000000e+00	
1.8718168983501500e+00	4.9850992188675397e-01	-8.7835612584826867e-06	-3.2489007568210215e-02	5.2500000000000002e-01	0.0000000000000000e+00	6.2979877462969080e+07	-1.1096822499620939e+03	-1.1996167137665747e+08	1.2746958460530309e+00	-4.0195700037038351e-04	2.8949626656917490e+03	1.2751317473289503e+00	2.5754481357349173e+00	5.9831805743484356e-01	8.1417603745505895e-01	0.0000000000000000e+00	0.0000000000000000e+00	
1.8732344868027517e+00	4.9850992188675397e-01	-8.7835612584826867e-06	-3.2489007568210215e-02	5.2500000000000002e-01	0.0000000000000000e+00	6.2979877462969080e+07	-1.1096822499620939e+03	-1.1996167137665747e+08	1.2746958460530309e+00	-4.0195700037038351e-04	2.8949626656917490e+03	1.2751317473289503e+00	2.5754481357349173e+00	5.9831805743484356e-01	8.1417603745505895e-01	0.0000000000000000e+00	0.0000000000000000e+00	
1.8746520752553537e+00	4.9812551496773633e-01	-1.4014265842579670e-05	-3.2657233941073414e-02	5.2500000000000002e-01	0.0000000000000000e+00	6.2980025048742160e+07	-1.7718803540159245e+03	-1.1996195252127086e+08	1.2760928123192055e+00	-4.0199564974192047e-04	2.8949626656917490e+03	1.2765287081832695e+00	2.5754481357349173e+00	5.9831805743484356e-01	8.1417603745505895e-01	0.0000000000000000e+00	0.0000000000000000e+00	
1.8760696637079555e+00	4.9812551496773633e-01	-1.4014265842579670e-05	-3.2657233941073414e-02	5.2500000000000002e-01	0.0000000000000000e+00	6.2980025048742160e+07	-1.7718803540159245e+03	-1.1996195252127086e+08	1.2760928123192055e+00	-4.0199564974192047e-04	2.8949626656917490e+03	1.2765287081832695e+00	2.5754481357349173e+00	5.9831805743484356e-01	8.1417603745505895e-01	0.0000000000000000e+00	0.0000000000000000e+00	
1.8774872521605575e+00	4.9774541121737859e-01	-1.9581211068265738e-05	-3.2797532416097321e-02	5.2500000000000002e-01	0.0000000000000000e+00	6.2980222024673268e+07	-2.4776301153136687e+03	-1.1996232775887242e+08	1.2774884087924858e+00	-4.0204616358613138e-04	2.8949626656917490e+03	1.2779242993254341e+00	2.5754481357349173e+00	5.9831805743484356e-01	8.1417603745505895e-01	0.0000000000000000e+00	0.0000000000000000e+00	
1.8789048406131592e+00	4.9774541121737859e-01	-1.9581211068265738e-05	-3.2797532416097321e-02	5.2500000000000002e-01	0.0000000000000000e+00	6.2980222024673268e+07	-2.4776301153136687e+03	-1.1996232775887242e+08	1.2774884087924858e+00	-4.0204616358613138e-04	2.8949626656917490e+03	1.2779242993254341e+00	2.5754481357349173e+00	5.9831805743484356e-01	8.1417603745505895e-01	0.0000000000000000e+00	0.0000000000000000e+00	
1.8803224290657612e+00	4.9737042753173877e-01	-2.5407705442746803e-05	-3.2907462672494378e-02	5.2500000000000002e-01	0.0000000000000000e+00	6.2980468103249595e+07	-3.2172986040903320e+03	-1.1996279654366846e+08	1.2788825936793196e+00	-4.0210992860797225e-04	2.8949626656917490e+03	1.2793184789608942e+00	2.5754481357349173e+00	5.9831805743484356e-01	8.1417603745505895e-01	0.0000000000000000e+00	0.0000000000000000e+00	
1.8817400175183630e+00	4.9737042753173877e-01	-2.5407705442746803e-05	-3.2907462672494378e-02	5.2500000000000002e-01	0.0000000000000000e+00	6.2980468103249595e+07	-3.2172986040903320e+03	-1.1996279654366846e+08	1.2788825936793196e+00	-4.0210992860797225e-04	2.8949626656917490e+03	1.2793184789608942e+00	2.5754481357349173e+00	5.9831805743484356e-01	8.1417603745505895e-01	0.0000000000000000e+00	0.0000000000000000e+00	
1.8831576059709649e+00	4.9700079383353535e-01	-3.1409082074068838e-05	-3.2984890057394113e-02	5.2500000000000002e-01	0.0000000000000000e+00	6.2980761103937283e+07	-3.9802107343583953e+03	-1.1996335472325040e+08	1.2802753289946789e+00	-4.0218813271694002e-04	2.8949626656917490e+03	1.2807112091015822e+00	2.5754481357349173e+00	5.9831805743484356e-01	8.1417603745505895e-01	0.0000000000000000e+00	0.0000000000000000e+00	
1.8845751944235667e+00	4.9700079383353535e-01	-3.1409082074068838e-05	-3.2984890057394113e-02	5.2500000000000002e-01	0.0000000000000000e+00	6.2980761103937283e+07	-3.9802107343583953e+03	-1.1996335472325040e+08	1.2802753289946789e+00	-4.0218813271694002e-04	2.8949626656917490e+03	1.2807112091015822e+00	2.5754481357349173e+00	5.9831805743484356e-01	8.1417603745505895e-01	0.0000000000000000e+00	0.0000000000000000e+00	
1.8859927828761687e+00	4.9663616296328900e-01	-3.7491592140387685e-05	-3.3028299177095204e-02	5.2500000000000002e-01	0.0000000000000000e+00	6.2981095637871996e+07	-4.7545098933610998e+03	-1.1996399203301619e+08	1.2816665827657419e+00	-4.0228171657725385e-04	2.8949626656917490e+03	1.2821024577697195e+00	2.5754481357349173e+00	5.9831805743484356e-01	8.1417603745505895e-01	0.0000000000000000e+00	0.0000000000000000e+00	
1.8874103713287704e+00	4.9663616296328900e-01	-3.7491592140387685e-05	-3.3028299177095204e-02	5.2500000000000002e-01	0.0000000000000000e+00	6.2981095637871996e+07	-4.7545098933610998e+03	-1.1996399203301619e+08	1.2816665827657419e+00	-4.0228171657725385e-04	2.8949626656917490e+03	1.2821024577697195e+00	2.5754481357349173e+00	5.9831805743484356e-01	8.1417603745505895e-01	0.0000000000000000e+00	0.0000000000000000e+00	
1.8888279597813724e+00	4.9627484403265293e-01	-4.3558604703521942e-05	-3.3036737246751706e-02	5.2500000000000002e-01	0.0000000000000000e+00	6.2981464028845295e+07	-5.5279543750177500e+03	-1.1996469385036705e+08	1.2830563282678398e+00	-4.0239134376602952e-04	2.8949626656917490e+03	1.2834921982340775e+00	2.5754481357349173e+00	5.9831805743484356e-01	8.1417603745505895e-01	0.0000000000000000e+00	0.0000000000000000e+00	
1.8902455482339742e+00	4.9627484403265293e-01	-4.3558604703521942e-05	-3.3036737246751706e-02	5.2500000000000002e-01	0.0000000000000000e+00	6.2981464028845295e+07	-5.5279543750177500e+03	-1.1996469385036705e+08	1.2830563282678398e+00	-4.0239134376602952e-04	2.8949626656917490e+03	1.2834921982340775e+00	2.5754481357349173e+00	5.9831805743484356e-01	8.1417603745505895e-01	0.0000000000000000e+00	0.0000000000000000e+00	
1.8916631366865762e+00	4.9591383861546712e-01	-4.9513383764758509e-05	-3.3010027917318545e-02	5.2500000000000002e-01	0.0000000000000000e+00	6.2981856076272286e+07	-6.2882794697312374e+03	-1.1996544074322234e+08	1.2844445435224692e+00	-4.0251737518966267e-04	2.8949626656917490e+03	1.2848804085083001e+00	2.5754481357349173e+00	5.9831805743484356e-01	8.1417603745505895e-01	0.0000000000000000e+00	0.0000000000000000e+00	
1.8930807251391779e+00	4.9591383861546712e-01	-4.9513383764758509e-05	-3.3010027917318545e-02	5.2500000000000002e-01	0.0000000000000000e+00	6.2981856076272286e+07	-6.2882794697312374e+03	-1.1996544074322234e+08	1.2844445435224692e+00	-4.0251737518966267e-04	2.8949626656917490e+03	1.2848804085083001e+00	2.5754481357349173e+00	5.9831805743484356e-01	8.1417603745505895e-01	0.0000000000000000e+00	0.0000000000000000e+00	
1.8944983135917799e+00	4.9554849894528197e-01	-5.5265741409992448e-05	-3.2948652464505714e-02	5.2500000000000002e-01	0.0000000000000000e+00	6.2982259920759931e+07	-7.0240577816420937e+03	-1.1996621011892723e+08	1.2858312084189445e+00	-4.0265986811831691e-04	2.8949626656917490e+03	1.2862670684730146e+00	2.5754481357349173e+00	5.9831805743484356e-01	8.1417603745505895e-01	0.0000000000000000e+00	0.0000000000000000e+00	
1.8959159020443817e+00	4.9554849894528197e-01	-5.5265741409992448e-05	-3.2948652464505714e-02	5.2500000000000002e-01	0.0000000000000000e+00	6.2982259920759931e+07	-7.0240577816420937e+03	-1.1996621011892723e+08	1.2858312084189445e+00	-4.0265986811831691e-04	2.8949626656917490e+03	1.2862670684730146e+00	2.5754481357349173e+00	5.9831805743484356e-01	8.1417603745505895e-01	0.0000000000000000e+00	0.0000000000000000e+00	
1.8973334904969836e+00	4.9517275422275514e-01	-6.0736936347142714e-05	-3.2853824651962155e-02	5.2500000000000002e-01	0.0000000000000000e+00	6.2982662801993534e+07	-7.7253321168340426e+03	-1.1996697766815372e+08	1.2872163023651371e+00	-4.0281858838412847e-04	2.8949626656917490e+03	1.2876521575269491e+00	2.5754481357349173e+00	5.9831805743484356e-01	8.1417603745505895e-01	0.0000000000000000e+00	0.0000000000000000e+00	
1.8987510789495854e+00	4.9517275422275514e-01	-6.0736936347142714e-05	-3.2853824651962155e-02	5.2500000000000002e-01	0.0000000000000000e+00	6.2982662801993534e+07	-7.7253321168340426e+03	-1.1996697766815372e+08	1.2872163023651371e+00	-4.0281858838412847e-04	2.8949626656917490e+03	1.2876521575269491e+00	2.5754481357349173e+00	5.9831805743484356e-01	8.1417603745505895e-01	0.0000000000000000e+00	0.0000000000000000e+00	
1.9001686674021874e+00	4.9477927528679500e-01	-6.5864327954553737e-05	-3.2727309868335844e-02	5.2500000000000002e-01	0.0000000000000000e+00	6.2983051644495048e+07	-8.3842161066408535e+03	-1.1996771848103358e+08	1.2885998006462578e+00	-4.0299304524889061e-04	2.8949626656917490e+03	1.2890356509461522e+00	2.5754481357349173e+00	5.9831805743484356e-01	8.1417603745505895e-01	0.0000000000000000e+00	0.0000000000000000e+00	
1.9015862558547891e+00	4.9477927528679500e-01	-6.5864327954553737e-05	-3.2727309868335844e-02	5.2500000000000002e-01	0.0000000000000000e+00	6.2983051644495048e+07	-8.3842161066408535e+03	-1.1996771848103358e+08	1.2885998006462578e+00	-4.0299304524889061e-04	2.8949626656917490e+03	1.2890356509461522e+00	2.5754481357349173e+00	5.9831805743484356e-01	8.1417603745505895e-01	0.0000000000000000e+00	0.0000000000000000e+00	
1.9030038443073911e+00	4.9435988180711921e-01	-7.0605325530868123e-05	-3.2571373116500317e-02	5.2500000000000002e-01	0.0000000000000000e+00	6.2983414420090310e+07	-8.9953991855494060e+03	-1.1996840964277993e+08	1.2899816718482044e+00	-4.0318253821374254e-04	2.8949626656917490e+03	1.2904175173075974e+00	2.5754481357349173e+00	5.9831805743484356e-01	8.1417603745505895e-01	0.0000000000000000e+00	0.0000000000000000e+00	
1.9044214327599929e+00	4.9435988180711921e-01	-7.0605325530868123e-05	-3.2571373116500317e-02	5.2500000000000002e-01	0.0000000000000000e+00	6.2983414420090310e+07	-8.9953991855494060e+03	-1.1996840964277993e+08	1.2899816718482044e+00	-4.0318253821374254e-04	2.8949626656917490e+03	1.2904175173075974e+00	2.5754481357349173e+00	5.9831805743484356e-01	8.1417603745505895e-01	0.0000000000000000e+00	0.0000000000000000e+00	
1.9058390212125949e+00	4.9390613704071684e-01	-7.4937576909529322e-05	-3.2388575557110430e-02	5.2500000000000002e-01	0.0000000000000000e+00	6.2983740155194521e+07	-9.5561656719009898e+03	-1.1996903024789700e+08	1.2913618751388871e+00	-4.0338621584241939e-04	2.8949626656917490e+03	1.2917977157707774e+00	2.5754481357349173e+00	5.9831805743484356e-01	8.1417603745505895e-01	0.0000000000000000e+00	0.0000000000000000e+00	
1.9072566096651966e+00	4.9390613704071684e-01	-7.4937576909529322e-05	-3.2388575557110430e-02	5.2500000000000002e-01	0.0000000000000000e+00	6.2983740155194521e+07	-9.5561656719009898e+03	-1.1996903024789700e+08	1.2913618751388871e+00	-4.0338621584241939e-04	2.8949626656917490e+03	1.2917977157707774e+00	2.5754481357349173e+00	5.9831805743484356e-01	8.1417603745505895e-01	0.0000000000000000e+00	0.0000000000000000e+00	
1.9086741981177986e+00	4.9340982136749784e-01	-7.8860003758796267e-05	-3.2181632087845413e-02	5.2500000000000002e-01	0.0000000000000000e+00	6.2984020499509051e+07	-1.0066520523587193e+04	-1.1996956438849106e+08	1.2927403590529885e+00	-4.0360313819348545e-04	2.8949626656917490e+03	1.2931761948625327e+00	2.5754481357349173e+00	5.9831805743484356e-01	8.1417603745505895e-01	0.0000000000000000e+00	0.0000000000000000e+00	
1.9100917865704004e+00	4.9340982136749784e-01	-7.8860003758796267e-05	-3.2181632087845413e-02	5.2500000000000002e-01	0.0000000000000000e+00	6.2984020499509051e+07	-1.0066520523587193e+04	-1.1996956438849106e+08	1.2927403590529885e+00	-4.0360313819348545e-04	2.8949626656917490e+03	1.2931761948625327e+00	2.5754481357349173e+00	5.9831805743484356e-01	8.1417603745505895e-01	0.0000000000000000e+00	0.0000000000000000e+00	
1.9115093750230023e+00	4.9286380141258240e-01	-8.2388734263957861e-05	-3.1953237096677176e-02	5.2500000000000002e-01	0.0000000000000000e+00	6.2984248932299063e+07	-1.0528654231099114e+04	-1.1996999964247864e+08	1.2941170610533312e+00	-4.0383233931277625e-04	2.8949626656917490e+03	1.2945528920385285e+00	2.5754481357349173e+00	5.9831805743484356e-01	8.1417603745505895e-01	0.0000000000000000e+00	0.0000000000000000e+00	
1.9129269634756041e+00	4.9286380141258240e-01	-8.2388734263957861e-05	-3.1953237096677176e-02	5.2500000000000002e-01	0.0000000000000000e+00	6.2984248932299063e+07	-1.0528654231099114e+04	-1.1996999964247864e+08	1.2941170610533312e+00	-4.0383233931277625e-04	2.8949626656917490e+03	1.2945528920385285e+00	2.5754481357349173e+00	5.9831805743484356e-01	8.1417603745505895e-01	0.0000000000000000e+00	0.0000000000000000e+00	
1.9143445519282061e+00	4.9226239358643342e-01	-8.5556430621833770e-05	-3.1705873747668339e-02	5.2500000000000002e-01	0.0000000000000000e+00	6.2984422273854189e+07	-1.0946849535405629e+04	-1.1997032995266485e+08	1.2954919087176522e+00	-4.0407288596336631e-04	2.8949626656917490e+03	1.2959277348699749e+00	2.5754481357349173e+00	5.9831805743484356e-01	8.1417603745505895e-01	0.0000000000000000e+00	0.0000000000000000e+00	
1.9157621403808078e+00	4.9226239358643342e-01	-8.5556430621833770e-05	-3.1705873747668339e-02	5.2500000000000002e-01	0.0000000000000000e+00	6.2984422273854189e+07	-1.0946849535405629e+04	-1.1997032995266485e+08	1.2954919087176522e+00	-4.0407288596336631e-04	2.8949626656917490e+03	1.2959277348699749e+00	2.5754481357349173e+00	5.9831805743484356e-01	8.1417603745505895e-01	0.0000000000000000e+00	0.0000000000000000e+00	
1.9171797288334098e+00	4.9160229536952599e-01	-8.8406187770474062e-05	-3.1441723235253405e-02	5.2500000000000002e-01	0.0000000000000000e+00	6.2984539060317591e+07	-1.1326682237351422e+04	-1.1997055253099377e+08	1.2968648221865233e+00	-4.0432392781745730e-04	2.8949626656917490e+03	1.2973006434915881e+00	2.5754481357349173e+00	5.9831805743484356e-01	8.1417603745505895e-01	0.0000000000000000e+00	0.0000000000000000e+00	
1.9185973172860116e+00	4.9160229536952599e-01	-8.8406187770474062e-05	-3.1441723235253405e-02	5.2500000000000002e-01	0.0000000000000000e+00	6.2984539060317591e+07	-1.1326682237351422e+04	-1.1997055253099377e+08	1.2968648221865233e+00	-4.0432392781745730e-04	2.8949626656917490e+03	1.2973006434915881e+00	2.5754481357349173e+00	5.9831805743484356e-01	8.1417603745505895e-01	0.0000000000000000e+00	0.0000000000000000e+00	
1.9200149057386136e+00	4.9088264841165175e-01	-9.0990385885877717e-05	-3.1162474330487650e-02	5.2500000000000002e-01	0.0000000000000000e+00	6.2984600894709177e+07	-1.1674874145218553e+04	-1.1997067043188760e+08	1.2982357179195838e+00	-4.0458473830037899e-04	2.8949626656917490e+03	1.2986715343577302e+00	2.5754481357349173e+00	5.9831805743484356e-01	8.1417603745505895e-01	0.0000000000000000e+00	0.0000000000000000e+00	
1.9214324941912153e+00	4.9088264841165175e-01	-9.0990385885877717e-05	-3.1162474330487650e-02	5.2500000000000002e-01	0.0000000000000000e+00	6.2984600894709177e+07	-1.1674874145218553e+04	-1.1997067043188760e+08	1.2982357179195838e+00	-4.0458473830037899e-04	2.8949626656917490e+03	1.2986715343577302e+00	2.5754481357349173e+00	5.9831805743484356e-01	8.1417603745505895e-01	0.0000000000000000e+00	0.0000000000000000e+00	
1.9228500826438173e+00	4.9010584575802796e-01	-9.3363652587554599e-05	-3.0869360986063833e-02	5.2500000000000002e-01	0.0000000000000000e+00	6.2984610104958624e+07	-1.1998374039197273e+04	-1.1997068809101950e+08	1.2996045137381309e+00	-4.0485474118552513e-04	2.8949626656917490e+03	1.3000403252850323e+00	2.5754481357349173e+00	5.9831805743484356e-01	8.1417603745505895e-01	0.0000000000000000e+00	0.0000000000000000e+00	
1.9242676710964191e+00	4.9010584575802796e-01	-9.3363652587554599e-05	-3.0869360986063833e-02	5.2500000000000002e-01	0.0000000000000000e+00	6.2984610104958624e+07	-1.1998374039197273e+04	-1.1997068809101950e+08	1.2996045137381309e+00	-4.0485474118552513e-04	2.8949626656917490e+03	1.3000403252850323e+00	2.5754481357349173e+00	5.9831805743484356e-01	8.1417603745505895e-01	0.0000000000000000e+00	0.0000000000000000e+00	
1.9256852595490210e+00	4.8927715811425709e-01	-9.5581928310098366e-05	-3.0562996854620470e-02	5.2500000000000002e-01	0.0000000000000000e+00	6.2984571060428508e+07	-1.2304246490767753e+04	-1.1997061383288826e+08	1.3009711344837147e+00	-4.0513352513168245e-04	2.8949626656917490e+03	1.3014069411109064e+00	2.5754481357349173e+00	5.9831805743484356e-01	8.1417603745505895e-01	0.0000000000000000e+00	0.0000000000000000e+00	
1.9271028480016228e+00	4.8927715811425709e-01	-9.5581928310098366e-05	-3.0562996854620470e-02	5.2500000000000002e-01	0.0000000000000000e+00	6.2984571060428508e+07	-1.2304246490767753e+04	-1.1997061383288826e+08	1.3009711344837147e+00	-4.0513352513168245e-04	2.8949626656917490e+03	1.3014069411109064e+00	2.5754481357349173e+00	5.9831805743484356e-01	8.1417603745505895e-01	0.0000000000000000e+00	0.0000000000000000e+00	
1.9285204364542248e+00	4.8840530063141907e-01	-9.7695611963134944e-05	-3.0243545117779842e-02	5.2500000000000002e-01	0.0000000000000000e+00	6.2984487461682171e+07	-1.2598774089466962e+04	-1.1997045470808999e+08	1.3023355186115926e+00	-4.0542084291387220e-04	2.8949626656917490e+03	1.3027713202870357e+00	2.5754481357349173e+00	5.9831805743484356e-01	8.1417603745505895e-01	0.0000000000000000e+00	0.0000000000000000e+00	
1.9299380249068265e+00	4.8840530063141907e-01	-9.7695611963134944e-05	-3.0243545117779842e-02	5.2500000000000002e-01	0.0000000000000000e+00	6.2984487461682171e+07	-1.2598774089466962e+04	-1.1997045470808999e+08	1.3023355186115926e+00	-4.0542084291387220e-04	2.8949626656917490e+03	1.3027713202870357e+00	2.5754481357349173e+00	5.9831805743484356e-01	8.1417603745505895e-01	0.0000000000000000e+00	0.0000000000000000e+00	
1.9313556133594285e+00	4.8750158586480274e-01	-9.9749308236177871e-05	-2.9910570983120367e-02	5.2500000000000002e-01	0.0000000000000000e+00	6.2984363938493781e+07	-1.2887438553487658e+04	-1.1997021953707510e+08	1.3036976244683376e+00	-4.0571659894165791e-04	2.8949626656917490e+03	1.3041334211568654e+00	2.5754481357349173e+00	5.9831805743484356e-01	8.1417603745505895e-01	0.0000000000000000e+00	0.0000000000000000e+00	
1.9327732018120303e+00	4.8750158586480274e-01	-9.9749308236177871e-05	-2.9910570983120367e-02	5.2500000000000002e-01	0.0000000000000000e+00	6.2984363938493781e+07	-1.2887438553487658e+04	-1.1997021953707510e+08	1.3036976244683376e+00	-4.0571659894165791e-04	2.8949626656917490e+03	1.3041334211568654e+00	2.5754481357349173e+00	5.9831805743484356e-01	8.1417603745505895e-01	0.0000000000000000e+00	0.0000000000000000e+00	
1.9341907902646323e+00	4.8658025056089466e-01	-1.0177507279849124e-04	-2.9563320688963137e-02	5.2500000000000002e-01	0.0000000000000000e+00	6.2984203341565691e+07	-1.3174028072149662e+04	-1.1996991375110836e+08	1.3050574369774466e+00	-4.0602082160341323e-04	2.8949626656917490e+03	1.3054932286412113e+00	2.5754481357349173e+00	5.9831805743484356e-01	8.1417603745505895e-01	0.0000000000000000e+00	0.0000000000000000e+00	
1.9356083787172340e+00	4.8658025056089466e-01	-1.0177507279849124e-04	-2.9563320688963137e-02	5.2500000000000002e-01	0.0000000000000000e+00	6.2984203341565691e+07	-1.3174028072149662e+04	-1.1996991375110836e+08	1.3050574369774466e+00	-4.0602082160341323e-04	2.8949626656917490e+03	1.3054932286412113e+00	2.5754481357349173e+00	5.9831805743484356e-01	8.1417603745505895e-01	0.0000000000000000e+00	0.0000000000000000e+00	
1.9370259671698360e+00	4.8565721003206141e-01	-1.0379289944205030e-04	-2.9200574258159636e-02	5.2500000000000002e-01	0.0000000000000000e+00	6.2984008834179416e+07	-1.3460714183470374e+04	-1.1996954337631796e+08	1.3064149730627697e+00	-4.0633362546882299e-04	2.8949626656917490e+03	1.3068507596615471e+00	2.5754481357349173e+00	5.9831805743484356e-01	8.1417603745505895e-01	0.0000000000000000e+00	0.0000000000000000e+00	
1.9384435556224378e+00	4.8565721003206141e-01	-1.0379289944205030e-04	-2.9200574258159636e-02	5.2500000000000002e-01	0.0000000000000000e+00	6.2984008834179416e+07	-1.3460714183470374e+04	-1.1996954337631796e+08	1.3064149730627697e+00	-4.0633362546882299e-04	2.8949626656917490e+03	1.3068507596615471e+00	2.5754481357349173e+00	5.9831805743484356e-01	8.1417603745505895e-01	0.0000000000000000e+00	0.0000000000000000e+00	
1.9398611440750397e+00	4.8475023492515928e-01	-1.0580475811433409e-04	-2.8821002758812504e-02	5.2500000000000002e-01	0.0000000000000000e+00	6.2983781333581917e+07	-1.3747252232182243e+04	-1.1996911015974192e+08	1.3077702869790351e+00	-4.0665516123296000e-04	2.8949626656917490e+03	1.3082060684705425e+00	2.5754481357349173e+00	5.9831805743484356e-01	8.1417603745505895e-01	0.0000000000000000e+00	0.0000000000000000e+00	
1.9412787325276415e+00	4.8475023492515928e-01	-1.0580475811433409e-04	-2.8821002758812504e-02	5.2500000000000002e-01	0.0000000000000000e+00	6.2983781333581917e+07	-1.3747252232182243e+04	-1.1996911015974192e+08	1.3077702869790351e+00	-4.0665516123296000e-04	2.8949626656917490e+03	1.3082060684705425e+00	2.5754481357349173e+00	5.9831805743484356e-01	8.1417603745505895e-01	0.0000000000000000e+00	0.0000000000000000e+00	
1.9426963209802435e+00	4.8387744298688035e-01	-1.0779721162319732e-04	-2.8423006502869864e-02	5.2500000000000002e-01	0.0000000000000000e+00	6.2983522143233545e+07	-1.4031338231719445e+04	-1.1996861658318041e+08	1.3091234735973309e+00	-4.0698556157779534e-04	2.8949626656917490e+03	1.3095592499374487e+00	2.5754481357349173e+00	5.9831805743484356e-01	8.1417603745505895e-01	0.0000000000000000e+00	0.0000000000000000e+00	
1.9441139094328452e+00	4.8387744298688035e-01	-1.0779721162319732e-04	-2.8423006502869864e-02	5.2500000000000002e-01	0.0000000000000000e+00	6.2983522143233545e+07	-1.4031338231719445e+04	-1.1996861658318041e+08	1.3091234735973309e+00	-4.0698556157779534e-04	2.8949626656917490e+03	1.3095592499374487e+00	2.5754481357349173e+00	5.9831805743484356e-01	8.1417603745505895e-01	0.0000000000000000e+00	0.0000000000000000e+00	
1.9455314978854472e+00	4.8305741904563537e-01	-1.0973759639579485e-04	-2.8005124463440452e-02	5.2500000000000002e-01	0.0000000000000000e+00	6.2983230575948767e+07	-1.4308088571130756e+04	-1.1996806133553208e+08	1.3104746712116784e+00	-4.0732488191191186e-04	2.8949626656917490e+03	1.3109104423547693e+00	2.5754481357349173e+00	5.9831805743484356e-01	8.1417603745505895e-01	0.0000000000000000e+00	0.0000000000000000e+00	
1.9469490863380490e+00	4.8305741904563537e-01	-1.0973759639579485e-04	-2.8005124463440452e-02	5.2500000000000002e-01	0.0000000000000000e+00	6.2983230575948767e+07	-1.4308088571130756e+04	-1.1996806133553208e+08	1.3104746712116784e+00	-4.0732488191191186e-04	2.8949626656917490e+03	1.3109104423547693e+00	2.5754481357349173e+00	5.9831805743484356e-01	8.1417603745505895e-01	0.0000000000000000e+00	0.0000000000000000e+00	
1.9483666747906510e+00	4.8230753824743361e-01	-1.1158021014118355e-04	-2.7565854456020947e-02	5.2500000000000002e-01	0.0000000000000000e+00	6.2982907045340121e+07	-1.4570881535374965e+04	-1.1996744520152773e+08	1.3118240616482819e+00	-4.0767304734659528e-04	2.8949626656917490e+03	1.3122598275475177e+00	2.5754481357349173e+00	5.9831805743484356e-01	8.1417603745505895e-01	0.0000000000000000e+00	0.0000000000000000e+00	
1.9497842632432527e+00	4.8230753824743361e-01	-1.1158021014118355e-04	-2.7565854456020947e-02	5.2500000000000002e-01	0.0000000000000000e+00	6.2982907045340121e+07	-1.4570881535374965e+04	-1.1996744520152773e+08	1.3118240616482819e+00	-4.0767304734659528e-04	2.8949626656917490e+03	1.3122598275475177e+00	2.5754481357349173e+00	5.9831805743484356e-01	8.1417603745505895e-01	0.0000000000000000e+00	0.0000000000000000e+00	
1.9512018516958547e+00	4.8164410176554068e-01	-1.1326570216366504e-04	-2.7104092106780889e-02	5.2500000000000002e-01	0.0000000000000000e+00	6.2982550695228763e+07	-1.4811274138733981e+04	-1.1996676654623492e+08	1.3131718696054508e+00	-4.0802980456533381e-04	2.8949626656917490e+03	1.3136076302133470e+00	2.5754481357349173e+00	5.9831805743484356e-01	8.1417603745505895e-01	0.0000000000000000e+00	0.0000000000000000e+00	
1.9526194401484565e+00	4.8164410176554068e-01	-1.1326570216366504e-04	-2.7104092106780889e-02	5.2500000000000002e-01	0.0000000000000000e+00	6.2982550695228763e+07	-1.4811274138733981e+04	-1.1996676654623492e+08	1.3131718696054508e+00	-4.0802980456533381e-04	2.8949626656917490e+03	1.3136076302133470e+00	2.5754481357349173e+00	5.9831805743484356e-01	8.1417603745505895e-01	0.0000000000000000e+00	0.0000000000000000e+00	
1.9540370286010584e+00	4.8108063038566229e-01	-1.1473156634949625e-04	-2.6618922501339876e-02	5.2500000000000002e-01	0.0000000000000000e+00	6.2982162642357484e+07	-1.5020438811356005e+04	-1.1996602749228297e+08	1.3145183588930320e+00	-4.0839469230078448e-04	2.8949626656917490e+03	1.3149541141620928e+00	2.5754481357349173e+00	5.9831805743484356e-01	8.1417603745505895e-01	0.0000000000000000e+00	0.0000000000000000e+00	
1.9554546170536602e+00	4.8108063038566229e-01	-1.1473156634949625e-04	-2.6618922501339876e-02	5.2500000000000002e-01	0.0000000000000000e+00	6.2982162642357484e+07	-1.5020438811356005e+04	-1.1996602749228297e+08	1.3145183588930320e+00	-4.0839469230078448e-04	2.8949626656917490e+03	1.3149541141620928e+00	2.5754481357349173e+00	5.9831805743484356e-01	8.1417603745505895e-01	0.0000000000000000e+00	0.0000000000000000e+00	
1.9568722055062622e+00	4.8062815712053769e-01	-1.1591415599587938e-04	-2.6110054572138743e-02	5.2500000000000002e-01	0.0000000000000000e+00	6.2981743360853925e+07	-1.5189446387327640e+04	-1.1996522893807638e+08	1.3158638279397779e+00	-4.0876702521030800e-04	2.8949626656917490e+03	1.3162995778234163e+00	2.5754481357349173e+00	5.9831805743484356e-01	8.1417603745505895e-01	0.0000000000000000e+00	0.0000000000000000e+00	
1.9582897939588639e+00	4.8062815712053769e-01	-1.1591415599587938e-04	-2.6110054572138743e-02	5.2500000000000002e-01	0.0000000000000000e+00	6.2981743360853925e+07	-1.5189446387327640e+04	-1.1996522893807638e+08	1.3158638279397779e+00	-4.0876702521030800e-04	2.8949626656917490e+03	1.3162995778234163e+00	2.5754481357349173e+00	5.9831805743484356e-01	8.1417603745505895e-01	0.0000000000000000e+00	0.0000000000000000e+00	
1.9597073824114659e+00	4.8029366809031293e-01	-1.1676148839803240e-04	-2.5577566494768757e-02	5.2500000000000002e-01	0.0000000000000000e+00	6.2981295853413567e+07	-1.5311028093126210e+04	-1.1996437659905227e+08	1.3172086022175067e+00	-4.0914590401786651e-04	2.8949626656917490e+03	1.3176443466710825e+00	2.5754481357349173e+00	5.9831805743484356e-01	8.1417603745505895e-01	0.0000000000000000e+00	0.0000000000000000e+00	
1.9611249708640677e+00	4.8029366809031293e-01	-1.1676148839803240e-04	-2.5577566494768757e-02	5.2500000000000002e-01	0.0000000000000000e+00	6.2981295853413567e+07	-1.5311028093126210e+04	-1.1996437659905227e+08	1.3172086022175067e+00	-4.0914590401786651e-04	2.8949626656917490e+03	1.3176443466710825e+00	2.5754481357349173e+00	5.9831805743484356e-01	8.1417603745505895e-01	0.0000000000000000e+00	0.0000000000000000e+00	
1.9625425593166697e+00	4.8008069094076472e-01	-1.1723455805099584e-04	-2.5022304532768727e-02	5.2500000000000002e-01	0.0000000000000000e+00	6.2980822752550736e+07	-1.5379766485951926e+04	-1.1996347548647967e+08	1.3185530263773937e+00	-4.0953023923138862e-04	2.8949626656917490e+03	1.3189887653594250e+00	2.5754481357349173e+00	5.9831805743484356e-01	8.1417603745505895e-01	0.0000000000000000e+00	0.0000000000000000e+00	
1.9639601477692714e+00	4.8008069094076472e-01	-1.1723455805099584e-04	-2.5022304532768727e-02	5.2500000000000002e-01	0.0000000000000000e+00	6.2980822752550736e+07	-1.5379766485951926e+04	-1.1996347548647967e+08	1.3185530263773937e+00	-4.0953023923138862e-04	2.8949626656917490e+03	1.3189887653594250e+00	2.5754481357349173e+00	5.9831805743484356e-01	8.1417603745505895e-01	0.0000000000000000e+00	0.0000000000000000e+00	
1.9653777362218734e+00	4.7998803549850921e-01	-1.1731809104334064e-04	-2.4445569451839282e-02	5.2500000000000002e-01	0.0000000000000000e+00	6.2980329356914625e+07	-1.5393575395603913e+04	-1.1996253569172204e+08	1.3198974537455324e+00	-4.0991879814947013e-04	2.8949626656917490e+03	1.3203331872188551e+00	2.5754481357349173e+00	5.9831805743484356e-01	8.1417603745505895e-01	0.0000000000000000e+00	0.0000000000000000e+00	
1.9667953246744752e+00	4.7998803549850921e-01	-1.1731809104334064e-04	-2.4445569451839282e-02	5.2500000000000002e-01	0.0000000000000000e+00	6.2980329356914625e+07	-1.5393575395603913e+04	-1.1996253569172204e+08	1.3198974537455324e+00	-4.0991879814947013e-04	2.8949626656917490e+03	1.3203331872188551e+00	2.5754481357349173e+00	5.9831805743484356e-01	8.1417603745505895e-01	0.0000000000000000e+00	0.0000000000000000e+00	
1.9682129131270771e+00	4.8001076789454833e-01	-1.1701690645709795e-04	-2.3849459046132622e-02	5.2500000000000002e-01	0.0000000000000000e+00	6.2979820522268839e+07	-1.5353205093845307e+04	-1.1996156646413158e+08	1.3212422363236964e+00	-4.1031025459712208e-04	2.8949626656917490e+03	1.3216779642565584e+00	2.5754481357349173e+00	5.9831805743484356e-01	8.1417603745505895e-01	0.0000000000000000e+00	0.0000000000000000e+00	
1.9696305015796789e+00	4.8001076789454833e-01	-1.1701690645709795e-04	-2.3849459046132622e-02	5.2500000000000002e-01	0.0000000000000000e+00	6.2979820522268839e+07	-1.5353205093845307e+04	-1.1996156646413158e+08	1.3212422363236964e+00	-4.1031025459712208e-04	2.8949626656917490e+03	1.3216779642565584e+00	2.5754481357349173e+00	5.9831805743484356e-01	8.1417603745505895e-01	0.0000000000000000e+00	0.0000000000000000e+00	
1.9710480900322809e+00	4.8013934745773146e-01	-1.1636106098124943e-04	-2.3236493587259568e-02	5.2500000000000002e-01	0.0000000000000000e+00	6.2979303517939843e+07	-1.5262941094101390e+04	-1.1996058165221986e+08	1.3225877129428742e+00	-4.1070324988105492e-04	2.8949626656917490e+03	1.3230234353097301e+00	2.5754481357349173e+00	5.9831805743484356e-01	8.1417603745505895e-01	0.0000000000000000e+00	0.0000000000000000e+00	
1.9724656784848826e+00	4.8013934745773146e-01	-1.1636106098124943e-04	-2.3236493587259568e-02	5.2500000000000002e-01	0.0000000000000000e+00	6.2979303517939843e+07	-1.5262941094101390e+04	-1.1996058165221986e+08	1.3225877129428742e+00	-4.1070324988105492e-04	2.8949626656917490e+03	1.3230234353097301e+00	2.5754481357349173e+00	5.9831805743484356e-01	8.1417603745505895e-01	0.0000000000000000e+00	0.0000000000000000e+00	
1.9738832669374846e+00	4.8036101227569744e-01	-1.1539583191601028e-04	-2.2609897965440350e-02	5.2500000000000002e-01	0.0000000000000000e+00	6.2978784803269319e+07	-1.5129223812322090e+04	-1.1995959356284881e+08	1.3239341989994449e+00	-4.1109644107988709e-04	2.8949626656917490e+03	1.3243699157814595e+00	2.5754481357349173e+00	5.9831805743484356e-01	8.1417603745505895e-01	0.0000000000000000e+00	0.0000000000000000e+00	
1.9753008553900864e+00	4.8036101227569744e-01	-1.1539583191601028e-04	-2.2609897965440350e-02	5.2500000000000002e-01	0.0000000000000000e+00	6.2978784803269319e+07	-1.5129223812322090e+04	-1.1995959356284881e+08	1.3239341989994449e+00	-4.1109644107988709e-04	2.8949626656917490e+03	1.3243699157814595e+00	2.5754481357349173e+00	5.9831805743484356e-01	8.1417603745505895e-01	0.0000000000000000e+00	0.0000000000000000e+00	
1.9767184438426884e+00	4.8065932453577725e-01	-1.1418116900291158e-04	-2.1973174814779842e-02	5.2500000000000002e-01	0.0000000000000000e+00	6.2978272673476458e+07	-1.4960560273301038e+04	-1.1995861800081044e+08	1.3252819753569929e+00	-4.1148854727841405e-04	2.8949626656917490e+03	1.3257176865421181e+00	2.5754481357349173e+00	5.9831805743484356e-01	8.1417603745505895e-01	0.0000000000000000e+00	0.0000000000000000e+00	
1.9781360322952901e+00	4.8065932453577725e-01	-1.1418116900291158e-04	-2.1973174814779842e-02	5.2500000000000002e-01	0.0000000000000000e+00	6.2978272673476458e+07	-1.4960560273301038e+04	-1.1995861800081044e+08	1.3252819753569929e+00	-4.1148854727841405e-04	2.8949626656917490e+03	1.3257176865421181e+00	2.5754481357349173e+00	5.9831805743484356e-01	8.1417603745505895e-01	0.0000000000000000e+00	0.0000000000000000e+00	
1.9795536207478921e+00	4.8101588759312741e-01	-1.1277778740042901e-04	-2.1330332029353992e-02	5.2500000000000002e-01	0.0000000000000000e+00	6.2977774076197177e+07	-1.4765612111601098e+04	-1.1995766820409806e+08	1.3266312799536881e+00	-4.1187837170757576e-04	2.8949626656917490e+03	1.3270669855364003e+00	2.5754481357349173e+00	5.9831805743484356e-01	8.1417603745505895e-01	0.0000000000000000e+00	0.0000000000000000e+00	
1.9809712092004939e+00	4.8101588759312741e-01	-1.1277778740042901e-04	-2.1330332029353992e-02	5.2500000000000002e-01	0.0000000000000000e+00	6.2977774076197177e+07	-1.4765612111601098e+04	-1.1995766820409806e+08	1.3266312799536881e+00	-4.1187837170757576e-04	2.8949626656917490e+03	1.3270669855364003e+00	2.5754481357349173e+00	5.9831805743484356e-01	8.1417603745505895e-01	0.0000000000000000e+00	0.0000000000000000e+00	
1.9823887976530958e+00	4.8141020385887029e-01	-1.1124447572757934e-04	-2.0685420091866510e-02	5.2500000000000002e-01	0.0000000000000000e+00	6.2977297096822046e+07	-1.4552820738153301e+04	-1.1995675957763436e+08	1.3279822995349497e+00	-4.1226481527079968e-04	2.8949626656917490e+03	1.3284179995156395e+00	2.5754481357349173e+00	5.9831805743484356e-01	8.1417603745505895e-01	0.0000000000000000e+00	0.0000000000000000e+00	
1.9838063861056976e+00	4.8141020385887029e-01	-1.1124447572757934e-04	-2.0685420091866510e-02	5.2500000000000002e-01	0.0000000000000000e+00	6.2977297096822046e+07	-1.4552820738153301e+04	-1.1995675957763436e+08	1.3279822995349497e+00	-4.1226481527079968e-04	2.8949626656917490e+03	1.3284179995156395e+00	2.5754481357349173e+00	5.9831805743484356e-01	8.1417603745505895e-01	0.0000000000000000e+00	0.0000000000000000e+00	
1.9852239745582996e+00	4.8182154394092075e-01	-1.0962533429274741e-04	-2.0042724797379230e-02	5.2500000000000002e-01	0.0000000000000000e+00	6.2976848034576401e+07	-1.4328661939908034e+04	-1.1995590412309378e+08	1.3293351649891649e+00	-4.1264686489359182e-04	2.8949626656917490e+03	1.3297708593733271e+00	2.5754481357349173e+00	5.9831805743484356e-01	8.1417603745505895e-01	0.0000000000000000e+00	0.0000000000000000e+00	
1.9866415630109013e+00	4.8182154394092075e-01	-1.0962533429274741e-04	-2.0042724797379230e-02	5.2500000000000002e-01	0.0000000000000000e+00	6.2976848034576401e+07	-1.4328661939908034e+04	-1.1995590412309378e+08	1.3293351649891649e+00	-4.1264686489359182e-04	2.8949626656917490e+03	1.3297708593733271e+00	2.5754481357349173e+00	5.9831805743484356e-01	8.1417603745505895e-01	0.0000000000000000e+00	0.0000000000000000e+00	
1.9880591514635033e+00	4.8222894349772272e-01	-1.0794914675648420e-04	-1.9406298930084071e-02	5.2500000000000002e-01	0.0000000000000000e+00	6.2976433798907548e+07	-1.4097561720474399e+04	-1.1995511500344618e+08	1.3306899474629161e+00	-4.1302357643093303e-04	2.8949626656917490e+03	1.3311256362602086e+00	2.5754481357349173e+00	5.9831805743484356e-01	8.1417603745505895e-01	0.0000000000000000e+00	0.0000000000000000e+00	
1.9894767399161051e+00	4.8222894349772272e-01	-1.0794914675648420e-04	-1.9406298930084071e-02	5.2500000000000002e-01	0.0000000000000000e+00	6.2976433798907548e+07	-1.4097561720474399e+04	-1.1995511500344618e+08	1.3306899474629161e+00	-4.1302357643093303e-04	2.8949626656917490e+03	1.3311256362602086e+00	2.5754481357349173e+00	5.9831805743484356e-01	8.1417603745505895e-01	0.0000000000000000e+00	0.0000000000000000e+00	
1.9908943283687071e+00	4.8261300343912789e-01	-1.0622188528607078e-04	-1.8780149289981594e-02	5.2500000000000002e-01	0.0000000000000000e+00	6.2976059409844950e+07	-1.3860869290160064e+04	-1.1995440178136350e+08	1.3320466585107695e+00	-4.1339404133618500e-04	2.8949626656917490e+03	1.3324823417340896e+00	2.5754481357349173e+00	5.9831805743484356e-01	8.1417603745505895e-01	0.0000000000000000e+00	0.0000000000000000e+00	
1.9923119168213088e+00	4.8261300343912789e-01	-1.0622188528607078e-04	-1.8780149289981594e-02	5.2500000000000002e-01	0.0000000000000000e+00	6.2976059409844950e+07	-1.3860869290160064e+04	-1.1995440178136350e+08	1.3320466585107695e+00	-4.1339404133618500e-04	2.8949626656917490e+03	1.3324823417340896e+00	2.5754481357349173e+00	5.9831805743484356e-01	8.1417603745505895e-01	0.0000000000000000e+00	0.0000000000000000e+00	
1.9937295052739108e+00	4.8295585435130201e-01	-1.0443039298290032e-04	-1.8167796595194439e-02	5.2500000000000002e-01	0.0000000000000000e+00	6.2975730290335976e+07	-1.3617352814655254e+04	-1.1995377478588195e+08	1.3334052511935544e+00	-4.1375735753557136e-04	2.8949626656917490e+03	1.3338409288581918e+00	2.5754481357349173e+00	5.9831805743484356e-01	8.1417603745505895e-01	0.0000000000000000e+00	0.0000000000000000e+00	
1.9951470937265126e+00	4.8295585435130201e-01	-1.0443039298290032e-04	-1.8167796595194439e-02	5.2500000000000002e-01	0.0000000000000000e+00	6.2975730290335976e+07	-1.3617352814655254e+04	-1.1995377478588195e+08	1.3334052511935544e+00	-4.1375735753557136e-04	2.8949626656917490e+03	1.3338409288581918e+00	2.5754481357349173e+00	5.9831805743484356e-01	8.1417603745505895e-01	0.0000000000000000e+00	0.0000000000000000e+00	
1.9965646821791145e+00	4.8324271977257122e-01	-1.0254110148143963e-04	-1.7572480995276581e-02	5.2500000000000002e-01	0.0000000000000000e+00	6.2975450180801570e+07	-1.3362999096743841e+04	-1.1995324114014138e+08	1.3347656251291613e+00	-4.1411259641289434e-04	2.8949626656917490e+03	1.3352012972521063e+00	2.5754481357349173e+00	5.9831805743484356e-01	8.1417603745505895e-01	0.0000000000000000e+00	0.0000000000000000e+00	
1.9979822706317163e+00	4.8324271977257122e-01	-1.0254110148143963e-04	-1.7572480995276581e-02	5.2500000000000002e-01	0.0000000000000000e+00	6.2975450180801570e+07	-1.3362999096743841e+04	-1.1995324114014138e+08	1.3347656251291613e+00	-4.1411259641289434e-04	2.8949626656917490e+03	1.3352012972521063e+00	2.5754481357349173e+00	5.9831805743484356e-01	8.1417603745505895e-01	0.0000000000000000e+00	0.0000000000000000e+00	
1.9993998590843183e+00	4.8346174801695369e-01	-1.0050671145253877e-04	-1.6996775289167133e-02	5.2500000000000002e-01	0.0000000000000000e+00	6.2975223170206517e+07	-1.3091899431111235e+04	-1.1995280863055608e+08	1.3357347667914603e+00	-4.1436023292190145e-04	2.8949626656917490e+03	1.3361704349799604e+00	2.5754481357349173e+00	5.9831805743484356e-01	8.1417603745505895e-01	0.0000000000000000e+00	0.0000000000000000e+00	
2.0000000000000000e+00	4.8346174801695369e-01	-1.0050671145253877e-04	-1.6996775289167133e-02	5.2500000000000002e-01	0.0000000000000000e+00	6.2975223170206517e+07	-1.3091899431111235e+04	-1.1995280863055608e+08	1.3357347667914603e+00	-4.1436023292190145e-04	2.8949626656917490e+03	1.3361704349799604e+00	2.5754481357349173e+00	5.9831805743484356e-01	8.1417603745505895e-01	0.0000000000000000e+00	0.0000000000000000e+00	
