TITLE = "Temporal Signal for receiver number 00015"
VARIABLES = "Time","s_xx0","s_yy0","s_zz0","s_xy0","s_yz0","s_xz0","v10","v20","v30","s_xx1","s_yy1","s_zz1","s_xy1","s_yz1","s_xz1","v11","v21","v31","s_xx2","s_yy2","s_zz2","s_xy2","s_yz2","s_xz2","v12","v22","v32","s_xx3","s_yy3","s_zz3","s_xy3","s_yz3","s_xz3","v13","v23","v33","s_xx4","s_yy4","s_zz4","s_xy4","s_yz4","s_xz4","v14","v24","v34","s_xx5","s_yy5","s_zz5","s_xy5","s_yz5","s_xz5","v15","v25","v35","s_xx6","s_yy6","s_zz6","s_xy6","s_yz6","s_xz6","v16","v26","v36","s_xx7","s_yy7","s_zz7","s_xy7","s_yz7","s_xz7","v17","v27","v37"
# x1       3.600000000000e+03
# x2       4.800000000000e+03
# x3       -1.000000000000e-01
# cell-global-id 45
  0.000000000000000e+00  0.000000000000000e+00  0.000000000000000e+00  0.000000000000000e+00  0.000000000000000e+00  0.000000000000000e+00  0.000000000000000e+00  0.000000000000000e+00  0.000000000000000e+00  0.000000000000000e+00  0.000000000000000e+00  0.000000000000000e+00  0.000000000000000e+00  0.000000000000000e+00  0.000000000000000e+00  0.000000000000000e+00  0.000000000000000e+00  0.000000000000000e+00  0.000000000000000e+00  0.000000000000000e+00  0.000000000000000e+00  0.000000000000000e+00  0.000000000000000e+00  0.000000000000000e+00  0.000000000000000e+00  0.000000000000000e+00  0.000000000000000e+00  0.000000000000000e+00  0.000000000000000e+00  0.000000000000000e+00  0.000000000000000e+00  0.000000000000000e+00  0.000000000000000e+00  0.000000000000000e+00  0.000000000000000e+00  0.000000000000000e+00  0.000000000000000e+00  0.000000000000000e+00  0.000000000000000e+00  0.000000000000000e+00  0.000000000000000e+00  0.000000000000000e+00  0.000000000000000e+00  0.000000000000000e+00  0.000000000000000e+00  0.000000000000000e+00  0.000000000000000e+00  0.000000000000000e+00  0.000000000000000e+00  0.000000000000000e+00  0.000000000000000e+00  0.000000000000000e+00  0.000000000000000e+00  0.000000000000000e+00  0.000000000000000e+00  0.000000000000000e+00  0.000000000000000e+00  0.000000000000000e+00  0.000000000000000e+00  0.000000000000000e+00  0.000000000000000e+00  0.000000000000000e+00  0.000000000000000e+00  0.000000000000000e+00  0.000000000000000e+00  0.000000000000000e+00  0.000000000000000e+00  0.000000000000000e+00  0.000000000000000e+00  0.000000000000000e+00  0.000000000000000e+00  0.000000000000000e+00  0.000000000000000e+00
  5.000000000000000e-03  0.000000000000000e+00  0.000000000000000e+00  0.000000000000000e+00  0.000000000000000e+00  0.000000000000000e+00  0.000000000000000e+00  0.000000000000000e+00  0.000000000000000e+00  0.000000000000000e+00  0.000000000000000e+00  0.000000000000000e+00  0.000000000000000e+00  0.000000000000000e+00  0.000000000000000e+00  0.000000000000000e+00  0.000000000000000e+00  0.000000000000000e+00  0.000000000000000e+00  0.000000000000000e+00  0.000000000000000e+00  0.000000000000000e+00  0.000000000000000e+00  0.000000000000000e+00  0.000000000000000e+00  0.000000000000000e+00  0.000000000000000e+00  0.000000000000000e+00  0.000000000000000e+00  0.000000000000000e+00  0.000000000000000e+00  0.000000000000000e+00  0.000000000000000e+00  0.000000000000000e+00  0.000000000000000e+00  0.000000000000000e+00  0.000000000000000e+00  0.000000000000000e+00  0.000000000000000e+00  0.000000000000000e+00  0.000000000000000e+00  0.000000000000000e+00  0.000000000000000e+00  0.000000000000000e+00  0.000000000000000e+00  0.000000000000000e+00  0.000000000000000e+00  0.000000000000000e+00  0.000000000000000e+00  0.000000000000000e+00  0.000000000000000e+00  0.000000000000000e+00  0.000000000000000e+00  0.000000000000000e+00  0.000000000000000e+00  0.000000000000000e+00  0.000000000000000e+00  0.000000000000000e+00  0.000000000000000e+00  0.000000000000000e+00  0.000000000000000e+00  0.000000000000000e+00  0.000000000000000e+00  0.000000000000000e+00  0.000000000000000e+00  0.000000000000000e+00  0.000000000000000e+00  0.000000000000000e+00  0.000000000000000e+00  0.000000000000000e+00  0.000000000000000e+00  0.000000000000000e+00  0.000000000000000e+00
  1.000000000000000e-02  0.000000000000000e+00  0.000000000000000e+00  0.000000000000000e+00  0.000000000000000e+00  0.000000000000000e+00  0.000000000000000e+00  0.000000000000000e+00  0.000000000000000e+00  0.000000000000000e+00  0.000000000000000e+00  0.000000000000000e+00  0.000000000000000e+00  0.000000000000000e+00  0.000000000000000e+00  0.000000000000000e+00  0.000000000000000e+00  0.000000000000000e+00  0.000000000000000e+00  0.000000000000000e+00  0.000000000000000e+00  0.000000000000000e+00  0.000000000000000e+00  0.000000000000000e+00  0.000000000000000e+00  0.000000000000000e+00  0.000000000000000e+00  0.000000000000000e+00  0.000000000000000e+00  0.000000000000000e+00  0.000000000000000e+00  0.000000000000000e+00  0.000000000000000e+00  0.000000000000000e+00  0.000000000000000e+00  0.000000000000000e+00  0.000000000000000e+00  0.000000000000000e+00  0.000000000000000e+00  0.000000000000000e+00  0.000000000000000e+00  0.000000000000000e+00  0.000000000000000e+00  0.000000000000000e+00  0.000000000000000e+00  0.000000000000000e+00  0.000000000000000e+00  0.000000000000000e+00  0.000000000000000e+00  0.000000000000000e+00  0.000000000000000e+00  0.000000000000000e+00  0.000000000000000e+00  0.000000000000000e+00  0.000000000000000e+00  0.000000000000000e+00  0.000000000000000e+00  0.000000000000000e+00  0.000000000000000e+00  0.000000000000000e+00  0.000000000000000e+00  0.000000000000000e+00  0.000000000000000e+00  0.000000000000000e+00  0.000000000000000e+00  0.000000000000000e+00  0.000000000000000e+00  0.000000000000000e+00  0.000000000000000e+00  0.000000000000000e+00  0.000000000000000e+00  0.000000000000000e+00  0.000000000000000e+00
  1.500000000000000e-02  0.000000000000000e+00  0.000000000000000e+00  0.000000000000000e+00  0.000000000000000e+00  0.000000000000000e+00  0.000000000000000e+00  0.000000000000000e+00  0.000000000000000e+00  0.000000000000000e+00  0.000000000000000e+00  0.000000000000000e+00  0.000000000000000e+00  0.000000000000000e+00  0.000000000000000e+00  0.000000000000000e+00  0.000000000000000e+00  0.000000000000000e+00  0.000000000000000e+00  0.000000000000000e+00  0.000000000000000e+00  0.000000000000000e+00  0.000000000000000e+00  0.000000000000000e+00  0.000000000000000e+00  0.000000000000000e+00  0.000000000000000e+00  0.000000000000000e+00  0.000000000000000e+00  0.000000000000000e+00  0.000000000000000e+00  0.000000000000000e+00  0.000000000000000e+00  0.000000000000000e+00  0.000000000000000e+00  0.000000000000000e+00  0.000000000000000e+00  0.000000000000000e+00  0.000000000000000e+00  0.000000000000000e+00  0.000000000000000e+00  0.000000000000000e+00  0.000000000000000e+00  0.000000000000000e+00  0.000000000000000e+00  0.000000000000000e+00  0.000000000000000e+00  0.000000000000000e+00  0.000000000000000e+00  0.000000000000000e+00  0.000000000000000e+00  0.000000000000000e+00  0.000000000000000e+00  0.000000000000000e+00  0.000000000000000e+00  0.000000000000000e+00  0.000000000000000e+00  0.000000000000000e+00  0.000000000000000e+00  0.000000000000000e+00  0.000000000000000e+00  0.000000000000000e+00  0.000000000000000e+00  0.000000000000000e+00  0.000000000000000e+00  0.000000000000000e+00  0.000000000000000e+00  0.000000000000000e+00  0.000000000000000e+00  0.000000000000000e+00  0.000000000000000e+00  0.000000000000000e+00  0.000000000000000e+00
  2.000000000000000e-02  0.000000000000000e+00  0.000000000000000e+00  0.000000000000000e+00  0.000000000000000e+00  0.000000000000000e+00  0.000000000000000e+00  0.000000000000000e+00  0.000000000000000e+00  0.000000000000000e+00  0.000000000000000e+00  0.000000000000000e+00  0.000000000000000e+00  0.000000000000000e+00  0.000000000000000e+00  0.000000000000000e+00  0.000000000000000e+00  0.000000000000000e+00  0.000000000000000e+00  0.000000000000000e+00  0.000000000000000e+00  0.000000000000000e+00  0.000000000000000e+00  0.000000000000000e+00  0.000000000000000e+00  0.000000000000000e+00  0.000000000000000e+00  0.000000000000000e+00  0.000000000000000e+00  0.000000000000000e+00  0.000000000000000e+00  0.000000000000000e+00  0.000000000000000e+00  0.000000000000000e+00  0.000000000000000e+00  0.000000000000000e+00  0.000000000000000e+00  0.000000000000000e+00  0.000000000000000e+00  0.000000000000000e+00  0.000000000000000e+00  0.000000000000000e+00  0.000000000000000e+00  0.000000000000000e+00  0.000000000000000e+00  0.000000000000000e+00  0.000000000000000e+00  0.000000000000000e+00  0.000000000000000e+00  0.000000000000000e+00  0.000000000000000e+00  0.000000000000000e+00  0.000000000000000e+00  0.000000000000000e+00  0.000000000000000e+00  0.000000000000000e+00  0.000000000000000e+00  0.000000000000000e+00  0.000000000000000e+00  0.000000000000000e+00  0.000000000000000e+00  0.000000000000000e+00  0.000000000000000e+00  0.000000000000000e+00  0.000000000000000e+00  0.000000000000000e+00  0.000000000000000e+00  0.000000000000000e+00  0.000000000000000e+00  0.000000000000000e+00  0.000000000000000e+00  0.000000000000000e+00  0.000000000000000e+00
  2.500000000000000e-02  0.000000000000000e+00  0.000000000000000e+00  0.000000000000000e+00  0.000000000000000e+00  0.000000000000000e+00  0.000000000000000e+00  0.000000000000000e+00  0.000000000000000e+00  0.000000000000000e+00  0.000000000000000e+00  0.000000000000000e+00  0.000000000000000e+00  0.000000000000000e+00  0.000000000000000e+00  0.000000000000000e+00  0.000000000000000e+00  0.000000000000000e+00  0.000000000000000e+00  0.000000000000000e+00  0.000000000000000e+00  0.000000000000000e+00  0.000000000000000e+00  0.000000000000000e+00  0.000000000000000e+00  0.000000000000000e+00  0.000000000000000e+00  0.000000000000000e+00  0.000000000000000e+00  0.000000000000000e+00  0.000000000000000e+00  0.000000000000000e+00  0.000000000000000e+00  0.000000000000000e+00  0.000000000000000e+00  0.000000000000000e+00  0.000000000000000e+00  0.000000000000000e+00  0.000000000000000e+00  0.000000000000000e+00  0.000000000000000e+00  0.000000000000000e+00  0.000000000000000e+00  0.000000000000000e+00  0.000000000000000e+00  0.000000000000000e+00  0.000000000000000e+00  0.000000000000000e+00  0.000000000000000e+00  0.000000000000000e+00  0.000000000000000e+00  0.000000000000000e+00  0.000000000000000e+00  0.000000000000000e+00  0.000000000000000e+00  0.000000000000000e+00  0.000000000000000e+00  0.000000000000000e+00  0.000000000000000e+00  0.000000000000000e+00  0.000000000000000e+00  0.000000000000000e+00  0.000000000000000e+00  0.000000000000000e+00  0.000000000000000e+00  0.000000000000000e+00  0.000000000000000e+00  0.000000000000000e+00  0.000000000000000e+00  0.000000000000000e+00  0.000000000000000e+00  0.000000000000000e+00  0.000000000000000e+00
  3.000000000000000e-02  0.000000000000000e+00  0.000000000000000e+00  0.000000000000000e+00  0.000000000000000e+00  0.000000000000000e+00  0.000000000000000e+00  0.000000000000000e+00  0.000000000000000e+00  0.000000000000000e+00  0.000000000000000e+00  0.000000000000000e+00  0.000000000000000e+00  0.000000000000000e+00  0.000000000000000e+00  0.000000000000000e+00  0.000000000000000e+00  0.000000000000000e+00  0.000000000000000e+00  0.000000000000000e+00  0.000000000000000e+00  0.000000000000000e+00  0.000000000000000e+00  0.000000000000000e+00  0.000000000000000e+00  0.000000000000000e+00  0.000000000000000e+00  0.000000000000000e+00  0.000000000000000e+00  0.000000000000000e+00  0.000000000000000e+00  0.000000000000000e+00  0.000000000000000e+00  0.000000000000000e+00  0.000000000000000e+00  0.000000000000000e+00  0.000000000000000e+00  0.000000000000000e+00  0.000000000000000e+00  0.000000000000000e+00  0.000000000000000e+00  0.000000000000000e+00  0.000000000000000e+00  0.000000000000000e+00  0.000000000000000e+00  0.000000000000000e+00  0.000000000000000e+00  0.000000000000000e+00  0.000000000000000e+00  0.000000000000000e+00  0.000000000000000e+00  0.000000000000000e+00  0.000000000000000e+00  0.000000000000000e+00  0.000000000000000e+00  0.000000000000000e+00  0.000000000000000e+00  0.000000000000000e+00  0.000000000000000e+00  0.000000000000000e+00  0.000000000000000e+00  0.000000000000000e+00  0.000000000000000e+00  0.000000000000000e+00  0.000000000000000e+00  0.000000000000000e+00  0.000000000000000e+00  0.000000000000000e+00  0.000000000000000e+00  0.000000000000000e+00  0.000000000000000e+00  0.000000000000000e+00  0.000000000000000e+00
  3.500000000000000e-02  0.000000000000000e+00  0.000000000000000e+00  0.000000000000000e+00  0.000000000000000e+00  0.000000000000000e+00  0.000000000000000e+00  0.000000000000000e+00  0.000000000000000e+00  0.000000000000000e+00  0.000000000000000e+00  0.000000000000000e+00  0.000000000000000e+00  0.000000000000000e+00  0.000000000000000e+00  0.000000000000000e+00  0.000000000000000e+00  0.000000000000000e+00  0.000000000000000e+00  0.000000000000000e+00  0.000000000000000e+00  0.000000000000000e+00  0.000000000000000e+00  0.000000000000000e+00  0.000000000000000e+00  0.000000000000000e+00  0.000000000000000e+00  0.000000000000000e+00  0.000000000000000e+00  0.000000000000000e+00  0.000000000000000e+00  0.000000000000000e+00  0.000000000000000e+00  0.000000000000000e+00  0.000000000000000e+00  0.000000000000000e+00  0.000000000000000e+00  0.000000000000000e+00  0.000000000000000e+00  0.000000000000000e+00  0.000000000000000e+00  0.000000000000000e+00  0.000000000000000e+00  0.000000000000000e+00  0.000000000000000e+00  0.000000000000000e+00  0.000000000000000e+00  0.000000000000000e+00  0.000000000000000e+00  0.000000000000000e+00  0.000000000000000e+00  0.000000000000000e+00  0.000000000000000e+00  0.000000000000000e+00  0.000000000000000e+00  0.000000000000000e+00  0.000000000000000e+00  0.000000000000000e+00  0.000000000000000e+00  0.000000000000000e+00  0.000000000000000e+00  0.000000000000000e+00  0.000000000000000e+00  0.000000000000000e+00  0.000000000000000e+00  0.000000000000000e+00  0.000000000000000e+00  0.000000000000000e+00  0.000000000000000e+00  0.000000000000000e+00  0.000000000000000e+00  0.000000000000000e+00  0.000000000000000e+00
  4.000000000000000e-02  0.000000000000000e+00  0.000000000000000e+00  0.000000000000000e+00  0.000000000000000e+00  0.000000000000000e+00  0.000000000000000e+00  0.000000000000000e+00  0.000000000000000e+00  0.000000000000000e+00  0.000000000000000e+00  0.000000000000000e+00  0.000000000000000e+00  0.000000000000000e+00  0.000000000000000e+00  0.000000000000000e+00  0.000000000000000e+00  0.000000000000000e+00  0.000000000000000e+00  0.000000000000000e+00  0.000000000000000e+00  0.000000000000000e+00  0.000000000000000e+00  0.000000000000000e+00  0.000000000000000e+00  0.000000000000000e+00  0.000000000000000e+00  0.000000000000000e+00  0.000000000000000e+00  0.000000000000000e+00  0.000000000000000e+00  0.000000000000000e+00  0.000000000000000e+00  0.000000000000000e+00  0.000000000000000e+00  0.000000000000000e+00  0.000000000000000e+00  0.000000000000000e+00  0.000000000000000e+00  0.000000000000000e+00  0.000000000000000e+00  0.000000000000000e+00  0.000000000000000e+00  0.000000000000000e+00  0.000000000000000e+00  0.000000000000000e+00  0.000000000000000e+00  0.000000000000000e+00  0.000000000000000e+00  0.000000000000000e+00  0.000000000000000e+00  0.000000000000000e+00  0.000000000000000e+00  0.000000000000000e+00  0.000000000000000e+00  0.000000000000000e+00  0.000000000000000e+00  0.000000000000000e+00  0.000000000000000e+00  0.000000000000000e+00  0.000000000000000e+00  0.000000000000000e+00  0.000000000000000e+00  0.000000000000000e+00  0.000000000000000e+00  0.000000000000000e+00  0.000000000000000e+00  0.000000000000000e+00  0.000000000000000e+00  0.000000000000000e+00  0.000000000000000e+00  0.000000000000000e+00  0.000000000000000e+00
  4.500000000000000e-02  0.000000000000000e+00  0.000000000000000e+00  0.000000000000000e+00  0.000000000000000e+00  0.000000000000000e+00  0.000000000000000e+00  0.000000000000000e+00  0.000000000000000e+00  0.000000000000000e+00  0.000000000000000e+00  0.000000000000000e+00  0.000000000000000e+00  0.000000000000000e+00  0.000000000000000e+00  0.000000000000000e+00  0.000000000000000e+00  0.000000000000000e+00  0.000000000000000e+00  0.000000000000000e+00  0.000000000000000e+00  0.000000000000000e+00  0.000000000000000e+00  0.000000000000000e+00  0.000000000000000e+00  0.000000000000000e+00  0.000000000000000e+00  0.000000000000000e+00  0.000000000000000e+00  0.000000000000000e+00  0.000000000000000e+00  0.000000000000000e+00  0.000000000000000e+00  0.000000000000000e+00  0.000000000000000e+00  0.000000000000000e+00  0.000000000000000e+00  0.000000000000000e+00  0.000000000000000e+00  0.000000000000000e+00  0.000000000000000e+00  0.000000000000000e+00  0.000000000000000e+00  0.000000000000000e+00  0.000000000000000e+00  0.000000000000000e+00  0.000000000000000e+00  0.000000000000000e+00  0.000000000000000e+00  0.000000000000000e+00  0.000000000000000e+00  0.000000000000000e+00  0.000000000000000e+00  0.000000000000000e+00  0.000000000000000e+00  0.000000000000000e+00  0.000000000000000e+00  0.000000000000000e+00  0.000000000000000e+00  0.000000000000000e+00  0.000000000000000e+00  0.000000000000000e+00  0.000000000000000e+00  0.000000000000000e+00  0.000000000000000e+00  0.000000000000000e+00  0.000000000000000e+00  0.000000000000000e+00  0.000000000000000e+00  0.000000000000000e+00  0.000000000000000e+00  0.000000000000000e+00  0.000000000000000e+00
  5.000000000000000e-02  0.000000000000000e+00  0.000000000000000e+00  0.000000000000000e+00  0.000000000000000e+00  0.000000000000000e+00  0.000000000000000e+00  0.000000000000000e+00  0.000000000000000e+00  0.000000000000000e+00  0.000000000000000e+00  0.000000000000000e+00  0.000000000000000e+00  0.000000000000000e+00  0.000000000000000e+00  0.000000000000000e+00  0.000000000000000e+00  0.000000000000000e+00  0.000000000000000e+00  0.000000000000000e+00  0.000000000000000e+00  0.000000000000000e+00  0.000000000000000e+00  0.000000000000000e+00  0.000000000000000e+00  0.000000000000000e+00  0.000000000000000e+00  0.000000000000000e+00  0.000000000000000e+00  0.000000000000000e+00  0.000000000000000e+00  0.000000000000000e+00  0.000000000000000e+00  0.000000000000000e+00  0.000000000000000e+00  0.000000000000000e+00  0.000000000000000e+00  0.000000000000000e+00  0.000000000000000e+00  0.000000000000000e+00  0.000000000000000e+00  0.000000000000000e+00  0.000000000000000e+00  0.000000000000000e+00  0.000000000000000e+00  0.000000000000000e+00  0.000000000000000e+00  0.000000000000000e+00  0.000000000000000e+00  0.000000000000000e+00  0.000000000000000e+00  0.000000000000000e+00  0.000000000000000e+00  0.000000000000000e+00  0.000000000000000e+00  0.000000000000000e+00  0.000000000000000e+00  0.000000000000000e+00  0.000000000000000e+00  0.000000000000000e+00  0.000000000000000e+00  0.000000000000000e+00  0.000000000000000e+00  0.000000000000000e+00  0.000000000000000e+00  0.000000000000000e+00  0.000000000000000e+00  0.000000000000000e+00  0.000000000000000e+00  0.000000000000000e+00  0.000000000000000e+00  0.000000000000000e+00  0.000000000000000e+00
  5.499999999999999e-02  0.000000000000000e+00  0.000000000000000e+00  0.000000000000000e+00  0.000000000000000e+00  0.000000000000000e+00  0.000000000000000e+00  0.000000000000000e+00  0.000000000000000e+00  0.000000000000000e+00  0.000000000000000e+00  0.000000000000000e+00  0.000000000000000e+00  0.000000000000000e+00  0.000000000000000e+00  0.000000000000000e+00  0.000000000000000e+00  0.000000000000000e+00  0.000000000000000e+00  0.000000000000000e+00  0.000000000000000e+00  0.000000000000000e+00  0.000000000000000e+00  0.000000000000000e+00  0.000000000000000e+00  0.000000000000000e+00  0.000000000000000e+00  0.000000000000000e+00  0.000000000000000e+00  0.000000000000000e+00  0.000000000000000e+00  0.000000000000000e+00  0.000000000000000e+00  0.000000000000000e+00  0.000000000000000e+00  0.000000000000000e+00  0.000000000000000e+00  0.000000000000000e+00  0.000000000000000e+00  0.000000000000000e+00  0.000000000000000e+00  0.000000000000000e+00  0.000000000000000e+00  0.000000000000000e+00  0.000000000000000e+00  0.000000000000000e+00  0.000000000000000e+00  0.000000000000000e+00  0.000000000000000e+00  0.000000000000000e+00  0.000000000000000e+00  0.000000000000000e+00  0.000000000000000e+00  0.000000000000000e+00  0.000000000000000e+00  0.000000000000000e+00  0.000000000000000e+00  0.000000000000000e+00  0.000000000000000e+00  0.000000000000000e+00  0.000000000000000e+00  0.000000000000000e+00  0.000000000000000e+00  0.000000000000000e+00  0.000000000000000e+00  0.000000000000000e+00  0.000000000000000e+00  0.000000000000000e+00  0.000000000000000e+00  0.000000000000000e+00  0.000000000000000e+00  0.000000000000000e+00  0.000000000000000e+00
  5.999999999999999e-02  0.000000000000000e+00  0.000000000000000e+00  0.000000000000000e+00  0.000000000000000e+00  0.000000000000000e+00  0.000000000000000e+00  0.000000000000000e+00  0.000000000000000e+00  0.000000000000000e+00  0.000000000000000e+00  0.000000000000000e+00  0.000000000000000e+00  0.000000000000000e+00  0.000000000000000e+00  0.000000000000000e+00  0.000000000000000e+00  0.000000000000000e+00  0.000000000000000e+00  0.000000000000000e+00  0.000000000000000e+00  0.000000000000000e+00  0.000000000000000e+00  0.000000000000000e+00  0.000000000000000e+00  0.000000000000000e+00  0.000000000000000e+00  0.000000000000000e+00  0.000000000000000e+00  0.000000000000000e+00  0.000000000000000e+00  0.000000000000000e+00  0.000000000000000e+00  0.000000000000000e+00  0.000000000000000e+00  0.000000000000000e+00  0.000000000000000e+00  0.000000000000000e+00  0.000000000000000e+00  0.000000000000000e+00  0.000000000000000e+00  0.000000000000000e+00  0.000000000000000e+00  0.000000000000000e+00  0.000000000000000e+00  0.000000000000000e+00  0.000000000000000e+00  0.000000000000000e+00  0.000000000000000e+00  0.000000000000000e+00  0.000000000000000e+00  0.000000000000000e+00  0.000000000000000e+00  0.000000000000000e+00  0.000000000000000e+00  0.000000000000000e+00  0.000000000000000e+00  0.000000000000000e+00  0.000000000000000e+00  0.000000000000000e+00  0.000000000000000e+00  0.000000000000000e+00  0.000000000000000e+00  0.000000000000000e+00  0.000000000000000e+00  0.000000000000000e+00  0.000000000000000e+00  0.000000000000000e+00  0.000000000000000e+00  0.000000000000000e+00  0.000000000000000e+00  0.000000000000000e+00  0.000000000000000e+00
  6.499999999999999e-02  0.000000000000000e+00  0.000000000000000e+00  0.000000000000000e+00  0.000000000000000e+00  0.000000000000000e+00  0.000000000000000e+00  0.000000000000000e+00  0.000000000000000e+00  0.000000000000000e+00  0.000000000000000e+00  0.000000000000000e+00  0.000000000000000e+00  0.000000000000000e+00  0.000000000000000e+00  0.000000000000000e+00  0.000000000000000e+00  0.000000000000000e+00  0.000000000000000e+00  0.000000000000000e+00  0.000000000000000e+00  0.000000000000000e+00  0.000000000000000e+00  0.000000000000000e+00  0.000000000000000e+00  0.000000000000000e+00  0.000000000000000e+00  0.000000000000000e+00  0.000000000000000e+00  0.000000000000000e+00  0.000000000000000e+00  0.000000000000000e+00  0.000000000000000e+00  0.000000000000000e+00  0.000000000000000e+00  0.000000000000000e+00  0.000000000000000e+00  0.000000000000000e+00  0.000000000000000e+00  0.000000000000000e+00  0.000000000000000e+00  0.000000000000000e+00  0.000000000000000e+00  0.000000000000000e+00  0.000000000000000e+00  0.000000000000000e+00  0.000000000000000e+00  0.000000000000000e+00  0.000000000000000e+00  0.000000000000000e+00  0.000000000000000e+00  0.000000000000000e+00  0.000000000000000e+00  0.000000000000000e+00  0.000000000000000e+00  0.000000000000000e+00  0.000000000000000e+00  0.000000000000000e+00  0.000000000000000e+00  0.000000000000000e+00  0.000000000000000e+00  0.000000000000000e+00  0.000000000000000e+00  0.000000000000000e+00  0.000000000000000e+00  0.000000000000000e+00  0.000000000000000e+00  0.000000000000000e+00  0.000000000000000e+00  0.000000000000000e+00  0.000000000000000e+00  0.000000000000000e+00  0.000000000000000e+00
  6.999999999999999e-02  0.000000000000000e+00  0.000000000000000e+00  0.000000000000000e+00  0.000000000000000e+00  0.000000000000000e+00  0.000000000000000e+00  0.000000000000000e+00  0.000000000000000e+00  0.000000000000000e+00  0.000000000000000e+00  0.000000000000000e+00  0.000000000000000e+00  0.000000000000000e+00  0.000000000000000e+00  0.000000000000000e+00  0.000000000000000e+00  0.000000000000000e+00  0.000000000000000e+00  0.000000000000000e+00  0.000000000000000e+00  0.000000000000000e+00  0.000000000000000e+00  0.000000000000000e+00  0.000000000000000e+00  0.000000000000000e+00  0.000000000000000e+00  0.000000000000000e+00  0.000000000000000e+00  0.000000000000000e+00  0.000000000000000e+00  0.000000000000000e+00  0.000000000000000e+00  0.000000000000000e+00  0.000000000000000e+00  0.000000000000000e+00  0.000000000000000e+00  0.000000000000000e+00  0.000000000000000e+00  0.000000000000000e+00  0.000000000000000e+00  0.000000000000000e+00  0.000000000000000e+00  0.000000000000000e+00  0.000000000000000e+00  0.000000000000000e+00  0.000000000000000e+00  0.000000000000000e+00  0.000000000000000e+00  0.000000000000000e+00  0.000000000000000e+00  0.000000000000000e+00  0.000000000000000e+00  0.000000000000000e+00  0.000000000000000e+00  0.000000000000000e+00  0.000000000000000e+00  0.000000000000000e+00  0.000000000000000e+00  0.000000000000000e+00  0.000000000000000e+00  0.000000000000000e+00  0.000000000000000e+00  0.000000000000000e+00  0.000000000000000e+00  0.000000000000000e+00  0.000000000000000e+00  0.000000000000000e+00  0.000000000000000e+00  0.000000000000000e+00  0.000000000000000e+00  0.000000000000000e+00  0.000000000000000e+00
  7.500000000000000e-02  0.000000000000000e+00  0.000000000000000e+00  0.000000000000000e+00  0.000000000000000e+00  0.000000000000000e+00  0.000000000000000e+00  0.000000000000000e+00  0.000000000000000e+00  0.000000000000000e+00  0.000000000000000e+00  0.000000000000000e+00  0.000000000000000e+00  0.000000000000000e+00  0.000000000000000e+00  0.000000000000000e+00  0.000000000000000e+00  0.000000000000000e+00  0.000000000000000e+00  4.718087640327140e-02  4.140138162165744e-02  4.623531001858255e-02  1.468953628746605e-02  1.239567368479579e-02  1.343309818732410e-02  -4.494440764051628e-09  -3.460334991075358e-09  -4.061259572815787e-09  0.000000000000000e+00  0.000000000000000e+00  0.000000000000000e+00  0.000000000000000e+00  0.000000000000000e+00  0.000000000000000e+00  0.000000000000000e+00  0.000000000000000e+00  0.000000000000000e+00  0.000000000000000e+00  0.000000000000000e+00  0.000000000000000e+00  0.000000000000000e+00  0.000000000000000e+00  0.000000000000000e+00  0.000000000000000e+00  0.000000000000000e+00  0.000000000000000e+00  0.000000000000000e+00  0.000000000000000e+00  0.000000000000000e+00  0.000000000000000e+00  0.000000000000000e+00  0.000000000000000e+00  0.000000000000000e+00  0.000000000000000e+00  0.000000000000000e+00  0.000000000000000e+00  0.000000000000000e+00  0.000000000000000e+00  0.000000000000000e+00  0.000000000000000e+00  0.000000000000000e+00  0.000000000000000e+00  0.000000000000000e+00  0.000000000000000e+00  0.000000000000000e+00  0.000000000000000e+00  0.000000000000000e+00  0.000000000000000e+00  0.000000000000000e+00  0.000000000000000e+00  0.000000000000000e+00  0.000000000000000e+00  0.000000000000000e+00
  8.000000000000000e-02  0.000000000000000e+00  0.000000000000000e+00  0.000000000000000e+00  0.000000000000000e+00  0.000000000000000e+00  0.000000000000000e+00  0.000000000000000e+00  0.000000000000000e+00  0.000000000000000e+00  -1.896202557347923e-02  -2.535025584185177e-02  -2.783923652561814e-02  -2.803863395099645e-03  -9.782340245538262e-03  -4.503576093319892e-03  9.234136620379114e-10  2.244127016209102e-09  2.734974218609009e-09  2.186215481577290e-01  1.909905150336723e-01  2.063736631482827e-01  7.045304580056959e-02  5.690162571648873e-02  6.354554497132256e-02  -2.215503432561915e-08  -1.702713739113063e-08  -2.141060797987972e-08  0.000000000000000e+00  0.000000000000000e+00  0.000000000000000e+00  0.000000000000000e+00  0.000000000000000e+00  0.000000000000000e+00  0.000000000000000e+00  0.000000000000000e+00  0.000000000000000e+00  0.000000000000000e+00  0.000000000000000e+00  0.000000000000000e+00  0.000000000000000e+00  0.000000000000000e+00  0.000000000000000e+00  0.000000000000000e+00  0.000000000000000e+00  0.000000000000000e+00  0.000000000000000e+00  0.000000000000000e+00  0.000000000000000e+00  0.000000000000000e+00  0.000000000000000e+00  0.000000000000000e+00  0.000000000000000e+00  0.000000000000000e+00  0.000000000000000e+00  0.000000000000000e+00  0.000000000000000e+00  0.000000000000000e+00  0.000000000000000e+00  0.000000000000000e+00  0.000000000000000e+00  0.000000000000000e+00  0.000000000000000e+00  0.000000000000000e+00  0.000000000000000e+00  0.000000000000000e+00  0.000000000000000e+00  0.000000000000000e+00  0.000000000000000e+00  0.000000000000000e+00  0.000000000000000e+00  0.000000000000000e+00  0.000000000000000e+00
  8.500000000000001e-02  0.000000000000000e+00  0.000000000000000e+00  0.000000000000000e+00  0.000000000000000e+00  0.000000000000000e+00  0.000000000000000e+00  0.000000000000000e+00  0.000000000000000e+00  0.000000000000000e+00  -1.504268957525223e-02  -2.117518128481214e-02  -1.845416065255116e-02  -3.301602315854320e-03  -7.882514856517635e-03  -4.334306150610181e-03  9.431184880025727e-10  1.980822457026588e-09  1.843448978011174e-09  1.969985618634409e-01  1.668514954109615e-01  1.611728195817167e-01  7.002400533783822e-02  4.736911483184628e-02  5.289636331458870e-02  -2.096976782964313e-08  -1.566516890513267e-08  -1.706946259617182e-08  0.000000000000000e+00  0.000000000000000e+00  0.000000000000000e+00  0.000000000000000e+00  0.000000000000000e+00  0.000000000000000e+00  0.000000000000000e+00  0.000000000000000e+00  0.000000000000000e+00  0.000000000000000e+00  0.000000000000000e+00  0.000000000000000e+00  0.000000000000000e+00  0.000000000000000e+00  0.000000000000000e+00  0.000000000000000e+00  0.000000000000000e+00  0.000000000000000e+00  0.000000000000000e+00  0.000000000000000e+00  0.000000000000000e+00  0.000000000000000e+00  0.000000000000000e+00  0.000000000000000e+00  0.000000000000000e+00  0.000000000000000e+00  0.000000000000000e+00  0.000000000000000e+00  0.000000000000000e+00  0.000000000000000e+00  0.000000000000000e+00  0.000000000000000e+00  0.000000000000000e+00  0.000000000000000e+00  0.000000000000000e+00  0.000000000000000e+00  0.000000000000000e+00  0.000000000000000e+00  0.000000000000000e+00  0.000000000000000e+00  0.000000000000000e+00  0.000000000000000e+00  0.000000000000000e+00  0.000000000000000e+00  0.000000000000000e+00
  9.000000000000001e-02  -3.294207248801675e-04  -2.803354008146868e-04  -3.369336015267170e-04  -9.713478868686238e-05  -9.417514644937938e-05  -9.609432673007400e-05  3.072920118400897e-11  2.304916949854528e-11  3.093312899611360e-11  -3.993504648759396e-02  -5.956799016725928e-02  -5.152260421990009e-02  -8.322897452002416e-03  -2.301309781987436e-02  -9.781906757585735e-03  3.276297506595193e-09  7.327745908867071e-09  9.812516575424441e-09  8.260399456675167e-01  7.060673823095301e-01  7.073585397765039e-01  2.869094974103764e-01  2.029646195476860e-01  2.296718941719143e-01  -8.797404510523614e-08  -6.617733743483563e-08  -7.714301355116492e-08  1.489507860162562e-04  1.343643688500548e-04  1.466611783736269e-04  4.576579059431527e-05  3.941442538811778e-05  4.141240196667863e-05  -1.393719402542136e-11  -1.130729815585764e-11  -1.277539039715202e-11  4.783715108964235e-04  4.146997696647414e-04  4.835947799003440e-04  1.429005792811777e-04  1.335895718374971e-04  1.375067286967526e-04  -4.466639520943032e-11  -3.435646765440293e-11  -4.370851939326563e-11  3.294207248801676e-04  2.803354008146869e-04  3.369336015267169e-04  9.713478868686246e-05  9.417514644937938e-05  9.609432673007399e-05  -3.072920118400897e-11  -2.304916949854529e-11  -3.093312899611361e-11  -1.489507860162561e-04  -1.343643688500547e-04  -1.466611783736267e-04  -4.576579059431522e-05  -3.941442538811773e-05  -4.141240196667859e-05  1.393719402542134e-11  1.130729815585763e-11  1.277539039715201e-11  -4.783715108964235e-04  -4.146997696647413e-04  -4.835947799003437e-04  -1.429005792811777e-04  -1.335895718374971e-04  -1.375067286967526e-04  4.466639520943032e-11  3.435646765440292e-11  4.370851939326564e-11
  9.500000000000001e-02  -1.408353518849860e-03  -1.242957189601142e-03  -1.406065550359398e-03  -4.165284162149372e-04  -4.457178808185804e-04  -4.221338865685927e-04  1.407251697281431e-10  1.172472238432944e-10  1.767393680807001e-10  -3.994943143685484e-01  -5.548114545974442e-01  -5.713636077250686e-01  -6.538215114744600e-02  -2.130525558094427e-01  -9.563874496627399e-02  2.321262652196320e-08  5.580243062481252e-08  7.208896392116046e-08  2.468147186524504e+00  2.116142766508784e+00  2.123811945239767e+00  8.564362013241495e-01  6.094455408963263e-01  7.045469089524280e-01  -2.678730484547164e-07  -2.023220500776099e-07  -2.476735884543004e-07  5.001054414563968e-04  3.738705262513005e-04  3.745376797144335e-04  1.898584250258614e-04  9.249801390153366e-05  1.524111993168374e-04  -6.039558313768071e-11  -3.585016427149115e-11  -4.683884626205862e-11  1.908458960306257e-03  1.616827715852443e-03  1.780603230073832e-03  6.063868412407986e-04  5.382158947201138e-04  5.745450858854299e-04  -2.011207528658237e-10  -1.530973881147855e-10  -2.235782143427588e-10  1.408353518849861e-03  1.242957189601143e-03  1.406065550359398e-03  4.165284162149376e-04  4.457178808185806e-04  4.221338865685929e-04  -1.407251697281431e-10  -1.172472238432944e-10  -1.767393680807002e-10  -5.001054414563960e-04  -3.738705262512997e-04  -3.745376797144325e-04  -1.898584250258612e-04  -9.249801390153348e-05  -1.524111993168372e-04  6.039558313768064e-11  3.585016427149110e-11  4.683884626205855e-11  -1.908458960306256e-03  -1.616827715852442e-03  -1.780603230073830e-03  -6.063868412407983e-04  -5.382158947201137e-04  -5.745450858854299e-04  2.011207528658236e-10  1.530973881147855e-10  2.235782143427587e-10
  1.000000000000000e-01  -1.329762787906224e-03  -1.127281418155799e-03  -1.009147970238406e-03  -4.708855796753453e-04  -3.730905035805033e-04  -3.738797183932589e-04  1.469487516960757e-10  1.148545764066670e-10  1.402211327125022e-10  -3.193137651006390e-01  -4.722835672201814e-01  -3.730168843699477e-01  -7.673873746584257e-02  -1.759475227129551e-01  -9.295733356303344e-02  2.400262420193201e-08  5.146278056429907e-08  5.548027392830585e-08  2.210927178090221e+00  1.833825996054105e+00  1.590956191792553e+00  8.517244606945706e-01  4.968189727216898e-01  5.723935070295584e-01  -2.534172956584452e-07  -1.874073764613173e-07  -1.987410306929133e-07  4.915091744334591e-04  3.586874138777653e-04  3.331922261735292e-04  1.901193599021066e-04  8.304482822552190e-05  1.196422258536698e-04  -5.812209497210508e-11  -3.607555779562582e-11  -4.305569645749546e-11  1.821271962339683e-03  1.485968832033565e-03  1.342340196411936e-03  6.610049395774521e-04  4.561353318060252e-04  4.935219442469284e-04  -2.050708466681807e-10  -1.509301342022928e-10  -1.832768291699978e-10  1.329762787906224e-03  1.127281418155800e-03  1.009147970238407e-03  4.708855796753455e-04  3.730905035805037e-04  3.738797183932589e-04  -1.469487516960756e-10  -1.148545764066670e-10  -1.402211327125023e-10  -4.915091744334586e-04  -3.586874138777646e-04  -3.331922261735286e-04  -1.901193599021064e-04  -8.304482822552175e-05  -1.196422258536697e-04  5.812209497210502e-11  3.607555779562577e-11  4.305569645749542e-11  -1.821271962339682e-03  -1.485968832033563e-03  -1.342340196411934e-03  -6.610049395774515e-04  -4.561353318060249e-04  -4.935219442469284e-04  2.050708466681806e-10  1.509301342022927e-10  1.832768291699977e-10
  1.050000000000000e-01  -5.464746028087202e-03  -4.431818606416647e-03  -4.344589345093692e-03  -1.899106540878606e-03  -1.528983984221973e-03  -1.579689286678376e-03  6.313283741942773e-10  4.837596438602115e-10  7.118991629341974e-10  -6.933987112045669e-01  -1.101651193269265e+00  -8.922376729028980e-01  -1.506457067491239e-01  -4.190106199923781e-01  -1.716466925089967e-01  6.265619403566069e-08  1.447462923583038e-07  1.939191040092860e-07  5.838928772129877e+00  4.876726341634931e+00  4.383702025111455e+00  2.215454774545451e+00  1.329014439629257e+00  1.566078706604493e+00  -6.739382129587913e-07  -4.986094715957453e-07  -5.582303941268987e-07  2.600563143363953e-03  2.089774934762471e-03  2.119823356033142e-03  9.254417352421492e-04  5.542150210108680e-04  7.140666809187585e-04  -2.811160488575488e-10  -1.813000883387853e-10  -2.005037367661845e-10  8.065309171451155e-03  6.521593541179116e-03  6.464412701126836e-03  2.824548276120755e-03  2.083199005232841e-03  2.293755967597134e-03  -9.124444230518256e-10  -6.650597321989969e-10  -9.124028997003819e-10  5.464746028087204e-03  4.431818606416647e-03  4.344589345093693e-03  1.899106540878607e-03  1.528983984221973e-03  1.579689286678376e-03  -6.313283741942773e-10  -4.837596438602117e-10  -7.118991629341976e-10  -2.600563143363953e-03  -2.089774934762471e-03  -2.119823356033141e-03  -9.254417352421488e-04  -5.542150210108678e-04  -7.140666809187583e-04  2.811160488575487e-10  1.813000883387852e-10  2.005037367661844e-10  -8.065309171451153e-03  -6.521593541179110e-03  -6.464412701126833e-03  -2.824548276120757e-03  -2.083199005232841e-03  -2.293755967597133e-03  9.124444230518254e-10  6.650597321989965e-10  9.124028997003813e-10
  1.100000000000000e-01  -1.982542360489368e-02  -1.786909159848498e-02  -1.830088304848579e-02  -6.086845455972377e-03  -6.594985621371425e-03  -5.742458307619759e-03  2.125816535356277e-09  1.944326786658362e-09  2.979966454491335e-09  -3.012724007868341e+00  -4.465965719886828e+00  -4.161908820332421e+00  -5.671510839208969e-01  -1.691720926283018e+00  -7.523210031445007e-01  2.183556017327323e-07  5.154787116859263e-07  6.809719137865317e-07  1.331327357388104e+01  1.115468934561909e+01  1.015392606058764e+01  5.018090739635244e+00  3.042593285434604e+00  3.679820281231252e+00  -1.547126111735398e-06  -1.145710312947068e-06  -1.323445300694043e-06  4.633049204614354e-03  1.995955143912043e-03  1.352154131100275e-03  2.415202600045921e-03  1.874486767800115e-05  1.527675687507539e-03  -7.398982004052377e-10  -1.924813711082570e-10  -1.977888300160524e-10  2.445847280950802e-02  1.986504674239700e-02  1.965303717958605e-02  8.502048056018285e-03  6.613730489049419e-03  7.270133995127290e-03  -2.865714735761513e-09  -2.136808157766617e-09  -3.177755284507385e-09  1.982542360489366e-02  1.786909159848498e-02  1.830088304848580e-02  6.086845455972370e-03  6.594985621371424e-03  5.742458307619760e-03  -2.125816535356276e-09  -1.944326786658361e-09  -2.979966454491337e-09  -4.633049204614353e-03  -1.995955143912037e-03  -1.352154131100272e-03  -2.415202600045920e-03  -1.874486767800050e-05  -1.527675687507538e-03  7.398982004052376e-10  1.924813711082571e-10  1.977888300160515e-10  -2.445847280950802e-02  -1.986504674239700e-02  -1.965303717958607e-02  -8.502048056018289e-03  -6.613730489049414e-03  -7.270133995127295e-03  2.865714735761513e-09  2.136808157766618e-09  3.177755284507386e-09
  1.150000000000000e-01  -1.835919209294970e-02  -1.574991941383222e-02  -1.111358730667311e-02  -7.089821151574268e-03  -5.291342688621023e-03  -5.106718365406664e-03  2.257107420032475e-09  1.902291087288034e-09  2.404232811124642e-09  -2.299264008940269e+00  -3.749001025823880e+00  -2.439780817709567e+00  -6.487842881620857e-01  -1.379161347276507e+00  -7.110990656518071e-01  2.215435343888348e-07  4.818850687572212e-07  5.546370007219597e-07  1.187543939778944e+01  9.598048432990760e+00  7.199665258947810e+00  4.993018463900253e+00  2.403077720864076e+00  2.889894924792127e+00  -1.463005800711100e-06  -1.067902080502594e-06  -1.060486872256984e-06  4.684276084858620e-03  2.036840897032740e-03  1.750400987445221e-03  2.259973566370223e-03  3.867462538782238e-05  9.417632731073001e-04  -6.702141451157912e-10  -2.026793718667838e-10  -2.245061670396492e-10  2.304346817780831e-02  1.778676031086493e-02  1.286398829411833e-02  9.349794717944483e-03  5.330017314008837e-03  6.048481638513961e-03  -2.927321565148264e-09  -2.104970459154817e-09  -2.628738978164290e-09  1.835919209294968e-02  1.574991941383222e-02  1.111358730667311e-02  7.089821151574263e-03  5.291342688621021e-03  5.106718365406665e-03  -2.257107420032473e-09  -1.902291087288033e-09  -2.404232811124644e-09  -4.684276084858622e-03  -2.036840897032736e-03  -1.750400987445223e-03  -2.259973566370222e-03  -3.867462538782216e-05  -9.417632731073014e-04  6.702141451157914e-10  2.026793718667840e-10  2.245061670396487e-10  -2.304346817780830e-02  -1.778676031086494e-02  -1.286398829411834e-02  -9.349794717944483e-03  -5.330017314008834e-03  -6.048481638513964e-03  2.927321565148264e-09  2.104970459154817e-09  2.628738978164290e-09
  1.200000000000000e-01  -4.659299565967846e-02  -3.904647758307618e-02  -2.964682538623127e-02  -1.788223112746625e-02  -1.362549970271312e-02  -1.259584424544723e-02  6.252173661888434e-09  5.450620484257888e-09  8.280164617279944e-09  -4.665248339785766e+00  -7.947005781180916e+00  -5.805866496910991e+00  -1.145649800347955e+00  -2.932237009422961e+00  -1.268033536744249e+00  4.959699271916601e-07  1.113276037554057e-06  1.445778462078378e-06  2.465049936706334e+01  2.004416726760232e+01  1.568972567051973e+01  1.023773680438506e+01  5.029427423847444e+00  6.232762308583029e+00  -3.052072316661110e-06  -2.219709340275149e-06  -2.285622072037529e-06  1.545453887793296e-02  7.797416029362301e-03  6.899587354852933e-03  7.094695745555051e-03  8.548726989541468e-04  4.354310213220886e-03  -1.943597850301899e-09  -3.848466775604340e-10  1.020850737773665e-10  6.204753453761144e-02  4.684389361243842e-02  3.654641274108419e-02  2.497692687302131e-02  1.448037240166729e-02  1.695015445866814e-02  -8.195771512190335e-09  -5.835467161818320e-09  -8.178079543502587e-09  4.659299565967844e-02  3.904647758307613e-02  2.964682538623129e-02  1.788223112746626e-02  1.362549970271312e-02  1.259584424544724e-02  -6.252173661888432e-09  -5.450620484257887e-09  -8.280164617279944e-09  -1.545453887793295e-02  -7.797416029362298e-03  -6.899587354852927e-03  -7.094695745555049e-03  -8.548726989541496e-04  -4.354310213220890e-03  1.943597850301900e-09  3.848466775604336e-10  -1.020850737773661e-10  -6.204753453761142e-02  -4.684389361243841e-02  -3.654641274108421e-02  -2.497692687302129e-02  -1.448037240166728e-02  -1.695015445866812e-02  8.195771512190330e-09  5.835467161818320e-09  8.178079543502589e-09
  1.250000000000000e-01  -4.330476893468938e-02  -3.383670547057255e-02  -1.035366699754185e-02  -2.068608314998312e-02  -1.034969965928863e-02  -1.091906076312418e-02  6.682179015186244e-09  5.447880036095629e-09  7.036497004710371e-09  -3.009530689062593e+00  -6.259898438515211e+00  -1.887818134747097e+00  -1.304130219428334e+00  -2.221140311118053e+00  -1.170562706986340e+00  5.052189354635708e-07  1.036747919925807e-06  1.187258838585915e-06  2.185954482607698e+01  1.703702832511473e+01  9.993938571540763e+00  1.018780300747676e+01  3.750087828428595e+00  4.598730465119682e+00  -2.883153607958385e-06  -2.072604048458948e-06  -1.783629539471547e-06  1.564995461412624e-02  7.997572899425539e-03  8.541373718455945e-03  6.662955714103789e-03  7.486594056702089e-04  2.624450148878810e-03  -1.728969736151718e-09  -3.706265340393187e-10  1.187146095106425e-10  5.895472354881563e-02  4.183427836999805e-02  1.889504071599775e-02  2.734903886408691e-02  1.109835906495887e-02  1.354351091200302e-02  -8.411148751337958e-09  -5.818506570134944e-09  -6.917782395199736e-09  4.330476893468937e-02  3.383670547057251e-02  1.035366699754187e-02  2.068608314998312e-02  1.034969965928863e-02  1.091906076312419e-02  -6.682179015186239e-09  -5.447880036095628e-09  -7.036497004710371e-09  -1.564995461412625e-02  -7.997572899425542e-03  -8.541373718455949e-03  -6.662955714103787e-03  -7.486594056702151e-04  -2.624450148878817e-03  1.728969736151718e-09  3.706265340393191e-10  -1.187146095106413e-10  -5.895472354881561e-02  -4.183427836999804e-02  -1.889504071599778e-02  -2.734903886408689e-02  -1.109835906495887e-02  -1.354351091200300e-02  8.411148751337957e-09  5.818506570134946e-09  6.917782395199741e-09
  1.300000000000000e-01  -1.229761514993269e-01  -1.065503944557929e-01  -4.792100190513535e-02  -5.420322292067431e-02  -3.524465259257550e-02  -3.356655359306029e-02  1.769096154736686e-08  1.601126518574492e-08  2.085670372077605e-08  -9.938484129915977e+00  -1.796266214358574e+01  -9.435335278284789e+00  -3.341863612212716e+00  -6.298991782048417e+00  -3.367733533845786e+00  1.228701964176889e-06  2.585498193355597e-06  2.970314666619627e-06  4.177074328909494e+01  3.270460479337122e+01  1.999483582709769e+01  1.926784689862540e+01  7.187135262871575e+00  9.185164041998606e+00  -5.488804504930230e-06  -3.944252503353976e-06  -3.465342070508439e-06  1.802415881513477e-02  -6.535290470561821e-03  -2.897991654782660e-03  1.142781921973978e-02  -7.581691833399538e-03  1.194758378984810e-03  -2.846770752454723e-09  1.663996183919787e-09  2.984089882441761e-09  1.410003103144618e-01  1.000151039852310e-01  4.502301025035281e-02  6.563104214041415e-02  2.766296075917600e-02  3.476131197204516e-02  -2.053773229982159e-08  -1.434726900182514e-08  -1.787261383833431e-08  1.229761514993269e-01  1.065503944557930e-01  4.792100190513539e-02  5.420322292067430e-02  3.524465259257552e-02  3.356655359306032e-02  -1.769096154736686e-08  -1.601126518574492e-08  -2.085670372077607e-08  -1.802415881513477e-02  6.535290470561826e-03  2.897991654782672e-03  -1.142781921973978e-02  7.581691833399535e-03  -1.194758378984813e-03  2.846770752454722e-09  -1.663996183919793e-09  -2.984089882441766e-09  -1.410003103144617e-01  -1.000151039852311e-01  -4.502301025035276e-02  -6.563104214041413e-02  -2.766296075917599e-02  -3.476131197204509e-02  2.053773229982159e-08  1.434726900182514e-08  1.787261383833430e-08
  1.350000000000000e-01  -2.556281542087787e-01  -2.245066638832538e-01  -1.253533162673205e-01  -1.083925325287551e-01  -7.669674427473867e-02  -6.377782590544639e-02  3.939691951899345e-08  3.791687854644716e-08  5.691085208796165e-08  -1.890228065943084e+01  -3.462858940811738e+01  -2.228512004743449e+01  -5.503796550525367e+00  -1.210617691033848e+01  -5.900328771063161e+00  2.447390024788128e-06  5.101717691565937e-06  6.254628855116826e-06  7.415677251015458e+01  5.837082610271346e+01  3.773581635668738e+01  3.385169566991249e+01  1.283414724980860e+01  1.705209097599519e+01  -9.743045479736242e-06  -6.952194257986810e-06  -6.184333122909643e-06  4.121079653895440e-02  -1.922511631506895e-02  -2.214128901923525e-02  2.933774000348961e-02  -1.827367929252805e-02  1.145007796544631e-02  -5.688677807183742e-09  6.565150324356397e-09  1.423775496987322e-08  2.968389507477331e-01  2.052815475681842e-01  1.032120272480849e-01  1.377302725322448e-01  5.842306498221068e-02  7.522790387089272e-02  -4.508559732617719e-08  -3.135172822209080e-08  -4.267309711808844e-08  2.556281542087789e-01  2.245066638832537e-01  1.253533162673207e-01  1.083925325287551e-01  7.669674427473880e-02  6.377782590544651e-02  -3.939691951899347e-08  -3.791687854644718e-08  -5.691085208796168e-08  -4.121079653895440e-02  1.922511631506900e-02  2.214128901923519e-02  -2.933774000348959e-02  1.827367929252809e-02  -1.145007796544630e-02  5.688677807183736e-09  -6.565150324356410e-09  -1.423775496987323e-08  -2.968389507477335e-01  -2.052815475681846e-01  -1.032120272480853e-01  -1.377302725322448e-01  -5.842306498221073e-02  -7.522790387089265e-02  4.508559732617717e-08  3.135172822209078e-08  4.267309711808844e-08
  1.400000000000000e-01  -2.273639070524717e-01  -1.837671932645130e-01  1.288987171738063e-02  -1.267005703398244e-01  -5.291324993538497e-02  -5.452853058832186e-02  4.218636505046492e-08  3.757545052929977e-08  4.924495864562657e-08  -1.213761085360927e+01  -2.783099713885637e+01  -6.449510534671012e+00  -6.082624842519590e+00  -9.033569030169776e+00  -5.252964512601182e+00  2.446974721105006e-06  4.784447162709673e-06  5.248757745264856e-06  6.578879034160082e+01  4.944920518790019e+01  2.083222129751248e+01  3.369535683952515e+01  8.764625161628883e+00  1.159997915942341e+01  -9.200081028302835e-06  -6.528281767293525e-06  -4.698908605841399e-06  5.124164959408609e-02  -7.862587921117183e-03  1.600420078680756e-02  2.434733477799325e-02  -1.456581853565625e-02  1.399291985037418e-03  -4.074351225304003e-09  6.366818304189473e-09  1.263114120823244e-08  2.786055566465580e-01  1.759046053433954e-01  3.114329069426811e-03  1.510479051178178e-01  3.834743139972873e-02  5.592782257335928e-02  -4.626071627576890e-08  -3.120863222511034e-08  -3.661381743739415e-08  2.273639070524719e-01  1.837671932645129e-01  -1.288987171738050e-02  1.267005703398245e-01  5.291324993538507e-02  5.452853058832196e-02  -4.218636505046490e-08  -3.757545052929980e-08  -4.924495864562659e-08  -5.124164959408611e-02  7.862587921117123e-03  -1.600420078680770e-02  -2.434733477799323e-02  1.456581853565628e-02  -1.399291985037413e-03  4.074351225304000e-09  -6.366818304189485e-09  -1.263114120823244e-08  -2.786055566465583e-01  -1.759046053433957e-01  -3.114329069427151e-03  -1.510479051178178e-01  -3.834743139972877e-02  -5.592782257335925e-02  4.626071627576888e-08  3.120863222511031e-08  3.661381743739415e-08
  1.450000000000000e-01  -5.349856293720208e-01  -4.695651629262025e-01  -6.922573597053348e-02  -2.750901822211570e-01  -1.469038827316146e-01  -1.404606919964762e-01  9.189694452881846e-08  8.776984954986001e-08  1.144705000878626e-07  -3.091046075733605e+01  -6.160447522950751e+01  -2.581845882487225e+01  -1.255263441205104e+01  -1.976756262573443e+01  -1.178309519836677e+01  4.884686173629301e-06  9.499155703076880e-06  1.040911029484038e-05  1.105613387139556e+02  8.329779321447245e+01  3.748301226806259e+01  5.607540976939347e+01  1.465723040892489e+01  2.063174553027496e+01  -1.527723773732950e-05  -1.077795406984426e-05  -7.637015289949958e-06  2.374568643050507e-02  -1.197967229837484e-01  -5.732306359590586e-02  2.784786658282793e-02  -6.705507121430837e-02  -1.858640214097507e-02  -1.541769025755142e-09  2.476009988522185e-08  3.965751089430568e-08  5.587313158025259e-01  3.497684399424542e-01  1.190267237462708e-02  3.029380488039848e-01  7.984881151730604e-02  1.218742898555012e-01  -9.343871355457353e-08  -6.300974966463823e-08  -7.481298919355677e-08  5.349856293720212e-01  4.695651629262022e-01  6.922573597053325e-02  2.750901822211570e-01  1.469038827316147e-01  1.404606919964762e-01  -9.189694452881847e-08  -8.776984954986007e-08  -1.144705000878625e-07  -2.374568643050496e-02  1.197967229837484e-01  5.732306359590579e-02  -2.784786658282786e-02  6.705507121430840e-02  1.858640214097512e-02  1.541769025755113e-09  -2.476009988522187e-08  -3.965751089430570e-08  -5.587313158025267e-01  -3.497684399424538e-01  -1.190267237462796e-02  -3.029380488039848e-01  -7.984881151730613e-02  -1.218742898555012e-01  9.343871355457359e-08  6.300974966463827e-08  7.481298919355687e-08
  1.500000000000000e-01  -9.944474487120252e-01  -9.116107592082985e-01  -3.233894729766117e-01  -4.743593814425514e-01  -2.956244741733774e-01  -2.299573266905798e-01  1.769699942062630e-07  1.800690593955334e-07  2.587673180404291e-07  -5.444589347354378e+01  -1.077229824259867e+02  -5.927912354869838e+01  -1.951960721319321e+01  -3.460434885676205e+01  -2.006202536756249e+01  8.815246164894652e-06  1.646911394341874e-05  1.858293461444936e-05  1.754055547761415e+02  1.327193998797575e+02  6.458336918898470e+01  8.820089919191038e+01  2.340370576340049e+01  3.465479282839858e+01  -2.406128901038220e-05  -1.680324281399617e-05  -1.159453575640449e-05  8.880437590278813e-03  -3.013836783297778e-01  -2.663642404701004e-01  6.755607589058713e-02  -1.509347322085308e-01  -6.385120304780851e-03  3.353378790539809e-09  6.352990263576831e-08  1.132314198141836e-07  1.003327886302305e+00  6.102270808785204e-01  5.702523250651094e-02  5.419154573331390e-01  1.446897419648465e-01  2.235722063857996e-01  -1.736166154157234e-07  -1.165391567597653e-07  -1.455358982262454e-07  9.944474487120263e-01  9.116107592082983e-01  3.233894729766111e-01  4.743593814425516e-01  2.956244741733775e-01  2.299573266905804e-01  -1.769699942062632e-07  -1.800690593955336e-07  -2.587673180404292e-07  -8.880437590278492e-03  3.013836783297782e-01  2.663642404701006e-01  -6.755607589058703e-02  1.509347322085308e-01  6.385120304780909e-03  -3.353378790539857e-09  -6.352990263576837e-08  -1.132314198141837e-07  -1.003327886302305e+00  -6.102270808785201e-01  -5.702523250651100e-02  -5.419154573331384e-01  -1.446897419648466e-01  -2.235722063857991e-01  1.736166154157233e-07  1.165391567597653e-07  1.455358982262455e-07
  1.550000000000001e-01  -8.544486793544580e-01  -7.159463699824977e-01  3.121936138147413e-01  -5.536581160099909e-01  -1.814028758367675e-01  -1.896082654977736e-01  1.884069762726065e-07  1.773951191068503e-07  2.275646013292383e-07  -3.551448307018322e+01  -8.885960517910698e+01  -1.494384605121141e+01  -2.111553388469516e+01  -2.511007724941038e+01  -1.743749106443171e+01  8.723982724515438e-06  1.553876642148849e-05  1.582211461888067e-05  1.564582157158264e+02  1.126965266859607e+02  2.686305848000239e+01  8.778805457887701e+01  1.324873991688879e+01  2.044889748410217e+01  -2.269893654890132e-05  -1.584847994331087e-05  -8.191591532865898e-06  8.406978227872028e-02  -2.154715167468653e-01  -3.797774758404174e-03  3.910785078090084e-02  -1.184277179779056e-01  -4.367675768339265e-02  1.069294433029767e-08  6.158345682797630e-08  1.013716058570411e-07  9.385184616331793e-01  5.004748532356322e-01  -3.159913885731463e-01  5.927659667908921e-01  6.297515785886183e-02  1.459315078143813e-01  -1.777140319423090e-07  -1.158116622788742e-07  -1.261929954721973e-07  8.544486793544585e-01  7.159463699824976e-01  -3.121936138147419e-01  5.536581160099912e-01  1.814028758367675e-01  1.896082654977740e-01  -1.884069762726067e-07  -1.773951191068504e-07  -2.275646013292384e-07  -8.406978227872001e-02  2.154715167468654e-01  3.797774758404314e-03  -3.910785078090064e-02  1.184277179779056e-01  4.367675768339276e-02  -1.069294433029773e-08  -6.158345682797634e-08  -1.013716058570411e-07  -9.385184616331781e-01  -5.004748532356316e-01  3.159913885731461e-01  -5.927659667908918e-01  -6.297515785886194e-02  -1.459315078143810e-01  1.777140319423090e-07  1.158116622788742e-07  1.261929954721974e-07
  1.600000000000001e-01  -1.727878155927483e+00  -1.544473606766448e+00  2.683719969402466e-01  -1.039824737809830e+00  -4.298491350977744e-01  -4.255281418000558e-01  3.536365418336007e-07  3.480785053199821e-07  4.387278374723174e-07  -7.516555981350193e+01  -1.642097189549903e+02  -5.341749201972083e+01  -3.752174491604234e+01  -4.587284536246190e+01  -3.285798360567853e+01  1.519508410734498e-05  2.628385328925421e-05  2.648768056658780e-05  2.384385428568723e+02  1.716308577779052e+02  4.576147910719290e+01  1.327163323411477e+02  1.983077238805372e+01  3.383373487129842e+01  -3.386877359050812e-05  -2.338902540606664e-05  -1.101100095211755e-05  -9.417274311228102e-02  -6.981194707284036e-01  -2.723785366644809e-01  -3.778080945815248e-03  -3.186445775785645e-01  -1.440711744487226e-01  4.427300268179118e-08  1.493966384596359e-07  2.290265956647851e-07  1.633705412815201e+00  8.463541360380424e-01  -5.407505336047284e-01  1.036046656864015e+00  1.112045575192106e-01  2.814569673513327e-01  -3.093635391518098e-07  -1.986818668603462e-07  -2.097012418075324e-07  1.727878155927484e+00  1.544473606766448e+00  -2.683719969402492e-01  1.039824737809830e+00  4.298491350977740e-01  4.255281418000555e-01  -3.536365418336011e-07  -3.480785053199822e-07  -4.387278374723174e-07  9.417274311228141e-02  6.981194707284039e-01  2.723785366644808e-01  3.778080945815528e-03  3.186445775785647e-01  1.440711744487229e-01  -4.427300268179125e-08  -1.493966384596360e-07  -2.290265956647851e-07  -1.633705412815201e+00  -8.463541360380441e-01  5.407505336047278e-01  -1.036046656864015e+00  -1.112045575192114e-01  -2.814569673513327e-01  3.093635391518098e-07  1.986818668603461e-07  2.097012418075325e-07
  1.650000000000001e-01  -2.968000505282083e+00  -2.826680992612869e+00  -4.008788580848817e-01  -1.615331608630194e+00  -8.364581885962933e-01  -6.442251003811127e-01  6.113436123552567e-07  6.338316513039292e-07  8.468239495869419e-07  -1.212053748343020e+02  -2.608520744514162e+02  -1.170915039591628e+02  -5.539043968221036e+01  -7.374599527326473e+01  -5.373539322320192e+01  2.516917302751321e-05  4.088444044629043e-05  4.126349944933699e-05  3.468231103199410e+02  2.502751405592283e+02  7.539151609063214e+01  1.918458576768465e+02  2.925588372327226e+01  5.339839145293025e+01  -4.846067428955814e-05  -3.302589993857027e-05  -1.372155540085721e-05  -3.643834537720261e-01  -1.535360128372216e+00  -1.171821860036521e+00  3.378448944008509e-02  -6.517424947419286e-01  -1.815302968784530e-01  1.055857571954654e-07  3.131503937125742e-07  5.105436416349349e-07  2.603617051510056e+00  1.291320864240658e+00  -7.709430019516368e-01  1.649116098070280e+00  1.847156938543661e-01  4.626948035026589e-01  -5.057578551597909e-07  -3.206812575913553e-07  -3.362803079520077e-07  2.968000505282085e+00  2.826680992612871e+00  4.008788580848809e-01  1.615331608630195e+00  8.364581885962937e-01  6.442251003811124e-01  -6.113436123552572e-07  -6.338316513039296e-07  -8.468239495869419e-07  3.643834537720259e-01  1.535360128372216e+00  1.171821860036523e+00  -3.378448944008469e-02  6.517424947419289e-01  1.815302968784535e-01  -1.055857571954657e-07  -3.131503937125743e-07  -5.105436416349350e-07  -2.603617051510053e+00  -1.291320864240660e+00  7.709430019516325e-01  -1.649116098070279e+00  -1.847156938543676e-01  -4.626948035026595e-01  5.057578551597908e-07  3.206812575913556e-07  3.362803079520077e-07
  1.700000000000001e-01  -2.516811553917937e+00  -2.189989417491399e+00  1.661505100885228e+00  -1.869108761963950e+00  -4.378438488065644e-01  -4.996788180383097e-01  6.449288842781955e-07  6.226962606443372e-07  7.567803317673673e-07  -8.207485728785517e+01  -2.219621347856787e+02  -2.414497018215103e+01  -5.906153226278466e+01  -5.089746620429972e+01  -4.594241274854699e+01  2.478219239296201e-05  3.878375302339324e-05  3.549265095933005e-05  3.130103891404960e+02  2.148391786487660e+02  9.674489437751284e+00  1.908533429280509e+02  8.220955432932703e+00  2.285934244988714e+01  -4.562845122061533e-05  -3.124430700178570e-05  -7.380000648140736e-06  -4.816275627522220e-02  -1.169551821503171e+00  -8.112456020877409e-02  -7.553203061442246e-02  -5.001583908216034e-01  -2.774055635774309e-01  1.292341683355465e-07  3.042881941629741e-07  4.626077606797369e-07  2.468648797642713e+00  1.020437595988235e+00  -1.742629661093998e+00  1.793576731349528e+00  -6.231454201503777e-02  2.222732544608764e-01  -5.156947159426489e-07  -3.184080664813632e-07  -2.941725710876311e-07  2.516811553917937e+00  2.189989417491402e+00  -1.661505100885229e+00  1.869108761963952e+00  4.378438488065644e-01  4.996788180383089e-01  -6.449288842781963e-07  -6.226962606443374e-07  -7.567803317673671e-07  4.816275627522180e-02  1.169551821503171e+00  8.112456020877508e-02  7.553203061442307e-02  5.001583908216037e-01  2.774055635774317e-01  -1.292341683355468e-07  -3.042881941629742e-07  -4.626077606797369e-07  -2.468648797642708e+00  -1.020437595988236e+00  1.742629661093994e+00  -1.793576731349527e+00  6.231454201503629e-02  -2.222732544608783e-01  5.156947159426488e-07  3.184080664813635e-07  2.941725710876309e-07
  1.750000000000001e-01  -4.524389805412425e+00  -4.144098784765581e+00  1.935941407736802e+00  -3.139440789576069e+00  -9.349905918335951e-01  -1.019695510910887e+00  1.079697374940238e-06  1.067865018686391e-06  1.255201410609498e-06  -1.499626036420678e+02  -3.577202548243171e+02  -8.479453495275743e+01  -9.389066985648888e+01  -8.095671267303069e+01  -7.600139743453883e+01  3.898265348165264e-05  5.804044589541848e-05  5.185807507470819e-05  4.410348692686024e+02  3.012469731942295e+02  1.985140392451192e+01  2.675144788768649e+02  1.067527834483483e+01  3.749979184092968e+01  -6.222106961878250e-05  -4.192297926517382e-05  -6.000569861016234e-06  -6.894772063547960e-01  -2.670864128779983e+00  -8.080859480556263e-01  -3.242684610136111e-01  -1.047978937598393e+00  -6.155708284610962e-01  2.844525006171630e-07  5.938674688276558e-07  8.656202524013927e-07  3.834912599057630e+00  1.473234655985598e+00  -2.744027355792426e+00  2.815172328562459e+00  -1.129883457647962e-01  4.041246824497930e-01  -7.952448743230757e-07  -4.739975498587351e-07  -3.895811582081064e-07  4.524389805412424e+00  4.144098784765577e+00  -1.935941407736802e+00  3.139440789576072e+00  9.349905918335928e-01  1.019695510910887e+00  -1.079697374940239e-06  -1.067865018686391e-06  -1.255201410609498e-06  6.894772063547954e-01  2.670864128779981e+00  8.080859480556319e-01  3.242684610136126e-01  1.047978937598394e+00  6.155708284610963e-01  -2.844525006171636e-07  -5.938674688276560e-07  -8.656202524013934e-07  -3.834912599057628e+00  -1.473234655985593e+00  2.744027355792419e+00  -2.815172328562459e+00  1.129883457647938e-01  -4.041246824497939e-01  7.952448743230755e-07  4.739975498587352e-07  3.895811582081069e-07
  1.800000000000001e-01  -4.071001165141175e+00  -3.381775117795152e+00  4.861589554015316e+00  -3.577503241131787e+00  -3.015289807228886e-01  -8.107819677406091e-01  1.142823531744915e-06  1.060924166648545e-06  1.157476437297504e-06  -1.059692150900144e+02  -3.144382689634666e+02  2.530261136421731e+01  -9.951646114168997e+01  -5.008661746329010e+01  -6.483318683936437e+01  3.852814170072560e-05  5.563955946021169e-05  4.547352104835624e-05  4.017981853463481e+02  2.601983502024345e+02  -5.461029910227912e+01  2.660163199472907e+02  -1.753557704721433e+01  -4.173170233971293e+00  -5.850762188064555e-05  -3.973605963609715e-05  1.642647254264950e-06  -2.495797698494627e-01  -2.141502200291162e+00  9.458911795219072e-01  -5.290604821306895e-01  -7.809394741609387e-01  -7.614863989083592e-01  3.251166261485225e-07  5.834878837395207e-07  8.003430448163642e-07  3.821421395291717e+00  1.240272917503992e+00  -3.915698374493405e+00  3.048442759001098e+00  -4.794104934380474e-01  4.929556883225168e-02  -8.177069055963925e-07  -4.774362829090247e-07  -3.571333924811405e-07  4.071001165141171e+00  3.381775117795148e+00  -4.861589554015313e+00  3.577503241131789e+00  3.015289807228859e-01  8.107819677406082e-01  -1.142823531744916e-06  -1.060924166648546e-06  -1.157476437297503e-06  2.495797698494620e-01  2.141502200291160e+00  -9.458911795219049e-01  5.290604821306908e-01  7.809394741609395e-01  7.614863989083591e-01  -3.251166261485230e-07  -5.834878837395211e-07  -8.003430448163644e-07  -3.821421395291717e+00  -1.240272917503985e+00  3.915698374493402e+00  -3.048442759001097e+00  4.794104934380456e-01  -4.929556883225333e-02  8.177069055963923e-07  4.774362829090248e-07  3.571333924811410e-07
  1.850000000000001e-01  -6.269414225514079e+00  -5.682043368221648e+00  5.499117805715150e+00  -5.159309844085047e+00  -7.509212910059815e-01  -1.082737985086977e+00  1.791703475464387e-06  1.726200431406258e-06  1.925638526141675e-06  -1.581776397410406e+02  -4.573221359217968e+02  -2.445416926262559e+01  -1.395001634794212e+02  -7.553601585176162e+01  -1.000574646103371e+02  5.884284411576586e-05  7.840867410079214e-05  6.213359824226399e-05  5.498295524458698e+02  3.583567895764550e+02  -5.142652135939601e+01  3.591919596295260e+02  -2.186994415850087e+01  2.617978008226534e+00  -7.685239578972909e-05  -5.143407836183987e-05  7.850215790465450e-06  -8.176885254889128e-01  -4.159040303342515e+00  -1.832310824457402e-01  -7.409148813711772e-01  -1.477527634847302e+00  -1.051958648382392e+00  6.051192863754025e-07  1.056118808721731e-06  1.496581198716319e-06  5.451725700025167e+00  1.523003064879126e+00  -5.682348888160891e+00  4.418394962713872e+00  -7.266063438413166e-01  3.077933670458423e-02  -1.186584189088985e-06  -6.700816226845274e-07  -4.290573274253558e-07  6.269414225514071e+00  5.682043368221631e+00  -5.499117805715168e+00  5.159309844085046e+00  7.509212910059795e-01  1.082737985086976e+00  -1.791703475464388e-06  -1.726200431406257e-06  -1.925638526141675e-06  8.176885254889198e-01  4.159040303342515e+00  1.832310824457485e-01  7.409148813711786e-01  1.477527634847305e+00  1.051958648382392e+00  -6.051192863754031e-07  -1.056118808721731e-06  -1.496581198716321e-06  -5.451725700025157e+00  -1.523003064879124e+00  5.682348888160882e+00  -4.418394962713870e+00  7.266063438413131e-01  -3.077933670458418e-02  1.186584189088985e-06  6.700816226845275e-07  4.290573274253575e-07
  1.900000000000001e-01  -1.024860385921730e+01  -9.669275335764592e+00  6.515931418771765e+00  -7.939563613699290e+00  -1.542899098499114e+00  -2.085497426401476e+00  2.742633509705123e-06  2.658251892683195e-06  2.812695201342416e-06  -2.539589334515770e+02  -6.593986593869790e+02  -9.947514837195516e+01  -2.032607912763324e+02  -1.064433134399225e+02  -1.495115419267190e+02  8.541755420068014e-05  1.061528932477744e-04  8.051337651611804e-05  7.253442527426389e+02  4.676887661336735e+02  -6.582944161120534e+01  4.732168826490203e+02  -3.066118173348029e+01  1.230229496301265e+01  -9.650561738575000e-05  -6.317746889970838e-05  2.016470753556194e-05  -2.538767534279351e+00  -7.888570592169715e+00  -1.808734209882500e+00  -1.578875580196980e+00  -2.646130160155874e+00  -1.941135837657153e+00  1.094764341208436e-06  1.791303524281660e-06  2.449596208839122e-06  7.709836324937958e+00  1.780704743594875e+00  -8.324665628654264e+00  6.360688033502317e+00  -1.103231061656748e+00  1.443615887443199e-01  -1.647869168496688e-06  -8.669483684015348e-07  -3.630989925032961e-07  1.024860385921727e+01  9.669275335764585e+00  -6.515931418771778e+00  7.939563613699292e+00  1.542899098499109e+00  2.085497426401472e+00  -2.742633509705122e-06  -2.658251892683194e-06  -2.812695201342414e-06  2.538767534279351e+00  7.888570592169718e+00  1.808734209882497e+00  1.578875580196985e+00  2.646130160155879e+00  1.941135837657154e+00  -1.094764341208437e-06  -1.791303524281661e-06  -2.449596208839123e-06  -7.709836324937929e+00  -1.780704743594855e+00  8.324665628654254e+00  -6.360688033502313e+00  1.103231061656746e+00  -1.443615887443255e-01  1.647869168496688e-06  8.669483684015359e-07  3.630989925032991e-07
  1.950000000000001e-01  -9.622012680531205e+00  -8.321159699489218e+00  1.255071281647194e+01  -8.942827126371396e+00  -4.412361523217256e-02  -1.513962390164728e+00  2.875889704087725e-06  2.648134228952007e-06  2.669384607293589e-06  -1.978238408739190e+02  -6.034917358919791e+02  5.276397488671213e+01  -2.140047147364380e+02  -5.144558241096894e+01  -1.248493667801979e+02  8.425171869355462e-05  1.023313763851184e-04  7.161732687395850e-05  6.783513091821649e+02  4.190387326046692e+02  -1.485387659741766e+02  4.700464934489211e+02  -7.741717846741125e+01  -5.841092068542512e+01  -9.037513010818913e-05  -5.996490059377862e-05  3.075896094108431e-05  -1.494559737949258e+00  -6.586561873548337e+00  2.677725142452715e+00  -2.114493072483467e+00  -1.904670365740854e+00  -2.172065709605800e+00  1.188150822220789e-06  1.769714219339144e-06  2.302446913021335e-06  8.127452942581957e+00  1.734597825940867e+00  -9.872987674019241e+00  6.828334053887936e+00  -1.860546750508668e+00  -6.581033194410714e-01  -1.687738881866936e-06  -8.784200096128629e-07  -3.669376942722563e-07  9.622012680531178e+00  8.321159699489204e+00  -1.255071281647196e+01  8.942827126371395e+00  4.412361523217212e-02  1.513962390164725e+00  -2.875889704087723e-06  -2.648134228952005e-06  -2.669384607293587e-06  1.494559737949257e+00  6.586561873548338e+00  -2.677725142452718e+00  2.114493072483471e+00  1.904670365740857e+00  2.172065709605801e+00  -1.188150822220790e-06  -1.769714219339145e-06  -2.302446913021336e-06  -8.127452942581932e+00  -1.734597825940854e+00  9.872987674019233e+00  -6.828334053887932e+00  1.860546750508668e+00  6.581033194410664e-01  1.687738881866936e-06  8.784200096128632e-07  3.669376942722593e-07
  2.000000000000001e-01  -1.398819728816120e+01  -1.321461831539493e+01  1.328775343551396e+01  -1.212838498227871e+01  -8.386725751775670e-01  -2.103816200964656e+00  4.210353560785340e-06  3.946285043227706e-06  3.921032888167453e-06  -2.649632230069755e+02  -8.056523358996996e+02  -3.923044995609881e+00  -2.869219407223923e+02  -7.337210157456119e+01  -1.847992245840682e+02  1.205403275217749e-04  1.327037449160213e-04  8.701759559421658e-05  8.748474222432874e+02  5.416581170793251e+02  -1.639096381897354e+02  5.996962408578513e+02  -9.519956549310106e+01  -6.113944232940430e+01  -1.093838646522281e-04  -7.123266824421924e-05  5.100885761742151e-05  -3.263020077598256e+00  -1.159358472198226e+01  -2.352949102119037e-01  -2.932365319887338e+00  -3.394839319500719e+00  -3.031832690190581e+00  1.987625263113959e-06  2.878148298665116e-06  3.778842563905178e-06  1.072517721056300e+01  1.621033593412628e+00  -1.352304834572586e+01  9.196019662391373e+00  -2.556166744323145e+00  -9.280164892259281e-01  -2.222728297671383e-06  -1.068136744562589e-06  -1.421903242622769e-07  1.398819728816119e+01  1.321461831539491e+01  -1.328775343551400e+01  1.212838498227870e+01  8.386725751775581e-01  2.103816200964649e+00  -4.210353560785339e-06  -3.946285043227704e-06  -3.921032888167449e-06  3.263020077598249e+00  1.159358472198227e+01  2.352949102118972e-01  2.932365319887341e+00  3.394839319500727e+00  3.031832690190579e+00  -1.987625263113961e-06  -2.878148298665116e-06  -3.778842563905178e-06  -1.072517721056297e+01  -1.621033593412625e+00  1.352304834572588e+01  -9.196019662391372e+00  2.556166744323146e+00  9.280164892259218e-01  2.222728297671383e-06  1.068136744562590e-06  1.421903242622791e-07
  2.050000000000001e-01  -2.103119143207600e+01  -2.047176883823196e+01  1.538488327238589e+01  -1.739521843954647e+01  -1.878026980414100e+00  -3.910439364033492e+00  5.999029716856246e-06  5.559028852756296e-06  5.117187486802767e-06  -3.754025800696226e+02  -1.054856986366494e+03  -7.032749521560747e+01  -3.895099135299065e+02  -8.909334617473894e+01  -2.542503478318873e+02  1.638043053922338e-04  1.646492535227773e-04  1.003225563040386e-04  1.089752116057664e+03  6.619296365074607e+02  -2.199076239455984e+02  7.495411867072629e+02  -1.220025397596409e+02  -6.398937819523704e+01  -1.261415942813444e-04  -7.966967258584044e-05  8.151548123217131e-05  -7.034459512939580e+00  -1.938666372747299e+01  -3.377245376742213e+00  -5.075170025608336e+00  -5.429442180277121e+00  -4.986364907324252e+00  3.203173965981205e-06  4.404477028786380e-06  5.576446550041560e-06  1.399673191913646e+01  1.085105110758906e+00  -1.876212864912808e+01  1.232004841393813e+01  -3.551415199863016e+00  -1.075925543290770e+00  -2.795855750875045e-06  -1.154551823969912e-06  4.592590632387996e-07  2.103119143207607e+01  2.047176883823195e+01  -1.538488327238582e+01  1.739521843954646e+01  1.878026980414094e+00  3.910439364033491e+00  -5.999029716856246e-06  -5.559028852756293e-06  -5.117187486802759e-06  7.034459512939590e+00  1.938666372747299e+01  3.377245376742218e+00  5.075170025608341e+00  5.429442180277127e+00  4.986364907324257e+00  -3.203173965981208e-06  -4.404477028786383e-06  -5.576446550041562e-06  -1.399673191913644e+01  -1.085105110758936e+00  1.876212864912807e+01  -1.232004841393813e+01  3.551415199863014e+00  1.075925543290770e+00  2.795855750875046e-06  1.154551823969912e-06  -4.592590632387953e-07
  2.100000000000001e-01  -2.127770468343714e+01  -1.932693185642296e+01  2.455602244747138e+01  -1.934529998671642e+01  1.011487713326110e+00  -2.588339722065888e+00  6.233640678312925e-06  5.564685048874864e-06  5.055845045505394e-06  -3.368515285277054e+02  -1.014263748520153e+03  7.206236931127076e+01  -4.082256977605954e+02  -7.767665165184208e+00  -2.069525224324045e+02  1.613438466271744e-04  1.599650228619792e-04  9.214975319264344e-05  1.054922929846348e+03  6.268618862854614e+02  -2.646876651292359e+02  7.433886439527582e+02  -1.902218861320345e+02  -1.684028267766853e+02  -1.172142248342549e-04  -7.556900252859049e-05  9.301951076189287e-05  -5.309057033413604e+00  -1.706246172351615e+01  5.585795283822328e+00  -6.261386286849304e+00  -3.782814978955348e+00  -5.182488159709359e+00  3.382966057751268e-06  4.380126421450695e-06  5.333397488107102e-06  1.596864765002358e+01  2.264470132906712e+00  -1.897022716364904e+01  1.308391369986711e+01  -4.794302692281454e+00  -2.594148437643473e+00  -2.850674620561659e-06  -1.184558627424164e-06  2.775524426017137e-07  2.127770468343721e+01  1.932693185642296e+01  -2.455602244747130e+01  1.934529998671642e+01  -1.011487713326116e+00  2.588339722065885e+00  -6.233640678312926e-06  -5.564685048874862e-06  -5.055845045505386e-06  5.309057033413608e+00  1.706246172351615e+01  -5.585795283822316e+00  6.261386286849310e+00  3.782814978955355e+00  5.182488159709365e+00  -3.382966057751271e-06  -4.380126421450698e-06  -5.333397488107105e-06  -1.596864765002359e+01  -2.264470132906742e+00  1.897022716364904e+01  -1.308391369986712e+01  4.794302692281457e+00  2.594148437643472e+00  2.850674620561662e-06  1.184558627424166e-06  -2.775524426017086e-07
  2.150000000000001e-01  -2.893387475873697e+01  -2.836279672640691e+01  2.488860377781996e+01  -2.500687976937799e+01  -2.652709457382653e-01  -3.981591298417785e+00  8.626029842455099e-06  7.673934214895414e-06  6.632042265897436e-06  -3.995356862754048e+02  -1.244828567933963e+03  3.996417774918119e+01  -5.249390490329114e+02  -1.145451432820209e+01  -2.936930604652807e+02  2.176980890451981e-04  1.919165924504110e-04  9.916749560108035e-05  1.290813786501970e+03  7.633111780906391e+02  -3.062740817260149e+02  9.030454040372722e+02  -2.245375131718526e+02  -1.852965941918553e+02  -1.293603523037102e-04  -8.127537412067764e-05  1.326948829851447e-04  -9.287572421824651e+00  -2.728312915573563e+01  -3.759701499075330e-01  -8.431183638063796e+00  -6.409441276070922e+00  -7.236870887952256e+00  5.225816003289002e-06  6.536164107103048e-06  7.889276427617929e-06  1.964630233691237e+01  1.079667570671214e+00  -2.526457392772747e+01  1.657569613131421e+01  -6.144170330332648e+00  -3.255279589534467e+00  -3.400213839166097e-06  -1.137770107792354e-06  1.257234161720500e-06  2.893387475873703e+01  2.836279672640692e+01  -2.488860377781995e+01  2.500687976937798e+01  2.652709457382467e-01  3.981591298417785e+00  -8.626029842455099e-06  -7.673934214895416e-06  -6.632042265897428e-06  9.287572421824638e+00  2.728312915573564e+01  3.759701499075112e-01  8.431183638063802e+00  6.409441276070925e+00  7.236870887952255e+00  -5.225816003289007e-06  -6.536164107103051e-06  -7.889276427617933e-06  -1.964630233691242e+01  -1.079667570671256e+00  2.526457392772749e+01  -1.657569613131422e+01  6.144170330332644e+00  3.255279589534464e+00  3.400213839166103e-06  1.137770107792358e-06  -1.257234161720488e-06
  2.200000000000001e-01  -4.019125954715139e+01  -4.021996067129982e+01  2.820772229878970e+01  -3.383527544611428e+01  -1.410683032579173e+00  -7.121962268359364e+00  1.158997969603927e-05  1.001381431564351e-05  7.808564532575752e-06  -4.971475412990716e+02  -1.491468370342585e+03  1.890048525840588e+01  -6.715816736773442e+02  5.876491350882723e+00  -3.767705722315227e+02  2.796005886743170e-04  2.196018254830733e-04  1.012389846431921e-04  1.527696678584741e+03  8.763722817514546e+02  -4.185844708270477e+02  1.077540999044485e+03  -2.721571895792830e+02  -2.065085852000108e+02  -1.339365250667014e-04  -8.017472443564783e-05  1.849858432558104e-04  -1.628396554924162e+01  -4.135923294951488e+01  -5.622403173851962e+00  -1.296952157024024e+01  -9.358507185582738e+00  -1.095907431045713e+01  7.755214567274519e-06  9.227144850162592e-06  1.070631687761463e-05  2.390729399790982e+01  -1.139272278215149e+00  -3.383012547264165e+01  2.086575387587405e+01  -7.947824153003579e+00  -3.837112042097739e+00  -3.834765128764744e-06  -7.866694654809051e-07  2.897752345038877e-06  4.019125954715151e+01  4.021996067129980e+01  -2.820772229878965e+01  3.383527544611430e+01  1.410683032579149e+00  7.121962268359356e+00  -1.158997969603927e-05  -1.001381431564351e-05  -7.808564532575743e-06  1.628396554924163e+01  4.135923294951488e+01  5.622403173852026e+00  1.296952157024026e+01  9.358507185582749e+00  1.095907431045713e+01  -7.755214567274524e-06  -9.227144850162597e-06  -1.070631687761463e-05  -2.390729399790990e+01  1.139272278215066e+00  3.383012547264172e+01  -2.086575387587407e+01  7.947824153003560e+00  3.837112042097730e+00  3.834765128764752e-06  7.866694654809105e-07  -2.897752345038863e-06
  2.250000000000001e-01  -4.446951292817494e+01  -4.226544658050566e+01  3.674610418223392e+01  -3.713700646753017e+01  3.125744842603735e+00  -4.501965944743911e+00  1.194189144769054e-05  1.009698527273815e-05  8.229889620964708e-06  -5.337335057419938e+02  -1.521224428819570e+03  4.414797247718582e+01  -7.014909678674524e+02  1.031952507442584e+02  -2.956556635208491e+02  2.750123751290139e-04  2.159517460465878e-04  1.014704101307796e-04  1.540780243176458e+03  8.924204296503232e+02  -3.465977596565706e+02  1.066748132071265e+03  -3.600292066572165e+02  -3.401456057453024e+02  -1.224436681365478e-04  -7.568965522977949e-05  1.924675934891396e-04  -1.474056451693154e+01  -3.865681658300552e+01  8.447117250236879e+00  -1.527383361685049e+01  -6.363262943648891e+00  -1.075233080796957e+01  8.053151769684199e-06  9.248604366169603e-06  1.046292623182422e-05  2.972894841124347e+01  3.608629997500077e+00  -2.829898693199699e+01  2.186317285067970e+01  -9.489007786252637e+00  -6.250364863225632e+00  -3.888739678006342e-06  -8.483809065685383e-07  2.233036610859524e-06  4.446951292817509e+01  4.226544658050564e+01  -3.674610418223384e+01  3.713700646753020e+01  -3.125744842603758e+00  4.501965944743906e+00  -1.194189144769054e-05  -1.009698527273815e-05  -8.229889620964699e-06  1.474056451693155e+01  3.865681658300554e+01  -8.447117250236824e+00  1.527383361685050e+01  6.363262943648902e+00  1.075233080796957e+01  -8.053151769684205e-06  -9.248604366169608e-06  -1.046292623182423e-05  -2.972894841124354e+01  -3.608629997500139e+00  2.829898693199710e+01  -2.186317285067972e+01  9.489007786252618e+00  6.250364863225619e+00  3.888739678006353e-06  8.483809065685446e-07  -2.233036610859509e-06
  2.300000000000001e-01  -5.619123963275745e+01  -5.662270033058640e+01  3.669946832009650e+01  -4.620396882964565e+01  1.246621166575648e+00  -7.666242818847921e+00  1.575624248312421e-05  1.297262318686232e-05  9.729534523302379e-06  -5.587523735433663e+02  -1.717109657794361e+03  8.721583759073573e+01  -8.671164850119483e+02  1.307434218966939e+02  -4.027252686431177e+02  3.516366479858149e-04  2.399645388218945e-04  9.716291380785995e-05  1.797859839785482e+03  1.025488500835658e+03  -4.225809680314377e+02  1.240113954414449e+03  -4.080083277593429e+02  -3.710558624545856e+02  -1.176163232739939e-04  -6.936919473947584e-05  2.507358109853569e-04  -2.181977579085992e+01  -5.634999261265990e+01  -1.344876975705245e+00  -1.993453871521409e+01  -1.026005529555461e+01  -1.493125730628712e+01  1.166703076132782e-05  1.284380209919624e-05  1.419913396624964e-05  3.437146384189754e+01  2.727077179263362e-01  -3.804434529580170e+01  2.626943011443154e+01  -1.150667646213027e+01  -7.265014487439153e+00  -4.089211721796369e-06  -1.288210876660639e-07  4.469599442947244e-06  5.619123963275753e+01  5.662270033058626e+01  -3.669946832009648e+01  4.620396882964565e+01  -1.246621166575656e+00  7.666242818847946e+00  -1.575624248312421e-05  -1.297262318686231e-05  -9.729534523302398e-06  2.181977579085992e+01  5.634999261265988e+01  1.344876975705284e+00  1.993453871521412e+01  1.026005529555462e+01  1.493125730628712e+01  -1.166703076132783e-05  -1.284380209919625e-05  -1.419913396624965e-05  -3.437146384189772e+01  -2.727077179264211e-01  3.804434529580180e+01  -2.626943011443156e+01  1.150667646213025e+01  7.265014487439125e+00  4.089211721796381e-06  1.288210876660686e-07  -4.469599442947220e-06
  2.350000000000001e-01  -6.570566879413200e+01  -6.339794547370399e+01  3.970605771431284e+01  -5.033526530312797e+01  6.278977556541730e+00  -4.455369491049809e+00  1.624323519000951e-05  1.318476297886179e-05  1.090182413487287e-05  -6.746294954858995e+02  -1.822435198391071e+03  -2.670665554009472e+01  -9.046189585766626e+02  2.233778477894252e+02  -3.011831507163632e+02  3.459271503555316e-04  2.387768741311909e-04  1.087510404314843e-04  1.862085504941816e+03  1.094479770176970e+03  -2.378783593945556e+02  1.226848080725200e+03  -5.013606166486291e+02  -5.092477139262905e+02  -1.063014050589419e-04  -6.551048399442280e-05  2.520104593416115e-04  -2.152137294199272e+01  -5.444103569848995e+01  1.409138245381275e+01  -2.301489915448454e+01  -6.503095132413094e+00  -1.429482883772305e+01  1.204943342029059e-05  1.293165652288828e-05  1.414252849669701e-05  4.418429585213934e+01  8.956909775213843e+00  -2.561467526050012e+01  2.732036614864342e+01  -1.278207268895484e+01  -9.839459346673195e+00  -4.193801769718903e-06  -2.531064559735047e-07  3.240704361824131e-06  6.570566879413208e+01  6.339794547370381e+01  -3.970605771431283e+01  5.033526530312797e+01  -6.278977556541710e+00  4.455369491049834e+00  -1.624323519000951e-05  -1.318476297886179e-05  -1.090182413487289e-05  2.152137294199272e+01  5.444103569848995e+01  -1.409138245381279e+01  2.301489915448455e+01  6.503095132413107e+00  1.429482883772305e+01  -1.204943342029060e-05  -1.293165652288828e-05  -1.414252849669702e-05  -4.418429585213948e+01  -8.956909775213886e+00  2.561467526050020e+01  -2.732036614864344e+01  1.278207268895482e+01  9.839459346673161e+00  4.193801769718912e-06  2.531064559735078e-07  -3.240704361824102e-06
  2.400000000000001e-01  -8.712589007458675e+01  -8.568103790607758e+01  3.901597866262595e+01  -6.443685301247136e+01  5.748127253276937e+00  -8.410176608057036e+00  2.060775691304010e-05  1.610465905242661e-05  1.225607592086148e-05  -7.948856079972001e+02  -2.062003057364301e+03  -8.589675408960139e+01  -1.097619649514860e+03  2.754813913158987e+02  -3.582613544323118e+02  4.215541697510475e-04  2.542938586707809e-04  1.112342539852010e-04  2.142365424371226e+03  1.226911401873144e+03  -3.104969437935237e+02  1.401262927384988e+03  -5.711570578368722e+02  -5.556248426343685e+02  -8.627766632749944e-05  -4.796586898071185e-05  3.146755801431784e-04  -3.443800369258707e+01  -7.820953783901571e+01  7.776211379770649e+00  -3.226694890658760e+01  -9.333991430377056e+00  -1.984696541286034e+01  1.666603226616459e-05  1.717128587258376e-05  1.809580695489434e-05  5.268788638199980e+01  7.471500067061704e+00  -3.123976728285567e+01  3.216990410588382e+01  -1.508211868365396e+01  -1.143678880480329e+01  -3.941724646875508e-06  1.066626820157178e-06  5.839731034032877e-06  8.712589007458691e+01  8.568103790607739e+01  -3.901597866262621e+01  6.443685301247142e+01  -5.748127253276849e+00  8.410176608057018e+00  -2.060775691304010e-05  -1.610465905242660e-05  -1.225607592086150e-05  3.443800369258707e+01  7.820953783901570e+01  -7.776211379770679e+00  3.226694890658762e+01  9.333991430377088e+00  1.984696541286034e+01  -1.666603226616459e-05  -1.717128587258377e-05  -1.809580695489436e-05  -5.268788638200000e+01  -7.471500067061846e+00  3.123976728285569e+01  -3.216990410588384e+01  1.508211868365390e+01  1.143678880480326e+01  3.941724646875527e-06  -1.066626820157164e-06  -5.839731034032851e-06
  2.450000000000001e-01  -1.023831347327776e+02  -1.048493242050669e+02  4.104703474254780e+01  -7.770609851779479e+01  3.320388581382700e+00  -1.479977219713556e+01  2.608432113346417e-05  1.933829498890613e-05  1.330773625797463e-05  -7.409574329313507e+02  -2.137186460697250e+03  9.239281698802802e+01  -1.306252824012679e+03  3.371751052734626e+02  -4.687799853278307e+02  5.121176343472028e-04  2.608919565593111e-04  1.038979480990859e-04  2.395446155831025e+03  1.333321247228706e+03  -4.337487384435972e+02  1.563482273375030e+03  -6.228500602190651e+02  -5.937651091524597e+02  -5.417986139275040e-05  -2.332542277939490e-05  3.800607855934062e-04  -4.452964315861529e+01  -1.044444759327293e+02  -4.573103563326560e+00  -4.087631546766217e+01  -1.415149904446468e+01  -2.726219881123850e+01  2.287292912383947e-05  2.241515782328966e-05  2.284107265211711e-05  5.785349157416248e+01  4.048482723375160e-01  -4.562013830587405e+01  3.682978305013266e+01  -1.747188762584739e+01  -1.246242661410297e+01  -3.211392009624704e-06  3.076862834383572e-06  9.533336394142492e-06  1.023831347327778e+02  1.048493242050669e+02  -4.104703474254791e+01  7.770609851779479e+01  -3.320388581382675e+00  1.479977219713550e+01  -2.608432113346417e-05  -1.933829498890612e-05  -1.330773625797463e-05  4.452964315861527e+01  1.044444759327294e+02  4.573103563326441e+00  4.087631546766218e+01  1.415149904446476e+01  2.726219881123852e+01  -2.287292912383948e-05  -2.241515782328968e-05  -2.284107265211713e-05  -5.785349157416279e+01  -4.048482723374920e-01  4.562013830587414e+01  -3.682978305013268e+01  1.747188762584741e+01  1.246242661410299e+01  3.211392009624727e-06  -3.076862834383564e-06  -9.533336394142471e-06
  2.500000000000001e-01  -1.276448417597812e+02  -1.268819738563662e+02  2.331873023890621e+01  -8.358509192457826e+01  8.330428808643186e+00  -9.659099091073745e+00  2.668715354004846e-05  1.988470399275289e-05  1.663937847138865e-05  -1.052223020974018e+03  -2.431954723054939e+03  -3.690093354324255e+02  -1.358742263624569e+03  3.918249510279393e+02  -3.165225676833473e+02  5.025382839337131e-04  2.670589176945651e-04  1.452540632567098e-04  2.585051908243012e+03  1.532400818926615e+03  2.752423731641778e+01  1.543835774578824e+03  -7.190930823895903e+02  -7.240971746717548e+02  -4.295974027667041e-05  -2.072711722415821e-05  3.629302540067509e-04  -5.008939549830124e+01  -1.075478781312426e+02  9.139737695226755e+00  -4.604176395201080e+01  -9.210454353056869e+00  -2.501068885585310e+01  2.339644929254178e-05  2.279410910893177e-05  2.353774124346026e-05  7.755544626148013e+01  1.933409572512355e+01  -1.417899254367922e+01  3.754332797256749e+01  -1.754088316170009e+01  -1.535158976477938e+01  -3.290704247506682e-06  2.909405116178930e-06  6.898362772071636e-06  1.276448417597815e+02  1.268819738563663e+02  -2.331873023890629e+01  8.358509192457825e+01  -8.330428808643164e+00  9.659099091073731e+00  -2.668715354004846e-05  -1.988470399275287e-05  -1.663937847138864e-05  5.008939549830120e+01  1.075478781312427e+02  -9.139737695226955e+00  4.604176395201081e+01  9.210454353056946e+00  2.501068885585312e+01  -2.339644929254179e-05  -2.279410910893179e-05  -2.353774124346028e-05  -7.755544626148038e+01  -1.933409572512360e+01  1.417899254367920e+01  -3.754332797256752e+01  1.754088316170009e+01  1.535158976477938e+01  3.290704247506709e-06  -2.909405116178922e-06  -6.898362772071609e-06
  2.550000000000001e-01  -1.583086191973838e+02  -1.590743809852172e+02  1.664747983494872e+01  -1.024018264700635e+02  6.904299669907250e+00  -1.626073347415958e+01  3.247828183724819e-05  2.283882254185467e-05  1.828196964147742e-05  -1.112803687893100e+03  -2.540177406710622e+03  -3.655078044199386e+02  -1.574484381566958e+03  4.566675332369100e+02  -3.468547355822867e+02  5.836704170079175e-04  2.633107375494953e-04  1.622104497537570e-04  2.861298939644441e+03  1.637183211174928e+03  -7.202492146973677e+01  1.692976799263661e+03  -7.853315394019043e+02  -7.662191731632099e+02  8.565931302486189e-06  1.817804184366444e-05  4.185251600619672e-04  -6.996472698918453e+01  -1.430704028972712e+02  -2.010880055964498e+00  -6.076752451683462e+01  -1.225277780261822e+01  -3.299813130614719e+01  3.072335417070272e-05  2.865290661615084e-05  2.864201693943818e-05  8.834389220819904e+01  1.600397808794598e+01  -1.865835989091298e+01  4.163430195322896e+01  -1.915707747252553e+01  -1.673739783198766e+01  -1.754927666545447e-06  5.814084074296238e-06  1.036004729796078e-05  1.583086191973840e+02  1.590743809852172e+02  -1.664747983494906e+01  1.024018264700635e+02  -6.904299669907212e+00  1.626073347415963e+01  -3.247828183724818e-05  -2.283882254185464e-05  -1.828196964147739e-05  6.996472698918456e+01  1.430704028972712e+02  2.010880055964162e+00  6.076752451683465e+01  1.225277780261825e+01  3.299813130614722e+01  -3.072335417070272e-05  -2.865290661615087e-05  -2.864201693943819e-05  -8.834389220819928e+01  -1.600397808794601e+01  1.865835989091315e+01  -4.163430195322898e+01  1.915707747252559e+01  1.673739783198760e+01  1.754927666545470e-06  -5.814084074296226e-06  -1.036004729796076e-05
  2.600000000000001e-01  -1.741741819159870e+02  -1.792355949635678e+02  2.806790951827543e+01  -1.202956695349212e+02  4.503447853049021e+00  -2.746531206975509e+01  3.959286712438350e-05  2.560451625956866e-05  1.907932337058621e-05  -9.417108966255546e+02  -2.405686363294989e+03  -6.046998955582759e-01  -1.805021490960415e+03  5.403716262137038e+02  -4.346879903643679e+02  6.734806291385589e-04  2.477929476052555e-04  1.751292347026895e-04  3.082961905989972e+03  1.689291598840140e+03  -2.637423481248570e+02  1.814385911011544e+03  -8.256753863253742e+02  -7.992612445510435e+02  7.509611523591985e-05  6.547508429294650e-05  4.668681069590228e-04  -8.085104068866758e+01  -1.760584580621962e+02  -1.151363815525136e+01  -7.485221004903261e+01  -1.685747960839926e+01  -4.460445339073212e+01  4.021334457725626e-05  3.541425291107543e-05  3.407061000176488e-05  9.332314122731951e+01  3.177136901371229e+00  -3.958154767352688e+01  4.544345948588867e+01  -2.136092746144856e+01  -1.713914132097704e+01  6.204774528727921e-07  9.809736651506852e-06  1.499128663117875e-05  1.741741819159872e+02  1.792355949635681e+02  -2.806790951827555e+01  1.202956695349212e+02  -4.503447853049146e+00  2.746531206975510e+01  -3.959286712438350e-05  -2.560451625956861e-05  -1.907932337058615e-05  8.085104068866785e+01  1.760584580621963e+02  1.151363815525144e+01  7.485221004903262e+01  1.685747960839926e+01  4.460445339073217e+01  -4.021334457725626e-05  -3.541425291107543e-05  -3.407061000176486e-05  -9.332314122731979e+01  -3.177136901371154e+00  3.958154767352704e+01  -4.544345948588870e+01  2.136092746144856e+01  1.713914132097690e+01  -6.204774528727615e-07  -9.809736651506849e-06  -1.499128663117875e-05
  2.650000000000001e-01  -2.269114030218899e+02  -2.293873450281854e+02  -3.356595291668614e+01  -1.277431158386147e+02  5.940192118950943e+00  -2.028215025028753e+01  4.021792538482602e-05  2.676040506265815e-05  2.650551570283557e-05  -1.503414802519872e+03  -2.947002639168775e+03  -9.180708003833846e+02  -1.871696110186652e+03  4.995362346003282e+02  -2.238667149795881e+02  6.585384755756531e-04  2.662619494091789e-04  2.629409662420092e-04  3.445749983429071e+03  2.064989311934654e+03  5.647926113143449e+02  1.788733849450180e+03  -9.036593421291110e+02  -8.754793511014441e+02  8.311598325899444e-05  6.540192713486437e-05  4.177297964440037e-04  -1.000002388023266e+02  -1.920789344110755e+02  -1.220585678821155e+01  -8.281669331213284e+01  -1.232140848556005e+01  -3.945116965525900e+01  4.083231251941779e-05  3.643381598809053e-05  3.665504294114383e-05  1.269111642195633e+02  3.730841061710952e+01  2.136009612847439e+01  4.492642252648187e+01  -1.826160060451120e+01  -1.916901940497145e+01  6.143871345918012e-07  9.673410925432462e-06  1.014952723830833e-05  2.269114030218900e+02  2.293873450281857e+02  3.356595291668598e+01  1.277431158386146e+02  -5.940192118951067e+00  2.028215025028752e+01  -4.021792538482602e-05  -2.676040506265808e-05  -2.650551570283551e-05  1.000002388023270e+02  1.920789344110756e+02  1.220585678821166e+01  8.281669331213286e+01  1.232140848556006e+01  3.945116965525905e+01  -4.083231251941779e-05  -3.643381598809053e-05  -3.665504294114381e-05  -1.269111642195636e+02  -3.730841061710954e+01  -2.136009612847416e+01  -4.492642252648191e+01  1.826160060451125e+01  1.916901940497134e+01  -6.143871345917723e-07  -9.673410925432459e-06  -1.014952723830832e-05
  2.700000000000001e-01  -2.650355909588517e+02  -2.690544931065169e+02  -4.443089257915685e+01  -1.504145649953695e+02  2.999702816286111e+00  -3.034453000564660e+01  4.717665097660817e-05  2.893501335130481e-05  2.977714189096697e-05  -1.453006076978346e+03  -2.832359036147852e+03  -7.997102131077137e+02  -2.076533543981052e+03  5.473543449673624e+02  -2.069178858034828e+02  7.277830919373140e-04  2.437299618872896e-04  3.247674106720979e-04  3.691708894501626e+03  2.115214774263216e+03  4.176878157242171e+02  1.882198690676619e+03  -9.466505625210522e+02  -8.954606015764609e+02  1.698427748245270e-04  1.280379523131216e-04  4.346524422026842e-04  -1.259956088874708e+02  -2.385509896704048e+02  -2.673151470347246e+01  -1.039114851900119e+02  -1.483625470015002e+01  -4.963533444200110e+01  5.125479001127594e-05  4.369001820713176e-05  4.308199169128529e-05  1.390399820713815e+02  3.050350343611175e+01  1.769937787568483e+01  4.650307980535779e+01  -1.783595751643641e+01  -1.929080443635453e+01  4.078139034667795e-06  1.475500485582706e-05  1.330484980031850e-05  2.650355909588523e+02  2.690544931065172e+02  4.443089257915697e+01  1.504145649953696e+02  -2.999702816286282e+00  3.034453000564659e+01  -4.717665097660817e-05  -2.893501335130476e-05  -2.977714189096683e-05  1.259956088874709e+02  2.385509896704049e+02  2.673151470347243e+01  1.039114851900119e+02  1.483625470015005e+01  4.963533444200118e+01  -5.125479001127593e-05  -4.369001820713178e-05  -4.308199169128526e-05  -1.390399820713818e+02  -3.050350343611181e+01  -1.769937787568465e+01  -4.650307980535778e+01  1.783595751643649e+01  1.929080443635448e+01  -4.078139034667760e-06  -1.475500485582706e-05  -1.330484980031851e-05
  2.750000000000001e-01  -2.755991685391070e+02  -2.819354848813400e+02  -9.964801188751981e+00  -1.727134813383967e+02  2.235583757681846e+00  -4.733127258688893e+01  5.548909541033208e-05  3.006732023464671e-05  3.164915096640316e-05  -1.144369132373134e+03  -2.421783919411518e+03  -2.292715058422246e+02  -2.291275304792026e+03  6.280155683125186e+02  -2.410466208892537e+02  7.936136893515151e-04  2.098838595291528e-04  3.925741639924361e-04  3.859508040680889e+03  2.084627400337924e+03  1.288901646539588e+02  1.933732139007403e+03  -9.604049413696702e+02  -9.099246528341714e+02  2.715189305153501e-04  1.988508423604385e-04  4.310929595894851e-04  -1.323453666554445e+02  -2.720793045349058e+02  -2.216279517782159e+01  -1.246297912502759e+02  -1.706130637144841e+01  -6.568888432544244e+01  6.425971477710085e-05  5.140637868670582e-05  4.903457767279715e-05  1.432538018836632e+02  9.856180346433996e+00  -1.219799398906880e+01  4.808369008812122e+01  -1.929689012913047e+01  -1.835761173855338e+01  8.770619366768765e-06  2.133905845205921e-05  1.738542670639422e-05  2.755991685391078e+02  2.819354848813400e+02  9.964801188752320e+00  1.727134813383969e+02  -2.235583757682104e+00  4.733127258688895e+01  -5.548909541033209e-05  -3.006732023464667e-05  -3.164915096640302e-05  1.323453666554448e+02  2.720793045349057e+02  2.216279517782101e+01  1.246297912502759e+02  1.706130637144833e+01  6.568888432544242e+01  -6.425971477710088e-05  -5.140637868670583e-05  -4.903457767279714e-05  -1.432538018836636e+02  -9.856180346434195e+00  1.219799398906906e+01  -4.808369008812125e+01  1.929689012913056e+01  1.835761173855329e+01  -8.770619366768719e-06  -2.133905845205922e-05  -1.738542670639422e-05
  2.800000000000001e-01  -3.682508961110735e+02  -3.746801572874846e+02  -1.430249194073263e+02  -1.809528476630062e+02  -6.064114240533645e+00  -3.857393502296327e+01  5.596211053809546e-05  3.215971736588277e-05  4.577664890950817e-05  -1.950407445065803e+03  -3.208183486491338e+03  -1.597981476909400e+03  -2.366809781403116e+03  4.286161903550159e+02  2.880257790608563e+01  7.718142630071985e-04  2.446596607378405e-04  5.405955370674461e-04  4.423528902037916e+03  2.659788822178427e+03  1.364657027930776e+03  1.904944002965577e+03  -9.920298571617151e+02  -8.702497050545385e+02  2.719076331235244e-04  1.945338099647051e-04  3.345473579023631e-04  -1.758125803083593e+02  -3.124258564580473e+02  -5.722760946086938e+01  -1.360129374276649e+02  -1.648953692780935e+01  -5.611400103925213e+01  6.485581559548069e-05  5.359299268669849e-05  5.534377621334639e-05  1.924383158027148e+02  6.225430082943684e+01  8.579730994645789e+01  4.493991023534167e+01  -1.042542268727572e+01  -1.754006601628859e+01  8.893705057385235e-06  2.143327532081580e-05  9.567127303838469e-06  3.682508961110743e+02  3.746801572874845e+02  1.430249194073266e+02  1.809528476630063e+02  6.064114240533389e+00  3.857393502296332e+01  -5.596211053809545e-05  -3.215971736588274e-05  -4.577664890950801e-05  1.758125803083596e+02  3.124258564580475e+02  5.722760946086884e+01  1.360129374276649e+02  1.648953692780929e+01  5.611400103925212e+01  -6.485581559548072e-05  -5.359299268669849e-05  -5.534377621334639e-05  -1.924383158027152e+02  -6.225430082943708e+01  -8.579730994645770e+01  -4.493991023534171e+01  1.042542268727584e+01  1.754006601628856e+01  -8.893705057385193e-06  -2.143327532081581e-05  -9.567127303838469e-06
  2.850000000000001e-01  -4.078853488319449e+02  -4.140808189663126e+02  -1.497779601262817e+02  -2.053201565732865e+02  -1.061401420921409e+01  -5.215690976636802e+01  6.343408571531606e-05  3.260926220847075e-05  5.337803524430600e-05  -1.745048765222603e+03  -2.798292820454218e+03  -1.321049263351037e+03  -2.513528841980455e+03  4.253515029181706e+02  1.082863563885322e+02  8.049157237195219e-04  2.127390438117025e-04  6.812836365476457e-04  4.618750970975554e+03  2.627988696725755e+03  1.140695547060588e+03  1.915574158325025e+03  -9.939091665085620e+02  -8.525184395738492e+02  3.894943714555246e-04  2.790074524375280e-04  2.735370623849781e-04  -2.036531057837034e+02  -3.644263235092662e+02  -6.911365532054066e+01  -1.632777218340889e+02  -1.730883878683333e+01  -6.731332497413688e+01  7.814883230999162e-05  6.168141187007877e-05  6.378492978057181e-05  2.042322430482428e+02  4.965449545704664e+01  8.066430480574166e+01  4.204243473919789e+01  -6.694824577619194e+00  -1.515641520776864e+01  1.471474659467554e-05  2.907214966160803e-05  1.040689453626605e-05  4.078853488319457e+02  4.140808189663132e+02  1.497779601262819e+02  2.053201565732867e+02  1.061401420921392e+01  5.215690976636807e+01  -6.343408571531605e-05  -3.260926220847075e-05  -5.337803524430592e-05  2.036531057837038e+02  3.644263235092663e+02  6.911365532054032e+01  1.632777218340888e+02  1.730883878683322e+01  6.731332497413686e+01  -7.814883230999162e-05  -6.168141187007874e-05  -6.378492978057175e-05  -2.042322430482429e+02  -4.965449545704683e+01  -8.066430480574121e+01  -4.204243473919799e+01  6.694824577619312e+00  1.515641520776870e+01  -1.471474659467549e-05  -2.907214966160803e-05  -1.040689453626604e-05
  2.900000000000001e-01  -5.273758547341436e+02  -5.368850652540996e+02  -3.326518007970301e+02  -2.141375384282187e+02  -2.930151345112292e+01  -4.542439877035099e+01  6.425397717176467e-05  3.580820880586596e-05  7.232309385755334e-05  -2.622627179206508e+03  -3.664116777490933e+03  -2.820562976734158e+03  -2.592148685641904e+03  1.187434128439392e+02  3.935175619963639e+02  7.817269146984615e-04  2.574385712988096e-04  8.572618507384364e-04  5.291940950693669e+03  3.304184041118076e+03  2.576673804369685e+03  1.888997410008558e+03  -9.848683647978222e+02  -7.141460902052416e+02  3.813100775279724e-04  2.707863185258149e-04  1.469996374969670e-04  -2.672697084846309e+02  -4.259410964371644e+02  -1.360736074305282e+02  -1.770899708470547e+02  -2.271531782570234e+01  -5.661444384473656e+01  7.900894590827638e-05  6.514343504348565e-05  7.339265840988383e-05  2.601061462495138e+02  1.109439688169352e+02  1.965781933665023e+02  3.704756758116435e+01  6.586195625420707e+00  -1.119004507438547e+01  1.475496873651169e-05  2.933522623761972e-05  1.069564552330698e-06  5.273758547341441e+02  5.368850652540998e+02  3.326518007970301e+02  2.141375384282190e+02  2.930151345112281e+01  4.542439877035093e+01  -6.425397717176466e-05  -3.580820880586596e-05  -7.232309385755333e-05  2.672697084846315e+02  4.259410964371648e+02  1.360736074305281e+02  1.770899708470546e+02  2.271531782570227e+01  5.661444384473656e+01  -7.900894590827638e-05  -6.514343504348563e-05  -7.339265840988379e-05  -2.601061462495141e+02  -1.109439688169354e+02  -1.965781933665020e+02  -3.704756758116444e+01  -6.586195625420561e+00  1.119004507438548e+01  -1.475496873651163e-05  -2.933522623761973e-05  -1.069564552330687e-06
  2.950000000000002e-01  -5.457971065234493e+02  -5.537518047380734e+02  -3.015529494145431e+02  -2.383198464156841e+02  -3.321774187674181e+01  -6.503985055184152e+01  7.198313545148193e-05  3.412011875408545e-05  8.277136429676755e-05  -2.265008179052797e+03  -3.030926800592467e+03  -2.229287386997347e+03  -2.734009562105988e+03  6.744133677395440e+01  4.741593849479426e+02  7.873455761043529e-04  2.256322825963908e-04  1.050394398811909e-03  5.481697494445397e+03  3.247946448569802e+03  2.326745730725677e+03  1.848649890741446e+03  -9.255116708417431e+02  -6.150861301876417e+02  5.055053002347367e-04  3.598292596588132e-04  2.042054892619413e-05  -2.764457849336951e+02  -4.649695584919368e+02  -1.274246831817303e+02  -2.059534412852013e+02  -2.319813921215495e+01  -7.126993424712892e+01  9.443208320268783e-05  7.341423164862762e-05  8.325349494355206e-05  2.693513215897550e+02  8.878224624613749e+01  1.741282662328146e+02  3.236640513048332e+01  1.001960266458708e+01  -6.230083695287402e+00  2.244894775120583e-05  3.929411289454218e-05  4.821306467846724e-07  5.457971065234500e+02  5.537518047380748e+02  3.015529494145432e+02  2.383198464156844e+02  3.321774187674176e+01  6.503985055184150e+01  -7.198313545148195e-05  -3.412011875408542e-05  -8.277136429676746e-05  2.764457849336956e+02  4.649695584919370e+02  1.274246831817297e+02  2.059534412852012e+02  2.319813921215479e+01  7.126993424712894e+01  -9.443208320268783e-05  -7.341423164862759e-05  -8.325349494355197e-05  -2.693513215897557e+02  -8.878224624613775e+01  -1.741282662328146e+02  -3.236640513048346e+01  -1.001960266458703e+01  6.230083695287422e+00  -2.244894775120575e-05  -3.929411289454220e-05  -4.821306467846928e-07
  3.000000000000002e-01  -5.767589988052863e+02  -5.794534309933238e+02  -2.891107159331132e+02  -2.608406164669311e+02  -3.822664386785043e+01  -8.078516792006718e+01  7.882357600836728e-05  3.199099821638710e-05  9.843214313777356e-05  -1.886803865405091e+03  -2.294760845414400e+03  -1.783164948371882e+03  -2.767842947079266e+03  -9.741042514960158e+00  6.202271271062688e+02  7.561857030225796e-04  2.007437694893627e-04  1.291378612106768e-03  5.619377418664282e+03  3.111852256512672e+03  1.998644559979724e+03  1.757813051054774e+03  -8.772017445633752e+02  -5.540639219943337e+02  6.402401471255372e-04  4.596869543632363e-04  -1.566347584477964e-04  -2.977940683968475e+02  -5.114213951289236e+02  -1.252548080883838e+02  -2.375130748815360e+02  -2.066235632366940e+01  -8.110967543667967e+01  1.094448238424555e-04  8.150887010383017e-05  9.517113233017587e-05  2.789649304084385e+02  6.803203586440016e+01  1.638559078447296e+02  2.332754158539558e+01  1.756428754418122e+01  -3.245075166127448e-01  3.062124783408816e-05  4.951787188744308e-05  -3.261010807597637e-06  5.767589988052868e+02  5.794534309933250e+02  2.891107159331133e+02  2.608406164669315e+02  3.822664386785036e+01  8.078516792006701e+01  -7.882357600836728e-05  -3.199099821638707e-05  -9.843214313777345e-05  2.977940683968480e+02  5.114213951289240e+02  1.252548080883837e+02  2.375130748815359e+02  2.066235632366930e+01  8.110967543667965e+01  -1.094448238424555e-04  -8.150887010383014e-05  -9.517113233017574e-05  -2.789649304084393e+02  -6.803203586440068e+01  -1.638559078447298e+02  -2.332754158539576e+01  -1.756428754418120e+01  3.245075166130020e-01  -3.062124783408807e-05  -4.951787188744307e-05  3.261010807597625e-06
  3.050000000000002e-01  -7.430060846685035e+02  -7.565547578527961e+02  -5.696183917161716e+02  -2.677055815560981e+02  -8.018226710404876e+01  -7.449641022534928e+01  7.906572901863787e-05  3.644835737797809e-05  1.279319323790382e-04  -2.803795538150839e+03  -3.206544941283482e+03  -3.365660722009603e+03  -2.835760550190671e+03  -5.300287659054244e+02  9.425331681169515e+02  7.246698497987763e-04  2.599976084490390e-04  1.525495904640153e-03  6.459080007510666e+03  3.933579214855116e+03  3.722203993795585e+03  1.738885537508976e+03  -7.735571017064880e+02  -1.939697320462753e+02  6.157392306105220e-04  4.450656138890573e-04  -3.499735645299472e-04  -4.020128936184424e+02  -6.159911344584417e+02  -2.617539449237756e+02  -2.551558600692124e+02  -4.009606602378389e+01  -6.431996894412849e+01  1.100236159871974e-04  8.722453050349492e-05  1.123142801298349e-04  3.409931910500606e+02  1.405636233943545e+02  3.078644467923967e+02  1.254972148688626e+01  4.008620108026509e+01  1.017644128122042e+01  3.095788696855946e-05  5.077617312551684e-05  -1.561765224920332e-05  7.430060846685038e+02  7.565547578527977e+02  5.696183917161725e+02  2.677055815560985e+02  8.018226710404875e+01  7.449641022534900e+01  -7.906572901863786e-05  -3.644835737797805e-05  -1.279319323790382e-04  4.020128936184434e+02  6.159911344584418e+02  2.617539449237762e+02  2.551558600692122e+02  4.009606602378398e+01  6.431996894412850e+01  -1.100236159871974e-04  -8.722453050349490e-05  -1.123142801298348e-04  -3.409931910500617e+02  -1.405636233943553e+02  -3.078644467923971e+02  -1.254972148688653e+01  -4.008620108026510e+01  -1.017644128122014e+01  -3.095788696855938e-05  -5.077617312551683e-05  1.561765224920332e-05
  3.100000000000002e-01  -7.388596074009046e+02  -7.399540952250339e+02  -4.833428271561571e+02  -2.913648848670031e+02  -7.930043016560623e+01  -9.664748637159421e+01  8.502667547258452e-05  3.071703596510005e-05  1.472969891714233e-04  -2.291977873129853e+03  -2.230859656731420e+03  -2.558191320316797e+03  -2.842561816435649e+03  -6.377856728854188e+02  1.107171265911405e+03  6.453331431997812e-04  2.405281023769034e-04  1.817552926494901e-03  6.571903086710150e+03  3.724991922169014e+03  3.265325160499681e+03  1.598775614063116e+03  -6.673079344211492e+02  -4.269381001830111e+01  7.468787767740327e-04  5.460872222743351e-04  -6.064862962359373e-04  -3.921815705875391e+02  -6.342981185156450e+02  -2.143375184618182e+02  -2.891224640736294e+02  -3.471782874449492e+01  -7.860516733512679e+01  1.263360693534257e-04  9.458255763056852e-05  1.261250109168956e-04  3.466780368133652e+02  1.056559767093886e+02  2.690053086943386e+02  2.242420793374268e+00  4.458260142111109e+01  1.804231903646717e+01  4.130939388084111e-05  6.386552166546838e-05  -2.117197825452761e-05  7.388596074009050e+02  7.399540952250352e+02  4.833428271561569e+02  2.913648848670038e+02  7.930043016560617e+01  9.664748637159411e+01  -8.502667547258445e-05  -3.071703596510002e-05  -1.472969891714232e-04  3.921815705875400e+02  6.342981185156456e+02  2.143375184618186e+02  2.891224640736291e+02  3.471782874449495e+01  7.860516733512685e+01  -1.263360693534257e-04  -9.458255763056845e-05  -1.261250109168954e-04  -3.466780368133663e+02  -1.056559767093890e+02  -2.690053086943390e+02  -2.242420793374724e+00  -4.458260142111139e+01  -1.804231903646700e+01  -4.130939388084102e-05  -6.386552166546836e-05  2.117197825452762e-05
  3.150000000000002e-01  -7.484166026656662e+02  -7.345334875876337e+02  -4.331473145935961e+02  -3.072821901854667e+02  -8.177153132373863e+01  -1.113931270581085e+02  8.951037320731765e-05  2.545240387118430e-05  1.745509164112916e-04  -1.767378405876594e+03  -1.194523472012631e+03  -1.988219135835828e+03  -2.710970817836910e+03  -7.862296519078508e+02  1.308419714710174e+03  5.230736701018331e-04  2.404397576201045e-04  2.149689908662626e-03  6.664623066336201e+03  3.473425126061793e+03  2.823266227181019e+03  1.400029005482129e+03  -5.742393945664553e+02  5.088563631071203e+01  8.766095728514312e-04  6.511291138675755e-04  -9.253246565497250e-04  -3.953653476553369e+02  -6.589029576299972e+02  -1.826136412287841e+02  -3.210111848065326e+02  -2.667685594479558e+01  -8.356290747668019e+01  1.407652996942717e-04  1.017588640938044e-04  1.436756654572157e-04  3.530512550103286e+02  7.563052995763609e+01  2.505336733648118e+02  -1.372899462106558e+01  5.509467537894302e+01  2.783021958142796e+01  5.125492648695404e-05  7.630646022261998e-05  -3.087525095407601e-05  7.484166026656671e+02  7.345334875876352e+02  4.331473145935955e+02  3.072821901854673e+02  8.177153132373871e+01  1.113931270581080e+02  -8.951037320731756e-05  -2.545240387118430e-05  -1.745509164112917e-04  3.953653476553384e+02  6.589029576299980e+02  1.826136412287855e+02  3.210111848065325e+02  2.667685594479560e+01  8.356290747668018e+01  -1.407652996942717e-04  -1.017588640938044e-04  -1.436756654572155e-04  -3.530512550103297e+02  -7.563052995763685e+01  -2.505336733648122e+02  1.372899462106523e+01  -5.509467537894304e+01  -2.783021958142767e+01  -5.125492648695393e-05  -7.630646022262002e-05  3.087525095407605e-05
  3.200000000000002e-01  -9.500223709879622e+02  -9.578877574854914e+02  -8.045723107088030e+02  -3.086965832298563e+02  -1.561978274973329e+02  -1.065675407470414e+02  8.859305508345703e-05  3.095298250832826e-05  2.162811800298275e-04  -2.487301161748996e+03  -1.909906619007127e+03  -3.228589288705072e+03  -2.747302093081710e+03  -1.502139145637666e+03  1.630643742308630e+03  4.836192372895413e-04  3.073472974282989e-04  2.421420536837123e-03  7.589891328762018e+03  4.340543408778206e+03  4.632204845461581e+03  1.399160187225410e+03  -3.474858589317283e+02  6.898862244324177e+02  8.296705068014833e-04  6.291607560445180e-04  -1.191655209425665e-03  -5.454581466648534e+02  -8.139384382921118e+02  -4.061063607722883e+02  -3.417325046937198e+02  -6.882473619552479e+01  -5.982972364807087e+01  1.406748776344242e-04  1.103527917865952e-04  1.712235386509052e-04  4.045642243231082e+02  1.439493191933796e+02  3.984659499365137e+02  -3.303592146386303e+01  8.737309130180790e+01  4.673781709897014e+01  5.208182255096719e-05  7.939980927826679e-05  -4.505764137892230e-05  9.500223709879626e+02  9.578877574854932e+02  8.045723107088025e+02  3.086965832298569e+02  1.561978274973328e+02  1.065675407470410e+02  -8.859305508345690e-05  -3.095298250832826e-05  -2.162811800298274e-04  5.454581466648552e+02  8.139384382921128e+02  4.061063607722907e+02  3.417325046937196e+02  6.882473619552495e+01  5.982972364807090e+01  -1.406748776344242e-04  -1.103527917865951e-04  -1.712235386509050e-04  -4.045642243231097e+02  -1.439493191933803e+02  -3.984659499365144e+02  3.303592146386270e+01  -8.737309130180805e+01  -4.673781709896992e+01  -5.208182255096705e-05  -7.939980927826680e-05  4.505764137892239e-05
  3.250000000000002e-01  -9.108414555604800e+02  -8.879044840313694e+02  -6.404099525574948e+02  -3.278539643124657e+02  -1.438416559534337e+02  -1.255665500250887e+02  9.031367085262573e-05  2.034070011807351e-05  2.469666336419092e-04  -1.895479398964192e+03  -6.591189610089378e+02  -2.326502836820148e+03  -2.562905761763051e+03  -1.638398526012160e+03  1.870603898620265e+03  2.936874513594008e-04  3.151559142529730e-04  2.780898767479963e-03  7.640592957811545e+03  3.959982011233077e+03  3.942521002001910e+03  1.162163424416729e+03  -2.170683775028574e+02  8.633764607281151e+02  9.434774635745511e-04  7.320036385469321e-04  -1.590562299265039e-03  -5.034857508280305e+02  -7.913735879464011e+02  -2.980022257945332e+02  -3.769087811178150e+02  -5.365829654879456e+01  -6.962119191133718e+01  1.547512398856563e-04  1.155694571987283e-04  1.910932270790165e-04  4.073557047324494e+02  9.653089608496749e+01  3.424077267629602e+02  -4.905481680534901e+01  9.018335940463922e+01  5.594535811375087e+01  6.443756903303055e-05  9.522875708065459e-05  -5.587340656289268e-05  9.108414555604810e+02  8.879044840313703e+02  6.404099525574944e+02  3.278539643124661e+02  1.438416559534337e+02  1.255665500250884e+02  -9.031367085262557e-05  -2.034070011807344e-05  -2.469666336419092e-04  5.034857508280319e+02  7.913735879464024e+02  2.980022257945354e+02  3.769087811178147e+02  5.365829654879494e+01  6.962119191133705e+01  -1.547512398856562e-04  -1.155694571987283e-04  -1.910932270790164e-04  -4.073557047324504e+02  -9.653089608496794e+01  -3.424077267629605e+02  4.905481680534893e+01  -9.018335940463899e+01  -5.594535811375095e+01  -6.443756903303047e-05  -9.522875708065461e-05  5.587340656289283e-05
  3.300000000000002e-01  -8.869945836409524e+02  -8.337125476707322e+02  -5.370672704858404e+02  -3.316427685504301e+02  -1.387853571382281e+02  -1.345603329385347e+02  9.007271051124856e-05  1.177368339306495e-05  2.871143910752206e-04  -1.306249946812678e+03  5.902482024031965e+02  -1.743140374137949e+03  -2.227762144166495e+03  -1.823487395451154e+03  2.098907232386886e+03  6.150796855756161e-05  3.511062005555603e-04  3.151805278689370e-03  7.721145084023121e+03  3.596414932217310e+03  3.408632835882430e+03  8.624859077289635e+02  -1.018670040942238e+02  9.599210551593733e+02  1.040890376897425e-03  8.300945113676402e-04  -2.053552721594649e-03  -4.758412797033760e+02  -7.748291316031092e+02  -2.209842699950745e+02  -4.029835053015095e+02  -3.759742322378516e+01  -6.549657138905810e+01  1.650957061159650e-04  1.209858497656983e-04  2.165664916487577e-04  4.111533039375761e+02  5.888341606762172e+01  3.160830004907651e+02  -7.134073675107885e+01  1.011879339144433e+02  6.906376154947581e+01  7.502299560471641e-05  1.092121663726331e-04  -7.054789942646274e-05  8.869945836409526e+02  8.337125476707329e+02  5.370672704858400e+02  3.316427685504306e+02  1.387853571382284e+02  1.345603329385347e+02  -9.007271051124848e-05  -1.177368339306488e-05  -2.871143910752206e-04  4.758412797033774e+02  7.748291316031105e+02  2.209842699950766e+02  4.029835053015092e+02  3.759742322378519e+01  6.549657138905806e+01  -1.650957061159649e-04  -1.209858497656983e-04  -2.165664916487577e-04  -4.111533039375774e+02  -5.888341606762317e+01  -3.160830004907657e+02  7.134073675107878e+01  -1.011879339144431e+02  -6.906376154947597e+01  -7.502299560471626e-05  -1.092121663726332e-04  7.054789942646294e-05
  3.350000000000002e-01  -1.093540835937224e+03  -1.075602207926448e+03  -9.616005278465244e+02  -3.225793481533168e+02  -2.522633451613973e+02  -1.314838751981457e+02  8.720091498356219e-05  1.760748125677251e-05  3.406423978394625e-04  -1.549600891390417e+03  3.707685372138335e+02  -2.143936562782305e+03  -2.207528438627714e+03  -2.653858499798370e+03  2.362178023156906e+03  1.666132092859143e-05  4.134729031141250e-04  3.420453034774772e-03  8.605708078375219e+03  4.359571571471633e+03  5.013653971527272e+03  8.912031794097257e+02  2.680128235453494e+02  1.909391017931740e+03  9.657175498553446e-04  8.003745911520511e-04  -2.388827310554843e-03  -6.675821200941241e+02  -9.782009825721643e+02  -5.345471009321870e+02  -4.248834461537575e+02  -1.114161167041249e+02  -3.493764537442293e+01  1.638512298135250e-04  1.328503253477559e-04  2.569429801855609e-04  4.259587158430986e+02  9.740122535428119e+01  4.270534269143358e+02  -1.023040980004401e+02  1.408472284572726e+02  9.654622982372192e+01  7.665031482996274e-05  1.152428440909832e-04  -8.369941765390143e-05  1.093540835937224e+03  1.075602207926448e+03  9.616005278465250e+02  3.225793481533173e+02  2.522633451613975e+02  1.314838751981457e+02  -8.720091498356203e-05  -1.760748125677244e-05  -3.406423978394625e-04  6.675821200941260e+02  9.782009825721660e+02  5.345471009321901e+02  4.248834461537571e+02  1.114161167041250e+02  3.493764537442311e+01  -1.638512298135248e-04  -1.328503253477559e-04  -2.569429801855609e-04  -4.259587158431004e+02  -9.740122535428277e+01  -4.270534269143371e+02  1.023040980004401e+02  -1.408472284572726e+02  -9.654622982372199e+01  -7.665031482996259e-05  -1.152428440909833e-04  8.369941765390168e-05
  3.400000000000002e-01  -1.012350559994439e+03  -9.374746449284172e+02  -7.112670251584880e+02  -3.321562697180631e+02  -2.199920274939618e+02  -1.392620293601817e+02  8.146332534633541e-05  1.757551089748044e-06  3.818083318383995e-04  -1.017476406625677e+03  1.758305438776930e+03  -1.361019089818118e+03  -1.794785260598521e+03  -2.764361730782553e+03  2.648897026388416e+03  -2.967234032138078e-04  4.541137640762816e-04  3.770859103512898e-03  8.633988801556219e+03  3.810072098459838e+03  4.120150578106439e+03  5.725428966860288e+02  3.815706371008635e+02  2.052407372567338e+03  1.035489611869351e-03  8.941916195648998e-04  -2.914441748640127e-03  -5.827151481451767e+02  -8.947142996012644e+02  -3.494740007553116e+02  -4.549748693812558e+02  -8.209816270291203e+01  -3.508003044081795e+01  1.713308669686734e-04  1.348590765308120e-04  2.847200128077520e-04  4.296354118492609e+02  4.276034532715052e+01  3.617930244031727e+02  -1.228185996631919e+02  1.378938647910502e+02  1.041819989193626e+02  8.986754162233779e-05  1.331015254410638e-04  -9.708831903064717e-05  1.012350559994439e+03  9.374746449284187e+02  7.112670251584866e+02  3.321562697180636e+02  2.199920274939623e+02  1.392620293601817e+02  -8.146332534633536e-05  -1.757551089747924e-06  -3.818083318383994e-04  5.827151481451782e+02  8.947142996012656e+02  3.494740007553139e+02  4.549748693812552e+02  8.209816270291238e+01  3.508003044081816e+01  -1.713308669686732e-04  -1.348590765308119e-04  -2.847200128077520e-04  -4.296354118492628e+02  -4.276034532715155e+01  -3.617930244031740e+02  1.228185996631920e+02  -1.378938647910497e+02  -1.041819989193627e+02  -8.986754162233757e-05  -1.331015254410639e-04  9.708831903064754e-05
  3.450000000000002e-01  -9.478558218747115e+02  -8.216073600802630e+02  -5.506622311373533e+02  -3.182287498197935e+02  -2.009917798285759e+02  -1.371433664935426e+02  7.350551325279421e-05  -9.970014831038100e-06  4.315325728230281e-04  -4.982806415097597e+02  3.083330620980406e+03  -9.257451358512636e+02  -1.244780750829713e+03  -2.924530034897203e+03  2.861844914395419e+03  -6.423615221956390e-04  5.233771619328091e-04  4.084038575687742e-03  8.749513255392780e+03  3.351777732600583e+03  3.555805626059664e+03  1.909369409614660e+02  4.804143545432666e+02  2.106119428040359e+03  1.073200991325054e-03  9.737230186924309e-04  -3.492613202830733e-03  -5.142714158500237e+02  -8.184450764360990e+02  -2.168794683910682e+02  -4.672822690259470e+02  -5.544201592037211e+01  -1.790079643746944e+01  1.731085345994489e-04  1.378784383793947e-04  3.194977111922972e-04  4.335844060246867e+02  3.162283644163093e+00  3.337827627462828e+02  -1.490535192061532e+02  1.455497639082043e+02  1.192425700560722e+02  9.960302134665467e-05  1.478484532104326e-04  -1.120348616307304e-04  9.478558218747122e+02  8.216073600802654e+02  5.506622311373550e+02  3.182287498197940e+02  2.009917798285759e+02  1.371433664935425e+02  -7.350551325279409e-05  9.970014831038298e-06  -4.315325728230280e-04  5.142714158500252e+02  8.184450764360995e+02  2.168794683910695e+02  4.672822690259464e+02  5.544201592037261e+01  1.790079643747000e+01  -1.731085345994487e-04  -1.378784383793948e-04  -3.194977111922975e-04  -4.335844060246890e+02  -3.162283644163693e+00  -3.337827627462844e+02  1.490535192061533e+02  -1.455497639082042e+02  -1.192425700560722e+02  -9.960302134665447e-05  -1.478484532104328e-04  1.120348616307309e-04
  3.500000000000002e-01  -1.108328213585389e+03  -1.032176835558825e+03  -9.561176148003456e+02  -2.920465258072377e+02  -3.542018710021737e+02  -1.346998483214678e+02  6.766634053614976e-05  -5.128083947189726e-06  4.930567864528953e-04  -1.129378744327478e+01  3.651449194298343e+03  -4.477858105502956e+01  -1.142743302183766e+03  -3.724145952400497e+03  2.986284774942964e+03  -6.871494020172522e-04  5.649233406496595e-04  4.290988657431854e-03  9.434527779045029e+03  3.828355883051276e+03  4.619028326609699e+03  2.593426569202248e+02  1.000333742757601e+03  3.359872164405234e+03  9.652053051993752e-04  9.365462450962031e-04  -3.879325977797634e-03  -7.303672996263078e+02  -1.054064311334253e+03  -6.016511645185752e+02  -4.870338952314920e+02  -1.678818147302999e+02  1.785711843139089e+01  1.701983676650335e-04  1.529683560349451e-04  3.737800589540219e-04  3.779609139590788e+02  -2.188747577542955e+01  3.544664502817683e+02  -1.949873694242538e+02  1.863200562718738e+02  1.525569667528574e+02  1.025320271288837e-04  1.580964399821346e-04  -1.192767274988730e-04  1.108328213585389e+03  1.032176835558827e+03  9.561176148003474e+02  2.920465258072383e+02  3.542018710021736e+02  1.346998483214677e+02  -6.766634053614963e-05  5.128083947189927e-06  -4.930567864528953e-04  7.303672996263093e+02  1.054064311334254e+03  6.016511645185770e+02  4.870338952314915e+02  1.678818147303006e+02  -1.785711843139021e+01  -1.701983676650333e-04  -1.529683560349452e-04  -3.737800589540223e-04  -3.779609139590810e+02  2.188747577542873e+01  -3.544664502817699e+02  1.949873694242538e+02  -1.863200562718737e+02  -1.525569667528576e+02  -1.025320271288835e-04  -1.580964399821347e-04  1.192767274988735e-04
  3.550000000000002e-01  -9.883745473150910e+02  -8.227368339214065e+02  -6.367581166737934e+02  -2.862781652282330e+02  -2.935389746214623e+02  -1.224951578584862e+02  5.068673756301760e-05  -2.611467254586297e-05  5.384646953593726e-04  2.700505292213659e+02  4.986397337728907e+03  3.498563050684297e+02  -4.969429773016286e+02  -3.742058996450190e+03  3.273735808360015e+03  -1.116725941254705e-03  6.285697352773182e-04  4.517909703999846e-03  9.498450830525555e+03  3.136220956275678e+03  3.615769080832878e+03  -1.165853254605983e+02  1.042634328404004e+03  3.403900524905268e+03  9.673622050088273e-04  1.012196817966036e-03  -4.482861445605492e-03  -5.990639049074971e+02  -8.948877952595540e+02  -3.374538210590136e+02  -5.036307951169057e+02  -1.204073588253274e+02  3.247255969682118e+01  1.658941889860467e-04  1.510197008302665e-04  4.099056221101562e-04  3.893106424075912e+02  -7.215096133814841e+01  2.993042956147797e+02  -2.173526298886725e+02  1.731316157961345e+02  1.549677175553055e+02  1.152074514230290e-04  1.771343733761293e-04  -1.285590732492157e-04  9.883745473150914e+02  8.227368339214087e+02  6.367581166737965e+02  2.862781652282336e+02  2.935389746214618e+02  1.224951578584859e+02  -5.068673756301744e-05  2.611467254586304e-05  -5.384646953593726e-04  5.990639049074980e+02  8.948877952595545e+02  3.374538210590139e+02  5.036307951169052e+02  1.204073588253279e+02  -3.247255969682021e+01  -1.658941889860464e-04  -1.510197008302667e-04  -4.099056221101566e-04  -3.893106424075933e+02  7.215096133814838e+01  -2.993042956147809e+02  2.173526298886728e+02  -1.731316157961351e+02  -1.549677175553058e+02  -1.152074514230287e-04  -1.771343733761294e-04  1.285590732492164e-04
  3.600000000000002e-01  -1.092044270805634e+03  -9.853081082234328e+02  -9.818008232401414e+02  -2.483289391056297e+02  -4.665406385859241e+02  -1.201890083489316e+02  4.271900746894839e-05  -2.262586020126623e-05  6.004367178525986e-04  1.260776452650789e+03  6.109322817663001e+03  2.123102949932267e+03  -3.423874150810398e+02  -4.443253579759961e+03  3.282981285324139e+03  -1.156995529359994e-03  6.482085010669353e-04  4.658690371146046e-03  9.993874279787035e+03  3.362893442444001e+03  4.212858861009966e+03  -2.403396869937722e+01  1.639997776881359e+03  4.805544500102387e+03  8.423630833282394e-04  9.716088496993226e-04  -4.883288308435688e-03  -8.141528741538954e+02  -1.133835876835639e+03  -7.389593294248663e+02  -5.208705582292291e+02  -2.555365793774792e+02  6.845712526891344e+01  1.620702728041005e-04  1.676052665032262e-04  4.710515795219278e-04  2.778913966517362e+02  -1.485277686122074e+02  2.428414938152753e+02  -2.725416191235993e+02  2.110040592084440e+02  1.886461336178429e+02  1.193512653351521e-04  1.902311267044923e-04  -1.293851383306700e-04  1.092044270805635e+03  9.853081082234354e+02  9.818008232401440e+02  2.483289391056303e+02  4.665406385859235e+02  1.201890083489308e+02  -4.271900746894823e-05  2.262586020126631e-05  -6.004367178525986e-04  8.141528741538965e+02  1.133835876835640e+03  7.389593294248662e+02  5.208705582292288e+02  2.555365793774800e+02  -6.845712526891209e+01  -1.620702728041002e-04  -1.676052665032264e-04  -4.710515795219284e-04  -2.778913966517388e+02  1.485277686122070e+02  -2.428414938152770e+02  2.725416191235996e+02  -2.110040592084448e+02  -1.886461336178431e+02  -1.193512653351517e-04  -1.902311267044924e-04  1.293851383306706e-04
  3.650000000000002e-01  -9.307066614349819e+02  -7.519305117485509e+02  -7.184646898836604e+02  -1.985312258972333e+02  -4.386505681001793e+02  -1.002846579135792e+02  2.157401381660068e-05  -3.892573201014107e-05  6.492205704425265e-04  1.916538308182107e+03  7.784020414310194e+03  2.871834630657530e+03  4.463494701972335e+02  -4.380441198868247e+03  3.310839898965559e+03  -1.593668341513713e-03  7.130433839850021e-04  4.723189808104104e-03  1.001295772440817e+04  2.607506492632078e+03  3.308019855367168e+03  -4.390558045244571e+02  1.736543932569307e+03  4.867512866487025e+03  7.805660817363689e-04  1.021198485586672e-03  -5.518703340954259e-03  -6.957487753547709e+02  -9.810058976711376e+02  -5.617461028951034e+02  -5.060457451771109e+02  -2.341941016118568e+02  1.024498727744309e+02  1.491859460174480e-04  1.688466008334769e-04  5.200671965631485e-04  2.349578860802091e+02  -2.290753859225871e+02  1.567185869885562e+02  -3.075145192798775e+02  2.044564664883209e+02  2.027345306880076e+02  1.276119322008475e-04  2.077723328436181e-04  -1.291533738793772e-04  9.307066614349826e+02  7.519305117485535e+02  7.184646898836625e+02  1.985312258972339e+02  4.386505681001785e+02  1.002846579135782e+02  -2.157401381660043e-05  3.892573201014127e-05  -6.492205704425267e-04  6.957487753547719e+02  9.810058976711389e+02  5.617461028951053e+02  5.060457451771103e+02  2.341941016118583e+02  -1.024498727744297e+02  -1.491859460174476e-04  -1.688466008334772e-04  -5.200671965631489e-04  -2.349578860802109e+02  2.290753859225859e+02  -1.567185869885571e+02  3.075145192798782e+02  -2.044564664883224e+02  -2.027345306880078e+02  -1.276119322008471e-04  -2.077723328436183e-04  1.291533738793780e-04
  3.700000000000002e-01  -7.882746209301938e+02  -4.843509823594843e+02  -3.788843154385925e+02  -1.716957171638139e+02  -3.436612064099722e+02  -6.125956668987583e+01  -1.057171658969818e-05  -6.467216112804275e-05  6.859118071601652e-04  1.737506793363201e+03  8.861361544932519e+03  2.621925250256131e+03  1.287455773800661e+03  -4.247704898024750e+03  3.542577259634621e+03  -2.106719196160345e-03  7.725221432358486e-04  4.695846772302116e-03  1.017523198209586e+04  1.816361863060239e+03  2.348142822191541e+03  -8.435410905703746e+02  1.648668308750110e+03  4.740595966293396e+03  7.002669403524689e-04  1.073508213197855e-03  -6.119402759449666e-03  -5.262377477753399e+02  -7.417304868006357e+02  -2.375009895360486e+02  -4.994915626010013e+02  -1.660065902803359e+02  1.354206071485279e+02  1.278499589368686e-04  1.625199682229720e-04  5.623172949295148e-04  2.620368731548504e+02  -2.573795044411521e+02  1.413833259025406e+02  -3.277958454371877e+02  1.776546161296340e+02  1.966801738384021e+02  1.384216755265670e-04  2.271921293510150e-04  -1.235945122306490e-04  7.882746209301944e+02  4.843509823594885e+02  3.788843154385949e+02  1.716957171638144e+02  3.436612064099716e+02  6.125956668987443e+01  1.057171658969846e-05  6.467216112804292e-05  -6.859118071601652e-04  5.262377477753406e+02  7.417304868006365e+02  2.375009895360480e+02  4.994915626010005e+02  1.660065902803373e+02  -1.354206071485274e+02  -1.278499589368684e-04  -1.625199682229723e-04  -5.623172949295158e-04  -2.620368731548528e+02  2.573795044411499e+02  -1.413833259025428e+02  3.277958454371878e+02  -1.776546161296356e+02  -1.966801738384023e+02  -1.384216755265667e-04  -2.271921293510151e-04  1.235945122306501e-04
  3.750000000000002e-01  -7.351244436396378e+02  -5.025770962662912e+02  -5.384395470944950e+02  -1.037490360599156e+02  -5.389339634686472e+02  -5.390478079174925e+01  -2.355146627996127e-05  -6.560516552317097e-05  7.410190888031679e-04  3.626239701150330e+03  1.103342128473243e+04  5.942027416051444e+03  1.551700722011049e+03  -4.607905229345725e+03  3.265612900402108e+03  -2.132342776629880e-03  7.428588547697928e-04  4.669631360246252e-03  1.020824922898318e+04  1.466060499882151e+03  1.909777789087500e+03  -7.059527344826450e+02  2.374790376349926e+03  6.347013621364637e+03  5.412937821124751e-04  1.027822893095927e-03  -6.515786106335580e-03  -7.106309308624878e+02  -9.557020377193812e+02  -6.276009508511765e+02  -5.066410364924014e+02  -3.401140023005235e+02  1.698194435438152e+02  1.218059858412034e-04  1.809367834061172e-04  6.338624554644484e-04  2.449351277714795e+01  -4.531249414530915e+02  -8.916140375668319e+01  -4.028920004324860e+02  1.988199611681210e+02  2.237242243355625e+02  1.453574521211649e-04  2.465419489292884e-04  -1.071566333387182e-04  7.351244436396386e+02  5.025770962662949e+02  5.384395470944977e+02  1.037490360599158e+02  5.389339634686465e+02  5.390478079174773e+01  2.355146627996160e-05  6.560516552317112e-05  -7.410190888031679e-04  7.106309308624876e+02  9.557020377193824e+02  6.276009508511765e+02  5.066410364924007e+02  3.401140023005251e+02  -1.698194435438142e+02  -1.218059858412032e-04  -1.809367834061175e-04  -6.338624554644495e-04  -2.449351277715040e+01  4.531249414530880e+02  8.916140375668095e+01  4.028920004324862e+02  -1.988199611681228e+02  -2.237242243355626e+02  -1.453574521211645e-04  -2.465419489292885e-04  1.071566333387193e-04
  3.800000000000002e-01  -5.127258589045114e+02  -1.779172875923486e+02  -2.184477842163092e+02  -2.457866739030876e+01  -4.753964590746646e+02  -1.582355922942101e+01  -5.973526656927849e-05  -8.603023302708783e-05  7.661624197669273e-04  3.829025465268467e+03  1.244978381417567e+04  6.153196491705125e+03  2.463285893688535e+03  -4.294271324746857e+03  3.128989098710214e+03  -2.614575813590056e-03  7.761510279270399e-04  4.390316418495383e-03  1.028161578068312e+04  5.947741220801151e+02  1.088140749308810e+03  -1.146463188430982e+03  2.339194226317507e+03  6.213101019417575e+03  3.872793796826780e-04  1.048126767031822e-03  -7.085649853798558e-03  -5.363604803520035e+02  -7.028980459138678e+02  -3.821795019554790e+02  -4.576726130856584e+02  -3.011770468615617e+02  2.157713678163675e+02  9.090846614501891e-05  1.782308898197852e-04  6.848291507786042e-04  -2.363462144749246e+01  -5.249807583215199e+02  -1.637317177391681e+02  -4.330939456953506e+02  1.742194122130995e+02  2.315949270457865e+02  1.506437327142977e-04  2.642611228468734e-04  -8.133326898832116e-05  5.127258589045146e+02  1.779172875923527e+02  2.184477842163120e+02  2.457866739030874e+01  4.753964590746639e+02  1.582355922941890e+01  5.973526656927879e-05  8.603023302708808e-05  -7.661624197669273e-04  5.363604803520034e+02  7.028980459138684e+02  3.821795019554782e+02  4.576726130856576e+02  3.011770468615634e+02  -2.157713678163676e+02  -9.090846614501873e-05  -1.782308898197856e-04  -6.848291507786050e-04  2.363462144749151e+01  5.249807583215179e+02  1.637317177391662e+02  4.330939456953508e+02  -1.742194122131010e+02  -2.315949270457868e+02  -1.506437327142974e-04  -2.642611228468735e-04  8.133326898832258e-05
  3.850000000000002e-01  -3.766801854162138e+02  1.170110355304389e+02  6.298658478763215e+01  2.795741042126810e+01  -3.456610740769326e+02  5.195638118611186e+01  -1.103853422159624e-04  -1.161591373062869e-04  7.747521832545179e-04  3.006792783396886e+03  1.309123760241048e+04  5.098669222859819e+03  3.415442212783589e+03  -3.983709488442612e+03  3.248768447744239e+03  -3.151143701503558e-03  7.902368961863554e-04  3.993400343517324e-03  1.059148208392516e+04  -2.456047820403222e+02  3.613564545396565e+02  -1.551836642003613e+03  2.068913236816327e+03  5.855368453988048e+03  2.228126730568846e-04  1.077520167234806e-03  -7.578399892632602e-03  -3.515872703595013e+02  -3.930142275205978e+02  -4.119814591240790e+01  -4.185169688912297e+02  -2.124040821074688e+02  2.676815678777729e+02  4.832007390987598e-05  1.672745948691078e-04  7.273585235052576e-04  2.509291505671276e+01  -5.100252630510341e+02  -1.041847307000368e+02  -4.464743793124992e+02  1.332569919694605e+02  2.157251866916588e+02  1.587054161258390e-04  2.834337321753957e-04  -4.739365974925846e-05  3.766801854162188e+02  -1.170110355304330e+02  -6.298658478762879e+01  -2.795741042126764e+01  3.456610740769321e+02  -5.195638118611350e+01  1.103853422159627e-04  1.161591373062872e-04  -7.747521832545180e-04  3.515872703595009e+02  3.930142275205984e+02  4.119814591240670e+01  4.185169688912286e+02  2.124040821074702e+02  -2.676815678777731e+02  -4.832007390987582e-05  -1.672745948691085e-04  -7.273585235052583e-04  -2.509291505671372e+01  5.100252630510334e+02  1.041847307000376e+02  4.464743793124986e+02  -1.332569919694627e+02  -2.157251866916592e+02  -1.587054161258384e-04  -2.834337321753956e-04  4.739365974926024e-05
  3.900000000000002e-01  -9.375437614527326e+01  3.219391145266911e+02  1.986480892180664e+02  1.349079116698355e+02  -5.367718674795730e+02  6.926642129347482e+01  -1.296295932320456e-04  -1.242659938765362e-04  8.079233374298788e-04  5.654100630604969e+03  1.624141947121762e+04  9.688727503437804e+03  3.790377847549953e+03  -3.803147313530785e+03  2.588102801930387e+03  -3.148716048636907e-03  6.978475562799708e-04  3.742102578112475e-03  1.002495345491728e+04  -1.315991727639226e+03  -1.308688961443899e+03  -1.376263126803523e+03  2.887016806331697e+03  7.547908127626899e+03  3.252501958115542e-05  1.029307899816261e-03  -7.917109338050374e-03  -4.579252207247513e+02  -5.280120649056306e+02  -3.411340247768773e+02  -4.088872019031929e+02  -4.145896123403067e+02  2.922967242747055e+02  4.014881057308380e-05  1.856354140949764e-04  8.028698458791356e-04  -3.641708445794765e+02  -8.499511794323181e+02  -5.397821139949363e+02  -5.437951135730298e+02  1.221822551392630e+02  2.230303029812289e+02  1.697784038051301e-04  3.099014079715136e-04  -5.053491550741581e-06  9.375437614527725e+01  -3.219391145266861e+02  -1.986480892180626e+02  -1.349079116698351e+02  5.367718674795724e+02  -6.926642129347668e+01  1.296295932320459e-04  1.242659938765365e-04  -8.079233374298791e-04  4.579252207247499e+02  5.280120649056305e+02  3.411340247768753e+02  4.088872019031918e+02  4.145896123403083e+02  -2.922967242747058e+02  -4.014881057308369e-05  -1.856354140949770e-04  -8.028698458791363e-04  3.641708445794760e+02  8.499511794323182e+02  5.397821139949383e+02  5.437951135730295e+02  -1.221822551392655e+02  -2.230303029812291e+02  -1.697784038051295e-04  -3.099014079715135e-04  5.053491550743327e-06
  3.950000000000002e-01  1.642741847099500e+02  7.118099339324230e+02  5.164703011610467e+02  2.429263710390456e+02  -4.321430367418285e+02  1.217206543652886e+02  -1.835372255398195e-04  -1.496211859688720e-04  7.845662115810559e-04  5.173595569661849e+03  1.718496726129890e+04  9.176086441939327e+03  4.707441740366755e+03  -3.227331605977433e+03  2.255241228436280e+03  -3.606437618167307e-03  6.526676992992448e-04  3.030364525369692e-03  1.017670853263533e+04  -2.267213171646956e+03  -1.874562362168224e+03  -1.817956569268116e+03  2.668252334490424e+03  7.167984942257725e+03  -2.073300610062517e-04  1.024424089793982e-03  -8.302899480160358e-03  -2.470963120670815e+02  -1.791966654329424e+02  -5.558727841050271e+01  -3.193720141210860e+02  -3.542694511054074e+02  3.447582992188140e+02  -1.148102195269280e-05  1.779862726944933e-04  8.457214321048582e-04  -4.113704967770334e+02  -8.910065993653661e+02  -5.720575795715440e+02  -5.622983851601329e+02  7.787358563641803e+01  2.230376448535242e+02  1.720562035871276e-04  3.276074586633662e-04  6.115522052380345e-05  -1.642741847099473e+02  -7.118099339324207e+02  -5.164703011610453e+02  -2.429263710390449e+02  4.321430367418284e+02  -1.217206543652900e+02  1.835372255398197e-04  1.496211859688722e-04  -7.845662115810566e-04  2.470963120670807e+02  1.791966654329430e+02  5.558727841050145e+01  3.193720141210847e+02  3.542694511054090e+02  -3.447582992188142e+02  1.148102195269292e-05  -1.779862726944940e-04  -8.457214321048589e-04  4.113704967770295e+02  8.910065993653641e+02  5.720575795715430e+02  5.622983851601326e+02  -7.787358563642069e+01  -2.230376448535237e+02  -1.720562035871268e-04  -3.276074586633660e-04  -6.115522052380190e-05
  4.000000000000002e-01  2.567210717371141e+02  9.887734197568675e+02  6.437659474124705e+02  3.234068797852277e+02  -2.754655900401754e+02  2.127443419251105e+02  -2.544191623149798e-04  -1.840067889365938e-04  7.416445575196782e-04  3.598922484313182e+03  1.727765397988693e+04  7.327688642022254e+03  5.643429124430565e+03  -2.758064146106697e+03  2.219223501838002e+03  -4.082208171212044e-03  5.743231436186726e-04  2.198403794161944e-03  1.065176578090718e+04  -3.114287704350790e+03  -2.176871716321247e+03  -2.202166132042904e+03  2.181576835462865e+03  6.547099904010687e+03  -4.424772555681702e-04  1.037537031168986e-03  -8.571484549839038e-03  -8.497501332426565e+01  1.770414634497875e+02  2.376530738335120e+02  -2.402935783906376e+02  -2.488740081754211e+02  4.120767248436419e+02  -7.721152093980916e-05  1.620169382006577e-04  8.788384607691351e-04  -3.416960850613828e+02  -8.117319563070789e+02  -4.061128735789535e+02  -5.637004581758683e+02  2.659158186475266e+01  1.993323829185308e+02  1.772076413751718e-04  3.460237271372524e-04  1.371939032494583e-04  -2.567210717371114e+02  -9.887734197568627e+02  -6.437659474124730e+02  -3.234068797852268e+02  2.754655900401770e+02  -2.127443419251111e+02  2.544191623149802e-04  1.840067889365938e-04  -7.416445575196789e-04  8.497501332426539e+01  -1.770414634497880e+02  -2.376530738335156e+02  2.402935783906362e+02  2.488740081754218e+02  -4.120767248436419e+02  7.721152093980931e-05  -1.620169382006583e-04  -8.788384607691356e-04  3.416960850613778e+02  8.117319563070743e+02  4.061128735789542e+02  5.637004581758671e+02  -2.659158186475463e+01  -1.993323829185310e+02  -1.772076413751711e-04  -3.460237271372519e-04  -1.371939032494566e-04
  4.050000000000002e-01  8.244637000182844e+02  1.480923088129646e+03  1.155766138669557e+03  4.772448138579605e+02  -4.247829678806418e+02  2.442420146284637e+02  -2.809256526712310e-04  -2.020831670875627e-04  7.348413328286520e-04  6.652132706359730e+03  2.111238915098753e+04  1.254084351767433e+04  6.110970129622089e+03  -1.890141676073005e+03  1.096166151368090e+03  -4.036460625985546e-03  4.128236650827018e-04  1.690335285999467e-03  9.402998669910192e+03  -4.980304216957071e+03  -5.117397162266680e+03  -2.006393026947353e+03  3.038820328057591e+03  8.176586142883140e+03  -6.573491102867844e-04  9.902725804997376e-04  -8.790304468941279e-03  -6.593450961597010e+01  1.804214358319560e+02  1.138271714246927e+02  -2.070130041972636e+02  -4.575483568923157e+02  4.149544297325520e+02  -8.677612982802783e-05  1.777190020670930e-04  9.483017526568686e-04  -8.903982096342565e+02  -1.300501652297690e+03  -1.041938967244855e+03  -6.842578180552268e+02  -3.276538901167536e+01  1.707124151040883e+02  1.941495228432043e-04  3.798021691546567e-04  2.134604198282174e-04  -8.244637000182826e+02  -1.480923088129643e+03  -1.155766138669559e+03  -4.772448138579588e+02  4.247829678806427e+02  -2.442420146284640e+02  2.809256526712314e-04  2.020831670875628e-04  -7.348413328286528e-04  6.593450961596848e+01  -1.804214358319574e+02  -1.138271714246990e+02  2.070130041972621e+02  4.575483568923171e+02  -4.149544297325520e+02  8.677612982802798e-05  -1.777190020670936e-04  -9.483017526568688e-04  8.903982096342506e+02  1.300501652297685e+03  1.041938967244857e+03  6.842578180552251e+02  3.276538901167339e+01  -1.707124151040880e+02  -1.941495228432036e-04  -3.798021691546564e-04  -2.134604198282158e-04
  4.100000000000003e-01  1.079404590291071e+03  1.891856938548306e+03  1.395322966440910e+03  6.088328579658676e+02  -2.811251740409356e+02  3.006301575765888e+02  -3.534257094623824e-04  -2.338288901753991e-04  6.367433791926422e-04  5.338095202917450e+03  2.143348104891477e+04  1.128669276202297e+04  6.882211145059527e+03  -1.105170725211085e+03  5.655233579792726e+02  -4.379935856898041e-03  2.430122893838770e-04  5.286180543209047e-04  9.622693745372200e+03  -5.988072711162014e+03  -5.275660516812046e+03  -2.430753069309685e+03  2.605411188040058e+03  7.535493744565148e+03  -9.606101441631694e-04  9.711563237606653e-04  -8.871506404500523e-03  1.448906429818647e+02  6.050257770540909e+02  3.925765212489881e+02  -7.518461895866537e+01  -3.744985728321130e+02  4.645889606589150e+02  -1.589619625914675e-04  1.635494855439884e-04  9.693245942612640e-04  -9.345139473092108e+02  -1.286831161494215e+03  -1.002746445191916e+03  -6.840174769245361e+02  -9.337339879117735e+01  1.639588030823270e+02  1.944637468709159e-04  3.973783757193882e-04  3.325812150686219e-04  -1.079404590291069e+03  -1.891856938548304e+03  -1.395322966440913e+03  -6.088328579658663e+02  2.811251740409379e+02  -3.006301575765892e+02  3.534257094623823e-04  2.338288901753992e-04  -6.367433791926429e-04  -1.448906429818663e+02  -6.050257770540921e+02  -3.925765212489923e+02  7.518461895866416e+01  3.744985728321144e+02  -4.645889606589149e+02  1.589619625914676e-04  -1.635494855439890e-04  -9.693245942612640e-04  9.345139473092045e+02  1.286831161494209e+03  1.002746445191916e+03  6.840174769245343e+02  9.337339879117471e+01  -1.639588030823268e+02  -1.944637468709152e-04  -3.973783757193880e-04  -3.325812150686203e-04
  4.150000000000003e-01  1.824003292520293e+03  2.566431962076945e+03  2.144558445989923e+03  7.918018845436166e+02  -3.802957933946474e+02  3.498031060888102e+02  -3.858833213039957e-04  -2.612290092807912e-04  6.002787857694679e-04  8.354849813053843e+03  2.541611183960033e+04  1.637840722094556e+04  7.391387763456227e+03  1.765536822581401e+02  -7.799941753753704e+02  -4.313386936685251e-03  4.047532454439550e-05  -9.938561404897163e-05  7.978596965308884e+03  -8.303848293825244e+03  -8.911091628861242e+03  -2.233254772770755e+03  3.444458304570549e+03  9.037888225013488e+03  -1.176276054553402e-03  9.300129291777719e-04  -9.000557285496345e-03  2.654258664313044e+02  7.242963277551787e+02  4.310372725960200e+02  -2.652373581594006e+01  -5.666422587950440e+02  4.523771812643237e+02  -1.689931096305411e-04  1.744359916251859e-04  1.027637195422848e-03  -1.558577426088991e+03  -1.842135634321768e+03  -1.713521173393896e+03  -8.183256203595598e+02  -1.863464654003974e+02  1.025740751755148e+02  2.168902116734554e-04  4.356650009059776e-04  4.273584096533804e-04  -1.824003292520292e+03  -2.566431962076944e+03  -2.144558445989926e+03  -7.918018845436153e+02  3.802957933946489e+02  -3.498031060888108e+02  3.858833213039957e-04  2.612290092807911e-04  -6.002787857694686e-04  -2.654258664313073e+02  -7.242963277551806e+02  -4.310372725960269e+02  2.652373581593890e+01  5.666422587950450e+02  -4.523771812643236e+02  1.689931096305411e-04  -1.744359916251864e-04  -1.027637195422848e-03  1.558577426088985e+03  1.842135634321760e+03  1.713521173393894e+03  8.183256203595581e+02  1.863464654003941e+02  -1.025740751755144e+02  -2.168902116734549e-04  -4.356650009059775e-04  -4.273584096533790e-04
  4.200000000000003e-01  1.961305045306684e+03  2.907878594199457e+03  2.187820701036076e+03  9.212592707400469e+02  -1.772936174186339e+02  4.476430612105880e+02  -4.776369035942435e-04  -3.030789669077117e-04  4.542923950085538e-04  5.938402479512743e+03  2.497454287611434e+04  1.376050581198844e+04  8.163974374874945e+03  1.060448532514556e+03  -1.273186940111454e+03  -4.589813068659310e-03  -1.969223661422727e-04  -1.482272792461370e-03  8.296280654090846e+03  -9.466880562927725e+03  -9.060086001025669e+03  -2.592657172415627e+03  2.728098065908385e+03  8.063420901873944e+03  -1.467044849173467e-03  9.380950715560261e-04  -8.840986529386341e-03  4.147193621322663e+02  1.166818120189939e+03  6.901330150563558e+02  1.095438729977557e+02  -4.441350161145576e+02  5.045131094115306e+02  -2.553955563742238e-04  1.516429332363882e-04  1.030800473243043e-03  -1.546585683174419e+03  -1.741060474009509e+03  -1.497687685979717e+03  -8.117153977422945e+02  -2.668413986959247e+02  5.687004820094326e+01  2.222413472200206e-04  4.547219001441000e-04  5.765080782344888e-04  -1.961305045306681e+03  -2.907878594199448e+03  -2.187820701036080e+03  -9.212592707400456e+02  1.772936174186351e+02  -4.476430612105880e+02  4.776369035942435e-04  3.030789669077115e-04  -4.542923950085547e-04  -4.147193621322674e+02  -1.166818120189940e+03  -6.901330150563604e+02  -1.095438729977569e+02  4.441350161145579e+02  -5.045131094115302e+02  2.553955563742239e-04  -1.516429332363887e-04  -1.030800473243043e-03  1.546585683174417e+03  1.741060474009502e+03  1.497687685979718e+03  8.117153977422925e+02  2.668413986959229e+02  -5.687004820094225e+01  -2.222413472200200e-04  -4.547219001441000e-04  -5.765080782344875e-04
  4.250000000000003e-01  2.167163405862958e+03  3.283420799519420e+03  2.273062590893137e+03  1.065452122114265e+03  -6.470593484455525e+00  4.911566173200697e+02  -5.665451276669536e-04  -3.431595638588332e-04  2.599626392133918e-04  3.762740116547092e+03  2.461610082011789e+04  1.195649667293780e+04  8.620732546622015e+03  1.941118679028440e+03  -1.965965910326837e+03  -4.719635405700381e-03  -5.245061659557988e-04  -3.019990082088482e-03  8.531398031160112e+03  -1.052852030418997e+04  -8.717522425525080e+03  -2.987977786072194e+03  2.076753066197092e+03  7.189947506951134e+03  -1.797617885254991e-03  9.212590072961473e-04  -8.514037952587549e-03  5.740057687899996e+02  1.632076680335336e+03  9.039470864546728e+02  2.788806193742815e+02  -3.407818604841997e+02  5.390416992287736e+02  -3.438689280941784e-04  1.285477792517016e-04  1.014486408450293e-03  -1.593157637072956e+03  -1.651344119184076e+03  -1.369115504438462e+03  -7.865715027399875e+02  -3.343112669997434e+02  4.788508190870474e+01  2.226761995727761e-04  4.717073431105350e-04  7.545237692369004e-04  -2.167163405862952e+03  -3.283420799519414e+03  -2.273062590893134e+03  -1.065452122114264e+03  6.470593484458388e+00  -4.911566173200692e+02  5.665451276669535e-04  3.431595638588327e-04  -2.599626392133925e-04  -5.740057687899998e+02  -1.632076680335339e+03  -9.039470864546748e+02  -2.788806193742830e+02  3.407818604841989e+02  -5.390416992287738e+02  3.438689280941786e-04  -1.285477792517018e-04  -1.014486408450292e-03  1.593157637072957e+03  1.651344119184070e+03  1.369115504438466e+03  7.865715027399846e+02  3.343112669997418e+02  -4.788508190870382e+01  -2.226761995727755e-04  -4.717073431105351e-04  -7.545237692368995e-04
  4.300000000000003e-01  3.198393397674480e+03  4.266957808698718e+03  3.389540418498414e+03  1.301844628722370e+03  8.013240737812819e+00  5.561198549536680e+02  -6.069784935112693e-04  -3.840272047716187e-04  1.584394020528232e-04  6.279115967255386e+03  2.841270036679815e+04  1.607582187150231e+04  9.155365570709222e+03  3.928964011527312e+03  -3.814640486030501e+03  -4.588667998314818e-03  -7.833201805352942e-04  -3.867431043790343e-03  6.241392208531811e+03  -1.356583917343954e+04  -1.328059767936254e+04  -2.817729094345555e+03  2.850796882332239e+03  8.375605739227003e+03  -2.018240273706528e-03  8.884200875999487e-04  -8.431302731519956e-03  8.647354010700201e+02  1.966275485133917e+03  1.220329223110943e+03  3.597145065610155e+02  -4.850873866191978e+02  4.807747723434624e+02  -3.527626075572890e-04  1.314859277435761e-04  1.047067311473766e-03  -2.333657996604457e+03  -2.300682323564794e+03  -2.169211195387462e+03  -9.421301221613595e+02  -4.931006273570090e+02  -7.534508261020321e+01  2.542158859539812e-04  5.155131325151951e-04  8.886279094209413e-04  -3.198393397674473e+03  -4.266957808698713e+03  -3.389540418498408e+03  -1.301844628722369e+03  -8.013240737809840e+00  -5.561198549536675e+02  6.069784935112694e-04  3.840272047716182e-04  -1.584394020528237e-04  -8.647354010700215e+02  -1.966275485133920e+03  -1.220329223110946e+03  -3.597145065610168e+02  4.850873866191972e+02  -4.807747723434626e+02  3.527626075572892e-04  -1.314859277435764e-04  -1.047067311473764e-03  2.333657996604458e+03  2.300682323564787e+03  2.169211195387466e+03  9.421301221613566e+02  4.931006273570075e+02  7.534508261020480e+01  -2.542158859539807e-04  -5.155131325151952e-04  -8.886279094209407e-04
  4.350000000000003e-01  3.206917975469194e+03  4.475690909915191e+03  3.098495922514021e+03  1.448826579346314e+03  2.135438508339365e+02  6.362126480641790e+02  -7.119066165368329e-04  -4.308984934660278e-04  -8.640937437030492e-05  2.977219599208207e+03  2.719885405697584e+04  1.287612315017421e+04  9.549150475992590e+03  4.753750367734382e+03  -4.459321523170536e+03  -4.591810760084365e-03  -1.175458062840194e-03  -5.540162028086847e-03  6.653297545361033e+03  -1.466290493745242e+04  -1.261777137227014e+04  -3.155367286914235e+03  1.909628567394587e+03  7.137484791000952e+03  -2.307172469448320e-03  9.097736608558851e-04  -7.823649723194883e-03  8.887332994104507e+02  2.388764256620152e+03  1.303703994337937e+03  5.357014995020871e+02  -3.499009252685377e+02  5.173502604357260e+02  -4.521568915514443e-04  1.001393661390113e-04  1.006748842020107e-03  -2.318184676058739e+03  -2.086926653295026e+03  -1.794791928176080e+03  -9.131250798442321e+02  -5.634447761024713e+02  -1.188623876284501e+02  2.597497249853896e-04  5.310378596050393e-04  1.093158216390410e-03  -3.206917975469186e+03  -4.475690909915183e+03  -3.098495922514016e+03  -1.448826579346312e+03  -2.135438508339324e+02  -6.362126480641776e+02  7.119066165368330e-04  4.308984934660273e-04  8.640937437030377e-05  -8.887332994104530e+02  -2.388764256620154e+03  -1.303703994337941e+03  -5.357014995020885e+02  3.499009252685351e+02  -5.173502604357265e+02  4.521568915514444e-04  -1.001393661390114e-04  -1.006748842020105e-03  2.318184676058738e+03  2.086926653295022e+03  1.794791928176082e+03  9.131250798442292e+02  5.634447761024711e+02  1.188623876284515e+02  -2.597497249853889e-04  -5.310378596050395e-04  -1.093158216390410e-03
  4.400000000000003e-01  3.318334646074799e+03  4.755494528783340e+03  2.974252342698776e+03  1.588500679624643e+03  3.891348312053927e+02  6.457333826487819e+02  -8.107696925790319e-04  -4.811952755842427e-04  -3.866015534958188e-04  5.265349087425763e+01  2.620298007212192e+04  1.091164259043483e+04  9.527195995126911e+03  5.576342431284737e+03  -5.240478907080211e+03  -4.412722693254129e-03  -1.669824635206941e-03  -7.285819482602068e-03  6.811597938500078e+03  -1.579781446435927e+04  -1.176930630196477e+04  -3.515249046985411e+03  1.070113933622046e+03  6.105899655925710e+03  -2.620660730441778e-03  9.146690554878496e-04  -7.020710559349120e-03  9.355335380521981e+02  2.848886662512996e+03  1.395456359191114e+03  7.297426563214697e+02  -2.333708565317307e+02  5.235232797282293e+02  -5.476647892960278e-04  6.483868423497504e-05  9.387449365928292e-04  -2.382801108022591e+03  -1.906607866270338e+03  -1.578795983507665e+03  -8.587580233031764e+02  -6.225056877371219e+02  -1.222101029205503e+02  2.631049032830049e-04  5.460339598192175e-04  1.325346490088645e-03  -3.318334646074795e+03  -4.755494528783337e+03  -2.974252342698780e+03  -1.588500679624639e+03  -3.891348312053892e+02  -6.457333826487813e+02  8.107696925790318e-04  4.811952755842415e-04  3.866015534958174e-04  -9.355335380522010e+02  -2.848886662512999e+03  -1.395456359191118e+03  -7.297426563214721e+02  2.333708565317281e+02  -5.235232797282293e+02  5.476647892960281e-04  -6.483868423497500e-05  -9.387449365928269e-04  2.382801108022596e+03  1.906607866270334e+03  1.578795983507664e+03  8.587580233031748e+02  6.225056877371210e+02  1.222101029205539e+02  -2.631049032830043e-04  -5.460339598192182e-04  -1.325346490088645e-03
  4.450000000000003e-01  4.567019463808120e+03  5.992850471886590e+03  4.349405469266156e+03  1.874192253171168e+03  5.616464627492639e+02  7.175645667592328e+02  -8.579205932352245e-04  -5.356989415808432e-04  -5.640601181101501e-04  1.425933770865096e+03  2.913139251505746e+04  1.297128005363689e+04  1.001807023099720e+04  8.120818116685969e+03  -7.547874300046467e+03  -4.206271120612800e-03  -1.965670176981711e-03  -8.270363488627242e-03  4.008625201553298e+03  -1.938518909595114e+04  -1.679953547302286e+04  -3.412649720489372e+03  1.709684982058414e+03  6.837517181559964e+03  -2.829906771003685e-03  8.944946330984219e-04  -6.678539668596445e-03  1.388899445815162e+03  3.418093284956195e+03  2.008241594352700e+03  8.437704517202841e+02  -2.875742455163095e+02  3.976563968723419e+02  -5.521184863123575e-04  5.690086275831775e-05  9.318950640595580e-04  -3.178120017992947e+03  -2.574757186930386e+03  -2.341163874913459e+03  -1.030421801450887e+03  -8.492207082655730e+02  -3.199081698868875e+02  3.058021069228676e-04  5.925998043391605e-04  1.495955182169705e-03  -4.567019463808116e+03  -5.992850471886588e+03  -4.349405469266160e+03  -1.874192253171163e+03  -5.616464627492616e+02  -7.175645667592322e+02  8.579205932352243e-04  5.356989415808416e-04  5.640601181101487e-04  -1.388899445815165e+03  -3.418093284956199e+03  -2.008241594352704e+03  -8.437704517202865e+02  2.875742455163079e+02  -3.976563968723420e+02  5.521184863123578e-04  -5.690086275831776e-05  -9.318950640595556e-04  3.178120017992951e+03  2.574757186930386e+03  2.341163874913461e+03  1.030421801450885e+03  8.492207082655721e+02  3.199081698868913e+02  -3.058021069228671e-04  -5.925998043391612e-04  -1.495955182169705e-03
  4.500000000000003e-01  4.406416429054459e+03  6.004122536043000e+03  3.675270367508163e+03  2.021942502350135e+03  7.312355574023733e+02  7.496137316975370e+02  -9.652373918031256e-04  -5.871873379707529e-04  -9.071356102180439e-04  -2.502155891228595e+03  2.728502209081930e+04  9.805469266638502e+03  9.865428048735650e+03  8.704131414627847e+03  -8.261341588196219e+03  -3.846523289106553e-03  -2.506264794184596e-03  -1.001686367647617e-02  4.427900815522897e+03  -2.040487330315170e+04  -1.528660278880859e+04  -3.730533986956222e+03  6.090882963442259e+02  5.448670214009078e+03  -3.072880631834874e-03  9.457860782171119e-04  -5.587159507959500e-03  1.219308202738581e+03  3.764059700963123e+03  1.846696868169706e+03  1.045990567273818e+03  -1.556378425037562e+02  4.044632390204213e+02  -6.518611302098483e-04  1.457748596791155e-05  8.363804303497442e-04  -3.187108226315866e+03  -2.240062835079869e+03  -1.828573499338462e+03  -9.759519350763208e+02  -8.868733999061277e+02  -3.451504926771133e+02  3.133762615932779e-04  6.017648239386637e-04  1.743516040567784e-03  -4.406416429054456e+03  -6.004122536042999e+03  -3.675270367508175e+03  -2.021942502350131e+03  -7.312355574023707e+02  -7.496137316975359e+02  9.652373918031254e-04  5.871873379707514e-04  9.071356102180418e-04  -1.219308202738584e+03  -3.764059700963129e+03  -1.846696868169705e+03  -1.045990567273820e+03  1.556378425037544e+02  -4.044632390204214e+02  6.518611302098487e-04  -1.457748596791177e-05  -8.363804303497417e-04  3.187108226315869e+03  2.240062835079872e+03  1.828573499338466e+03  9.759519350763217e+02  8.868733999061283e+02  3.451504926771170e+02  -3.133762615932780e-04  -6.017648239386647e-04  -1.743516040567785e-03
  4.550000000000003e-01  4.386522576676808e+03  6.132978061205795e+03  3.326349204495718e+03  2.133980661254043e+03  8.799967122252435e+02  7.034561630172573e+02  -1.062424640204701e-03  -6.486145043297961e-04  -1.304284751670302e-03  -5.930857574624331e+03  2.577792491678250e+04  8.202553475261069e+03  9.229091614120307e+03  9.306147437924919e+03  -9.025107461982698e+03  -3.283335197274441e-03  -3.145018737148471e-03  -1.172559911630152e-02  4.390357211342175e+03  -2.164794592169955e+04  -1.403004903068594e+04  -4.050057905087354e+03  -3.556539605046433e+02  4.372150065183534e+03  -3.324113226903843e-03  9.911710907349665e-04  -4.291941988221833e-03  1.091286415192743e+03  4.168884389172264e+03  1.774586914594406e+03  1.243346198111899e+03  -3.793459976400690e+01  3.708234625763011e+02  -7.398282305301360e-04  -3.682142478619419e-05  7.070860726864376e-04  -3.295236161484050e+03  -1.964093672033519e+03  -1.551762289901312e+03  -8.906344631421473e+02  -9.179313119892505e+02  -3.326327004409538e+02  3.225964096745655e-04  6.117930795436013e-04  2.011370824356736e-03  -4.386522576676803e+03  -6.132978061205785e+03  -3.326349204495729e+03  -2.133980661254039e+03  -8.799967122252416e+02  -7.034561630172568e+02  1.062424640204700e-03  6.486145043297941e-04  1.304284751670301e-03  -1.091286415192748e+03  -4.168884389172272e+03  -1.774586914594411e+03  -1.243346198111902e+03  3.793459976400433e+01  -3.708234625763016e+02  7.398282305301365e-04  3.682142478619415e-05  -7.070860726864346e-04  3.295236161484054e+03  1.964093672033522e+03  1.551762289901314e+03  8.906344631421479e+02  9.179313119892500e+02  3.326327004409583e+02  -3.225964096745656e-04  -6.117930795436025e-04  -2.011370824356737e-03
  4.600000000000003e-01  5.721060868620281e+03  7.505928049620519e+03  4.765732688315140e+03  2.456148754070263e+03  1.244219253088441e+03  7.648992963480489e+02  -1.113585722483507e-03  -7.149640489664029e-04  -1.558656672710705e-03  -6.266841892384318e+03  2.717470134040894e+04  7.283103279847666e+03  9.596354783408666e+03  1.212848384283038e+04  -1.167378837146425e+04  -2.996975741222757e-03  -3.450795184478799e-03  -1.271838170474488e-02  1.293344834821956e+03  -2.552226744764144e+04  -1.891615665487346e+04  -4.057064523196733e+03  8.702177554398290e+01  4.555738653668588e+03  -3.503197465166907e-03  9.874160351139132e-04  -3.664980402481358e-03  1.661848104661734e+03  4.959160582835483e+03  2.649992061668785e+03  1.386271260478964e+03  4.019730463621291e+01  1.539879241327534e+02  -7.353427190892366e-04  -5.787697360474205e-05  6.493288235779444e-04  -4.059212763958535e+03  -2.546767466785024e+03  -2.115740626646352e+03  -1.069877493591302e+03  -1.204021948452227e+03  -6.109113722152912e+02  3.782430033942708e-04  6.570870753616599e-04  2.207985496288645e-03  -5.721060868620276e+03  -7.505928049620511e+03  -4.765732688315153e+03  -2.456148754070258e+03  -1.244219253088440e+03  -7.648992963480484e+02  1.113585722483506e-03  7.149640489664009e-04  1.558656672710704e-03  -1.661848104661739e+03  -4.959160582835491e+03  -2.649992061668786e+03  -1.386271260478967e+03  -4.019730463621639e+01  -1.539879241327539e+02  7.353427190892371e-04  5.787697360474190e-05  -6.493288235779411e-04  4.059212763958536e+03  2.546767466785027e+03  2.115740626646356e+03  1.069877493591303e+03  1.204021948452227e+03  6.109113722152974e+02  -3.782430033942712e-04  -6.570870753616611e-04  -2.207985496288647e-03
  4.650000000000003e-01  5.372945130703564e+03  7.274959767479650e+03  3.732194375540730e+03  2.580560702911953e+03  1.331789865176077e+03  7.179628491215993e+02  -1.206811892238281e-03  -7.694207529963824e-04  -1.978422495014881e-03  -1.042646294246822e+04  2.492649802544230e+04  4.890200153023127e+03  8.768494805390499e+03  1.231000782157835e+04  -1.234196340052255e+04  -2.214431285585701e-03  -4.102257229582506e-03  -1.426367556287543e-02  1.601398611115533e+03  -2.647686111779810e+04  -1.665143341749530e+04  -4.355053398859550e+03  -1.072360067913556e+03  3.171048430671074e+03  -3.660764647005888e-03  1.082064120429185e-03  -2.112875871126851e-03  1.238851596111255e+03  5.176120417422783e+03  2.207941702990794e+03  1.591670280362010e+03  1.476393481563500e+02  1.191055557905249e+02  -8.174082965493826e-04  -1.140047401194253e-04  4.934598247364270e-04  -4.134093534592308e+03  -2.098839350056855e+03  -1.524252672549937e+03  -9.888904225499479e+02  -1.184150517019727e+03  -5.988572933310713e+02  3.894035956888978e-04  6.554160128769568e-04  2.471882319751303e-03  -5.372945130703565e+03  -7.274959767479632e+03  -3.732194375540735e+03  -2.580560702911949e+03  -1.331789865176077e+03  -7.179628491216007e+02  1.206811892238280e-03  7.694207529963805e-04  1.978422495014880e-03  -1.238851596111260e+03  -5.176120417422791e+03  -2.207941702990794e+03  -1.591670280362015e+03  -1.476393481563512e+02  -1.191055557905252e+02  8.174082965493831e-04  1.140047401194258e-04  -4.934598247364234e-04  4.134093534592312e+03  2.098839350056864e+03  1.524252672549940e+03  9.888904225499481e+02  1.184150517019727e+03  5.988572933310783e+02  -3.894035956888989e-04  -6.554160128769582e-04  -2.471882319751306e-03
  4.700000000000003e-01  6.683368700968449e+03  8.654469420162859e+03  5.107266962770296e+03  2.915914439846119e+03  1.814448859906500e+03  7.678979413203880e+02  -1.258806688262689e-03  -8.424401950529978e-04  -2.271285475574469e-03  -1.191015805041539e+04  2.522642001255972e+04  1.994848855937852e+03  9.040532072993248e+03  1.514996418654232e+04  -1.509512867067235e+04  -1.891227891859482e-03  -4.397214812425810e-03  -1.519701263193176e-02  -1.536837745709031e+03  -3.037114978184403e+04  -2.119063093225084e+04  -4.431778136308044e+03  -7.570367771118980e+02  3.020043093553725e+03  -3.812089948873633e-03  1.090144029109351e-03  -1.331845584556556e-03  1.847016235061646e+03  6.073206091406269e+03  3.210356720395381e+03  1.746990593851182e+03  3.177333335083240e+02  -1.548201031967913e+02  -8.060624442877744e-04  -1.439213011175744e-04  4.038792134807348e-04  -4.836352465906792e+03  -2.581263328756578e+03  -1.896910242374913e+03  -1.168923845994940e+03  -1.496715526398176e+03  -9.227180445171737e+02  4.527442439749145e-04  6.985188939354227e-04  2.675164689055197e-03  -6.683368700968441e+03  -8.654469420162848e+03  -5.107266962770304e+03  -2.915914439846115e+03  -1.814448859906502e+03  -7.678979413203898e+02  1.258806688262688e-03  8.424401950529959e-04  2.271285475574467e-03  -1.847016235061652e+03  -6.073206091406277e+03  -3.210356720395380e+03  -1.746990593851187e+03  -3.177333335083262e+02  1.548201031967914e+02  8.060624442877747e-04  1.439213011175749e-04  -4.038792134807309e-04  4.836352465906799e+03  2.581263328756586e+03  1.896910242374914e+03  1.168923845994941e+03  1.496715526398175e+03  9.227180445171824e+02  -4.527442439749160e-04  -6.985188939354244e-04  -2.675164689055201e-03
  4.750000000000003e-01  6.431982728965653e+03  8.542249445551068e+03  4.436693923471126e+03  2.972408892416425e+03  1.986921259984970e+03  6.244394171632440e+02  -1.336045640308125e-03  -9.148800737811974e-04  -2.759026821036201e-03  -1.643566893459063e+04  2.242228825901800e+04  -2.624076278103859e+02  7.598030527581684e+03  1.527480436039685e+04  -1.576039693157893e+04  -8.664956503872755e-04  -5.113560274690370e-03  -1.648626574043193e-02  -1.854911150991938e+03  -3.169082153826018e+04  -1.922596863936343e+04  -4.778618079439138e+03  -1.872227875345630e+03  1.789062594072297e+03  -3.941623228905489e-03  1.196874584698745e-03  5.351501828947424e-04  1.483643218761179e+03  6.436225282633899e+03  3.006013975710459e+03  1.923796630134962e+03  4.959451783787885e+02  -2.911284560885831e+02  -8.594064585518499e-04  -2.206312691416175e-04  1.864485435813797e-04  -4.948339510204456e+03  -2.106024162917152e+03  -1.430679947760674e+03  -1.048612262281469e+03  -1.490976081606181e+03  -9.155678732518215e+02  4.766391817562734e-04  6.942488046395796e-04  2.945475364617576e-03  -6.431982728965648e+03  -8.542249445551051e+03  -4.436693923471131e+03  -2.972408892416424e+03  -1.986921259984974e+03  -6.244394171632435e+02  1.336045640308124e-03  9.148800737811956e-04  2.759026821036201e-03  -1.483643218761182e+03  -6.436225282633904e+03  -3.006013975710454e+03  -1.923796630134967e+03  -4.959451783787916e+02  2.911284560885817e+02  8.594064585518511e-04  2.206312691416180e-04  -1.864485435813754e-04  4.948339510204469e+03  2.106024162917163e+03  1.430679947760674e+03  1.048612262281472e+03  1.490976081606182e+03  9.155678732518278e+02  -4.766391817562757e-04  -6.942488046395814e-04  -2.945475364617579e-03
  4.800000000000003e-01  5.905184254580957e+03  8.052429714073311e+03  3.151257595908847e+03  3.042838679919176e+03  1.945120547182766e+03  4.734504620814294e+02  -1.393397007898006e-03  -9.685394309486935e-04  -3.210324347217395e-03  -2.035124040162801e+04  2.004791461551447e+04  -1.163761663380572e+03  6.028461070262498e+03  1.495422131620531e+04  -1.625338751117698e+04  3.541891805774528e-04  -5.808537269913034e-03  -1.753866324356712e-02  -1.786988146708781e+03  -3.260544028491373e+04  -1.644375357389711e+04  -5.047576129602215e+03  -2.963914657605641e+03  5.865615900333479e+02  -3.987426237502028e-03  1.341165170952347e-03  2.460246586156967e-03  7.663828057608556e+02  6.484061809904867e+03  2.296462736340125e+03  2.100596560145322e+03  5.545822465593369e+02  -3.738103566472006e+02  -9.014034841179914e-04  -2.931921513434234e-04  -2.527968513186955e-05  -5.138801448820079e+03  -1.568367904168425e+03  -8.547948595687241e+02  -9.422421197738587e+02  -1.390538300623429e+03  -8.472608187286251e+02  4.919935237800127e-04  6.753472796052700e-04  3.185044662085519e-03  -5.905184254580953e+03  -8.052429714073299e+03  -3.151257595908855e+03  -3.042838679919173e+03  -1.945120547182772e+03  -4.734504620814291e+02  1.393397007898005e-03  9.685394309486918e-04  3.210324347217394e-03  -7.663828057608583e+02  -6.484061809904875e+03  -2.296462736340119e+03  -2.100596560145328e+03  -5.545822465593395e+02  3.738103566471996e+02  9.014034841179926e-04  2.931921513434242e-04  2.527968513187347e-05  5.138801448820097e+03  1.568367904168431e+03  8.547948595687286e+02  9.422421197738638e+02  1.390538300623430e+03  8.472608187286302e+02  -4.919935237800155e-04  -6.753472796052717e-04  -3.185044662085522e-03
  4.850000000000003e-01  6.988093175740528e+03  9.271218393181145e+03  4.154212057941443e+03  3.375509565711579e+03  2.633810296988972e+03  4.705482568867243e+02  -1.441759320827802e-03  -1.045938306942621e-03  -3.553739648722233e-03  -2.403385501949997e+04  1.806405242318792e+04  -7.754697017197623e+03  6.057577551991116e+03  1.744906542502952e+04  -1.902629073402925e+04  7.442675717179698e-04  -6.059446891529591e-03  -1.822256335618378e-02  -4.733636166477557e+03  -3.623727308981062e+04  -1.972129550453759e+04  -5.284189988247503e+03  -2.910480493812719e+03  -1.390909413015754e+02  -4.080688532654976e-03  1.368387941860178e-03  3.505063605871529e-03  1.341336378026295e+03  7.501826488465979e+03  3.392802887740020e+03  2.265561243338724e+03  9.073762066991699e+02  -7.715459001548257e+02  -8.723504683374071e-04  -3.372533147210703e-04  -1.725110019648775e-04  -5.646756797714209e+03  -1.769391904715142e+03  -7.614091702014204e+02  -1.109948322372859e+03  -1.726434090289801e+03  -1.242094157041543e+03  5.694088524903923e-04  7.086849922215502e-04  3.381228646757348e-03  -6.988093175740528e+03  -9.271218393181132e+03  -4.154212057941461e+03  -3.375509565711577e+03  -2.633810296988978e+03  -4.705482568867250e+02  1.441759320827801e-03  1.045938306942619e-03  3.553739648722233e-03  -1.341336378026293e+03  -7.501826488465985e+03  -3.392802887740017e+03  -2.265561243338730e+03  -9.073762066991718e+02  7.715459001548248e+02  8.723504683374085e-04  3.372533147210714e-04  1.725110019648813e-04  5.646756797714229e+03  1.769391904715149e+03  7.614091702014249e+02  1.109948322372865e+03  1.726434090289802e+03  1.242094157041548e+03  -5.694088524903957e-04  -7.086849922215519e-04  -3.381228646757352e-03
  4.900000000000003e-01  6.476677199795149e+03  8.840483328641727e+03  3.264474114481631e+03  3.327200950802756e+03  2.693230651775883e+03  2.319461767832279e+02  -1.475537989656575e-03  -1.120695624996996e-03  -4.034782915627788e-03  -2.830427803928301e+04  1.504575695139689e+04  -8.560303492856759e+03  3.877517869890632e+03  1.694505938301156e+04  -1.929038657610980e+04  2.174343875549786e-03  -6.769184906693947e-03  -1.882103163505517e-02  -5.322270986693672e+03  -3.755704549693170e+04  -1.752782686351762e+04  -5.573047438161644e+03  -3.955317033706227e+03  -1.105926959272505e+03  -4.078829745807060e-03  1.534251461622342e-03  5.680477854057934e-03  6.547183102105166e+02  7.678839675927986e+03  2.971436157366421e+03  2.370692120815853e+03  1.057320236969925e+03  -9.603032384526595e+02  -8.727032860938438e-04  -4.364218851212436e-04  -4.414126432174217e-04  -5.821958889584599e+03  -1.161643652713723e+03  -2.930379571152000e+02  -9.565088299869039e+02  -1.635910414805951e+03  -1.192249415235877e+03  6.028347035627276e-04  6.842737398757532e-04  3.593370272410359e-03  -6.476677199795152e+03  -8.840483328641725e+03  -3.264474114481650e+03  -3.327200950802754e+03  -2.693230651775889e+03  -2.319461767832279e+02  1.475537989656575e-03  1.120695624996996e-03  4.034782915627789e-03  -6.547183102105161e+02  -7.678839675927985e+03  -2.971436157366410e+03  -2.370692120815859e+03  -1.057320236969928e+03  9.603032384526582e+02  8.727032860938458e-04  4.364218851212446e-04  4.414126432174257e-04  5.821958889584623e+03  1.161643652713728e+03  2.930379571152105e+02  9.565088299869101e+02  1.635910414805953e+03  1.192249415235884e+03  -6.028347035627311e-04  -6.842737398757553e-04  -3.593370272410363e-03
  4.950000000000003e-01  5.806924403141443e+03  8.106084557571233e+03  1.913265775484132e+03  3.308439926044799e+03  2.481471762057467e+03  -3.555863440942304e+01  -1.471386805329664e-03  -1.166907847253193e-03  -4.450046427381922e-03  -3.148637633811351e+04  1.281487870800412e+04  -7.422243182782490e+03  1.579686172612404e+03  1.610959107882689e+04  -1.948294415406849e+04  3.793160356526828e-03  -7.417997697109937e-03  -1.912063691899378e-02  -5.606981979502851e+03  -3.845382125449093e+04  -1.457652666158141e+04  -5.788189684941431e+03  -4.841016341895838e+03  -1.948614473353331e+03  -4.006707874057330e-03  1.723950035858179e-03  7.827633900100942e-03  -3.701732929355384e+02  7.535965757036299e+03  2.062979248640720e+03  2.480481036828237e+03  1.043257545138336e+03  -1.087957833728099e+03  -8.498723173646196e-04  -5.269790473171354e-04  -6.930091273694701e-04  -6.177097696076945e+03  -5.701188005349056e+02  1.497134731566131e+02  -8.279588892165652e+02  -1.438214216919126e+03  -1.052399199318666e+03  6.215144879650398e-04  6.399287999360580e-04  3.757037300012445e-03  -5.806924403141449e+03  -8.106084557571220e+03  -1.913265775484147e+03  -3.308439926044799e+03  -2.481471762057471e+03  3.555863440942359e+01  1.471386805329665e-03  1.166907847253193e-03  4.450046427381925e-03  3.701732929355429e+02  -7.535965757036297e+03  -2.062979248640713e+03  -2.480481036828242e+03  -1.043257545138339e+03  1.087957833728100e+03  8.498723173646218e-04  5.269790473171362e-04  6.930091273694733e-04  6.177097696076972e+03  5.701188005349084e+02  -1.497134731566042e+02  8.279588892165719e+02  1.438214216919128e+03  1.052399199318673e+03  -6.215144879650441e-04  -6.399287999360601e-04  -3.757037300012451e-03
  5.000000000000003e-01  6.424559124065988e+03  8.930746459254126e+03  2.246949251684227e+03  3.599099606702503e+03  3.347786255294174e+03  -1.250043747483952e+02  -1.509167977373379e-03  -1.240564334274629e-03  -4.806461299821601e-03  -3.727656456887297e+04  8.412706557413976e+03  -1.746655640321613e+04  1.312239876728889e+03  1.781122538361545e+04  -2.198499620377937e+04  4.226940345359979e-03  -7.591960394561387e-03  -1.937997992607087e-02  -7.999277789905345e+03  -4.143277910319278e+04  -1.590423633266396e+04  -6.198647284787562e+03  -5.058037809712838e+03  -3.174610747973003e+03  -4.025608194317661e-03  1.768565405413252e-03  9.073371805335557e-03  3.492279866853193e+01  8.563348955623420e+03  3.087075840624115e+03  2.633050985094066e+03  1.587728800107628e+03  -1.623128028487731e+03  -7.967511651252084e-04  -5.834825748879997e-04  -8.917694732963079e-04  -6.389636325397414e+03  -3.673975036306717e+02  8.401265889399131e+02  -9.660486216084405e+02  -1.760057455186542e+03  -1.498123653739324e+03  7.124168122481661e-04  6.570817593866301e-04  3.914691826525285e-03  -6.424559124065987e+03  -8.930746459254113e+03  -2.246949251684247e+03  -3.599099606702504e+03  -3.347786255294180e+03  1.250043747483956e+02  1.509167977373380e-03  1.240564334274630e-03  4.806461299821604e-03  -3.492279866852294e+01  -8.563348955623416e+03  -3.087075840624103e+03  -2.633050985094072e+03  -1.587728800107629e+03  1.623128028487732e+03  7.967511651252105e-04  5.834825748880007e-04  8.917694732963112e-04  6.389636325397439e+03  3.673975036306743e+02  -8.401265889399059e+02  9.660486216084472e+02  1.760057455186546e+03  1.498123653739331e+03  -7.124168122481704e-04  -6.570817593866323e-04  -3.914691826525291e-03
  5.050000000000003e-01  5.662678484993941e+03  8.170692831514661e+03  1.286162321254023e+03  3.409826218811571e+03  3.249372792898254e+03  -4.519841294985972e+02  -1.473803416635128e-03  -1.308358154118518e-03  -5.195633311707695e-03  -4.075476856452964e+04  5.488634059047384e+03  -1.633102659746899e+04  -1.520856151195610e+03  1.669394902300802e+04  -2.171928761265572e+04  5.989315539076716e-03  -8.194602127386310e-03  -1.906348456560353e-02  -8.902562523101487e+03  -4.273835262711747e+04  -1.385054154876411e+04  -6.384707323596181e+03  -5.902952008784246e+03  -3.719618281294655e+03  -3.894243312207032e-03  1.985050347383364e-03  1.136576604726606e-02  -9.960631902438930e+02  8.517455064686410e+03  2.501146113327361e+03  2.624547993704200e+03  1.681389724021579e+03  -1.848318521405450e+03  -7.199287935104055e-04  -7.053248319187709e-04  -1.185870522150560e-03  -6.658741675237800e+03  3.467622331717893e+02  1.214983792073357e+03  -7.852782251073751e+02  -1.567983068876671e+03  -1.396334391906842e+03  7.538746231247176e-04  6.030333221997480e-04  4.009762789557125e-03  -5.662678484993952e+03  -8.170692831514648e+03  -1.286162321254038e+03  -3.409826218811570e+03  -3.249372792898262e+03  4.519841294985955e+02  1.473803416635128e-03  1.308358154118519e-03  5.195633311707699e-03  9.960631902439028e+02  -8.517455064686406e+03  -2.501146113327346e+03  -2.624547993704202e+03  -1.681389724021579e+03  1.848318521405456e+03  7.199287935104076e-04  7.053248319187717e-04  1.185870522150563e-03  6.658741675237826e+03  -3.467622331717903e+02  -1.214983792073355e+03  7.852782251073843e+02  1.567983068876675e+03  1.396334391906849e+03  -7.538746231247214e-04  -6.030333221997506e-04  -4.009762789557132e-03
  5.100000000000003e-01  4.906542980914142e+03  7.233560421568782e+03  1.113083509254465e+02  3.265231934061001e+03  2.842425741107771e+03  -8.302551901692506e+02  -1.381275784408079e-03  -1.337179905980263e-03  -5.490540886335604e-03  -4.276584912281614e+04  3.620855697988491e+03  -1.290117460279488e+04  -4.444302719144296e+03  1.542949071157419e+04  -2.151290045630416e+04  7.906142189431810e-03  -8.697349924556641e-03  -1.842814375196889e-02  -9.608522943264259e+03  -4.361908243826071e+04  -1.115285306691008e+04  -6.500462856581542e+03  -6.449522224620962e+03  -4.050042599169584e+03  -3.722753232386914e-03  2.203113329865873e-03  1.353013248704178e-02  -2.309276266831393e+03  8.183590084876502e+03  1.514550395106822e+03  2.625791008043961e+03  1.575475146663521e+03  -2.007184981668211e+03  -6.080542055146400e-04  -8.133886455066419e-04  -1.449880790705843e-03  -7.215819247745509e+03  9.500296633077596e+02  1.403242044181396e+03  -6.394409260170448e+02  -1.266950594444244e+03  -1.176929791498952e+03  7.732215788934334e-04  5.237912604736215e-04  4.040660095629750e-03  -4.906542980914161e+03  -7.233560421568769e+03  -1.113083509254574e+02  -3.265231934061001e+03  -2.842425741107775e+03  8.302551901692494e+02  1.381275784408080e-03  1.337179905980265e-03  5.490540886335611e-03  2.309276266831399e+03  -8.183590084876500e+03  -1.514550395106816e+03  -2.625791008043962e+03  -1.575475146663517e+03  2.007184981668220e+03  6.080542055146410e-04  8.133886455066427e-04  1.449880790705845e-03  7.215819247745536e+03  -9.500296633077603e+02  -1.403242044181399e+03  6.394409260170520e+02  1.266950594444246e+03  1.176929791498958e+03  -7.732215788934389e-04  -5.237912604736243e-04  -4.040660095629758e-03
  5.150000000000003e-01  4.828250672218332e+03  7.431407781617600e+03  -4.757029962375384e+02  3.465811634793909e+03  3.826241042260848e+03  -1.038498204300467e+03  -1.400226108908431e-03  -1.396817164518282e-03  -5.807344372356959e-03  -5.022952878682756e+04  -3.011303210069307e+03  -2.560608139363676e+04  -5.027458926126812e+03  1.592804702105064e+04  -2.341513284830839e+04  8.347363024821908e-03  -8.765691175095642e-03  -1.811254848608614e-02  -1.107650507783366e+04  -4.556562931402648e+04  -9.963552548537547e+03  -7.074963771344271e+03  -6.913865766704138e+03  -5.636623524860503e+03  -3.655675879752126e-03  2.259653864507747e-03  1.487482118817429e-02  -2.223464471887422e+03  9.085587849378710e+03  2.279448780179828e+03  2.737605894166292e+03  2.295512346531272e+03  -2.681584224018453e+03  -5.248074406476011e-04  -8.786485581106907e-04  -1.684106406678061e-03  -7.051715144105725e+03  1.654180067761154e+03  2.755151776417386e+03  -7.282057406276197e+02  -1.530728695729570e+03  -1.643086019717972e+03  8.754186682608248e-04  5.181686064075914e-04  4.123237965678888e-03  -4.828250672218346e+03  -7.431407781617580e+03  4.757029962375272e+02  -3.465811634793909e+03  -3.826241042260854e+03  1.038498204300465e+03  1.400226108908433e-03  1.396817164518284e-03  5.807344372356966e-03  2.223464471887432e+03  -9.085587849378711e+03  -2.279448780179820e+03  -2.737605894166294e+03  -2.295512346531270e+03  2.681584224018462e+03  5.248074406476020e-04  8.786485581106917e-04  1.684106406678062e-03  7.051715144105750e+03  -1.654180067761158e+03  -2.755151776417391e+03  7.282057406276289e+02  1.530728695729571e+03  1.643086019717978e+03  -8.754186682608300e-04  -5.181686064075943e-04  -4.123237965678895e-03
  5.200000000000004e-01  3.850514689434800e+03  6.360187069001482e+03  -1.318821064691911e+03  3.103680722695221e+03  3.539442305026607e+03  -1.427737370880189e+03  -1.269898991949027e-03  -1.444232074536095e-03  -6.007209851096580e-03  -5.244073259530115e+04  -5.578911369015660e+03  -2.235230391155347e+04  -8.338306446493081e+03  1.432411741088807e+04  -2.254345324138506e+04  1.031027563362581e-02  -9.158011442479828e-03  -1.676249766556265e-02  -1.227618209804360e+04  -4.680567693661968e+04  -8.448555808736146e+03  -7.091704464335830e+03  -7.438076259138400e+03  -5.643415030832926e+03  -3.423171174520232e-03  2.503878756320031e-03  1.704479403152946e-02  -3.582943257441018e+03  8.801735131247717e+03  1.624906851634513e+03  2.575323102185817e+03  2.307602534438263e+03  -2.915021728478597e+03  -3.489034513034555e-04  -1.020254794312814e-03  -1.965881809728093e-03  -7.433457946875783e+03  2.441548062246275e+03  2.943727916326452e+03  -5.283576205094067e+02  -1.231839770588333e+03  -1.487284357598405e+03  9.209955406455660e-04  4.239772802232803e-04  4.041328041368471e-03  -3.850514689434816e+03  -6.360187069001463e+03  1.318821064691903e+03  -3.103680722695220e+03  -3.539442305026612e+03  1.427737370880185e+03  1.269898991949029e-03  1.444232074536097e-03  6.007209851096587e-03  3.582943257441027e+03  -8.801735131247713e+03  -1.624906851634506e+03  -2.575323102185820e+03  -2.307602534438260e+03  2.915021728478609e+03  3.489034513034555e-04  1.020254794312815e-03  1.965881809728095e-03  7.433457946875807e+03  -2.441548062246275e+03  -2.943727916326457e+03  5.283576205094151e+02  1.231839770588335e+03  1.487284357598408e+03  -9.209955406455720e-04  -4.239772802232837e-04  -4.041328041368480e-03
  5.250000000000004e-01  3.269756412762056e+03  6.098409203398440e+03  -2.575244151206221e+03  3.240580092665194e+03  4.543544814361416e+03  -1.721207625883182e+03  -1.274429171320951e-03  -1.488091764455719e-03  -6.271094561084959e-03  -6.060350488157063e+04  -1.332806867891856e+04  -3.613500783668479e+04  -9.088757832214245e+03  1.396115324961779e+04  -2.402115027272814e+04  1.073497800083719e-02  -9.136501837438879e-03  -1.610313229727548e-02  -1.297766466414687e+04  -4.794076101927472e+04  -5.457426453736476e+03  -7.739456802291525e+03  -8.018281001187092e+03  -7.365234092671710e+03  -3.308689253000904e-03  2.564009329225777e-03  1.837521536885632e-02  -3.762298944592231e+03  9.553372752835925e+03  2.108759878598280e+03  2.656267033148976e+03  3.106076760122728e+03  -3.654095898280672e+03  -2.496737250311316e-04  -1.086829441468353e-03  -2.202956542782760e-03  -7.032055357354247e+03  3.454963549437526e+03  4.684004029804533e+03  -5.843130595162210e+02  -1.437468054238676e+03  -1.932888272397483e+03  1.024755446289813e-03  4.012623229873658e-04  4.068138018302184e-03  -3.269756412762074e+03  -6.098409203398417e+03  2.575244151206225e+03  -3.240580092665193e+03  -4.543544814361422e+03  1.721207625883180e+03  1.274429171320952e-03  1.488091764455722e-03  6.271094561084967e-03  3.762298944592237e+03  -9.553372752835923e+03  -2.108759878598276e+03  -2.656267033148978e+03  -3.106076760122723e+03  3.654095898280683e+03  2.496737250311318e-04  1.086829441468354e-03  2.202956542782760e-03  7.032055357354270e+03  -3.454963549437529e+03  -4.684004029804541e+03  5.843130595162304e+02  1.437468054238678e+03  1.932888272397485e+03  -1.024755446289820e-03  -4.012623229873694e-04  -4.068138018302193e-03
  5.300000000000004e-01  2.112326379843249e+03  4.654778518968665e+03  -3.716625282167936e+03  2.856360170893103e+03  3.946750747167758e+03  -2.240595738565562e+03  -1.055595489978137e-03  -1.476391428024656e-03  -6.304149189472670e-03  -6.133646298589520e+04  -1.529643367059919e+04  -3.085172945987317e+04  -1.256903672579958e+04  1.179265669858976e+04  -2.285175130488442e+04  1.276727106592246e-02  -9.360345729906835e-03  -1.413242333336445e-02  -1.360276613475344e+04  -4.821799934542461e+04  -2.372597519038191e+03  -7.739142429566011e+03  -8.190721774079247e+03  -7.112641625297383e+03  -3.038805912287148e-03  2.778322483455309e-03  2.029065088504293e-02  -5.505176151218760e+03  8.931232395498539e+03  1.045745049414501e+03  2.466564478545895e+03  2.951094259502202e+03  -3.879175380233124e+03  -9.669428303075882e-06  -1.210766256559082e-03  -2.449454138849297e-03  -7.617502531061979e+03  4.276453876529927e+03  4.762370331582453e+03  -3.897956923472082e+02  -9.956564876655492e+02  -1.638579641667554e+03  1.045926061675055e-03  2.656251714655723e-04  3.854695050623356e-03  -2.112326379843268e+03  -4.654778518968637e+03  3.716625282167937e+03  -2.856360170893103e+03  -3.946750747167768e+03  2.240595738565562e+03  1.055595489978138e-03  1.476391428024659e-03  6.304149189472678e-03  5.505176151218772e+03  -8.931232395498542e+03  -1.045745049414490e+03  -2.466564478545898e+03  -2.951094259502198e+03  3.879175380233136e+03  9.669428303074346e-06  1.210766256559083e-03  2.449454138849297e-03  7.617502531062008e+03  -4.276453876529928e+03  -4.762370331582461e+03  3.897956923472187e+02  9.956564876655515e+02  1.638579641667553e+03  -1.045926061675060e-03  -2.656251714655759e-04  -3.854695050623366e-03
  5.350000000000004e-01  9.712093874517401e+02  3.314125518361538e+03  -4.246953035135974e+03  2.298364757040966e+03  3.463161005460590e+03  -2.646480027589768e+03  -8.081815389792440e-04  -1.486465945974644e-03  -6.217788237609202e-03  -6.192203159450457e+04  -1.731957203485064e+04  -2.567055633538739e+04  -1.609985199914129e+04  9.923519315610536e+03  -2.136847997105139e+04  1.474656390631643e-02  -9.451751969222473e-03  -1.176278678632131e-02  -1.500215722714019e+04  -4.929302375954132e+04  -1.769597681725527e+03  -7.498730199860390e+03  -8.298768352926270e+03  -6.525302295523878e+03  -2.759493846964924e-03  3.013003210579922e-03  2.207118857748104e-02  -7.137794610704914e+03  8.416976508723121e+03  4.489720121627338e+02  2.117580972072984e+03  2.864111038438700e+03  -4.082294315458183e+03  2.811997494376672e-04  -1.365331141724320e-03  -2.674108582143504e-03  -8.109003998156619e+03  5.102850990361630e+03  4.695925047298720e+03  -1.807837849679795e+02  -5.990499670218807e+02  -1.435814287868398e+03  1.089381288416904e-03  1.211348042503217e-04  3.543679655465683e-03  -9.712093874517552e+02  -3.314125518361509e+03  4.246953035135977e+03  -2.298364757040965e+03  -3.463161005460596e+03  2.646480027589772e+03  8.081815389792459e-04  1.486465945974648e-03  6.217788237609210e-03  7.137794610704927e+03  -8.416976508723119e+03  -4.489720121627265e+02  -2.117580972072989e+03  -2.864111038438695e+03  4.082294315458194e+03  -2.811997494376691e-04  1.365331141724321e-03  2.674108582143504e-03  8.109003998156648e+03  -5.102850990361638e+03  -4.695925047298730e+03  1.807837849679893e+02  5.990499670218851e+02  1.435814287868397e+03  -1.089381288416910e-03  -1.211348042503253e-04  -3.543679655465692e-03
  5.400000000000004e-01  -5.633102742709411e+02  2.149917068247287e+03  -6.594020327294581e+03  2.261406566153282e+03  4.430924782053806e+03  -3.098091942812637e+03  -7.789049231456914e-04  -1.495740549930597e-03  -6.344804901068053e-03  -7.044126728976957e+04  -2.635150863916746e+04  -3.991645814095090e+04  -1.711188548130202e+04  7.928964192234259e+03  -2.175502694769979e+04  1.510362647399861e-02  -9.296699554247209e-03  -1.041048235422486e-02  -1.426069340404990e+04  -4.890725289403740e+04  4.237641553383860e+03  -8.239141663310733e+03  -9.018725720904555e+03  -8.278578437314463e+03  -2.558817361961985e-03  3.065722098488461e-03  2.328079848627314e-02  -7.848968709876808e+03  8.819769557062818e+03  3.986989360082403e+02  2.106521520933309e+03  3.753369688046864e+03  -4.932598078414218e+03  4.172756570849807e-04  -1.429583300855081e-03  -2.903470072346816e-03  -7.285658435605835e+03  6.669852488815573e+03  6.992719263302833e+03  -1.548850452199708e+02  -6.775550940069273e+02  -1.834506135601561e+03  1.196180580230665e-03  6.615724907551393e-05  3.441334828721219e-03  5.633102742709277e+02  -2.149917068247260e+03  6.594020327294587e+03  -2.261406566153281e+03  -4.430924782053810e+03  3.098091942812643e+03  7.789049231456935e-04  1.495740549930601e-03  6.344804901068060e-03  7.848968709876821e+03  -8.819769557062813e+03  -3.986989360082393e+02  -2.106521520933312e+03  -3.753369688046860e+03  4.932598078414228e+03  -4.172756570849830e-04  1.429583300855081e-03  2.903470072346817e-03  7.285658435605859e+03  -6.669852488815586e+03  -6.992719263302852e+03  1.548850452199815e+02  6.775550940069329e+02  1.834506135601560e+03  -1.196180580230671e-03  -6.615724907551761e-05  -3.441334828721229e-03
  5.450000000000004e-01  -1.718456777877859e+03  5.824691209727594e+02  -7.056075796009943e+03  1.667330141099534e+03  3.614709769773111e+03  -3.645521941500783e+03  -4.263037722823518e-04  -1.434534010581411e-03  -6.047034688486900e-03  -6.905393822905395e+04  -2.742064389500294e+04  -3.231527075632989e+04  -2.070834541209859e+04  5.708629744742062e+03  -1.998899420117817e+04  1.703781970395903e-02  -9.196492527920510e-03  -7.487233894484690e-03  -1.510945147755744e+04  -4.895782678010649e+04  6.201461299110209e+03  -7.942398352957365e+03  -8.635037074717076e+03  -7.284708977765855e+03  -2.300397488937371e-03  3.229631621982890e-03  2.463223328178021e-02  -9.777725032980485e+03  8.014034974546176e+03  -4.540154028131587e+02  1.720590916318877e+03  3.467852778940863e+03  -5.108428950222408e+03  7.792328857625279e-04  -1.558708495761777e-03  -3.067551346385687e-03  -8.059268255102603e+03  7.431565853573467e+03  6.602060393196797e+03  5.326077521934492e+01  -1.468569908322453e+02  -1.462907008721607e+03  1.205536658044873e-03  -1.241744851803695e-04  2.979483342101195e-03  1.718456777877846e+03  -5.824691209727241e+02  7.056075796009960e+03  -1.667330141099533e+03  -3.614709769773121e+03  3.645521941500793e+03  4.263037722823543e-04  1.434534010581415e-03  6.047034688486906e-03  9.777725032980499e+03  -8.014034974546180e+03  4.540154028131699e+02  -1.720590916318877e+03  -3.467852778940855e+03  5.108428950222416e+03  -7.792328857625312e-04  1.558708495761777e-03  3.067551346385686e-03  8.059268255102630e+03  -7.431565853573474e+03  -6.602060393196805e+03  -5.326077521933492e+01  1.468569908322486e+02  1.462907008721604e+03  -1.205536658044878e-03  1.241744851803654e-04  -2.979483342101203e-03
  5.500000000000004e-01  -2.961965338344944e+03  -9.702476692093742e+02  -7.111621008820595e+03  9.039909715552072e+02  2.953608968089924e+03  -4.006272149293723e+03  -4.772427803041267e-05  -1.388220212560096e-03  -5.593146355370955e-03  -6.780135078615046e+04  -2.879308506575980e+04  -2.575272075135684e+04  -2.413667421355141e+04  3.857372981936307e+03  -1.796848806736826e+04  1.881037697533547e-02  -8.923202434673882e-03  -4.252219675338544e-03  -1.652796526120900e+04  -4.971693428686338e+04  5.599472872368779e+03  -7.339721930501958e+03  -8.271228690612685e+03  -6.119242318932804e+03  -2.050138412347312e-03  3.405065827770021e-03  2.575350201467636e-02  -1.159054690261922e+04  7.297122371981943e+03  -8.566371372115601e+02  1.164811478106143e+03  3.276666696238440e+03  -5.236241226533302e+03  1.191067042642701e-03  -1.715224845116582e-03  -3.188988528153248e-03  -8.628581564274236e+03  8.267370041191360e+03  6.254983871609073e+03  2.608205065509357e+02  3.230577281485289e+02  -1.229969077239567e+03  1.238791320673108e-03  -3.270046325564894e-04  2.404157827217687e-03  2.961965338344930e+03  9.702476692094066e+02  7.111621008820603e+03  -9.039909715552075e+02  -2.953608968089932e+03  4.006272149293732e+03  4.772427803041480e-05  1.388220212560100e-03  5.593146355370962e-03  1.159054690261923e+04  -7.297122371981956e+03  8.566371372115574e+02  -1.164811478106140e+03  -3.276666696238439e+03  5.236241226533303e+03  -1.191067042642706e-03  1.715224845116582e-03  3.188988528153246e-03  8.628581564274264e+03  -8.267370041191369e+03  -6.254983871609071e+03  -2.608205065509223e+02  -3.230577281485259e+02  1.229969077239562e+03  -1.238791320673112e-03  3.270046325564859e-04  -2.404157827217697e-03
  5.550000000000004e-01  -5.501450476125709e+03  -3.109810978349439e+03  -1.045243013596944e+04  6.406766201219874e+02  3.764510944028966e+03  -4.613314266507112e+03  2.386103876311894e-05  -1.350622414931312e-03  -5.518056079324572e-03  -7.559332702211781e+04  -3.820424270888847e+04  -3.878233836292330e+04  -2.530554680675866e+04  1.701274013512399e+02  -1.698052171082030e+04  1.903658865558307e-02  -8.629772401908403e-03  -2.219680917713375e-03  -1.410647302027899e+04  -4.762180696646048e+04  1.456326303956181e+04  -8.086174579294170e+03  -9.027348089459711e+03  -7.671105003403655e+03  -1.772276731135835e-03  3.432704616751400e-03  2.667108225643141e-02  -1.290944751487837e+04  7.238867308414385e+03  -1.541020597350189e+03  1.028784062381039e+03  4.170008133447369e+03  -6.152012936888896e+03  1.365188979441821e-03  -1.769083305077768e-03  -3.374490764135742e-03  -7.407997038752617e+03  1.034867828676387e+04  8.911409538619277e+03  3.881074422590520e+02  4.054971894184159e+02  -1.538698670381768e+03  1.341327940678696e-03  -4.184608901464607e-04  2.143565315188810e-03  5.501450476125694e+03  3.109810978349473e+03  1.045243013596945e+04  -6.406766201219876e+02  -3.764510944028974e+03  4.613314266507123e+03  -2.386103876311691e-05  1.350622414931316e-03  5.518056079324580e-03  1.290944751487837e+04  -7.238867308414395e+03  1.541020597350191e+03  -1.028784062381035e+03  -4.170008133447367e+03  6.152012936888895e+03  -1.365188979441825e-03  1.769083305077768e-03  3.374490764135740e-03  7.407997038752640e+03  -1.034867828676387e+04  -8.911409538619284e+03  -3.881074422590387e+02  -4.054971894184112e+02  1.538698670381761e+03  -1.341327940678700e-03  4.184608901464570e-04  -2.143565315188820e-03
  5.600000000000004e-01  -6.561922130135411e+03  -4.695838394756344e+03  -1.001054755173797e+04  -1.731542304950373e+02  2.781748287648712e+03  -5.111600064205668e+03  5.164704371059069e-04  -1.224225077138421e-03  -4.826948772152649e-03  -7.199914526349839e+04  -3.833296102748973e+04  -2.967527518782422e+04  -2.866672736941891e+04  -1.748964476387712e+03  -1.473246071764320e+04  2.063300031757948e-02  -8.163173866431075e-03  1.419755811692293e-03  -1.503917874669023e+04  -4.735971312702254e+04  1.497397632136126e+04  -7.370963111042582e+03  -8.059961029850877e+03  -5.975412718297802e+03  -1.613432123571462e-03  3.492027760935275e-03  2.720317686287978e-02  -1.488948730152765e+04  6.309843933312259e+03  -1.996899522726304e+03  4.290959917739490e+02  3.763706093925765e+03  -6.228166109603279e+03  1.847520275883489e-03  -1.892238209177931e-03  -3.413192018982608e-03  -8.327565171392211e+03  1.100568232806863e+04  8.013648029011662e+03  6.022502222689830e+02  9.819578062770735e+02  -1.116566045397596e+03  1.331049838777576e-03  -6.680131320395145e-04  1.413756753170018e-03  6.561922130135407e+03  4.695838394756360e+03  1.001054755173797e+04  1.731542304950344e+02  -2.781748287648715e+03  5.111600064205678e+03  -5.164704371059055e-04  1.224225077138425e-03  4.826948772152655e-03  1.488948730152766e+04  -6.309843933312278e+03  1.996899522726299e+03  -4.290959917739415e+02  -3.763706093925762e+03  6.228166109603275e+03  -1.847520275883495e-03  1.892238209177930e-03  3.413192018982607e-03  8.327565171392233e+03  -1.100568232806863e+04  -8.013648029011674e+03  -6.022502222689695e+02  -9.819578062770647e+02  1.116566045397585e+03  -1.331049838777581e-03  6.680131320395111e-04  -1.413756753170027e-03
  5.650000000000004e-01  -7.847440155292415e+03  -6.395829668163969e+03  -9.499734562502426e+03  -1.133633196793982e+03  1.992071963142570e+03  -5.355947084619917e+03  1.027936629108030e-03  -1.102666475716069e-03  -3.955184635062751e-03  -6.884666381638405e+04  -3.901877691789345e+04  -2.255553363181353e+04  -3.163101544358754e+04  -3.281358326399440e+03  -1.232796738782769e+04  2.195609254780869e-02  -7.498959217082915e-03  5.238099770894486e-03  -1.621908869728121e+04  -4.760682448918348e+04  1.300032455550575e+04  -6.291216912511516e+03  -7.218764043329938e+03  -4.321861531463346e+03  -1.481671573313812e-03  3.550016523693233e-03  2.741922217973894e-02  -1.675762039063860e+04  5.433564875048872e+03  -2.083177135944158e+03  -3.355910794462672e+02  3.478771529271705e+03  -6.235018633902650e+03  2.372962226867535e-03  -2.035806839443239e-03  -3.391172270026692e-03  -8.910180235346161e+03  1.182939454321286e+04  7.416557426558263e+03  7.980421173477092e+02  1.486699566129156e+03  -8.790715492827173e+02  1.345025597759499e-03  -9.331403637271779e-04  5.640123650360348e-04  7.847440155292400e+03  6.395829668163985e+03  9.499734562502439e+03  1.133633196793976e+03  -1.992071963142570e+03  5.355947084619923e+03  -1.027936629108028e-03  1.102666475716072e-03  3.955184635062759e-03  1.675762039063860e+04  -5.433564875048893e+03  2.083177135944140e+03  3.355910794462738e+02  -3.478771529271705e+03  6.235018633902648e+03  -2.372962226867541e-03  2.035806839443238e-03  3.391172270026693e-03  8.910180235346172e+03  -1.182939454321288e+04  -7.416557426558278e+03  -7.980421173476965e+02  -1.486699566129146e+03  8.790715492827136e+02  -1.345025597759502e-03  9.331403637271745e-04  -5.640123650360431e-04
  5.700000000000004e-01  -1.132796979287405e+04  -9.475252482399912e+03  -1.356060108656720e+04  -1.666692392449042e+03  2.521559617980472e+03  -6.090085050759056e+03  1.148603240449322e-03  -1.007097310635665e-03  -3.622662830857818e-03  -7.477717689065197e+04  -4.778610230185766e+04  -3.271714816097373e+04  -3.280269842180718e+04  -8.532627775838069e+03  -9.763417848985715e+03  2.198319119695150e-02  -7.072325568075763e-03  7.852493791559060e-03  -1.197778614189730e+04  -4.373188927228834e+04  2.456327802314742e+04  -6.928651646815610e+03  -7.887436435316322e+03  -5.450789129060351e+03  -1.145285231665451e-03  3.530347451521219e-03  2.786766680240253e-02  -1.869153454447370e+04  4.845424785349534e+03  -3.421496506235347e+03  -6.239238400951515e+02  4.270128541184905e+03  -7.148481317386007e+03  2.582555132237200e-03  -2.070493114025749e-03  -3.494329426155825e-03  -7.363564751599641e+03  1.432067726774946e+04  1.013910458033184e+04  1.042768552353887e+03  1.748568923204452e+03  -1.058396266626935e+03  1.433951891787873e-03  -1.063395803390091e-03  1.283334047019693e-04  1.132796979287403e+04  9.475252482399930e+03  1.356060108656722e+04  1.666692392449037e+03  -2.521559617980470e+03  6.090085050759061e+03  -1.148603240449320e-03  1.007097310635669e-03  3.622662830857827e-03  1.869153454447369e+04  -4.845424785349556e+03  3.421496506235326e+03  6.239238400951572e+02  -4.270128541184904e+03  7.148481317386004e+03  -2.582555132237208e-03  2.070493114025747e-03  3.494329426155825e-03  7.363564751599647e+03  -1.432067726774948e+04  -1.013910458033186e+04  -1.042768552353872e+03  -1.748568923204441e+03  1.058396266626929e+03  -1.433951891787876e-03  1.063395803390088e-03  -1.283334047019764e-04
  5.750000000000004e-01  -1.221998578549176e+04  -1.098245994346295e+04  -1.210472135450793e+04  -2.689991959014984e+03  1.459396624992943e+03  -6.450566568814266e+03  1.771974405890790e-03  -8.019319330869728e-04  -2.514722028851003e-03  -6.906976301211218e+04  -4.702499187737674e+04  -2.320747573075515e+04  -3.554926249073402e+04  -9.811395371831990e+03  -7.228647445740827e+03  2.299517826929134e-02  -6.236929540510594e-03  1.185827311583143e-02  -1.278196196237952e+04  -4.303565326257305e+04  2.312948945195483e+04  -5.666651108524361e+03  -6.372264315884802e+03  -3.176867742618989e+03  -1.181195071924239e-03  3.426402082678498e-03  2.736679003990215e-02  -2.056472637047278e+04  3.861958400555739e+03  -3.330734568218284e+03  -1.434724072720490e+03  3.773031506448649e+03  -7.075453650160512e+03  3.168337613575884e-03  -2.173416492374663e-03  -3.374692316248040e-03  -8.344740584981006e+03  1.484441834401869e+04  8.773986786289650e+03  1.255267886294488e+03  2.313634881455733e+03  -6.248870813462418e+02  1.396363207685090e-03  -1.371484559287697e-03  -8.599702873970582e-04  1.221998578549173e+04  1.098245994346297e+04  1.210472135450794e+04  2.689991959014981e+03  -1.459396624992936e+03  6.450566568814270e+03  -1.771974405890788e-03  8.019319330869769e-04  2.514722028851011e-03  2.056472637047277e+04  -3.861958400555759e+03  3.330734568218276e+03  1.434724072720501e+03  -3.773031506448648e+03  7.075453650160510e+03  -3.168337613575893e-03  2.173416492374662e-03  3.374692316248039e-03  8.344740584981007e+03  -1.484441834401871e+04  -8.773986786289670e+03  -1.255267886294474e+03  -2.313634881455725e+03  6.248870813462298e+02  -1.396363207685093e-03  1.371484559287694e-03  8.599702873970529e-04
  5.800000000000004e-01  -1.617838336147403e+04  -1.454504546026312e+04  -1.646943826712845e+04  -3.379202286214853e+03  1.788300752609467e+03  -7.246782073968750e+03  1.921338050078606e-03  -6.673524167830022e-04  -2.023424203671049e-03  -7.352966024317408e+04  -5.503177186690809e+04  -3.116033107081564e+04  -3.666522146652014e+04  -1.588768491169606e+04  -3.784361985382738e+03  2.288656317636582e-02  -5.733549480118829e-03  1.472609433597951e-02  -7.456947655255759e+03  -3.813059554975497e+04  3.606079027037860e+04  -6.182384789807565e+03  -6.933978071523644e+03  -3.960979902921970e+03  -8.346990007814696e-04  3.367489524628745e-03  2.749996635246661e-02  -2.283836644387345e+04  2.955135564603104e+03  -5.059110663288352e+03  -1.813650621899377e+03  4.465631379331349e+03  -7.959027695952956e+03  3.393751710159306e-03  -2.191418946060960e-03  -3.417294601743785e-03  -6.659983082399430e+03  1.750018102486621e+04  1.141032760384006e+04  1.565551664315466e+03  2.677330626721908e+03  -7.122456219842024e+02  1.472413660080696e-03  -1.524066529277965e-03  -1.393870398072757e-03  1.617838336147400e+04  1.454504546026314e+04  1.646943826712845e+04  3.379202286214848e+03  -1.788300752609458e+03  7.246782073968755e+03  -1.921338050078605e-03  6.673524167830059e-04  2.023424203671056e-03  2.283836644387345e+04  -2.955135564603120e+03  5.059110663288350e+03  1.813650621899391e+03  -4.465631379331349e+03  7.959027695952950e+03  -3.393751710159315e-03  2.191418946060959e-03  3.417294601743783e-03  6.659983082399424e+03  -1.750018102486623e+04  -1.141032760384010e+04  -1.565551664315453e+03  -2.677330626721899e+03  7.122456219841887e+02  -1.472413660080698e-03  1.524066529277962e-03  1.393870398072752e-03
  5.850000000000004e-01  -1.772829780814422e+04  -1.662911001004216e+04  -1.537611888185065e+04  -4.648873397409712e+03  7.520313778994015e+02  -7.311434758642699e+03  2.575705930800597e-03  -4.270545213155676e-04  -5.936723136719200e-04  -6.710846623717697e+04  -5.413317784975148e+04  -2.239517254428644e+04  -3.866043306456520e+04  -1.725387662084302e+04  -4.295857869607323e+02  2.338946567288126e-02  -4.653729393152849e-03  1.889521978034682e-02  -7.321060551717012e+03  -3.694985161888201e+04  3.329567729120274e+04  -4.387379909038479e+03  -5.551757126961863e+03  -1.714712245497670e+03  -8.934931144796275e-04  3.212720455321301e-03  2.629404856619439e-02  -2.481280339174010e+04  1.750252250115561e+03  -4.935801502163456e+03  -2.845927463150909e+03  3.995468630793978e+03  -7.745447787884172e+03  4.021931715066163e-03  -2.292951613593149e-03  -3.167110121305826e-03  -7.084505583595917e+03  1.837936226015766e+04  1.044031737968716e+04  1.802945934258797e+03  3.243437252894592e+03  -4.340130292414584e+02  1.446225784265562e-03  -1.865897092277590e-03  -2.573437807633928e-03  1.772829780814416e+04  1.662911001004214e+04  1.537611888185067e+04  4.648873397409709e+03  -7.520313778993921e+02  7.311434758642712e+03  -2.575705930800593e-03  4.270545213155709e-04  5.936723136719265e-04  2.481280339174009e+04  -1.750252250115574e+03  4.935801502163450e+03  2.845927463150919e+03  -3.995468630793969e+03  7.745447787884164e+03  -4.021931715066171e-03  2.292951613593148e-03  3.167110121305824e-03  7.084505583595905e+03  -1.837936226015770e+04  -1.044031737968720e+04  -1.802945934258783e+03  -3.243437252894589e+03  4.340130292414436e+02  -1.446225784265562e-03  1.865897092277587e-03  2.573437807633924e-03
  5.900000000000004e-01  -1.840604026538735e+04  -1.797847601993829e+04  -1.294423985445382e+04  -5.847702179901963e+03  -2.744751747018450e+02  -7.445189768108865e+03  3.302211333422219e-03  -1.343802546476963e-04  9.048081186016008e-04  -5.952814637932995e+04  -5.259006362246891e+04  -1.371651778831144e+04  -4.041853675008017e+04  -1.761856713493052e+04  2.132685711786397e+03  2.358818438705161e-02  -3.489660664668840e-03  2.284334373508873e-02  -7.728293433218770e+03  -3.567413272263404e+04  2.990790514235627e+04  -2.456781089404366e+03  -3.589728391608341e+03  9.407328358313188e+02  -1.214535134247094e-03  2.888451576832852e-03  2.461223134253718e-02  -2.640940270947170e+04  7.810651374433646e+02  -4.214284656287091e+03  -3.841033301041820e+03  3.457046869352426e+03  -7.482477203677443e+03  4.677126415434824e-03  -2.359399606823080e-03  -2.872912538144774e-03  -8.003362444084408e+03  1.875954115738157e+04  8.729955198166685e+03  2.006668878860134e+03  3.731522044054282e+03  -3.728743556857672e+01  1.374915082012603e-03  -2.225019352175390e-03  -3.777720656746390e-03  1.840604026538727e+04  1.797847601993825e+04  1.294423985445384e+04  5.847702179901957e+03  2.744751747018453e+02  7.445189768108869e+03  -3.302211333422217e-03  1.343802546477006e-04  -9.048081186015925e-04  2.640940270947170e+04  -7.810651374433718e+02  4.214284656287086e+03  3.841033301041827e+03  -3.457046869352422e+03  7.482477203677437e+03  -4.677126415434836e-03  2.359399606823079e-03  2.872912538144773e-03  8.003362444084381e+03  -1.875954115738160e+04  -8.729955198166723e+03  -2.006668878860124e+03  -3.731522044054278e+03  3.728743556856285e+01  -1.374915082012603e-03  2.225019352175387e-03  3.777720656746388e-03
  5.950000000000004e-01  -2.296036545464781e+04  -2.219027451352326e+04  -1.727981447401892e+04  -6.842028576790365e+03  -3.990636408015703e+02  -8.271638238095040e+03  3.504784659590828e-03  7.135148713020145e-05  1.697864108111595e-03  -6.053118045305098e+04  -5.837037395105264e+04  -1.669474349081851e+04  -4.123051991497327e+04  -2.471484273425899e+04  7.241782606701191e+03  2.317957095331840e-02  -2.883109253365631e-03  2.598865975515779e-02  -5.980078155075404e+02  -2.913697537373241e+04  4.434861237924314e+04  -2.647242754350533e+03  -3.851267747220817e+03  8.598937530863340e+02  -8.567283053390508e-04  2.739101644435387e-03  2.402561675804743e-02  -2.914579153154052e+04  -6.471780080428142e+02  -6.445911485942445e+03  -4.394334396595296e+03  3.864719486634733e+03  -8.223609126054022e+03  4.924751035790488e-03  -2.344005436390716e-03  -2.780644512637512e-03  -6.185426076892802e+03  2.154309650548035e+04  1.083390298807639e+04  2.447694180195061e+03  4.263783127436314e+03  4.802911204101974e+01  1.419966376199658e-03  -2.415356923520923e-03  -4.478508620749121e-03  2.296036545464771e+04  2.219027451352322e+04  1.727981447401894e+04  6.842028576790361e+03  3.990636408015770e+02  8.271638238095051e+03  -3.504784659590824e-03  -7.135148713019790e-05  -1.697864108111588e-03  2.914579153154052e+04  6.471780080428108e+02  6.445911485942444e+03  4.394334396595304e+03  -3.864719486634727e+03  8.223609126054014e+03  -4.924751035790499e-03  2.344005436390714e-03  2.780644512637509e-03  6.185426076892772e+03  -2.154309650548038e+04  -1.083390298807644e+04  -2.447694180195052e+03  -4.263783127436312e+03  -4.802911204103633e+01  -1.419966376199658e-03  2.415356923520920e-03  4.478508620749120e-03
  6.000000000000004e-01  -2.430801041687221e+04  -2.415975562106909e+04  -1.548682894844195e+04  -8.225696754451157e+03  -1.418922743918707e+03  -8.042882262069692e+03  4.244883192648135e-03  4.131016623440836e-04  3.501546350971379e-03  -5.216152596879596e+04  -5.647003318655834e+04  -9.052689432368103e+03  -4.194157961011915e+04  -2.504540386399075e+04  1.045077940886382e+04  2.275336686627292e-02  -1.497688736356734e-03  2.979928052857352e-02  3.778633263376556e+02  -2.709010442353504e+04  3.992859642432634e+04  -9.110727453234442e+01  -2.095584641653250e+03  3.254668748415780e+03  -1.226897158670634e-03  2.336461384431444e-03  2.153901248757057e-02  -3.077680739900465e+04  -1.866228860793940e+03  -5.807485238522214e+03  -5.567979683190261e+03  3.325578065335045e+03  -7.773695213636495e+03  5.596357930120384e-03  -2.393031824166728e-03  -2.341111278053541e-03  -6.468796982132539e+03  2.229352676027506e+04  9.679343709919660e+03  2.657717071260878e+03  4.744500809253752e+03  2.691870484331875e+02  1.351474737472247e-03  -2.806133486510816e-03  -5.842657629024931e-03  2.430801041687212e+04  2.415975562106905e+04  1.548682894844196e+04  8.225696754451144e+03  1.418922743918710e+03  8.042882262069693e+03  -4.244883192648132e-03  -4.131016623440776e-04  -3.501546350971374e-03  3.077680739900468e+04  1.866228860793941e+03  5.807485238522227e+03  5.567979683190270e+03  -3.325578065335040e+03  7.773695213636491e+03  -5.596357930120394e-03  2.393031824166726e-03  2.341111278053538e-03  6.468796982132504e+03  -2.229352676027510e+04  -9.679343709919705e+03  -2.657717071260872e+03  -4.744500809253748e+03  -2.691870484332075e+02  -1.351474737472245e-03  2.806133486510814e-03  5.842657629024932e-03
  6.050000000000004e-01  -2.475658600149732e+04  -2.529559821863519e+04  -1.227719782081867e+04  -9.540830625336557e+03  -2.277901373436611e+03  -7.873395844280612e+03  5.027356853317118e-03  7.944512394449521e-04  5.308963821710936e-03  -4.304885858624979e+04  -5.427104696970636e+04  -2.390529556594576e+03  -4.237682490698154e+04  -2.432905202160782e+04  1.274372298334063e+04  2.195247688674263e-02  -8.456478026791016e-05  3.324030235147959e-02  6.653111940891663e+02  -2.508440820834868e+04  3.468036485597806e+04  2.609143817011701e+03  1.531800641586392e+02  6.041626943264343e+03  -1.906279399597611e-03  1.743155980550344e-03  1.861284885347653e-02  -3.192716595538733e+04  -2.759466159326403e+03  -4.456907423193103e+03  -6.694404980351062e+03  2.810925449290934e+03  -7.296517995971773e+03  6.269711936151355e-03  -2.406407632648565e-03  -1.877890364270391e-03  -7.170579953890106e+03  2.253613205930871e+04  7.820290397625505e+03  2.846425644985477e+03  5.088826822727539e+03  5.768778483088362e+02  1.242355082834234e-03  -3.200858872093518e-03  -7.186854185981331e-03  2.475658600149723e+04  2.529559821863515e+04  1.227719782081866e+04  9.540830625336541e+03  2.277901373436612e+03  7.873395844280622e+03  -5.027356853317116e-03  -7.944512394449465e-04  -5.308963821710932e-03  3.192716595538736e+04  2.759466159326395e+03  4.456907423193092e+03  6.694404980351066e+03  -2.810925449290924e+03  7.296517995971762e+03  -6.269711936151365e-03  2.406407632648561e-03  1.877890364270385e-03  7.170579953890063e+03  -2.253613205930873e+04  -7.820290397625516e+03  -2.846425644985474e+03  -5.088826822727537e+03  -5.768778483088556e+02  -1.242355082834230e-03  3.200858872093518e-03  7.186854185981333e-03
  6.100000000000004e-01  -2.954032069606269e+04  -2.982872443808482e+04  -1.595801705781613e+04  -1.083185554967215e+04  -2.923348852596165e+03  -8.630322689291925e+03  5.280380917255066e-03  1.074052034261057e-03  6.391176138538185e-03  -3.991087134185205e+04  -5.702180200894355e+04  2.923331245305106e+02  -4.266039807906558e+04  -3.189567121052084e+04  1.939616744067783e+04  2.118694282393318e-02  5.970679364368989e-04  3.638333362292578e-02  9.428558184777501e+03  -1.718030356951538e+04  4.962466148912295e+04  2.894736374191865e+03  3.152256978210948e+02  6.745639631484352e+03  -1.575957520396861e-03  1.473726592225743e-03  1.718672884142956e-02  -3.491260156830679e+04  -4.617161437378802e+03  -6.975955301317238e+03  -7.414855667004409e+03  2.827361208851901e+03  -7.787559390893258e+03  6.524029467876009e-03  -2.350442053423947e-03  -1.629485744675946e-03  -5.372280872244218e+03  2.521156300070593e+04  8.982061756498808e+03  3.416999882667722e+03  5.750710061448061e+03  8.427632983986576e+02  1.243648550620941e-03  -3.424494087685006e-03  -8.020661883214130e-03  2.954032069606258e+04  2.982872443808478e+04  1.595801705781611e+04  1.083185554967213e+04  2.923348852596169e+03  8.630322689291934e+03  -5.280380917255063e-03  -1.074052034261051e-03  -6.391176138538183e-03  3.491260156830683e+04  4.617161437378793e+03  6.975955301317229e+03  7.414855667004414e+03  -2.827361208851892e+03  7.787559390893243e+03  -6.524029467876019e-03  2.350442053423943e-03  1.629485744675938e-03  5.372280872244175e+03  -2.521156300070595e+04  -8.982061756498817e+03  -3.416999882667721e+03  -5.750710061448058e+03  -8.427632983986798e+02  -1.243648550620937e-03  3.424494087685004e-03  8.020661883214136e-03
  6.150000000000004e-01  -3.061435483858745e+04  -3.158317800063056e+04  -1.367552777848512e+04  -1.224216512782987e+04  -3.798525986849723e+03  -8.060525012119605e+03  6.052593613283263e-03  1.515751719353123e-03  8.447492382437981e-03  -2.998685517080537e+04  -5.424420361729580e+04  5.714265610518012e+03  -4.180016678827229e+04  -3.105348984831969e+04  2.210670005756977e+04  1.967898273807017e-02  2.187734094649369e-03  3.937763544389802e-02  1.152895599588950e+04  -1.410924682014629e+04  4.382017557884749e+04  6.283467386346993e+03  2.283228913664965e+03  9.014878839704952e+03  -2.323373355642963e-03  7.760583932518803e-04  1.340841074106881e-02  -3.599953024893239e+04  -5.765295292773289e+03  -5.835508479800540e+03  -8.651251718540103e+03  2.283266107743836e+03  -7.093275070019906e+03  7.179550767603247e-03  -2.329140900588700e-03  -1.022899784081271e-03  -5.385175410345059e+03  2.581788270785717e+04  7.840019298684538e+03  3.590913409289743e+03  6.081792094593539e+03  9.672499420997003e+02  1.126957154319984e-03  -3.844892619941825e-03  -9.470392166519244e-03  3.061435483858735e+04  3.158317800063051e+04  1.367552777848512e+04  1.224216512782985e+04  3.798525986849727e+03  8.060525012119617e+03  -6.052593613283259e-03  -1.515751719353116e-03  -8.447492382437976e-03  3.599953024893242e+04  5.765295292773286e+03  5.835508479800546e+03  8.651251718540103e+03  -2.283266107743827e+03  7.093275070019887e+03  -7.179550767603257e-03  2.329140900588696e-03  1.022899784081263e-03  5.385175410345012e+03  -2.581788270785722e+04  -7.840019298684550e+03  -3.590913409289746e+03  -6.081792094593543e+03  -9.672499420997194e+02  -1.126957154319977e-03  3.844892619941824e-03  9.470392166519249e-03
  6.200000000000004e-01  -3.084577880790437e+04  -3.247180899505221e+04  -1.003456981002287e+04  -1.358969276713927e+04  -4.355948839592501e+03  -7.536036480779971e+03  6.825333473653637e-03  1.977035638385970e-03  1.042784799171564e-02  -1.973354897951848e+04  -5.149952237099212e+04  9.389643342632868e+03  -4.064890922871215e+04  -2.922180349085107e+04  2.382834442459034e+04  1.775667003221332e-02  3.738883020696628e-03  4.188791603856315e-02  1.280458444120799e+04  -1.124153375873522e+04  3.700708996265065e+04  9.819441333333509e+03  4.612118525745694e+03  1.165601796022152e+04  -3.405753714189445e-03  -1.200807992322158e-04  9.271083634136200e-03  -3.654412432368401e+04  -6.531946138436865e+03  -3.950897908281076e+03  -9.830196638151974e+03  1.866424500918216e+03  -6.400641910608470e+03  7.804429318866611e-03  -2.274442253728498e-03  -4.203464052253857e-04  -5.698345515779777e+03  2.593986285661525e+04  6.083671901741762e+03  3.759496128987269e+03  6.222373340510698e+03  1.135394570171490e+03  9.790958452129742e-04  -4.251477892114468e-03  -1.084819439694101e-02  3.084577880790427e+04  3.247180899505215e+04  1.003456981002285e+04  1.358969276713925e+04  4.355948839592511e+03  7.536036480779980e+03  -6.825333473653633e-03  -1.977035638385962e-03  -1.042784799171563e-02  3.654412432368403e+04  6.531946138436848e+03  3.950897908281075e+03  9.830196638151972e+03  -1.866424500918206e+03  6.400641910608460e+03  -7.804429318866621e-03  2.274442253728493e-03  4.203464052253787e-04  5.698345515779723e+03  -2.593986285661530e+04  -6.083671901741764e+03  -3.759496128987272e+03  -6.222373340510704e+03  -1.135394570171513e+03  -9.790958452129657e-04  4.251477892114468e-03  1.084819439694102e-02
  6.250000000000004e-01  -3.541281240305463e+04  -3.691820121427075e+04  -1.240581530174744e+04  -1.513968811082968e+04  -5.542137175457178e+03  -8.104474184654360e+03  7.120717738958412e-03  2.328208757405428e-03  1.174781384350568e-02  -1.212727691285774e+04  -5.068394409130704e+04  1.781628428716125e+04  -4.018705672389107e+04  -3.662508398252387e+04  3.175483681721457e+04  1.659196317535844e-02  4.461582728418597e-03  4.471629701575155e-02  2.290655693370773e+04  -2.351212157784016e+03  5.131475832361001e+04  1.072399194623980e+04  5.295651799134995e+03  1.314034688611386e+04  -3.145797691069953e-03  -5.390177984495649e-04  6.937173287085825e-03  -3.948909736083453e+04  -8.666440136276273e+03  -6.478515980795870e+03  -1.069041093914635e+04  1.409406730153190e+03  -6.532637589274093e+03  8.044332403047636e-03  -2.172676772527850e-03  -9.981500451337822e-06  -4.076284957780045e+03  2.825176107799435e+04  5.927299320951517e+03  4.449277171683300e+03  6.951543905610343e+03  1.571836595380253e+03  9.236146640892262e-04  -4.500885529933276e-03  -1.175779534395700e-02  3.541281240305452e+04  3.691820121427068e+04  1.240581530174743e+04  1.513968811082966e+04  5.542137175457192e+03  8.104474184654370e+03  -7.120717738958408e-03  -2.328208757405420e-03  -1.174781384350567e-02  3.948909736083456e+04  8.666440136276264e+03  6.478515980795872e+03  1.069041093914635e+04  -1.409406730153183e+03  6.532637589274078e+03  -8.044332403047645e-03  2.172676772527845e-03  9.981500451329845e-06  4.076284957779988e+03  -2.825176107799441e+04  -5.927299320951534e+03  -4.449277171683303e+03  -6.951543905610354e+03  -1.571836595380277e+03  -9.236146640892175e-04  4.500885529933275e-03  1.175779534395702e-02
  6.300000000000004e-01  -3.615912052060573e+04  -3.836728779849639e+04  -9.956704829949802e+03  -1.646821003367007e+04  -6.143470724713772e+03  -7.181054816998315e+03  7.854068412483409e-03  2.856578209045316e-03  1.388124243760365e-02  -1.093563180167723e+03  -4.714761080540841e+04  2.018703802664236e+04  -3.756270537604704e+04  -3.461771917997687e+04  3.363258708716976e+04  1.392415767833000e-02  6.129920329783313e-03  4.649486971233426e-02  2.637068843966344e+04  1.855227193518069e+03  4.457466540490889e+04  1.497075339281658e+04  7.277236979705546e+03  1.500679606243317e+04  -4.303855633583864e-03  -1.561009714775545e-03  1.960393392081215e-03  -3.984360399709803e+04  -9.664454151032403e+03  -4.928141218732051e+03  -1.188741710123983e+04  9.343149296110245e+02  -5.614594605553461e+03  8.610410721953562e-03  -2.066361352834839e-03  7.151996067794845e-04  -3.684483476492479e+03  2.870283364746390e+04  5.028563611217716e+03  4.580792932430210e+03  7.077785654324779e+03  1.566460211444833e+03  7.563423094701569e-04  -4.922939561880155e-03  -1.316604283082413e-02  3.615912052060560e+04  3.836728779849632e+04  9.956704829949773e+03  1.646821003367005e+04  6.143470724713781e+03  7.181054816998330e+03  -7.854068412483407e-03  -2.856578209045311e-03  -1.388124243760364e-02  3.984360399709808e+04  9.664454151032387e+03  4.928141218732078e+03  1.188741710123983e+04  -9.343149296110178e+02  5.614594605553446e+03  -8.610410721953572e-03  2.066361352834836e-03  -7.151996067794940e-04  3.684483476492419e+03  -2.870283364746391e+04  -5.028563611217734e+03  -4.580792932430220e+03  -7.077785654324784e+03  -1.566460211444854e+03  -7.563423094701455e-04  4.922939561880156e-03  1.316604283082415e-02
  6.350000000000005e-01  -4.031591504566788e+04  -4.249811442617446e+04  -1.114560200996152e+04  -1.814491341616632e+04  -7.636310729339568e+03  -7.624051912499653e+03  8.170674981673032e-03  3.249864700499625e-03  1.527704163427901e-02  9.259400965279317e+03  -4.403784081948069e+04  3.213122276391371e+04  -3.664894889292523e+04  -4.167116170000083e+04  4.201896855268966e+04  1.255711974321994e-02  6.839980990975682e-03  4.901412645334156e-02  3.696350414054150e+04  1.101552011361061e+04  5.797196599566082e+04  1.626690140523958e+04  8.343080139003143e+03  1.706536908723606e+04  -4.120966562792904e-03  -2.085833955166640e-03  -8.572851943059881e-04  -4.263635959439284e+04  -1.187965244142395e+04  -7.323609481009058e+03  -1.281513668908760e+04  1.680560992749443e+02  -5.518369209630599e+03  8.832681273770026e-03  -1.930771908238814e-03  1.205836751989826e-03  -2.320444548725159e+03  3.061846198475043e+04  3.821992528952426e+03  5.329776727078677e+03  7.804366828614491e+03  2.105682702869028e+03  6.620062920969995e-04  -5.180636608738439e-03  -1.407120488228915e-02  4.031591504566775e+04  4.249811442617443e+04  1.114560200996151e+04  1.814491341616630e+04  7.636310729339579e+03  7.624051912499670e+03  -8.170674981673030e-03  -3.249864700499621e-03  -1.527704163427900e-02  4.263635959439289e+04  1.187965244142394e+04  7.323609481009087e+03  1.281513668908760e+04  -1.680560992749388e+02  5.518369209630584e+03  -8.832681273770036e-03  1.930771908238811e-03  -1.205836751989837e-03  2.320444548725087e+03  -3.061846198475044e+04  -3.821992528952443e+03  -5.329776727078690e+03  -7.804366828614502e+03  -2.105682702869050e+03  -6.620062920969879e-04  5.180636608738440e-03  1.407120488228917e-02
  6.400000000000005e-01  -4.006616485354948e+04  -4.289807219364202e+04  -6.800878389956830e+03  -1.948263359617947e+04  -7.970937236790163e+03  -6.537456288288534e+03  8.860004836443587e-03  3.792418858876977e-03  1.731791060190813e-02  2.190158737158988e+04  -3.933158403450593e+04  3.388971712260222e+04  -3.326396899744469e+04  -3.836098047002215e+04  4.330262676781673e+04  9.254117242270984e-03  8.413936607395577e-03  4.992374447736843e-02  3.992264592137906e+04  1.507382840544288e+04  4.915842687893351e+04  2.100468802798551e+04  1.071632056421471e+04  1.939665220486768e+04  -5.650182619646111e-03  -3.368517000379031e-03  -6.500932315091970e-03  -4.220098798961918e+04  -1.247672633075982e+04  -4.918914708836340e+03  -1.396822840536434e+04  -2.872924626777688e+02  -4.406604509448158e+03  9.307808523070260e-03  -1.781928965689467e-03  1.963662499917433e-03  -2.134823136069927e+03  3.042134586288209e+04  1.881963681120441e+03  5.514405190815088e+03  7.683644774112382e+03  2.130851778840357e+03  4.478036866266818e-04  -5.574347824566440e-03  -1.535424810199066e-02  4.006616485354931e+04  4.289807219364198e+04  6.800878389956805e+03  1.948263359617945e+04  7.970937236790186e+03  6.537456288288550e+03  -8.860004836443584e-03  -3.792418858876972e-03  -1.731791060190812e-02  4.220098798961924e+04  1.247672633075980e+04  4.918914708836343e+03  1.396822840536434e+04  2.872924626777706e+02  4.406604509448141e+03  -9.307808523070270e-03  1.781928965689462e-03  -1.963662499917443e-03  2.134823136069878e+03  -3.042134586288211e+04  -1.881963681120460e+03  -5.514405190815105e+03  -7.683644774112392e+03  -2.130851778840375e+03  -4.478036866266680e-04  5.574347824566441e-03  1.535424810199067e-02
  6.450000000000005e-01  -4.044149358322821e+04  -4.395717750888909e+04  -4.580397801170298e+03  -2.060541789697654e+04  -8.184655807217007e+03  -5.289786425255314e+03  9.470321292447726e-03  4.381157355223056e-03  1.931085415704822e-02  3.359321889296636e+04  -3.512924890096794e+04  3.275673118222926e+04  -2.879794627736348e+04  -3.533988918344384e+04  4.406934852252660e+04  5.436724872429895e-03  1.001841941609865e-02  5.018971374113496e-02  4.490722450713994e+04  2.045237111081991e+04  4.207050007123830e+04  2.607838623610412e+04  1.249400073175805e+04  2.061046571211499e+04  -7.211941254798768e-03  -4.720787027934455e-03  -1.247911604853385e-02  -4.165749617267506e+04  -1.325372087983631e+04  -3.120469110301235e+03  -1.500543508613173e+04  -6.186137730905668e+02  -3.315878736288439e+03  9.701906001350695e-03  -1.581136033213803e-03  2.735861474747176e-03  -1.216002589447089e+03  3.070345662905264e+04  1.459928690868997e+03  5.599982810844769e+03  7.566042034126415e+03  1.973907688966851e+03  2.315847089029795e-04  -5.962293388436854e-03  -1.657499268230099e-02  4.044149358322807e+04  4.395717750888900e+04  4.580397801170258e+03  2.060541789697652e+04  8.184655807217034e+03  5.289786425255317e+03  -9.470321292447723e-03  -4.381157355223052e-03  -1.931085415704820e-02  4.165749617267511e+04  1.325372087983628e+04  3.120469110301232e+03  1.500543508613173e+04  6.186137730905740e+02  3.315878736288423e+03  -9.701906001350702e-03  1.581136033213799e-03  -2.735861474747186e-03  1.216002589447007e+03  -3.070345662905268e+04  -1.459928690869035e+03  -5.599982810844785e+03  -7.566042034126426e+03  -1.973907688966864e+03  -2.315847089029643e-04  5.962293388436855e-03  1.657499268230101e-02
  6.500000000000005e-01  -4.360522192951894e+04  -4.728007173819240e+04  -3.517130154941592e+03  -2.242642762461603e+04  -1.013321402798646e+04  -5.336606971984518e+03  9.804546880577343e-03  4.828707990268564e-03  2.078767648536166e-02  4.813151879661375e+04  -2.826713916403609e+04  4.935751174404671e+04  -2.686612486005110e+04  -4.119884226529651e+04  5.306355458290033e+04  3.646384105846332e-03  1.070336623848039e-02  5.193038413333112e-02  5.611233900088905e+04  2.977629764153834e+04  5.287392214794479e+04  2.816995179124670e+04  1.416227499538342e+04  2.328774845108559e+04  -7.165714898365961e-03  -5.435391519738021e-03  -1.618103416984008e-02  -4.384865906688763e+04  -1.541031154359906e+04  -5.014229254274372e+03  -1.599220149020864e+04  -1.912915055498034e+03  -2.714923661081252e+03  9.868314037455151e-03  -1.398036498461502e-03  3.359972199737391e-03  -2.434371373689494e+02  3.186976019459319e+04  -1.497099099332838e+03  6.434226134407332e+03  8.220298972488394e+03  2.621683310903238e+03  6.376715687781949e-05  -6.226744488730061e-03  -1.742770428562421e-02  4.360522192951879e+04  4.728007173819232e+04  3.517130154941560e+03  2.242642762461600e+04  1.013321402798648e+04  5.336606971984522e+03  -9.804546880577339e-03  -4.828707990268561e-03  -2.078767648536164e-02  4.384865906688769e+04  1.541031154359903e+04  5.014229254274365e+03  1.599220149020864e+04  1.912915055498039e+03  2.714923661081235e+03  -9.868314037455157e-03  1.398036498461498e-03  -3.359972199737403e-03  2.434371373688682e+02  -3.186976019459324e+04  1.497099099332808e+03  -6.434226134407351e+03  -8.220298972488406e+03  -2.621683310903251e+03  -6.376715687780334e-05  6.226744488730062e-03  1.742770428562424e-02
  6.550000000000005e-01  -4.300747324383279e+04  -4.721701752029355e+04  4.181204481853835e+02  -2.351568844809768e+04  -9.913296870158065e+03  -3.861471850015193e+03  1.030373714005193e-02  5.394410951881498e-03  2.253957526071254e-02  6.086991423509626e+04  -2.320825690806269e+04  4.677441099298982e+04  -2.162710096411831e+04  -3.687570419530319e+04  5.302524161927142e+04  -7.622940284170611e-04  1.213531861995291e-02  5.118627728556790e-02  6.031037277775940e+04  3.460647769824281e+04  4.322269360042779e+04  3.374985774582517e+04  1.613058670695885e+04  2.484042015169805e+04  -9.086082719533050e-03  -7.030907344514036e-03  -2.263434959993173e-02  -4.239346796317663e+04  -1.571911441258726e+04  -2.408450044398734e+03  -1.693880571971291e+04  -2.125100927593087e+03  -1.438367236237226e+03  1.011720745359474e-02  -1.163014347371953e-03  4.115246263384962e-03  6.140052806559031e+02  3.149790310770617e+04  -2.826570492584136e+03  6.576882728384724e+03  7.788195942564940e+03  2.423104613777939e+03  -1.865296864571660e-04  -6.557425299253442e-03  -1.842432899732752e-02  4.300747324383265e+04  4.721701752029344e+04  -4.181204481854550e+02  2.351568844809767e+04  9.913296870158087e+03  3.861471850015193e+03  -1.030373714005192e-02  -5.394410951881493e-03  -2.253957526071252e-02  4.239346796317667e+04  1.571911441258721e+04  2.408450044398739e+03  1.693880571971291e+04  2.125100927593097e+03  1.438367236237211e+03  -1.011720745359475e-02  1.163014347371948e-03  -4.115246263384975e-03  -6.140052806559913e+02  -3.149790310770617e+04  2.826570492584128e+03  -6.576882728384746e+03  -7.788195942564949e+03  -2.423104613777941e+03  1.865296864571823e-04  6.557425299253448e-03  1.842432899732755e-02
  6.600000000000005e-01  -4.297037850882000e+04  -4.780070553922996e+04  1.996404620903359e+03  -2.430077936331755e+04  -9.656606600501353e+03  -2.362933536799496e+03  1.069991656567532e-02  6.004281613543641e-03  2.415042377517350e-02  7.279026298233992e+04  -1.840189770960541e+04  4.211855927397673e+04  -1.536915595246459e+04  -3.311704444144968e+04  5.249134274022424e+04  -5.624194551109322e-03  1.353505233560299e-02  4.977710056926720e-02  6.685687154326354e+04  4.109580309082506e+04  3.645956701682205e+04  3.955608591847448e+04  1.748959266205097e+04  2.520667073630231e+04  -1.100012991863106e-02  -8.692315868029323e-03  -2.932193811276687e-02  -4.081690138626625e+04  -1.621253539314426e+04  -5.730773536848520e+02  -1.768497559274189e+04  -2.247059163327737e+03  -2.545697957224608e+02  1.025390829212876e-02  -8.651938277609652e-04  4.846164813406564e-03  2.153477122553529e+03  3.158817014608553e+04  -2.569481974588232e+03  6.615803770575592e+03  7.409547437173585e+03  2.108363741077008e+03  -4.460082735465497e-04  -6.869475441304593e-03  -1.930425896176687e-02  4.297037850881990e+04  4.780070553922985e+04  -1.996404620903374e+03  2.430077936331752e+04  9.656606600501373e+03  2.362933536799496e+03  -1.069991656567532e-02  -6.004281613543636e-03  -2.415042377517349e-02  4.081690138626631e+04  1.621253539314420e+04  5.730773536848600e+02  1.768497559274188e+04  2.247059163327744e+03  2.545697957224468e+02  -1.025390829212876e-02  8.651938277609600e-04  -4.846164813406580e-03  -2.153477122553597e+03  -3.158817014608555e+04  2.569481974588213e+03  -6.615803770575618e+03  -7.409547437173586e+03  -2.108363741077015e+03  4.460082735465668e-04  6.869475441304601e-03  1.930425896176691e-02
  6.650000000000005e-01  -4.469048921634256e+04  -4.988904250689037e+04  5.669699873055437e+03  -2.615144930061595e+04  -1.193390171722773e+04  -1.895905112799603e+03  1.102857730707576e-02  6.488199912725446e-03  2.556407833498637e-02  9.080288404977700e+04  -8.121071367752366e+03  6.197472829692758e+04  -1.231809809535320e+04  -3.721232598583894e+04  6.151762259360334e+04  -7.822073805773209e-03  1.415507330092667e-02  5.048529190683487e-02  7.813509408058623e+04  5.001397961936415e+04  4.359078571941226e+04  4.250259560225562e+04  1.973926074065581e+04  2.827314222568112e+04  -1.112630117609056e-02  -9.614014824166241e-03  -3.380357028113262e-02  -4.203603710508901e+04  -1.807643888811937e+04  -1.689503149992206e+03  -1.865012513902612e+04  -4.042959092236432e+03  9.116041649284670e+02  1.033226266620520e-02  -6.372759676472816e-04  5.562036045708814e-03  2.654452111253340e+03  3.181260361877085e+04  -7.359203023047669e+03  7.501324161589768e+03  7.890942624991265e+03  2.807509277728037e+03  -6.963146408705484e-04  -7.125475880372713e-03  -2.000204228927749e-02  4.469048921634247e+04  4.988904250689031e+04  -5.669699873055467e+03  2.615144930061594e+04  1.193390171722775e+04  1.895905112799604e+03  -1.102857730707576e-02  -6.488199912725441e-03  -2.556407833498636e-02  4.203603710508905e+04  1.807643888811930e+04  1.689503149992214e+03  1.865012513902611e+04  4.042959092236435e+03  -9.116041649284853e+02  -1.033226266620520e-02  6.372759676472764e-04  -5.562036045708829e-03  -2.654452111253408e+03  -3.181260361877087e+04  7.359203023047659e+03  -7.501324161589793e+03  -7.890942624991269e+03  -2.807509277728044e+03  6.963146408705665e-04  7.125475880372721e-03  2.000204228927752e-02
  6.700000000000005e-01  -4.378477099703264e+04  -4.935873734351676e+04  8.601506018625212e+03  -2.685041758695827e+04  -1.109405533167383e+04  -1.164112428225492e+02  1.124279662760251e-02  7.031991896694289e-03  2.678342318727617e-02  1.031654121485400e+05  -2.813264893471477e+03  5.517574771724008e+04  -5.335191511349388e+03  -3.226724330593182e+04  6.000159214820642e+04  -1.317584272989153e-02  1.531493049434831e-02  4.801562468184487e-02  8.360766521332282e+04  5.553168393071128e+04  3.388327044310120e+04  4.879556429877110e+04  2.105732628063517e+04  2.883725044698099e+04  -1.335360735631747e-02  -1.148037265922531e-02  -4.071705611561605e-02  -3.947480379587329e+04  -1.807252687975242e+04  8.070538182196527e+02  -1.925359833786496e+04  -3.945631751061649e+03  2.254658272806050e+03  1.027062238521170e-02  -3.176340864441853e-04  6.221186605341433e-03  4.309967201159136e+03  3.128621046376418e+04  -7.794452200405583e+03  7.596819249093240e+03  7.148423580612150e+03  2.371069515628569e+03  -9.721742423907937e-04  -7.349625983138455e-03  -2.056223658193466e-02  4.378477099703256e+04  4.935873734351670e+04  -8.601506018625270e+03  2.685041758695824e+04  1.109405533167385e+04  1.164112428225486e+02  -1.124279662760251e-02  -7.031991896694284e-03  -2.678342318727615e-02  3.947480379587335e+04  1.807252687975237e+04  -8.070538182196498e+02  1.925359833786495e+04  3.945631751061642e+03  -2.254658272806065e+03  -1.027062238521170e-02  3.176340864441798e-04  -6.221186605341447e-03  -4.309967201159187e+03  -3.128621046376419e+04  7.794452200405562e+03  -7.596819249093262e+03  -7.148423580612149e+03  -2.371069515628571e+03  9.721742423908109e-04  7.349625983138462e-03  2.056223658193470e-02
  6.750000000000005e-01  -4.328633485786912e+04  -4.937435142686293e+04  9.165485228870260e+03  -2.716681204711402e+04  -1.032798870600258e+04  1.518959100063358e+03  1.133468016238177e-02  7.612375463371077e-03  2.776870403306740e-02  1.149217091421019e+05  2.556509468253650e+03  4.740552370908122e+04  2.535202117778660e+03  -2.813813942845677e+04  5.808989451956451e+04  -1.888380473868468e-02  1.638375694674103e-02  4.491991731856951e-02  9.161751261005265e+04  6.295585454278922e+04  2.814014342298274e+04  5.517425035328915e+04  2.180739316666433e+04  2.823735288506083e+04  -1.552410065117464e-02  -1.340103947418102e-02  -4.774341003622972e-02  -3.676584264308897e+04  -1.822662643658478e+04  2.447369431622628e+03  -1.957575380912374e+04  -3.811274482308546e+03  3.429091167425297e+03  1.006908153804665e-02  7.180127865747674e-05  6.814867787216686e-03  6.520492214779932e+03  3.114772499027804e+04  -6.718115797247645e+03  7.591058237990204e+03  6.516714223694017e+03  1.910132067361913e+03  -1.265598624335102e-03  -7.540574184713580e-03  -2.095383624585064e-02  4.328633485786904e+04  4.937435142686288e+04  -9.165485228870308e+03  2.716681204711399e+04  1.032798870600260e+04  -1.518959100063354e+03  -1.133468016238177e-02  -7.612375463371073e-03  -2.776870403306738e-02  3.676584264308903e+04  1.822662643658473e+04  -2.447369431622635e+03  1.957575380912373e+04  3.811274482308545e+03  -3.429091167425305e+03  -1.006908153804664e-02  -7.180127865747917e-05  -6.814867787216705e-03  -6.520492214779959e+03  -3.114772499027805e+04  6.718115797247634e+03  -7.591058237990236e+03  -6.516714223694008e+03  -1.910132067361915e+03  1.265598624335120e-03  7.540574184713590e-03  2.095383624585068e-02
  6.800000000000005e-01  -4.319241485328453e+04  -4.987175636379673e+04  1.556999861483600e+04  -2.890887581370449e+04  -1.275759038846157e+04  2.588279898191252e+03  1.162962699378614e-02  8.109030551146064e-03  2.895144040983865e-02  1.353680159440619e+05  1.562150341208446e+04  6.877001902867030e+04  6.727399626164508e+03  -3.002858787587700e+04  6.650785360543763e+04  -2.144456976529778e-02  1.689901192690989e-02  4.441569080849754e-02  1.023763680489992e+05  7.087972879749225e+04  3.071276638891323e+04  5.897912093954578e+04  2.456033402849090e+04  3.140176762191378e+04  -1.584863604037092e-02  -1.453800404476559e-02  -5.282798385395171e-02  -3.667116176847128e+04  -1.957385153967810e+04  2.310760080232496e+03  -2.042235659497315e+04  -6.032936748156956e+03  5.180717715595815e+03  1.002537754160205e-02  3.386173234093324e-04  7.564212010705989e-03  6.521253084812992e+03  3.029790482411852e+04  -1.325923853460353e+04  8.486519218731257e+03  6.724653640304597e+03  2.592437817404531e+03  -1.604249452184067e-03  -7.770413227736708e-03  -2.138722839913260e-02  4.319241485328445e+04  4.987175636379670e+04  -1.556999861483605e+04  2.890887581370446e+04  1.275759038846159e+04  -2.588279898191247e+03  -1.162962699378614e-02  -8.109030551146061e-03  -2.895144040983864e-02  3.667116176847136e+04  1.957385153967804e+04  -2.310760080232496e+03  2.042235659497314e+04  6.032936748156952e+03  -5.180717715595829e+03  -1.002537754160205e-02  -3.386173234093356e-04  -7.564212010706006e-03  -6.521253084813019e+03  -3.029790482411853e+04  1.325923853460353e+04  -8.486519218731293e+03  -6.724653640304586e+03  -2.592437817404535e+03  1.604249452184086e-03  7.770413227736720e-03  2.138722839913263e-02
  6.850000000000005e-01  -4.200677536938062e+04  -4.886579605813802e+04  1.696548069348517e+04  -2.907937958094095e+04  -1.129168734755221e+04  4.542290088425720e+03  1.147088685356048e-02  8.577138984453421e-03  2.940826025599539e-02  1.469517539695355e+05  2.111461853838898e+04  5.836016707056721e+04  1.521381816304745e+04  -2.493287510090669e+04  6.348687397156581e+04  -2.749306635739397e-02  1.767838732167975e-02  4.030621396904438e-02  1.090327750936016e+05  7.690708828985965e+04  2.177768804727717e+04  6.578655966308291e+04  2.502295098118171e+04  3.085364043303983e+04  -1.825465699659241e-02  -1.660475808867186e-02  -5.978790931972586e-02  -3.295690260105468e+04  -1.924064120229059e+04  4.377764998748272e+03  -2.054798975920649e+04  -5.587520972239296e+03  6.468311766562071e+03  9.578650839780632e-03  7.338131707887809e-04  8.032209811411692e-03  9.049872768325711e+03  2.962515485584732e+04  -1.258771569473695e+04  8.531389821734383e+03  5.704166375312900e+03  1.926021678136306e+03  -1.892236013779825e-03  -7.843325813664618e-03  -2.137605044458361e-02  4.200677536938055e+04  4.886579605813798e+04  -1.696548069348523e+04  2.907937958094091e+04  1.129168734755223e+04  -4.542290088425710e+03  -1.147088685356048e-02  -8.577138984453420e-03  -2.940826025599536e-02  3.295690260105472e+04  1.924064120229052e+04  -4.377764998748306e+03  2.054798975920648e+04  5.587520972239299e+03  -6.468311766562073e+03  -9.578650839780626e-03  -7.338131707887831e-04  -8.032209811411704e-03  -9.049872768325738e+03  -2.962515485584733e+04  1.258771569473694e+04  -8.531389821734425e+03  -5.704166375312898e+03  -1.926021678136306e+03  1.892236013779842e-03  7.843325813664627e-03  2.137605044458366e-02
  6.900000000000005e-01  -4.098360399444280e+04  -4.820952786199142e+04  1.624125729849889e+04  -2.880675447379108e+04  -1.002950840929845e+04  6.168432256914904e+03  1.117802615586653e-02  9.069021148132992e-03  2.954656580638357e-02  1.581868894837984e+05  2.700815297053082e+04  4.825103684752946e+04  2.439441853132653e+04  -2.084854128131812e+04  6.024501177940421e+04  -3.376447556603589e-02  1.831693666883054e-02  3.566499368085348e-02  1.182531289594645e+05  8.496810031225314e+04  1.770857822885375e+04  7.251432090207466e+04  2.501815746410491e+04  2.925859231621461e+04  -2.054551658682183e-02  -1.870667158567195e-02  -6.672590867349887e-02  -2.905536447483731e+04  -1.900446761626478e+04  5.602126419530163e+03  -2.032143492079672e+04  -5.176154230143790e+03  7.517142186318625e+03  8.970537688078994e-03  1.201234298132882e-03  8.395699622219550e-03  1.192823951960528e+04  2.920506024572657e+04  -1.063913087896871e+04  8.485319552994308e+03  4.853354179154627e+03  1.348709929403687e+03  -2.207488467787512e-03  -7.867786850000088e-03  -2.115086618416394e-02  4.098360399444277e+04  4.820952786199142e+04  -1.624125729849884e+04  2.880675447379106e+04  1.002950840929846e+04  -6.168432256914894e+03  -1.117802615586653e-02  -9.069021148132990e-03  -2.954656580638355e-02  2.905536447483738e+04  1.900446761626473e+04  -5.602126419530192e+03  2.032143492079670e+04  5.176154230143802e+03  -7.517142186318632e+03  -8.970537688078989e-03  -1.201234298132882e-03  -8.395699622219564e-03  -1.192823951960531e+04  -2.920506024572655e+04  1.063913087896871e+04  -8.485319552994351e+03  -4.853354179154634e+03  -1.348709929403686e+03  2.207488467787529e-03  7.867786850000096e-03  2.115086618416399e-02
  6.950000000000005e-01  -3.882376606863166e+04  -4.686652011143007e+04  2.522596467968454e+04  -3.028626937833120e+04  -1.239853674512276e+04  7.885081619380408e+03  1.140738809525354e-02  9.549533094957062e-03  3.032061097210904e-02  1.797827134774170e+05  4.198546461773360e+04  6.921237528183927e+04  2.965997591884274e+04  -2.025852873653634e+04  6.739459223915773e+04  -3.661382106619884e-02  1.868884380554479e-02  3.386294316442834e-02  1.278723702770793e+05  9.131892659426233e+04  1.509532693039197e+04  7.711617410768627e+04  2.813976367250896e+04  3.219245139640089e+04  -2.108083530259745e-02  -2.005548766984761e-02  -7.217025239583444e-02  -2.736712436757506e+04  -1.964435807073776e+04  6.545219715704772e+03  -2.094208896752128e+04  -7.701792022928210e+03  9.825660123913287e+03  8.771124559233000e-03  1.497830396096176e-03  9.108312604288146e-03  1.145664170105640e+04  2.722216204069226e+04  -1.868074496397972e+04  9.344180410809851e+03  4.696744722194525e+03  1.940578504532829e+03  -2.636263536020519e-03  -8.051702698860864e-03  -2.121229836782081e-02  3.882376606863167e+04  4.686652011143007e+04  -2.522596467968448e+04  3.028626937833118e+04  1.239853674512278e+04  -7.885081619380405e+03  -1.140738809525354e-02  -9.549533094957065e-03  -3.032061097210902e-02  2.736712436757512e+04  1.964435807073770e+04  -6.545219715704799e+03  2.094208896752126e+04  7.701792022928223e+03  -9.825660123913287e+03  -8.771124559232993e-03  -1.497830396096176e-03  -9.108312604288162e-03  -1.145664170105641e+04  -2.722216204069223e+04  1.868074496397974e+04  -9.344180410809899e+03  -4.696744722194535e+03  -1.940578504532831e+03  2.636263536020536e-03  8.051702698860875e-03  2.121229836782085e-02
  7.000000000000005e-01  -3.736104921896045e+04  -4.536211745461683e+04  2.468429696441811e+04  -2.980455536851669e+04  -1.036584985609691e+04  9.848152711924278e+03  1.080375086487887e-02  9.883078941483995e-03  2.982237643948797e-02  1.902470469698050e+05  4.761739256326923e+04  5.619002541514267e+04  3.929092443871201e+04  -1.551232655313849e+04  6.297843035674425e+04  -4.303041352285032e-02  1.901131719970703e-02  2.834875543615600e-02  1.354819389754178e+05  9.757838232292920e+04  7.737504453733882e+03  8.417482123145928e+04  2.760272114172964e+04  3.050674086641213e+04  -2.350014932407814e-02  -2.222582095434248e-02  -7.872415793374803e-02  -2.249094297829036e+04  -1.896706879997774e+04  7.894289424929625e+03  -2.046782667255558e+04  -6.904535349125217e+03  1.092284643018812e+04  7.882521756095918e-03  1.952151317208758e-03  9.299688558840681e-03  1.487010624066987e+04  2.639504865463903e+04  -1.679000753948839e+04  9.336728695961030e+03  3.461314506971673e+03  1.074693718263790e+03  -2.921229108782922e-03  -7.930927624275217e-03  -2.052268788064721e-02  3.736104921896048e+04  4.536211745461685e+04  -2.468429696441803e+04  2.980455536851667e+04  1.036584985609692e+04  -9.848152711924276e+03  -1.080375086487887e-02  -9.883078941484000e-03  -2.982237643948794e-02  2.249094297829044e+04  1.896706879997769e+04  -7.894289424929660e+03  2.046782667255557e+04  6.904535349125215e+03  -1.092284643018813e+04  -7.882521756095915e-03  -1.952151317208760e-03  -9.299688558840696e-03  -1.487010624066987e+04  -2.639504865463902e+04  1.679000753948840e+04  -9.336728695961072e+03  -3.461314506971671e+03  -1.074693718263786e+03  2.921229108782940e-03  7.930927624275226e-03  2.052268788064725e-02
  7.050000000000005e-01  -3.392943525758608e+04  -4.288031231408422e+04  3.514587781056952e+04  -3.109234577755761e+04  -1.262891454049988e+04  1.195090573583949e+04  1.098222281504976e-02  1.034130862669094e-02  3.030913403958176e-02  2.120652982415404e+05  6.332242384796584e+04  7.637224577185309e+04  4.509046290100252e+04  -1.344336796068131e+04  6.919238986921732e+04  -4.598404956609831e-02  1.927259690482111e-02  2.584726321131715e-02  1.441797866906883e+05  1.028140193563823e+05  2.006014762739155e+03  8.918905296944453e+04  3.094618151646669e+04  3.330376004345054e+04  -2.415440472886124e-02  -2.370046107641144e-02  -8.429325952652360e-02  -1.980318343340567e+04  -1.912447324907816e+04  9.531568481804345e+03  -2.093852936061224e+04  -9.571309530977964e+03  1.351418890887617e+04  7.588130004253658e-03  2.261348250539526e-03  9.964663559829844e-03  1.412625182418022e+04  2.375583906500601e+04  -2.561430932876504e+04  1.015381641694530e+04  3.057605009521896e+03  1.563283173036623e+03  -3.394092810796070e-03  -8.079960376151388e-03  -2.034447047975182e-02  3.392943525758613e+04  4.288031231408427e+04  -3.514587781056941e+04  3.109234577755760e+04  1.262891454049989e+04  -1.195090573583949e+04  -1.098222281504976e-02  -1.034130862669094e-02  -3.030913403958172e-02  1.980318343340575e+04  1.912447324907810e+04  -9.531568481804396e+03  2.093852936061222e+04  9.571309530977962e+03  -1.351418890887618e+04  -7.588130004253658e-03  -2.261348250539527e-03  -9.964663559829860e-03  -1.412625182418022e+04  -2.375583906500600e+04  2.561430932876506e+04  -1.015381641694534e+04  -3.057605009521897e+03  -1.563283173036619e+03  3.394092810796089e-03  8.079960376151397e-03  2.034447047975187e-02
  7.100000000000005e-01  -3.140121761715465e+04  -4.061990961578035e+04  3.367608784199124e+04  -2.990039095581992e+04  -1.075244895206077e+04  1.365456978316591e+04  1.019411862509728e-02  1.065429167934461e-02  2.913117552589393e-02  2.219480193856956e+05  6.983153371198164e+04  6.345252454020374e+04  5.555003798883693e+04  -8.729952203755687e+03  6.382829219412513e+04  -5.254956166447298e-02  1.934842330557995e-02  1.936342094581792e-02  1.533604591817952e+05  1.100938650835168e+05  -2.225455940914576e+03  9.623976728989511e+04  3.006173383362230e+04  3.034646208787800e+04  -2.648478417032088e-02  -2.594915824448312e-02  -9.062159026950144e-02  -1.390725540589942e+04  -1.808793876321101e+04  1.052630351084097e+04  -1.987049454709857e+04  -8.896451459759372e+03  1.451072146006811e+04  6.433796436916603e-03  2.790541204179652e-03  9.954204941762379e-03  1.749396221125507e+04  2.253197085256931e+04  -2.314978433115018e+04  1.002989640872128e+04  1.855997492301379e+03  8.561516769021657e+02  -3.760322188180647e-03  -7.863750475164940e-03  -1.917697058413147e-02  3.140121761715473e+04  4.061990961578039e+04  -3.367608784199115e+04  2.990039095581989e+04  1.075244895206079e+04  -1.365456978316590e+04  -1.019411862509728e-02  -1.065429167934462e-02  -2.913117552589390e-02  1.390725540589950e+04  1.808793876321096e+04  -1.052630351084101e+04  1.987049454709855e+04  8.896451459759373e+03  -1.451072146006812e+04  -6.433796436916599e-03  -2.790541204179652e-03  -9.954204941762393e-03  -1.749396221125504e+04  -2.253197085256928e+04  2.314978433115022e+04  -1.002989640872132e+04  -1.855997492301389e+03  -8.561516769021562e+02  3.760322188180667e-03  7.863750475164947e-03  1.917697058413152e-02
  7.150000000000005e-01  -2.963138553978511e+04  -3.857455207812433e+04  3.098479371590710e+04  -2.866761366328478e+04  -8.276901557052246e+03  1.544037314359589e+04  9.098351894253591e-03  1.079386422273873e-02  2.754429813883794e-02  2.309962633423387e+05  7.554398091561970e+04  4.908246595602174e+04  6.586743935507681e+04  -4.810296430111463e+03  5.825876482139732e+04  -5.895101537070323e-02  1.917615991357702e-02  1.280733388010092e-02  1.615500035980471e+05  1.162107780334129e+05  -7.291825624333123e+03  1.032311827348346e+05  2.845742313683068e+04  2.759833917312546e+04  -2.872497317529962e-02  -2.810399612239460e-02  -9.630618725111621e-02  -7.896697751537305e+03  -1.704879158327915e+04  1.093911931704870e+04  -1.869742538534812e+04  -7.781642814652337e+03  1.528263789710949e+04  5.071563721660610e-03  3.281116409612844e-03  9.803583221529430e-03  2.173468778824758e+04  2.152576049484515e+04  -2.004567439885834e+04  9.970188277936599e+03  4.952587423998884e+02  -1.577352464864134e+02  -4.026788172592950e-03  -7.512747813125870e-03  -1.774071491730842e-02  2.963138553978515e+04  3.857455207812434e+04  -3.098479371590704e+04  2.866761366328477e+04  8.276901557052261e+03  -1.544037314359590e+04  -9.098351894253592e-03  -1.079386422273874e-02  -2.754429813883790e-02  7.896697751537396e+03  1.704879158327912e+04  -1.093911931704872e+04  1.869742538534810e+04  7.781642814652349e+03  -1.528263789710950e+04  -5.071563721660602e-03  -3.281116409612845e-03  -9.803583221529447e-03  -2.173468778824753e+04  -2.152576049484508e+04  2.004567439885839e+04  -9.970188277936633e+03  -4.952587423999075e+02  1.577352464864174e+02  4.026788172592969e-03  7.512747813125876e-03  1.774071491730846e-02
  7.200000000000005e-01  -2.402922578592665e+04  -3.412876712349297e+04  4.326791731965265e+04  -2.944871774047154e+04  -1.010901631612105e+04  1.816685004271340e+04  9.159231605401242e-03  1.118073631517769e-02  2.736239067643090e-02  2.516836972773651e+05  9.148867584811090e+04  6.587894739185437e+04  7.246630802698791e+04  -1.624580045456105e+02  6.224843307219542e+04  -6.202521407865805e-02  1.924086013955202e-02  9.076768882809753e-03  1.681403153414587e+05  1.190452207930766e+05  -1.863920978069729e+04  1.088192405718146e+05  3.186465783012052e+04  2.962671554805571e+04  -2.957453405149544e-02  -2.975843702913107e-02  -1.017606877632531e-01  -3.355145155811221e+03  -1.630519210361067e+04  1.359340553751797e+04  -1.877332555047136e+04  -1.049221546814430e+04  1.828684419433089e+04  4.576559016147692e-03  3.598565014843958e-03  1.031518185346155e-02  2.067408063011520e+04  1.782357501988227e+04  -2.967451178213458e+04  1.067539219000012e+04  -3.831991520232532e+02  1.199941516174795e+02  -4.582672589253517e-03  -7.582171300333717e-03  -1.704720882296928e-02  2.402922578592672e+04  3.412876712349299e+04  -4.326791731965256e+04  2.944871774047153e+04  1.010901631612107e+04  -1.816685004271340e+04  -9.159231605401242e-03  -1.118073631517770e-02  -2.736239067643087e-02  3.355145155811304e+03  1.630519210361064e+04  -1.359340553751801e+04  1.877332555047134e+04  1.049221546814429e+04  -1.828684419433090e+04  -4.576559016147683e-03  -3.598565014843958e-03  -1.031518185346156e-02  -2.067408063011514e+04  -1.782357501988220e+04  2.967451178213466e+04  -1.067539219000016e+04  3.831991520232323e+02  -1.199941516174736e+02  4.582672589253538e-03  7.582171300333725e-03  1.704720882296932e-02
  7.250000000000005e-01  -2.085519794531144e+04  -3.100112145591262e+04  4.006142776464915e+04  -2.742804714714207e+04  -7.832742759369288e+03  1.947202427622554e+04  7.873359804066204e-03  1.126488884052445e-02  2.499014282100531e-02  2.597821953867454e+05  9.789031339893980e+04  5.224303639340123e+04  8.319427323629049e+04  3.605011748223154e+03  5.577938592576253e+04  -6.834252009762759e-02  1.878483583553641e-02  1.804207350580653e-03  1.773105654130432e+05  1.258211586509654e+05  -2.012690311632209e+04  1.155052738129359e+05  3.001578298626954e+04  2.577286483866264e+04  -3.165488507707162e-02  -3.194339961125303e-02  -1.069190506905699e-01  3.733413165419308e+03  -1.477195966942380e+04  1.378023883547951e+04  -1.692504447095525e+04  -9.508165789231933e+03  1.885666605900940e+04  2.935167864056247e-03  4.151525467095634e-03  9.907870059286554e-03  2.458861111073057e+04  1.622916178648876e+04  -2.628118892916962e+04  1.050300267618676e+04  -1.675423029862677e+03  -6.153582172161451e+02  -4.938191940009926e-03  -7.113363373428799e-03  -1.508227276171867e-02  2.085519794531152e+04  3.100112145591262e+04  -4.006142776464911e+04  2.742804714714205e+04  7.832742759369300e+03  -1.947202427622554e+04  -7.873359804066206e-03  -1.126488884052445e-02  -2.499014282100527e-02  -3.733413165419218e+03  1.477195966942376e+04  -1.378023883547953e+04  1.692504447095523e+04  9.508165789231933e+03  -1.885666605900941e+04  -2.935167864056237e-03  -4.151525467095635e-03  -9.907870059286566e-03  -2.458861111073053e+04  -1.622916178648869e+04  2.628118892916969e+04  -1.050300267618680e+04  1.675423029862643e+03  6.153582172161639e+02  4.938191940009941e-03  7.113363373428809e-03  1.508227276171871e-02
  7.300000000000005e-01  -1.871481091636275e+04  -2.835350385431041e+04  3.523101481994044e+04  -2.537963376660032e+04  -5.095201490018628e+03  2.089117202198652e+04  6.270133037079945e-03  1.115568719148088e-02  2.225696938810661e-02  2.671378109268798e+05  1.035845208850985e+05  3.790803188278896e+04  9.366653915746586e+04  6.290721390895674e+03  4.941278877059875e+04  -7.431308258831162e-02  1.812117496972983e-02  -5.334954309411930e-03  1.855732106359092e+05  1.313351952069622e+05  -2.233451771316975e+04  1.220691747650146e+05  2.736218518791520e+04  2.213071823666105e+04  -3.350911626222745e-02  -3.394716802854764e-02  -1.112882830980593e-01  1.081539847602327e+04  -1.334787438279532e+04  1.313759806099529e+04  -1.498678563986939e+04  -8.147053217556861e+03  1.918261106558618e+04  1.098387311070445e-03  4.650638759875320e-03  9.378762588567650e-03  2.953020939238588e+04  1.500562947151505e+04  -2.209341675894515e+04  1.039284812673087e+04  -3.051851727538241e+03  -1.708560956400335e+03  -5.171745726009466e-03  -6.505048431605542e-03  -1.287820679953888e-02  1.871481091636283e+04  2.835350385431040e+04  -3.523101481994044e+04  2.537963376660031e+04  5.095201490018643e+03  -2.089117202198652e+04  -6.270133037079941e-03  -1.115568719148088e-02  -2.225696938810658e-02  -1.081539847602320e+04  1.334787438279531e+04  -1.313759806099527e+04  1.498678563986937e+04  8.147053217556862e+03  -1.918261106558621e+04  -1.098387311070435e-03  -4.650638759875324e-03  -9.378762588567669e-03  -2.953020939238585e+04  -1.500562947151495e+04  2.209341675894523e+04  -1.039284812673090e+04  3.051851727538212e+03  1.708560956400345e+03  5.171745726009481e-03  6.505048431605555e-03  1.287820679953891e-02
  7.350000000000005e-01  -1.109383459820327e+04  -2.206370077851792e+04  4.850438467937915e+04  -2.550696220051327e+04  -6.271302037683439e+03  2.413603377775949e+04  6.180874179236223e-03  1.143314250432578e-02  2.127579296803011e-02  2.852464766586259e+05  1.186639078854556e+05  4.977819762635319e+04  1.007696482080609e+05  1.331236896109469e+04  5.067528730846192e+04  -7.736770356881618e-02  1.796159186129318e-02  -1.010844792604995e-02  1.894803014388077e+05  1.313274352499754e+05  -3.910604538409688e+04  1.279938791435140e+05  3.058105358716650e+04  2.308253106102364e+04  -3.452012114460124e-02  -3.573951432090317e-02  -1.162710150927185e-01  1.721762246498260e+04  -1.167567220689347e+04  1.659291429415025e+04  -1.456783431095865e+04  -1.070469116434364e+04  2.243503818181273e+04  3.814587721695926e-04  4.960103370230383e-03  9.667380073168272e-03  2.831145706318571e+04  1.038802857162441e+04  -3.191147038522880e+04  1.093912788955456e+04  -4.433389126660210e+03  -1.700995595946748e+03  -5.799415407066601e-03  -6.473039134095380e-03  -1.160841289486176e-02  1.109383459820336e+04  2.206370077851790e+04  -4.850438467937913e+04  2.550696220051326e+04  6.271302037683462e+03  -2.413603377775948e+04  -6.180874179236220e-03  -1.143314250432578e-02  -2.127579296803008e-02  -1.721762246498253e+04  1.167567220689346e+04  -1.659291429415025e+04  1.456783431095862e+04  1.070469116434365e+04  -2.243503818181276e+04  -3.814587721695798e-04  -4.960103370230388e-03  -9.667380073168289e-03  -2.831145706318569e+04  -1.038802857162430e+04  3.191147038522888e+04  -1.093912788955459e+04  4.433389126660180e+03  1.700995595946761e+03  5.799415407066617e-03  6.473039134095394e-03  1.160841289486180e-02
  7.400000000000005e-01  -7.238678736809400e+03  -1.801447895678283e+04  4.371589436277114e+04  -2.263478910354237e+04  -3.774898534329492e+03  2.486201392237550e+04  4.395775568506988e-03  1.123192511909230e-02  1.770044769794136e-02  2.912821049142252e+05  1.248004547533754e+05  3.679946419525691e+04  1.111790458838173e+05  1.576618884372031e+04  4.354015589305603e+04  -8.300805413355605e-02  1.699353242932252e-02  -1.764904499232595e-02  1.979768980658649e+05  1.370220204212406e+05  -3.749331500517777e+04  1.339288670069629e+05  2.782279536054254e+04  1.859415555167904e+04  -3.614212780009744e-02  -3.771512843866765e-02  -1.198189089125300e-01  2.537529176973568e+04  -9.637830364040332e+03  1.590344370834366e+04  -1.190559366650701e+04  -9.483378190513768e+03  2.247183546821882e+04  -1.731987446257827e-03  5.504184178682441e-03  8.845865779217756e-03  3.261397050654499e+04  8.376648592742475e+03  -2.781245065442739e+04  1.072919543703531e+04  -5.708479656184264e+03  -2.390178454156683e+03  -6.127763014764773e-03  -5.727740940409842e-03  -8.854581918723521e-03  7.238678736809537e+03  1.801447895678282e+04  -4.371589436277113e+04  2.263478910354237e+04  3.774898534329512e+03  -2.486201392237550e+04  -4.395775568506984e-03  -1.123192511909230e-02  -1.770044769794133e-02  -2.537529176973566e+04  9.637830364040328e+03  -1.590344370834369e+04  1.190559366650696e+04  9.483378190513771e+03  -2.247183546821882e+04  1.731987446257837e-03  -5.504184178682445e-03  -8.845865779217772e-03  -3.261397050654495e+04  -8.376648592742351e+03  2.781245065442740e+04  -1.072919543703534e+04  5.708479656184219e+03  2.390178454156706e+03  6.127763014764789e-03  5.727740940409855e-03  8.854581918723551e-03
  7.450000000000006e-01  -4.637959869542986e+03  -1.469198178566446e+04  3.698894254368087e+04  -1.974792216004490e+04  -9.992419035091181e+02  2.574097122135275e+04  2.306621460477286e-03  1.082899389154194e-02  1.385011236751621e-02  2.966656325912031e+05  1.303142971418034e+05  2.385006719664470e+04  1.212306081471668e+05  1.691679646266989e+04  3.681915217001174e+04  -8.812594276945540e-02  1.588166350988417e-02  -2.485428281089915e-02  2.056914583007126e+05  1.414063885366980e+05  -3.646326753528316e+04  1.396792549524584e+05  2.422519151388861e+04  1.430409795863578e+04  -3.740293144639814e-02  -3.942265010022947e-02  -1.224701277579832e-01  3.343009797647609e+04  -7.801309325834432e+03  1.420153621761838e+04  -9.175793920240376e+03  -7.978872304975391e+03  2.225879696986263e+04  -4.009677821510325e-03  5.981359098055622e-03  7.936709825609707e-03  3.806805784601896e+04  6.890672459830027e+03  -2.278740632606233e+04  1.057212823980447e+04  -6.979630401466267e+03  -3.482174251490097e+03  -6.316299281987564e-03  -4.847634793486304e-03  -5.913402541906450e-03  4.637959869543165e+03  1.469198178566450e+04  -3.698894254368071e+04  1.974792216004489e+04  9.992419035091370e+02  -2.574097122135275e+04  -2.306621460477281e-03  -1.082899389154195e-02  -1.385011236751620e-02  -3.343009797647602e+04  7.801309325834442e+03  -1.420153621761840e+04  9.175793920240327e+03  7.978872304975392e+03  -2.225879696986267e+04  4.009677821510335e-03  -5.981359098055626e-03  -7.936709825609723e-03  -3.806805784601891e+04  -6.890672459829875e+03  2.278740632606238e+04  -1.057212823980450e+04  6.979630401466221e+03  3.482174251490113e+03  6.316299281987587e-03  4.847634793486320e-03  5.913402541906477e-03
  7.500000000000006e-01  4.693842702880665e+03  -6.821261507479669e+03  5.024618303935920e+04  -1.909817982196305e+04  -1.328602995571165e+03  2.933701529721724e+04  2.038556945104140e-03  1.095802050926580e-02  1.198684998240060e-02  3.108734736340731e+05  1.434942148456658e+05  2.967099373388360e+04  1.284715709664968e+05  2.594115483391589e+04  3.499017358551748e+04  -9.100259725611698e-02  1.547661234163014e-02  -3.038939161033542e-02  2.063930854745662e+05  1.381973540005192e+05  -5.815186394255336e+04  1.456410529974212e+05  2.698191514170278e+04  1.393037617692894e+04  -3.852139655376626e-02  -4.129422055341168e-02  -1.266115627848262e-01  4.157263691158912e+04  -5.247570636074886e+03  1.814135826419914e+04  -8.180474683485711e+03  -1.018442681207368e+04  2.554948746205740e+04  -4.960301249584709e-03  6.264739359252696e-03  7.946711828150894e-03  3.687879420870838e+04  1.573690871404813e+03  -3.210482477515989e+04  1.091770513847729e+04  -8.855823816502500e+03  -3.787527835159812e+03  -6.998858194688803e-03  -4.693281150013089e-03  -4.040138154249644e-03  -4.693842702880467e+03  6.821261507479723e+03  -5.024618303935901e+04  1.909817982196303e+04  1.328602995571184e+03  -2.933701529721724e+04  -2.038556945104134e-03  -1.095802050926581e-02  -1.198684998240057e-02  -4.157263691158906e+04  5.247570636074891e+03  -1.814135826419917e+04  8.180474683485665e+03  1.018442681207367e+04  -2.554948746205744e+04  4.960301249584721e-03  -6.264739359252701e-03  -7.946711828150904e-03  -3.687879420870834e+04  -1.573690871404654e+03  3.210482477515994e+04  -1.091770513847731e+04  8.855823816502458e+03  3.787527835159832e+03  6.998858194688826e-03  4.693281150013105e-03  4.040138154249670e-03
  7.550000000000006e-01  9.264847635531351e+03  -1.809950439749931e+03  4.423061119269008e+04  -1.539916957815397e+04  1.171418575941801e+03  2.933875458863697e+04  -2.094940559831202e-04  1.042731564451773e-02  7.294636976339685e-03  3.145765841607242e+05  1.491525077075924e+05  1.862744194446330e+04  1.379565771173521e+05  2.683476406232404e+04  2.770000743515020e+04  -9.554516409001131e-02  1.405599286497786e-02  -3.764328793470694e-02  2.134666491151901e+05  1.421823267622450e+05  -5.330055558843555e+04  1.504280402028259e+05  2.344971482670559e+04  9.133036746137865e+03  -3.948125648814653e-02  -4.290743175527888e-02  -1.281675892035140e-01  5.062993533434346e+04  -2.705360442061583e+03  1.660805191210173e+04  -4.716092390532560e+03  -8.828015275765219e+03  2.498585800393037e+04  -7.494848021684935e-03  6.765563071527722e-03  6.733435599626791e-03  4.136508769881201e+04  -8.954100023115475e+02  -2.762255928058823e+04  1.068307718762137e+04  -9.999433851706997e+03  -4.352896584706530e+03  -7.285353965701768e-03  -3.661752572989993e-03  -5.612013767128523e-04  -9.264847635531194e+03  1.809950439749944e+03  -4.423061119268994e+04  1.539916957815395e+04  -1.171418575941758e+03  -2.933875458863697e+04  2.094940559831275e-04  -1.042731564451773e-02  -7.294636976339662e-03  -5.062993533434337e+04  2.705360442061587e+03  -1.660805191210175e+04  4.716092390532500e+03  8.828015275765212e+03  -2.498585800393041e+04  7.494848021684950e-03  -6.765563071527724e-03  -6.733435599626803e-03  -4.136508769881196e+04  8.954100023117177e+02  2.762255928058836e+04  -1.068307718762140e+04  9.999433851706977e+03  4.352896584706552e+03  7.285353965701786e-03  3.661752572990009e-03  5.612013767128760e-04
  7.600000000000006e-01  1.931683837609858e+04  6.713879301614545e+03  5.697512033609241e+04  -1.430371336913076e+04  1.438457483894626e+03  3.316795973631793e+04  -5.907567591987191e-04  1.044439988157733e-02  4.958605937914619e-03  3.258638425302267e+05  1.605591415040807e+05  2.006511298729035e+04  1.451577250734529e+05  3.687731214487485e+04  2.407139624745333e+04  -9.825995844599968e-02  1.351109101651716e-02  -4.341629609180910e-02  2.119283509198574e+05  1.368331023441250e+05  -7.815124248963324e+04  1.563383397627518e+05  2.582930148029876e+04  7.955833439506418e+03  -4.063361448202948e-02  -4.479251248873826e-02  -1.316944673665698e-01  5.968259624195050e+04  3.070869705784330e+02  2.072030029158200e+04  -3.398279854453803e+03  -1.074835443762738e+04  2.820433505050576e+04  -8.565965291738956e-03  7.016655337081832e-03  6.583647302107477e-03  4.036575786585183e+04  -6.406792331035965e+03  -3.625482004451024e+04  1.090543351467692e+04  -1.218681192152198e+04  -4.963624685812105e+03  -7.975208532540188e-03  -3.427744544495485e-03  1.625041364192895e-03  -1.931683837609842e+04  -6.713879301614488e+03  -5.697512033609224e+04  1.430371336913075e+04  -1.438457483894572e+03  -3.316795973631793e+04  5.907567591987272e-04  -1.044439988157734e-02  -4.958605937914596e-03  -5.968259624195041e+04  -3.070869705784349e+02  -2.072030029158204e+04  3.398279854453744e+03  1.074835443762737e+04  -2.820433505050579e+04  8.565965291738973e-03  -7.016655337081837e-03  -6.583647302107489e-03  -4.036575786585178e+04  6.406792331036158e+03  3.625482004451034e+04  -1.090543351467695e+04  1.218681192152195e+04  4.963624685812123e+03  7.975208532540206e-03  3.427744544495501e-03  -1.625041364192871e-03
  7.650000000000006e-01  2.302724043772969e+04  1.132323268294801e+04  4.820555087867624e+04  -1.018232644854506e+04  4.391956495593240e+03  3.326389856545227e+04  -3.193132182247222e-03  9.642812870644946e-03  -3.209925470964931e-04  3.268796825059529e+05  1.646355824799238e+05  7.391102900764472e+03  1.539596668964095e+05  3.680255519998175e+04  1.600145702789658e+04  -1.019380488139641e-01  1.191086650656216e-02  -5.031903348767345e-02  2.169689726182779e+05  1.381895902190625e+05  -7.468745524726762e+04  1.606183296965556e+05  2.111105248772413e+04  2.627714044933191e+03  -4.110690074428466e-02  -4.604684478029478e-02  -1.317028350545751e-01  6.916092978309096e+04  2.890345650356826e+03  1.799958536538913e+04  4.132886935966381e+02  -8.973731029660587e+03  2.726567306848825e+04  -1.132825884101579e-02  7.427818600141562e-03  5.176632006508950e-03  4.613368934536126e+04  -8.432887032591090e+03  -3.020596551328695e+04  1.059561514214165e+04  -1.336568752525382e+04  -5.998225496963954e+03  -8.135126658768532e-03  -2.214994270503381e-03  5.497624553605468e-03  -2.302724043772955e+04  -1.132323268294803e+04  -4.820555087867607e+04  1.018232644854504e+04  -4.391956495593205e+03  -3.326389856545231e+04  3.193132182247228e-03  -9.642812870644958e-03  3.209925470965107e-04  -6.916092978309086e+04  -2.890345650356806e+03  -1.799958536538916e+04  -4.132886935966982e+02  8.973731029660581e+03  -2.726567306848828e+04  1.132825884101581e-02  -7.427818600141560e-03  -5.176632006508956e-03  -4.613368934536117e+04  8.432887032591221e+03  3.020596551328705e+04  -1.059561514214170e+04  1.336568752525380e+04  5.998225496963990e+03  8.135126658768544e-03  2.214994270503397e-03  -5.497624553605448e-03
  7.700000000000006e-01  2.833470832043471e+04  1.730910991363903e+04  4.148659148119968e+04  -5.730636993100401e+03  6.661456986325421e+03  3.244859724580806e+04  -5.829149979196986e-03  8.755848996994458e-03  -5.949323716746507e-03  3.279744773170977e+05  1.695386732000920e+05  -6.592440306740688e+02  1.619282661238160e+05  3.602752277631531e+04  9.097932726701963e+03  -1.049964548857921e-01  1.013110036746253e-02  -5.673877737872782e-02  2.218211249108098e+05  1.398185162997489e+05  -6.668505913537956e+04  1.638683003581554e+05  1.701233515689016e+04  -2.117028731379887e+03  -4.121870484801458e-02  -4.714495823175070e-02  -1.309655573195947e-01  7.890411305332756e+04  5.925193024900832e+03  1.575142132189398e+04  4.619844300241337e+03  -7.604998638401980e+03  2.608264066764554e+04  -1.419691158049303e-02  7.851844937045859e-03  3.634288976892632e-03  5.056940473289280e+04  -1.138391688873802e+04  -2.573517015930556e+04  1.035048129334170e+04  -1.426645562472737e+04  -6.365956578162448e+03  -8.367761601296007e-03  -9.040040599485970e-04  9.583612693639155e-03  -2.833470832043461e+04  -1.730910991363903e+04  -4.148659148119958e+04  5.730636993100375e+03  -6.661456986325376e+03  -3.244859724580809e+04  5.829149979196996e-03  -8.755848996994470e-03  5.949323716746526e-03  -7.890411305332743e+04  -5.925193024900816e+03  -1.575142132189399e+04  -4.619844300241388e+03  7.604998638401961e+03  -2.608264066764557e+04  1.419691158049304e-02  -7.851844937045854e-03  -3.634288976892629e-03  -5.056940473289270e+04  1.138391688873816e+04  2.573517015930559e+04  -1.035048129334173e+04  1.426645562472735e+04  6.365956578162481e+03  8.367761601296016e-03  9.040040599486125e-04  -9.583612693639141e-03
  7.750000000000006e-01  3.929824442621844e+04  2.670945937638867e+04  5.235110809979340e+04  -3.731673599235608e+03  7.970060450575338e+03  3.627809236818361e+04  -6.420931436010789e-03  8.566773870868075e-03  -9.169053797702309e-03  3.336367359924592e+05  1.776532231539527e+05  -6.214220718209185e+03  1.686177195638946e+05  4.722507323805337e+04  2.136247717011235e+03  -1.072748023603631e-01  9.335021985873543e-03  -6.270184680090861e-02  2.164514733274218e+05  1.309335061017979e+05  -9.507992002380334e+04  1.692622606289017e+05  1.846847337761609e+04  -4.920191326395265e+03  -4.235348175627861e-02  -4.898285579818813e-02  -1.331057493305634e-01  8.925986633123316e+04  9.596776749151186e+03  1.968965504523611e+04  6.591198319591610e+03  -8.886447693305603e+03  2.894909489482929e+04  -1.549603135446464e-02  8.045481077199185e-03  3.164230888012681e-03  4.996162190501470e+04  -1.711268262723729e+04  -3.266145305455708e+04  1.032287191882718e+04  -1.685650814388090e+04  -7.328997473354233e+03  -9.075099918453813e-03  -5.212927936688919e-04  1.233328468571499e-02  -3.929824442621833e+04  -2.670945937638870e+04  -5.235110809979327e+04  3.731673599235585e+03  -7.970060450575294e+03  -3.627809236818364e+04  6.420931436010799e-03  -8.566773870868087e-03  9.169053797702326e-03  -8.925986633123302e+04  -9.596776749151164e+03  -1.968965504523613e+04  -6.591198319591662e+03  8.886447693305585e+03  -2.894909489482932e+04  1.549603135446465e-02  -8.045481077199178e-03  -3.164230888012674e-03  -4.996162190501460e+04  1.711268262723743e+04  3.266145305455715e+04  -1.032287191882722e+04  1.685650814388087e+04  7.328997473354267e+03  9.075099918453825e-03  5.212927936689092e-04  -1.233328468571498e-02
  7.800000000000006e-01  4.347464848941228e+04  3.195328889780608e+04  4.243504346494020e+04  1.138569982710591e+03  1.047499167367375e+04  3.547134232958733e+04  -9.353959329374334e-03  7.413838919728375e-03  -1.521412395136196e-02  3.318107266434612e+05  1.807970146784880e+05  -1.519792397372704e+04  1.756248201769450e+05  4.516188397701390e+04  -5.254339993510833e+03  -1.092585516110395e-01  7.461350457950573e-03  -6.842705652216158e-02  2.192794836720791e+05  1.299016874364528e+05  -8.784444049389330e+04  1.717631722824458e+05  1.316662283893352e+04  -1.020949633412407e+04  -4.183153175319990e-02  -4.961168602692468e-02  -1.306572951231258e-01  9.923932611253878e+04  1.257410809239368e+04  1.610106675340126e+04  1.110968477152327e+04  -7.175198649796906e+03  2.729730670735100e+04  -1.851789383703277e-02  8.366820452652293e-03  1.482978824199800e-03  5.576467762312647e+04  -1.937918080541218e+04  -2.633397671153876e+04  9.971114788812627e+03  -1.765019032347061e+04  -8.174035622236253e+03  -9.163934507658417e-03  9.529815329239160e-04  1.669710277556175e-02  -4.347464848941218e+04  -3.195328889780613e+04  -4.243504346494009e+04  -1.138569982710649e+03  -1.047499167367371e+04  -3.547134232958737e+04  9.353959329374347e-03  -7.413838919728391e-03  1.521412395136197e-02  -9.923932611253859e+04  -1.257410809239368e+04  -1.610106675340131e+04  -1.110968477152333e+04  7.175198649796884e+03  -2.729730670735102e+04  1.851789383703278e-02  -8.366820452652286e-03  -1.482978824199794e-03  -5.576467762312639e+04  1.937918080541230e+04  2.633397671153881e+04  -9.971114788812642e+03  1.765019032347063e+04  8.174035622236293e+03  9.163934507658428e-03  -9.529815329238955e-04  -1.669710277556175e-02
  7.850000000000006e-01  4.950883971337034e+04  3.888227328470411e+04  3.565439840781975e+04  6.220322389770112e+03  1.228352912284148e+04  3.381037939115778e+04  -1.226636453810477e-02  6.165076506316480e-03  -2.151140459835916e-02  3.300093024650328e+05  1.846070352431899e+05  -1.950768787241798e+04  1.815294867308749e+05  4.275051028776806e+04  -1.124228682194634e+04  -1.105048495588187e-01  5.441913482235315e-03  -7.351013404672777e-02  2.211039413387784e+05  1.285449170246455e+05  -7.699307394389171e+04  1.731128725669300e+05  8.766639514135706e+03  -1.453356186239072e+04  -4.093910710057861e-02  -5.005000883370794e-02  -1.274205605503092e-01  1.094119949256709e+05  1.607365647630099e+04  1.334706109257146e+04  1.595076430589673e+04  -5.925633239533207e+03  2.552944397045382e+04  -2.160025614502517e-02  8.683776488987677e-03  -2.889502836617122e-04  5.990315521230056e+04  -2.280861680840287e+04  -2.230733731524806e+04  9.730441916126621e+03  -1.820916236237464e+04  -8.280935420703869e+03  -9.333891606920408e-03  2.518699982671184e-03  2.122245431469743e-02  -4.950883971337025e+04  -3.888227328470418e+04  -3.565439840781970e+04  -6.220322389770175e+03  -1.228352912284142e+04  -3.381037939115783e+04  1.226636453810478e-02  -6.165076506316502e-03  2.151140459835916e-02  -1.094119949256708e+05  -1.607365647630096e+04  -1.334706109257154e+04  -1.595076430589679e+04  5.925633239533198e+03  -2.552944397045389e+04  2.160025614502519e-02  -8.683776488987667e-03  2.889502836617243e-04  -5.990315521230047e+04  2.280861680840305e+04  2.230733731524806e+04  -9.730441916126605e+03  1.820916236237466e+04  8.280935420703909e+03  9.333891606920410e-03  -2.518699982671163e-03  -2.122245431469743e-02
  7.900000000000006e-01  6.079044046595087e+04  4.863832146148444e+04  4.356107152210791e+04  9.142754393118794e+03  1.465675593332338e+04  3.735450600672133e+04  -1.307607896833139e-02  5.738165033894398e-03  -2.553085824861037e-02  3.293752337110038e+05  1.888735699457411e+05  -3.183147345903528e+04  1.872515668942689e+05  5.446283011752988e+04  -2.144459980363417e+04  -1.121734494518717e-01  4.398270415823920e-03  -7.923969075323499e-02  2.115970205386812e+05  1.160153972964983e+05  -1.077794211348583e+05  1.775837772787120e+05  9.044512997404192e+03  -1.899195191217174e+04  -4.195713421435990e-02  -5.174183811148263e-02  -1.278635936937031e-01  1.206607933857725e+05  2.020158283424153e+04  1.669030398418308e+04  1.857911644928543e+04  -6.432815337092401e+03  2.777734440218551e+04  -2.310591707878050e-02  8.800788924601601e-03  -1.073913975768265e-03  5.987035291982165e+04  -2.843673862724269e+04  -2.687076753792454e+04  9.436362056166634e+03  -2.108957127041572e+04  -9.577161604535759e+03  -1.002983811044911e-02  3.062623890707191e-03  2.445694427284208e-02  -6.079044046595079e+04  -4.863832146148456e+04  -4.356107152210792e+04  -9.142754393118852e+03  -1.465675593332333e+04  -3.735450600672139e+04  1.307607896833141e-02  -5.738165033894419e-03  2.553085824861037e-02  -1.206607933857724e+05  -2.020158283424151e+04  -1.669030398418317e+04  -1.857911644928549e+04  6.432815337092382e+03  -2.777734440218556e+04  2.310591707878052e-02  -8.800788924601592e-03  1.073913975768280e-03  -5.987035291982155e+04  2.843673862724287e+04  2.687076753792456e+04  -9.436362056166625e+03  2.108957127041573e+04  9.577161604535797e+03  1.002983811044911e-02  -3.062623890707170e-03  -2.445694427284208e-02
  7.950000000000006e-01  6.547930271390788e+04  5.451237022691089e+04  3.330984629110953e+04  1.461579828333383e+04  1.645110578723370e+04  3.561477456217360e+04  -1.620206567519901e-02  4.245133127113380e-03  -3.202407593741724e-02  3.244746788307328e+05  1.907857030029132e+05  -3.638202337618649e+04  1.919458728426127e+05  5.051476542957370e+04  -2.759011384306341e+04  -1.121788505173450e-01  2.382330886708456e-03  -8.331959352327717e-02  2.114661414289879e+05  1.120589254028415e+05  -9.701862830745454e+04  1.779443115056008e+05  3.486797497557478e+03  -2.385698579752334e+04  -4.030213285299501e-02  -5.160951515624426e-02  -1.228254907781607e-01  1.308899547661060e+05  2.356848832087315e+04  1.255374581927230e+04  2.367347933885783e+04  -4.939230160137435e+03  2.546375276043597e+04  -2.624617697372328e-02  9.006605033498365e-03  -2.911359962675866e-03  6.541065205219811e+04  -3.094388190603756e+04  -2.075610047183706e+04  9.057681055524032e+03  -2.139033594737108e+04  -1.015102180173760e+04  -1.004411129852426e-02  4.761471906384970e-03  2.911271597474134e-02  -6.547930271390781e+04  -5.451237022691105e+04  -3.330984629110964e+04  -1.461579828333391e+04  -1.645110578723365e+04  -3.561477456217364e+04  1.620206567519903e-02  -4.245133127113399e-03  3.202407593741724e-02  -1.308899547661059e+05  -2.356848832087314e+04  -1.255374581927240e+04  -2.367347933885790e+04  4.939230160137397e+03  -2.546375276043599e+04  2.624617697372329e-02  -9.006605033498356e-03  2.911359962675892e-03  -6.541065205219803e+04  3.094388190603772e+04  2.075610047183709e+04  -9.057681055523999e+03  2.139033594737106e+04  1.015102180173763e+04  1.004411129852426e-02  -4.761471906384951e-03  -2.911271597474134e-02
  8.000000000000006e-01  7.218352479127199e+04  6.229387606635236e+04  2.716355992018828e+04  2.016055060368822e+04  1.759322149228070e+04  3.314974009514310e+04  -1.924777534427962e-02  2.652768158497669e-03  -3.865153162548854e-02  3.194813588984507e+05  1.931173039866385e+05  -3.656531946193077e+04  1.953105901259138e+05  4.662967441960634e+04  -3.218756513643011e+04  -1.113634068485145e-01  2.597515431706573e-04  -8.663975791294819e-02  2.094906546911212e+05  1.071380882414375e+05  -8.380841404574410e+04  1.770722723710581e+05  -9.098911019100941e+02  -2.741445638593681e+04  -3.828852239623442e-02  -5.125835431535485e-02  -1.169877229876841e-01  1.411951500670251e+05  2.748348421565133e+04  9.557073513590818e+03  2.899725838073916e+04  -3.936232107152588e+03  2.319930811807260e+04  -2.939367100088180e-02  9.191540109956736e-03  -4.783604149011129e-03  6.901162527575296e+04  -3.481039185070081e+04  -1.760648640659730e+04  8.836707777050979e+03  -2.152945359943318e+04  -9.950431977070501e+03  -1.014589565660215e-02  6.538771951459046e-03  3.386792747647736e-02  -7.218352479127199e+04  -6.229387606635254e+04  -2.716355992018831e+04  -2.016055060368832e+04  -1.759322149228064e+04  -3.314974009514313e+04  1.924777534427965e-02  -2.652768158497691e-03  3.865153162548856e-02  -1.411951500670248e+05  -2.748348421565132e+04  -9.557073513590871e+03  -2.899725838073921e+04  3.936232107152546e+03  -2.319930811807260e+04  2.939367100088181e-02  -9.191540109956722e-03  4.783604149011162e-03  -6.901162527575287e+04  3.481039185070092e+04  1.760648640659731e+04  -8.836707777050953e+03  2.152945359943316e+04  9.950431977070521e+03  1.014589565660215e-02  -6.538771951459025e-03  -3.386792747647736e-02
  8.050000000000006e-01  8.315033061667421e+04  7.185211094587611e+04  3.118139448714734e+04  2.397355527764167e+04  2.097267934955756e+04  3.610984610142625e+04  -2.027088765453743e-02  1.962521513674260e-03  -4.331550203383797e-02  3.121938865150060e+05  1.932199074922552e+05  -5.494898413733480e+04  1.996192178752601e+05  5.819551190341103e+04  -4.534611383707159e+04  -1.122573106339846e-01  -1.015581397209725e-03  -9.170478887106488e-02  1.956327502911775e+05  9.094264824194190e+04  -1.157150394494490e+05  1.802005595488875e+05  -2.024610831278509e+03  -3.345538477825370e+04  -3.907880452011672e-02  -5.269285168204021e-02  -1.154790354428480e-01  1.528533501014360e+05  3.183679972563920e+04  1.192616194390901e+04  3.224678841552445e+04  -3.580442507673412e+03  2.457364370005700e+04  -3.106915314688612e-02  9.213398299789280e-03  -5.849383301862480e-03  6.970301948476169e+04  -4.001531122023664e+04  -1.925523254323817e+04  8.273233137882838e+03  -2.455312185723085e+04  -1.153620240136926e+04  -1.079826549234867e-02  7.250876786115001e-03  3.746611873197544e-02  -8.315033061667427e+04  -7.185211094587629e+04  -3.118139448714743e+04  -2.397355527764177e+04  -2.097267934955751e+04  -3.610984610142629e+04  2.027088765453745e-02  -1.962521513674282e-03  4.331550203383799e-02  -1.528533501014358e+05  -3.183679972563920e+04  -1.192616194390904e+04  -3.224678841552450e+04  3.580442507673362e+03  -2.457364370005700e+04  3.106915314688613e-02  -9.213398299789266e-03  5.849383301862518e-03  -6.970301948476161e+04  4.001531122023676e+04  1.925523254323812e+04  -8.273233137882813e+03  2.455312185723084e+04  1.153620240136929e+04  1.079826549234868e-02  -7.250876786114979e-03  -3.746611873197544e-02
  8.100000000000006e-01  8.836249594303950e+04  7.830951900673997e+04  2.147833890168128e+04  2.985826911804000e+04  2.183582856123419e+04  3.348202160794225e+04  -2.342422061296362e-02  1.645280184101449e-04  -4.988081325934014e-02  3.039715552362498e+05  1.935517251166186e+05  -5.473650238969447e+04  2.015671891213929e+05  5.260555087039935e+04  -4.975300000940130e+04  -1.100892096512223e-01  -3.031227000369262e-03  -9.376672075822043e-02  1.918282183630918e+05  8.357469051824158e+04  -1.018887191025887e+05  1.781109652794321e+05  -7.474126260289577e+03  -3.753757427874587e+04  -3.619894308682423e-02  -5.168332509186453e-02  -1.078277138476376e-01  1.630464114644082e+05  3.557327582968849e+04  7.622085231145569e+03  3.774317519132094e+04  -2.447196481253012e+03  2.170887847261490e+04  -3.416284397165152e-02  9.283897303644905e-03  -7.700864250665590e-03  7.468391552136868e+04  -4.273624317705125e+04  -1.385625367053565e+04  7.884906073280960e+03  -2.428302504248710e+04  -1.177314313532737e+04  -1.073862335868791e-02  9.119369285234732e-03  4.217994900867452e-02  -8.836249594303950e+04  -7.830951900674016e+04  -2.147833890168155e+04  -2.985826911804012e+04  -2.183582856123412e+04  -3.348202160794230e+04  2.342422061296364e-02  -1.645280184101770e-04  4.988081325934017e-02  -1.630464114644080e+05  -3.557327582968847e+04  -7.622085231145625e+03  -3.774317519132102e+04  2.447196481252950e+03  -2.170887847261490e+04  3.416284397165155e-02  -9.283897303644888e-03  7.700864250665638e-03  -7.468391552136854e+04  4.273624317705142e+04  1.385625367053575e+04  -7.884906073280919e+03  2.428302504248706e+04  1.177314313532739e+04  1.073862335868791e-02  -9.119369285234711e-03  -4.217994900867451e-02
  8.150000000000006e-01  9.886942644762859e+04  8.749149673103129e+04  2.296554287699876e+04  3.413122893896333e+04  2.580023053046394e+04  3.608354636727810e+04  -2.455575087789123e-02  -6.885544516970630e-04  -5.483901294301260e-02  2.926778277262842e+05  1.910216814814844e+05  -7.675815164232453e+04  2.050035630178258e+05  6.393442233151741e+04  -6.446613814670420e+04  -1.105093782531042e-01  -4.414062710876877e-03  -9.833070475418085e-02  1.755124549791474e+05  6.540172456191905e+04  -1.341074869814854e+05  1.804046152619764e+05  -9.454610632789656e+03  -4.455271012518166e+04  -3.681340419641720e-02  -5.293701529624650e-02  -1.051897805639362e-01  1.747476220984186e+05  3.994167941048255e+04  9.308574482369835e+03  4.131007061117081e+04  -1.576700279641313e+03  2.251588399854748e+04  -3.590913942020589e-02  9.239378754232282e-03  -8.897009039690800e-03  7.587819565079003e+04  -4.754981732054846e+04  -1.365696839462883e+04  7.178841672207528e+03  -2.737693081010516e+04  -1.356766236873068e+04  -1.135338854231467e-02  9.927933205929317e-03  4.594200390332177e-02  -9.886942644762866e+04  -8.749149673103148e+04  -2.296554287699906e+04  -3.413122893896343e+04  -2.580023053046387e+04  -3.608354636727817e+04  2.455575087789125e-02  6.885544516970290e-04  5.483901294301264e-02  -1.747476220984185e+05  -3.994167941048254e+04  -9.308574482369906e+03  -4.131007061117090e+04  1.576700279641259e+03  -2.251588399854746e+04  3.590913942020591e-02  -9.239378754232263e-03  8.897009039690849e-03  -7.587819565078989e+04  4.754981732054865e+04  1.365696839462894e+04  -7.178841672207480e+03  2.737693081010512e+04  1.356766236873069e+04  1.135338854231467e-02  -9.927933205929294e-03  -4.594200390332176e-02
  8.200000000000006e-01  1.056398110887334e+05  9.559455903903484e+04  1.606959693935527e+04  4.027717186115828e+04  2.639650189082541e+04  3.241069206353260e+04  -2.765501753311856e-02  -2.699342646503777e-03  -6.153530243326518e-02  2.815104893657342e+05  1.898539515918803e+05  -7.411188651730861e+04  2.044931630388842e+05  5.829878258165927e+04  -6.822655467225908e+04  -1.070262042459924e-01  -6.589883432062391e-03  -9.898780524246237e-02  1.670284397032518e+05  5.479243645000153e+04  -1.186691638169134e+05  1.761224734470179e+05  -1.421134180996043e+04  -4.748389566629296e+04  -3.343735241160156e-02  -5.149057639764928e-02  -9.575042212401824e-02  1.846888566728164e+05  4.416930443219125e+04  5.765203846756849e+03  4.715468149305732e+04  -5.472782962173235e+02  1.936193304247800e+04  -3.899947322547629e-02  9.228270174817445e-03  -1.080907719113090e-02  7.904904558408284e+04  -5.142525460684332e+04  -1.030439309259835e+04  6.877509631899065e+03  -2.694378018704267e+04  -1.304875902105463e+04  -1.134445569235773e-02  1.192761282132120e-02  5.072622524213425e-02  -1.056398110887333e+05  -9.559455903903500e+04  -1.606959693935546e+04  -4.027717186115839e+04  -2.639650189082539e+04  -3.241069206353265e+04  2.765501753311858e-02  2.699342646503743e-03  6.153530243326523e-02  -1.846888566728161e+05  -4.416930443219128e+04  -5.765203846756890e+03  -4.715468149305741e+04  5.472782962172679e+02  -1.936193304247800e+04  3.899947322547632e-02  -9.228270174817419e-03  1.080907719113095e-02  -7.904904558408275e+04  5.142525460684346e+04  1.030439309259850e+04  -6.877509631899015e+03  2.694378018704266e+04  1.304875902105466e+04  1.134445569235772e-02  -1.192761282132118e-02  -5.072622524213425e-02
  8.250000000000006e-01  1.113312206791891e+05  1.025307232421997e+05  7.788956233322591e+03  4.634536567223800e+04  2.616945811887778e+04  2.901358627158247e+04  -3.065150129370439e-02  -4.743438236071042e-03  -6.776099944780858e-02  2.697203923663844e+05  1.882287490204083e+05  -6.921796263296041e+04  2.033650684934237e+05  5.142233929698886e+04  -7.050918956981687e+04  -1.025896169736590e-01  -8.460239953170908e-03  -9.877246511747641e-02  1.589042780720918e+05  4.360268837876355e+04  -1.024120857787428e+05  1.713371885751882e+05  -1.917670653751933e+04  -5.047674003694781e+04  -2.929174412067839e-02  -4.951261649061717e-02  -8.557054139662296e-02  1.945259787981226e+05  4.823223231511187e+04  1.693049125194657e+03  5.284418844737816e+04  1.075823252772759e+02  1.610971918819514e+04  -4.186664481837932e-02  9.150685959191713e-03  -1.251935553564135e-02  8.319475811893333e+04  -5.429849092708747e+04  -6.095907108127956e+03  6.498822775140196e+03  -2.606187579360043e+04  -1.290386708338739e+04  -1.121514352467493e-02  1.389412419526272e-02  5.524164391216721e-02  -1.113312206791890e+05  -1.025307232421997e+05  -7.788956233322772e+03  -4.634536567223810e+04  -2.616945811887778e+04  -2.901358627158250e+04  3.065150129370442e-02  4.743438236070996e-03  6.776099944780868e-02  -1.945259787981223e+05  -4.823223231511190e+04  -1.693049125194737e+03  -5.284418844737826e+04  -1.075823252773439e+02  -1.610971918819511e+04  4.186664481837934e-02  -9.150685959191681e-03  1.251935553564142e-02  -8.319475811893326e+04  5.429849092708762e+04  6.095907108127962e+03  -6.498822775140144e+03  2.606187579360043e+04  1.290386708338743e+04  1.121514352467493e-02  -1.389412419526270e-02  -5.524164391216720e-02
  8.300000000000006e-01  1.205245806775887e+05  1.106488508017533e+05  4.303726013804990e+03  5.136020616966949e+04  3.090045898809496e+04  3.057800632415638e+04  -3.196344435270322e-02  -5.882057246220928e-03  -7.300226163805545e-02  2.517800925952834e+05  1.814818479248977e+05  -9.548866952824302e+04  2.047720575144512e+05  6.159023968638256e+04  -8.742048290869231e+04  -1.020181450023305e-01  -1.001808218538265e-02  -1.020518701595498e-01  1.381176964074767e+05  2.191382126958518e+04  -1.336452126172656e+05  1.716532672052611e+05  -2.280680112354318e+04  -5.882918727540757e+04  -2.949244488961461e-02  -5.031647650755566e-02  -8.071255139515682e-02  2.057887171629469e+05  5.243748683187115e+04  1.926787669278236e+03  5.690731988947857e+04  1.885249896336657e+03  1.570406306078561e+04  -4.369804142561762e-02  8.985679399870883e-03  -1.389140128774110e-02  8.526413648535812e+04  -5.821136396988176e+04  -2.376938344526718e+03  5.547113719809104e+03  -2.901520909175823e+04  -1.487394326337085e+04  -1.173459707291441e-02  1.486773664609178e-02  5.911086035031433e-02  -1.205245806775887e+05  -1.106488508017533e+05  -4.303726013805142e+03  -5.136020616966959e+04  -3.090045898809500e+04  -3.057800632415643e+04  3.196344435270324e-02  5.882057246220884e-03  7.300226163805555e-02  -2.057887171629467e+05  -5.243748683187117e+04  -1.926787669278280e+03  -5.690731988947867e+04  -1.885249896336747e+03  -1.570406306078559e+04  4.369804142561765e-02  -8.985679399870852e-03  1.389140128774117e-02  -8.526413648535803e+04  5.821136396988195e+04  2.376938344526781e+03  -5.547113719809052e+03  2.901520909175825e+04  1.487394326337087e+04  1.173459707291440e-02  -1.486773664609176e-02  -5.911086035031431e-02
  8.350000000000006e-01  1.274349003104930e+05  1.190148232396981e+05  -7.257414655448446e+02  5.745083626932892e+04  3.045374159405907e+04  2.629155612937207e+04  -3.483139838298401e-02  -8.128566124928786e-03  -7.908312485328463e-02  2.370614707502828e+05  1.781270723231242e+05  -8.832817071755401e+04  2.009167822769468e+05  5.490104348658509e+04  -8.881514380476755e+04  -9.620618037953517e-02  -1.199117365032411e-02  -1.002537506204077e-01  1.245309843809788e+05  6.901021794039179e+03  -1.167261101280320e+05  1.645125650161819e+05  -2.691346856454604e+04  -6.028517625149797e+04  -2.484984451600387e-02  -4.783468483361722e-02  -6.877054283955431e-02  2.149374961123446e+05  5.682768383257301e+04  -1.304633150378487e+03  6.276049721904193e+04  2.445347963167239e+03  1.230825790739796e+04  -4.646962813570567e-02  8.807290956823741e-03  -1.555445138780576e-02  8.750259580185161e+04  -6.218713940712484e+04  -5.788916848335530e+02  5.309660949712989e+03  -2.800839363089176e+04  -1.398329822197417e+04  -1.163822975272166e-02  1.693585708175249e-02  6.352867346547882e-02  -1.274349003104928e+05  -1.190148232396982e+05  7.257414655448200e+02  -5.745083626932905e+04  -3.045374159405908e+04  -2.629155612937211e+04  3.483139838298404e-02  8.128566124928741e-03  7.908312485328471e-02  -2.149374961123443e+05  -5.682768383257304e+04  1.304633150378493e+03  -6.276049721904199e+04  -2.445347963167308e+03  -1.230825790739794e+04  4.646962813570570e-02  -8.807290956823704e-03  1.555445138780585e-02  -8.750259580185154e+04  6.218713940712508e+04  5.788916848337012e+02  -5.309660949712955e+03  2.800839363089177e+04  1.398329822197419e+04  1.163822975272165e-02  -1.693585708175247e-02  -6.352867346547882e-02
  8.400000000000006e-01  1.334915671145029e+05  1.262568506871963e+05  -6.796821338627366e+03  6.344735626725060e+04  2.905416687449876e+04  2.231005586207182e+04  -3.747914202524570e-02  -1.033794459328541e-02  -8.454716911701347e-02  2.214826529607013e+05  1.741668287741534e+05  -7.920643716416501e+04  1.965000338448965e+05  4.717245324820565e+04  -8.872223215618584e+04  -8.951146509978394e-02  -1.357662893410930e-02  -9.762421386805024e-02  1.115431313642847e+05  -8.421913611342796e+03  -9.880110920975612e+04  1.568591808189182e+05  -3.103165791699603e+04  -6.195391089282294e+04  -1.945008161071896e-02  -4.482566434433164e-02  -5.624863853864650e-02  2.240671933515039e+05  6.114492086913635e+04  -4.768650861511161e+03  6.840905404724814e+04  2.538799375296007e+03  8.874374550275508e+03  -4.892544292630224e-02  8.576365267642409e-03  -1.696733251110481e-02  9.057562623700108e+04  -6.511192981805962e+04  2.028170477116326e+03  4.961697779997540e+03  -2.651536749920268e+04  -1.343568131179637e+04  -1.144630090105654e-02  1.891430986092778e-02  6.757983660590861e-02  -1.334915671145026e+05  -1.262568506871962e+05  6.796821338627497e+03  -6.344735626725073e+04  -2.905416687449874e+04  -2.231005586207186e+04  3.747914202524574e-02  1.033794459328536e-02  8.454716911701360e-02  -2.240671933515036e+05  -6.114492086913638e+04  4.768650861511180e+03  -6.840905404724822e+04  -2.538799375296077e+03  -8.874374550275461e+03  4.892544292630225e-02  -8.576365267642371e-03  1.696733251110490e-02  -9.057562623700098e+04  6.511192981805985e+04  -2.028170477116303e+03  -4.961697779997484e+03  2.651536749920271e+04  1.343568131179638e+04  1.144630090105652e-02  -1.891430986092776e-02  -6.757983660590861e-02
  8.450000000000006e-01  1.408192011981044e+05  1.328428495855696e+05  -1.550603555187882e+04  6.903647686034105e+04  3.429517396201233e+04  2.259683788191314e+04  -3.893240692361213e-02  -1.176174599288059e-02  -8.976746462993720e-02  1.973036594255062e+05  1.634644096890794e+05  -1.081597426933896e+05  1.955582432885829e+05  5.563420176940550e+04  -1.071376384549152e+05  -8.783941501264304e-02  -1.525699956152344e-02  -9.928769284603921e-02  8.632221806958095e+04  -3.345614586453811e+04  -1.277767276115024e+05  1.548234145698825e+05  -3.636391755208258e+04  -7.134152188714208e+04  -1.911758862102141e-02  -4.505179007120735e-02  -4.911269535597763e-02  2.343484760052492e+05  6.497541096704520e+04  -6.107223606653512e+03  7.283509127610722e+04  5.172784496130540e+03  7.113417068332327e+03  -5.076869749118643e-02  8.278012623395165e-03  -1.841851570525363e-02  9.352927480714503e+04  -6.786743861852403e+04  9.398811945225423e+03  3.798614415766195e+03  -2.912238946588170e+04  -1.548342081358089e+04  -1.183629056757430e-02  2.003975861627572e-02  7.134894892468348e-02  -1.408192011981041e+05  -1.328428495855695e+05  1.550603555187904e+04  -6.903647686034118e+04  -3.429517396201233e+04  -2.259683788191318e+04  3.893240692361217e-02  1.176174599288054e-02  8.976746462993730e-02  -2.343484760052489e+05  -6.497541096704524e+04  6.107223606653582e+03  -7.283509127610734e+04  -5.172784496130615e+03  -7.113417068332273e+03  5.076869749118644e-02  -8.278012623395125e-03  1.841851570525373e-02  -9.352927480714492e+04  6.786743861852425e+04  -9.398811945225443e+03  -3.798614415766140e+03  2.912238946588176e+04  1.548342081358090e+04  1.183629056757428e-02  -2.003975861627569e-02  -7.134894892468349e-02
  8.500000000000006e-01  1.476393480908859e+05  1.411859512503611e+05  -1.806619127372177e+04  7.479769861190155e+04  3.275438963839403e+04  1.795490848095081e+04  -4.137799781651744e-02  -1.415043273968173e-02  -9.479752217571907e-02  1.789150815566084e+05  1.576002132603707e+05  -9.709413834118433e+04  1.882468708103314e+05  4.834728938747347e+04  -1.059894240031044e+05  -7.976424422870539e-02  -1.688347035602080e-02  -9.497839437798952e-02  6.722734597948375e+04  -5.310219599909792e+04  -1.102376728904927e+05  1.447196756626468e+05  -3.949233078804037e+04  -7.115125212117824e+04  -1.323893372128848e-02  -4.148124827051455e-02  -3.491932604160069e-02  2.423273856608950e+05  6.941407144503634e+04  -8.729029043040426e+03  7.844356613861813e+04  5.193130826311208e+03  3.712137973605779e+03  -5.303339572435622e-02  7.930760148331651e-03  -1.967167626879723e-02  9.468803757000911e+04  -7.177187980532434e+04  9.337162230681412e+03  3.645867526716607e+03  -2.756125881208273e+04  -1.424277050734514e+04  -1.165539790783878e-02  2.208119288801335e-02  7.512584590692176e-02  -1.476393480908856e+05  -1.411859512503608e+05  1.806619127372197e+04  -7.479769861190169e+04  -3.275438963839405e+04  -1.795490848095086e+04  4.137799781651748e-02  1.415043273968168e-02  9.479752217571914e-02  -2.423273856608947e+05  -6.941407144503639e+04  8.729029043040478e+03  -7.844356613861820e+04  -5.193130826311272e+03  -3.712137973605722e+03  5.303339572435622e-02  -7.930760148331604e-03  1.967167626879734e-02  -9.468803757000896e+04  7.177187980532454e+04  -9.337162230681335e+03  -3.645867526716525e+03  2.756125881208279e+04  1.424277050734515e+04  1.165539790783877e-02  -2.208119288801333e-02  -7.512584590692177e-02
  8.550000000000006e-01  1.538685401329338e+05  1.484883126807006e+05  -2.129510470071820e+04  8.045188845614283e+04  3.018522702590453e+04  1.362643299931068e+04  -4.348898700095678e-02  -1.642553891280769e-02  -9.909312919926960e-02  1.593799731248766e+05  1.509536521480124e+05  -8.450156953159375e+04  1.804531509340023e+05  4.024347076360539e+04  -1.034195364568791e+05  -7.092620426172688e-02  -1.805594997309546e-02  -8.992045716185693e-02  4.896087459215533e+04  -7.275433095747470e+04  -9.148464852441750e+04  1.341040039235396e+05  -4.243665852022692e+04  -7.134595462096515e+04  -6.647458758063482e-03  -3.740941011281733e-02  -2.033303998436549e-02  2.503718406526497e+05  7.388131275823557e+04  -1.126999272019915e+04  8.380325743493855e+04  4.684017840712726e+03  3.295763403809482e+02  -5.489877888174146e-02  7.548603721019649e-03  -2.064208036883054e-02  9.650330051971607e+04  -7.460699992246457e+04  1.002511198051907e+04  3.351368978795756e+03  -2.550120918519177e+04  -1.329685665892982e+04  -1.140979188078468e-02  2.397414263382730e-02  7.845104883043891e-02  -1.538685401329335e+05  -1.484883126807004e+05  2.129510470071828e+04  -8.045188845614296e+04  -3.018522702590459e+04  -1.362643299931074e+04  4.348898700095682e-02  1.642553891280765e-02  9.909312919926967e-02  -2.503718406526493e+05  -7.388131275823570e+04  1.126999272019916e+04  -8.380325743493863e+04  -4.684017840712792e+03  -3.295763403808652e+02  5.489877888174147e-02  -7.548603721019596e-03  2.064208036883064e-02  -9.650330051971591e+04  7.460699992246483e+04  -1.002511198051906e+04  -3.351368978795675e+03  2.550120918519183e+04  1.329685665892983e+04  1.140979188078466e-02  -2.397414263382728e-02  -7.845104883043895e-02
  8.600000000000007e-01  1.588695169111011e+05  1.531604621375926e+05  -3.514773069038605e+04  8.640243902194880e+04  3.562560829177461e+04  1.245699087180549e+04  -4.503097078736645e-02  -1.812091966370286e-02  -1.039558946933690e-01  1.295999064626205e+05  1.367142451997841e+05  -1.144645094130206e+05  1.769275162898032e+05  4.655834617864560e+04  -1.225430837818451e+05  -6.807872800002726e-02  -1.979100622244465e-02  -8.971526767727073e-02  1.944015391621887e+04  -1.009046177693256e+05  -1.170514069548564e+05  1.293914444555685e+05  -4.944373355027204e+04  -8.140471874728485e+04  -5.669007637732634e-03  -3.693140567875854e-02  -1.095099943572226e-02  2.591585661976952e+05  7.716621405872321e+04  -1.416055575319374e+04  8.842754797837735e+04  8.072955030609583e+03  -2.855944500304179e+03  -5.666928935012976e-02  7.107497859666773e-03  -2.206133863815665e-02  1.002890492865943e+05  -7.599424807886888e+04  2.098717493719231e+04  2.025108956428595e+03  -2.755265326116501e+04  -1.531293537210981e+04  -1.163831856276330e-02  2.522841752336960e-02  8.189455605521219e-02  -1.588695169111008e+05  -1.531604621375924e+05  3.514773069038617e+04  -8.640243902194891e+04  -3.562560829177470e+04  -1.245699087180557e+04  4.503097078736650e-02  1.812091966370281e-02  1.039558946933691e-01  -2.591585661976948e+05  -7.716621405872333e+04  1.416055575319381e+04  -8.842754797837742e+04  -8.072955030609653e+03  2.855944500304266e+03  5.666928935012977e-02  -7.107497859666719e-03  2.206133863815676e-02  -1.002890492865941e+05  7.599424807886915e+04  -2.098717493719229e+04  -2.025108956428513e+03  2.755265326116506e+04  1.531293537210981e+04  1.163831856276328e-02  -2.522841752336958e-02  -8.189455605521223e-02
  8.650000000000007e-01  1.653034653871653e+05  1.611286604088510e+05  -3.482465343059276e+04  9.155697451241506e+04  3.302281908238109e+04  7.757748020245092e+03  -4.687137088131998e-02  -2.053972110227745e-02  -1.075311068274899e-01  1.074804477755270e+05  1.280531303434295e+05  -1.003715871734910e+05  1.661792381787609e+05  3.915073654209533e+04  -1.188375213419697e+05  -5.790995596298988e-02  -2.093978740029240e-02  -8.296256537923187e-02  -5.407440928110417e+03  -1.252738059187508e+05  -9.977479705630575e+04  1.163015251677787e+05  -5.131142943684729e+04  -7.949867919520815e+04  1.365836366381775e-03  -3.225156284585495e-02  5.156199624727212e-03  2.655863819185832e+05  8.151763574633269e+04  -1.594354718723452e+04  9.353388902890014e+04  7.525948703501546e+03  -6.012392167869943e+03  -5.824928791357973e-02  6.597636369302192e-03  -2.276292691056282e-02  1.002829165314180e+05  -7.961102466251783e+04  1.888110624335813e+04  1.976914516485083e+03  -2.549687037887953e+04  -1.377014018811514e+04  -1.137791703225974e-02  2.713735747157960e-02  8.476817991692692e-02  -1.653034653871651e+05  -1.611286604088508e+05  3.482465343059273e+04  -9.155697451241521e+04  -3.302281908238118e+04  -7.757748020245148e+03  4.687137088132002e-02  2.053972110227741e-02  1.075311068274900e-01  -2.655863819185828e+05  -8.151763574633279e+04  1.594354718723462e+04  -9.353388902890019e+04  -7.525948703501611e+03  6.012392167870022e+03  5.824928791357974e-02  -6.597636369302133e-03  2.276292691056293e-02  -1.002829165314180e+05  7.961102466251803e+04  -1.888110624335819e+04  -1.976914516485015e+03  2.549687037887958e+04  1.377014018811515e+04  1.137791703225972e-02  -2.713735747157959e-02  -8.476817991692698e-02
  8.700000000000007e-01  1.684849436330047e+05  1.642425854225674e+05  -5.225813637649411e+04  9.765440476934682e+04  3.844185157026026e+04  5.734411293521896e+03  -4.844145462329325e-02  -2.236641749195933e-02  -1.120310892833083e-01  7.445949839521536e+04  1.116720678930298e+05  -1.310295865199125e+05  1.612298676269435e+05  4.390358455495648e+04  -1.381038639764841e+05  -5.443479149426982e-02  -2.262026402494154e-02  -8.165150609789894e-02  -3.697762511857689e+04  -1.547536929776408e+05  -1.226421667292425e+05  1.100531093104180e+05  -5.942836816946384e+04  -9.022978200348618e+04  2.773013265304223e-03  -3.132002777295379e-02  1.571713711132270e-02  2.732711963663215e+05  8.431495207747273e+04  -1.994036565098541e+04  9.822766858256857e+04  1.131180712038083e+04  -1.006825088217635e+04  -5.994288302344870e-02  6.074466495699286e-03  -2.410848314579291e-02  1.047862527333169e+05  -7.992763334509419e+04  3.231777072550852e+04  5.732638132217810e+02  -2.713004444987941e+04  -1.580266217569836e+04  -1.150142840015545e-02  2.844088398765858e-02  8.792260613751524e-02  -1.684849436330045e+05  -1.642425854225672e+05  5.225813637649413e+04  -9.765440476934696e+04  -3.844185157026038e+04  -5.734411293521960e+03  4.844145462329328e-02  2.236641749195930e-02  1.120310892833084e-01  -2.732711963663211e+05  -8.431495207747283e+04  1.994036565098556e+04  -9.822766858256863e+04  -1.131180712038090e+04  1.006825088217644e+04  5.994288302344871e-02  -6.074466495699223e-03  2.410848314579302e-02  -1.047862527333168e+05  7.992763334509444e+04  -3.231777072550858e+04  -5.732638132217136e+02  2.713004444987947e+04  1.580266217569837e+04  1.150142840015543e-02  -2.844088398765857e-02  -8.792260613751531e-02
  8.750000000000007e-01  1.737567971049884e+05  1.706552819516171e+05  -5.337270637935166e+04  1.026574330756327e+05  3.466862609139532e+04  6.271166563616425e+02  -4.983866568523206e-02  -2.470541662988516e-02  -1.144460959020568e-01  4.933906969666668e+04  1.011705977578825e+05  -1.145953187318339e+05  1.487969886841957e+05  3.500329978417408e+04  -1.328196548523015e+05  -4.308252346756703e-02  -2.329392692258526e-02  -7.334265408012490e-02  -6.280712691028613e+04  -1.803117050550401e+05  -1.022328149859932e+05  9.505783922758140e+04  -6.138483930371674e+04  -8.848594442403958e+04  1.076517544950570e-02  -2.581472110805478e-02  3.295899398693622e-02  2.789827833519391e+05  8.861892779081553e+04  -2.162143206034903e+04  1.029889733398704e+05  1.041792428394673e+04  -1.369738834733267e+04  -6.096622683619955e-02  5.484008700456703e-03  -2.443793702951551e-02  1.052259862469507e+05  -8.203635416080111e+04  3.175127431900240e+04  3.315402642377419e+02  -2.425070180744858e+04  -1.432450500369442e+04  -1.112756115096750e-02  3.018942533034183e-02  9.000815887254106e-02  -1.737567971049884e+05  -1.706552819516170e+05  5.337270637935166e+04  -1.026574330756328e+05  -3.466862609139544e+04  -6.271166563616799e+02  4.983866568523211e-02  2.470541662988512e-02  1.144460959020568e-01  -2.789827833519388e+05  -8.861892779081565e+04  2.162143206034917e+04  -1.029889733398705e+05  -1.041792428394677e+04  1.369738834733274e+04  6.096622683619957e-02  -5.484008700456642e-03  2.443793702951562e-02  -1.052259862469505e+05  8.203635416080139e+04  -3.175127431900236e+04  -3.315402642376566e+02  2.425070180744861e+04  1.432450500369443e+04  1.112756115096748e-02  -3.018942533034182e-02  -9.000815887254113e-02
  8.800000000000007e-01  1.794482234983341e+05  1.778399014919181e+05  -4.997666871356917e+04  1.069370856452852e+05  3.111784954855965e+04  -3.813556180791658e+03  -5.091023381437160e-02  -2.702878698626092e-02  -1.162172895000821e-01  2.351028335143433e+04  8.948087393970869e+04  -9.852687262021231e+04  1.347573397620721e+05  2.793826221093988e+04  -1.267022306804211e+05  -3.108471260715970e-02  -2.385053258221154e-02  -6.432608772432528e-02  -9.347882307216573e+04  -2.093491434447287e+05  -8.607098441476776e+04  7.903775652263446e+04  -6.177285408274667e+04  -8.489702215690234e+04  1.883226503348492e-02  -2.003828505130785e-02  5.057250405194289e-02  2.834855884092529e+05  9.272932531836016e+04  -2.242624060512778e+04  1.073439302738029e+05  9.320261284663957e+03  -1.636417273133687e+04  -6.170439371778654e-02  4.824724575511256e-03  -2.447609541957745e-02  1.040373649109189e+05  -8.511057617355736e+04  2.755042810844129e+04  4.068446285177171e+02  -2.179758826389570e+04  -1.255061655054535e+04  -1.079415990341493e-02  3.185351156177214e-02  9.174119408050445e-02  -1.794482234983341e+05  -1.778399014919178e+05  4.997666871356902e+04  -1.069370856452853e+05  -3.111784954855975e+04  3.813556180791617e+03  5.091023381437167e-02  2.702878698626090e-02  1.162172895000821e-01  -2.834855884092526e+05  -9.272932531836034e+04  2.242624060512795e+04  -1.073439302738030e+05  -9.320261284663997e+03  1.636417273133696e+04  6.170439371778655e-02  -4.824724575511193e-03  2.447609541957755e-02  -1.040373649109187e+05  8.511057617355761e+04  -2.755042810844120e+04  -4.068446285176266e+02  2.179758826389575e+04  1.255061655054536e+04  1.079415990341491e-02  -3.185351156177213e-02  -9.174119408050450e-02
  8.850000000000007e-01  1.798170138631097e+05  1.786635483424669e+05  -7.179738561004055e+04  1.130078763225731e+05  3.615935720709561e+04  -7.468536423109612e+03  -5.246313732543061e-02  -2.907221713025351e-02  -1.198245110145254e-01  -1.371734290100914e+04  7.049806447964882e+04  -1.274500226803207e+05  1.270338636915729e+05  3.004089152047001e+04  -1.453349330565670e+05  -2.639423640060735e-02  -2.545107568913035e-02  -6.093690094943621e-02  -1.288768060446031e+05  -2.414114169855018e+05  -1.038445355233609e+05  6.971552481403176e+04  -7.137668665770516e+04  -9.569149120813377e+04  2.104068309393126e-02  -1.821929695061846e-02  6.315774161626325e-02  2.889772359849222e+05  9.480623353465412e+04  -2.770103827483754e+04  1.119450524206484e+05  1.361428906611028e+04  -2.180520855817882e+04  -6.318185799165944e-02  4.156183920290575e-03  -2.561064197607852e-02  1.091602221218126e+05  -8.385731480781225e+04  4.409634733520290e+04  -1.062823901924729e+03  -2.254506814098536e+04  -1.433667213506935e+04  -1.071872066622884e-02  3.322840105054405e-02  9.421386903844672e-02  -1.798170138631097e+05  -1.786635483424667e+05  7.179738561004039e+04  -1.130078763225733e+05  -3.615935720709575e+04  7.468536423109565e+03  5.246313732543068e-02  2.907221713025349e-02  1.198245110145255e-01  -2.889772359849219e+05  -9.480623353465427e+04  2.770103827483773e+04  -1.119450524206485e+05  -1.361428906611033e+04  2.180520855817892e+04  6.318185799165946e-02  -4.156183920290513e-03  2.561064197607862e-02  -1.091602221218125e+05  8.385731480781254e+04  -4.409634733520281e+04  1.062823901924816e+03  2.254506814098542e+04  1.433667213506936e+04  1.071872066622881e-02  -3.322840105054405e-02  -9.421386903844681e-02
  8.900000000000007e-01  1.845496033996396e+05  1.843735364449842e+05  -6.909475218186824e+04  1.169926896803547e+05  3.135234531246813e+04  -1.230547745898450e+04  -5.296947543117992e-02  -3.122304918874810e-02  -1.202387061585522e-01  -4.249212496764992e+04  5.695567431541783e+04  -1.091606572298265e+05  1.114332048866840e+05  2.169806098719235e+04  -1.374429906573202e+05  -1.342101548241084e-02  -2.546042331977614e-02  -5.049051320342526e-02  -1.602683531808208e+05  -2.712397763864668e+05  -8.423247695889388e+04  5.175363240060458e+04  -7.158320504871666e+04  -9.222752768157868e+04  2.999582413713398e-02  -1.163692786884746e-02  8.158794897513362e-02  2.926589377541139e+05  9.895356077068450e+04  -2.795378269610091e+04  1.158269891672491e+05  1.209578506014203e+04  -2.483140571235008e+04  -6.326777920973578e-02  3.434912432758495e-03  -2.522975509929843e-02  1.081093343544743e+05  -8.541997567429922e+04  4.114096948576712e+04  -1.165700513105587e+03  -1.925656025232610e+04  -1.252592825336573e+04  -1.029830377855585e-02  3.465796162150658e-02  9.500895105925353e-02  -1.845496033996396e+05  -1.843735364449840e+05  6.909475218186811e+04  -1.169926896803549e+05  -3.135234531246820e+04  1.230547745898449e+04  5.296947543117998e-02  3.122304918874807e-02  1.202387061585522e-01  -2.926589377541135e+05  -9.895356077068461e+04  2.795378269610105e+04  -1.158269891672492e+05  -1.209578506014204e+04  2.483140571235019e+04  6.326777920973578e-02  -3.434912432758434e-03  2.522975509929851e-02  -1.081093343544741e+05  8.541997567429942e+04  -4.114096948576716e+04  1.165700513105670e+03  1.925656025232613e+04  1.252592825336575e+04  1.029830377855583e-02  -3.465796162150657e-02  -9.500895105925364e-02
  8.950000000000007e-01  1.890939449084123e+05  1.903249712200819e+05  -6.267422552604670e+04  1.201496906430752e+05  2.704185742481612e+04  -1.617749320693733e+04  -5.313739476731993e-02  -3.331779835526867e-02  -1.199310143575882e-01  -7.190472430862419e+04  4.207667857287974e+04  -9.224398221627944e+04  9.436481538700474e+04  1.539519529950256e+04  -1.292055864766312e+05  5.981145661558493e-05  -2.532888066262913e-02  -3.948429698307011e-02  -1.966583406229659e+05  -3.047481847220628e+05  -6.996271669379548e+04  3.293303563440918e+04  -7.034937753366468e+04  -8.708493420053551e+04  3.893442962410247e-02  -4.808901191262474e-03  1.002482805608445e-01  2.948832950123856e+05  1.026571225926967e+05  -2.774139733856060e+04  1.192011984258876e+05  1.050588608547126e+04  -2.678821402916123e+04  -6.303686285367317e-02  2.645079711346742e-03  -2.453053564217309e-02  1.057893501039734e+05  -8.766784862738485e+04  3.493282818748599e+04  -9.484922171877068e+02  -1.653597133934487e+04  -1.061072082222406e+04  -9.899468086353213e-03  3.596287806661539e-02  9.540047871541493e-02  -1.890939449084122e+05  -1.903249712200818e+05  6.267422552604679e+04  -1.201496906430754e+05  -2.704185742481616e+04  1.617749320693730e+04  5.313739476732000e-02  3.331779835526865e-02  1.199310143575883e-01  -2.948832950123853e+05  -1.026571225926969e+05  2.774139733856073e+04  -1.192011984258877e+05  -1.050588608547126e+04  2.678821402916133e+04  6.303686285367317e-02  -2.645079711346679e-03  2.453053564217316e-02  -1.057893501039732e+05  8.766784862738504e+04  -3.493282818748597e+04  9.484922171877980e+02  1.653597133934492e+04  1.061072082222409e+04  9.899468086353187e-03  -3.596287806661538e-02  -9.540047871541503e-02
  9.000000000000007e-01  1.865120895001769e+05  1.887714708003306e+05  -8.797919350385471e+04  1.259077432417950e+05  3.134592641271589e+04  -2.143259293184696e+04  -5.459304737819060e-02  -3.552593903530973e-02  -1.223151648141819e-01  -1.123310640441011e+05  2.109886280272533e+04  -1.179648092003802e+05  8.388335260527286e+04  1.473487365240170e+04  -1.463353943832549e+05  5.937151644800047e-03  -2.674816829240785e-02  -3.400809592450610e-02  -2.355193257701441e+05  -3.390580137098589e+05  -8.198840950711672e+04  2.038967739961277e+04  -8.120086810322873e+04  -9.750262382508950e+04  4.201623398637410e-02  -2.002342220813971e-03  1.146076175699534e-01  2.978442666638364e+05  1.039896688361644e+05  -3.393454416834855e+04  1.235004825619017e+05  1.511600987493268e+04  -3.346372643320359e+04  -6.419993054585989e-02  1.833883163785238e-03  -2.534403792249437e-02  1.113321771636597e+05  -8.478180196416590e+04  5.404464933550596e+04  -2.407260679893454e+03  -1.622991653778318e+04  -1.203113350135681e+04  -9.606883167669266e-03  3.735982219909496e-02  9.697112689168734e-02  -1.865120895001768e+05  -1.887714708003305e+05  8.797919350385478e+04  -1.259077432417952e+05  -3.134592641271597e+04  2.143259293184695e+04  5.459304737819066e-02  3.552593903530972e-02  1.223151648141820e-01  -2.978442666638362e+05  -1.039896688361646e+05  3.393454416834871e+04  -1.235004825619017e+05  -1.511600987493268e+04  3.346372643320369e+04  6.419993054585990e-02  -1.833883163785174e-03  2.534403792249443e-02  -1.113321771636595e+05  8.478180196416606e+04  -5.404464933550594e+04  2.407260679893548e+03  1.622991653778325e+04  1.203113350135682e+04  9.606883167669241e-03  -3.735982219909495e-02  -9.697112689168742e-02
  9.050000000000007e-01  1.903303176876520e+05  1.933831480749187e+05  -8.146260948605038e+04  1.286257557843462e+05  2.575980899114110e+04  -2.567571582247886e+04  -5.409264991969240e-02  -3.735491772561638e-02  -1.205126764620827e-01  -1.446000437125806e+05  4.351780736844438e+03  -9.907927215718718e+04  6.543446288138044e+04  7.402101786704956e+03  -1.361959461084353e+05  2.013889995393556e-02  -2.601036805319042e-02  -2.175817172441279e-02  -2.723568463885566e+05  -3.729447342091966e+05  -6.404315800217355e+04  -3.630677047984825e+02  -7.952337532124594e+04  -9.245680823333529e+04  5.174404835387866e-02  5.588864137187986e-03  1.337343545303178e-01  2.991402535631710e+05  1.078138616919806e+05  -3.273972743040676e+04  1.262852841634219e+05  1.305506045484235e+04  -3.564389073066676e+04  -6.324557886968502e-02  1.003161870697681e-03  -2.420457348728781e-02  1.088099358755189e+05  -8.556928638293776e+04  4.872288205564341e+04  -2.340471620924451e+03  -1.270474853629870e+04  -9.968174908188050e+03  -9.152928949992577e-03  3.835807959631406e-02  9.630810297479474e-02  -1.903303176876520e+05  -1.933831480749185e+05  8.146260948605047e+04  -1.286257557843465e+05  -2.575980899114115e+04  2.567571582247878e+04  5.409264991969248e-02  3.735491772561639e-02  1.205126764620829e-01  -2.991402535631707e+05  -1.078138616919808e+05  3.273972743040690e+04  -1.262852841634220e+05  -1.305506045484233e+04  3.564389073066685e+04  6.324557886968500e-02  -1.003161870697626e-03  2.420457348728786e-02  -1.088099358755188e+05  8.556928638293785e+04  -4.872288205564354e+04  2.340471620924547e+03  1.270474853629876e+04  9.968174908188075e+03  9.152928949992556e-03  -3.835807959631406e-02  -9.630810297479489e-02
  9.100000000000007e-01  1.932922629644803e+05  1.976313642227679e+05  -7.229714639675395e+04  1.304425862674185e+05  2.093883717509566e+04  -2.869745153721012e+04  -5.325860051753150e-02  -3.908644643385498e-02  -1.179399043349618e-01  -1.773512546034055e+05  -1.379815807122998e+04  -8.242409235667594e+04  4.570354322184195e+04  2.214055291751005e+03  -1.262541938014502e+05  3.469210116965275e-02  -2.511355627191033e-02  -9.110836753609750e-03  -3.141858084717845e+05  -4.105933158952141e+05  -5.233145284756597e+04  -2.178919303204370e+04  -7.661059765738898e+04  -8.597420544297264e+04  6.136530410626368e-02  1.339334651115535e-02  1.529488034236427e-01  2.987678655244691e+05  1.109407624460642e+05  -3.157082541124756e+04  1.284797235001645e+05  1.106697957199847e+04  -3.671202748790936e+04  -6.195571098013410e-02  1.059511485862775e-04  -2.273696058480809e-02  1.054756025599886e+05  -8.669060177670351e+04  4.072632098550625e+04  -1.962862767254153e+03  -9.871857603097198e+03  -8.014575950699347e+03  -8.697110462602534e-03  3.919239758244127e-02  9.520294375015352e-02  -1.932922629644802e+05  -1.976313642227678e+05  7.229714639675411e+04  -1.304425862674187e+05  -2.093883717509567e+04  2.869745153721003e+04  5.325860051753158e-02  3.908644643385500e-02  1.179399043349619e-01  -2.987678655244686e+05  -1.109407624460643e+05  3.157082541124770e+04  -1.284797235001645e+05  -1.106697957199844e+04  3.671202748790943e+04  6.195571098013409e-02  -1.059511485862292e-04  2.273696058480813e-02  -1.054756025599885e+05  8.669060177670370e+04  -4.072632098550635e+04  1.962862767254248e+03  9.871857603097236e+03  8.014575950699386e+03  8.697110462602511e-03  -3.919239758244129e-02  -9.520294375015365e-02
  9.150000000000007e-01  1.877415213024097e+05  1.937160822833485e+05  -9.996688381858233e+04  1.355944852925097e+05  2.416993680882303e+04  -3.542818296670074e+04  -5.453089789769271e-02  -4.139180149421222e-02  -1.188081258417365e-01  -2.199271552379283e+05  -3.619320287414515e+04  -1.037373143899073e+05  3.258203595001281e+04  -1.195416349235327e+03  -1.410646842373273e+05  4.168397066772209e-02  -2.623957755574102e-02  -1.636043614531197e-03  -3.560598114018982e+05  -4.467840973159571e+05  -5.819100718317551e+04  -3.761572834941970e+04  -8.840183923975722e+04  -9.559069656483830e+04  6.536898054456966e-02  1.726880301981628e-02  1.687600788257756e-01  2.989508514377910e+05  1.115599208925993e+05  -3.823931625101945e+04  1.322678712339907e+05  1.578874253469308e+04  -4.438790560150972e+04  -6.270807054890296e-02  -8.396325835728342e-04  -2.313443479272164e-02  1.112093301353812e+05  -8.215616139074894e+04  6.172756756756275e+04  -3.326614058519135e+03  -8.381194274129901e+03  -8.959722634809053e+03  -8.177172651210190e-03  4.055216891063940e-02  9.567369104901466e-02  -1.877415213024096e+05  -1.937160822833483e+05  9.996688381858252e+04  -1.355944852925100e+05  -2.416993680882305e+04  3.542818296670066e+04  5.453089789769279e-02  4.139180149421225e-02  1.188081258417366e-01  -2.989508514377906e+05  -1.115599208925994e+05  3.823931625101962e+04  -1.322678712339908e+05  -1.578874253469305e+04  4.438790560150979e+04  6.270807054890296e-02  8.396325835728813e-04  2.313443479272169e-02  -1.112093301353811e+05  8.215616139074908e+04  -6.172756756756285e+04  3.326614058519232e+03  8.381194274129954e+03  8.959722634809090e+03  8.177172651210167e-03  -4.055216891063942e-02  -9.567369104901480e-02
  9.200000000000007e-01  1.902246807054580e+05  1.968041662832158e+05  -8.990581826968167e+04  1.368324472335478e+05  1.812112139356995e+04  -3.878578376632855e+04  -5.294976948788105e-02  -4.276789306650123e-02  -1.146698096304197e-01  -2.554023851632140e+05  -5.623207652418246e+04  -8.546494415795452e+04  1.169981198229898e+04  -7.145964550207859e+03  -1.291631111909948e+05  5.666852780419279e-02  -2.469093019604592e-02  1.202176041390524e-02  -3.980612927084848e+05  -4.843985044057900e+05  -4.267621319125802e+04  -6.091956278174202e+04  -8.480286323946733e+04  -8.918375913710518e+04  7.565569961146763e-02  2.577206620917694e-02  1.880722695813043e-01  2.975349418603770e+05  1.148792120425901e+05  -3.570687740101649e+04  1.337740304714540e+05  1.330303374404304e+04  -4.552587779058647e+04  -6.065278687019179e-02  -1.754928653725181e-03  -2.123257818106951e-02  1.073102611549187e+05  -8.192495424062558e+04  5.419894086866493e+04  -3.058416762093936e+03  -4.818087649526885e+03  -6.740094024258054e+03  -7.703017382310671e-03  4.101296441277609e-02  9.343723144934997e-02  -1.902246807054582e+05  -1.968041662832157e+05  8.990581826968168e+04  -1.368324472335481e+05  -1.812112139356999e+04  3.878578376632846e+04  5.294976948788115e-02  4.276789306650125e-02  1.146698096304198e-01  -2.975349418603767e+05  -1.148792120425902e+05  3.570687740101654e+04  -1.337740304714541e+05  -1.330303374404298e+04  4.552587779058657e+04  6.065278687019177e-02  1.754928653725218e-03  2.123257818106954e-02  -1.073102611549185e+05  8.192495424062571e+04  -5.419894086866492e+04  3.058416762094044e+03  4.818087649526979e+03  6.740094024258065e+03  7.703017382310644e-03  -4.101296441277609e-02  -9.343723144935015e-02
  9.250000000000007e-01  1.828995929950542e+05  1.914779209444122e+05  -1.188733384486330e+05  1.415957840160665e+05  2.061584986029522e+04  -4.638357187314850e+04  -5.408925130919404e-02  -4.509397701609419e-02  -1.146198956083406e-01  -2.989695566687563e+05  -7.928320720338538e+04  -1.041015882549173e+05  -2.798844765474790e+03  -1.231170247726845e+04  -1.425220392522957e+05  6.421687507739217e-02  -2.558132802062206e-02  2.055595578482758e-02  -4.413060036791456e+05  -5.213095991879727e+05  -4.458628124642349e+04  -7.857226027386692e+04  -9.719738075289107e+04  -9.855598217150847e+04  8.020523103946724e-02  3.028480488278132e-02  2.046134061888287e-01  2.960050273933007e+05  1.149857855469696e+05  -4.278472519065045e+04  1.372582617469211e+05  1.803066130115767e+04  -5.372945359539613e+04  -6.115505504950110e-02  -2.766105148729594e-03  -2.136396098421242e-02  1.131054343982461e+05  -7.649213539744244e+04  7.608861325798220e+04  -4.337522269145526e+03  -2.585188559137557e+03  -7.345881722247729e+03  -7.065803740306982e-03  4.232787186736463e-02  9.325593462412793e-02  -1.828995929950544e+05  -1.914779209444121e+05  1.188733384486331e+05  -1.415957840160669e+05  -2.061584986029529e+04  4.638357187314842e+04  5.408925130919414e-02  4.509397701609422e-02  1.146198956083406e-01  -2.960050273933003e+05  -1.149857855469697e+05  4.278472519065054e+04  -1.372582617469212e+05  -1.803066130115761e+04  5.372945359539622e+04  6.115505504950108e-02  2.766105148729632e-03  2.136396098421244e-02  -1.131054343982459e+05  7.649213539744257e+04  -7.608861325798226e+04  4.337522269145638e+03  2.585188559137654e+03  7.345881722247726e+03  7.065803740306957e-03  -4.232787186736463e-02  -9.325593462412811e-02
  9.300000000000007e-01  1.827291280692890e+05  1.927071660193068e+05  -1.072514203815185e+05  1.413872355071281e+05  1.495032415438960e+04  -4.871840527724712e+04  -5.205733745370599e-02  -4.632672261820152e-02  -1.088574415672036e-01  -3.347978644019722e+05  -1.009612547075775e+05  -8.609545863400637e+04  -2.578919778844425e+04  -1.697909533928233e+04  -1.297937652723472e+05  7.982919265896016e-02  -2.368264490824047e-02  3.520468777392048e-02  -4.892439779442282e+05  -5.634146984582028e+05  -3.356174831150565e+04  -1.037857150581191e+05  -9.260874848416798e+04  -9.006998541881132e+04  9.069950497676206e-02  3.945357252504032e-02  2.242149993170837e-01  2.915499070158596e+05  1.172477055552031e+05  -4.038543477539317e+04  1.377062854363956e+05  1.566661341126549e+04  -5.395088732516758e+04  -5.850879466787774e-02  -3.799190871385809e-03  -1.891866188772244e-02  1.088207789465701e+05  -7.545946046410364e+04  6.686598560612489e+04  -3.680950070732720e+03  7.162892568758917e+02  -5.232482047920460e+03  -6.451457214171668e-03  4.252753174681576e-02  8.993877967948100e-02  -1.827291280692890e+05  -1.927071660193066e+05  1.072514203815186e+05  -1.413872355071284e+05  -1.495032415438969e+04  4.871840527724701e+04  5.205733745370610e-02  4.632672261820155e-02  1.088574415672037e-01  -2.915499070158590e+05  -1.172477055552031e+05  4.038543477539336e+04  -1.377062854363957e+05  -1.566661341126547e+04  5.395088732516762e+04  5.850879466787774e-02  3.799190871385837e-03  1.891866188772245e-02  -1.088207789465700e+05  7.545946046410373e+04  -6.686598560612496e+04  3.680950070732820e+03  -7.162892568758331e+02  5.232482047920472e+03  6.451457214171648e-03  -4.252753174681578e-02  -8.993877967948120e-02
  9.350000000000007e-01  1.834326125535690e+05  1.938385528723799e+05  -9.415289463318528e+04  1.409746817874611e+05  8.795371477462764e+03  -5.095054999597873e+04  -4.936712687588860e-02  -4.712754124452832e-02  -1.023656074020383e-01  -3.730556865347543e+05  -1.243019622586322e+05  -6.951375476990336e+04  -4.861279113700287e+04  -2.127027432551894e+04  -1.167078633705987e+05  9.511766840324627e-02  -2.127708270676227e-02  4.983599773077563e-02  -5.359711952496066e+05  -6.043207918443212e+05  -2.110641988942849e+04  -1.293487963405604e+05  -8.714889959247966e+04  -8.258805831806325e+04  1.013179867222888e-01  4.874740351236774e-02  2.432008430014534e-01  2.871424775151926e+05  1.198745682007255e+05  -3.673936972992546e+04  1.377964409856994e+05  1.289868091224814e+04  -5.391166712445877e+04  -5.533800658635681e-02  -4.771905524896914e-03  -1.629467809489679e-02  1.037098649616231e+05  -7.396398467165438e+04  5.741352490325951e+04  -3.178240801761788e+03  4.103309434785362e+03  -2.961117128480018e+03  -5.970879710468118e-03  4.235563571963144e-02  8.607092930714139e-02  -1.834326125535691e+05  -1.938385528723798e+05  9.415289463318550e+04  -1.409746817874613e+05  -8.795371477462822e+03  5.095054999597868e+04  4.936712687588870e-02  4.712754124452835e-02  1.023656074020384e-01  -2.871424775151922e+05  -1.198745682007256e+05  3.673936972992557e+04  -1.377964409856996e+05  -1.289868091224812e+04  5.391166712445881e+04  5.533800658635678e-02  4.771905524896944e-03  1.629467809489678e-02  -1.037098649616230e+05  7.396398467165438e+04  -5.741352490325956e+04  3.178240801761877e+03  -4.103309434785272e+03  2.961117128480008e+03  5.970879710468099e-03  -4.235563571963145e-02  -8.607092930714158e-02
  9.400000000000007e-01  1.733314192802319e+05  1.863613435894810e+05  -1.234515042537040e+05  1.446944979225258e+05  9.749919826202493e+03  -5.970178568415679e+04  -5.018642618632615e-02  -4.941558777932019e-02  -1.004470789474273e-01  -4.170916480242076e+05  -1.479426403244647e+05  -8.228823876968746e+04  -6.541109062469809e+04  -2.898253024974025e+04  -1.266396936287430e+05  1.035917947039397e-01  -2.168752510409392e-02  6.007104718594024e-02  -5.813914599958190e+05  -6.424996019062907e+05  -1.656986273283216e+04  -1.502395424860002e+05  -9.990196167956610e+04  -9.055729424853412e+04  1.068178520644304e-01  5.441548143571531e-02  2.605918828615622e-01  2.826246195778677e+05  1.194003704144832e+05  -4.352628061472318e+04  1.404703681888838e+05  1.741023119700817e+04  -6.262308800756209e+04  -5.529592493167901e-02  -5.891049555936461e-03  -1.590491129362351e-02  1.092932002976353e+05  -6.696097317499779e+04  7.992522363898049e+04  -4.224129733642173e+03  7.660311370805701e+03  -2.921302323405242e+03  -5.109498745352764e-03  4.352453822338376e-02  8.454216765380371e-02  -1.733314192802320e+05  -1.863613435894808e+05  1.234515042537042e+05  -1.446944979225261e+05  -9.749919826202566e+03  5.970178568415674e+04  5.018642618632625e-02  4.941558777932022e-02  1.004470789474274e-01  -2.826246195778673e+05  -1.194003704144832e+05  4.352628061472327e+04  -1.404703681888839e+05  -1.741023119700815e+04  6.262308800756214e+04  5.529592493167897e-02  5.891049555936483e-03  1.590491129362349e-02  -1.092932002976353e+05  6.696097317499778e+04  -7.992522363898059e+04  4.224129733642262e+03  -7.660311370805607e+03  2.921302323405223e+03  5.109498745352744e-03  -4.352453822338378e-02  -8.454216765380389e-02
  9.450000000000007e-01  1.707785274669254e+05  1.850401114943657e+05  -1.096600719365569e+05  1.427087004179836e+05  4.132591938923053e+03  -6.060585528086697e+04  -4.704393835158822e-02  -4.999358659454256e-02  -9.228804996750148e-02  -4.550096435269442e+05  -1.727437001444975e+05  -6.641038555993867e+04  -8.992050184378000e+04  -3.193222761372681e+04  -1.130717211408629e+05  1.192571570612936e-01  -1.886430062513536e-02  7.539274489651750e-02  -6.334413871166171e+05  -6.875446317905869e+05  -9.146690020509353e+03  -1.774243316963076e+05  -9.359324278339323e+04  -8.122267586858802e+04  1.175575352872425e-01  6.433712169336397e-02  2.795294574997689e-01  2.750999971826664e+05  1.208259898533124e+05  -4.031985840174679e+04  1.393837568419816e+05  1.483615737818956e+04  -6.159327013382508e+04  -5.150771922621475e-02  -6.969459366270024e-03  -1.274803991510575e-02  1.043214697157403e+05  -6.421412164105336e+04  6.934021353480977e+04  -3.324943576002303e+03  1.070356543926646e+04  -9.874148529579835e+02  -4.463780874626412e-03  4.302412722827261e-02  7.954001005239565e-02  -1.707785274669258e+05  -1.850401114943655e+05  1.096600719365570e+05  -1.427087004179839e+05  -4.132591938923139e+03  6.060585528086696e+04  4.704393835158834e-02  4.999358659454262e-02  9.228804996750156e-02  -2.750999971826661e+05  -1.208259898533125e+05  4.031985840174671e+04  -1.393837568419816e+05  -1.483615737818951e+04  6.159327013382508e+04  5.150771922621472e-02  6.969459366270039e-03  1.274803991510572e-02  -1.043214697157403e+05  6.421412164105332e+04  -6.934021353480994e+04  3.324943576002399e+03  -1.070356543926639e+04  9.874148529579647e+02  4.463780874626396e-03  -4.302412722827263e-02  -7.954001005239579e-02
  9.500000000000007e-01  1.692583528708288e+05  1.837972209841066e+05  -9.422356055882148e+04  1.405229340792370e+05  -1.755634232380562e+03  -6.153992514033984e+04  -4.326290210058095e-02  -5.011080158647349e-02  -8.352549957094262e-02  -4.954918085910564e+05  -1.993260111412288e+05  -5.240323861378226e+04  -1.141364672308048e+05  -3.438864766225530e+04  -9.943529821863404e+04  1.343579186170424e-01  -1.557129268068909e-02  9.054642873577827e-02  -6.843149300502714e+05  -7.312179088181756e+05  -2.265250230001891e+02  -2.049158526054783e+05  -8.642724685738236e+04  -7.299776774701409e+04  1.282771571951394e-01  7.427981918204353e-02  2.976935222013545e-01  2.674850902254028e+05  1.225773731308129e+05  -3.587339335322889e+04  1.379702690877933e+05  1.194144966320240e+04  -6.031262614154107e+04  -4.725436649516851e-02  -7.971129826893899e-03  -9.482906128739053e-03  9.822673735457334e+04  -6.121984785329366e+04  5.835016720559246e+04  -2.552664991443989e+03  1.369708389558295e+04  1.227298998798869e+03  -3.991464394587444e-03  4.213967175957967e-02  7.404259344220349e-02  -1.692583528708292e+05  -1.837972209841064e+05  9.422356055882157e+04  -1.405229340792374e+05  1.755634232380525e+03  6.153992514033981e+04  4.326290210058108e-02  5.011080158647354e-02  8.352549957094267e-02  -2.674850902254026e+05  -1.225773731308130e+05  3.587339335322880e+04  -1.379702690877935e+05  -1.194144966320236e+04  6.031262614154104e+04  4.725436649516850e-02  7.971129826893899e-03  9.482906128739026e-03  -9.822673735457330e+04  6.121984785329363e+04  -5.835016720559262e+04  2.552664991444090e+03  -1.369708389558291e+04  -1.227298998798921e+03  3.991464394587433e-03  -4.213967175957971e-02  -7.404259344220364e-02
  9.550000000000007e-01  1.566100324665990e+05  1.743731766169680e+05  -1.224927808790973e+05  1.429392583594194e+05  -2.529648953567845e+03  -7.111507732080191e+04  -4.367567980570261e-02  -5.225877749410529e-02  -7.960984895222022e-02  -5.390144488899801e+05  -2.232191414792210e+05  -5.894273301086936e+04  -1.328977657056469e+05  -4.435809235093767e+04  -1.054121597584469e+05  1.435837229976477e-01  -1.537753140549182e-02  1.021883504213707e-01  -7.312806678346626e+05  -7.702451512544915e+05  1.057778958273622e+04  -2.288899541142276e+05  -9.910662653931457e+04  -7.925185261750422e+04  1.347053488651062e-01  8.111950047719801e-02  3.154855681019562e-01  2.599750594308403e+05  1.216529999443561e+05  -4.186845229673422e+04  1.396650823357636e+05  1.605091841973354e+04  -6.913552492050349e+04  -4.659654585930093e-02  -9.174779101483848e-03  -8.542364406185828e-03  1.033650269642407e+05  -5.272017667261195e+04  8.062432858236291e+04  -3.274176023656157e+03  1.858056737330139e+04  1.979552400298555e+03  -2.920866053598197e-03  4.308399839262152e-02  7.106748454603432e-02  -1.566100324665994e+05  -1.743731766169678e+05  1.224927808790973e+05  -1.429392583594198e+05  2.529648953567800e+03  7.111507732080189e+04  4.367567980570274e-02  5.225877749410534e-02  7.960984895222027e-02  -2.599750594308401e+05  -1.216529999443562e+05  4.186845229673409e+04  -1.396650823357636e+05  -1.605091841973352e+04  6.913552492050349e+04  4.659654585930092e-02  9.174779101483850e-03  8.542364406185799e-03  -1.033650269642406e+05  5.272017667261191e+04  -8.062432858236309e+04  3.274176023656259e+03  -1.858056737330134e+04  -1.979552400298614e+03  2.920866053598185e-03  -4.308399839262155e-02  -7.106748454603447e-02
  9.600000000000007e-01  1.512999327531861e+05  1.701188717709889e+05  -1.073378419300849e+05  1.391039448639878e+05  -7.742749293227464e+03  -7.047441148764508e+04  -3.945776709293043e-02  -5.207393628252582e-02  -6.920261607168054e-02  -5.784388013252305e+05  -2.510768742405378e+05  -4.599160086273041e+04  -1.583276132152746e+05  -4.548455478984964e+04  -9.167945145877199e+04  1.587983278593425e-01  -1.160081382500294e-02  1.177176561230226e-01  -7.866896938157249e+05  -8.175799422848229e+05  1.411573460274448e+04  -2.576853187098625e+05  -9.127545536453759e+04  -6.947252126494871e+04  1.454604353083968e-01  9.163665545629782e-02  3.332667692246228e-01  2.492917508695329e+05  1.221134158074704e+05  -3.815523680883877e+04  1.369953406663458e+05  1.342258157949261e+04  -6.685557931206690e+04  -4.171999348124356e-02  -1.026679001556777e-02  -4.783883408344848e-03  9.799181811634600e+04  -4.800545596351862e+04  6.918260512124594e+04  -2.108604197642290e+03  2.116533087272007e+04  3.618832175578314e+03  -2.262226388313017e-03  4.180714626695814e-02  6.441873266333566e-02  -1.512999327531865e+05  -1.701188717709888e+05  1.073378419300849e+05  -1.391039448639881e+05  7.742749293227435e+03  7.047441148764503e+04  3.945776709293055e-02  5.207393628252587e-02  6.920261607168061e-02  -2.492917508695326e+05  -1.221134158074705e+05  3.815523680883867e+04  -1.369953406663460e+05  -1.342258157949264e+04  6.685557931206688e+04  4.171999348124353e-02  1.026679001556778e-02  4.783883408344826e-03  -9.799181811634604e+04  4.800545596351851e+04  -6.918260512124618e+04  2.108604197642376e+03  -2.116533087272006e+04  -3.618832175578347e+03  2.262226388313009e-03  -4.180714626695816e-02  -6.441873266333581e-02
  9.650000000000007e-01  1.471379638268007e+05  1.661223966994696e+05  -9.039889782290361e+04  1.350724849628680e+05  -1.299934943199853e+04  -7.001526198296674e+04  -3.464901685776005e-02  -5.141780682219196e-02  -5.834654476496953e-02  -6.204622923960646e+05  -2.807828798186210e+05  -3.520993913195703e+04  -1.833507884693687e+05  -4.603226922687218e+04  -7.814491654366828e+04  1.732266984605592e-01  -7.403098824095952e-03  1.329457030471735e-01  -8.410080700034632e+05  -8.634264465972949e+05  1.918735227862808e+04  -2.867491339147883e+05  -8.264328152598444e+04  -6.086200720946115e+04  1.560563089950255e-01  1.020712333657082e-01  3.501451749530368e-01  2.383330870201674e+05  1.228205182953072e+05  -3.327946958878089e+04  1.340434409348685e+05  1.055741418168841e+04  -6.434450907730016e+04  -3.646353398682098e-02  -1.126827479206157e-02  -9.933755940473065e-04  9.119512319336565e+04  -4.330187840416262e+04  5.711942823412242e+04  -1.029044028000078e+03  2.355676361368688e+04  5.670752905666788e+03  -1.814517129060820e-03  4.014953203013051e-02  5.735316917092218e-02  -1.471379638268010e+05  -1.661223966994695e+05  9.039889782290361e+04  -1.350724849628685e+05  1.299934943199847e+04  7.001526198296671e+04  3.464901685776018e-02  5.141780682219202e-02  5.834654476496962e-02  -2.383330870201670e+05  -1.228205182953072e+05  3.327946958878081e+04  -1.340434409348685e+05  -1.055741418168845e+04  6.434450907729998e+04  3.646353398682097e-02  1.126827479206157e-02  9.933755940472852e-04  -9.119512319336568e+04  4.330187840416255e+04  -5.711942823412279e+04  1.029044028000156e+03  -2.355676361368690e+04  -5.670752905666839e+03  1.814517129060823e-03  -4.014953203013052e-02  -5.735316917092235e-02
  9.700000000000008e-01  1.322258371216987e+05  1.549825212147779e+05  -1.163366664096528e+05  1.359580408703666e+05  -1.560523973312232e+04  -8.003166080590511e+04  -3.457540139055305e-02  -5.331400125652665e-02  -5.238877003915696e-02  -6.625689958971982e+05  -3.047305281100884e+05  -3.547718209100219e+04  -2.036762683108037e+05  -5.789787517146862e+04  -7.980175802038980e+04  1.829972896835936e-01  -6.482606677677879e-03  1.456468269800437e-01  -8.888309261630818e+05  -9.028646693701777e+05  3.588364960298739e+04  -3.135740840728567e+05  -9.480161645210357e+04  -6.516317280275080e+04  1.633620337774452e-01  1.100683966888717e-01  3.678684940610851e-01  2.279128701097286e+05  1.215866423491788e+05  -3.803442981186110e+04  1.346212346515455e+05  1.410441204000978e+04  -7.285239185820027e+04  -3.513613495158924e-02  -1.252708970815349e-02  4.961511081885392e-04  9.568703298802879e+04  -3.339587886559940e+04  7.830223659779145e+04  -1.336806218821542e+03  2.970965177313208e+04  7.179268947705057e+03  -5.607335610360698e-04  4.078691154837327e-02  5.288492114734547e-02  -1.322258371216991e+05  -1.549825212147778e+05  1.163366664096529e+05  -1.359580408703670e+05  1.560523973312229e+04  8.003166080590509e+04  3.457540139055319e-02  5.331400125652670e-02  5.238877003915704e-02  -2.279128701097282e+05  -1.215866423491788e+05  3.803442981186099e+04  -1.346212346515456e+05  -1.410441204000982e+04  7.285239185820012e+04  3.513613495158922e-02  1.252708970815349e-02  -4.961511081885665e-04  -9.568703298802891e+04  3.339587886559930e+04  -7.830223659779188e+04  1.336806218821620e+03  -2.970965177313210e+04  -7.179268947705108e+03  5.607335610360711e-04  -4.078691154837329e-02  -5.288492114734564e-02
  9.750000000000008e-01  1.238345777462833e+05  1.474745946378770e+05  -1.007066056247963e+05  1.302524948732051e+05  -2.007651539013536e+04  -7.782332629854708e+04  -2.936061625244518e-02  -5.227950939981837e-02  -3.997399750081823e-02  -7.028143490306854e+05  -3.355370253856133e+05  -2.600442605032853e+04  -2.294099529392618e+05  -5.719448413575976e+04  -6.657474228351661e+04  1.972736069461765e-01  -1.737642489223709e-03  1.609351100998750e-01  -9.467479615064746e+05  -9.517832528608571e+05  3.542696320744408e+04  -3.436064675778373e+05  -8.572208914089687e+04  -5.535355241915267e+04  1.739114122511166e-01  1.210095484879794e-01  3.840423020134874e-01  2.140681917014295e+05  1.209742291899714e+05  -3.414529609771085e+04  1.303748661860973e+05  1.157396888976259e+04  -6.940287119660855e+04  -2.927154555707298e-02  -1.360054945583990e-02  4.714069771427831e-03  9.023361395514512e+04  -2.650036544790588e+04  6.656130952708534e+04  1.223713128917321e+02  3.165048427989791e+04  8.420455101938700e+03  8.907069537231377e-05  3.867895994397861e-02  4.468806727224607e-02  -1.238345777462837e+05  -1.474745946378769e+05  1.007066056247963e+05  -1.302524948732055e+05  2.007651539013530e+04  7.782332629854714e+04  2.936061625244531e-02  5.227950939981845e-02  3.997399750081831e-02  -2.140681917014293e+05  -1.209742291899713e+05  3.414529609771064e+04  -1.303748661860974e+05  -1.157396888976264e+04  6.940287119660845e+04  2.927154555707297e-02  1.360054945583990e-02  -4.714069771427864e-03  -9.023361395514522e+04  2.650036544790578e+04  -6.656130952708561e+04  -1.223713128916600e+02  -3.165048427989793e+04  -8.420455101938784e+03  -8.907069537230029e-05  -3.867895994397862e-02  -4.468806727224624e-02
  9.800000000000008e-01  1.078526881179280e+05  1.355762113766328e+05  -1.248310700378316e+05  1.302783943835404e+05  -2.396197526758668e+04  -8.824998142256086e+04  -2.898234325992240e-02  -5.396602859549415e-02  -3.291484685917901e-02  -7.435715247968715e+05  -3.590698546453012e+05  -2.195328912321093e+04  -2.505163366596194e+05  -7.032022766960364e+04  -6.564517929969546e+04  2.072539318245476e-01  -3.491551259936168e-04  1.740777118968481e-01  -9.943642870678917e+05  -9.908001434819802e+05  5.661305339835243e+04  -3.720388191216270e+05  -9.753499549454161e+04  -5.881612707764123e+04  1.817353454318057e-01  1.296581159029066e-01  4.015383791121270e-01  2.020111537600110e+05  1.195282623668268e+05  -3.821580144485929e+04  1.303489997719489e+05  1.467118472209836e+04  -7.765052041713113e+04  -2.757814053834520e-02  -1.485755410219737e-02  6.494995749639076e-03  9.415846564208181e+04  -1.604794900980635e+04  8.661526859297237e+04  7.060538840795434e+01  3.863315998968501e+04  1.059946100542992e+04  1.404202721577309e-03  3.910847449329693e-02  3.940984260881810e-02  -1.078526881179284e+05  -1.355762113766328e+05  1.248310700378317e+05  -1.302783943835409e+05  2.396197526758661e+04  8.824998142256092e+04  2.898234325992253e-02  5.396602859549423e-02  3.291484685917909e-02  -2.020111537600107e+05  -1.195282623668268e+05  3.821580144485909e+04  -1.303489997719489e+05  -1.467118472209843e+04  7.765052041713106e+04  2.757814053834519e-02  1.485755410219736e-02  -6.494995749639115e-03  -9.415846564208201e+04  1.604794900980620e+04  -8.661526859297264e+04  -7.060538840788220e+01  -3.863315998968502e+04  -1.059946100542999e+04  -1.404202721577294e-03  -3.910847449329694e-02  -3.940984260881827e-02
  9.850000000000008e-01  9.980121382177302e+04  1.277814963202918e+05  -1.056067947309518e+05  1.235211277061328e+05  -2.881750999706616e+04  -8.600001919939746e+04  -2.299797891600003e-02  -5.230851563875122e-02  -1.932744391245891e-02  -7.854697656138872e+05  -3.921570035715002e+05  -1.311008842498280e+04  -2.760857914933329e+05  -6.920443905578576e+04  -5.092435124221164e+04  2.206519747766416e-01  5.134654103674030e-03  1.891865030999629e-01  -1.051654880877112e+06  -1.038557156192971e+06  5.854377111287205e+04  -4.032495390893047e+05  -8.712922686618037e+04  -4.891275057637056e+04  1.922775228406232e-01  1.408779511716781e-01  4.163961716201182e-01  1.865527152041206e+05  1.190818100634107e+05  -3.238595488857018e+04  1.252628351014114e+05  1.173978068308370e+04  -7.350474161741823e+04  -2.110500518408464e-02  -1.585138549363871e-02  1.089273985911944e-02  8.675150138234645e+04  -8.699686256881640e+03  7.322083984238176e+04  1.741707395277939e+03  4.055729068014986e+04  1.249527758197948e+04  1.892973731915490e-03  3.645713014511263e-02  3.022018377157840e-02  -9.980121382177349e+04  -1.277814963202919e+05  1.056067947309520e+05  -1.235211277061333e+05  2.881750999706611e+04  8.600001919939756e+04  2.299797891600016e-02  5.230851563875129e-02  1.932744391245902e-02  -1.865527152041203e+05  -1.190818100634107e+05  3.238595488857002e+04  -1.252628351014113e+05  -1.173978068308374e+04  7.350474161741816e+04  2.110500518408465e-02  1.585138549363871e-02  -1.089273985911947e-02  -8.675150138234663e+04  8.699686256881543e+03  -7.322083984238180e+04  -1.741707395277875e+03  -4.055729068014990e+04  -1.249527758197957e+04  -1.892973731915469e-03  -3.645713014511262e-02  -3.022018377157855e-02
  9.900000000000008e-01  8.807514177768926e+04  1.167785642740919e+05  -9.040816709115291e+04  1.159736490113667e+05  -3.224905885268045e+04  -8.229182004642030e+04  -1.690333315459525e-02  -5.036215388623655e-02  -5.224846203111055e-03  -8.257663893116349e+05  -4.257781103035753e+05  -7.412520628733007e+03  -3.015097099849209e+05  -6.675353470243407e+04  -3.883298355099464e+04  2.335362896343427e-01  1.085014795937442e-02  2.038173452772582e-01  -1.111156619264376e+06  -1.088321011814424e+06  5.414873747676820e+04  -4.341460439573679e+05  -7.713736842986420e+04  -3.947628180940966e+04  2.024167146847913e-01  1.520629675362002e-01  4.305648019207224e-01  1.696379700084136e+05  1.173142744427160e+05  -2.865072978807883e+04  1.195002170059022e+05  9.445160117154195e+03  -6.904031473681332e+04  -1.439538069096643e-02  -1.687388310169543e-02  1.540498990598799e-02  8.156282823072298e+04  5.357101686235205e+02  6.175743730307450e+04  3.526567994534892e+03  4.169421896983463e+04  1.325150530960705e+04  2.507952463628919e-03  3.348827078454126e-02  2.062983610909907e-02  -8.807514177768974e+04  -1.167785642740921e+05  9.040816709115313e+04  -1.159736490113671e+05  3.224905885268043e+04  8.229182004642034e+04  1.690333315459536e-02  5.036215388623660e-02  5.224846203111151e-03  -1.696379700084132e+05  -1.173142744427159e+05  2.865072978807862e+04  -1.195002170059021e+05  -9.445160117154237e+03  6.904031473681329e+04  1.439538069096645e-02  1.687388310169542e-02  -1.540498990598800e-02  -8.156282823072330e+04  -5.357101686237604e+02  -6.175743730307467e+04  -3.526567994534810e+03  -4.169421896983466e+04  -1.325150530960716e+04  -2.507952463628880e-03  -3.348827078454125e-02  -2.062983610909920e-02
  9.950000000000008e-01  7.042812493515285e+04  1.036307102794702e+05  -1.101995002940379e+05  1.141871951937778e+05  -3.797333913083513e+04  -9.252563632983982e+04  -1.593221767978379e-02  -5.161360015548472e-02  3.775215750562379e-03  -8.637930154583448e+05  -4.492415253724242e+05  2.590897077787995e+03  -3.235052766571179e+05  -8.108029824265301e+04  -3.330926561637006e+04  2.437005972604612e-01  1.313401732889269e-02  2.174147397295910e-01  -1.158526699692958e+06  -1.127093146327680e+06  8.031691083378292e+04  -4.649710256672218e+05  -8.769666199181011e+04  -4.069911017372807e+04  2.109883018181534e-01  1.617886275662525e-01  4.472612756175490e-01  1.549590461815253e+05  1.157842770812775e+05  -3.089307568383249e+04  1.182101503359208e+05  1.177307838009654e+04  -7.627350018663918e+04  -1.199174818442409e-02  -1.812892024445625e-02  1.767316007367844e-02  8.453092124637109e+04  1.215356680180662e+04  7.930642461020584e+04  4.022955142142320e+03  4.974641751093167e+04  1.625213614320075e+04  3.940469495359806e-03  3.348467991102862e-02  1.389794432311611e-02  -7.042812493515332e+04  -1.036307102794704e+05  1.101995002940381e+05  -1.141871951937783e+05  3.797333913083512e+04  9.252563632983988e+04  1.593221767978390e-02  5.161360015548479e-02  -3.775215750562270e-03  -1.549590461815249e+05  -1.157842770812774e+05  3.089307568383232e+04  -1.182101503359207e+05  -1.177307838009658e+04  7.627350018663915e+04  1.199174818442410e-02  1.812892024445625e-02  -1.767316007367845e-02  -8.453092124637145e+04  -1.215356680180690e+04  -7.930642461020603e+04  -4.022955142142237e+03  -4.974641751093171e+04  -1.625213614320086e+04  -3.940469495359766e-03  -3.348467991102861e-02  -1.389794432311623e-02
  1.000000000000001e+00  6.041003061250467e+04  9.156742638034488e+04  -7.586687190611442e+04  1.021540695120801e+05  -3.914852893606511e+04  -8.105507115087462e+04  -6.240998594916130e-03  -4.700707507445533e-02  2.146126727692385e-02  -9.074442060613764e+05  -4.919537622804112e+05  1.533159472335646e+03  -3.497660238653460e+05  -6.828026857221981e+04  -1.870259027498923e+04  2.560122432788543e-01  2.151274171145126e-02  2.316688443353761e-01  -1.223518012974123e+06  -1.180749106654831e+06  5.982103941189125e+04  -4.964062460079147e+05  -6.593947355866154e+04  -2.672143745966045e+04  2.212735432614711e-01  1.735343815501959e-01  4.578074375859998e-01  1.341768846417576e+05  1.131504307015299e+05  -2.326683851411910e+04  1.089403016628367e+05  7.165722632387623e+03  -6.493829982254856e+04  -2.397502869483227e-03  -1.886316660800074e-02  2.336800886326251e-02  7.376685402925118e+04  2.158300432118411e+04  5.260003339199558e+04  6.786232150756098e+03  4.631425156845272e+04  1.611677132832619e+04  3.843495725433004e-03  2.814390846645476e-02  1.906741586338694e-03  -6.041003061250508e+04  -9.156742638034528e+04  7.586687190611460e+04  -1.021540695120805e+05  3.914852893606506e+04  8.105507115087466e+04  6.240998594916251e-03  4.700707507445543e-02  -2.146126727692373e-02  -1.341768846417572e+05  -1.131504307015297e+05  2.326683851411887e+04  -1.089403016628366e+05  -7.165722632387708e+03  6.493829982254851e+04  2.397502869483245e-03  1.886316660800073e-02  -2.336800886326251e-02  -7.376685402925154e+04  -2.158300432118440e+04  -5.260003339199555e+04  -6.786232150756019e+03  -4.631425156845283e+04  -1.611677132832627e+04  -3.843495725432959e-03  -2.814390846645476e-02  -1.906741586338787e-03
  1.005000000000001e+00  4.155750795846432e+04  7.742192082415991e+04  -9.228188954759188e+04  9.893304261516689e+04  -4.594871052988471e+04  -9.064658615400063e+04  -4.809636671004715e-03  -4.787384816318756e-02  3.176704485985728e-02  -9.432881144122410e+05  -5.158221541688390e+05  1.472302314444182e+04  -3.720248843539394e+05  -8.303931679900175e+04  -9.985283982491279e+03  2.661332253088179e-01  2.451648593737583e-02  2.453283558897632e-01  -1.270362927181278e+06  -1.219273400337196e+06  8.833223321297689e+04  -5.286206640665905e+05  -7.532933564030322e+04  -2.619124256840030e+04  2.302782720133285e-01  1.839732992798679e-01  4.736266668530289e-01  1.177609123624919e+05  1.116436205375518e+05  -2.402844589025012e+04  1.066607676586211e+05  8.957785266458031e+03  -7.113557306735191e+04  5.379552393948221e-04  -2.009935917288009e-02  2.593868440114427e-02  7.620340440402582e+04  3.422169971339092e+04  6.825344365734239e+04  7.727725043453670e+03  5.490649579634273e+04  1.951101308664890e+04  5.347591910399643e-03  2.777448899030764e-02  -5.828360458712963e-03  -4.155750795846472e+04  -7.742192082416029e+04  9.228188954759223e+04  -9.893304261516735e+04  4.594871052988467e+04  9.064658615400069e+04  4.809636671004835e-03  4.787384816318766e-02  -3.176704485985716e-02  -1.177609123624915e+05  -1.116436205375516e+05  2.402844589024995e+04  -1.066607676586211e+05  -8.957785266458146e+03  7.113557306735186e+04  -5.379552393948042e-04  2.009935917288009e-02  -2.593868440114427e-02  -7.620340440402621e+04  -3.422169971339125e+04  -6.825344365734237e+04  -7.727725043453602e+03  -5.490649579634285e+04  -1.951101308664897e+04  -5.347591910399597e-03  -2.777448899030762e-02  5.828360458712870e-03
  1.010000000000000e+00  2.766807873882463e+04  6.370754009827605e+04  -7.481320260230801e+04  8.919221560788297e+04  -4.813709467352931e+04  -8.581285980330384e+04  2.380053506373817e-03  -4.462005413852169e-02  4.743949012515854e-02  -9.841820444022901e+05  -5.536491609913913e+05  1.581541796881698e+04  -3.961310569612954e+05  -7.863124700298558e+04  1.129245053192677e+03  2.763823109442478e-01  3.156335460670382e-02  2.585971051058543e-01  -1.330124141010107e+06  -1.268262359480434e+06  8.141530801796935e+04  -5.605086055599595e+05  -6.394568149655045e+04  -1.754217414916735e+04  2.396248660087461e-01  1.951887184829487e-01  4.844761257314926e-01  9.696311276077168e+04  1.087212638012440e+05  -1.956626865501107e+04  9.927739043779473e+04  6.683904025940788e+03  -6.533813856529588e+04  8.048379596371584e-03  -2.094233788037056e-02  3.051641034391156e-02  6.929503402194519e+04  4.501372370296685e+04  5.524693394729720e+04  1.008517482991118e+04  5.482099869947012e+04  2.047472123800806e+04  5.668326089997841e-03  2.367771625815127e-02  -1.692307978124695e-02  -2.766807873882491e+04  -6.370754009827645e+04  7.481320260230821e+04  -8.919221560788342e+04  4.813709467352930e+04  8.581285980330389e+04  -2.380053506373715e-03  4.462005413852179e-02  -4.743949012515842e-02  -9.696311276077114e+04  -1.087212638012437e+05  1.956626865501099e+04  -9.927739043779466e+04  -6.683904025940855e+03  6.533813856529584e+04  -8.048379596371556e-03  2.094233788037056e-02  -3.051641034391159e-02  -6.929503402194550e+04  -4.501372370296708e+04  -5.524693394729708e+04  -1.008517482991112e+04  -5.482099869947019e+04  -2.047472123800811e+04  -5.668326089997794e-03  -2.367771625815126e-02  1.692307978124684e-02
  1.015000000000000e+00  8.200612542763372e+03  4.912359636735111e+04  -8.807284258605819e+04  8.493148811912144e+04  -5.607782857184304e+04  -9.522179711864237e+04  4.176498271508616e-03  -4.513590353955362e-02  5.871212250816396e-02  -1.017758773623545e+06  -5.772227738597610e+05  3.269822585989795e+04  -4.186334945725237e+05  -9.396874599535337e+04  1.240381301420713e+04  2.864191588267460e-01  3.514810877414536e-02  2.722203332707990e-01  -1.376217551367596e+06  -1.306207935844202e+06  1.128536936628529e+05  -5.939093591329891e+05  -7.241565153736348e+04  -1.590126387439887e+04  2.490003735277660e-01  2.061919943382956e-01  4.995588432925183e-01  7.921492968175192e+04  1.071568167856551e+05  -1.932350089673101e+04  9.632236215128163e+04  7.922790890453627e+03  -7.072663702373196e+04  1.135616835980198e-02  -2.213080834402525e-02  3.330716630037481e-02  7.101431713898666e+04  5.803322041830278e+04  6.874934168932741e+04  1.139087403215965e+04  6.400061946229667e+04  2.449516009491054e+04  7.179670088293445e-03  2.300509519552852e-02  -2.540495620778913e-02  -8.200612542763693e+03  -4.912359636735151e+04  8.807284258605840e+04  -8.493148811912189e+04  5.607782857184305e+04  9.522179711864243e+04  -4.176498271508510e-03  4.513590353955373e-02  -5.871212250816386e-02  -7.921492968175143e+04  -1.071568167856548e+05  1.932350089673098e+04  -9.632236215128157e+04  -7.922790890453686e+03  7.072663702373192e+04  -1.135616835980195e-02  2.213080834402525e-02  -3.330716630037484e-02  -7.101431713898701e+04  -5.803322041830306e+04  -6.874934168932735e+04  -1.139087403215960e+04  -6.400061946229673e+04  -2.449516009491058e+04  -7.179670088293398e-03  -2.300509519552851e-02  2.540495620778904e-02
  1.020000000000000e+00  -1.009219095821871e+04  3.134786549716839e+04  -7.379239783068142e+04  7.368112576780164e+04  -5.736767126377383e+04  -8.864625249213500e+04  1.164154657423654e-02  -4.130606317404876e-02  7.533063354340128e-02  -1.054713532193723e+06  -6.156376940571090e+05  3.264127943681262e+04  -4.419553689585258e+05  -8.865002964784454e+04  2.226517840622231e+04  2.957787369230279e-01  4.289062574383951e-02  2.846596696407989e-01  -1.435698648644271e+06  -1.355518541612006e+06  1.021272469351447e+05  -6.257976783966784e+05  -6.104098422149876e+04  -7.239582204858757e+03  2.580976047336739e-01  2.176133916414781e-01  5.088376173582876e-01  5.689594184246990e+04  1.033183415166401e+05  -1.585695380400882e+04  8.774758850286109e+04  6.105043995660943e+03  -6.439337643979751e+04  1.931979524815523e-02  -2.297272176040124e-02  3.800107755785227e-02  6.698813280068657e+04  7.197047601947036e+04  5.793544402667294e+04  1.406646273505890e+04  6.347271525943482e+04  2.425287605233759e+04  7.678248673918746e-03  1.833334141364768e-02  -3.732955598554896e-02  1.009219095821840e+04  -3.134786549716876e+04  7.379239783068170e+04  -7.368112576780208e+04  5.736767126377392e+04  8.864625249213501e+04  -1.164154657423645e-02  4.130606317404886e-02  -7.533063354340114e-02  -5.689594184246933e+04  -1.033183415166397e+05  1.585695380400880e+04  -8.774758850286104e+04  -6.105043995660983e+03  6.439337643979758e+04  -1.931979524815520e-02  2.297272176040124e-02  -3.800107755785230e-02  -6.698813280068709e+04  -7.197047601947101e+04  -5.793544402667299e+04  -1.406646273505887e+04  -6.347271525943490e+04  -2.425287605233765e+04  -7.678248673918687e-03  -1.833334141364766e-02  3.732955598554887e-02
  1.025000000000000e+00  -2.729501564948186e+04  1.433465566161335e+04  -5.767799742706296e+04  6.224100438347770e+04  -5.789682643233183e+04  -8.278912063548641e+04  1.932104636014382e-02  -3.712213999644552e-02  9.168823496835893e-02  -1.093678040127733e+06  -6.560383752340586e+05  3.004230532276020e+04  -4.645243931630178e+05  -8.264317987623236e+04  3.120416037861930e+04  3.037740311614996e-01  5.083013081577961e-02  2.964585677433170e-01  -1.494696692314954e+06  -1.403391707293775e+06  9.254440250093771e+04  -6.577783273315221e+05  -4.939219616650671e+04  4.048830746505102e+02  2.666075630794451e-01  2.286115607140785e-01  5.170172370338290e-01  3.338796861699002e+04  9.913440339472237e+04  -1.202996937599645e+04  7.917116695013204e+04  4.321168086684128e+03  -5.793892569546947e+04  2.717868301806323e-02  -2.369307516383554e-02  4.245498041810050e-02  6.068298426646985e+04  8.479974773310751e+04  4.564802805106706e+04  1.693016256665384e+04  6.221799451901600e+04  2.485019494001707e+04  7.857636657919446e-03  1.342906483261014e-02  -4.923325455025841e-02  2.729501564948149e+04  -1.433465566161382e+04  5.767799742706321e+04  -6.224100438347814e+04  5.789682643233189e+04  8.278912063548638e+04  -1.932104636014374e-02  3.712213999644565e-02  -9.168823496835880e-02  -3.338796861698948e+04  -9.913440339472188e+04  1.202996937599649e+04  -7.917116695013198e+04  -4.321168086684173e+03  5.793892569546949e+04  -2.717868301806322e-02  2.369307516383555e-02  -4.245498041810053e-02  -6.068298426647029e+04  -8.479974773310802e+04  -4.564802805106685e+04  -1.693016256665377e+04  -6.221799451901612e+04  -2.485019494001718e+04  -7.857636657919375e-03  -1.342906483261012e-02  4.923325455025834e-02
  1.030000000000000e+00  -4.763574165265155e+04  -1.044097175748614e+03  -6.476868411060180e+04  5.596536649709818e+04  -6.726435195356861e+04  -9.105505617839449e+04  2.180183895790277e-02  -3.692814470948051e-02  1.044101906856905e-01  -1.123107150250612e+06  -6.800521545815077e+05  5.120246127070185e+04  -4.868268766311894e+05  -9.808022729865521e+04  4.665930765159644e+04  3.133900955495763e-01  5.551472936780394e-02  3.096166264798930e-01  -1.538695423952653e+06  -1.439976426110001e+06  1.272227418044835e+05  -6.926462291776472e+05  -5.568972256586861e+04  4.245837431233402e+03  2.764371242854264e-01  2.404329653750924e-01  5.302962419574645e-01  1.372713972600163e+04  9.767609029909242e+04  -9.644107786602061e+03  7.491776235519482e+04  4.654964749023938e+03  -6.142710186131894e+04  3.115005007246533e-02  -2.477795834522627e-02  4.552914171358638e-02  6.136288137865117e+04  9.872018747483951e+04  5.512457632400029e+04  1.895239585809617e+04  7.191931670259256e+04  2.962795431707572e+04  9.348211114562594e-03  1.215018636425439e-02  -5.888104897210411e-02  4.763574165265128e+04  1.044097175748154e+03  6.476868411060228e+04  -5.596536649709860e+04  6.726435195356869e+04  9.105505617839447e+04  -2.180183895790270e-02  3.692814470948063e-02  -1.044101906856904e-01  -1.372713972600101e+04  -9.767609029909194e+04  9.644107786602201e+03  -7.491776235519476e+04  -4.654964749023969e+03  6.142710186131898e+04  -3.115005007246531e-02  2.477795834522627e-02  -4.552914171358642e-02  -6.136288137865165e+04  -9.872018747484010e+04  -5.512457632400002e+04  -1.895239585809610e+04  -7.191931670259265e+04  -2.962795431707579e+04  -9.348211114562523e-03  -1.215018636425437e-02  5.888104897210406e-02
  1.035000000000000e+00  -6.934384415264585e+04  -2.241731102030558e+04  -5.292398927798760e+04  4.316552555046319e+04  -6.693439130080673e+04  -8.355573767538558e+04  2.969025473747572e-02  -3.212515894421212e-02  1.214170061421270e-01  -1.157792675134845e+06  -7.212147548300845e+05  4.718473940355522e+04  -5.081489512787709e+05  -9.147665042052590e+04  5.400219648457121e+04  3.202911309578682e-01  6.419118269129390e-02  3.203628991309271e-01  -1.596557019039040e+06  -1.487692235778191e+06  1.136525201119028e+05  -7.243271595123012e+05  -4.439405765840937e+04  1.149909875257686e+04  2.846455141913807e-01  2.515295994070622e-01  5.366826525633368e-01  -1.078386492310702e+04  9.260288936143293e+04  -7.018738654822643e+03  6.525962017679045e+04  3.318780581394989e+03  -5.473345238029854e+04  3.937274484330796e-02  -2.546112474569447e-02  4.997435630209486e-02  5.855997922953691e+04  1.150202003817368e+05  4.590525062316539e+04  2.209409462632678e+04  7.025317188220164e+04  2.882228529508728e+04  9.682490105832244e-03  6.664034198517802e-03  -7.144264984003211e-02  6.934384415264556e+04  2.241731102030508e+04  5.292398927798774e+04  -4.316552555046361e+04  6.693439130080683e+04  8.355573767538558e+04  -2.969025473747564e-02  3.212515894421224e-02  -1.214170061421269e-01  1.078386492310751e+04  -9.260288936143233e+04  7.018738654822617e+03  -6.525962017679041e+04  -3.318780581395004e+03  5.473345238029851e+04  -3.937274484330795e-02  2.546112474569449e-02  -4.997435630209492e-02  -5.855997922953741e+04  -1.150202003817376e+05  -4.590525062316496e+04  -2.209409462632672e+04  -7.025317188220182e+04  -2.882228529508734e+04  -9.682490105832180e-03  -6.664034198517764e-03  7.144264984003207e-02
  1.040000000000000e+00  -9.019094154217314e+04  -4.304283907164936e+04  -3.945383103352477e+04  3.017739263066740e+04  -6.573644851879313e+04  -7.686311216181287e+04  3.766388592554536e-02  -2.703411053114700e-02  1.379873725238016e-01  -1.194082034008851e+06  -7.642449926162192e+05  4.089687501355814e+04  -5.287001828795935e+05  -8.424858925689006e+04  6.034557054360455e+04  3.257883196913940e-01  7.300314683022739e-02  3.304535057550389e-01  -1.654359800481981e+06  -1.534311196415650e+06  1.006933367616910e+05  -7.560856045272312e+05  -3.307159011482196e+04  1.791711888212700e+04  2.922065171829447e-01  2.621517867935281e-01  5.419915825227254e-01  -3.681313645850447e+04  8.687645636618351e+04  -4.449478333854725e+03  5.568960728640635e+04  2.022341745682905e+03  -4.794165700059340e+04  4.734073984520821e-02  -2.601099979834336e-02  5.414321564898933e-02  5.337780508366687e+04  1.299192954378311e+05  3.500435269967037e+04  2.551221465573853e+04  6.775879026447597e+04  2.892145516121962e+04  9.676853919662819e-03  1.023110732803802e-03  -8.384415687481227e-02  9.019094154217282e+04  4.304283907164886e+04  3.945383103352472e+04  -3.017739263066780e+04  6.573644851879320e+04  7.686311216181301e+04  -3.766388592554529e-02  2.703411053114713e-02  -1.379873725238015e-01  3.681313645850492e+04  -8.687645636618286e+04  4.449478333854904e+03  -5.568960728640627e+04  -2.022341745682934e+03  4.794165700059344e+04  -4.734073984520821e-02  2.601099979834337e-02  -5.414321564898936e-02  -5.337780508366736e+04  -1.299192954378320e+05  -3.500435269967021e+04  -2.551221465573843e+04  -6.775879026447611e+04  -2.892145516121965e+04  -9.676853919662744e-03  -1.023110732803768e-03  8.384415687481224e-02
  1.045000000000000e+00  -1.111988923369887e+05  -5.920155219233656e+04  -4.021857662898262e+04  2.188521989414885e+04  -7.621376221652425e+04  -8.361740796752625e+04  4.083524734955857e-02  -2.602572850857535e-02  1.518290619430143e-01  -1.219023138456231e+06  -7.892145460275927e+05  6.518214617065702e+04  -5.503457901903538e+05  -9.935210768836756e+04  7.951632794183324e+04  3.347190542153732e-01  7.884789164749366e-02  3.427829187592467e-01  -1.695589047266160e+06  -1.569169840303647e+06  1.375223534188766e+05  -7.919715786155919e+05  -3.693619000795774e+04  2.380103220003658e+04  3.023322777569267e-01  2.746388209018127e-01  5.531233790546854e-01  -5.801388687865994e+04  8.550529810874748e+04  -4.989455595340181e+01  5.019235284236108e+04  1.458582580574897e+03  -4.924753277177375e+04  5.191066021554602e-02  -2.694371261089048e-02  5.738211061381024e-02  5.318500545832691e+04  1.447068503010822e+05  4.016868207302953e+04  2.830713294821181e+04  7.767234479709910e+04  3.436987519575271e+04  1.107541286598742e-02  -9.179841023149772e-04  -9.444695132920401e-02  1.111988923369884e+05  5.920155219233601e+04  4.021857662898256e+04  -2.188521989414924e+04  7.621376221652434e+04  8.361740796752638e+04  -4.083524734955850e-02  2.602572850857549e-02  -1.518290619430142e-01  5.801388687866044e+04  -8.550529810874676e+04  4.989455595366772e+01  -5.019235284236099e+04  -1.458582580574905e+03  4.924753277177376e+04  -5.191066021554602e-02  2.694371261089050e-02  -5.738211061381028e-02  -5.318500545832752e+04  -1.447068503010831e+05  -4.016868207302948e+04  -2.830713294821173e+04  -7.767234479709923e+04  -3.436987519575272e+04  -1.107541286598733e-02  9.179841023150091e-04  9.444695132920400e-02
  1.050000000000000e+00  -1.363791220727983e+05  -8.422539268107452e+04  -3.166928206411142e+04  7.716414112543446e+03  -7.422390823055670e+04  -7.547596777540341e+04  4.894726727427386e-02  -2.028880486906709e-02  1.687476904448305e-01  -1.250574427640654e+06  -8.330078046313544e+05  5.767579931113355e+04  -5.692352055118593e+05  -9.179657921855112e+04  8.400422985254895e+04  3.389499816744253e-01  8.842107755612702e-02  3.516518906487596e-01  -1.751128805418223e+06  -1.614869244170530e+06  1.211083863174960e+05  -8.231648363778936e+05  -2.623212817487563e+04  2.943197346880193e+04  3.095521252446689e-01  2.852485292290773e-01  5.565027249933047e-01  -8.432029479727376e+04  7.909627205448502e+04  1.452253836858170e+03  3.968499313378979e+04  6.294613752962321e+02  -4.253749828998865e+04  6.014047731016261e-02  -2.742358543524250e-02  6.142365677966623e-02  5.205882727552293e+04  1.633216647355575e+05  3.312153590097022e+04  3.196857902124593e+04  7.485336960585284e+04  3.293846948541501e+04  1.119321003588872e-02  -7.134780566175255e-03  -1.073240336651643e-01  1.363791220727981e+05  8.422539268107412e+04  3.166928206411192e+04  -7.716414112543808e+03  7.422390823055673e+04  7.547596777540351e+04  -4.894726727427379e-02  2.028880486906722e-02  -1.687476904448304e-01  8.432029479727415e+04  -7.909627205448432e+04  -1.452253836857887e+03  -3.968499313378971e+04  -6.294613752961775e+02  4.253749828998865e+04  -6.014047731016262e-02  2.742358543524250e-02  -6.142365677966629e-02  -5.205882727552349e+04  -1.633216647355587e+05  -3.312153590097017e+04  -3.196857902124587e+04  -7.485336960585289e+04  -3.293846948541504e+04  -1.119321003588865e-02  7.134780566175289e-03  1.073240336651642e-01
  1.054999999999999e+00  -1.608513673741911e+05  -1.084313784205638e+05  -2.151343761588058e+04  -6.643265411766723e+03  -7.129657217732463e+04  -6.821818910424197e+04  5.701423763824234e-02  -1.434184190841417e-02  1.850819999184558e-01  -1.283195404306188e+06  -8.784576433062188e+05  4.836219300636673e+04  -5.873571397483310e+05  -8.365746979508965e+04  8.748020976313038e+04  3.417837944306587e-01  9.806702117588868e-02  3.598708494932779e-01  -1.806884588251311e+06  -1.659700993903886e+06  1.050516902780878e+05  -8.544288232871143e+05  -1.570708931075161e+04  3.444039896671230e+04  3.160864762407150e-01  2.953494504402678e-01  5.588759440991278e-01  -1.123864070110433e+05  7.179383239866410e+04  2.599999443257114e+03  2.936024540011833e+04  -1.506141167240954e+02  -3.573234001436539e+04  6.796978227020191e-02  -2.776269644691112e-02  6.516774222142779e-02  4.846496036314598e+04  1.802252108192258e+05  2.411343705913784e+04  3.600351081188471e+04  7.114595806060059e+04  3.248584908987676e+04  1.095554463195951e-02  -1.342085453849682e-02  -1.199142576970281e-01  1.608513673741909e+05  1.084313784205634e+05  2.151343761588078e+04  6.643265411766362e+03  7.129657217732469e+04  6.821818910424203e+04  -5.701423763824229e-02  1.434184190841432e-02  -1.850819999184557e-01  1.123864070110435e+05  -7.179383239866339e+04  -2.599999443257079e+03  -2.936024540011826e+04  1.506141167241142e+02  3.573234001436542e+04  -6.796978227020192e-02  2.776269644691113e-02  -6.516774222142784e-02  -4.846496036314677e+04  -1.802252108192267e+05  -2.411343705913771e+04  -3.600351081188460e+04  -7.114595806060052e+04  -3.248584908987674e+04  -1.095554463195945e-02  1.342085453849685e-02  1.199142576970280e-01
  1.059999999999999e+00  -1.823578055808466e+05  -1.254168791941867e+05  -1.605735361088400e+04  -1.690725219009933e+04  -8.251458154482536e+04  -7.315718489991232e+04  6.086442847825671e-02  -1.242640555284725e-02  1.996648025520634e-01  -1.303323255982574e+06  -9.048913049547328e+05  7.469637706796858e+04  -6.079250197093722e+05  -9.801322551062740e+04  1.097694276843738e+05  3.497759696804910e-01  1.051056361855917e-01  3.710418781956502e-01  -1.844664496420471e+06  -1.692453817931053e+06  1.430036866415856e+05  -8.908837344998165e+05  -1.695109237651326e+04  4.213711271323010e+04  3.263428825589503e-01  3.083253591915878e-01  5.675674184820529e-01  -1.347129952048775e+05  7.043630315976807e+04  8.779301503512699e+03  2.271093527735328e+04  -1.579438542847175e+03  -3.465713013616856e+04  7.304754963926283e-02  -2.849281133309521e-02  6.844539901238238e-02  4.764481037596706e+04  1.958531823539526e+05  2.483665511439686e+04  3.961818746745228e+04  8.093514300197814e+04  3.850005476374400e+04  1.218312116100607e-02  -1.606640578024782e-02  -1.312194035396811e-01  1.823578055808463e+05  1.254168791941863e+05  1.605735361088420e+04  1.690725219009900e+04  8.251458154482539e+04  7.315718489991240e+04  -6.086442847825666e-02  1.242640555284741e-02  -1.996648025520633e-01  1.347129952048778e+05  -7.043630315976733e+04  -8.779301503512597e+03  -2.271093527735322e+04  1.579438542847223e+03  3.465713013616857e+04  -7.304754963926284e-02  2.849281133309520e-02  -6.844539901238242e-02  -4.764481037596791e+04  -1.958531823539537e+05  -2.483665511439674e+04  -3.961818746745220e+04  -8.093514300197807e+04  -3.850005476374399e+04  -1.218312116100601e-02  1.606640578024785e-02  1.312194035396810e-01
  1.064999999999999e+00  -2.108175781977057e+05  -1.539048044528451e+05  -1.119516060370169e+04  -3.225100301847000e+04  -7.891171831753329e+04  -6.471770203721635e+04  6.899964140804210e-02  -5.820237274997099e-03  2.160448615120649e-01  -1.330841680446779e+06  -9.511500967591478e+05  6.442787194395591e+04  -6.240310649142412e+05  -8.981840421621095e+04  1.112200839918320e+05  3.512072253943677e-01  1.155232641554200e-01  3.779100699662101e-01  -1.896985634329350e+06  -1.735534180432551e+06  1.243132995591287e+05  -9.213610608217241e+05  -7.261931602644357e+03  4.598904702426044e+04  3.325099792767890e-01  3.183011642440348e-01  5.679261766163014e-01  -1.622542391012292e+05  6.270490232525173e+04  9.128586201843034e+03  1.161667067812936e+04  -1.883093321543108e+03  -2.827261335264823e+04  8.102728762845078e-02  -2.872933268086202e-02  7.194855253002219e-02  4.856333909647425e+04  2.166097067780943e+05  2.032374680554450e+04  4.386767369659908e+04  7.702862499599012e+04  3.644508868456839e+04  1.202764622040858e-02  -2.290909540586479e-02  -1.440963089820427e-01  2.108175781977051e+05  1.539048044528445e+05  1.119516060370151e+04  3.225100301846967e+04  7.891171831753335e+04  6.471770203721630e+04  -6.899964140804209e-02  5.820237274997250e-03  -2.160448615120648e-01  1.622542391012296e+05  -6.270490232525086e+04  -9.128586201842947e+03  -1.161667067812930e+04  1.883093321543141e+03  2.827261335264816e+04  -8.102728762845081e-02  2.872933268086200e-02  -7.194855253002225e-02  -4.856333909647512e+04  -2.166097067780954e+05  -2.032374680554454e+04  -4.386767369659900e+04  -7.702862499599007e+04  -3.644508868456838e+04  -1.202764622040851e-02  2.290909540586480e-02  1.440963089820427e-01
  1.069999999999999e+00  -2.320124315565190e+05  -1.707895577738216e+05  -1.148650823533851e+03  -4.360010286349576e+04  -9.063072687394111e+04  -6.879856604318797e+04  7.323953327049118e-02  -3.365194875791937e-03  2.308606286925203e-01  -1.347599083275584e+06  -9.778754184876314e+05  9.297869089868038e+04  -6.440591580403175e+05  -1.035889717848218e+05  1.353084261442760e+05  3.586364862289355e-01  1.232036103829375e-01  3.883106668857199e-01  -1.932663737286628e+06  -1.766979163032648e+06  1.632938556155838e+05  -9.582378471373603e+05  -6.801192515597592e+03  5.477866098492324e+04  3.428250784410447e-01  3.315183832967258e-01  5.751760495517306e-01  -1.850558326663997e+05  6.135709606427415e+04  1.635680214242399e+04  4.377200554973089e+03  -3.921500548442478e+03  -2.568304668701390e+04  8.632850770504541e-02  -2.931034063114148e-02  7.520735989136894e-02  4.695659889011723e+04  2.321466538380932e+05  1.750545296595771e+04  4.797730341846857e+04  8.670922632549862e+04  4.311551935617442e+04  1.308897443455413e-02  -2.594514575534942e-02  -1.556532688011513e-01  2.320124315565185e+05  1.707895577738209e+05  1.148650823533502e+03  4.360010286349543e+04  9.063072687394122e+04  6.879856604318791e+04  -7.323953327049117e-02  3.365194875792084e-03  -2.308606286925202e-01  1.850558326664000e+05  -6.135709606427328e+04  -1.635680214242393e+04  -4.377200554973032e+03  3.921500548442511e+03  2.568304668701373e+04  -8.632850770504542e-02  2.931034063114146e-02  -7.520735989136899e-02  -4.695659889011811e+04  -2.321466538380944e+05  -1.750545296595775e+04  -4.797730341846850e+04  -8.670922632549852e+04  -4.311551935617439e+04  -1.308897443455406e-02  2.594514575534943e-02  1.556532688011513e-01
  1.074999999999999e+00  -2.605664742052279e+05  -1.993973074900974e+05  6.675004369949446e+03  -5.994215558057730e+04  -8.590201437344146e+04  -6.010798984574786e+04  8.146336473733791e-02  3.810174004508794e-03  2.466322527278800e-01  -1.373885434465137e+06  -1.027251230055394e+06  8.021669801219105e+04  -6.585115895931371e+05  -9.430911664875300e+04  1.364114490618173e+05  3.581107661037999e-01  1.341933504570199e-01  3.938749542173283e-01  -1.983428686841108e+06  -1.808238702814520e+06  1.438916916832735e+05  -9.884973827785283e+05  3.549073966295724e+03  5.868025645596472e+04  3.481937178503868e-01  3.410212398748744e-01  5.733981358618611e-01  -2.147511435446940e+05  5.238466006177463e+04  1.649515212373785e+04  -6.878750722973266e+03  -4.384014505315918e+03  -1.821676615184022e+04  9.394179011155825e-02  -2.929529992337842e-02  7.833711265599196e-02  4.581533066053170e+04  2.517819675518695e+05  9.820147753788415e+03  5.306340485760383e+04  8.151799986812548e+04  4.189122369390794e+04  1.247842537422019e-02  -3.310547392788708e-02  -1.682951400718881e-01  2.605664742052274e+05  1.993973074900967e+05  -6.675004369949912e+03  5.994215558057697e+04  8.590201437344156e+04  6.010798984574778e+04  -8.146336473733788e-02  -3.810174004508633e-03  -2.466322527278799e-01  2.147511435446942e+05  -5.238466006177369e+04  -1.649515212373768e+04  6.878750722973296e+03  4.384014505315964e+03  1.821676615184011e+04  -9.394179011155826e-02  2.929529992337838e-02  -7.833711265599204e-02  -4.581533066053262e+04  -2.517819675518705e+05  -9.820147753788593e+03  -5.306340485760367e+04  -8.151799986812536e+04  -4.189122369390791e+04  -1.247842537422015e-02  3.310547392788710e-02  1.682951400718881e-01
  1.079999999999999e+00  -2.919756601109894e+05  -2.310452151758885e+05  7.740218001042557e+03  -7.626138139550276e+04  -8.081836599106512e+04  -5.173810551728927e+04  8.943001232409969e-02  1.120012453616094e-02  2.620505837288645e-01  -1.396557814513031e+06  -1.075863043765378e+06  6.792978176080839e+04  -6.715716861352823e+05  -8.578220575540488e+04  1.347952909551833e+05  3.566934504971973e-01  1.453897065340353e-01  3.986663705429533e-01  -2.031663562620109e+06  -1.848130847676223e+06  1.236213288716131e+05  -1.018087087516548e+06  1.186159952773175e+04  6.066624901821664e+04  3.532796836652789e-01  3.502345787902402e-01  5.707888302282386e-01  -2.429019701483770e+05  4.335233374270898e+04  1.575699916548795e+04  -1.828350017033416e+04  -4.176795118475341e+03  -1.248616627264709e+04  1.014179258081402e-01  -2.924779194461165e-02  8.119020116936447e-02  4.907368996260954e+04  2.743975489185945e+05  8.016781164445028e+03  5.797788122516847e+04  7.664157087258964e+04  3.925193924464245e+04  1.198791348404035e-02  -4.044791648077246e-02  -1.808603825595002e-01  2.919756601109887e+05  2.310452151758879e+05  -7.740218001042645e+03  7.626138139550248e+04  8.081836599106515e+04  5.173810551728921e+04  -8.943001232409967e-02  -1.120012453616077e-02  -2.620505837288644e-01  2.429019701483773e+05  -4.335233374270813e+04  -1.575699916548792e+04  1.828350017033416e+04  4.176795118475403e+03  1.248616627264694e+04  -1.014179258081402e-01  2.924779194461161e-02  -8.119020116936458e-02  -4.907368996261064e+04  -2.743975489185957e+05  -8.016781164445364e+03  -5.797788122516833e+04  -7.664157087258961e+04  -3.925193924464244e+04  -1.198791348404033e-02  4.044791648077244e-02  1.808603825595002e-01
  1.084999999999999e+00  -3.134046697006935e+05  -2.488642799360599e+05  2.357334159322346e+04  -8.945587259229166e+04  -9.260224460484898e+04  -5.362906199828072e+04  9.429740272370683e-02  1.466967374998480e-02  2.769668758880311e-01  -1.408056038150663e+06  -1.104841380931803e+06  9.696631457237845e+04  -6.899748841528940e+05  -9.814163916740303e+04  1.608986840331855e+05  3.628347050563803e-01  1.542619847847927e-01  4.074838866619127e-01  -2.062958658387369e+06  -1.876961462360145e+06  1.621015170747632e+05  -1.054870634227282e+06  1.513629756708499e+04  7.088374491345660e+04  3.634564170118253e-01  3.636366990455988e-01  5.752728062703811e-01  -2.661049092958294e+05  4.183122926670510e+04  2.428200418246633e+04  -2.648328296633572e+04  -6.987995388333803e+03  -7.336941200050544e+03  1.070437932457246e-01  -2.954934814341217e-02  8.429637608351537e-02  4.729976040486130e+04  2.906955092027619e+05  7.086625892420900e+02  6.297258962595584e+04  8.561424921651497e+04  4.629212079823045e+04  1.274639052201756e-02  -4.421902189339683e-02  -1.926704998045159e-01  3.134046697006929e+05  2.488642799360591e+05  -2.357334159322360e+04  8.945587259229140e+04  9.260224460484898e+04  5.362906199828062e+04  -9.429740272370679e-02  -1.466967374998464e-02  -2.769668758880311e-01  2.661049092958297e+05  -4.183122926670428e+04  -2.428200418246631e+04  2.648328296633570e+04  6.987995388333894e+03  7.336941200050400e+03  -1.070437932457245e-01  2.954934814341212e-02  -8.429637608351549e-02  -4.729976040486249e+04  -2.906955092027630e+05  -7.086625892424187e+02  -6.297258962595572e+04  -8.561424921651497e+04  -4.629212079823043e+04  -1.274639052201755e-02  4.421902189339682e-02  1.926704998045159e-01
  1.089999999999999e+00  -3.450395829525819e+05  -2.806754489018302e+05  2.726669499490500e+04  -1.067019354148536e+05  -8.626029696970215e+04  -4.502462148754683e+04  1.022100714416739e-01  2.256593178489864e-02  2.914862766124834e-01  -1.428827970418074e+06  -1.156563237639080e+06  8.229789822969596e+04  -7.012844038344459e+05  -8.851993462123023e+04  1.586585267478743e+05  3.594560531657212e-01  1.659644798344293e-01  4.109101041214644e-01  -2.109521303342578e+06  -1.915040710174491e+06  1.406873026797272e+05  -1.084064266305230e+06  2.388460041350429e+04  7.294544592164535e+04  3.676817593668477e-01  3.722810549722201e-01  5.705838338333604e-01  -2.963511270619801e+05  3.122454887752427e+04  2.285620171488982e+04  -3.787598332289750e+04  -6.930515364441087e+03  -5.554513094668091e+02  1.139657038143904e-01  -2.921897156076077e-02  8.672932211638222e-02  4.868845589059907e+04  3.118999977793514e+05  -4.410493280015836e+03  6.882595209195607e+04  7.932978160526081e+04  4.446917017808033e+04  1.175563237271623e-02  -5.178490334565929e-02  -2.047569544961013e-01  3.450395829525810e+05  2.806754489018295e+05  -2.726669499490498e+04  1.067019354148533e+05  8.626029696970229e+04  4.502462148754677e+04  -1.022100714416739e-01  -2.256593178489849e-02  -2.914862766124832e-01  2.963511270619803e+05  -3.122454887752346e+04  -2.285620171489000e+04  3.787598332289754e+04  6.930515364441160e+03  5.554513094665870e+02  -1.139657038143904e-01  2.921897156076073e-02  -8.672932211638236e-02  -4.868845589060015e+04  -3.118999977793526e+05  4.410493280015430e+03  -6.882595209195587e+04  -7.932978160526075e+04  -4.446917017808033e+04  -1.175563237271620e-02  5.178490334565927e-02  2.047569544961013e-01
  1.094999999999999e+00  -3.789874913302325e+05  -3.151209387339191e+05  2.461524361549314e+04  -1.237984338833684e+05  -7.989747233009042e+04  -3.708567568118680e+04  1.098323628921118e-01  3.063591536923146e-02  3.055520748634680e-01  -1.445950490264724e+06  -1.207465566986433e+06  6.869855033035243e+04  -7.111268604724810e+05  -7.995506568284155e+04  1.540868998121285e+05  3.552184714933794e-01  1.778603255644449e-01  4.135937724423645e-01  -2.152906171707615e+06  -1.951274620710873e+06  1.195200928828914e+05  -1.112651425055998e+06  3.051830247656158e+04  7.305329365976089e+04  3.716925139934668e-01  3.806253449730481e-01  5.651175443630936e-01  -3.244539883384501e+05  2.089149427724627e+04  2.115134048235369e+04  -4.930998757918166e+04  -6.258220094995577e+03  4.224199452265835e+03  1.206962711287114e-01  -2.884382816059655e-02  8.884987913856428e-02  5.453350299178004e+04  3.360124330111622e+05  -3.463903133139320e+03  7.448844630418679e+04  7.363925223509468e+04  4.130987513345295e+04  1.086390823659938e-02  -5.947974352982785e-02  -2.167021957249040e-01  3.789874913302317e+05  3.151209387339183e+05  -2.461524361549271e+04  1.237984338833681e+05  7.989747233009046e+04  3.708567568118662e+04  -1.098323628921117e-01  -3.063591536923132e-02  -3.055520748634679e-01  3.244539883384501e+05  -2.089149427724536e+04  -2.115134048235383e+04  4.930998757918164e+04  6.258220094995659e+03  -4.224199452266094e+03  -1.206962711287113e-01  2.884382816059650e-02  -8.884987913856443e-02  -5.453350299178085e+04  -3.360124330111632e+05  3.463903133139312e+03  -7.448844630418657e+04  -7.363925223509461e+04  -4.130987513345294e+04  -1.086390823659935e-02  5.947974352982784e-02  2.167021957249041e-01
  1.099999999999999e+00  -4.005394623631642e+05  -3.340221627080395e+05  4.561451919989226e+04  -1.387004658906487e+05  -9.131343254537147e+04  -3.668557224666067e+04  1.152686922159623e-01  3.516412664818460e-02  3.201454267640346e-01  -1.451998208055264e+06  -1.239200705638091e+06  9.730640602435969e+04  -7.276208660028829e+05  -9.060031533443462e+04  1.813923535476927e+05  3.598774907089717e-01  1.878937441292268e-01  4.206319408738884e-01  -2.179223719544794e+06  -1.977116410524538e+06  1.566974274309912e+05  -1.148944148802479e+06  3.658056072062348e+04  8.433495977258529e+04  3.815650284401200e-01  3.940023314894494e-01  5.667229956880582e-01  -3.475614327494608e+05  1.899727301627561e+04  3.054875260216325e+04  -5.830405936821573e+04  -9.762167758295665e+03  1.188807095484663e+04  1.265015262630725e-01  -2.881693730959350e-02  9.169012563186128e-02  5.297802961370116e+04  3.530194357243118e+05  -1.506576659772902e+04  8.039640652243310e+04  8.155126478707559e+04  4.857364320150766e+04  1.123283404711002e-02  -6.398106395777793e-02  -2.284553011321735e-01  4.005394623631632e+05  3.340221627080386e+05  -4.561451919989189e+04  1.387004658906485e+05  9.131343254537151e+04  3.668557224666052e+04  -1.152686922159622e-01  -3.516412664818445e-02  -3.201454267640345e-01  3.475614327494608e+05  -1.899727301627473e+04  -3.054875260216340e+04  5.830405936821572e+04  9.762167758295762e+03  -1.188807095484697e+04  -1.265015262630725e-01  2.881693730959344e-02  -9.169012563186145e-02  -5.297802961370188e+04  -3.530194357243127e+05  1.506576659772895e+04  -8.039640652243287e+04  -8.155126478707555e+04  -4.857364320150764e+04  -1.123283404711001e-02  6.398106395777793e-02  2.284553011321736e-01
  1.104999999999998e+00  -4.348519299442685e+05  -3.687068259063622e+05  4.519939479597635e+04  -1.566421636402696e+05  -8.361112668050351e+04  -2.853271926642137e+04  1.227016833801248e-01  4.366658672256962e-02  3.330505063858389e-01  -1.466564547907051e+06  -1.293178610668708e+06  8.148230411998089e+04  -7.356672450276141e+05  -8.095545149929896e+04  1.759531962645749e+05  3.537256698404361e-01  2.002205622265381e-01  4.219233495805216e-01  -2.220863661632719e+06  -2.011603059642407e+06  1.339427689185156e+05  -1.176985646051023e+06  4.341326185485083e+04  8.455775351379873e+04  3.846774910233833e-01  4.016981374631770e-01  5.592827557360122e-01  -3.776387499110810e+05  6.747689977625232e+03  2.769176876997449e+04  -6.955107191943047e+04  -9.241219247630461e+03  1.766458803047783e+04  1.325014669671435e-01  -2.812674103657401e-02  9.336512564540275e-02  5.721318003318490e+04  3.754545158839840e+05  -1.750762602600169e+04  8.709109172083931e+04  7.436990743287293e+04  4.619730729689964e+04  9.799783587018444e-03  -7.179332775914346e-02  -2.396853807404364e-01  4.348519299442675e+05  3.687068259063613e+05  -4.519939479597600e+04  1.566421636402693e+05  8.361112668050348e+04  2.853271926642128e+04  -1.227016833801247e-01  -4.366658672256948e-02  -3.330505063858388e-01  3.776387499110810e+05  -6.747689977624374e+03  -2.769176876997490e+04  6.955107191943041e+04  9.241219247630541e+03  -1.766458803047817e+04  -1.325014669671435e-01  2.812674103657395e-02  -9.336512564540288e-02  -5.721318003318558e+04  -3.754545158839849e+05  1.750762602600200e+04  -8.709109172083905e+04  -7.436990743287286e+04  -4.619730729689960e+04  -9.799783587018456e-03  7.179332775914342e-02  2.396853807404365e-01
  1.109999999999998e+00  -4.708783473585633e+05  -4.055616886385295e+05  3.905404248386047e+04  -1.743261309967549e+05  -7.622693140158187e+04  -2.135816399086234e+04  1.298256907522834e-01  5.229826070813386e-02  3.454152548686756e-01  -1.477552426606695e+06  -1.346345263421152e+06  6.721539605794028e+04  -7.422129385170323e+05  -7.262958062929222e+04  1.686586956663189e+05  3.467686512550353e-01  2.127244070715844e-01  4.225150515122703e-01  -2.258757130143544e+06  -2.043817797832878e+06  1.125139359687215e+05  -1.204510393787983e+06  4.813127944904120e+04  8.284805508341365e+04  3.876505641019710e-01  4.090915269335187e-01  5.511269416361518e-01  -4.050164267789185e+05  -4.911396628508915e+03  2.518911743094950e+04  -8.073633643492735e+04  -8.171514716133967e+03  2.124360228510884e+04  1.382630017963337e-01  -2.737690619178193e-02  9.470379278843047e-02  6.586192057964238e+04  4.006502920100175e+05  -1.386492505291079e+04  9.358979456182783e+04  6.805541668544764e+04  4.260176627597147e+04  8.437311044049980e-03  -7.967516689991562e-02  -2.507114620802453e-01  4.708783473585621e+05  4.055616886385285e+05  -3.905404248385966e+04  1.743261309967547e+05  7.622693140158174e+04  2.135816399086223e+04  -1.298256907522833e-01  -5.229826070813371e-02  -3.454152548686754e-01  4.050164267789185e+05  4.911396628509746e+03  -2.518911743094991e+04  8.073633643492725e+04  8.171514716134024e+03  -2.124360228510909e+04  -1.382630017963336e-01  2.737690619178187e-02  -9.470379278843062e-02  -6.586192057964287e+04  -4.006502920100181e+05  1.386492505291125e+04  -9.358979456182757e+04  -6.805541668544753e+04  -4.260176627597152e+04  -8.437311044049994e-03  7.967516689991561e-02  2.507114620802453e-01
  1.114999999999998e+00  -4.924601115508188e+05  -4.257179057159371e+05  6.444762087754925e+04  -1.907731994109511e+05  -8.685784009735509e+04  -1.865631083373792e+04  1.357564279757259e-01  5.790522704879418e-02  3.592732070802199e-01  -1.478024461622444e+06  -1.381315286787868e+06  9.456319834597992e+04  -7.565809431912360e+05  -8.132004002766502e+04  1.963259527315860e+05  3.497856118761617e-01  2.238625385707135e-01  4.276363160378182e-01  -2.279592432640305e+06  -2.066339292068724e+06  1.476729372097409e+05  -1.239959018278279e+06  5.686893322220135e+04  9.480520848177039e+04  3.970626059608500e-01  4.222316359458682e-01  5.498162086669889e-01  -4.275131557129641e+05  -7.423382299844819e+03  3.500082528883727e+04  -9.034018436080833e+04  -1.228133597940579e+04  3.128079908547381e+04  1.440872218707587e-01  -2.697466466557830e-02  9.717991342840250e-02  6.494695583785235e+04  4.182945234160891e+05  -2.944679558871184e+04  1.004330150501430e+05  7.457650411794904e+04  4.993710991921204e+04  8.330793895032459e-03  -8.487989171437231e-02  -2.620932936518175e-01  4.924601115508178e+05  4.257179057159362e+05  -6.444762087754850e+04  1.907731994109508e+05  8.685784009735496e+04  1.865631083373778e+04  -1.357564279757259e-01  -5.790522704879403e-02  -3.592732070802196e-01  4.275131557129643e+05  7.423382299845606e+03  -3.500082528883769e+04  9.034018436080823e+04  1.228133597940586e+04  -3.128079908547408e+04  -1.440872218707586e-01  2.697466466557825e-02  -9.717991342840264e-02  -6.494695583785285e+04  -4.182945234160898e+05  2.944679558871236e+04  -1.004330150501427e+05  -7.457650411794896e+04  -4.993710991921208e+04  -8.330793895032480e-03  8.487989171437230e-02  2.620932936518176e-01
  1.119999999999998e+00  -5.289927156996663e+05  -4.629206222716768e+05  6.009204593683269e+04  -2.092136260622772e+05  -7.810692678108565e+04  -1.128885517793192e+04  1.425673939124771e-01  6.688752245539734e-02  3.702531598069341e-01  -1.485824508460758e+06  -1.437486189407272e+06  7.827016803320813e+04  -7.613367820205638e+05  -7.195322398951722e+04  1.879541318204318e+05  3.410097056061153e-01  2.367145080982854e-01  4.268437238016968e-01  -2.315713199120969e+06  -2.096926673519921e+06  1.242093115898566e+05  -1.266819834402932e+06  6.154450658472511e+04  9.326144296858090e+04  3.991237950720360e-01  4.289156878715976e-01  5.398382905239908e-01  -4.566736386342642e+05  -2.133560315749667e+04  3.091732719314256e+04  -1.011678209228405e+05  -1.137055737022045e+04  3.578194315717653e+04  1.489584678421821e-01  -2.587724271518155e-02  9.806944114163747e-02  7.231907706539951e+04  4.415850191141769e+05  -2.917471874369062e+04  1.080458051394371e+05  6.673636941086485e+04  4.707079833510872e+04  6.391073929704610e-03  -9.276476517057869e-02  -2.721837186652970e-01  5.289927156996649e+05  4.629206222716758e+05  -6.009204593683238e+04  2.092136260622769e+05  7.810692678108547e+04  1.128885517793177e+04  -1.425673939124771e-01  -6.688752245539717e-02  -3.702531598069340e-01  4.566736386342645e+05  2.133560315749770e+04  -3.091732719314280e+04  1.011678209228404e+05  1.137055737022049e+04  -3.578194315717673e+04  -1.489584678421820e-01  2.587724271518149e-02  -9.806944114163756e-02  -7.231907706540007e+04  -4.415850191141775e+05  2.917471874369096e+04  -1.080458051394368e+05  -6.673636941086488e+04  -4.707079833510870e+04  -6.391073929704647e-03  9.276476517057865e-02  2.721837186652969e-01
  1.124999999999998e+00  -5.503794078705972e+05  -4.836010054833913e+05  8.832951549250814e+04  -2.265264710022048e+05  -8.831753916939230e+04  -7.360422978781891e+03  1.487638513776620e-01  7.311013317080088e-02  3.836162681465713e-01  -1.482719649353632e+06  -1.473948465619485e+06  1.056344883344269e+05  -7.747019631490520e+05  -7.930475439853288e+04  2.158268524735625e+05  3.431278038994198e-01  2.484281274945941e-01  4.308404801064880e-01  -2.333687585574412e+06  -2.117813902302980e+06  1.580669023058903e+05  -1.301946492999122e+06  7.197356006884490e+04  1.057588218678478e+05  4.082629282257808e-01  4.419151175685292e-01  5.368957822312522e-01  -4.786053510629350e+05  -2.416020069676675e+04  4.110062593355136e+04  -1.110860218739508e+05  -1.587559757106390e+04  4.721086863813888e+04  1.547445286596142e-01  -2.524209085208905e-02  1.003087098389824e-01  7.177405680765994e+04  4.594408047866212e+05  -4.722888955895717e+04  1.154404491282545e+05  7.244194159832808e+04  5.457129161692112e+04  5.980677281951882e-03  -9.835222402288973e-02  -2.833075583075892e-01  5.503794078705962e+05  4.836010054833904e+05  -8.832951549250763e+04  2.265264710022046e+05  8.831753916939211e+04  7.360422978781743e+03  -1.487638513776619e-01  -7.311013317080071e-02  -3.836162681465711e-01  4.786053510629352e+05  2.416020069676779e+04  -4.110062593355164e+04  1.110860218739506e+05  1.587559757106396e+04  -4.721086863813910e+04  -1.547445286596141e-01  2.524209085208897e-02  -1.003087098389825e-01  -7.177405680766044e+04  -4.594408047866218e+05  4.722888955895775e+04  -1.154404491282542e+05  -7.244194159832811e+04  -5.457129161692112e+04  -5.980677281951920e-03  9.835222402288968e-02  2.833075583075892e-01
  1.129999999999998e+00  -5.881376181734031e+05  -5.233887924547286e+05  7.968958271245843e+04  -2.451231060846976e+05  -7.946571204142012e+04  -2.413649983202948e+02  1.554025137467999e-01  8.263327051813707e-02  3.933572339591990e-01  -1.485044787700966e+06  -1.531540620427236e+06  8.927530853164260e+04  -7.766947741888249e+05  -7.068268739900866e+04  2.054595413425504e+05  3.327543158155032e-01  2.618861555875255e-01  4.285319466930096e-01  -2.362558264348976e+06  -2.143794900077201e+06  1.356143905067342e+05  -1.327579789782806e+06  7.540000602513438e+04  1.020950986564656e+05  4.099342458758506e-01  4.479988938701507e-01  5.250223538433931e-01  -5.039974289510370e+05  -3.778102346094975e+04  3.759050689461752e+04  -1.218543028047811e+05  -1.460934238879712e+04  5.014911400779856e+04  1.592241640886662e-01  -2.388134014696219e-02  1.006434636963356e-01  8.414018922236429e+04  4.856077689937758e+05  -4.209907581784127e+04  1.232688032799170e+05  6.485636965262265e+04  5.039047900611923e+04  3.821650341865977e-03  -1.065146106650991e-01  -2.927137702628636e-01  5.881376181734020e+05  5.233887924547276e+05  -7.968958271245856e+04  2.451231060846974e+05  7.946571204142009e+04  2.413649983203717e+02  -1.554025137467998e-01  -8.263327051813689e-02  -3.933572339591988e-01  5.039974289510372e+05  3.778102346095074e+04  -3.759050689461755e+04  1.218543028047808e+05  1.460934238879717e+04  -5.014911400779878e+04  -1.592241640886661e-01  2.388134014696211e-02  -1.006434636963357e-01  -8.414018922236479e+04  -4.856077689937765e+05  4.209907581784139e+04  -1.232688032799166e+05  -6.485636965262272e+04  -5.039047900611915e+04  -3.821650341866027e-03  1.065146106650990e-01  2.927137702628635e-01
  1.134999999999998e+00  -6.263882807330880e+05  -5.627390229558799e+05  7.169706859389502e+04  -2.638833492626915e+05  -7.002194336813009e+04  6.053562297967092e+03  1.614789390473486e-01  9.196282871791915e-02  4.021627743521266e-01  -1.485643158189358e+06  -1.589843398018268e+06  7.314008947040797e+04  -7.782236267053406e+05  -6.186943242838095e+04  1.945220251338418e+05  3.215655053405528e-01  2.751552620313193e-01  4.257523544957205e-01  -2.392685849896695e+06  -2.170273226910595e+06  1.120347581126014e+05  -1.353285479734069e+06  7.775582935503851e+04  9.892051679647528e+04  4.110328021701877e-01  4.536360196681307e-01  5.127692284716427e-01  -5.314788786529105e+05  -5.338616144539002e+04  3.254718149321462e+04  -1.320049058826542e+05  -1.338961283901767e+04  5.316571002729205e+04  1.627891148366374e-01  -2.232731297223011e-02  1.007524161425556e-01  9.490940208017596e+04  5.093528615104869e+05  -3.914988710068079e+04  1.318784433800378e+05  5.663233052911232e+04  4.711214772932533e+04  1.310175789288404e-03  -1.142901416901491e-01  -3.014103582095712e-01  6.263882807330868e+05  5.627390229558791e+05  -7.169706859389509e+04  2.638833492626912e+05  7.002194336813010e+04  -6.053562297967008e+03  -1.614789390473484e-01  -9.196282871791894e-02  -4.021627743521264e-01  5.314788786529107e+05  5.338616144539093e+04  -3.254718149321467e+04  1.320049058826540e+05  1.338961283901771e+04  -5.316571002729230e+04  -1.627891148366373e-01  2.232731297223003e-02  -1.007524161425557e-01  -9.490940208017621e+04  -5.093528615104879e+05  3.914988710068083e+04  -1.318784433800373e+05  -5.663233052911228e+04  -4.711214772932538e+04  -1.310175789288490e-03  1.142901416901490e-01  3.014103582095712e-01
  1.139999999999998e+00  -6.477065443183788e+05  -5.849958128268133e+05  1.029099060067239e+05  -2.824790195740943e+05  -7.881540720700698e+04  1.218922110900965e+04  1.680322754627634e-01  9.924736205457994e-02  4.141934026085858e-01  -1.476885380416903e+06  -1.630219534222590e+06  9.806291965003505e+04  -7.892611085243518e+05  -6.694751393140387e+04  2.214536101717503e+05  3.218670917785600e-01  2.878379809594262e-01  4.277176408224621e-01  -2.404617597492738e+06  -2.187462019466383e+06  1.428133641059635e+05  -1.387115121527625e+06  9.057284289788298e+04  1.115143359027101e+05  4.194887091244668e-01  4.660772979429598e-01  5.069749839591198e-01  -5.519542425399822e+05  -5.724926641705374e+04  4.247151876482816e+04  -1.422408415455618e+05  -1.834871947174110e+04  6.660859801481123e+04  1.683299815026080e-01  -2.125138373261050e-02  1.025070903951353e-01  9.575230177839493e+04  5.277465464097566e+05  -6.043838724189607e+04  1.402381780285331e+05  6.046668773526574e+04  5.441937690580203e+04  2.977060398441456e-04  -1.204987457871903e-01  -3.116863122134508e-01  6.477065443183775e+05  5.849958128268125e+05  -1.029099060067242e+05  2.824790195740941e+05  7.881540720700705e+04  -1.218922110900949e+04  -1.680322754627632e-01  -9.924736205457976e-02  -4.141934026085857e-01  5.519542425399825e+05  5.724926641705463e+04  -4.247151876482820e+04  1.422408415455616e+05  1.834871947174115e+04  -6.660859801481145e+04  -1.683299815026078e-01  2.125138373261041e-02  -1.025070903951354e-01  -9.575230177839525e+04  -5.277465464097577e+05  6.043838724189616e+04  -1.402381780285326e+05  -6.046668773526573e+04  -5.441937690580211e+04  -2.977060398442309e-04  1.204987457871902e-01  3.116863122134508e-01
  1.144999999999998e+00  -6.864804606579912e+05  -6.264606640391813e+05  9.111828554140851e+04  -3.012287793702781e+05  -6.948996217696188e+04  1.788097647397841e+04  1.738970755491923e-01  1.090521168819127e-01  4.215666070462827e-01  -1.472260575236365e+06  -1.690149991646116e+06  8.198828034741929e+04  -7.880540426334720e+05  -5.908129898121062e+04  2.087610524079394e+05  3.091416433327195e-01  3.016415167734948e-01  4.235003292014293e-01  -2.426986198318019e+06  -2.208912910759707e+06  1.211106523206101e+05  -1.411634912189797e+06  9.165153184475386e+04  1.061301431680107e+05  4.202340514302536e-01  4.710443544113345e-01  4.929777127005721e-01  -5.750332985531607e+05  -7.248554233933876e+04  3.838377195399667e+04  -1.521372050866604e+05  -1.682118386283846e+04  6.784867611904652e+04  1.713885269514587e-01  -1.939610604977678e-02  1.020443115145848e-01  1.114471621048289e+05  5.539751216998396e+05  -5.273451358741168e+04  1.490915742836184e+05  5.266877831412339e+04  4.996769964506853e+04  -2.508548597734005e-03  -1.284482229316893e-01  -3.195222955316983e-01  6.864804606579898e+05  6.264606640391803e+05  -9.111828554140849e+04  3.012287793702779e+05  6.948996217696209e+04  -1.788097647397821e+04  -1.738970755491921e-01  -1.090521168819125e-01  -4.215666070462827e-01  5.750332985531610e+05  7.248554233933972e+04  -3.838377195399652e+04  1.521372050866600e+05  1.682118386283849e+04  -6.784867611904674e+04  -1.713885269514586e-01  1.939610604977670e-02  -1.020443115145849e-01  -1.114471621048291e+05  -5.539751216998405e+05  5.273451358741180e+04  -1.490915742836179e+05  -5.266877831412332e+04  -4.996769964506861e+04  2.508548597733898e-03  1.284482229316893e-01  3.195222955316982e-01
  1.149999999999997e+00  -7.259100523128087e+05  -6.675804596011732e+05  7.991580442965784e+04  -3.201529779299672e+05  -5.973527159595858e+04  2.287429537422199e+04  1.791582598907275e-01  1.185955616181947e-01  4.280166343071584e-01  -1.465343523423499e+06  -1.750504137086119e+06  6.657664945156506e+04  -7.865060392737188e+05  -5.106167123950682e+04  1.957038134726095e+05  2.958047159953190e-01  3.152123583240957e-01  4.188710717850924e-01  -2.450768056446418e+06  -2.231162017539309e+06  9.796838789691194e+04  -1.436260373284033e+06  9.160802091627034e+04  1.015137139451577e+05  4.204809523694640e-01  4.756276225035987e-01  4.787534968063995e-01  -6.000770036292782e+05  -8.982597396508926e+04  3.269048718985387e+04  -1.613756405187488e+05  -1.537263839218160e+04  6.924011469652709e+04  1.735027587423697e-01  -1.733557382712335e-02  1.014066315728457e-01  1.258330486835292e+05  5.777544856360814e+05  -4.722531723980330e+04  1.587773374112191e+05  4.436263320377706e+04  4.636581932230549e+04  -5.655501148358343e-03  -1.359311354453178e-01  -3.266100027343130e-01  7.259100523128072e+05  6.675804596011722e+05  -7.991580442965755e+04  3.201529779299669e+05  5.973527159595883e+04  -2.287429537422185e+04  -1.791582598907274e-01  -1.185955616181945e-01  -4.280166343071584e-01  6.000770036292785e+05  8.982597396509016e+04  -3.269048718985347e+04  1.613756405187485e+05  1.537263839218163e+04  -6.924011469652734e+04  -1.735027587423696e-01  1.733557382712327e-02  -1.014066315728458e-01  -1.258330486835293e+05  -5.777544856360821e+05  4.722531723980359e+04  -1.587773374112186e+05  -4.436263320377708e+04  -4.636581932230553e+04  5.655501148358220e-03  1.359311354453178e-01  3.266100027343130e-01
  1.154999999999997e+00  -7.470994811992000e+05  -6.916104995340668e+05  1.130782425718816e+05  -3.398405123579678e+05  -6.680275674759400e+04  3.101803648979304e+04  1.859640384388450e-01  1.268960863651061e-01  4.383870480138833e-01  -1.450957628802210e+06  -1.795110988151832e+06  8.851416426612480e+04  -7.951775192881239e+05  -5.380223876112841e+04  2.208990581278417e+05  2.942325319495692e-01  3.287479366548505e-01  4.188122527916741e-01  -2.456448424488888e+06  -2.244481125436253e+06  1.251963451209583e+05  -1.468585447062870e+06  1.064978813671616e+05  1.138091900926393e+05  4.281393713573701e-01  4.873202021885765e-01  4.702508714803109e-01  -6.185558001973727e+05  -9.504407994066075e+04  4.192955698043773e+04  -1.717256750663844e+05  -2.069427710800545e+04  8.434074914022624e+04  1.786200596258885e-01  -1.578159822301961e-02  1.026314974284689e-01  1.285436810018262e+05  5.965664195934035e+05  -7.114868559144311e+04  1.681148372915840e+05  4.610847963958861e+04  5.332271265043358e+04  -7.343978812957026e-03  -1.426776845881255e-01  -3.357555505854146e-01  7.470994811991986e+05  6.916104995340658e+05  -1.130782425718812e+05  3.398405123579674e+05  6.680275674759432e+04  -3.101803648979290e+04  -1.859640384388448e-01  -1.268960863651059e-01  -4.383870480138832e-01  6.185558001973729e+05  9.504407994066163e+04  -4.192955698043729e+04  1.717256750663841e+05  2.069427710800550e+04  -8.434074914022649e+04  -1.786200596258883e-01  1.578159822301953e-02  -1.026314974284690e-01  -1.285436810018263e+05  -5.965664195934042e+05  7.114868559144338e+04  -1.681148372915835e+05  -4.610847963958860e+04  -5.332271265043366e+04  7.343978812956896e-03  1.426776845881255e-01  3.357555505854146e-01
  1.159999999999997e+00  -7.863387367701473e+05  -7.343461278904193e+05  9.869050031850344e+04  -3.586149727486075e+05  -5.738309173151170e+04  3.508355504479945e+04  1.909848095783051e-01  1.368398773469705e-01  4.432547585491263e-01  -1.439150209564244e+06  -1.857270643393047e+06  7.326888776904317e+04  -7.909916754754550e+05  -4.689976882883316e+04  2.063881377817655e+05  2.794530713507461e-01  3.427694618492240e-01  4.128525757303843e-01  -2.472119350721570e+06  -2.261382159667769e+06  1.047567300301923e+05  -1.492112064586425e+06  1.051962111668448e+05  1.069532140845116e+05  4.280790152572278e-01  4.911798565366716e-01  4.544646995374806e-01  -6.386606621538553e+05  -1.119962100882868e+05  3.754722388527439e+04  -1.805263641025588e+05  -1.899001867610331e+04  8.380632374564336e+04  1.801223433646043e-01  -1.338235423961598e-02  1.014257803587400e-01  1.476780746162915e+05  6.223499178021302e+05  -6.114327643322852e+04  1.780886086460495e+05  3.839307305540857e+04  4.872276870084421e+04  -1.086246621370135e-02  -1.502222315865864e-01  -3.418289781903866e-01  7.863387367701461e+05  7.343461278904185e+05  -9.869050031850339e+04  3.586149727486071e+05  5.738309173151195e+04  -3.508355504479925e+04  -1.909848095783050e-01  -1.368398773469703e-01  -4.432547585491264e-01  6.386606621538554e+05  1.119962100882875e+05  -3.754722388527412e+04  1.805263641025585e+05  1.899001867610331e+04  -8.380632374564356e+04  -1.801223433646042e-01  1.338235423961590e-02  -1.014257803587401e-01  -1.476780746162918e+05  -6.223499178021310e+05  6.114327643322832e+04  -1.780886086460489e+05  -3.839307305540851e+04  -4.872276870084414e+04  1.086246621370122e-02  1.502222315865863e-01  3.418289781903866e-01
  1.164999999999997e+00  -8.263815672870877e+05  -7.768590978476106e+05  8.480678166789151e+04  -3.775739076899140e+05  -4.770581894130714e+04  3.861185006419826e+04  1.953822264563777e-01  1.464677046767868e-01  4.472384695940096e-01  -1.424527538895351e+06  -1.919563741768312e+06  5.907320950255833e+04  -7.865970753927574e+05  -3.987024672105286e+04  1.917141609132836e+05  2.642770269629815e-01  3.565204015122482e-01  4.065424740953714e-01  -2.489324964024719e+06  -2.279366709882529e+06  8.255962026727707e+04  -1.515775695155011e+06  1.027578765924460e+05  1.011257283207530e+05  4.276025176691802e-01  4.947297472675534e-01  4.386060727807681e-01  -6.605309179898576e+05  -1.311283523015905e+05  3.153348991286549e+04  -1.886455722021311e+05  -1.738593611929927e+04  8.350405241418780e+04  1.806774277693673e-01  -1.076671537377497e-02  1.000997456627713e-01  1.658506492972297e+05  6.457307455460178e+05  -5.327329175502496e+04  1.889283354877837e+05  3.031988282200793e+04  4.489220234998964e+04  -1.470479868701102e-02  -1.572344200505617e-01  -3.471387239312386e-01  8.263815672870865e+05  7.768590978476098e+05  -8.480678166789091e+04  3.775739076899137e+05  4.770581894130740e+04  -3.861185006419828e+04  -1.953822264563776e-01  -1.464677046767866e-01  -4.472384695940096e-01  6.605309179898576e+05  1.311283523015911e+05  -3.153348991286539e+04  1.886455722021308e+05  1.738593611929927e+04  -8.350405241418800e+04  -1.806774277693671e-01  1.076671537377490e-02  -1.000997456627714e-01  -1.658506492972302e+05  -6.457307455460186e+05  5.327329175502552e+04  -1.889283354877831e+05  -3.031988282200805e+04  -4.489220234998963e+04  1.470479868701089e-02  1.572344200505617e-01  3.471387239312386e-01
  1.169999999999997e+00  -8.473700936611727e+05  -8.028317696405672e+05  1.188904884387990e+05  -3.981648947874430e+05  -5.280710767638870e+04  4.849746144478949e+04  2.023298265606067e-01  1.557127586823951e-01  4.556741708571698e-01  -1.404579154244795e+06  -1.968608866347970e+06  7.763586798510846e+04  -7.929341074820861e+05  -4.027397201095278e+04  2.144446641687125e+05  2.608180913675131e-01  3.707726886480877e-01  4.045171111813537e-01  -2.488680648207024e+06  -2.288725789895671e+06  1.058743181245368e+05  -1.546457198201180e+06  1.193459109625842e+05  1.127536565255452e+05  4.343720005783454e-01  5.055018097552899e-01  4.276000863611516e-01  -6.764743029556208e+05  -1.380242124010022e+05  3.972030654735579e+04  -1.989092096272007e+05  -2.298150800351765e+04  9.984514879017786e+04  1.851950904531807e-01  -8.702583527970577e-03  1.007728293520880e-01  1.708957907055514e+05  6.648075572395630e+05  -7.917018189144231e+04  1.992556851602430e+05  2.982559967287123e+04  5.134768734538841e+04  -1.713473610742660e-02  -1.644153422103657e-01  -3.549013415050822e-01  8.473700936611713e+05  8.028317696405665e+05  -1.188904884387984e+05  3.981648947874426e+05  5.280710767638902e+04  -4.849746144478948e+04  -2.023298265606066e-01  -1.557127586823950e-01  -4.556741708571698e-01  6.764743029556208e+05  1.380242124010028e+05  -3.972030654735570e+04  1.989092096272004e+05  2.298150800351763e+04  -9.984514879017799e+04  -1.851950904531805e-01  8.702583527970507e-03  -1.007728293520881e-01  -1.708957907055517e+05  -6.648075572395637e+05  7.917018189144293e+04  -1.992556851602425e+05  -2.982559967287136e+04  -5.134768734538839e+04  1.713473610742648e-02  1.644153422103656e-01  3.549013415050822e-01
  1.174999999999997e+00  -8.865136315977680e+05  -8.464448879966893e+05  1.025410176922937e+05  -4.168657212340049e+05  -4.366753940427997e+04  5.081443035523126e+04  2.064683773900691e-01  1.656588909218882e-01  4.579705374915382e-01  -1.385469415747627e+06  -2.032844175328345e+06  6.368650874061903e+04  -7.860651517007231e+05  -3.449496012049181e+04  1.986663474084454e+05  2.443233081075198e-01  3.848798168066021e-01  3.970064588489625e-01  -2.497583462394048e+06  -2.301146208514007e+06  8.714753222885652e+04  -1.569148983513832e+06  1.157139486395536e+05  1.047135399609075e+05  4.336414690765711e-01  5.082918219456392e-01  4.103866075428356e-01  -6.929832017102333e+05  -1.568112888076071e+05  3.532332849030729e+04  -2.064220063661372e+05  -2.117667552511762e+04  9.753808987698962e+04  1.850440699537984e-01  -5.712195366496463e-03  9.890122679031814e-02  1.935304298875344e+05  6.896335991890801e+05  -6.721768920198618e+04  2.104437148678687e+05  2.249086387916254e+04  4.672365952175832e+04  -2.142430743627130e-02  -1.713710862883846e-01  -3.590693107012204e-01  8.865136315977670e+05  8.464448879966884e+05  -1.025410176922938e+05  4.168657212340046e+05  4.366753940428025e+04  -5.081443035523124e+04  -2.064683773900689e-01  -1.656588909218880e-01  -4.579705374915382e-01  6.929832017102335e+05  1.568112888076077e+05  -3.532332849030708e+04  2.064220063661368e+05  2.117667552511758e+04  -9.753808987698963e+04  -1.850440699537982e-01  5.712195366496404e-03  -9.890122679031821e-02  -1.935304298875348e+05  -6.896335991890809e+05  6.721768920198640e+04  -2.104437148678681e+05  -2.249086387916263e+04  -4.672365952175838e+04  2.142430743627116e-02  1.713710862883845e-01  3.590693107012204e-01
  1.179999999999997e+00  -9.070618394003578e+05  -8.732281965350827e+05  1.377739076147566e+05  -4.380422152333009e+05  -4.744804447204294e+04  6.176594874448162e+04  2.134853983819543e-01  1.753930198099364e-01  4.652325214258859e-01  -1.361997442904438e+06  -2.084045858032863e+06  8.091430536983453e+04  -7.913402442504414e+05  -3.308913661325235e+04  2.199630129282402e+05  2.398823158107726e-01  3.994412798074528e-01  3.938590524696620e-01  -2.493968191650036e+06  -2.308832713873319e+06  1.073984722514103e+05  -1.599087757565142e+06  1.335143882101401e+05  1.164086327569140e+05  4.398706942174881e-01  5.185433546978655e-01  3.980723163360204e-01  -7.072826496435610e+05  -1.646075377399485e+05  4.308122533847420e+04  -2.166526534806999e+05  -2.693989017922989e+04  1.147588232594958e+05  1.891743708303368e-01  -3.351051960456980e-03  9.927014065964353e-02  1.997791897567965e+05  7.086206587951320e+05  -9.469268227628221e+04  2.213895617526019e+05  2.050815429281320e+04  5.299287451501406e+04  -2.431102755161810e-02  -1.787440717703934e-01  -3.659623807662429e-01  9.070618394003566e+05  8.732281965350818e+05  -1.377739076147567e+05  4.380422152333005e+05  4.744804447204332e+04  -6.176594874448159e+04  -2.134853983819542e-01  -1.753930198099363e-01  -4.652325214258860e-01  7.072826496435611e+05  1.646075377399490e+05  -4.308122533847400e+04  2.166526534806995e+05  2.693989017922985e+04  -1.147588232594958e+05  -1.891743708303366e-01  3.351051960456918e-03  -9.927014065964361e-02  -1.997791897567969e+05  -7.086206587951325e+05  9.469268227628261e+04  -2.213895617526013e+05  -2.050815429281337e+04  -5.299287451501415e+04  2.431102755161795e-02  1.787440717703933e-01  3.659623807662429e-01
  1.184999999999997e+00  -9.472845458423697e+05  -9.180271086437569e+05  1.205948615564111e+05  -4.570743040503029e+05  -3.741257688300252e+04  6.409105273545141e+04  2.169605091748778e-01  1.853433672591500e-01  4.657322742110196e-01  -1.337673117662457e+06  -2.150496118132726e+06  6.605963540032554e+04  -7.832262747621260e+05  -2.673106738329650e+04  2.025373807464067e+05  2.223371346508958e-01  4.135003008775766e-01  3.853167153193651e-01  -2.501200262426151e+06  -2.320305691512492e+06  8.550015438538883e+04  -1.620974623789752e+06  1.288330047494550e+05  1.085640967227340e+05  4.383957195514799e-01  5.205574635706198e-01  3.800023332720432e-01  -7.238658714909877e+05  -1.866980942113931e+05  3.615661680106366e+04  -2.232324388438659e+05  -2.526311217643325e+04  1.126645976669101e+05  1.877185824938063e-01  1.044248393334046e-04  9.708584282325003e-02  2.234186743513818e+05  7.313290144323620e+05  -8.443824475534704e+04  2.338418652064380e+05  1.214946470656939e+04  4.857354493145870e+04  -2.924192668107221e-02  -1.852389424198166e-01  -3.686464313877700e-01  9.472845458423686e+05  9.180271086437564e+05  -1.205948615564110e+05  4.570743040503027e+05  3.741257688300276e+04  -6.409105273545122e+04  -2.169605091748777e-01  -1.853433672591499e-01  -4.657322742110196e-01  7.238658714909877e+05  1.866980942113934e+05  -3.615661680106344e+04  2.232324388438656e+05  2.526311217643325e+04  -1.126645976669101e+05  -1.877185824938060e-01  -1.044248393334555e-04  -9.708584282325006e-02  -2.234186743513824e+05  -7.313290144323624e+05  8.443824475534748e+04  -2.338418652064374e+05  -1.214946470656941e+04  -4.857354493145876e+04  2.924192668107206e-02  1.852389424198166e-01  3.686464313877700e-01
  1.189999999999997e+00  -9.857751752404548e+05  -9.621491626347677e+05  1.029595192171167e+05  -4.756340868279753e+05  -2.890392499745575e+04  6.461475334080972e+04  2.202091356804967e-01  1.951647175661885e-01  4.654596072190236e-01  -1.311261261445777e+06  -2.216608630906760e+06  5.377436709446389e+04  -7.740350162750477e+05  -2.218522515981691e+04  1.860634865614721e+05  2.044961462698219e-01  4.275574835382501e-01  3.764626074340400e-01  -2.503388088174493e+06  -2.328398801535720e+06  6.886382757593294e+04  -1.643020236799889e+06  1.229994389486734e+05  9.965299064086769e+04  4.371404210608789e-01  5.223416304622596e-01  3.617391585491698e-01  -7.362115560910506e+05  -2.074553602780231e+05  3.200107562656859e+04  -2.293004599387454e+05  -2.342179369484017e+04  1.086617723995447e+05  1.858566206203505e-01  3.728749223705668e-03  9.464201981702963e-02  2.495636191494042e+05  7.546938023567424e+05  -7.095844359054771e+04  2.463336268892311e+05  5.482131302615838e+03  4.404701905873511e+04  -3.435251506014684e-02  -1.914359683424828e-01  -3.708175874019945e-01  9.857751752404543e+05  9.621491626347671e+05  -1.029595192171159e+05  4.756340868279749e+05  2.890392499745604e+04  -6.461475334080942e+04  -2.202091356804965e-01  -1.951647175661884e-01  -4.654596072190236e-01  7.362115560910509e+05  2.074553602780233e+05  -3.200107562656857e+04  2.293004599387449e+05  2.342179369484017e+04  -1.086617723995447e+05  -1.858566206203502e-01  -3.728749223705724e-03  -9.464201981702969e-02  -2.495636191494045e+05  -7.546938023567427e+05  7.095844359054818e+04  -2.463336268892305e+05  -5.482131302615838e+03  -4.404701905873518e+04  3.435251506014669e-02  1.914359683424828e-01  3.708175874019945e-01
  1.194999999999997e+00  -1.006055044261685e+06  -9.911512117652373e+05  1.374307489920150e+05  -4.974521816204238e+05  -3.042262438718756e+04  7.685290353678585e+04  2.271900695193442e-01  2.056891980644510e-01  4.704765371624119e-01  -1.282440507079046e+06  -2.272419095939140e+06  6.714901868455757e+04  -7.771359949907829e+05  -1.852027198793529e+04  2.038724191120953e+05  1.982276796658511e-01  4.425957455430000e-01  3.715171770213588e-01  -2.493600707629831e+06  -2.332159364793156e+06  8.468881630365456e+04  -1.671202584690710e+06  1.418277406083801e+05  1.101867391314813e+05  4.423735297792230e-01  5.314477689188407e-01  3.473387809461673e-01  -7.471421200481997e+05  -2.174075829499622e+05  3.827925009256597e+04  -2.391592398336142e+05  -2.930186945449595e+04  1.263879663586411e+05  1.891324731480574e-01  6.636705924929141e-03  9.446387250178612e-02  2.589129242134851e+05  7.737436288152731e+05  -9.915149889944856e+04  2.582929417868107e+05  1.120754932691961e+03  4.953506282185527e+04  -3.805759637128757e-02  -1.990524921395219e-01  -3.760126646606263e-01  1.006055044261684e+06  9.911512117652370e+05  -1.374307489920140e+05  4.974521816204234e+05  3.042262438718811e+04  -7.685290353678560e+04  -2.271900695193441e-01  -2.056891980644509e-01  -4.704765371624119e-01  7.471421200481999e+05  2.174075829499624e+05  -3.827925009256598e+04  2.391592398336137e+05  2.930186945449595e+04  -1.263879663586411e+05  -1.891324731480571e-01  -6.636705924929194e-03  -9.446387250178616e-02  -2.589129242134854e+05  -7.737436288152731e+05  9.915149889944913e+04  -2.582929417868101e+05  -1.120754932692019e+03  -4.953506282185534e+04  3.805759637128741e-02  1.990524921395218e-01  3.760126646606263e-01
  1.199999999999996e+00  -1.045586435277240e+06  -1.036554451291279e+06  1.185951854593834e+05  -5.162666720468371e+05  -2.122673246270322e+04  7.736975976677236e+04  2.297466809828489e-01  2.154323911871931e-01  4.684355498650847e-01  -1.250456288260134e+06  -2.340346576300150e+06  5.435429367651688e+04  -7.669375897521498e+05  -1.349690372113805e+04  1.857603204972565e+05  1.796010747450707e-01  4.564992507518402e-01  3.617640365816766e-01  -2.494275647586259e+06  -2.339579222657780e+06  6.470267610936039e+04  -1.692510202030396e+06  1.347995783826220e+05  1.015470754138808e+05  4.404621743074649e-01  5.324986134816924e-01  3.285104103717603e-01  -7.590216520786039e+05  -2.415895608508885e+05  3.158546807233196e+04  -2.442202060482255e+05  -2.756849270094285e+04  1.224572153328942e+05  1.859438699788015e-01  1.074201055655195e-02  9.177592714145485e-02  2.865647831986361e+05  7.949648904403885e+05  -8.700971738705160e+04  2.720464659986129e+05  -6.341760238239395e+03  4.508745556612192e+04  -4.380281100404809e-02  -2.046903806306412e-01  -3.766596227236306e-01  1.045586435277239e+06  1.036554451291278e+06  -1.185951854593834e+05  5.162666720468367e+05  2.122673246270332e+04  -7.736975976677217e+04  -2.297466809828488e-01  -2.154323911871930e-01  -4.684355498650850e-01  7.590216520786041e+05  2.415895608508885e+05  -3.158546807233213e+04  2.442202060482249e+05  2.756849270094281e+04  -1.224572153328942e+05  -1.859438699788012e-01  -1.074201055655199e-02  -9.177592714145484e-02  -2.865647831986360e+05  -7.949648904403881e+05  8.700971738705233e+04  -2.720464659986122e+05  6.341760238239466e+03  -4.508745556612195e+04  4.380281100404794e-02  2.046903806306411e-01  3.766596227236307e-01
  1.204999999999996e+00  -1.082885984229368e+06  -1.080852548963490e+06  1.003521984470603e+05  -5.346486956240181e+05  -1.366102457108022e+04  7.613002870102249e+04  2.321256178081715e-01  2.250142811871657e-01  4.656586188723221e-01  -1.216865783070952e+06  -2.408093714518144e+06  4.399139800084147e+04  -7.558395576957689e+05  -1.024544761596165e+04  1.691611877150322e+05  1.608031769505133e-01  4.703699121576210e-01  3.517831967354135e-01  -2.489922091712071e+06  -2.343576764743327e+06  5.045515528382666e+04  -1.714120545622182e+06  1.269644765288109e+05  9.209028654253484e+04  4.388321159375738e-01  5.333635564743141e-01  3.095806377529269e-01  -7.667041545325641e+05  -2.644633878178960e+05  2.788736491501826e+04  -2.487246593568052e+05  -2.574076963485650e+04  1.169040525832484e+05  1.823528657498198e-01  1.503646999161993e-02  8.886443924208133e-02  3.161818296968041e+05  8.163891611455925e+05  -7.246483353204232e+04  2.859240362672142e+05  -1.207974506377604e+04  4.077402388222562e+04  -4.977275205835235e-02  -2.099778111955459e-01  -3.767941796302413e-01  1.082885984229367e+06  1.080852548963490e+06  -1.003521984470607e+05  5.346486956240179e+05  1.366102457108026e+04  -7.613002870102249e+04  -2.321256178081715e-01  -2.250142811871657e-01  -4.656586188723222e-01  7.667041545325640e+05  2.644633878178959e+05  -2.788736491501852e+04  2.487246593568047e+05  2.574076963485649e+04  -1.169040525832483e+05  -1.823528657498197e-01  -1.503646999161996e-02  -8.886443924208132e-02  -3.161818296968042e+05  -8.163891611455918e+05  7.246483353204330e+04  -2.859240362672135e+05  1.207974506377598e+04  -4.077402388222572e+04  4.977275205835222e-02  2.099778111955459e-01  3.767941796302414e-01
  1.209999999999996e+00  -1.102761149712832e+06  -1.112112317521538e+06  1.331901632314213e+05  -5.569508841243117e+05  -1.287762405723036e+04  8.927085224104032e+04  2.389578357795853e-01  2.362020053626267e-01  4.683166379101144e-01  -1.182869035601498e+06  -2.468407584726839e+06  5.349055470429226e+04  -7.569526269136512e+05  -4.476706846538927e+03  1.829985430945005e+05  1.528036506840006e-01  4.857136981405120e-01  3.451998052332915e-01  -2.474217651589762e+06  -2.343521182877124e+06  6.180630955224801e+04  -1.740579520015285e+06  1.463484439876385e+05  1.011944253793343e+05  4.430428427033268e-01  5.412178570150222e-01  2.934199663504356e-01  -7.737702791120106e+05  -2.768652955849420e+05  3.252363250703964e+04  -2.580382311728649e+05  -3.165518268355625e+04  1.346242769662141e+05  1.846260071215400e-01  1.850782082787248e-02  8.816994869732869e-02  3.289908706008223e+05  8.352470219365944e+05  -1.006665307243818e+05  2.989126529514482e+05  -1.877755862632555e+04  4.535342472517342e+04  -5.433182865804598e-02  -2.176941845347542e-01  -3.801466892127862e-01  1.102761149712832e+06  1.112112317521538e+06  -1.331901632314216e+05  5.569508841243114e+05  1.287762405723043e+04  -8.927085224104024e+04  -2.389578357795853e-01  -2.362020053626267e-01  -4.683166379101145e-01  7.737702791120104e+05  2.768652955849419e+05  -3.252363250703987e+04  2.580382311728643e+05  3.165518268355624e+04  -1.346242769662140e+05  -1.846260071215398e-01  -1.850782082787251e-02  -8.816994869732869e-02  -3.289908706008223e+05  -8.352470219365938e+05  1.006665307243829e+05  -2.989126529514475e+05  1.877755862632549e+04  -4.535342472517351e+04  5.433182865804585e-02  2.176941845347543e-01  3.801466892127863e-01
  1.214999999999996e+00  -1.141024177479695e+06  -1.157774130929588e+06  1.134034040663315e+05  -5.755201350862449e+05  -4.850730945258980e+03  8.802023546545934e+04  2.406361286469264e-01  2.456309687056103e-01  4.638449911328916e-01  -1.143446484548734e+06  -2.537527131055843e+06  4.299063693003308e+04  -7.451122297616587e+05  -8.473849991517473e+02  1.648013064236048e+05  1.334972657438931e-01  4.993267484332901e-01  3.344606937127278e-01  -2.468547825091042e+06  -2.347143393468497e+06  4.406758130428164e+04  -1.761545315212434e+06  1.372101715428871e+05  9.208160806800563e+04  4.408554126576785e-01  5.414091873904734e-01  2.742197613498880e-01  -7.804073769472420e+05  -3.032209676287014e+05  2.635788415503118e+04  -2.614898615253355e+05  -2.989998188370596e+04  1.290009869192441e+05  1.797181918295172e-01  2.329180616105026e-02  8.508539687417671e-02  3.606168005324534e+05  8.545531633008845e+05  -8.704551991130041e+04  3.140302735609109e+05  -2.504925093844676e+04  4.098075145378432e+04  -6.091793681740987e-02  -2.223391625445600e-01  -3.787595942587155e-01  1.141024177479694e+06  1.157774130929587e+06  -1.134034040663309e+05  5.755201350862446e+05  4.850730945259226e+03  -8.802023546545948e+04  -2.406361286469264e-01  -2.456309687056102e-01  -4.638449911328916e-01  7.804073769472422e+05  3.032209676287012e+05  -2.635788415503114e+04  2.614898615253348e+05  2.989998188370594e+04  -1.290009869192437e+05  -1.797181918295170e-01  -2.329180616105027e-02  -8.508539687417668e-02  -3.606168005324535e+05  -8.545531633008844e+05  8.704551991130083e+04  -3.140302735609101e+05  2.504925093844672e+04  -4.098075145378438e+04  6.091793681740970e-02  2.223391625445600e-01  3.787595942587155e-01
  1.219999999999996e+00  -1.176626932653691e+06  -1.201959138543167e+06  9.519820068018128e+04  -5.937172234409222e+05  1.510317092349754e+03  8.511504178932241e+04  2.421902133840833e-01  2.548733480805507e-01  4.586843095872427e-01  -1.102921891442907e+06  -2.606622166699991e+06  3.469884077059121e+04  -7.325665049761173e+05  1.093449269947090e+03  1.486252955486909e+05  1.141420207440614e-01  5.128758038026616e-01  3.235740264573033e-01  -2.457941457725722e+06  -2.347348344166953e+06  3.242399726606283e+04  -1.782945314696372e+06  1.276350400179249e+05  8.240383473304866e+04  4.390001487711236e-01  5.414605235105582e-01  2.550020472228081e-01  -7.830040688556448e+05  -3.283615283882737e+05  2.328243468201374e+04  -2.643517743240193e+05  -2.812153148942208e+04  1.221023719745372e+05  1.744186885225427e-01  2.828384031705874e-02  8.181638514341935e-02  3.936228637980468e+05  8.735976101548923e+05  -7.191576599816668e+04  3.293654491169042e+05  -2.963184858177177e+04  3.698733018521444e+04  -6.777152486154120e-02  -2.265895077634920e-01  -3.768679244438239e-01  1.176626932653691e+06  1.201959138543167e+06  -9.519820068018044e+04  5.937172234409217e+05  -1.510317092349656e+03  -8.511504178932239e+04  -2.421902133840834e-01  -2.548733480805508e-01  -4.586843095872429e-01  7.830040688556447e+05  3.283615283882736e+05  -2.328243468201367e+04  2.643517743240187e+05  2.812153148942209e+04  -1.221023719745369e+05  -1.744186885225426e-01  -2.828384031705872e-02  -8.181638514341931e-02  -3.936228637980468e+05  -8.735976101548921e+05  7.191576599816739e+04  -3.293654491169034e+05  2.963184858177163e+04  -3.698733018521437e+04  6.777152486154105e-02  2.265895077634920e-01  3.768679244438240e-01
  1.224999999999996e+00  -1.195924161115723e+06  -1.235442867561335e+06  1.256578152248682e+05  -6.163672128332306e+05  4.558692487922264e+03  9.875721862862368e+04  2.487663137724494e-01  2.665806246729477e-01  4.589356334031348e-01  -1.063970682841943e+06  -2.671213468875639e+06  4.041349130275646e+04  -7.319278052269301e+05  8.765865708682675e+03  1.581284497520491e+05  1.045476166871443e-01  5.283468156079120e-01  3.155399881895556e-01  -2.436703272977857e+06  -2.343673473908805e+06  3.935868135245325e+04  -1.807777272389706e+06  1.470964619451873e+05  8.986870261533951e+04  4.421884425178780e-01  5.479878896467840e-01  2.374365645616006e-01  -7.857503504905895e+05  -3.434812721194871e+05  2.620008663796344e+04  -2.729643207707767e+05  -3.398951748811679e+04  1.393036917045183e+05  1.755599613607886e-01  3.232840916367215e-02  8.065228309046110e-02  4.101738106251350e+05  8.919615954418470e+05  -9.945772858690389e+04  3.434028920624553e+05  -3.854820997603906e+04  4.054647307589414e+04  -7.320635241166142e-02  -2.342522155092756e-01  -3.782833503126742e-01  1.195924161115724e+06  1.235442867561335e+06  -1.256578152248675e+05  6.163672128332303e+05  -4.558692487922223e+03  -9.875721862862370e+04  -2.487663137724495e-01  -2.665806246729477e-01  -4.589356334031349e-01  7.857503504905894e+05  3.434812721194869e+05  -2.620008663796330e+04  2.729643207707761e+05  3.398951748811681e+04  -1.393036917045180e+05  -1.755599613607885e-01  -3.232840916367213e-02  -8.065228309046106e-02  -4.101738106251350e+05  -8.919615954418468e+05  9.945772858690465e+04  -3.434028920624544e+05  3.854820997603895e+04  -4.054647307589422e+04  7.320635241166126e-02  2.342522155092756e-01  3.782833503126742e-01
  1.229999999999996e+00  -1.232378246214458e+06  -1.281059539688425e+06  1.055917484577583e+05  -6.346944353595156e+05  1.114584673184072e+04  9.584676914268812e+04  2.496296624275769e-01  2.756043883796894e-01  4.521943225691547e-01  -1.017459321916601e+06  -2.741202929142140e+06  3.232642701520016e+04  -7.189250152562901e+05  1.098835960785576e+04  1.404210373057720e+05  8.496673610142941e-02  5.415379625501463e-01  3.040404502725840e-01  -2.425012421296064e+06  -2.343818413680132e+06  2.412154878863420e+04  -1.828648591115454e+06  1.361478931444577e+05  8.060034016115380e+04  4.398814928371493e-01  5.474398791475115e-01  2.182387985007301e-01  -7.866979869407910e+05  -3.720931967026677e+05  2.080452452771157e+04  -2.747570540153806e+05  -3.223193731786535e+04  1.321928872765744e+05  1.689843389317955e-01  3.780996852481606e-02  7.728007168970186e-02  4.456802592736683e+05  9.089663429857563e+05  -8.478722393004605e+04  3.599373813441364e+05  -4.337778404970589e+04  3.634611813388589e+04  -8.064532349578202e-02  -2.377944198548735e-01  -3.749142508794535e-01  1.232378246214458e+06  1.281059539688425e+06  -1.055917484577577e+05  6.346944353595154e+05  -1.114584673184045e+04  -9.584676914268809e+04  -2.496296624275770e-01  -2.756043883796894e-01  -4.521943225691549e-01  7.866979869407910e+05  3.720931967026674e+05  -2.080452452771151e+04  2.747570540153799e+05  3.223193731786533e+04  -1.321928872765741e+05  -1.689843389317953e-01  -3.780996852481604e-02  -7.728007168970180e-02  -4.456802592736681e+05  -9.089663429857562e+05  8.478722393004662e+04  -3.599373813441356e+05  4.337778404970579e+04  -3.634611813388569e+04  8.064532349578184e-02  2.377944198548734e-01  3.749142508794535e-01
  1.234999999999996e+00  -1.251328838113365e+06  -1.315805781432133e+06  1.348373110272035e+05  -6.576684110043397e+05  1.569833314284990e+04  1.099136590199473e+05  2.560591592582545e-01  2.875711177348900e-01  4.510851375086003e-01  -9.754932572997594e+05  -2.807964138790839e+06  3.617414319141571e+04  -7.175639726054739e+05  2.014051215919611e+04  1.474901038245937e+05  7.456506407384567e-02  5.570106041339127e-01  2.951935596811895e-01  -2.400991767513941e+06  -2.338389195348055e+06  2.812978577966320e+04  -1.852730870654627e+06  1.558735824302539e+05  8.748929372679525e+04  4.424719406701767e-01  5.532363597372484e-01  1.999184418282144e-01  -7.867203899184135e+05  -3.885695259644865e+05  2.317273658394800e+04  -2.830568382286677e+05  -3.801559016331903e+04  1.491656237791585e+05  1.694819418388670e-01  4.217409816736766e-02  7.584141285416306e-02  4.646084481949527e+05  9.272362554676450e+05  -1.116645744432550e+05  3.746115727756735e+05  -5.371392330616880e+04  3.925196475921078e+04  -8.657721741938815e-02  -2.453970195675224e-01  -3.752437246544379e-01  1.251328838113365e+06  1.315805781432133e+06  -1.348373110272030e+05  6.576684110043396e+05  -1.569833314284970e+04  -1.099136590199473e+05  -2.560591592582546e-01  -2.875711177348900e-01  -4.510851375086004e-01  7.867203899184136e+05  3.885695259644862e+05  -2.317273658394791e+04  2.830568382286670e+05  3.801559016331904e+04  -1.491656237791583e+05  -1.694819418388669e-01  -4.217409816736764e-02  -7.584141285416299e-02  -4.646084481949526e+05  -9.272362554676450e+05  1.116645744432555e+05  -3.746115727756726e+05  5.371392330616874e+04  -3.925196475921064e+04  8.657721741938797e-02  2.453970195675224e-01  3.752437246544378e-01
  1.239999999999996e+00  -1.284333257313806e+06  -1.360490427182958e+06  1.154851364439529e+05  -6.756125084493157e+05  2.130257408246194e+04  1.051730096830886e+05  2.566450705730106e-01  2.964939747392733e-01  4.426797913766516e-01  -9.267283967947783e+05  -2.879845586340827e+06  2.826786397082467e+04  -7.033101637565754e+05  2.098113362547799e+04  1.301093573325696e+05  5.443773615649052e-02  5.700516227266043e-01  2.831920082749683e-01  -2.382279518341421e+06  -2.333583483235555e+06  1.788328741923565e+04  -1.873427153511387e+06  1.442135083257165e+05  7.669247086178300e+04  4.401364521218009e-01  5.519560444437313e-01  1.805026710500706e-01  -7.818952912247117e+05  -4.177198505790026e+05  1.966299679899632e+04  -2.837135968515298e+05  -3.626640436851845e+04  1.403866941618921e+05  1.619367982867945e-01  4.813685532636169e-02  7.218993809284503e-02  5.024379660890961e+05  9.427705766039540e+05  -9.582213964495568e+04  3.918989115977874e+05  -5.756897845098021e+04  3.521368447880303e+04  -9.470827228621670e-02  -2.483571194129117e-01  -3.704898532838073e-01  1.284333257313806e+06  1.360490427182958e+06  -1.154851364439520e+05  6.756125084493157e+05  -2.130257408246162e+04  -1.051730096830887e+05  -2.566450705730107e-01  -2.964939747392734e-01  -4.426797913766518e-01  7.818952912247117e+05  4.177198505790023e+05  -1.966299679899624e+04  2.837135968515293e+05  3.626640436851839e+04  -1.403866941618918e+05  -1.619367982867944e-01  -4.813685532636165e-02  -7.218993809284495e-02  -5.024379660890957e+05  -9.427705766039537e+05  9.582213964495629e+04  -3.918989115977866e+05  5.756897845098019e+04  -3.521368447880285e+04  9.470827228621653e-02  2.483571194129117e-01  3.704898532838073e-01
  1.244999999999995e+00  -1.318485488519652e+06  -1.405804378485574e+06  9.575131754257201e+04  -6.937295118712872e+05  2.624524199121654e+04  1.007677871437396e+05  2.567757167625366e-01  3.050388699979040e-01  4.338728342535241e-01  -8.735944738677627e+05  -2.950344872839790e+06  2.260994862117198e+04  -6.896498600439185e+05  2.182626436685792e+04  1.134223709891954e+05  3.498225489039601e-02  5.826955477153909e-01  2.711548820081094e-01  -2.364993055165939e+06  -2.330626526430781e+06  5.321177018536443e+03  -1.894452619923583e+06  1.318043259203822e+05  6.757046933019745e+04  4.378581427181347e-01  5.508006612666954e-01  1.616608768489589e-01  -7.768066713279703e+05  -4.486634615577763e+05  1.521797844706218e+04  -2.838387292421437e+05  -3.451236981856709e+04  1.320432255985646e+05  1.537800498635336e-01  5.432309001320888e-02  6.863667792013030e-02  5.416788171916838e+05  9.571409169277962e+05  -8.053333909550958e+04  4.098907826291453e+05  -6.075761180978341e+04  3.127543845482470e+04  -1.029956668990035e-01  -2.507157799846951e-01  -3.652361563333947e-01  1.318485488519653e+06  1.405804378485574e+06  -9.575131754257207e+04  6.937295118712871e+05  -2.624524199121632e+04  -1.007677871437394e+05  -2.567757167625367e-01  -3.050388699979039e-01  -4.338728342535245e-01  7.768066713279701e+05  4.486634615577761e+05  -1.521797844706207e+04  2.838387292421430e+05  3.451236981856707e+04  -1.320432255985642e+05  -1.537800498635335e-01  -5.432309001320884e-02  -6.863667792013020e-02  -5.416788171916836e+05  -9.571409169277963e+05  8.053333909550979e+04  -4.098907826291444e+05  6.075761180978327e+04  -3.127543845482457e+04  1.029956668990033e-01  2.507157799846951e-01  3.652361563333947e-01
  1.249999999999995e+00  -1.336565692960534e+06  -1.442636335229877e+06  1.216167359852992e+05  -7.168895067428747e+05  3.292352090369440e+04  1.147340408083570e+05  2.627954001470610e-01  3.172802028258936e-01  4.303906282924724e-01  -8.271506461713385e+05  -3.020893671537343e+06  2.285522241320664e+04  -6.869590653636239e+05  3.250225306145953e+04  1.157744355522228e+05  2.325500499773900e-02  5.980160051853203e-01  2.611851467244361e-01  -2.336185135104144e+06  -2.321972465752482e+06  5.163946328794306e+03  -1.917130263557132e+06  1.508656936142154e+05  7.259067825413715e+04  4.394624072419422e-01  5.552056529146802e-01  1.425169951052450e-01  -7.718847770910427e+05  -4.682108519523278e+05  1.588523283114816e+04  -2.912373850484082e+05  -4.010739554255968e+04  1.477168040232649e+05  1.529870835060030e-01  5.926147579469772e-02  6.682200772242783e-02  5.646809158694927e+05  9.744254832775475e+05  -1.057315031541511e+05  4.256521216944685e+05  -7.303091644625386e+04  3.298276321490760e+04  -1.098083166410586e-01  -2.580187270311959e-01  -3.635686205700455e-01  1.336565692960534e+06  1.442636335229876e+06  -1.216167359852994e+05  7.168895067428749e+05  -3.292352090369413e+04  -1.147340408083567e+05  -2.627954001470611e-01  -3.172802028258936e-01  -4.303906282924726e-01  7.718847770910426e+05  4.682108519523276e+05  -1.588523283114800e+04  2.912373850484075e+05  4.010739554255969e+04  -1.477168040232644e+05  -1.529870835060029e-01  -5.926147579469768e-02  -6.682200772242773e-02  -5.646809158694923e+05  -9.744254832775475e+05  1.057315031541511e+05  -4.256521216944676e+05  7.303091644625376e+04  -3.298276321490759e+04  1.098083166410584e-01  2.580187270311959e-01  3.635686205700454e-01
  1.254999999999995e+00  -1.366846685261595e+06  -1.486626021286997e+06  1.033286927067685e+05  -7.346773006211628e+05  3.683387814880249e+04  1.084965120736979e+05  2.626695495331416e-01  3.256372529079399e-01  4.200393641248171e-01  -7.724013107145873e+05  -3.093129422613951e+06  1.729082004322464e+04  -6.724270530698656e+05  3.199078168738313e+04  9.981690264155256e+04  3.470940039546816e-03  6.103988631662995e-01  2.488177893759677e-01  -2.312473873248968e+06  -2.314405254480482e+06  -2.162404388732069e+03  -1.938208459434740e+06  1.379505125603269e+05  6.217438868934818e+04  4.372187349881414e-01  5.533756160698583e-01  1.236988487246060e-01  -7.612739814043944e+05  -4.999869165778787e+05  1.321917786380280e+04  -2.901648429821741e+05  -3.842198594960920e+04  1.379499719802585e+05  1.438544386595036e-01  6.594002326733750e-02  6.306498933662644e-02  6.055727038572020e+05  9.866391047091167e+05  -9.010951484296488e+04  4.445124576389905e+05  -7.525586409841140e+04  2.945345990656035e+04  -1.188151108736384e-01  -2.596972296406025e-01  -3.569743747881914e-01  1.366846685261595e+06  1.486626021286997e+06  -1.033286927067684e+05  7.346773006211629e+05  -3.683387814880230e+04  -1.084965120736978e+05  -2.626695495331416e-01  -3.256372529079400e-01  -4.200393641248172e-01  7.612739814043943e+05  4.999869165778782e+05  -1.321917786380282e+04  2.901648429821735e+05  3.842198594960921e+04  -1.379499719802582e+05  -1.438544386595035e-01  -6.594002326733747e-02  -6.306498933662633e-02  -6.055727038572015e+05  -9.866391047091176e+05  9.010951484296483e+04  -4.445124576389896e+05  7.525586409841130e+04  -2.945345990656031e+04  1.188151108736382e-01  2.596972296406025e-01  3.569743747881913e-01
  1.259999999999995e+00  -1.398259559568939e+06  -1.531426060254410e+06  8.445974511330140e+04  -7.526415212016946e+05  3.999716061512189e+04  1.028079881478461e+05  2.621640817738121e-01  3.336474908406202e-01  4.094057233470422e-01  -7.132143539749552e+05  -3.163740968536278e+06  1.399512715792603e+04  -6.586274652006142e+05  3.152579608329426e+04  8.462181881779814e+04  -1.547285184361974e-02  6.223788359141051e-01  2.364600289909277e-01  -2.290106863661509e+06  -2.308765564302101e+06  -1.195320562466586e+04  -1.959629755473054e+06  1.244658606185310e+05  5.347515890482983e+04  4.351047685036865e-01  5.517518477992345e-01  1.055385583302071e-01  -7.499081150411544e+05  -5.333221275188979e+05  9.841662164572330e+03  -2.886534586087652e+05  -3.666663180692902e+04  1.286660417940710e+05  1.342353603873596e-01  7.282470091146434e-02  5.943145035525594e-02  6.483514445277859e+05  9.981039327355106e+05  -7.461808294872961e+04  4.639880625929309e+05  -7.666379242205081e+04  2.585805364622431e+04  -1.279287213864528e-01  -2.608227899291560e-01  -3.499742729917870e-01  1.398259559568939e+06  1.531426060254410e+06  -8.445974511330189e+04  7.526415212016945e+05  -3.999716061512145e+04  -1.028079881478460e+05  -2.621640817738121e-01  -3.336474908406204e-01  -4.094057233470424e-01  7.499081150411544e+05  5.333221275188973e+05  -9.841662164572528e+03  2.886534586087646e+05  3.666663180692909e+04  -1.286660417940708e+05  -1.342353603873596e-01  -7.282470091146433e-02  -5.943145035525581e-02  -6.483514445277854e+05  -9.981039327355113e+05  7.461808294872913e+04  -4.639880625929300e+05  7.666379242205068e+04  -2.585805364622445e+04  1.279287213864527e-01  2.608227899291560e-01  3.499742729917870e-01
  1.264999999999995e+00  -1.415215083385306e+06  -1.570122672942554e+06  1.065667455139565e+05  -7.759122269851249e+05  4.858583721265561e+04  1.162833945440960e+05  2.676905112174778e-01  3.459957134223071e-01  4.036591217106335e-01  -6.626560377158794e+05  -3.237586737483770e+06  1.093361199362197e+04  -6.549325041275210e+05  4.343161117529275e+04  8.221676170221085e+04  -2.830571450694271e-02  6.373692157773793e-01  2.255953119361971e-01  -2.257171840523108e+06  -2.297282476388910e+06  -1.598468434893005e+04  -1.981128374050585e+06  1.424258709336834e+05  5.657226348498136e+04  4.357843796920831e-01  5.547737786815315e-01  8.595809905053482e-02  -7.397473666749499e+05  -5.561243517670565e+05  8.911216000596245e+03  -2.950466259093601e+05  -4.199405005910897e+04  1.425877759233308e+05  1.320854614536464e-01  7.832910817488972e-02  5.731295946774396e-02  6.754677167103577e+05  1.013998321175495e+06  -9.765552951336109e+04  4.808656010757664e+05  -9.057988727176457e+04  2.630438137923425e+04  -1.356050497638319e-01  -2.676666052474175e-01  -3.463461622428903e-01  1.415215083385307e+06  1.570122672942553e+06  -1.065667455139571e+05  7.759122269851248e+05  -4.858583721265529e+04  -1.162833945440959e+05  -2.676905112174779e-01  -3.459957134223073e-01  -4.036591217106337e-01  7.397473666749499e+05  5.561243517670562e+05  -8.911216000596385e+03  2.950466259093594e+05  4.199405005910897e+04  -1.425877759233306e+05  -1.320854614536463e-01  -7.832910817488968e-02  -5.731295946774383e-02  -6.754677167103573e+05  -1.013998321175496e+06  9.765552951336044e+04  -4.808656010757654e+05  9.057988727176437e+04  -2.630438137923436e+04  1.356050497638317e-01  2.676666052474175e-01  3.463461622428902e-01
  1.269999999999995e+00  -1.442411450247310e+06  -1.613247444131628e+06  8.981943687004833e+04  -7.936256352018608e+05  5.071056312001820e+04  1.088129494892823e+05  2.669542626801003e-01  3.537374393163530e-01  3.916270291627388e-01  -6.024995837043215e+05  -3.309721475219138e+06  7.626220748764337e+03  -6.406520523238606e+05  4.166352616633046e+04  6.812616500370584e+04  -4.735805367273493e-02  6.489821838466624e-01  2.130739458756609e-01  -2.229080033467961e+06  -2.287449604565691e+06  -2.040533566405300e+04  -2.002823447938590e+06  1.286517962189408e+05  4.682962816853275e+04  4.337628604904032e-01  5.525449565759164e-01  6.804791456631551e-02  -7.232313278812317e+05  -5.906073202004716e+05  7.118391477140486e+03  -2.922982717603393e+05  -4.037167740625684e+04  1.321743680104598e+05  1.215022734562021e-01  8.571012071567832e-02  5.355186627020743e-02  7.191801223660797e+05  1.022640123931155e+06  -8.270104539290872e+04  5.013273634415230e+05  -9.108224052627530e+04  2.336141852117699e+04  -1.454519892238986e-01  -2.680273186006749e-01  -3.380751628925321e-01  1.442411450247311e+06  1.613247444131628e+06  -8.981943687004900e+04  7.936256352018607e+05  -5.071056312001769e+04  -1.088129494892821e+05  -2.669542626801005e-01  -3.537374393163532e-01  -3.916270291627391e-01  7.232313278812317e+05  5.906073202004711e+05  -7.118391477140678e+03  2.922982717603387e+05  4.037167740625701e+04  -1.321743680104594e+05  -1.215022734562021e-01  -8.571012071567832e-02  -5.355186627020726e-02  -7.191801223660791e+05  -1.022640123931155e+06  8.270104539290858e+04  -5.013273634415221e+05  9.108224052627508e+04  -2.336141852117727e+04  1.454519892238984e-01  2.680273186006750e-01  3.380751628925320e-01
  1.274999999999995e+00  -1.470707757558625e+06  -1.657365995119662e+06  7.225778167992449e+04  -8.115165796466623e+05  5.203019029287321e+04  1.020871524716147e+05  2.659190920929456e-01  3.611750766574916e-01  3.794324031897464e-01  -5.379184648444640e+05  -3.380013170472070e+06  6.560783796522400e+03  -6.272330634001865e+05  3.998886333642941e+04  5.482395718743266e+04  -6.542477588237593e-02  6.601921525769594e-01  2.006033634673476e-01  -2.202223434149331e+06  -2.279578166225641e+06  -2.739961618281080e+04  -2.024867696778231e+06  1.144974511858558e+05  3.879608411503828e+04  4.319330855771837e-01  5.505940553856874e-01  5.086066490160998e-02  -7.054559701164393e+05  -6.263698547791658e+05  4.864564822929017e+03  -2.892192701987150e+05  -3.860264968982832e+04  1.222664783658223e+05  1.105681254318787e-01  9.327249013462890e-02  4.993021747175088e-02  7.652517874421880e+05  1.030996140340494e+06  -6.739321685699592e+04  5.222973094479490e+05  -9.063283998270180e+04  2.017932589420693e+04  -1.553509666610672e-01  -2.679025865228628e-01  -3.295021857179964e-01  1.470707757558627e+06  1.657365995119662e+06  -7.225778167992423e+04  8.115165796466622e+05  -5.203019029287276e+04  -1.020871524716146e+05  -2.659190920929457e-01  -3.611750766574917e-01  -3.794324031897466e-01  7.054559701164394e+05  6.263698547791651e+05  -4.864564822928975e+03  2.892192701987144e+05  3.860264968982846e+04  -1.222664783658219e+05  -1.105681254318787e-01  -9.327249013462895e-02  -4.993021747175076e-02  -7.652517874421873e+05  -1.030996140340495e+06  6.739321685699551e+04  -5.222973094479483e+05  9.063283998270157e+04  -2.017932589420702e+04  1.553509666610671e-01  2.679025865228629e-01  3.295021857179963e-01
  1.279999999999995e+00  -1.486266188685564e+06  -1.697643361962465e+06  9.037592830854052e+04  -8.348488481613799e+05  6.226251337321733e+04  1.147116510933423e+05  2.708823385745809e-01  3.734612805667189e-01  3.715811859923591e-01  -4.836628162534630e+05  -3.456581016525150e+06  5.385231289619522e+02  -6.228797779018261e+05  5.281377455770726e+04  4.774569414921720e+04  -7.911891092341934e-02  6.746815259814725e-01  1.890747211553126e-01  -2.165908520812673e+06  -2.265732405683329e+06  -3.495714762916550e+04  -2.045447590208269e+06  1.309617661234763e+05  3.997893422055745e+04  4.317694261562076e-01  5.522733283320427e-01  3.122378910078394e-02  -6.898461282779205e+05  -6.525694454114838e+05  2.491572938259277e+03  -2.945255161581634e+05  -4.358279182776365e+04  1.340350189853023e+05  1.070241398192005e-01  9.932729856832384e-02  4.758289231695528e-02  7.964200604076457e+05  1.045073916550980e+06  -8.788435537028205e+04  5.403233320032186e+05  -1.058453052009812e+05  1.932336789195922e+04  -1.638581987553807e-01  -2.741339819983951e-01  -3.239982936754047e-01  1.486266188685566e+06  1.697643361962465e+06  -9.037592830854049e+04  8.348488481613800e+05  -6.226251337321683e+04  -1.147116510933423e+05  -2.708823385745811e-01  -3.734612805667190e-01  -3.715811859923593e-01  6.898461282779208e+05  6.525694454114832e+05  -2.491572938259162e+03  2.945255161581627e+05  4.358279182776382e+04  -1.340350189853019e+05  -1.070241398192006e-01  -9.932729856832388e-02  -4.758289231695512e-02  -7.964200604076450e+05  -1.045073916550980e+06  8.788435537028147e+04  -5.403233320032179e+05  1.058453052009809e+05  -1.932336789195929e+04  1.638581987553806e-01  2.741339819983953e-01  3.239982936754046e-01
  1.284999999999995e+00  -1.510079476947344e+06  -1.739779725810696e+06  7.554069657504377e+04  -8.525873162746700e+05  6.257888766282578e+04  1.063011504128093e+05  2.696455728113055e-01  3.805575953618202e-01  3.581547306890139e-01  -4.187563464048232e+05  -3.528129476191328e+06  -6.548538062248897e+02  -6.093730166228268e+05  4.991441477522945e+04  3.588603563086437e+04  -9.707637599047512e-02  6.854256807711407e-01  1.765990878203268e-01  -2.134112886276151e+06  -2.254150337559675e+06  -3.655736244742864e+04  -2.067972604660019e+06  1.167369815592403e+05  3.116213600209965e+04  4.300828722290430e-01  5.497965251062971e-01  1.449387200254430e-02  -6.674023724305539e+05  -6.898031840260483e+05  1.549663557475111e+03  -2.901918915600638e+05  -4.201618313960271e+04  1.233301195611076e+05  9.515544077876281e-02  1.073823340380586e-01  4.390839662475333e-02  8.426771045167923e+05  1.049976541784645e+06  -7.399103301757018e+04  5.623954247146079e+05  -1.045950708024284e+05  1.702896914829789e+04  -1.744901320325430e-01  -2.731752613237616e-01  -3.142463340642615e-01  1.510079476947345e+06  1.739779725810696e+06  -7.554069657504433e+04  8.525873162746700e+05  -6.257888766282529e+04  -1.063011504128092e+05  -2.696455728113056e-01  -3.805575953618204e-01  -3.581547306890142e-01  6.674023724305542e+05  6.898031840260484e+05  -1.549663557474486e+03  2.901918915600632e+05  4.201618313960278e+04  -1.233301195611073e+05  -9.515544077876285e-02  -1.073823340380586e-01  -4.390839662475322e-02  -8.426771045167915e+05  -1.049976541784646e+06  7.399103301756966e+04  -5.623954247146071e+05  1.045950708024284e+05  -1.702896914829786e+04  1.744901320325428e-01  2.731752613237617e-01  3.142463340642614e-01
  1.289999999999994e+00  -1.525075815545391e+06  -1.781202931100089e+06  9.101267679337929e+04  -8.761122486599669e+05  7.407792825679232e+04  1.187452276868920e+05  2.742811333397605e-01  3.927719486641250e-01  3.491847273906290e-01  -3.623901842626723e+05  -3.606180335344525e+06  -8.524606538189291e+03  -6.048529567558585e+05  6.365135950252735e+04  2.597516411033289e+04  -1.111556232756785e-01  6.995712064393789e-01  1.647177122744473e-01  -2.096418746006750e+06  -2.239408624907334e+06  -4.715799174281595e+04  -2.088106979326541e+06  1.324654659087012e+05  3.167976855730345e+04  4.293901055972624e-01  5.507524448432342e-01  -5.065203767372157e-03  -6.484695425175416e+05  -7.176950733816708e+05  -1.262721302009378e+03  -2.949860525419755e+05  -4.665387332081770e+04  1.338948472915921e+05  9.084990239374961e-02  1.137250655499699e-01  4.143417421278195e-02  8.766062730278519e+05  1.063507857718416e+06  -9.227539809539050e+04  5.811261961179931e+05  -1.207318015776099e+05  1.514961960469953e+04  -1.834312309460113e-01  -2.790468831141552e-01  -3.077505531778480e-01  1.525075815545393e+06  1.781202931100089e+06  -9.101267679338015e+04  8.761122486599669e+05  -7.407792825679164e+04  -1.187452276868919e+05  -2.742811333397606e-01  -3.927719486641252e-01  -3.491847273906293e-01  6.484695425175420e+05  7.176950733816708e+05  1.262721302010033e+03  2.949860525419749e+05  4.665387332081773e+04  -1.338948472915917e+05  -9.084990239374964e-02  -1.137250655499699e-01  -4.143417421278182e-02  -8.766062730278511e+05  -1.063507857718416e+06  9.227539809538986e+04  -5.811261961179923e+05  1.207318015776099e+05  -1.514961960469960e+04  1.834312309460111e-01  2.790468831141553e-01  3.077505531778479e-01
  1.294999999999994e+00  -1.548825761653547e+06  -1.824609366436789e+06  7.367167534026991e+04  -8.938723731169598e+05  7.362878666270575e+04  1.102601633318620e+05  2.725375417461293e-01  3.994604995609872e-01  3.349308571805720e-01  -2.920302412008567e+05  -3.676283775888836e+06  -8.270534706494689e+03  -5.921906397371691e+05  6.058444486069217e+04  1.324787236860267e+04  -1.282201949575059e-01  7.095995707596432e-01  1.522469028881524e-01  -2.064539950083367e+06  -2.228835359752548e+06  -5.148695666750825e+04  -2.110790888073265e+06  1.169512775159002e+05  2.333427967093559e+04  4.277297469502244e-01  5.480642799787965e-01  -2.079644376198143e-02  -6.220190002910399e+05  -7.576918090445509e+05  -3.201544988820180e+03  -2.898101663711547e+05  -4.476968106712888e+04  1.224016572647913e+05  7.813302748838334e-02  1.221684574324708e-01  3.787842020316395e-02  9.268067613625100e+05  1.066917557392236e+06  -7.687322032909081e+04  6.040622067458065e+05  -1.183984677298347e+05  1.214149393292840e+04  -1.944045142577463e-01  -2.772920421285165e-01  -2.970524369774089e-01  1.548825761653549e+06  1.824609366436789e+06  -7.367167534026998e+04  8.938723731169596e+05  -7.362878666270539e+04  -1.102601633318622e+05  -2.725375417461295e-01  -3.994604995609874e-01  -3.349308571805723e-01  6.220190002910404e+05  7.576918090445506e+05  3.201544988820639e+03  2.898101663711541e+05  4.476968106712881e+04  -1.224016572647910e+05  -7.813302748838342e-02  -1.221684574324708e-01  -3.787842020316387e-02  -9.268067613625091e+05  -1.066917557392237e+06  7.687322032909050e+04  -6.040622067458059e+05  1.183984677298346e+05  -1.214149393292845e+04  1.944045142577462e-01  2.772920421285167e-01  2.970524369774088e-01
  1.299999999999994e+00  -1.569021053981427e+06  -1.865674009730864e+06  6.101315793692815e+04  -9.117484232982318e+05  7.217949607212353e+04  1.012181754475724e+05  2.709143584888742e-01  4.058998461549287e-01  3.204095307254805e-01  -2.230985188312877e+05  -3.746738465518267e+06  -7.536644471549123e+03  -5.799613614740390e+05  5.670387291932666e+04  3.897261251323117e+03  -1.447510118011641e-01  7.193900138053182e-01  1.400015430577435e-01  -2.029759348361183e+06  -2.216027850828599e+06  -5.041269640423459e+04  -2.134330843847553e+06  1.026815863209443e+05  1.564889418840314e+04  4.264710843948630e-01  5.454854408753056e-01  -3.611569196764153e-02  -5.937205144926156e+05  -7.976742253095389e+05  -3.357686785154514e+03  -2.840157459014033e+05  -4.324834770482700e+04  1.117603563482092e+05  6.516761010128834e-02  1.308533281245174e-01  3.436870813528684e-02  9.753005394888149e+05  1.067999784421323e+06  -6.437084472208253e+04  6.277326773968297e+05  -1.154278437769505e+05  1.054218090063636e+04  -2.057467483875862e-01  -2.750465180304115e-01  -2.860408225901944e-01  1.569021053981429e+06  1.865674009730864e+06  -6.101315793692830e+04  9.117484232982316e+05  -7.217949607212339e+04  -1.012181754475724e+05  -2.709143584888744e-01  -4.058998461549290e-01  -3.204095307254806e-01  5.937205144926159e+05  7.976742253095385e+05  3.357686785154965e+03  2.840157459014028e+05  4.324834770482693e+04  -1.117603563482090e+05  -6.516761010128841e-02  -1.308533281245174e-01  -3.436870813528676e-02  -9.753005394888138e+05  -1.067999784421323e+06  6.437084472208204e+04  -6.277326773968291e+05  1.154278437769505e+05  -1.054218090063626e+04  2.057467483875861e-01  2.750465180304116e-01  2.860408225901943e-01
  1.304999999999994e+00  -1.582240507132986e+06  -1.908206373386205e+06  7.223115104934963e+04  -9.352973448443109e+05  8.483823152107488e+04  1.123170612248067e+05  2.749001525798700e-01  4.178002022598062e-01  3.096641774682361e-01  -1.638099083558304e+05  -3.826547441233851e+06  -1.785257451400724e+04  -5.753178778346154e+05  7.081899129625410e+04  -1.039830570254013e+04  -1.592873364519291e-01  7.327924289001907e-01  1.278141713091377e-01  -1.989886084863667e+06  -2.199666658239585e+06  -6.386265926839827e+04  -2.153963101063020e+06  1.163514378813304e+05  1.432070816698617e+04  4.250865566651774e-01  5.452078253889939e-01  -5.517218937308455e-02  -5.691542608428203e+05  -8.290935290035406e+05  -7.292475926950054e+03  -2.876374193961658e+05  -4.739390355010022e+04  1.196025673529207e+05  5.946682640485274e-02  1.377060572854275e-01  3.177654442807677e-02  1.013086246290169e+06  1.079112844382662e+06  -7.952362697630007e+04  6.476599254481464e+05  -1.322321350711751e+05  7.285506128113480e+03  -2.154333261750176e-01  -2.800941449743789e-01  -2.778876330401601e-01  1.582240507132988e+06  1.908206373386205e+06  -7.223115104934989e+04  9.352973448443107e+05  -8.483823152107467e+04  -1.123170612248068e+05  -2.749001525798704e-01  -4.178002022598065e-01  -3.096641774682363e-01  5.691542608428209e+05  8.290935290035404e+05  7.292475926950519e+03  2.876374193961652e+05  4.739390355010021e+04  -1.196025673529205e+05  -5.946682640485284e-02  -1.377060572854275e-01  -3.177654442807669e-02  -1.013086246290168e+06  -1.079112844382663e+06  7.952362697629946e+04  -6.476599254481460e+05  1.322321350711751e+05  -7.285506128113409e+03  2.154333261750176e-01  2.800941449743790e-01  2.778876330401600e-01
  1.309999999999994e+00  -1.602130670339844e+06  -1.950463338061408e+06  5.700610273537112e+04  -9.532058134147240e+05  8.246222558022664e+04  1.032444934962882e+05  2.728440718599711e-01  4.238191333992892e-01  2.945409117437918e-01  -8.979333687982999e+04  -3.895000915309844e+06  -1.548779572054432e+04  -5.642193436798959e+05  6.672848816756958e+04  -2.045343329588828e+04  -1.746961990290898e-01  7.418104466692023e-01  1.156966458154064e-01  -1.955347386023780e+06  -2.188165939381091e+06  -6.539589256541532e+04  -2.177818514708185e+06  1.009216424888754e+05  7.125074892350216e+03  4.239503907069502e-01  5.425220379082113e-01  -6.932091989451598e-02  -5.364077625067853e+05  -8.715050848481719e+05  -8.061459942434699e+03  -2.811248777920997e+05  -4.544695034428815e+04  1.080990629696688e+05  4.581663061237995e-02  1.467260781850726e-01  2.841823973736416e-02  1.065722907833062e+06  1.078958253213233e+06  -6.506756267780642e+04  6.720809356226251e+05  -1.279091759245146e+05  4.854569473380452e+03  -2.270274412475914e-01  -2.770930552142168e-01  -2.661226720064283e-01  1.602130670339846e+06  1.950463338061407e+06  -5.700610273537155e+04  9.532058134147236e+05  -8.246222558022637e+04  -1.032444934962881e+05  -2.728440718599712e-01  -4.238191333992895e-01  -2.945409117437920e-01  5.364077625067857e+05  8.715050848481713e+05  8.061459942435113e+03  2.811248777920992e+05  4.544695034428799e+04  -1.080990629696687e+05  -4.581663061238007e-02  -1.467260781850727e-01  -2.841823973736409e-02  -1.065722907833060e+06  -1.078958253213234e+06  6.506756267780613e+04  -6.720809356226249e+05  1.279091759245145e+05  -4.854569473380310e+03  2.270274412475912e-01  2.770930552142168e-01  2.661226720064283e-01
  1.314999999999994e+00  -1.618536095332452e+06  -1.990405841894605e+06  4.668537023136013e+04  -9.713404797142212e+05  7.934951933148580e+04  9.388275652236854e+04  2.709488224293627e-01  4.296070134797571e-01  2.792291998392463e-01  -1.761703323270627e+04  -3.963841469334502e+06  -1.304545203633370e+04  -5.537431929439314e+05  6.203595624549820e+04  -2.710568359489855e+04  -1.895049460216549e-01  7.505769439438422e-01  1.038479578205404e-01  -1.918326555063784e+06  -2.174651226648722e+06  -6.184306205484609e+04  -2.202525223264144e+06  8.699717961724066e+04  7.265498384888122e+02  4.231910838464399e-01  5.399779337175772e-01  -8.304354341244825e-02  -5.024199413848626e+05  -9.141809875175349e+05  -7.529379248653223e+03  -2.740242972517232e+05  -4.396034027294198e+04  9.786375364656768e+04  3.196251703665817e-02  1.559806793653688e-01  2.513805371016354e-02  1.116116153947592e+06  1.076224854377068e+06  -5.421474948001384e+04  6.973161824624988e+05  -1.233098596044277e+05  3.980997124199278e+03  -2.389863053927047e-01  -2.736263341143885e-01  -2.540911461290832e-01  1.618536095332454e+06  1.990405841894604e+06  -4.668537023136120e+04  9.713404797142211e+05  -7.934951933148562e+04  -9.388275652236832e+04  -2.709488224293629e-01  -4.296070134797574e-01  -2.792291998392463e-01  5.024199413848632e+05  9.141809875175345e+05  7.529379248653244e+03  2.740242972517227e+05  4.396034027294185e+04  -9.786375364656751e+04  -3.196251703665832e-02  -1.559806793653688e-01  -2.513805371016345e-02  -1.116116153947591e+06  -1.076224854377068e+06  5.421474948001379e+04  -6.973161824624987e+05  1.233098596044275e+05  -3.980997124199109e+03  2.389863053927046e-01  2.736263341143885e-01  2.540911461290832e-01
  1.319999999999994e+00  -1.629691403122750e+06  -2.033635158088068e+06  5.377427402200625e+04  -9.949222210436251e+05  9.281181009201780e+04  1.033835477127946e+05  2.742539562516007e-01  4.410403279243774e-01  2.669641566304135e-01  4.405942339224943e+04  -4.044670145320841e+06  -2.537181245366271e+04  -5.493356192412826e+05  7.620853763783566e+04  -4.541804791818582e+04  -2.042169658855618e-01  7.630962084482567e-01  9.157026209858893e-02  -1.877156226242985e+06  -2.157259822001858e+06  -7.768897662941890e+04  -2.221958870597032e+06  9.835914463765417e+04  -2.301970625437469e+03  4.212338842248597e-01  5.385773607990052e-01  -1.012721237296820e-01  -4.722624225464410e+05  -9.491569839724555e+05  -1.236060603911277e+04  -2.764487049875227e+05  -4.753534942926496e+04  1.027501168506150e+05  2.490656156838138e-02  1.633086365835820e-01  2.249659398212949e-02  1.157428980576312e+06  1.084478174115610e+06  -6.613488006111962e+04  7.184735160561033e+05  -1.403471595212830e+05  -6.334308621795326e+02  -2.493473946832194e-01  -2.777316913407955e-01  -2.444675626482845e-01  1.629691403122752e+06  2.033635158088067e+06  -5.377427402200708e+04  9.949222210436250e+05  -9.281181009201775e+04  -1.033835477127944e+05  -2.742539562516008e-01  -4.410403279243778e-01  -2.669641566304135e-01  4.722624225464415e+05  9.491569839724547e+05  1.236060603911282e+04  2.764487049875223e+05  4.753534942926483e+04  -1.027501168506148e+05  -2.490656156838153e-02  -1.633086365835821e-01  -2.249659398212943e-02  -1.157428980576311e+06  -1.084478174115610e+06  6.613488006111949e+04  -7.184735160561032e+05  1.403471595212827e+05  6.334308621796429e+02  2.493473946832193e-01  2.777316913407956e-01  2.444675626482845e-01
  1.324999999999994e+00  -1.645558136213687e+06  -2.074678382068454e+06  4.084740693189453e+04  -1.013110380325922e+06  8.864289042973968e+04  9.403636558727844e+04  2.720039126353231e-01  4.464059109518159e-01  2.512784345331690e-01  1.208675980984739e+05  -4.110969672946101e+06  -2.114964659706862e+04  -5.402570798753274e+05  7.127741289935338e+04  -5.261559502920175e+04  -2.176997801917646e-01  7.710451955925344e-01  7.995956536767473e-02  -1.840695282348059e+06  -2.145321000924272e+06  -7.658759789135749e+04  -2.247126631933454e+06  8.342847030322845e+04  -8.211557743788117e+03  4.206828087376642e-01  5.360256234590638e-01  -1.136872467272738e-01  -4.334560055986822e+05  -9.938757945052615e+05  -1.204017018447175e+04  -2.687735108725365e+05  -4.551044209356193e+04  9.158800887061280e+04  1.054468657261608e-02  1.728346691723264e-01  1.938918394351282e-02  1.212102130615008e+06  1.080802587563190e+06  -5.288757711636736e+04  7.443368694533857e+05  -1.341533325233015e+05  -2.448356716665659e+03  -2.614592260627072e-01  -2.735712417794895e-01  -2.318892505896567e-01  1.645558136213690e+06  2.074678382068454e+06  -4.084740693189546e+04  1.013110380325921e+06  -8.864289042973953e+04  -9.403636558727837e+04  -2.720039126353233e-01  -4.464059109518161e-01  -2.512784345331691e-01  4.334560055986827e+05  9.938757945052609e+05  1.204017018447184e+04  2.687735108725361e+05  4.551044209356180e+04  -9.158800887061268e+04  -1.054468657261626e-02  -1.728346691723264e-01  -1.938918394351274e-02  -1.212102130615007e+06  -1.080802587563191e+06  5.288757711636664e+04  -7.443368694533855e+05  1.341533325233013e+05  2.448356716665800e+03  2.614592260627071e-01  2.735712417794897e-01  2.318892505896567e-01
  1.329999999999994e+00  -1.658063371399027e+06  -2.113473490261836e+06  3.292879946614237e+04  -1.031628649453515e+06  8.402088457918922e+04  8.465831314686479e+04  2.699476654695651e-01  4.515629379329129e-01  2.354783160312383e-01  1.954637008825463e+05  -4.177672881042435e+06  -1.724001300296425e+04  -5.319727894280212e+05  6.595544526589918e+04  -5.646886410892013e+04  -2.305312770410249e-01  7.787322652052057e-01  6.865329664370914e-02  -1.802188820749596e+06  -2.131599837144952e+06  -7.079120019693171e+04  -2.273114671672285e+06  7.021188653308344e+04  -1.321933667908444e+04  4.204720623726987e-01  5.336400692570692e-01  -1.256730010397136e-01  -3.940323639888280e+05  -1.039131636379944e+06  -1.093888091265436e+04  -2.605472514844334e+05  -4.405069993286135e+04  8.207713108806062e+04  -3.975510193763821e-03  1.825832785175154e-01  1.638952492275576e-02  1.264031007410201e+06  1.074341853881890e+06  -4.386768037879784e+04  7.710813979690827e+05  -1.280715845120504e+05  -2.581182058804206e+03  -2.739231756633292e-01  -2.689796594153974e-01  -2.190887911084829e-01  1.658063371399029e+06  2.113473490261837e+06  -3.292879946614315e+04  1.031628649453515e+06  -8.402088457918912e+04  -8.465831314686466e+04  -2.699476654695653e-01  -4.515629379329131e-01  -2.354783160312383e-01  3.940323639888286e+05  1.039131636379944e+06  1.093888091265433e+04  2.605472514844332e+05  4.405069993286132e+04  -8.207713108806014e+04  3.975510193763524e-03  -1.825832785175154e-01  -1.638952492275569e-02  -1.264031007410200e+06  -1.074341853881891e+06  4.386768037879745e+04  -7.710813979690822e+05  1.280715845120502e+05  2.581182058804228e+03  2.739231756633291e-01  2.689796594153978e-01  2.190887911084830e-01
  1.334999999999994e+00  -1.666885753030560e+06  -2.156965556534587e+06  3.611898436961562e+04  -1.055271057747748e+06  9.792315455392505e+04  9.236498771903108e+04  2.725574880457538e-01  4.623895044086186e-01  2.219710402060397e-01  2.589571251176469e+05  -4.258746823377334e+06  -3.113200841406854e+04  -5.281511515888210e+05  7.988106722834392e+04  -7.834321161185336e+04  -2.451337256491426e-01  7.902447768008682e-01  5.648610739224364e-02  -1.760622262173421e+06  -2.113793856764501e+06  -8.857639023538148e+04  -2.292649205570373e+06  7.908474139831869e+04  -1.775925664696402e+04  4.180687233152374e-01  5.312482549010865e-01  -1.427824492818219e-01  -3.584332028460252e+05  -1.077645281742197e+06  -1.643769482065660e+04  -2.617712188416873e+05  -4.697848440281267e+04  8.385279176239105e+04  -1.231682207782569e-02  1.903441475895741e-01  1.376057658493910e-02  1.308452550184536e+06  1.079320274792389e+06  -5.255667919027330e+04  7.934998389060615e+05  -1.449016389567376e+05  -8.512195956640064e+03  -2.848743101235797e-01  -2.720453568190446e-01  -2.082104636211008e-01  1.666885753030561e+06  2.156965556534588e+06  -3.611898436961616e+04  1.055271057747748e+06  -9.792315455392495e+04  -9.236498771903092e+04  -2.725574880457540e-01  -4.623895044086190e-01  -2.219710402060396e-01  3.584332028460260e+05  1.077645281742196e+06  1.643769482065657e+04  2.617712188416870e+05  4.697848440281265e+04  -8.385279176239063e+04  1.231682207782538e-02  -1.903441475895742e-01  -1.376057658493902e-02  -1.308452550184535e+06  -1.079320274792390e+06  5.255667919027327e+04  -7.934998389060611e+05  1.449016389567374e+05  8.512195956640116e+03  2.848743101235796e-01  2.720453568190449e-01  2.082104636211010e-01
  1.339999999999993e+00  -1.678633658429847e+06  -2.196756729521673e+06  2.557592139906739e+04  -1.073872967194910e+06  9.214960049425205e+04  8.304555278099344e+04  2.702262915979567e-01  4.671319975637209e-01  2.060214208398274e-01  3.376582545660841e+05  -4.322392896246619e+06  -2.532621297156013e+04  -5.215070515650266e+05  7.430543341533789e+04  -8.258979698539477e+04  -2.564630547608284e-01  7.970806840960488e-01  4.551332197525104e-02  -1.722977774830193e+06  -2.101880659381504e+06  -8.503961715819647e+04  -2.319228365193177e+06  6.503550114430741e+04  -2.229810200443065e+04  4.181398425551954e-01  5.289463882251054e-01  -1.533600254193250e-01  -3.139013772806997e+05  -1.124512019586981e+06  -1.513908788191357e+04  -2.531294910009283e+05  -4.486665558967213e+04  7.336014798008381e+04  -2.715807123818080e-02  2.002906634057739e-01  1.094412700463163e-02  1.364732281149150e+06  1.072244709934690e+06  -4.071500928098238e+04  8.207434761939818e+05  -1.370162560839240e+05  -9.685404800910223e+03  -2.973843628361377e-01  -2.668413341579469e-01  -1.950772938351960e-01  1.678633658429850e+06  2.196756729521675e+06  -2.557592139906808e+04  1.073872967194910e+06  -9.214960049425194e+04  -8.304555278099340e+04  -2.702262915979569e-01  -4.671319975637210e-01  -2.060214208398274e-01  3.139013772807005e+05  1.124512019586981e+06  1.513908788191344e+04  2.531294910009280e+05  4.486665558967233e+04  -7.336014798008349e+04  2.715807123818050e-02  -2.002906634057739e-01  -1.094412700463152e-02  -1.364732281149149e+06  -1.072244709934691e+06  4.071500928098218e+04  -8.207434761939822e+05  1.370162560839239e+05  9.685404800910119e+03  2.973843628361376e-01  2.668413341579471e-01  1.950772938351961e-01
  1.344999999999993e+00  -1.687187576038303e+06  -2.234396581866086e+06  2.003683281904970e+04  -1.092899327145635e+06  8.621516553968099e+04  7.393622581447205e+04  2.681138045036069e-01  4.716915833465294e-01  1.900255815948018e-01  4.138174157796575e+05  -4.386442556770670e+06  -2.020431136214454e+04  -5.158088381007136e+05  6.854365694247509e+04  -8.362935718767889e+04  -2.671051753474980e-01  8.036471929838589e-01  3.487266286413332e-02  -1.683734718686017e+06  -2.088425439930646e+06  -7.726325974594464e+04  -2.346572136905170e+06  5.285193032356672e+04  -2.586229460648728e+04  4.185045474338799e-01  5.268270917982139e-01  -1.635144560598187e-01  -2.693782056536572e+05  -1.172172753758257e+06  -1.359845586969201e+04  -2.439791362846585e+05  -4.343081225789388e+04  6.485866324462361e+04  -4.211179550965594e-02  2.104427051093848e-01  8.262516551187352e-03  1.417809370384649e+06  1.062223828107828e+06  -3.363528868874226e+04  8.489201908609761e+05  -1.296459777975746e+05  -9.077562569848687e+03  -3.102256000132632e-01  -2.612488782371446e-01  -1.817630650436145e-01  1.687187576038306e+06  2.234396581866088e+06  -2.003683281904951e+04  1.092899327145634e+06  -8.621516553968107e+04  -7.393622581447200e+04  -2.681138045036071e-01  -4.716915833465296e-01  -1.900255815948017e-01  2.693782056536581e+05  1.172172753758257e+06  1.359845586969200e+04  2.439791362846585e+05  4.343081225789399e+04  -6.485866324462360e+04  4.211179550965559e-02  -2.104427051093848e-01  -8.262516551187211e-03  -1.417809370384648e+06  -1.062223828107829e+06  3.363528868874229e+04  -8.489201908609760e+05  1.296459777975746e+05  9.077562569848678e+03  3.102256000132630e-01  2.612488782371448e-01  1.817630650436146e-01
  1.349999999999993e+00  -1.693437658638489e+06  -2.277709394264252e+06  1.964456429809191e+04  -1.116645579698108e+06  1.001985709310864e+05  7.971203088374918e+04  2.700295850259299e-01  4.817881813446321e-01  1.755666122203557e-01  4.785274598844172e+05  -4.466966332675718e+06  -3.521865359566620e+04  -5.129064958735647e+05  8.194176654840408e+04  -1.085393033882306e+05  -2.813147586812016e-01  8.140472894701870e-01  2.299847788416643e-02  -1.642669486551384e+06  -2.070829991908899e+06  -9.653896272354637e+04  -2.366492247810489e+06  5.912384002355138e+04  -3.169002064839552e+04  4.157851768383432e-01  5.235923676941159e-01  -1.792525813961549e-01  -2.285941762909106e+05  -1.214154991072635e+06  -1.954387101775381e+04  -2.440198601279748e+05  -4.563821273704577e+04  6.344868626501863e+04  -5.164046174182715e-02  2.185866768422685e-01  5.699633776101470e-03  1.464843482347582e+06  1.063554403191616e+06  -3.918843531584628e+04  8.726257195701328e+05  -1.458367836681322e+05  -1.626334461873088e+04  -3.216700467677573e-01  -2.632015045023635e-01  -1.698669784442542e-01  1.693437658638493e+06  2.277709394264255e+06  -1.964456429809161e+04  1.116645579698107e+06  -1.001985709310866e+05  -7.971203088374920e+04  -2.700295850259301e-01  -4.817881813446322e-01  -1.755666122203556e-01  2.285941762909117e+05  1.214154991072635e+06  1.954387101775387e+04  2.440198601279748e+05  4.563821273704601e+04  -6.344868626501862e+04  5.164046174182682e-02  -2.185866768422687e-01  -5.699633776101357e-03  -1.464843482347581e+06  -1.063554403191618e+06  3.918843531584631e+04  -8.726257195701328e+05  1.458367836681322e+05  1.626334461873081e+04  3.216700467677572e-01  2.632015045023637e-01  1.698669784442543e-01
  1.354999999999993e+00  -1.701036410071273e+06  -2.316228477699297e+06  1.148438878147286e+04  -1.135793287783893e+06  9.305274997835548e+04  7.070237658881940e+04  2.677215220058547e-01  4.859492607914443e-01  1.596370479921286e-01  5.582026885994965e+05  -4.527472933939194e+06  -2.811475052730842e+04  -5.090625362103677e+05  7.592413240564126e+04  -1.098302132975061e+05  -2.903081726215866e-01  8.197399845840185e-01  1.277082788882584e-02  -1.604566267385251e+06  -2.059370526352527e+06  -9.079447390025781e+04  -2.394537603463016e+06  4.629576693537257e+04  -3.482363664951837e+04  4.164921811723643e-01  5.216375761636568e-01  -1.879349288476723e-01  -1.787623637342095e+05  -1.262956210754006e+06  -1.739835319842066e+04  -2.346247675869817e+05  -4.343898213382908e+04  5.392046104045066e+04  -6.672277481489165e-02  2.288542913732512e-01  3.201536230097690e-03  1.522274046337066e+06  1.053272266945289e+06  -2.888274197989425e+04  9.011685201969104e+05  -1.364917321121844e+05  -1.678191554836920e+04  -3.344442968207466e-01  -2.570949694181928e-01  -1.564355117620307e-01  1.701036410071276e+06  2.316228477699298e+06  -1.148438878147232e+04  1.135793287783892e+06  -9.305274997835536e+04  -7.070237658881958e+04  -2.677215220058549e-01  -4.859492607914445e-01  -1.596370479921285e-01  1.787623637342106e+05  1.262956210754006e+06  1.739835319842059e+04  2.346247675869819e+05  4.343898213382919e+04  -5.392046104045055e+04  6.672277481489128e-02  -2.288542913732513e-01  -3.201536230097577e-03  -1.522274046337066e+06  -1.053272266945291e+06  2.888274197989443e+04  -9.011685201969104e+05  1.364917321121844e+05  1.678191554836920e+04  3.344442968207464e-01  2.570949694181931e-01  1.564355117620309e-01
  1.359999999999993e+00  -1.705971082875988e+06  -2.359572673765412e+06  8.836685127627794e+03  -1.159740769947012e+06  1.073867533887667e+05  7.561552440441426e+04  2.692440868626864e-01  4.956259416963320e-01  1.446666854072427e-01  6.234524900043724e+05  -4.607840886561737e+06  -4.421301019729890e+04  -5.067475696426177e+05  8.918526591086677e+04  -1.365832206340926e+05  -3.042612441651464e-01  8.294960396833400e-01  1.085148528654736e-03  -1.563629549330414e+06  -2.041661442799219e+06  -1.109883579785950e+05  -2.414647999768710e+06  5.116880818051522e+04  -4.119149898140929e+04  4.135483555343197e-01  5.179309985817512e-01  -2.029176987215749e-01  -1.349174756326259e+05  -1.306691057815527e+06  -2.332682226315493e+04  -2.341157720111820e+05  -4.510961261017712e+04  5.069771203437173e+04  -7.688307055970496e-02  2.371894796738022e-01  6.728275161823726e-04  1.571053607243364e+06  1.052881615949883e+06  -3.216350739078354e+04  9.256249979358296e+05  -1.524963659989438e+05  -2.491781237004276e+04  -3.461271574223916e-01  -2.584364620225295e-01  -1.439938578910601e-01  1.705971082875991e+06  2.359572673765413e+06  -8.836685127627201e+03  1.159740769947012e+06  -1.073867533887667e+05  -7.561552440441435e+04  -2.692440868626866e-01  -4.956259416963321e-01  -1.446666854072426e-01  1.349174756326270e+05  1.306691057815527e+06  2.332682226315491e+04  2.341157720111822e+05  4.510961261017726e+04  -5.069771203437180e+04  7.688307055970456e-02  -2.371894796738023e-01  -6.728275161822783e-04  -1.571053607243364e+06  -1.052881615949885e+06  3.216350739078372e+04  -9.256249979358297e+05  1.524963659989439e+05  2.491781237004276e+04  3.461271574223914e-01  2.584364620225298e-01  1.439938578910603e-01
  1.364999999999993e+00  -1.709121658505684e+06  -2.395412657436800e+06  4.634467503226370e+03  -1.179351968474603e+06  9.975702512943842e+04  6.588769941848230e+04  2.668869683159842e-01  4.992174736400773e-01  1.286075430478880e-01  7.003529771334507e+05  -4.667540942844452e+06  -3.774652249590565e+04  -5.046207366257102e+05  8.253340285223190e+04  -1.354859300425800e+05  -3.121346308238994e-01  8.343592242495029e-01  -8.524565318605536e-03  -1.525624166924455e+06  -2.029847838152425e+06  -1.016551801157572e+05  -2.443835006355303e+06  3.905248589678153e+04  -4.380675877834248e+04  4.145320467128366e-01  5.159561433215829e-01  -2.103655955038093e-01  -8.394408813699412e+04  -1.358114519322381e+06  -2.173684325965382e+04  -2.236615384394712e+05  -4.344998376863176e+04  4.208071806210029e+04  -9.246411555540404e-02  2.477754277119109e-01  -1.589616030402324e-03  1.625177570368693e+06  1.037298138114417e+06  -2.637131076288096e+04  9.556904300351313e+05  -1.432070088980703e+05  -2.380698135638228e+04  -3.593510838713884e-01  -2.514420459281665e-01  -1.301971590782900e-01  1.709121658505688e+06  2.395412657436801e+06  -4.634467503226511e+03  1.179351968474603e+06  -9.975702512943858e+04  -6.588769941848240e+04  -2.668869683159845e-01  -4.992174736400775e-01  -1.286075430478880e-01  8.394408813699544e+04  1.358114519322381e+06  2.173684325965393e+04  2.236615384394715e+05  4.344998376863200e+04  -4.208071806210022e+04  9.246411555540363e-02  -2.477754277119110e-01  1.589616030402419e-03  -1.625177570368693e+06  -1.037298138114419e+06  2.637131076288045e+04  -9.556904300351318e+05  1.432070088980704e+05  2.380698135638233e+04  3.593510838713883e-01  2.514420459281668e-01  1.301971590782903e-01
  1.369999999999993e+00  -1.712601859354710e+06  -2.432650425874055e+06  -1.218047154767376e+03  -1.199171012752508e+06  9.150427198856458e+04  5.744139119217970e+04  2.646955876717488e-01  5.028474806249861e-01  1.129620992598785e-01  7.800768448765737e+05  -4.724443635843410e+06  -2.963382066834755e+04  -5.038881778536375e+05  7.627593332377248e+04  -1.338993884576646e+05  -3.186557875660007e-01  8.388914202252110e-01  -1.792439426981662e-02  -1.487759348322595e+06  -2.019226108037632e+06  -9.395031961362685e+04  -2.473355796296624e+06  2.773470513315278e+04  -4.554790057270604e+04  4.158662688575352e-01  5.144250060774905e-01  -2.171393847312623e-01  -2.931996809432605e+04  -1.408582308301887e+06  -1.888571474525544e+04  -2.137380482539992e+05  -4.117278939121562e+04  3.377117137770582e+04  -1.075476737865217e-01  2.582523671675426e-01  -3.753601281626780e-03  1.683281891260387e+06  1.024068117572166e+06  -1.766766759048829e+04  9.854329644985080e+05  -1.326770613797800e+05  -2.367021981447468e+04  -3.722432614582706e-01  -2.445951134574434e-01  -1.167157005415049e-01  1.712601859354714e+06  2.432650425874056e+06  1.218047154767361e+03  1.199171012752507e+06  -9.150427198856468e+04  -5.744139119217994e+04  -2.646955876717489e-01  -5.028474806249862e-01  -1.129620992598784e-01  2.931996809432717e+04  1.408582308301887e+06  1.888571474525567e+04  2.137380482539996e+05  4.117278939121573e+04  -3.377117137770566e+04  1.075476737865213e-01  -2.582523671675427e-01  3.753601281626894e-03  -1.683281891260387e+06  -1.024068117572169e+06  1.766766759048793e+04  -9.854329644985084e+05  1.326770613797801e+05  2.367021981447463e+04  3.722432614582704e-01  2.445951134574438e-01  1.167157005415051e-01
  1.374999999999993e+00  -1.714648837807496e+06  -2.475126381833096e+06  -6.871267063392849e+03  -1.223294536751459e+06  1.053635271777826e+05  6.028772333178815e+04  2.655473039321019e-01  5.116364323078370e-01  9.749958933855103e-02  8.455299681815403e+05  -4.803065144238424e+06  -4.624288099900579e+04  -5.029455544543733e+05  8.857131549851752e+04  -1.627952960998416e+05  -3.317978146841762e-01  8.474059548608330e-01  -2.906315322151770e-02  -1.448619287620322e+06  -2.002623483697882e+06  -1.148918634311637e+05  -2.494232583951246e+06  2.991063507855972e+04  -5.285414542215454e+04  4.128073657949254e-01  5.101193765705756e-01  -2.304292172292399e-01  1.911521566996146e+04  -1.455615550060406e+06  -2.499371495386632e+04  -2.120965251666439e+05  -4.201932168828858e+04  2.734787162076786e+04  -1.187003839951401e-01  2.668796376316148e-01  -6.145009433014839e-03  1.733764053477459e+06  1.019510831772688e+06  -1.812244789047372e+04  1.011198011584815e+06  -1.473828488660711e+05  -3.293985171102126e+04  -3.842476879272420e-01  -2.447567946762221e-01  -1.036445987715654e-01  1.714648837807499e+06  2.475126381833097e+06  6.871267063392947e+03  1.223294536751459e+06  -1.053635271777827e+05  -6.028772333178839e+04  -2.655473039321020e-01  -5.116364323078372e-01  -9.749958933855096e-02  -1.911521566996011e+04  1.455615550060406e+06  2.499371495386666e+04  2.120965251666443e+05  4.201932168828872e+04  -2.734787162076759e+04  1.187003839951397e-01  -2.668796376316149e-01  6.145009433014928e-03  -1.733764053477459e+06  -1.019510831772691e+06  1.812244789047325e+04  -1.011198011584815e+06  1.473828488660712e+05  3.293985171102115e+04  3.842476879272419e-01  2.447567946762225e-01  1.036445987715656e-01
  1.379999999999993e+00  -1.713873189661570e+06  -2.509653881032277e+06  -8.717958603995288e+03  -1.243688009745262e+06  9.679830831001046e+04  5.135092732274968e+04  2.633390410903072e-01  5.146955522091867e-01  8.190731246397480e-02  9.219888373959614e+05  -4.858736600198221e+06  -3.885350204009355e+04  -5.041733990039229e+05  8.182865773190589e+04  -1.587806265022760e+05  -3.370724618753734e-01  8.510805452293956e-01  -3.778684643669901e-02  -1.411705551452982e+06  -1.992211189278819e+06  -1.040576022428118e+05  -2.524902209531358e+06  1.941040987622683e+04  -5.389828568412662e+04  4.144115378479514e-01  5.086518550778204e-01  -2.359366713752320e-01  7.406923769603227e+04  -1.508783564853073e+06  -2.309984978825866e+04  -2.012030591564595e+05  -4.037435847620054e+04  2.028041325476505e+04  -1.341618075126270e-01  2.776179794186465e-01  -8.043292961100186e-03  1.787942427357604e+06  1.000870316179201e+06  -1.438189118426290e+04  1.042484950588802e+06  -1.371726667862110e+05  -3.107051406798554e+04  -3.975008486029343e-01  -2.370775727905402e-01  -8.995060542507435e-02  1.713873189661573e+06  2.509653881032277e+06  8.717958603995748e+03  1.243688009745262e+06  -9.679830831001067e+04  -5.135092732275005e+04  -2.633390410903074e-01  -5.146955522091871e-01  -8.190731246397472e-02  -7.406923769603058e+04  1.508783564853074e+06  2.309984978825914e+04  2.012030591564598e+05  4.037435847620072e+04  -2.028041325476478e+04  1.341618075126266e-01  -2.776179794186467e-01  8.043292961100243e-03  -1.787942427357604e+06  -1.000870316179204e+06  1.438189118426308e+04  -1.042484950588802e+06  1.371726667862110e+05  3.107051406798543e+04  3.975008486029341e-01  2.370775727905405e-01  8.995060542507462e-02
  1.384999999999992e+00  -1.713321452409608e+06  -2.545604995085556e+06  -1.239877502146656e+04  -1.264293221908677e+06  8.772545245667134e+04  4.368671203161419e+04  2.613455365270916e-01  5.178506673345208e-01  6.678586188528600e-02  1.000842915643619e+06  -4.911599445012544e+06  -3.001772616822296e+04  -5.068046698916196e+05  7.552671696413768e+04  -1.544700852361188e+05  -3.410312249175581e-01  8.544464739162587e-01  -4.630068812396414e-02  -1.374736142736708e+06  -1.982760194780110e+06  -9.465161068878010e+04  -2.555861896611507e+06  9.835643100182624e+03  -5.430258478350971e+04  4.163435934388938e-01  5.075990844399778e-01  -2.408301619688963e-01  1.329052485097804e+05  -1.560597191550757e+06  -1.968586429684385e+04  -1.909826288755684e+05  -3.803911913720061e+04  1.339749062953802e+04  -1.490095518420692e-01  2.881819076703773e-01  -9.867784612526399e-03  1.846226700919391e+06  9.850078035347967e+05  -7.287089275376658e+03  1.073310593033108e+06  -1.257645715938722e+05  -3.028922140207697e+04  -4.103550883691607e-01  -2.296687596641436e-01  -7.665364649781174e-02  1.713321452409612e+06  2.545604995085557e+06  1.239877502146708e+04  1.264293221908677e+06  -8.772545245667161e+04  -4.368671203161430e+04  -2.613455365270917e-01  -5.178506673345210e-01  -6.678586188528597e-02  -1.329052485097787e+05  1.560597191550758e+06  1.968586429684403e+04  1.909826288755685e+05  3.803911913720086e+04  -1.339749062953801e+04  1.490095518420687e-01  -2.881819076703774e-01  9.867784612526433e-03  -1.846226700919392e+06  -9.850078035347991e+05  7.287089275376917e+03  -1.073310593033108e+06  1.257645715938722e+05  3.028922140207681e+04  4.103550883691605e-01  2.296687596641439e-01  7.665364649781201e-02
  1.389999999999992e+00  -1.712349297039331e+06  -2.586800038918418e+06  -2.059486695025194e+04  -1.288655584389566e+06  1.008006123702000e+05  4.447474510020702e+04  2.615645617759986e-01  5.256799733386635e-01  5.112114687191747e-02  1.065856415410248e+06  -4.987684199724592e+06  -4.672954483688972e+04  -5.074994972048437e+05  8.666122124742683e+04  -1.848633503640721e+05  -3.531068801860426e-01  8.616619963180538e-01  -5.676726972082854e-02  -1.338200274938344e+06  -1.967848743204233e+06  -1.159499437306796e+05  -2.577714374665324e+06  9.374021116230502e+03  -6.227414251738829e+04  4.132942530968102e-01  5.028645132172508e-01  -2.522865947312341e-01  1.854164473914112e+05  -1.610730386959338e+06  -2.580850227219029e+04  -1.882699152014856e+05  -3.800897050278375e+04  3.895392998123827e+03  -1.609952379053086e-01  2.970330846437806e-01  -1.209164788531890e-02  1.897765744430745e+06  9.760696519590777e+05  -5.213635321937172e+03  1.100385669188079e+06  -1.388095828729841e+05  -4.057935210208379e+04  -4.225597996813071e-01  -2.286468886948829e-01  -6.321279475723565e-02  1.712349297039335e+06  2.586800038918419e+06  2.059486695025286e+04  1.288655584389566e+06  -1.008006123702002e+05  -4.447474510020713e+04  -2.615645617759987e-01  -5.256799733386637e-01  -5.112114687191743e-02  -1.854164473914093e+05  1.610730386959340e+06  2.580850227219053e+04  1.882699152014859e+05  3.800897050278408e+04  -3.895392998123874e+03  1.609952379053081e-01  -2.970330846437809e-01  1.209164788531892e-02  -1.897765744430745e+06  -9.760696519590801e+05  5.213635321937430e+03  -1.100385669188080e+06  1.388095828729841e+05  4.057935210208380e+04  4.225597996813070e-01  2.286468886948832e-01  6.321279475723592e-02
  1.394999999999992e+00  -1.707785878617595e+06  -2.620042354272997e+06  -2.030066241887290e+04  -1.309930777439098e+06  9.158929506178451e+04  3.654203763097109e+04  2.595835409360919e-01  5.282732115066611e-01  3.622080251037692e-02  1.140997654273999e+06  -5.038899770629995e+06  -3.869447934135096e+04  -5.122912964067149e+05  8.002173839358233e+04  -1.781390779542137e+05  -3.557167234664608e-01  8.641528561168093e-01  -6.456512503595149e-02  -1.302982126194354e+06  -1.959137511370858e+06  -1.039228190644281e+05  -2.609788445225284e+06  6.869302005064898e+02  -6.182959088903775e+04  4.154793356105684e-01  5.019503437283355e-01  -2.559086314981449e-01  2.437752708718961e+05  -1.665256880783563e+06  -2.373043935804939e+04  -1.771787882302509e+05  -3.640003950445972e+04  -1.446230788615364e+03  -1.760934772105600e-01  3.077943376742779e-01  -1.362759992153683e-02  1.951561149489492e+06  9.547854734894325e+05  -3.429776939176384e+03  1.132751989208847e+06  -1.279893345662445e+05  -3.798826841958708e+04  -4.356770181466517e-01  -2.204788738323835e-01  -4.984840243191293e-02  1.707785878617598e+06  2.620042354272997e+06  2.030066241887329e+04  1.309930777439097e+06  -9.158929506178456e+04  -3.654203763097143e+04  -2.595835409360921e-01  -5.282732115066614e-01  -3.622080251037693e-02  -2.437752708718940e+05  1.665256880783563e+06  2.373043935804943e+04  1.771787882302509e+05  3.640003950445999e+04  1.446230788615178e+03  1.760934772105595e-01  -3.077943376742782e-01  1.362759992153680e-02  -1.951561149489493e+06  -9.547854734894355e+05  3.429776939176307e+03  -1.132751989208847e+06  1.279893345662444e+05  3.798826841958693e+04  4.356770181466516e-01  2.204788738323837e-01  4.984840243191322e-02
  1.399999999999992e+00  -1.703339326712584e+06  -2.654699225934159e+06  -2.199238102154869e+04  -1.331422463832320e+06  8.199332969912946e+04  2.983932662019423e+04  2.578557071544776e-01  5.310126570492998e-01  2.183568064080351e-02  1.218083953688073e+06  -5.087321003707916e+06  -2.941108758488133e+04  -5.184769064192181e+05  7.385797072657051e+04  -1.713239257464822e+05  -3.570683891596034e-01  8.663567850929970e-01  -7.215866965340552e-02  -1.267514054397462e+06  -1.951133953145129e+06  -9.308016210456060e+04  -2.642105505424554e+06  -6.972064919859506e+03  -6.099009506293604e+04  4.179612423159126e-01  5.014082947283233e-01  -2.589881966765012e-01  3.061802099874282e+05  -1.718046321017660e+06  -1.989095011874166e+04  -1.668941322865288e+05  -3.403687639582549e+04  -6.744566126381388e+03  -1.904750904203805e-01  3.183144806825217e-01  -1.511624603190759e-02  2.009519536700014e+06  9.366529049164972e+05  2.101430902807394e+03  1.164528331545791e+06  -1.160302060949550e+05  -3.658389274657614e+04  -4.483307975748579e-01  -2.126981763667783e-01  -3.695192667271036e-02  1.703339326712586e+06  2.654699225934158e+06  2.199238102154897e+04  1.331422463832320e+06  -8.199332969912939e+04  -2.983932662019452e+04  -2.578557071544778e-01  -5.310126570493001e-01  -2.183568064080362e-02  -3.061802099874259e+05  1.718046321017661e+06  1.989095011874181e+04  1.668941322865289e+05  3.403687639582569e+04  6.744566126381384e+03  1.904750904203799e-01  -3.183144806825220e-01  1.511624603190753e-02  -2.009519536700014e+06  -9.366529049164994e+05  -2.101430902806951e+03  -1.164528331545791e+06  1.160302060949549e+05  3.658389274657614e+04  4.483307975748577e-01  2.126981763667785e-01  3.695192667271061e-02
  1.404999999999992e+00  -1.699274744454323e+06  -2.694237462143939e+06  -3.225264109890796e+04  -1.356086827860774e+06  9.401422400116202e+04  2.863116747923566e+04  2.574922541909497e-01  5.378328356416373e-01  6.244894593492058e-03  1.282013129942789e+06  -5.160106637037626e+06  -4.585028880647118e+04  -5.210379416560435e+05  8.367858482434523e+04  -2.025558263188369e+05  -3.678424760352099e-01  8.722346201886897e-01  -8.185280817721553e-02  -1.234315988960925e+06  -1.938448472944255e+06  -1.143797295195734e+05  -2.665097485379374e+06  -9.952232812525050e+03  -6.935124579317962e+04  4.150372064094332e-01  4.964139885278068e-01  -2.685171561197929e-01  3.621706381679886e+05  -1.771025741521272e+06  -2.589029664086482e+04  -1.631863168423545e+05  -3.308906135465835e+04  -1.913472046051808e+04  -2.031159403024628e-01  3.273146496532193e-01  -1.715143106640117e-02  2.061445382622312e+06  9.232117206226652e+05  6.362344458043753e+03  1.192900511018418e+06  -1.271032853558205e+05  -4.776588793975443e+04  -4.606081944934122e-01  -2.105181859884181e-01  -2.339632565989239e-02  1.699274744454325e+06  2.694237462143939e+06  3.225264109890824e+04  1.356086827860773e+06  -9.401422400116200e+04  -2.863116747923598e+04  -2.574922541909500e-01  -5.378328356416375e-01  -6.244894593492166e-03  -3.621706381679861e+05  1.771025741521273e+06  2.589029664086498e+04  1.631863168423548e+05  3.308906135465852e+04  1.913472046051807e+04  2.031159403024622e-01  -3.273146496532197e-01  1.715143106640109e-02  -2.061445382622313e+06  -9.232117206226677e+05  -6.362344458043252e+03  -1.192900511018418e+06  1.271032853558205e+05  4.776588793975440e+04  4.606081944934121e-01  2.105181859884184e-01  2.339632565989267e-02
  1.409999999999992e+00  -1.691105763996739e+06  -2.726216207095726e+06  -3.007194917678801e+04  -1.378325128126521e+06  8.444906571330142e+04  2.187045147796964e+04  2.558030540913794e-01  5.400287999229026e-01  -7.768340195224103e-03  1.354984163879462e+06  -5.206480504896346e+06  -3.743534365702538e+04  -5.295388777429613e+05  7.731969821627319e+04  -1.933921037833946e+05  -3.677677734793686e-01  8.735557825070384e-01  -8.870816289390424e-02  -1.201332957678593e+06  -1.931671747994573e+06  -1.014620377461316e+05  -2.698453577937830e+06  -1.669026187254609e+04  -6.753916195478574e+04  4.177459182622917e-01  4.960753591446412e-01  -2.703449349532198e-01  4.233107755884122e+05  -1.826472169852831e+06  -2.373079250580768e+04  -1.521383997127335e+05  -3.154529660946319e+04  -2.263060955994664e+04  -2.176164201602621e-01  3.379616631720883e-01  -1.833560174514532e-02  2.114416539585153e+06  8.997440372428922e+05  6.341156670981009e+03  1.226186728413787e+06  -1.159943623227650e+05  -4.450106103791680e+04  -4.734194742516413e-01  -2.020671367508146e-01  -1.056726154992027e-02  1.691105763996742e+06  2.726216207095725e+06  3.007194917678796e+04  1.378325128126520e+06  -8.444906571330162e+04  -2.187045147797005e+04  -2.558030540913795e-01  -5.400287999229033e-01  7.768340195223936e-03  -4.233107755884096e+05  1.826472169852833e+06  2.373079250580808e+04  1.521383997127337e+05  3.154529660946348e+04  2.263060955994641e+04  2.176164201602614e-01  -3.379616631720887e-01  1.833560174514523e-02  -2.114416539585154e+06  -8.997440372428943e+05  -6.341156670980545e+03  -1.226186728413787e+06  1.159943623227650e+05  4.450106103791666e+04  4.734194742516410e-01  2.020671367508150e-01  1.056726154992056e-02
  1.414999999999992e+00  -1.685657929271341e+06  -2.765157659929245e+06  -4.228352946393882e+04  -1.403239405203325e+06  9.602529107596335e+04  1.970704700023953e+04  2.550912066376407e-01  5.462999430606145e-01  -2.323721000805226e-02  1.418085061443737e+06  -5.277678903401348e+06  -5.428129230771986e+04  -5.331327888729810e+05  8.640882875081888e+04  -2.253783164511475e+05  -3.778026364110391e-01  8.786814845477423e-01  -9.795448826784861e-02  -1.169805170531203e+06  -1.919940882736980e+06  -1.228993172919503e+05  -2.721964210171108e+06  -2.116756069629153e+04  -7.609882814258154e+04  4.148389694598730e-01  4.909238372734198e-01  -2.787910106967438e-01  4.814497494709422e+05  -1.880774899122118e+06  -2.932672374915693e+04  -1.479662491419830e+05  -2.985482472673480e+04  -3.693569201846928e+04  -2.305593803153772e-01  3.469952582738022e-01  -2.029910956748006e-02  2.167107678742284e+06  8.843827608071249e+05  1.295680571478254e+04  1.255273156061342e+06  -1.258801158026987e+05  -5.664273901870935e+04  -4.856505869530178e-01  -1.993046847868124e-01  2.938100440573211e-03  1.685657929271343e+06  2.765157659929244e+06  4.228352946393865e+04  1.403239405203325e+06  -9.602529107596360e+04  -1.970704700023997e+04  -2.550912066376409e-01  -5.462999430606150e-01  2.323721000805206e-02  -4.814497494709397e+05  1.880774899122121e+06  2.932672374915734e+04  1.479662491419833e+05  2.985482472673506e+04  3.693569201846905e+04  2.305593803153766e-01  -3.469952582738027e-01  2.029910956747994e-02  -2.167107678742285e+06  -8.843827608071270e+05  -1.295680571478219e+04  -1.255273156061342e+06  1.258801158026987e+05  5.664273901870928e+04  4.856505869530174e-01  1.993046847868128e-01  -2.938100440572938e-03
  1.419999999999992e+00  -1.675777389434516e+06  -2.797114644758590e+06  -4.183628317122084e+04  -1.425811221676770e+06  8.536766588993421e+04  1.317253648847389e+04  2.535093512747072e-01  5.481962030838538e-01  -3.649491593186983e-02  1.491644751737311e+06  -5.318860422677802e+06  -4.379355865790149e+04  -5.440216650557937e+05  7.985594656817897e+04  -2.157619580816426e+05  -3.757729837114242e-01  8.791298631779330e-01  -1.042162490383978e-01  -1.138694955630771e+06  -1.915342408442991e+06  -1.104302502418072e+05  -2.756247264816190e+06  -2.764912737616039e+04  -7.406090799246781e+04  4.180189071478242e-01  4.909637196784762e-01  -2.792640822332008e-01  5.473930791762810e+05  -1.935339184856453e+06  -2.535807135406643e+04  -1.374045063754172e+05  -2.730091807657737e+04  -4.126399558448809e+04  -2.444155208796822e-01  3.573691174979160e-01  -2.133346847441281e-02  2.223170468610798e+06  8.617754599021358e+05  1.647821181715453e+04  1.288406715301352e+06  -1.126685839665122e+05  -5.443653207296249e+04  -4.979248721543890e-01  -1.908270855859382e-01  1.516144745745812e-02  1.675777389434519e+06  2.797114644758589e+06  4.183628317122049e+04  1.425811221676769e+06  -8.536766588993448e+04  -1.317253648847415e+04  -2.535093512747074e-01  -5.481962030838543e-01  3.649491593186964e-02  -5.473930791762784e+05  1.935339184856454e+06  2.535807135406648e+04  1.374045063754177e+05  2.730091807657776e+04  4.126399558448780e+04  2.444155208796816e-01  -3.573691174979164e-01  2.133346847441266e-02  -2.223170468610799e+06  -8.617754599021382e+05  -1.647821181715432e+04  -1.288406715301352e+06  1.126685839665123e+05  5.443653207296239e+04  4.979248721543888e-01  1.908270855859384e-01  -1.516144745745782e-02
  1.424999999999992e+00  -1.664222674885362e+06  -2.827840455327602e+06  -3.804841022187895e+04  -1.449073248193206e+06  7.573360693856807e+04  7.704798128460815e+03  2.521623665528344e-01  5.500627026185166e-01  -4.945756282680042e-02  1.561628943451067e+06  -5.360051642719778e+06  -3.524731122195260e+04  -5.563120328472746e+05  7.393387882907917e+04  -2.044798166605415e+05  -3.730382330445710e-01  8.793028255177127e-01  -1.101340011834288e-01  -1.108414763683129e+06  -1.910664909660727e+06  -9.691248570890422e+04  -2.790721349928974e+06  -3.236333146039840e+04  -7.103414441933500e+04  4.211789366828994e-01  4.911995517928335e-01  -2.794204976632294e-01  6.106527460931580e+05  -1.991221792579296e+06  -2.320004250369285e+04  -1.266349910098913e+05  -2.585783111185406e+04  -4.285101406207655e+04  -2.580963183162631e-01  3.677595504285201e-01  -2.218370516077946e-02  2.274875420978520e+06  8.366186627483055e+05  1.484836771818613e+04  1.322438257183313e+06  -1.015914380504228e+05  -5.055581219053746e+04  -5.102586848690973e-01  -1.823031521899967e-01  2.727385766602212e-02  1.664222674885364e+06  2.827840455327602e+06  3.804841022187885e+04  1.449073248193206e+06  -7.573360693856844e+04  -7.704798128460737e+03  -2.521623665528347e-01  -5.500627026185169e-01  4.945756282680028e-02  -6.106527460931550e+05  1.991221792579297e+06  2.320004250369296e+04  1.266349910098919e+05  2.585783111185458e+04  4.285101406207607e+04  2.580963183162626e-01  -3.677595504285204e-01  2.218370516077927e-02  -2.274875420978521e+06  -8.366186627483078e+05  -1.484836771818599e+04  -1.322438257183314e+06  1.015914380504229e+05  5.055581219053738e+04  5.102586848690971e-01  1.823031521899970e-01  -2.727385766602184e-02
  1.429999999999992e+00  -1.655634301856342e+06  -2.864570510918877e+06  -5.154446875549950e+04  -1.474363689710211e+06  8.586406912107069e+04  3.681829102476961e+03  2.509602865313537e-01  5.552859956812306e-01  -6.445822755666775e-02  1.622628820721305e+06  -5.426851595681553e+06  -5.130496324782894e+04  -5.620408318172331e+05  8.149281431887155e+04  -2.362691666891475e+05  -3.814554395419973e-01  8.830621319250804e-01  -1.184915743958807e-01  -1.081153142512302e+06  -1.901821800881546e+06  -1.177269797250918e+05  -2.815533460557375e+06  -3.910637974514945e+04  -7.961032505895168e+04  4.185625453317027e-01  4.860343844165231e-01  -2.858754092613100e-01  6.712107291151182e+05  -2.047905384145785e+06  -2.853327642236707e+04  -1.215996483163889e+05  -2.320860291934554e+04  -5.967965008559175e+04  -2.713941389858711e-01  3.768130273897825e-01  -2.393998892832595e-02  2.326845030971461e+06  8.166651267730909e+05  2.301119233313304e+04  1.352764041393820e+06  -1.090726720404171e+05  -6.336147918806888e+04  -5.223544255172246e-01  -1.784729682914482e-01  4.051823862834302e-02  1.655634301856345e+06  2.864570510918877e+06  5.154446875549947e+04  1.474363689710210e+06  -8.586406912107104e+04  -3.681829102476883e+03  -2.509602865313540e-01  -5.552859956812308e-01  6.445822755666757e-02  -6.712107291151152e+05  2.047905384145787e+06  2.853327642236718e+04  1.215996483163895e+05  2.320860291934601e+04  5.967965008559127e+04  2.713941389858706e-01  -3.768130273897829e-01  2.393998892832573e-02  -2.326845030971462e+06  -8.166651267730932e+05  -2.301119233313295e+04  -1.352764041393821e+06  1.090726720404170e+05  6.336147918806891e+04  5.223544255172243e-01  1.784729682914486e-01  -4.051823862834274e-02
  1.434999999999991e+00  -1.642348274607300e+06  -2.895136631442169e+06  -4.939714851755332e+04  -1.498002037049551e+06  7.525507302409568e+04  -1.533822515011270e+03  2.497750709554472e-01  5.568901658099018e-01  -7.655128620662750e-02  1.692492138180374e+06  -5.462609455304624e+06  -4.075283153822769e+04  -5.767396595766952e+05  7.542570067073054e+04  -2.244841236300770e+05  -3.767801780451862e-01  8.823848233466844e-01  -1.238210845070084e-01  -1.052822271043907e+06  -1.899240864420610e+06  -1.043735618804059e+05  -2.850891240016467e+06  -4.337464599442183e+04  -7.644807232504273e+04  4.221795971918062e-01  4.866549478752489e-01  -2.847757839319459e-01  7.389648872040819e+05  -2.102369480655124e+06  -2.432319019285364e+04  -1.114800652614111e+05  -2.071563323634456e+04  -6.206939572932220e+04  -2.842625877047678e-01  3.868267883091453e-01  -2.466794625842952e-02  2.381313161811382e+06  7.927671507870440e+05  2.507395832470060e+04  1.386521971788138e+06  -9.597070626044132e+04  -6.053557321431112e+04  -5.340376586602148e-01  -1.700633775007566e-01  5.188333994819930e-02  1.642348274607302e+06  2.895136631442169e+06  4.939714851755366e+04  1.498002037049550e+06  -7.525507302409613e+04  1.533822515011473e+03  -2.497750709554474e-01  -5.568901658099020e-01  7.655128620662731e-02  -7.389648872040792e+05  2.102369480655125e+06  2.432319019285374e+04  1.114800652614118e+05  2.071563323634503e+04  6.206939572932149e+04  2.842625877047673e-01  -3.868267883091457e-01  2.466794625842928e-02  -2.381313161811383e+06  -7.927671507870465e+05  -2.507395832470046e+04  -1.386521971788139e+06  9.597070626044134e+04  6.053557321431090e+04  5.340376586602146e-01  1.700633775007570e-01  -5.188333994819894e-02
  1.439999999999991e+00  -1.627659069673564e+06  -2.924605074141935e+06  -4.429263426833911e+04  -1.522325463190188e+06  6.582071288561547e+04  -5.634518827666085e+03  2.488066018815415e-01  5.584915684177583e-01  -8.833253627180311e-02  1.758720416496905e+06  -5.498324239320672e+06  -3.230179173132808e+04  -5.928352508323453e+05  7.007184012118234e+04  -2.114434023387196e+05  -3.714513445901392e-01  8.814369202020425e-01  -1.288256701314228e-01  -1.025635164261517e+06  -1.896757758656860e+06  -9.052969638588301e+04  -2.886281003291360e+06  -4.604956212232801e+04  -7.238375054431148e+04  4.257064749880740e-01  4.874421023619003e-01  -2.834107109671400e-01  8.036535585708854e+05  -2.158167858376969e+06  -2.222879804279043e+04  -1.012138258727270e+05  -1.941321546961736e+04  -6.173977225631745e+04  -2.969176765215163e-01  3.968157219823959e-01  -2.520805389185725e-02  2.431312628244451e+06  7.664372157649659e+05  2.206383622554945e+04  1.421111637317460e+06  -8.523392835523399e+04  -5.610525342865160e+04  -5.457242784030577e-01  -1.616758464353628e-01  6.312448237994712e-02  1.627659069673567e+06  2.924605074141935e+06  4.429263426833918e+04  1.522325463190187e+06  -6.582071288561607e+04  5.634518827666248e+03  -2.488066018815418e-01  -5.584915684177585e-01  8.833253627180290e-02  -8.036535585708825e+05  2.158167858376970e+06  2.222879804279054e+04  1.012138258727275e+05  1.941321546961783e+04  6.173977225631693e+04  2.969176765215160e-01  -3.968157219823961e-01  2.520805389185700e-02  -2.431312628244451e+06  -7.664372157649683e+05  -2.206383622554886e+04  -1.421111637317460e+06  8.523392835523409e+04  5.610525342865136e+04  5.457242784030574e-01  1.616758464353632e-01  -6.312448237994675e-02
  1.444999999999991e+00  -1.616008142148635e+06  -2.958865289389887e+06  -5.860243085188672e+04  -1.548038146525703e+06  7.435553806907001e+04  -1.134253536663256e+04  2.471878952572930e-01  5.626726861823864e-01  -1.026467969089082e-01  1.817006054284833e+06  -5.560076174944056e+06  -4.729596380186568e+04  -6.008230288711626e+05  7.606193684755929e+04  -2.424024261768037e+05  -3.780824530240824e-01  8.838338845456479e-01  -1.362574488497715e-01  -1.003132424868769e+06  -1.891161669794711e+06  -1.104736541388887e+05  -2.912424354592123e+06  -5.481316317465641e+04  -8.072321086068891e+04  4.234634171463615e-01  4.824109694355272e-01  -2.878933939148134e-01  8.658753154523930e+05  -2.216841258993929e+06  -2.723471652793586e+04  -9.542051237168402e+04  -1.580524851311690e+04  -8.075212937139244e+04  -3.103622527617172e-01  4.057993998398828e-01  -2.675502367832018e-02  2.481883457601028e+06  7.420240303959582e+05  3.136771432395151e+04  1.452617634154018e+06  -9.016078658218817e+04  -6.940959400476019e+04  -5.575501480190100e-01  -1.568732863425041e-01  7.589177323058939e-02  1.616008142148637e+06  2.958865289389887e+06  5.860243085188644e+04  1.548038146525703e+06  -7.435553806907059e+04  1.134253536663272e+04  -2.471878952572932e-01  -5.626726861823866e-01  1.026467969089080e-01  -8.658753154523905e+05  2.216841258993930e+06  2.723471652793589e+04  9.542051237168451e+04  1.580524851311746e+04  8.075212937139196e+04  3.103622527617169e-01  -4.057993998398831e-01  2.675502367831990e-02  -2.481883457601029e+06  -7.420240303959607e+05  -3.136771432395085e+04  -1.452617634154019e+06  9.016078658218822e+04  6.940959400475993e+04  5.575501480190097e-01  1.568732863425045e-01  -7.589177323058899e-02
  1.449999999999991e+00  -1.599603871274651e+06  -2.988034429993518e+06  -5.503286544822229e+04  -1.572774556074213e+06  6.408565881122557e+04  -1.517538902832690e+04  2.464273331960030e-01  5.640475786966205e-01  -1.134697429854773e-01  1.882423101568368e+06  -5.590166371098916e+06  -3.692111261904748e+04  -6.193083912319224e+05  7.061172815022683e+04  -2.288278939554344e+05  -3.708563138932836e-01  8.820629932885998e-01  -1.406925445576368e-01  -9.779176117518179e+05  -1.890632228063191e+06  -9.649686883663945e+04  -2.948622995605388e+06  -5.686784695768369e+04  -7.661933662051610e+04  4.274209466302236e-01  4.835728929582883e-01  -2.853937234412639e-01  9.346695047050891e+05  -2.270693642172331e+06  -2.288440855265443e+04  -8.595454314068360e+04  -1.343162618797954e+04  -8.118972718209022e+04  -3.220514561242841e-01  4.153093877286230e-01  -2.720248573977693e-02  2.534273375979741e+06  7.173407878211885e+05  3.214845689556887e+04  1.486820012933527e+06  -7.751728499920605e+04  -6.601433815376347e+04  -5.684787893202866e-01  -1.487381909679975e-01  8.626725724570178e-02  1.599603871274654e+06  2.988034429993519e+06  5.503286544822250e+04  1.572774556074211e+06  -6.408565881122595e+04  1.517538902832707e+04  -2.464273331960031e-01  -5.640475786966205e-01  1.134697429854771e-01  -9.346695047050866e+05  2.270693642172332e+06  2.288440855265430e+04  8.595454314068388e+04  1.343162618797983e+04  8.118972718209008e+04  3.220514561242838e-01  -4.153093877286233e-01  2.720248573977660e-02  -2.534273375979741e+06  -7.173407878211904e+05  -3.214845689556846e+04  -1.486820012933528e+06  7.751728499920589e+04  6.601433815376346e+04  5.684787893202865e-01  1.487381909679978e-01  -8.626725724570146e-02
  1.454999999999991e+00  -1.582056685341510e+06  -3.016223146476720e+06  -4.890144522367921e+04  -1.598172482601250e+06  5.509560295179821e+04  -1.788034244428466e+04  2.458600773192551e-01  5.654424719502036e-01  -1.239716497064226e-01  1.944184463290211e+06  -5.620159392593943e+06  -2.876595009188247e+04  -6.391619699120491e+05  6.593008453497049e+04  -2.144149846112163e+05  -3.630374775558711e-01  8.800259130832608e-01  -1.448255709437277e-01  -9.541323844990362e+05  -1.890369754489256e+06  -8.258066022821855e+04  -2.984691701221767e+06  -5.754377039579264e+04  -7.171134743239220e+04  4.312209971182097e-01  4.848679265336677e-01  -2.826790272631755e-01  1.000077608211518e+06  -2.325860189501203e+06  -2.089583821504268e+04  -7.640193415451745e+04  -1.231211226223952e+04  -7.898810129384730e+04  -3.334934991701824e-01  4.247520004310649e-01  -2.746099911850015e-02  2.582134293553028e+06  6.903629569755185e+05  2.800560700863730e+04  1.521770548446730e+06  -6.740771521403833e+04  -6.110775884956271e+04  -5.793535764894369e-01  -1.406904715191388e-01  9.651065058792384e-02  1.582056685341512e+06  3.016223146476721e+06  4.890144522367915e+04  1.598172482601249e+06  -5.509560295179850e+04  1.788034244428466e+04  -2.458600773192552e-01  -5.654424719502037e-01  1.239716497064225e-01  -1.000077608211516e+06  2.325860189501203e+06  2.089583821504248e+04  7.640193415451785e+04  1.231211226223961e+04  7.898810129384694e+04  3.334934991701821e-01  -4.247520004310654e-01  2.746099911849982e-02  -2.582134293553028e+06  -6.903629569755204e+05  -2.800560700863687e+04  -1.521770548446732e+06  6.740771521403822e+04  6.110775884956268e+04  5.793535764894365e-01  1.406904715191392e-01  -9.651065058792355e-02
  1.459999999999991e+00  -1.567483746331893e+06  -3.047814244520905e+06  -6.359038875163006e+04  -1.624339952678529e+06  6.193759277076588e+04  -2.506718705447646e+04  2.439036321716441e-01  5.686068644013149e-01  -1.374106195764439e-01  1.999169902028842e+06  -5.676275414769990e+06  -4.247078460870978e+04  -6.494878596135178e+05  7.035403359071816e+04  -2.439499389977638e+05  -3.677457132651515e-01  8.810787545670601e-01  -1.513172272331845e-01  -9.367634934723307e+05  -1.888286246032886e+06  -1.014500420858271e+05  -3.012136680036366e+06  -6.805073244980819e+04  -7.958336506408194e+04  4.294170410389792e-01  4.801024417501676e-01  -2.852480581563523e-01  1.063177340028017e+06  -2.386077368650164e+06  -2.553091261784865e+04  -6.996407372577126e+04  -7.763618940406735e+03  -9.980527009863906e+04  -3.468721591549018e-01  4.335716280206118e-01  -2.880232575592592e-02  2.630661086359909e+06  6.617368758707417e+05  3.805947613378238e+04  1.554375878952756e+06  -6.970121171117335e+04  -7.473808304416278e+04  -5.907757913265452e-01  -1.350352363807032e-01  1.086082938205194e-01  1.567483746331895e+06  3.047814244520905e+06  6.359038875162994e+04  1.624339952678529e+06  -6.193759277076619e+04  2.506718705447639e+04  -2.439036321716443e-01  -5.686068644013149e-01  1.374106195764437e-01  -1.063177340028014e+06  2.386077368650164e+06  2.553091261784828e+04  6.996407372577173e+04  7.763618940406892e+03  9.980527009863869e+04  3.468721591549014e-01  -4.335716280206122e-01  2.880232575592556e-02  -2.630661086359909e+06  -6.617368758707437e+05  -3.805947613378201e+04  -1.554375878952757e+06  6.970121171117325e+04  7.473808304416276e+04  5.907757913265450e-01  1.350352363807036e-01  -1.086082938205191e-01
  1.464999999999991e+00  -1.548270769989762e+06  -3.075562047564030e+06  -5.887476930220518e+04  -1.650179327858984e+06  5.226895848788338e+04  -2.749851816646832e+04  2.435819209383497e-01  5.698079840592033e-01  -1.468910416638134e-01  2.059460382273551e+06  -5.700501844650208e+06  -3.248618776590926e+04  -6.716741400761051e+05  6.562204070083397e+04  -2.289902768051598e+05  -3.580994390838166e-01  8.782496500540408e-01  -1.549111621067532e-01  -9.149198545316034e+05  -1.889775890454842e+06  -8.709557669589746e+04  -3.048908718586744e+06  -6.795003897848638e+04  -7.473394966781605e+04  4.336105176869972e-01  4.817469799141509e-01  -2.815390524966507e-01  1.132230012544741e+06  -2.438786699465713e+06  -2.112521363364609e+04  -6.134558869275503e+04  -5.571055717450129e+03  -9.832965212979041e+04  -3.572113962853791e-01  4.424361885675527e-01  -2.899867860727491e-02  2.680500782534503e+06  6.367753480983190e+05  3.774955566855969e+04  1.588833739166227e+06  -5.784001420533434e+04  -7.083113396332222e+04  -6.007933172237282e-01  -1.273717954916508e-01  1.178923630565400e-01  1.548270769989765e+06  3.075562047564031e+06  5.887476930220474e+04  1.650179327858983e+06  -5.226895848788361e+04  2.749851816646824e+04  -2.435819209383498e-01  -5.698079840592034e-01  1.468910416638133e-01  -1.132230012544739e+06  2.438786699465713e+06  2.112521363364577e+04  6.134558869275532e+04  5.571055717450401e+03  9.832965212979000e+04  3.572113962853786e-01  -4.424361885675531e-01  2.899867860727455e-02  -2.680500782534503e+06  -6.367753480983211e+05  -3.774955566855944e+04  -1.588833739166228e+06  5.784001420533391e+04  7.083113396332231e+04  6.007933172237279e-01  1.273717954916511e-01  -1.178923630565397e-01
  1.469999999999991e+00  -1.532082712642723e+06  -3.105650713919670e+06  -7.399751791538842e+04  -1.676626291393337e+06  5.822971349430428e+04  -3.546289388245222e+04  2.414119338757406e-01  5.724157446744359e-01  -1.598345941328038e-01  2.112224171321807e+06  -5.753935901304691e+06  -4.618441497359618e+04  -6.831945848831531e+05  6.903719734604836e+04  -2.578869975090150e+05  -3.617762988587954e-01  8.785548227395151e-01  -1.608442612865974e-01  -9.000048629053060e+05  -1.889183302216796e+06  -1.051057844360555e+05  -3.076944182725354e+06  -7.954314943824983e+04  -8.241149430464013e+04  4.320060553098062e-01  4.770848705711864e-01  -2.830674589733319e-01  1.195741574792089e+06  -2.499884682668266e+06  -2.569269884053135e+04  -5.459518766047136e+04  -4.092388071412854e+02  -1.203297869378269e+05  -3.705244560985720e-01  4.511324341527463e-01  -3.021222867103141e-02  2.727824287434812e+06  6.057660312514051e+05  4.830481907485781e+04  1.622031103732863e+06  -5.863895230144650e+04  -8.486689305537494e+04  -6.119363899743122e-01  -1.212833105216897e-01  1.296223654617740e-01  1.532082712642726e+06  3.105650713919670e+06  7.399751791538810e+04  1.676626291393337e+06  -5.822971349430447e+04  3.546289388245216e+04  -2.414119338757408e-01  -5.724157446744360e-01  1.598345941328038e-01  -1.195741574792087e+06  2.499884682668267e+06  2.569269884053090e+04  5.459518766047170e+04  4.092388071415281e+02  1.203297869378265e+05  3.705244560985716e-01  -4.511324341527467e-01  3.021222867103102e-02  -2.727824287434812e+06  -6.057660312514072e+05  -4.830481907485762e+04  -1.622031103732865e+06  5.863895230144607e+04  8.486689305537497e+04  6.119363899743118e-01  1.212833105216901e-01  -1.296223654617737e-01
  1.474999999999991e+00  -1.510865494625880e+06  -3.131211425570251e+06  -6.667335552912140e+04  -1.703277399418449e+06  4.904143511487324e+04  -3.725707921856878e+04  2.412136859194902e-01  5.732380028475978e-01  -1.684540602508548e-01  2.167245224735012e+06  -5.774536225657763e+06  -3.703909110143333e+04  -7.078757500554619e+05  6.458617055995182e+04  -2.411743153772695e+05  -3.506109513724551e-01  8.748973211406540e-01  -1.637868082342205e-01  -8.827782583350213e+05  -1.893287238037672e+06  -9.097119782951199e+04  -3.114046874379206e+06  -7.866820202488787e+04  -7.638675717661512e+04  4.362665691318829e-01  4.791009428938416e-01  -2.784133144795756e-01  1.260816569828483e+06  -2.554018990267294e+06  -2.350459780314726e+04  -4.573612769781472e+04  7.752891716787717e+02  -1.165631103646056e+05  -3.803735833001520e-01  4.597480921934503e-01  -3.015173209733325e-02  2.771682064454362e+06  5.771924353029582e+05  4.316875772597490e+04  1.657541271720632e+06  -4.826614594319525e+04  -7.930603114603738e+04  -6.215872692196418e-01  -1.134899106541475e-01  1.383023281535231e-01  1.510865494625882e+06  3.131211425570251e+06  6.667335552912149e+04  1.703277399418448e+06  -4.904143511487327e+04  3.725707921856856e+04  -2.412136859194905e-01  -5.732380028475976e-01  1.684540602508548e-01  -1.260816569828480e+06  2.554018990267295e+06  2.350459780314653e+04  4.573612769781493e+04  -7.752891716784345e+02  1.165631103646051e+05  3.803735833001516e-01  -4.597480921934508e-01  3.015173209733285e-02  -2.771682064454362e+06  -5.771924353029602e+05  -4.316875772597495e+04  -1.657541271720634e+06  4.826614594319480e+04  7.930603114603717e+04  6.215872692196412e-01  1.134899106541479e-01  -1.383023281535228e-01
  1.479999999999990e+00  -1.489168877699838e+06  -3.157493705452606e+06  -6.107663301857585e+04  -1.730197090597303e+06  4.020145292286841e+04  -3.831016561723310e+04  2.413322618609355e-01  5.743117885536132e-01  -1.765514570961280e-01  2.221806358406547e+06  -5.792750654987237e+06  -2.762667619727920e+04  -7.336181821032522e+05  6.064265505717792e+04  -2.252466542312142e+05  -3.387071412284503e-01  8.710474740539249e-01  -1.666054389843505e-01  -8.644782709153628e+05  -1.896700531482996e+06  -7.646717963145049e+04  -3.151096100309034e+06  -7.652329284622139e+04  -7.099408808521750e+04  4.405866268631096e-01  4.811525020713621e-01  -2.736984280875758e-01  1.329346531194827e+06  -2.605043588796702e+06  -1.911319921640733e+04  -3.813821910005616e+04  2.724636738222351e+03  -1.132614676100138e+05  -3.892148693661516e-01  4.678302069393842e-01  -3.012887837366443e-02  2.818515408894664e+06  5.524501166559063e+05  4.196343380216935e+04  1.692058871497244e+06  -3.747681618464656e+04  -7.495130199278120e+04  -6.305471312270864e-01  -1.064815816142292e-01  1.464225787224651e-01  1.489168877699839e+06  3.157493705452607e+06  6.107663301857599e+04  1.730197090597301e+06  -4.020145292286846e+04  3.831016561723293e+04  -2.413322618609356e-01  -5.743117885536133e-01  1.765514570961280e-01  -1.329346531194825e+06  2.605043588796703e+06  1.911319921640669e+04  3.813821910005643e+04  -2.724636738222188e+03  1.132614676100136e+05  3.892148693661512e-01  -4.678302069393846e-01  3.012887837366404e-02  -2.818515408894664e+06  -5.524501166559079e+05  -4.196343380216952e+04  -1.692058871497246e+06  3.747681618464625e+04  7.495130199278099e+04  6.305471312270861e-01  1.064815816142296e-01  -1.464225787224648e-01
  1.484999999999990e+00  -1.470340159574753e+06  -3.184662669975630e+06  -7.593769593608793e+04  -1.757105153799319e+06  4.435541373915128e+04  -4.742481919791000e+04  2.389498028211214e-01  5.759698327244550e-01  -1.883764781886665e-01  2.270386310614136e+06  -5.839766541642630e+06  -3.977024101178962e+04  -7.475110783544426e+05  6.252468905435797e+04  -2.518570852552741e+05  -3.403088185889983e-01  8.700556441973675e-01  -1.716074514199511e-01  -8.550924463368405e+05  -1.899888686136263e+06  -9.313185217946627e+04  -3.180291348194525e+06  -8.940701610085163e+04  -7.791270835401585e+04  4.394985231732254e-01  4.769254876505160e-01  -2.734584683391896e-01  1.392455353518839e+06  -2.666951196514083e+06  -2.332929655864832e+04  -3.091776407118865e+04  8.758869520499338e+03  -1.364477050667906e+05  -4.021323745453586e-01  4.762093813898031e-01  -3.114718251285198e-02  2.862795513093591e+06  5.177114734615487e+05  5.260839937744058e+04  1.726187389728128e+06  -3.559654421865247e+04  -8.902288586888107e+04  -6.410821773664794e-01  -9.976045133465214e-02  1.572292956758161e-01  1.470340159574755e+06  3.184662669975630e+06  7.593769593608784e+04  1.757105153799317e+06  -4.435541373915132e+04  4.742481919790981e+04  -2.389498028211216e-01  -5.759698327244551e-01  1.883764781886665e-01  -1.392455353518836e+06  2.666951196514084e+06  2.332929655864746e+04  3.091776407118903e+04  -8.758869520499220e+03  1.364477050667903e+05  4.021323745453582e-01  -4.762093813898035e-01  3.114718251285154e-02  -2.862795513093591e+06  -5.177114734615505e+05  -5.260839937744087e+04  -1.726187389728129e+06  3.559654421865210e+04  8.902288586888093e+04  6.410821773664791e-01  9.976045133465253e-02  -1.572292956758158e-01
  1.489999999999990e+00  -1.447039578093605e+06  -3.208868925320794e+06  -6.803668354732929e+04  -1.784785935046552e+06  3.607819672500698e+04  -4.774162163570269e+04  2.392009152350159e-01  5.767123601496582e-01  -1.955768105591667e-01  2.319551273031886e+06  -5.854113409198508e+06  -3.119954069765783e+04  -7.756659915593193e+05  5.894873585225120e+04  -2.344144606569577e+05  -3.269402852698892e-01  8.654044667575078e-01  -1.738250091947167e-01  -8.416161935560425e+05  -1.906024744138608e+06  -7.935059710735505e+04  -3.217418721777847e+06  -8.659825253045754e+04  -7.136886803743438e+04  4.438280917720038e-01  4.793445671617539e-01  -2.679191501041484e-01  1.456495795309633e+06  -2.719005205450646e+06  -2.122154985866717e+04  -2.320494236357460e+04  9.653393145143606e+03  -1.308223868947505e+05  -4.103651554287905e-01  4.839545553797147e-01  -3.088176486467266e-02  2.903535373403237e+06  4.898637198701481e+05  4.681513368866318e+04  1.761580992682974e+06  -2.642480357986383e+04  -8.308076525904781e+04  -6.495660706638058e-01  -9.275780476994354e-02  1.646950456944956e-01  1.447039578093606e+06  3.208868925320793e+06  6.803668354732923e+04  1.784785935046549e+06  -3.607819672500709e+04  4.774162163570278e+04  -2.392009152350159e-01  -5.767123601496582e-01  1.955768105591666e-01  -1.456495795309631e+06  2.719005205450648e+06  2.122154985866653e+04  2.320494236357505e+04  -9.653393145143345e+03  1.308223868947503e+05  4.103651554287900e-01  -4.839545553797153e-01  3.088176486467223e-02  -2.903535373403236e+06  -4.898637198701499e+05  -4.681513368866326e+04  -1.761580992682974e+06  2.642480357986360e+04  8.308076525904765e+04  6.495660706638053e-01  9.275780476994393e-02  -1.646950456944952e-01
  1.494999999999990e+00  -1.423193532517110e+06  -3.233621262541950e+06  -6.180495699105942e+04  -1.812735420937452e+06  2.825486130184551e+04  -4.747749199190762e+04  2.397497398530288e-01  5.776948688465601e-01  -2.022808472571409e-01  2.367864120046877e+06  -5.866214800299301e+06  -2.250886413760237e+04  -8.047645383805289e+05  5.583284388872585e+04  -2.179369016086252e+05  -3.129689513323302e-01  8.605725328382804e-01  -1.759438817053078e-01  -8.269501247474506e+05  -1.911207565441841e+06  -6.490588290511157e+04  -3.254425262458935e+06  -8.256660277759010e+04  -6.563483170163046e+04  4.481634203670613e-01  4.817135558088868e-01  -2.624093555606414e-01  1.523733000272409e+06  -2.767802573336624e+06  -1.690106391088368e+04  -1.677735785257140e+04  1.129976743950641e+04  -1.258248500060380e+05  -4.175846485340282e-01  4.911243409139768e-01  -3.067328743329240e-02  2.946926532789518e+06  4.658186892053272e+05  4.490389308017649e+04  1.795958063084878e+06  -1.695509386233930e+04  -7.834735801413016e+04  -6.573343883870564e-01  -8.657052793258323e-02  1.716075598238500e-01  1.423193532517112e+06  3.233621262541950e+06  6.180495699105902e+04  1.812735420937449e+06  -2.825486130184577e+04  4.747749199190753e+04  -2.397497398530288e-01  -5.776948688465601e-01  2.022808472571409e-01  -1.523733000272406e+06  2.767802573336625e+06  1.690106391088293e+04  1.677735785257189e+04  -1.129976743950625e+04  1.258248500060377e+05  4.175846485340276e-01  -4.911243409139773e-01  3.067328743329197e-02  -2.946926532789518e+06  -4.658186892053288e+05  -4.490389308017642e+04  -1.795958063084879e+06  1.695509386233933e+04  7.834735801413037e+04  6.573343883870558e-01  8.657052793258362e-02  -1.716075598238496e-01
  1.499999999999990e+00  -1.402005176593386e+06  -3.257821456200316e+06  -7.609015249398905e+04  -1.840091641842717e+06  3.063472141206713e+04  -5.748609868859172e+04  2.372389804576641e-01  5.784689923804697e-01  -2.128797898890458e-01  2.411777170816002e+06  -5.906397449680598e+06  -3.299403193036583e+04  -8.209966188281461e+05  5.627933028208926e+04  -2.418082825946929e+05  -3.124445287897812e-01  8.583291686505939e-01  -1.800503589476509e-01  -8.231618402594882e+05  -1.918191627912241e+06  -8.013912713332607e+04  -3.284603520326294e+06  -9.641525894173257e+04  -7.163443176507979e+04  4.476106466454343e-01  4.780010293619828e-01  -2.605437532214218e-01  1.585643877961671e+06  -2.829946632513894e+06  -2.075716973268077e+04  -9.213635465604410e+03  1.813931890109625e+04  -1.497581971717277e+05  -4.298987585146052e-01  4.990846826375600e-01  -3.151041920743120e-02  2.987649054555056e+06  4.278748236864219e+05  5.533298276130945e+04  1.830878006377110e+06  -1.249540251097118e+04  -9.227209848313575e+04  -6.671377389722687e-01  -7.938430974290946e-02  1.813693706816161e-01  1.402005176593388e+06  3.257821456200316e+06  7.609015249398876e+04  1.840091641842715e+06  -3.063472141206737e+04  5.748609868859161e+04  -2.372389804576641e-01  -5.784689923804696e-01  2.128797898890458e-01  -1.585643877961668e+06  2.829946632513896e+06  2.075716973267993e+04  9.213635465604792e+03  -1.813931890109616e+04  1.497581971717274e+05  4.298987585146047e-01  -4.990846826375606e-01  3.151041920743073e-02  -2.987649054555055e+06  -4.278748236864234e+05  -5.533298276130909e+04  -1.830878006377112e+06  1.249540251097109e+04  9.227209848313595e+04  6.671377389722680e-01  7.938430974290984e-02  -1.813693706816157e-01
  1.504999999999990e+00  -1.376955008429402e+06  -3.280613478007507e+06  -6.787608196334647e+04  -1.868725972007990e+06  2.342743439897740e+04  -5.641321638423744e+04  2.379254371969136e-01  5.791677073441851e-01  -2.186704651474465e-01  2.454620510813582e+06  -5.914430654616132e+06  -2.513641044952462e+04  -8.523860476379094e+05  5.360106528921147e+04  -2.240704678311281e+05  -2.970836911845385e-01  8.527255727218411e-01  -1.816252546365078e-01  -8.134266754793320e+05  -1.926134729389074e+06  -6.689496449101489e+04  -3.321415850168955e+06  -9.185210519797218e+04  -6.479401570837907e+04  4.518959991189334e-01  4.807212204902180e-01  -2.543366465516144e-01  1.647956717303986e+06  -2.879333541243955e+06  -1.873231891699417e+04  -2.794495983460763e+03  1.870103345136142e+04  -1.424512856377758e+05  -4.364008315432586e-01  5.058302915171256e-01  -3.107691780137525e-02  3.024911725733384e+06  4.012799367635516e+05  4.914376304635304e+04  1.865931476024526e+06  -4.726400947616196e+03  -8.603806925353805e+04  -6.743262687401718e-01  -7.333741582705937e-02  1.875935473460727e-01  1.376955008429402e+06  3.280613478007507e+06  6.787608196334621e+04  1.868725972007987e+06  -2.342743439897760e+04  5.641321638423752e+04  -2.379254371969137e-01  -5.791677073441850e-01  2.186704651474463e-01  -1.647956717303984e+06  2.879333541243956e+06  1.873231891699345e+04  2.794495983461210e+03  -1.870103345136128e+04  1.424512856377755e+05  4.364008315432580e-01  -5.058302915171261e-01  3.107691780137480e-02  -3.024911725733386e+06  -4.012799367635529e+05  -4.914376304635295e+04  -1.865931476024527e+06  4.726400947616217e+03  8.603806925353820e+04  6.743262687401711e-01  7.333741582705974e-02  -1.875935473460723e-01
  1.509999999999990e+00  -1.351296948138914e+06  -3.303751866937348e+06  -6.123091291396269e+04  -1.897627128791966e+06  1.676630705072917e+04  -5.492561219003915e+04  2.388844438652870e-01  5.800837587576442e-01  -2.239987054161977e-01  2.496254655416979e+06  -5.920363950604194e+06  -1.728426714880854e+04  -8.845899905701444e+05  5.132183794130031e+04  -2.074511523522468e+05  -2.812576368693335e-01  8.469507275997877e-01  -1.831266790243561e-01  -8.024043807969281e+05  -1.932879460158335e+06  -5.269787584522591e+04  -3.358041361212220e+06  -8.613005356128146e+04  -5.891421169153430e+04  4.561359967167184e-01  4.833070610628006e-01  -2.482453947616503e-01  1.713152648120813e+06  -2.925369627115247e+06  -1.452877505702813e+04  2.338272259957620e+03  1.998975634542303e+04  -1.359247940254608e+05  -4.418997483071365e-01  5.119673268560911e-01  -3.071734794630034e-02  3.064449596259725e+06  3.783822398221017e+05  4.670213785693512e+04  1.899965401051921e+06  3.223449294693561e+03  -8.099918183542104e+04  -6.807841921724231e-01  -6.811643190155327e-02  1.932813574698988e-01  1.351296948138916e+06  3.303751866937347e+06  6.123091291396259e+04  1.897627128791964e+06  -1.676630705072936e+04  5.492561219003917e+04  -2.388844438652871e-01  -5.800837587576445e-01  2.239987054161977e-01  -1.713152648120811e+06  2.925369627115248e+06  1.452877505702741e+04  -2.338272259957274e+03  -1.998975634542283e+04  1.359247940254604e+05  4.418997483071361e-01  -5.119673268560916e-01  3.071734794629990e-02  -3.064449596259725e+06  -3.783822398221028e+05  -4.670213785693537e+04  -1.899965401051922e+06  -3.223449294693625e+03  8.099918183542127e+04  6.807841921724226e-01  6.811643190155357e-02  -1.932813574698984e-01
  1.514999999999990e+00  -1.328072860688915e+06  -3.324987902720287e+06  -7.468444128492144e+04  -1.925396808375100e+06  1.744933285736421e+04  -6.556697915217625e+04  2.363276580755753e-01  5.800505824749116e-01  -2.332963718606536e-01  2.535069590163109e+06  -5.953373316220020e+06  -2.605590000423840e+04  -9.030852920783128e+05  5.045631868980916e+04  -2.282034374514641e+05  -2.785910449226304e-01  8.435083837825841e-01  -1.863878116660720e-01  -8.041579301673375e+05  -1.943567720283133e+06  -6.645154516836783e+04  -3.388971455249843e+06  -1.006170093291843e+05  -6.386859164842949e+04  4.561184567932980e-01  4.801641353454987e-01  -2.449212049577142e-01  1.773096972364336e+06  -2.987135463543908e+06  -1.802246100972461e+04  1.011643041278237e+04  2.754918499570658e+04  -1.601635158342840e+05  -4.534115837810657e-01  5.194062815159635e-01  -3.138945533083431e-02  3.101169833053249e+06  3.378524391763799e+05  5.666198027519768e+04  1.935513238787880e+06  1.009985213834210e+04  -9.459653668210718e+04  -6.897392418566407e-01  -6.064430095894820e-02  2.019069165298208e-01  1.328072860688917e+06  3.324987902720287e+06  7.468444128492137e+04  1.925396808375098e+06  -1.744933285736440e+04  6.556697915217630e+04  -2.363276580755754e-01  -5.800505824749118e-01  2.332963718606536e-01  -1.773096972364334e+06  2.987135463543909e+06  1.802246100972374e+04  -1.011643041278215e+04  -2.754918499570644e+04  1.601635158342838e+05  4.534115837810654e-01  -5.194062815159639e-01  3.138945533083384e-02  -3.101169833053248e+06  -3.378524391763811e+05  -5.666198027519775e+04  -1.935513238787881e+06  -1.009985213834228e+04  9.459653668210740e+04  6.897392418566400e-01  6.064430095894851e-02  -2.019069165298204e-01
  1.519999999999990e+00  -1.301604333461009e+06  -3.346283450907411e+06  -6.638939365325772e+04  -1.954882446135331e+06  1.142767832433110e+04  -6.322398107992287e+04  2.374256280866511e-01  5.807287585530830e-01  -2.377132488422427e-01  2.571213411200273e+06  -5.955079075990191e+06  -1.901697925565682e+04  -9.374229321545758e+05  4.866864387852136e+04  -2.105883520384086e+05  -2.614694966583916e-01  8.369932491790130e-01  -1.874070889014624e-01  -7.980771331081042e+05  -1.953041157222746e+06  -5.389976472668247e+04  -3.425115666250055e+06  -9.451258652506657e+04  -5.694495754244192e+04  4.602483017332368e-01  4.830734735454776e-01  -2.382630893540001e-01  1.833013989740961e+06  -3.033285299428833e+06  -1.607500285383368e+04  1.512089442618360e+04  2.774265647482540e+04  -1.513863936730211e+05  -4.580950606194834e-01  5.250339634921618e-01  -3.082525627188372e-02  3.134618323201968e+06  3.129981514785761e+05  5.031439079942502e+04  1.970003340561512e+06  1.631497815049397e+04  -8.816241259309783e+04  -6.955206887061339e-01  -5.569479506092084e-02  2.068879925703605e-01  1.301604333461011e+06  3.346283450907410e+06  6.638939365325801e+04  1.954882446135328e+06  -1.142767832433132e+04  6.322398107992288e+04  -2.374256280866511e-01  -5.807287585530830e-01  2.377132488422427e-01  -1.833013989740960e+06  3.033285299428834e+06  1.607500285383310e+04  -1.512089442618338e+04  -2.774265647482523e+04  1.513863936730209e+05  4.580950606194830e-01  -5.250339634921624e-01  3.082525627188326e-02  -3.134618323201969e+06  -3.129981514785778e+05  -5.031439079942475e+04  -1.970003340561513e+06  -1.631497815049407e+04  8.816241259309796e+04  6.955206887061335e-01  5.569479506092118e-02  -2.068879925703601e-01
  1.524999999999989e+00  -1.277272825425154e+06  -3.365821707043794e+06  -7.969276383030594e+04  -1.982844020878613e+06  1.106830669885930e+04  -7.428575231047995e+04  2.348094369980370e-01  5.802548632716206e-01  -2.462607605721477e-01  2.606831559957715e+06  -5.984478827012800e+06  -2.737624113432515e+04  -9.570344891887069e+05  4.685373920240913e+04  -2.296903150022800e+05  -2.576696579342299e-01  8.328812117315991e-01  -1.901817689946013e-01  -8.024621277768137e+05  -1.965307165365209e+06  -6.633181032950271e+04  -3.456321550736756e+06  -1.094757272063884e+05  -6.152032868961921e+04  4.605054581374449e-01  4.801811661541309e-01  -2.341730465049510e-01  1.891858480866899e+06  -3.094813627818767e+06  -1.938113143997424e+04  2.298740652984982e+04  3.587873680985417e+04  -1.761820482767673e+05  -4.691131811998127e-01  5.321256923262945e-01  -3.143118156802960e-02  3.169131306292051e+06  2.710080792250248e+05  6.031163239033276e+04  2.005831427408461e+06  2.481043011099457e+04  -1.018962959662870e+05  -7.039226181978490e-01  -4.812917094532580e-02  2.148295790041196e-01  1.277272825425156e+06  3.365821707043793e+06  7.969276383030621e+04  1.982844020878611e+06  -1.106830669885952e+04  7.428575231047992e+04  -2.348094369980369e-01  -5.802548632716206e-01  2.462607605721477e-01  -1.891858480866897e+06  3.094813627818768e+06  1.938113143997358e+04  -2.298740652984954e+04  -3.587873680985410e+04  1.761820482767670e+05  4.691131811998123e-01  -5.321256923262951e-01  3.143118156802913e-02  -3.169131306292051e+06  -2.710080792250263e+05  -6.031163239033239e+04  -2.005831427408462e+06  -2.481043011099472e+04  1.018962959662871e+05  7.039226181978486e-01  4.812917094532611e-02  -2.148295790041192e-01
  1.529999999999989e+00  -1.249567665092359e+06  -3.386030077398593e+06  -7.194907504972428e+04  -2.012756103113835e+06  5.132849939596977e+03  -7.164890205176342e+04  2.362420277646314e-01  5.808354049348627e-01  -2.496608234368201e-01  2.639172593888549e+06  -5.980405021845095e+06  -1.913641828944982e+04  -9.930782776389112e+05  4.517318931300983e+04  -2.115458871893010e+05  -2.392289845489242e-01  8.257311028305930e-01  -1.908551236503795e-01  -7.977522702085199e+05  -1.975289620143617e+06  -5.237781011339438e+04  -3.492409471393580e+06  -1.021327742505830e+05  -5.492096483730326e+04  4.647845141474702e-01  4.832244874862097e-01  -2.272050243733306e-01  1.952700787080088e+06  -3.136782024581633e+06  -1.515843881861521e+04  2.672419009514709e+04  3.680331637211214e+04  -1.676373033581772e+05  -4.723230138648919e-01  5.368449508217191e-01  -3.087391103701927e-02  3.202268452172444e+06  2.492480528169586e+05  5.679063623110965e+04  2.039480293208980e+06  3.167046643251492e+04  -9.598840130641365e+04  -7.085650416295233e-01  -4.399045411314334e-02  2.187869123998024e-01  1.249567665092360e+06  3.386030077398592e+06  7.194907504972401e+04  2.012756103113832e+06  -5.132849939596940e+03  7.164890205176319e+04  -2.362420277646315e-01  -5.808354049348627e-01  2.496608234368202e-01  -1.952700787080086e+06  3.136782024581634e+06  1.515843881861473e+04  -2.672419009514707e+04  -3.680331637211204e+04  1.676373033581769e+05  4.723230138648917e-01  -5.368449508217196e-01  3.087391103701885e-02  -3.202268452172445e+06  -2.492480528169609e+05  -5.679063623110935e+04  -2.039480293208981e+06  -3.167046643251496e+04  9.598840130641354e+04  7.085650416295227e-01  4.399045411314369e-02  -2.187869123998019e-01
  1.534999999999989e+00  -1.222004474435133e+06  -3.405726264878482e+06  -6.377006992542041e+04  -2.042966074369983e+06  3.691385761469822e+02  -6.818097505573198e+04  2.377194450003120e-01  5.815034152460097e-01  -2.527631602242312e-01  2.668329145525637e+06  -5.975813583977150e+06  -1.298960822539147e+04  -1.030036329328609e+06  4.424185803732100e+04  -1.944450646724519e+05  -2.205941380269742e-01  8.183446376016784e-01  -1.914077750890190e-01  -7.951665257124348e+05  -1.985972320123106e+06  -4.064529130666762e+04  -3.527524372101109e+06  -9.472569057117120e+04  -4.811307984990272e+04  4.686517750186017e-01  4.862041983263935e-01  -2.203074737451982e-01  2.009586821564243e+06  -3.179151038367658e+06  -1.327859117882750e+04  3.022053264843561e+04  3.660241599748038e+04  -1.576281217793149e+05  -4.751266709414221e-01  5.412491376217652e-01  -3.021630103931192e-02  3.231591295999373e+06  2.265752265108217e+05  5.049147874659328e+04  2.073186607018416e+06  3.623327742133344e+04  -8.944714672358285e+04  -7.128461159417335e-01  -4.025427762424421e-02  2.225468591849207e-01  1.222004474435134e+06  3.405726264878481e+06  6.377006992542007e+04  2.042966074369980e+06  -3.691385761471720e+02  6.818097505573172e+04  -2.377194450003121e-01  -5.815034152460098e-01  2.527631602242312e-01  -2.009586821564240e+06  3.179151038367659e+06  1.327859117882693e+04  -3.022053264843560e+04  -3.660241599748044e+04  1.576281217793146e+05  4.751266709414217e-01  -5.412491376217657e-01  3.021630103931149e-02  -3.231591295999372e+06  -2.265752265108238e+05  -5.049147874659341e+04  -2.073186607018417e+06  -3.623327742133340e+04  8.944714672358241e+04  7.128461159417333e-01  4.025427762424461e-02  -2.225468591849203e-01
  1.539999999999989e+00  -1.196146273249201e+06  -3.422327801773131e+06  -7.584984180525746e+04  -2.071238122066736e+06  -1.529636761993378e+03  -7.949531211798186e+04  2.351790626564394e-01  5.803480489561075e-01  -2.599482871121510e-01  2.698249973363650e+06  -5.997634906732461e+06  -1.960786540169873e+04  -1.051719188855119e+06  4.132384225329304e+04  -2.099129687471422e+05  -2.146863373951544e-01  8.131209964538627e-01  -1.934323777457291e-01  -8.048354404820844e+05  -2.001666950444221e+06  -5.154596056816518e+04  -3.559052078128670e+06  -1.098229831610638e+05  -5.150962543505926e+04  4.694205225475263e-01  4.839238522835729e-01  -2.150501540128135e-01  2.065294672823505e+06  -3.239338640280319e+06  -1.628207378447925e+04  3.811000625544402e+04  4.528441038793445e+04  -1.820433164898020e+05  -4.850565524354697e-01  5.476617337847498e-01  -3.068103807395788e-02  3.261440946072703e+06  1.829891614928105e+05  5.956776802077903e+04  2.109348128322178e+06  4.681404714992798e+04  -1.025480043718201e+05  -7.202356150919084e-01  -3.268631517135735e-02  2.292672490381946e-01  1.196146273249202e+06  3.422327801773130e+06  7.584984180525734e+04  2.071238122066734e+06  1.529636761993175e+03  7.949531211798149e+04  -2.351790626564394e-01  -5.803480489561076e-01  2.599482871121511e-01  -2.065294672823502e+06  3.239338640280320e+06  1.628207378447852e+04  -3.811000625544400e+04  -4.528441038793459e+04  1.820433164898018e+05  4.850565524354693e-01  -5.476617337847504e-01  3.068103807395745e-02  -3.261440946072703e+06  -1.829891614928126e+05  -5.956776802077877e+04  -2.109348128322180e+06  -4.681404714992789e+04  1.025480043718196e+05  7.202356150919083e-01  3.268631517135774e-02  -2.292672490381942e-01
  1.544999999999989e+00  -1.167524201815651e+06  -3.440820386907282e+06  -6.810488629995365e+04  -2.101831807963527e+06  -6.035764287138931e+03  -7.576874044366437e+04  2.369878170515798e-01  5.809243586045334e-01  -2.620826352420608e-01  2.723239580615886e+06  -5.987364411739282e+06  -1.239457270117807e+04  -1.090158023307276e+06  4.050931384116297e+04  -1.923637048346999e+05  -1.949011484082732e-01  8.051376211286305e-01  -1.936998215783559e-01  -8.033603246848728e+05  -2.012446607798218e+06  -3.820754676756557e+04  -3.593871412643627e+06  -1.011449377476285e+05  -4.510121595322094e+04  4.733631206575644e-01  4.869551002239514e-01  -2.080115045855275e-01  2.122467003972014e+06  -3.277176609475682e+06  -1.218941636413211e+04  4.031713731642642e+04  4.572009122640879e+04  -1.722189480663841e+05  -4.863524703644951e-01  5.510996222151554e-01  -3.005359192537479e-02  3.289991205787661e+06  1.636437774315995e+05  5.591546993582204e+04  2.142148945279952e+06  5.175585551354798e+04  -9.645020762271936e+04  -7.233402874160744e-01  -2.982473638937779e-02  2.320290433166875e-01  1.167524201815651e+06  3.440820386907282e+06  6.810488629995361e+04  2.101831807963525e+06  6.035764287138775e+03  7.576874044366414e+04  -2.369878170515800e-01  -5.809243586045335e-01  2.620826352420609e-01  -2.122467003972012e+06  3.277176609475683e+06  1.218941636413147e+04  -4.031713731642644e+04  -4.572009122640914e+04  1.722189480663838e+05  4.863524703644947e-01  -5.510996222151557e-01  3.005359192537439e-02  -3.289991205787661e+06  -1.636437774316012e+05  -5.591546993582174e+04  -2.142148945279953e+06  -5.175585551354782e+04  9.645020762271907e+04  7.233402874160743e-01  2.982473638937823e-02  -2.320290433166871e-01
  1.549999999999989e+00  -1.139178091297700e+06  -3.458796280612298e+06  -6.020222083774358e+04  -2.132616218683745e+06  -9.511393711484505e+03  -7.134025140192326e+04  2.388059816544205e-01  5.815798974424514e-01  -2.639498189819022e-01  2.745212177412897e+06  -5.976547377728888e+06  -7.182470816254671e+03  -1.129373120274527e+06  4.037621239587781e+04  -1.761341748818941e+05  -1.750114207519455e-01  7.969192897988253e-01  -1.938742246955914e-01  -8.040435884013553e+05  -2.023980852959081e+06  -2.739331234117184e+04  -3.627592721778052e+06  -9.269104907458172e+04  -3.858942258490111e+04  4.768668191990822e-01  4.898827789175528e-01  -2.010766879950432e-01  2.175727601839264e+06  -3.315255723798369e+06  -1.036645185439512e+04  4.223991115572063e+04  4.510947394024613e+04  -1.612348772987298e+05  -4.872414770225476e-01  5.541893326882422e-01  -2.933915636901797e-02  3.314905693136961e+06  1.435405568139266e+05  4.983576898334951e+04  2.174856129839465e+06  5.462086765173068e+04  -8.989462589680661e+04  -7.260474586769677e-01  -2.739056475420888e-02  2.346106626128856e-01  1.139178091297700e+06  3.458796280612297e+06  6.020222083774387e+04  2.132616218683742e+06  9.511393711484050e+03  7.134025140192301e+04  -2.388059816544206e-01  -5.815798974424514e-01  2.639498189819022e-01  -2.175727601839260e+06  3.315255723798370e+06  1.036645185439451e+04  -4.223991115572080e+04  -4.510947394024649e+04  1.612348772987296e+05  4.872414770225473e-01  -5.541893326882427e-01  2.933915636901759e-02  -3.314905693136960e+06  -1.435405568139282e+05  -4.983576898334861e+04  -2.174856129839465e+06  -5.462086765173057e+04  8.989462589680629e+04  7.260474586769673e-01  2.739056475420932e-02  -2.346106626128852e-01
  1.554999999999989e+00  -1.112193417392934e+06  -3.472581376039748e+06  -7.095470302058247e+04  -2.161107171192621e+06  -1.277817920190827e+04  -8.265738595036198e+04  2.364121002993419e-01  5.798337400415700e-01  -2.697737521125209e-01  2.769157401348799e+06  -5.990638762716652e+06  -1.211447665084662e+04  -1.152955001644321e+06  3.652550931459098e+04  -1.877870549787154e+05  -1.670636714082520e-01  7.906464772050796e-01  -1.952245691547449e-01  -8.186620756862203e+05  -2.042769554646782e+06  -3.681539236754266e+04  -3.659094251024896e+06  -1.076219446075717e+05  -4.076215828805458e+04  4.781011867547522e-01  4.882068552951650e-01  -1.948586127173490e-01  2.227650486503864e+06  -3.373415436099922e+06  -1.306942844417080e+04  5.002476868286730e+04  5.420975726235898e+04  -1.848539651538700e+05  -4.959202013831793e-01  5.598243974162939e-01  -2.968072419109064e-02  3.339843903896794e+06  9.916593993982347e+04  5.788527457641279e+04  2.211131939875488e+06  6.698793646426735e+04  -1.021965792035081e+05  -7.323323016825209e-01  -2.000934262527584e-02  2.400930279214316e-01  1.112193417392934e+06  3.472581376039747e+06  7.095470302058286e+04  2.161107171192619e+06  1.277817920190781e+04  8.265738595036171e+04  -2.364121002993421e-01  -5.798337400415701e-01  2.697737521125210e-01  -2.227650486503860e+06  3.373415436099923e+06  1.306942844417011e+04  -5.002476868286748e+04  -5.420975726235931e+04  1.848539651538699e+05  4.959202013831790e-01  -5.598243974162943e-01  2.968072419109025e-02  -3.339843903896793e+06  -9.916593993982494e+04  -5.788527457641170e+04  -2.211131939875489e+06  -6.698793646426710e+04  1.021965792035077e+05  7.323323016825206e-01  2.000934262527630e-02  -2.400930279214313e-01
  1.559999999999989e+00  -1.082968927737160e+06  -3.489233331657150e+06  -6.336000697137348e+04  -2.192217011663041e+06  -1.583639806693807e+04  -7.801196019376675e+04  2.385520299696434e-01  5.803960531593689e-01  -2.707372350215086e-01  2.786672435706813e+06  -5.974277398514371e+06  -5.966421934641811e+03  -1.193403610328883e+06  3.650690486859168e+04  -1.711948352131893e+05  -1.462013468662792e-01  7.818689641359006e-01  -1.951738557009994e-01  -8.201629853472206e+05  -2.053967410290109e+06  -2.420803499305868e+04  -3.692267092145209e+06  -9.788732532165872e+04  -3.471393514935736e+04  4.816051788697618e-01  4.910990655616562e-01  -1.879456812535210e-01  2.280558723161006e+06  -3.406660933250410e+06  -9.134650354889047e+03  5.066034928464846e+04  5.412673938368904e+04  -1.740067479467838e+05  -4.952884154314421e-01  5.619021918675222e-01  -2.901679033496720e-02  3.363527650898161e+06  8.257239840673827e+04  5.422535661648554e+04  2.242877360947688e+06  6.996313745062752e+04  -9.599478775301643e+04  -7.338404454010854e-01  -1.849386129184633e-02  2.417204446865429e-01  1.082968927737161e+06  3.489233331657146e+06  6.336000697137412e+04  2.192217011663039e+06  1.583639806693784e+04  7.801196019376646e+04  -2.385520299696434e-01  -5.803960531593689e-01  2.707372350215088e-01  -2.280558723161002e+06  3.406660933250410e+06  9.134650354888850e+03  -5.066034928464839e+04  -5.412673938368945e+04  1.740067479467833e+05  4.952884154314419e-01  -5.619021918675224e-01  2.901679033496683e-02  -3.363527650898161e+06  -8.257239840674010e+04  -5.422535661648442e+04  -2.242877360947690e+06  -6.996313745062724e+04  9.599478775301630e+04  7.338404454010850e-01  1.849386129184670e-02  -2.417204446865426e-01
  1.564999999999989e+00  -1.054135864142784e+06  -3.505353188814052e+06  -5.585708830250916e+04  -2.223405229521828e+06  -1.803347927992502e+04  -7.280005477655496e+04  2.406671788803915e-01  5.810247978346168e-01  -2.714653193263456e-01  2.801354855770114e+06  -5.957344831411880e+06  -1.702892280398566e+03  -1.234482981878476e+06  3.709387295389965e+04  -1.561525492170542e+05  -1.253215115390750e-01  7.728575986872220e-01  -1.950554756421450e-01  -8.238292270456204e+05  -2.065966863517855e+06  -1.438425614795208e+04  -3.724232197425800e+06  -8.865170879622328e+04  -2.865672229231895e+04  4.846519535562995e-01  4.938516951920440e-01  -1.811626282709520e-01  2.329647087420898e+06  -3.439983119200073e+06  -7.359610096758613e+03  5.097194513693119e+04  5.310282075346592e+04  -1.623162704610891e+05  -4.942536361071428e-01  5.636025145048170e-01  -2.828084065247197e-02  3.383782951563677e+06  6.537006961397583e+04  4.849747820575156e+04  2.274377174658758e+06  7.113630003339126e+04  -8.951621568453376e+04  -7.349208149875340e-01  -1.742228332979952e-02  2.431844786738749e-01  1.054135864142785e+06  3.505353188814051e+06  5.585708830250934e+04  2.223405229521825e+06  1.803347927992481e+04  7.280005477655474e+04  -2.406671788803915e-01  -5.810247978346169e-01  2.714653193263456e-01  -2.329647087420894e+06  3.439983119200074e+06  7.359610096758418e+03  -5.097194513693139e+04  -5.310282075346635e+04  1.623162704610887e+05  4.942536361071427e-01  -5.636025145048172e-01  2.828084065247162e-02  -3.383782951563677e+06  -6.537006961397774e+04  -4.849747820575070e+04  -2.274377174658759e+06  -7.113630003339080e+04  8.951621568453379e+04  7.349208149875336e-01  1.742228332979988e-02  -2.431844786738745e-01
  1.569999999999989e+00  -1.026436380262203e+06  -3.516472112886223e+06  -6.523490910239331e+04  -2.252001163322433e+06  -2.247508807113696e+04  -8.388722185637498e+04  2.384829760737578e-01  5.787785165060740e-01  -2.759548080485628e-01  2.819112706458992e+06  -5.963626514608122e+06  -5.038281427608034e+03  -1.259759508744516e+06  3.248603776676427e+04  -1.638903354762105e+05  -1.154319474938508e-01  7.655989032871954e-01  -1.958121711522574e-01  -8.429674597804978e+05  -2.087428756354431e+06  -2.240589774212355e+04  -3.755324975445732e+06  -1.031391182957619e+05  -2.959248638720108e+04  4.862903420115763e-01  4.927487647707361e-01  -1.741963283313705e-01  2.377204385490521e+06  -3.495416576250819e+06  -9.761807157595251e+03  5.852783522348178e+04  6.248215679840204e+04  -1.847523091750478e+05  -5.015371632637339e-01  5.683658503735207e-01  -2.851706794391688e-02  3.403640765752719e+06  2.105553663540109e+04  5.547310194479911e+04  2.310528998545913e+06  8.495724486953943e+04  -1.008650873186724e+05  -7.400201393374914e-01  -1.041266613255312e-02  2.474377401046471e-01  1.026436380262203e+06  3.516472112886221e+06  6.523490910239350e+04  2.252001163322430e+06  2.247508807113672e+04  8.388722185637474e+04  -2.384829760737579e-01  -5.787785165060741e-01  2.759548080485628e-01  -2.377204385490517e+06  3.495416576250820e+06  9.761807157594998e+03  -5.852783522348209e+04  -6.248215679840248e+04  1.847523091750475e+05  5.015371632637339e-01  -5.683658503735209e-01  2.851706794391654e-02  -3.403640765752719e+06  -2.105553663540288e+04  -5.547310194479810e+04  -2.310528998545914e+06  -8.495724486953887e+04  1.008650873186725e+05  7.400201393374910e-01  1.041266613255348e-02  -2.474377401046468e-01
  1.574999999999988e+00  -9.969030763718813e+05  -3.531143947731714e+06  -5.790630814774151e+04  -2.283440972021525e+06  -2.410973497181340e+04  -7.850503945321249e+04  2.409048158437734e-01  5.793053965448824e-01  -2.758562523516692e-01  2.829121709374969e+06  -5.941315666074183e+06  3.556392742833778e+01  -1.301806975782012e+06  3.317335062480843e+04  -1.485734435602071e+05  -9.376309838869035e-02  7.560656842754940e-01  -1.955264919905496e-01  -8.471317057354506e+05  -2.098645677556253e+06  -1.062151699695705e+04  -3.786478904894458e+06  -9.263424211271683e+04  -2.405083590162032e+04  4.892626283584357e-01  4.953765502728054e-01  -1.675890843751286e-01  2.425312658454054e+06  -3.523652527907726e+06  -6.011873581805104e+03  5.757704222943886e+04  6.186406315768003e+04  -1.731501821764985e+05  -4.989888941532621e-01  5.690217184332527e-01  -2.784876139342667e-02  3.422215734825931e+06  7.491419823984152e+03  5.189443456593725e+04  2.341018014250961e+06  8.597379812949403e+04  -9.464514272328588e+04  -7.398937099970354e-01  -1.028367811162959e-02  2.480074909582438e-01  9.969030763718814e+05  3.531143947731712e+06  5.790630814774161e+04  2.283440972021522e+06  2.410973497181346e+04  7.850503945321222e+04  -2.409048158437734e-01  -5.793053965448826e-01  2.758562523516693e-01  -2.425312658454052e+06  3.523652527907728e+06  6.011873581805025e+03  -5.757704222943896e+04  -6.186406315768045e+04  1.731501821764983e+05  4.989888941532621e-01  -5.690217184332529e-01  2.784876139342633e-02  -3.422215734825931e+06  -7.491419823985892e+03  -5.189443456593654e+04  -2.341018014250963e+06  -8.597379812949357e+04  9.464514272328545e+04  7.398937099970347e-01  1.028367811162991e-02  -2.480074909582435e-01
  1.579999999999988e+00  -9.686554843775968e+05  -3.540588851939466e+06  -6.650787880735938e+04  -2.312021998747379e+06  -2.938058788329617e+04  -8.957403004997653e+04  2.388029132275282e-01  5.767713668677300e-01  -2.796069268273382e-01  2.842944723133652e+06  -5.943777347204540e+06  -3.053643834542987e+03  -1.327844528239366e+06  2.790514008331759e+04  -1.541008834834482e+05  -8.286745412452105e-02  7.482427872544313e-01  -1.959146094284390e-01  -8.686003864990203e+05  -2.121440667637828e+06  -1.769428689538499e+04  -3.817240698192750e+06  -1.070230924256938e+05  -2.444739839623439e+04  4.911086737957605e-01  4.945242586671751e-01  -1.602046765150154e-01  2.470170683238564e+06  -3.577867781389183e+06  -8.702690633290315e+03  6.503775753526913e+04  7.142708008565333e+04  -1.951527065522262e+05  -5.054850748113164e-01  5.732678138602137e-01  -2.800453336287754e-02  3.438826167616155e+06  -3.727892944972130e+04  5.780518817406997e+04  2.377059756282645e+06  1.008076679689502e+05  -1.055786765022495e+05  -7.442879880388444e-01  -3.503553007515969e-03  2.516023934644618e-01  9.686554843775970e+05  3.540588851939464e+06  6.650787880735956e+04  2.312021998747376e+06  2.938058788329620e+04  8.957403004997622e+04  -2.388029132275284e-01  -5.767713668677300e-01  2.796069268273383e-01  -2.470170683238562e+06  3.577867781389184e+06  8.702690633290262e+03  -6.503775753526923e+04  -7.142708008565375e+04  1.951527065522259e+05  5.054850748113163e-01  -5.732678138602140e-01  2.800453336287720e-02  -3.438826167616155e+06  3.727892944971967e+04  -5.780518817406920e+04  -2.377059756282647e+06  -1.008076679689497e+05  1.055786765022491e+05  7.442879880388439e-01  3.503553007516290e-03  -2.516023934644616e-01
  1.584999999999988e+00  -9.398592897047433e+05  -3.553885314267593e+06  -5.889804021608958e+04  -2.343410005443124e+06  -3.048283397840257e+04  -8.333921740576325e+04  2.413496745479859e-01  5.772234841657370e-01  -2.787587417675327e-01  2.847923286294227e+06  -5.916873688391866e+06  1.505064443829141e+03  -1.371073487564012e+06  2.919678320604912e+04  -1.387893519498726e+05  -6.045423041711285e-02  7.381179867854269e-01  -1.954418046436900e-01  -8.765879375600164e+05  -2.134342584529593e+06  -8.555372290086627e+03  -3.846605691015237e+06  -9.667832947755369e+04  -1.829745860244145e+04  4.937348532134246e-01  4.972496027190102e-01  -1.536295691845084e-01  2.512421247704332e+06  -3.603807929901495e+06  -6.378022494569453e+03  6.347403534573424e+04  6.994590388930810e+04  -1.819269255400312e+05  -5.018108137409567e-01  5.730780479534339e-01  -2.727294103745306e-02  3.452280537409070e+06  -4.992261563390669e+04  5.252001772152059e+04  2.406884040788854e+06  1.004287378677117e+05  -9.858770813426793e+04  -7.431604882889423e-01  -4.145436212302903e-03  2.514858007300808e-01  9.398592897047434e+05  3.553885314267592e+06  5.889804021608952e+04  2.343410005443120e+06  3.048283397840284e+04  8.333921740576286e+04  -2.413496745479860e-01  -5.772234841657369e-01  2.787587417675328e-01  -2.512421247704330e+06  3.603807929901497e+06  6.378022494569547e+03  -6.347403534573437e+04  -6.994590388930877e+04  1.819269255400312e+05  5.018108137409569e-01  -5.730780479534342e-01  2.727294103745273e-02  -3.452280537409071e+06  4.992261563390457e+04  -5.252001772152031e+04  -2.406884040788856e+06  -1.004287378677113e+05  9.858770813426793e+04  7.431604882889419e-01  4.145436212303223e-03  -2.514858007300807e-01
  1.589999999999988e+00  -9.102871585095383e+05  -3.566426959101649e+06  -5.191713386307622e+04  -2.374975688752980e+06  -3.075705644826084e+04  -7.740746416843186e+04  2.440013960211856e-01  5.776831321691512e-01  -2.777173097396970e-01  2.850483063618071e+06  -5.888787232130109e+06  5.522517957563355e+03  -1.414289669806720e+06  3.048466709059085e+04  -1.250177320565388e+05  -3.824841006640600e-02  7.278671439803137e-01  -1.949980431226238e-01  -8.830565652604554e+05  -2.145167477271866e+06  2.336914855410075e+03  -3.875378328122588e+06  -8.568936652222197e+04  -1.338421043891741e+04  4.960924155613204e-01  4.994918600420110e-01  -1.474887925407836e-01  2.555257360933043e+06  -3.626667695879076e+06  -2.840210606954629e+03  6.094794219282272e+04  6.879043491281853e+04  -1.698415857758195e+05  -4.973809084887016e-01  5.722679446129032e-01  -2.663033688657289e-02  3.465544519442577e+06  -6.024073677743067e+04  4.907692325612185e+04  2.435923630945800e+06  9.954749136108025e+04  -9.243412160738790e+04  -7.413823045098872e-01  -5.415187556247507e-03  2.510869728531250e-01  9.102871585095379e+05  3.566426959101648e+06  5.191713386307628e+04  2.374975688752976e+06  3.075705644826086e+04  7.740746416843147e+04  -2.440013960211857e-01  -5.776831321691511e-01  2.777173097396970e-01  -2.555257360933042e+06  3.626667695879077e+06  2.840210606954623e+03  -6.094794219282272e+04  -6.879043491281924e+04  1.698415857758197e+05  4.973809084887018e-01  -5.722679446129034e-01  2.663033688657257e-02  -3.465544519442577e+06  6.024073677742866e+04  -4.907692325612142e+04  -2.435923630945801e+06  -9.954749136107972e+04  9.243412160738789e+04  7.413823045098867e-01  5.415187556247852e-03  -2.510869728531251e-01
  1.594999999999988e+00  -8.819550758555843e+05  -3.573460736458520e+06  -5.912111287935419e+04  -2.403444139926899e+06  -3.689762034675561e+04  -8.792790030002415e+04  2.421947460472944e-01  5.747802524619774e-01  -2.802105610275506e-01  2.857890013766307e+06  -5.883407769588540e+06  3.872140785443832e+03  -1.441658593482069e+06  2.473449070138267e+04  -1.265601070278317e+05  -2.560630330411710e-02  7.191523988270466e-01  -1.949212151855600e-01  -9.083082228883117e+05  -2.169942076485455e+06  -3.538908367796372e+03  -3.905105090353458e+06  -9.924095522814333e+04  -1.256467325484417e+04  4.982299844794377e-01  4.991292487862886e-01  -1.396825804682569e-01  2.594940804321426e+06  -3.677104849597099e+06  -5.253070820807568e+03  6.800287470847231e+04  7.839531268205486e+04  -1.901062216223338e+05  -5.022920239430074e-01  5.755053352918292e-01  -2.670769743370460e-02  3.476895880177005e+06  -1.036441131385832e+05  5.386804205854677e+04  2.471447014635369e+06  1.152929330288115e+05  -1.021783213223099e+05  -7.444867699903017e-01  7.250828298524056e-04  2.535028635938469e-01  8.819550758555842e+05  3.573460736458518e+06  5.912111287935416e+04  2.403444139926896e+06  3.689762034675562e+04  8.792790030002371e+04  -2.421947460472945e-01  -5.747802524619773e-01  2.802105610275505e-01  -2.594940804321425e+06  3.677104849597100e+06  5.253070820807474e+03  -6.800287470847220e+04  -7.839531268205562e+04  1.901062216223340e+05  5.022920239430073e-01  -5.755053352918295e-01  2.670769743370429e-02  -3.476895880177006e+06  1.036441131385811e+05  -5.386804205854637e+04  -2.471447014635370e+06  -1.152929330288110e+05  1.021783213223098e+05  7.444867699903012e-01  -7.250828298520530e-04  -2.535028635938470e-01
  1.599999999999988e+00  -8.533938877358069e+05  -3.584701450985024e+06  -5.212956830215917e+04  -2.434770871257075e+06  -3.672735415013874e+04  -8.119833784818591e+04  2.449557966102084e-01  5.751844178514220e-01  -2.784920132805804e-01  2.855639240280342e+06  -5.850784976006488e+06  7.426286524147463e+03  -1.485777942466088e+06  2.661735201212238e+04  -1.130272628891205e+05  -2.815067101412750e-03  7.083415329019997e-01  -1.943471911531355e-01  -9.182006006785721e+05  -2.182122347324719e+06  4.527996209059651e+03  -3.931798911143245e+06  -8.856915486277858e+04  -7.150066943376812e+03  5.001894015945476e-01  5.013981151920756e-01  -1.336828817606003e-01  2.631967532128772e+06  -3.697171013829206e+06  -2.939897496528703e+03  6.477564998388744e+04  7.646594949735775e+04  -1.766075681909982e+05  -4.967134586037977e-01  5.737958791075809e-01  -2.602597965780369e-02  3.485361419864574e+06  -1.124695628441871e+05  4.918967080563115e+04  2.499546521240958e+06  1.131933036474977e+05  -9.540923034281231e+04  -7.416692552140060e-01  -1.388538743840588e-03  2.524660336227775e-01  8.533938877358073e+05  3.584701450985022e+06  5.212956830215969e+04  2.434770871257071e+06  3.672735415013870e+04  8.119833784818550e+04  -2.449557966102084e-01  -5.751844178514217e-01  2.784920132805804e-01  -2.631967532128769e+06  3.697171013829208e+06  2.939897496528837e+03  -6.477564998388755e+04  -7.646594949735857e+04  1.766075681909987e+05  4.967134586037980e-01  -5.737958791075810e-01  2.602597965780338e-02  -3.485361419864575e+06  1.124695628441849e+05  -4.918967080563107e+04  -2.499546521240960e+06  -1.131933036474972e+05  9.540923034281236e+04  7.416692552140056e-01  1.388538743840956e-03  -2.524660336227776e-01
  1.604999999999988e+00  -8.240273036508005e+05  -3.594956647833233e+06  -4.554616199301715e+04  -2.466243491204879e+06  -3.573808748882993e+04  -7.490359438419700e+04  2.477839885570154e-01  5.755362683499582e-01  -2.766336382555035e-01  2.850890248456833e+06  -5.817126111736033e+06  1.042858606186835e+04  -1.529719841332111e+06  2.838982814426534e+04  -1.010194109193762e+05  1.966316969245905e-02  6.974112090039279e-01  -1.938145523647040e-01  -9.265765610858739e+05  -2.192140163985587e+06  1.448083497891652e+04  -3.957842061353987e+06  -7.737484319668815e+04  -2.961684015965679e+03  5.018599769196258e-01  5.031404060136906e-01  -1.281479546123556e-01  2.669127289942409e+06  -3.714342698041119e+06  3.576786801805966e+02  6.070960097452378e+04  7.478499205324290e+04  -1.643075115272244e+05  -4.904587148696960e-01  5.714940892208343e-01  -2.543665166009842e-02  3.493154593593205e+06  -1.193860502078919e+05  4.590384067319812e+04  2.526953092179399e+06  1.105230795420740e+05  -8.940391714302736e+04  -7.382427034267112e-01  -4.042179129123509e-03  2.511969865954059e-01  8.240273036508003e+05  3.594956647833230e+06  4.554616199301770e+04  2.466243491204876e+06  3.573808748882970e+04  7.490359438419675e+04  -2.477839885570154e-01  -5.755362683499582e-01  2.766336382555035e-01  -2.669127289942405e+06  3.714342698041120e+06  -3.576786801803829e+02  -6.070960097452364e+04  -7.478499205324354e+04  1.643075115272246e+05  4.904587148696961e-01  -5.714940892208344e-01  2.543665166009812e-02  -3.493154593593206e+06  1.193860502078894e+05  -4.590384067319853e+04  -2.526953092179401e+06  -1.105230795420735e+05  8.940391714302734e+04  7.382427034267108e-01  4.042179129123914e-03  -2.511969865954060e-01
  1.609999999999988e+00  -7.960179533564027e+05  -3.599776587729598e+06  -5.143276071789869e+04  -2.494436215478656e+06  -4.252450161227578e+04  -8.469849968336546e+04  2.463129785599360e-01  5.723437918841480e-01  -2.779484796768898e-01  2.851848779001662e+06  -5.803988546678829e+06  1.006497548230591e+04  -1.558152564569202e+06  2.232921944985047e+04  -9.867087288202555e+04  3.388880869882468e-02  6.878651537239006e-01  -1.933557174020801e-01  -9.549949294857461e+05  -2.218304624386917e+06  9.670007329711474e+03  -3.986094443905022e+06  -8.988694543052078e+04  -9.796551864600414e+02  5.041950847817495e-01  5.031831331688470e-01  -1.201279614841951e-01  2.703255294989087e+06  -3.760317929929651e+06  -1.764026781750120e+03  6.724706220596991e+04  8.427557575946180e+04  -1.825419071135769e+05  -4.936955512256686e-01  5.736455088875437e-01  -2.545192633723530e-02  3.499273248345485e+06  -1.605413422000591e+05  4.966873393614885e+04  2.561683277684622e+06  1.268000773717391e+05  -9.784340743021140e+04  -7.400085297856044e-01  1.301717003396113e-03  2.524965533396552e-01  7.960179533564023e+05  3.599776587729596e+06  5.143276071789920e+04  2.494436215478652e+06  4.252450161227551e+04  8.469849968336527e+04  -2.463129785599361e-01  -5.723437918841479e-01  2.779484796768897e-01  -2.703255294989083e+06  3.760317929929653e+06  1.764026781750333e+03  -6.724706220596968e+04  -8.427557575946249e+04  1.825419071135772e+05  4.936955512256687e-01  -5.736455088875437e-01  2.545192633723501e-02  -3.499273248345486e+06  1.605413422000564e+05  -4.966873393614938e+04  -2.561683277684623e+06  -1.268000773717384e+05  9.784340743021142e+04  7.400085297856041e-01  -1.301717003395706e-03  -2.524965533396553e-01
  1.614999999999988e+00  -7.679072084942457e+05  -3.608796571814585e+06  -4.509189832780376e+04  -2.525476437126515e+06  -4.119485337977370e+04  -7.767154142360298e+04  2.492325902342765e-01  5.726527884305215e-01  -2.754898170615265e-01  2.842544213730108e+06  -5.765883290542243e+06  1.266164907576313e+04  -1.602711171545944e+06  2.468059937514926e+04  -8.711351012850083e+04  5.679041131217348e-02  6.764054424665895e-01  -1.927444754591385e-01  -9.663547665670026e+05  -2.229322495358179e+06  1.666693203091213e+04  -4.009784199611992e+06  -7.915571622424432e+04  3.605313731892608e+03  5.054198111777513e-01  5.048788514391449e-01  -1.148305854581473e-01  2.734722275057825e+06  -3.774223265067419e+06  5.258190632172810e+02  6.240019149996643e+04  8.193076877277052e+04  -1.690558835916426e+05  -4.862839004796197e-01  5.703995445739652e-01  -2.484740017614620e-02  3.502629483552067e+06  -1.654266932528399e+05  4.561771739102135e+04  2.587876628626478e+06  1.231256221525455e+05  -9.138434216803941e+04  -7.355164907138964e-01  -2.253243856555699e-03  2.506424168853810e-01  7.679072084942454e+05  3.608796571814582e+06  4.509189832780441e+04  2.525476437126512e+06  4.119485337977354e+04  7.767154142360300e+04  -2.492325902342766e-01  -5.726527884305211e-01  2.754898170615264e-01  -2.734722275057822e+06  3.774223265067420e+06  -5.258190632172284e+02  -6.240019149996619e+04  -8.193076877277106e+04  1.690558835916427e+05  4.862839004796197e-01  -5.703995445739655e-01  2.484740017614590e-02  -3.502629483552066e+06  1.654266932528371e+05  -4.561771739102158e+04  -2.587876628626480e+06  -1.231256221525447e+05  9.138434216803928e+04  7.355164907138959e-01  2.253243856556134e-03  -2.506424168853811e-01
  1.619999999999987e+00  -7.389636522509863e+05  -3.616607429238327e+06  -3.892722609249534e+04  -2.556625433360116e+06  -3.906711971567111e+04  -7.119466754953345e+04  2.521836811486700e-01  5.728493136997930e-01  -2.729437979243864e-01  2.830704913871317e+06  -5.726881310490075e+06  1.470978904578083e+04  -1.646929166094297e+06  2.681572056476833e+04  -7.703494249437540e+04  7.928505853503949e-02  6.648342690788257e-01  -1.921834987889036e-01  -9.762114245230287e+05  -2.238121980445905e+06  2.565339207248045e+04  -4.032767591416602e+06  -6.802087524269367e+04  6.997739463948833e+03  5.063422359899958e-01  5.060154320909651e-01  -1.100179054282235e-01  2.765872654508090e+06  -3.785452901758339e+06  3.554293479651730e+03  5.685180445738949e+04  7.974998998965420e+04  -1.568000466638003e+05  -4.782811541118741e-01  5.665988728016071e-01  -2.433597110885018e-02  3.504836306759072e+06  -1.688454725200190e+05  4.248151957214766e+04  2.613477237817502e+06  1.188171097053266e+05  -8.560537911426657e+04  -7.304648352605440e-01  -6.250440898185743e-03  2.486078268155369e-01  7.389636522509860e+05  3.616607429238324e+06  3.892722609249570e+04  2.556625433360114e+06  3.906711971567100e+04  7.119466754953368e+04  -2.521836811486699e-01  -5.728493136997928e-01  2.729437979243863e-01  -2.765872654508088e+06  3.785452901758341e+06  -3.554293479651898e+03  -5.685180445738947e+04  -7.974998998965483e+04  1.568000466638004e+05  4.782811541118740e-01  -5.665988728016071e-01  2.433597110884991e-02  -3.504836306759072e+06  1.688454725200165e+05  -4.248151957214763e+04  -2.613477237817504e+06  -1.188171097053258e+05  8.560537911426659e+04  7.304648352605436e-01  6.250440898186171e-03  -2.486078268155370e-01
  1.624999999999987e+00  -7.116641609549234e+05  -3.619410942776685e+06  -4.361281997410274e+04  -2.584363412940271e+06  -4.627935819407814e+04  -8.011544118432861e+04  2.510783025910907e-01  5.694378554994586e-01  -2.731732649748175e-01  2.825251939652422e+06  -5.706126329075720e+06  1.546633921844290e+04  -1.676141106815418e+06  2.060450548824863e+04  -7.095642197086068e+04  9.491150490259485e-02  6.545148138604602e-01  -1.914223479617699e-01  -1.007132878387502e+06  -2.265043330606548e+06  2.176718727006925e+04  -4.059099118480986e+06  -7.932671156293890e+04  1.006741321194156e+04  5.087723475167617e-01  5.063627413382655e-01  -1.019821890945123e-01  2.794147246361076e+06  -3.826312325806431e+06  1.738046933746192e+03  6.276741109603839e+04  8.896955451959056e+04  -1.727589793164730e+05  -4.797780352372521e-01  5.675963166909053e-01  -2.430428392158022e-02  3.505811407315997e+06  -2.069013830297528e+05  4.535086690784955e+04  2.647130824036306e+06  1.352489127136700e+05  -9.264353813214423e+04  -7.308563378283425e-01  -1.841538808553238e-03  2.488689810532380e-01  7.116641609549229e+05  3.619410942776682e+06  4.361281997410313e+04  2.584363412940269e+06  4.627935819407795e+04  8.011544118432890e+04  -2.510783025910906e-01  -5.694378554994584e-01  2.731732649748174e-01  -2.794147246361074e+06  3.826312325806432e+06  -1.738046933746346e+03  -6.276741109603848e+04  -8.896955451959118e+04  1.727589793164732e+05  4.797780352372520e-01  -5.675963166909053e-01  2.430428392157996e-02  -3.505811407315996e+06  2.069013830297501e+05  -4.535086690784952e+04  -2.647130824036308e+06  -1.352489127136692e+05  9.264353813214418e+04  7.308563378283423e-01  1.841538808553644e-03  -2.488689810532381e-01
  1.629999999999987e+00  -6.841914802349568e+05  -3.626043527397468e+06  -3.792440680752786e+04  -2.614883783798056e+06  -4.392691180683598e+04  -7.297947651779235e+04  2.541009068249389e-01  5.695975670607154e-01  -2.701059308080313e-01  2.809143250781102e+06  -5.662798336804494e+06  1.717150853971179e+04  -1.720685596930081e+06  2.329815979226011e+04  -6.151540880066203e+04  1.176668335545999e-01  6.424439970342324e-01  -1.908286022516052e-01  -1.019504419928240e+06  -2.274470683315565e+06  2.771565423946240e+04  -4.079473390129833e+06  -6.878612380884739e+04  1.375633309800342e+04  5.092058692404638e-01  5.073788979161535e-01  -9.748994710016200e-02  2.819783920516969e+06  -3.833835988665346e+06  3.986464453174066e+03  5.636735435570199e+04  8.625433542522960e+04  -1.595562006080307e+05  -4.706241028642962e-01  5.628161392780864e-01  -2.380090624403839e-02  3.503975400751922e+06  -2.077924612678851e+05  4.191087126070194e+04  2.671251138153754e+06  1.301812472320668e+05  -8.657672409023825e+04  -7.247250096892351e-01  -6.781427782628915e-03  2.463050245639934e-01  6.841914802349564e+05  3.626043527397464e+06  3.792440680752711e+04  2.614883783798053e+06  4.392691180683594e+04  7.297947651779254e+04  -2.541009068249387e-01  -5.695975670607153e-01  2.701059308080311e-01  -2.819783920516966e+06  3.833835988665347e+06  -3.986464453174115e+03  -5.636735435570158e+04  -8.625433542522996e+04  1.595562006080309e+05  4.706241028642962e-01  -5.628161392780865e-01  2.380090624403816e-02  -3.503975400751921e+06  2.077924612678825e+05  -4.191087126070199e+04  -2.671251138153757e+06  -1.301812472320659e+05  8.657672409023812e+04  7.247250096892349e-01  6.781427782629242e-03  -2.463050245639937e-01
  1.634999999999987e+00  -6.570851433907811e+05  -3.627441883187410e+06  -4.179066935053868e+04  -2.642271342100615e+06  -5.153589152347860e+04  -8.155515273053068e+04  2.531694642567682e-01  5.660263094350290e-01  -2.697442111128278e-01  2.799671877507596e+06  -5.638172485485597e+06  1.809721943312875e+04  -1.750151815517539e+06  1.675965556186434e+04  -5.315057570110913e+04  1.339998825287923e-01  6.316736114372975e-01  -1.898688523663107e-01  -1.051656380208158e+06  -2.301746730357016e+06  2.470175840554992e+04  -4.104662401759576e+06  -7.948050193677119e+04  1.726186762379658e+04  5.116982216575506e-01  5.078219017319474e-01  -8.947125009943400e-02  2.844551802021597e+06  -3.872151320780140e+06  1.948809126815528e+03  6.197186789520290e+04  9.537193362613776e+04  -1.744700784999767e+05  -4.711405042495609e-01  5.631343033260635e-01  -2.374142601470476e-02  3.501636945412374e+06  -2.447094375927382e+05  4.373947847735402e+04  2.704243209995813e+06  1.469078251496176e+05  -9.291492576944598e+04  -7.243099685063291e-01  -2.892006108965554e-03  2.460027850981235e-01  6.570851433907801e+05  3.627441883187406e+06  4.179066935053781e+04  2.642271342100612e+06  5.153589152347854e+04  8.155515273053093e+04  -2.531694642567680e-01  -5.660263094350289e-01  2.697442111128275e-01  -2.844551802021594e+06  3.872151320780140e+06  -1.948809126815541e+03  -6.197186789520246e+04  -9.537193362613807e+04  1.744700784999770e+05  4.711405042495610e-01  -5.631343033260635e-01  2.374142601470453e-02  -3.501636945412374e+06  2.447094375927355e+05  -4.373947847735424e+04  -2.704243209995816e+06  -1.469078251496167e+05  9.291492576944585e+04  7.243099685063289e-01  2.892006108965877e-03  -2.460027850981238e-01
  1.639999999999987e+00  -6.296310880269931e+05  -3.632232177966285e+06  -3.580464374253735e+04  -2.672561477272738e+06  -4.823573584383182e+04  -7.441856122275145e+04  2.564018338740853e-01  5.660161519695780e-01  -2.662494610445726e-01  2.778743711762168e+06  -5.590526263379383e+06  2.004378475481696e+04  -1.794423589093020e+06  1.945579207643830e+04  -4.389062451635498e+04  1.567618387074982e-01  6.192335243539688e-01  -1.893019372881813e-01  -1.063123080162301e+06  -2.308668566806023e+06  3.262164521761654e+04  -4.123053194797397e+06  -6.792512888496663e+04  2.037141878062275e+04  5.117465163557777e-01  5.083521240409282e-01  -8.562510092698450e-02  2.866870608762132e+06  -3.874061293866120e+06  5.219898527653843e+03  5.461183870292478e+04  9.240691302355724e+04  -1.610759455802363e+05  -4.606831834850728e-01  5.573137156117686e-01  -2.332376390959768e-02  3.496501696789120e+06  -2.418291158998413e+05  4.102454227019130e+04  2.727173315975660e+06  1.406426488673901e+05  -8.665738435748506e+04  -7.170850173591578e-01  -8.702436357809299e-03  2.429256971349754e-01  6.296310880269923e+05  3.632232177966281e+06  3.580464374253699e+04  2.672561477272734e+06  4.823573584383164e+04  7.441856122275158e+04  -2.564018338740852e-01  -5.660161519695779e-01  2.662494610445724e-01  -2.866870608762128e+06  3.874061293866121e+06  -5.219898527654137e+03  -5.461183870292434e+04  -9.240691302355762e+04  1.610759455802367e+05  4.606831834850729e-01  -5.573137156117685e-01  2.332376390959746e-02  -3.496501696789120e+06  2.418291158998388e+05  -4.102454227019169e+04  -2.727173315975662e+06  -1.406426488673894e+05  8.665738435748493e+04  7.170850173591574e-01  8.702436357809651e-03  -2.429256971349756e-01
  1.644999999999987e+00  -6.029563336925386e+05  -3.636313937109789e+06  -3.074430628208956e+04  -2.702323747923477e+06  -4.501420587356870e+04  -6.734867897941603e+04  2.594730466035070e-01  5.659676801607419e-01  -2.627030871887844e-01  2.756148017225748e+06  -5.542254905125452e+06  2.093835328952317e+04  -1.838504111862401e+06  2.236624130272607e+04  -3.665168708716163e+04  1.791282470262908e-01  6.065903390450454e-01  -1.887707421316558e-01  -1.076040952311074e+06  -2.316097421420071e+06  3.755983293618620e+04  -4.139824888966843e+06  -5.780280705986637e+04  2.312479196050353e+04  5.113436670733830e-01  5.085941596064787e-01  -8.201609387063494e-02  2.886473086143963e+06  -3.875049771829896e+06  7.403354418903887e+03  4.674529743023454e+04  8.937721565414417e+04  -1.484066432548024e+05  -4.498950812401695e-01  5.510204275639310e-01  -2.294169839730307e-02  3.489429419836496e+06  -2.387358347201121e+05  3.814766070099378e+04  2.749069045353707e+06  1.343914215277142e+05  -8.105796427538665e+04  -7.093681278436763e-01  -1.494725259681110e-02  2.397613887914817e-01  6.029563336925377e+05  3.636313937109787e+06  3.074430628208943e+04  2.702323747923473e+06  4.501420587356849e+04  6.734867897941613e+04  -2.594730466035068e-01  -5.659676801607417e-01  2.627030871887842e-01  -2.886473086143959e+06  3.875049771829898e+06  -7.403354418904028e+03  -4.674529743023410e+04  -8.937721565414472e+04  1.484066432548027e+05  4.498950812401697e-01  -5.510204275639308e-01  2.294169839730285e-02  -3.489429419836495e+06  2.387358347201092e+05  -3.814766070099420e+04  -2.749069045353709e+06  -1.343914215277134e+05  8.105796427538649e+04  7.093681278436761e-01  1.494725259681147e-02  -2.397613887914818e-01
  1.649999999999987e+00  -5.771127328253894e+05  -3.635988312912153e+06  -3.360193498876986e+04  -2.728955353049176e+06  -5.271618566575514e+04  -7.485982580533266e+04  2.589395387153807e-01  5.622651296423092e-01  -2.614191437857104e-01  2.740420370373618e+06  -5.510295451491103e+06  2.272658181088043e+04  -1.868288176340807e+06  1.590964065765145e+04  -2.486265933638385e+04  1.965556994884804e-01  5.951302047087806e-01  -1.876228190042705e-01  -1.109676898554287e+06  -2.343184400929402e+06  3.518002414033821e+04  -4.162409378716528e+06  -6.707887506163132e+04  2.759143105774481e+04  5.137657155568606e-01  5.091677956374731e-01  -7.426237574441306e-02  2.905020748104903e+06  -3.907333686346880e+06  5.655012981312690e+03  5.158672563021175e+04  9.796257450266363e+04  -1.607009360864305e+05  -4.486103939282827e-01  5.500995391873091e-01  -2.285274034996415e-02  3.482133480930287e+06  -2.713453734347331e+05  3.925694797008269e+04  2.780542078679383e+06  1.506787601684201e+05  -8.584111028109834e+04  -7.075499326436632e-01  -1.216559045500031e-02  2.385664034357466e-01  5.771127328253884e+05  3.635988312912149e+06  3.360193498876966e+04  2.728955353049172e+06  5.271618566575490e+04  7.485982580533279e+04  -2.589395387153807e-01  -5.622651296423090e-01  2.614191437857101e-01  -2.905020748104900e+06  3.907333686346882e+06  -5.655012981312796e+03  -5.158672563021128e+04  -9.796257450266408e+04  1.607009360864309e+05  4.486103939282828e-01  -5.500995391873089e-01  2.285274034996395e-02  -3.482133480930286e+06  2.713453734347302e+05  -3.925694797008328e+04  -2.780542078679385e+06  -1.506787601684193e+05  8.584111028109807e+04  7.075499326436629e-01  1.216559045500069e-02  -2.385664034357466e-01
  1.654999999999987e+00  -5.505673913581102e+05  -3.638105261161861e+06  -2.812608892838506e+04  -2.758346357647741e+06  -4.851526707292117e+04  -6.784998238951246e+04  2.621870064284640e-01  5.620131677365260e-01  -2.575443463240824e-01  2.713165210244818e+06  -5.457980136205562e+06  2.378857277080662e+04  -1.911800075411080e+06  1.876502767363184e+04  -1.789210241962715e+04  2.187556258656788e-01  5.821524780488364e-01  -1.871500146337155e-01  -1.121327756359988e+06  -2.347715364717966e+06  4.213618699305604e+04  -4.176948141417410e+06  -5.603669901437357e+04  2.976393761111532e+04  5.129208318686190e-01  5.088486811023812e-01  -7.137106941432160e-02  2.920900123669046e+06  -3.902719863198343e+06  8.641625889644591e+03  4.287506453274478e+04  9.454589649379261e+04  -1.478213238858401e+05  -4.366113854697630e-01  5.428019428965024e-01  -2.256037054200718e-02  3.471467515027150e+06  -2.646146020364886e+05  3.676771481802982e+04  2.801221422180481e+06  1.430611635667152e+05  -7.997134149632827e+04  -6.987983918982269e-01  -1.921122484002355e-02  2.349839757820755e-01  5.505673913581092e+05  3.638105261161857e+06  2.812608892838501e+04  2.758346357647737e+06  4.851526707292116e+04  6.784998238951263e+04  -2.621870064284640e-01  -5.620131677365258e-01  2.575443463240822e-01  -2.920900123669042e+06  3.902719863198345e+06  -8.641625889644452e+03  -4.287506453274465e+04  -9.454589649379301e+04  1.478213238858407e+05  4.366113854697632e-01  -5.428019428965023e-01  2.256037054200697e-02  -3.471467515027150e+06  2.646146020364860e+05  -3.676771481803015e+04  -2.801221422180484e+06  -1.430611635667145e+05  7.997134149632780e+04  6.987983918982268e-01  1.921122484002392e-02  -2.349839757820757e-01
  1.659999999999987e+00  -5.248233259559392e+05  -3.639480800656674e+06  -2.364816466464391e+04  -2.787110512897324e+06  -4.458917307288643e+04  -6.100445861230756e+04  2.652544670478973e-01  5.616949757234112e-01  -2.536440698360385e-01  2.684459772916568e+06  -5.405061086643831e+06  2.396443673201045e+04  -1.954975725777555e+06  2.177143013721022e+04  -1.288794070808126e+04  2.405069853487324e-01  5.689770661479293e-01  -1.867167231072356e-01  -1.134325568565454e+06  -2.352764746471416e+06  4.611593011674831e+04  -4.189856931852676e+06  -4.653391746120866e+04  3.156759015107825e+04  5.116474994845274e-01  5.082351054076437e-01  -6.869868046190838e-02  2.934331456848757e+06  -3.897087201419812e+06  1.073244809356601e+04  3.364641917693434e+04  9.126682390383630e+04  -1.359107849267821e+05  -4.243121560775659e-01  5.350348165431741e-01  -2.231560947893331e-02  3.459154782804691e+06  -2.576064007631447e+05  3.438061275820976e+04  2.820756932074256e+06  1.358559969767241e+05  -7.490632631447486e+04  -6.895666231254630e-01  -2.666015918023722e-02  2.313284603571055e-01  5.248233259559390e+05  3.639480800656671e+06  2.364816466464369e+04  2.787110512897321e+06  4.458917307288657e+04  6.100445861230772e+04  -2.652544670478972e-01  -5.616949757234111e-01  2.536440698360384e-01  -2.934331456848753e+06  3.897087201419813e+06  -1.073244809356593e+04  -3.364641917693410e+04  -9.126682390383678e+04  1.359107849267825e+05  4.243121560775661e-01  -5.350348165431740e-01  2.231560947893313e-02  -3.459154782804691e+06  2.576064007631422e+05  -3.438061275821015e+04  -2.820756932074257e+06  -1.358559969767236e+05  7.490632631447475e+04  6.895666231254628e-01  2.666015918023759e-02  -2.313284603571056e-01
  1.664999999999986e+00  -5.005572846310443e+05  -3.637607759470935e+06  -2.568556435549793e+04  -2.812779897654700e+06  -5.219499916353323e+04  -6.737453514460851e+04  2.651220574861647e-01  5.579044818462519e-01  -2.515520098830630e-01  2.662684169760056e+06  -5.366031822147608e+06  2.643505990761686e+04  -1.984769131121138e+06  1.551706594900395e+04  2.020651554182853e+03  2.588112225777432e-01  5.568775919549526e-01  -1.854461593463736e-01  -1.168723323346296e+06  -2.378979761870001e+06  4.421943059732072e+04  -4.209403830982773e+06  -5.431874236335784e+04  3.688274498719789e+04  5.138841814636748e-01  5.088102852991160e-01  -6.136859678650858e-02  2.946570146040150e+06  -3.922805705160131e+06  9.289814117760765e+03  3.764236826507435e+04  9.917469585600159e+04  -1.454654636095352e+05  -4.212209552983517e-01  5.328356737667781e-01  -2.220878462280968e-02  3.447127430671190e+06  -2.851979456892036e+05  3.497537847325841e+04  2.850422265919772e+06  1.513696950195363e+05  -7.809092846492707e+04  -6.863430127845161e-01  -2.506880807947368e-02  2.293432252602535e-01  5.005572846310440e+05  3.637607759470931e+06  2.568556435549765e+04  2.812779897654696e+06  5.219499916353338e+04  6.737453514460869e+04  -2.651220574861647e-01  -5.579044818462517e-01  2.515520098830628e-01  -2.946570146040146e+06  3.922805705160133e+06  -9.289814117760654e+03  -3.764236826507411e+04  -9.917469585600201e+04  1.454654636095356e+05  4.212209552983518e-01  -5.328356737667781e-01  2.220878462280952e-02  -3.447127430671189e+06  2.851979456892012e+05  -3.497537847325889e+04  -2.850422265919772e+06  -1.513696950195357e+05  7.809092846492690e+04  6.863430127845160e-01  2.506880807947404e-02  -2.293432252602537e-01
  1.669999999999986e+00  -4.750292485274749e+05  -3.636895163621349e+06  -2.067134751840579e+04  -2.841023943021711e+06  -4.727940587640343e+04  -6.064698907448729e+04  2.683313136844140e-01  5.573475505285356e-01  -2.474195543033975e-01  2.629536021682405e+06  -5.309354599859605e+06  2.671288792662730e+04  -2.027086476791736e+06  1.840678285876874e+04  6.679643550843552e+03  2.802329052506279e-01  5.434026461988045e-01  -1.850958772818814e-01  -1.180102120997349e+06  -2.380771300367367e+06  5.024625213879805e+04  -4.219845308665399e+06  -4.399714955946489e+04  3.811361497284153e+04  5.121187152537224e-01  5.075686770639353e-01  -5.946682935910254e-02  2.955927638105528e+06  -3.911635732598697e+06  1.195766722465920e+04  2.769415959461888e+04  9.537307962933637e+04  -1.333250372132802e+05  -4.078145103728881e-01  5.241130158710409e-01  -2.205433488648868e-02  3.430956886633000e+06  -2.747405689773547e+05  3.262901474306530e+04  2.868718102616326e+06  1.426524855057409e+05  -7.267804813879308e+04  -6.761458240573018e-01  -3.323453465749447e-02  2.253652194169089e-01  4.750292485274753e+05  3.636895163621346e+06  2.067134751840549e+04  2.841023943021706e+06  4.727940587640355e+04  6.064698907448735e+04  -2.683313136844140e-01  -5.573475505285355e-01  2.474195543033973e-01  -2.955927638105525e+06  3.911635732598700e+06  -1.195766722465926e+04  -2.769415959461865e+04  -9.537307962933667e+04  1.333250372132806e+05  4.078145103728881e-01  -5.241130158710410e-01  2.205433488648851e-02  -3.430956886632999e+06  2.747405689773517e+05  -3.262901474306564e+04  -2.868718102616328e+06  -1.426524855057403e+05  7.267804813879328e+04  6.761458240573019e-01  3.323453465749480e-02  -2.253652194169090e-01
  1.674999999999986e+00  -4.503227191192913e+05  -3.635421632918538e+06  -1.671391068201276e+04  -2.868551239380333e+06  -4.281796197763470e+04  -5.416462276430020e+04  2.713453384898906e-01  5.566975557799200e-01  -2.432836973653548e-01  2.595150482045500e+06  -5.252096599885971e+06  2.626912149250888e+04  -2.068930317933016e+06  2.139627732302141e+04  9.466086985990320e+03  3.011616636424785e-01  5.297368688371104e-01  -1.847863908785959e-01  -1.192720771342400e+06  -2.383093389659652e+06  5.332995709797827e+04  -4.228659694330645e+06  -3.528593640053759e+04  3.897661950948284e+04  5.099513698207825e-01  5.060319169686472e-01  -5.776028320760977e-02  2.963117081001967e+06  -3.899362764454537e+06  1.392563439612427e+04  1.722278117946572e+04  9.191690580995844e+04  -1.223700286321353e+05  -3.941397032874013e-01  5.149285491148908e-01  -2.195839767054559e-02  3.413439800121254e+06  -2.639411315360068e+05  3.063954507813736e+04  2.885774020559796e+06  1.347348677875942e+05  -6.820540586783513e+04  -6.654850417772916e-01  -4.176900666502905e-02  2.213252996948093e-01  4.503227191192923e+05  3.635421632918532e+06  1.671391068201259e+04  2.868551239380330e+06  4.281796197763489e+04  5.416462276429991e+04  -2.713453384898905e-01  -5.566975557799196e-01  2.432836973653547e-01  -2.963117081001962e+06  3.899362764454538e+06  -1.392563439612432e+04  -1.722278117946570e+04  -9.191690580995852e+04  1.223700286321359e+05  3.941397032874014e-01  -5.149285491148907e-01  2.195839767054542e-02  -3.413439800121254e+06  2.639411315360038e+05  -3.063954507813729e+04  -2.885774020559796e+06  -1.347348677875937e+05  6.820540586783507e+04  6.654850417772920e-01  4.176900666502933e-02  -2.213252996948093e-01
  1.679999999999986e+00  -4.279074360663312e+05  -3.632154568709087e+06  -1.812901651293426e+04  -2.893047161520932e+06  -5.016117937960231e+04  -5.934592092299979e+04  2.716068764447466e-01  5.528501070483846e-01  -2.405000097482097e-01  2.567595364879562e+06  -5.206300746492568e+06  2.924655471293545e+04  -2.098423230430209e+06  1.544496170661430e+04  2.715061397959551e+04  3.201180697358540e-01  5.170453778376153e-01  -1.834512219162279e-01  -1.227161785937990e+06  -2.407760523353254e+06  5.177472977135115e+04  -4.244756220589024e+06  -4.154176359254958e+04  4.501908616252337e+04  5.118874905752363e-01  5.064744573209952e-01  -5.099254428221599e-02  2.969033072540451e+06  -3.918050747797225e+06  1.280116059776561e+04  2.030107128651084e+04  9.901304171316154e+04  -1.291158615551053e+05  -3.892593614211213e-01  5.114249073044141e-01  -2.184378329593636e-02  3.396940508606778e+06  -2.858961790881458e+05  3.093017711070016e+04  2.913348232807441e+06  1.491742210927650e+05  -6.976994063210560e+04  -6.608662378658677e-01  -4.142519974397044e-02  2.186562264522733e-01  4.279074360663316e+05  3.632154568709081e+06  1.812901651293403e+04  2.893047161520929e+06  5.016117937960261e+04  5.934592092299959e+04  -2.716068764447466e-01  -5.528501070483842e-01  2.405000097482095e-01  -2.969033072540446e+06  3.918050747797227e+06  -1.280116059776567e+04  -2.030107128651081e+04  -9.901304171316163e+04  1.291158615551060e+05  3.892593614211214e-01  -5.114249073044140e-01  2.184378329593619e-02  -3.396940508606777e+06  2.858961790881425e+05  -3.093017711070004e+04  -2.913348232807441e+06  -1.491742210927645e+05  6.976994063210548e+04  6.608662378658680e-01  4.142519974397074e-02  -2.186562264522734e-01
  1.684999999999986e+00  -4.034788298815245e+05  -3.628470778110386e+06  -1.351328483562433e+04  -2.919899694161470e+06  -4.472059477580723e+04  -5.303585125968212e+04  2.747278834195434e-01  5.519257840980193e-01  -2.362236802067683e-01  2.529034142305626e+06  -5.145579657011195e+06  2.884677373264984e+04  -2.139128694053112e+06  1.825401652458954e+04  2.952621981509592e+04  3.405654614285178e-01  5.031155076744682e-01  -1.832425330178599e-01  -1.237824830200698e+06  -2.406502477412901e+06  5.691813551865921e+04  -4.250887171810389e+06  -3.211634521112672e+04  4.532550582205714e+04  5.091850614142418e-01  5.042520958366560e-01  -5.009101004790226e-02  2.971855120256994e+06  -3.900357162704375e+06  1.511839570316640e+04  9.243818958874148e+03  9.490234114368133e+04  -1.179106615157443e+05  -3.745902865911709e-01  5.013454572403012e-01  -2.183550363666237e-02  3.375333950138514e+06  -2.718863845939946e+05  2.863168053879105e+04  2.929143513120343e+06  1.396229359194895e+05  -6.487481025606189e+04  -6.493181700107141e-01  -5.058032685771810e-02  2.143881765701060e-01  4.034788298815253e+05  3.628470778110382e+06  1.351328483562446e+04  2.919899694161467e+06  4.472059477580733e+04  5.303585125968202e+04  -2.747278834195434e-01  -5.519257840980188e-01  2.362236802067681e-01  -2.971855120256990e+06  3.900357162704377e+06  -1.511839570316646e+04  -9.243818958874326e+03  -9.490234114368135e+04  1.179106615157446e+05  3.745902865911711e-01  -5.013454572403010e-01  2.183550363666222e-02  -3.375333950138513e+06  2.718863845939914e+05  -2.863168053879096e+04  -2.929143513120342e+06  -1.396229359194891e+05  6.487481025606179e+04  6.493181700107141e-01  5.058032685771834e-02  -2.143881765701060e-01
  1.689999999999986e+00  -3.798923899673663e+05  -3.624021982620589e+06  -1.000316229969434e+04  -2.945955551136639e+06  -3.989200661746268e+04  -4.703414321085944e+04  2.776419403446078e-01  5.508833306845167e-01  -2.319618200555667e-01  2.489442449430954e+06  -5.084301409889158e+06  2.788605549384139e+04  -2.179232340287282e+06  2.112447110228437e+04  3.015753389665912e+04  3.604842441993298e-01  4.890031528151223e-01  -1.830737958028532e-01  -1.249620385464470e+06  -2.405787974272355e+06  5.917570361460008e+04  -4.255406179429441e+06  -2.433757136578633e+04  4.527773998217061e+04  5.061101518608745e-01  5.017390007216703e-01  -4.935645199745058e-02  2.972796415040012e+06  -3.881489851949912e+06  1.693246518414190e+04  -2.338674985123612e+03  9.134633112596336e+04  -1.080768603694191e+05  -3.596855346049546e-01  4.908161537084579e-01  -2.189523289298661e-02  3.352688805007374e+06  -2.574678693293277e+05  2.693562748383683e+04  2.943616876151514e+06  1.312383377434269e+05  -6.104271715855933e+04  -6.373274749495624e-01  -6.006717697605889e-02  2.100665871625801e-01  3.798923899673678e+05  3.624021982620586e+06  1.000316229969496e+04  2.945955551136636e+06  3.989200661746279e+04  4.703414321085941e+04  -2.776419403446077e-01  -5.508833306845164e-01  2.319618200555665e-01  -2.972796415040007e+06  3.881489851949914e+06  -1.693246518414207e+04  2.338674985123625e+03  -9.134633112596338e+04  1.080768603694193e+05  3.596855346049548e-01  -4.908161537084578e-01  2.189523289298650e-02  -3.352688805007374e+06  2.574678693293250e+05  -2.693562748383664e+04  -2.943616876151515e+06  -1.312383377434266e+05  6.104271715855908e+04  6.373274749495627e-01  6.006717697605907e-02  -2.100665871625801e-01
  1.694999999999986e+00  -3.595560929664894e+05  -3.619487096542227e+06  -1.099621118268426e+04  -2.969065233262694e+06  -4.683164561811472e+04  -5.100605772458039e+04  2.782804889130613e-01  5.469974883132869e-01  -2.286026226967846e-01  2.456431687092664e+06  -5.032076582671387e+06  3.120326273576509e+04  -2.208117678785868e+06  1.555724031889412e+04  5.024438079151460e+04  3.798648386582500e-01  4.757641939670534e-01  -1.817240916486972e-01  -1.283403033451335e+06  -2.428252091831136e+06  5.783189880476699e+04  -4.267666649179493e+06  -2.905979698609171e+04  5.192113636579536e+04  5.076326780415741e-01  5.019130166072708e-01  -4.326836443634246e-02  2.972445645569914e+06  -3.892759815962706e+06  1.613337082045476e+04  -2.393996042191164e+02  9.751021627461881e+04  -1.119936535788438e+05  -3.530551635859185e-01  4.859953512806540e-01  -2.178131486605430e-02  3.332001738536398e+06  -2.732727194204837e+05  2.712958200313959e+04  2.968825833658473e+06  1.443418618927345e+05  -6.098759585426326e+04  -6.313356524989798e-01  -6.100213703263302e-02  2.068213078307302e-01  3.595560929664904e+05  3.619487096542223e+06  1.099621118268476e+04  2.969065233262690e+06  4.683164561811477e+04  5.100605772458042e+04  -2.782804889130612e-01  -5.469974883132867e-01  2.286026226967843e-01  -2.972445645569909e+06  3.892759815962708e+06  -1.613337082045491e+04  2.393996042191301e+02  -9.751021627461883e+04  1.119936535788440e+05  3.530551635859188e-01  -4.859953512806540e-01  2.178131486605420e-02  -3.332001738536398e+06  2.732727194204809e+05  -2.712958200313937e+04  -2.968825833658474e+06  -1.443418618927342e+05  6.098759585426289e+04  6.313356524989800e-01  6.100213703263323e-02  -2.068213078307302e-01
  1.699999999999986e+00  -3.362848193176923e+05  -3.612709175315125e+06  -6.706114612394950e+03  -2.994287998361733e+06  -4.105321959277620e+04  -4.522668782972007e+04  2.812668828515725e-01  5.456460059609717e-01  -2.242859715675803e-01  2.412974673155023e+06  -4.967637571443685e+06  3.023492346048298e+04  -2.246815612761575e+06  1.818330294632806e+04  5.041060116139224e+04  3.991633654905759e-01  4.614237227859330e-01  -1.816673996945223e-01  -1.292926614254078e+06  -2.423677194139666e+06  6.214665918947252e+04  -4.269307269046023e+06  -2.067257146542991e+04  5.133952787252065e+04  5.039871960030027e-01  4.986668055728775e-01  -4.335527465872981e-02  2.968784753989058e+06  -3.868637824547265e+06  1.807212103797946e+04  -1.226850557472399e+04  9.317316019531373e+04  -1.018886653610031e+05  -3.372763948384452e-01  4.746422925241506e-01  -2.192293858029413e-02  3.305069573306744e+06  -2.559286492321430e+05  2.477823565037494e+04  2.982019492787007e+06  1.342263797880909e+05  -5.666197753128283e+04  -6.185432776900175e-01  -7.100371343682101e-02  2.023630329872861e-01  3.362848193176938e+05  3.612709175315122e+06  6.706114612395059e+03  2.994287998361730e+06  4.105321959277659e+04  4.522668782972018e+04  -2.812668828515724e-01  -5.456460059609712e-01  2.242859715675800e-01  -2.968784753989053e+06  3.868637824547266e+06  -1.807212103797954e+04  1.226850557472409e+04  -9.317316019531401e+04  1.018886653610030e+05  3.372763948384453e-01  -4.746422925241506e-01  2.192293858029404e-02  -3.305069573306745e+06  2.559286492321402e+05  -2.477823565037444e+04  -2.982019492787007e+06  -1.342263797880907e+05  5.666197753128256e+04  6.185432776900178e-01  7.100371343682120e-02  -2.023630329872861e-01
  1.704999999999986e+00  -3.169852503182688e+05  -3.607339655730939e+06  -7.378679412577948e+03  -3.016538565370029e+06  -4.794501091152091e+04  -4.862480404015766e+04  2.820962753853775e-01  5.416883257073278e-01  -2.206048234143501e-01  2.376486553058920e+06  -4.912107997310358e+06  3.338024725563951e+04  -2.275204989042650e+06  1.267728707539196e+04  7.210566143014218e+04  4.187367039701253e-01  4.478421586788797e-01  -1.802745134491149e-01  -1.326620407777661e+06  -2.445365924788171e+06  6.062116978780081e+04  -4.279400298950071e+06  -2.462601163241644e+04  5.825069580709274e+04  5.052949723896334e-01  4.986468897571411e-01  -3.759797251767699e-02  2.964595604891641e+06  -3.876216741072400e+06  1.697359777084065e+04  -1.062425546606365e+04  9.880167295094008e+04  -1.043094329021582e+05  -3.296713006208901e-01  4.690671657620994e-01  -2.179429095765414e-02  3.281580855209904e+06  -2.688770853414648e+05  2.435227718341901e+04  3.005914309903963e+06  1.467466838624619e+05  -5.568462886200055e+04  -6.117675760062674e-01  -7.262115994522854e-02  1.988105324566957e-01  3.169852503182704e+05  3.607339655730936e+06  7.378679412577824e+03  3.016538565370026e+06  4.794501091152126e+04  4.862480404015782e+04  -2.820962753853774e-01  -5.416883257073276e-01  2.206048234143497e-01  -2.964595604891637e+06  3.876216741072402e+06  -1.697359777084073e+04  1.062425546606363e+04  -9.880167295094024e+04  1.043094329021583e+05  3.296713006208902e-01  -4.690671657620994e-01  2.179429095765406e-02  -3.281580855209905e+06  2.688770853414622e+05  -2.435227718341851e+04  -3.005914309903963e+06  -1.467466838624618e+05  5.568462886200028e+04  6.117675760062679e-01  7.262115994522875e-02  -1.988105324566958e-01
  1.709999999999986e+00  -2.958025135632003e+05  -3.599472714117010e+06  -4.330622134850004e+03  -3.040157250843347e+06  -4.244183021542112e+04  -4.256760126311602e+04  2.850274319735697e-01  5.402358921776685e-01  -2.161760239665772e-01  2.330594348494137e+06  -4.844378207773217e+06  3.236207300005479e+04  -2.312770578443052e+06  1.572392098334447e+04  7.108444773728708e+04  4.374830798480269e-01  4.331663946773633e-01  -1.803257573843560e-01  -1.335929391370449e+06  -2.439299425116948e+06  6.240535702228420e+04  -4.277433813833513e+06  -1.714958973095542e+04  5.754487376468379e+04  5.010006934065582e-01  4.949100534600567e-01  -3.826391579776486e-02  2.957035463268821e+06  -3.846834072319803e+06  1.922948996289415e+04  -2.375073832830190e+04  9.472453374877445e+04  -9.442302685626133e+04  -3.129741434214746e-01  4.567185700720177e-01  -2.203404083377378e-02  3.252837976832016e+06  -2.473613582027981e+05  2.356011209774436e+04  3.016406512515043e+06  1.371663639641962e+05  -5.185542559314559e+04  -5.980015753950446e-01  -8.351732210565084e-02  1.941419831328031e-01  2.958025135632004e+05  3.599472714117007e+06  4.330622134849289e+03  3.040157250843344e+06  4.244183021542145e+04  4.256760126311621e+04  -2.850274319735698e-01  -5.402358921776682e-01  2.161760239665769e-01  -2.957035463268817e+06  3.846834072319806e+06  -1.922948996289427e+04  2.375073832830189e+04  -9.472453374877470e+04  9.442302685626163e+04  3.129741434214746e-01  -4.567185700720177e-01  2.203404083377372e-02  -3.252837976832015e+06  2.473613582027954e+05  -2.356011209774396e+04  -3.016406512515044e+06  -1.371663639641962e+05  5.185542559314540e+04  5.980015753950446e-01  8.351732210565103e-02  -1.941419831328032e-01
  1.714999999999985e+00  -2.737247681065590e+05  -3.589500024057213e+06  -2.882510716873886e+02  -3.063521094367591e+06  -3.650468487254390e+04  -3.740941794115167e+04  2.878367584572219e-01  5.384018302038760e-01  -2.119111616118442e-01  2.282787653832035e+06  -4.776552359401813e+06  3.093345623476330e+04  -2.349090841851912e+06  1.807937374255808e+04  6.915586245008324e+04  4.554805120057207e-01  4.184617120128375e-01  -1.804236332607906e-01  -1.343916667328503e+06  -2.431186946195787e+06  6.595238988288130e+04  -4.274438799500905e+06  -9.908206288647591e+03  5.612818421387722e+04  4.964155506374788e-01  4.906120220280162e-01  -3.930693200497658e-02  2.947006535212608e+06  -3.816438609008796e+06  2.076730157739731e+04  -3.660749212105475e+04  9.024834066378212e+04  -8.555073680832189e+04  -2.962443980395648e-01  4.441883801661793e-01  -2.232476136384402e-02  3.220731303319162e+06  -2.269385849515856e+05  2.105555264908513e+04  3.026913602246535e+06  1.267530255363267e+05  -4.814131886717073e+04  -5.840811564967870e-01  -9.421345003769685e-02  1.895864002479999e-01  2.737247681065593e+05  3.589500024057209e+06  2.882510716869680e+02  3.063521094367588e+06  3.650468487254421e+04  3.740941794115193e+04  -2.878367584572220e-01  -5.384018302038758e-01  2.119111616118439e-01  -2.947006535212604e+06  3.816438609008797e+06  -2.076730157739739e+04  3.660749212105473e+04  -9.024834066378241e+04  8.555073680832233e+04  2.962443980395649e-01  -4.441883801661793e-01  2.232476136384398e-02  -3.220731303319161e+06  2.269385849515831e+05  -2.105555264908476e+04  -3.026913602246535e+06  -1.267530255363266e+05  4.814131886717056e+04  5.840811564967868e-01  9.421345003769696e-02  -1.895864002479999e-01
  1.719999999999985e+00  -2.568097721463331e+05  -3.583041264306555e+06  -8.581724405833603e+02  -3.084059926403760e+06  -4.279891941320649e+04  -3.959156697125219e+04  2.890059905495670e-01  5.344127317395090e-01  -2.078290138354371e-01  2.241444170566098e+06  -4.715115496657399e+06  3.421786466678531e+04  -2.376410955556612e+06  1.306950173032726e+04  9.265683861375500e+04  4.751305794842662e-01  4.043976995325888e-01  -1.790828327493179e-01  -1.375947985854547e+06  -2.449762811259321e+06  6.440002355639193e+04  -4.280149100751312e+06  -1.236198706686230e+04  6.345300762380617e+04  4.971432138308486e-01  4.901201079799770e-01  -3.437323262439804e-02  2.936735635066452e+06  -3.816120083006126e+06  2.001811420962295e+04  -3.601599301462369e+04  9.477566488154439e+04  -8.515238682263250e+04  -2.869816679485869e-01  4.372998258758163e-01  -2.220849773109202e-02  3.193545407212780e+06  -2.330788186995752e+05  2.087628665020667e+04  3.048043933389135e+06  1.375745842947516e+05  -4.556081985138102e+04  -5.759876584981543e-01  -9.711290586369270e-02  1.856205161043447e-01  2.568097721463334e+05  3.583041264306552e+06  8.581724405827650e+02  3.084059926403757e+06  4.279891941320676e+04  3.959156697125254e+04  -2.890059905495672e-01  -5.344127317395087e-01  2.078290138354368e-01  -2.936735635066448e+06  3.816120083006129e+06  -2.001811420962296e+04  3.601599301462355e+04  -9.477566488154462e+04  8.515238682263294e+04  2.869816679485871e-01  -4.372998258758163e-01  2.220849773109200e-02  -3.193545407212779e+06  2.330788186995729e+05  -2.087628665020628e+04  -3.048043933389135e+06  -1.375745842947515e+05  4.556081985138079e+04  5.759876584981541e-01  9.711290586369281e-02  -1.856205161043448e-01
  1.724999999999985e+00  -2.368560794033642e+05  -3.571992880954476e+06  1.841468978467851e+03  -3.105670014855419e+06  -3.723640858680166e+04  -3.422009391307217e+04  2.917315198318242e-01  5.324523309661517e-01  -2.035086748007982e-01  2.191585254812453e+06  -4.644259007061143e+06  3.279100241148287e+04  -2.411361854882099e+06  1.582556735986836e+04  8.951658154286508e+04  4.924522344983451e-01  3.893866243770329e-01  -1.792938255291130e-01  -1.383319226770421e+06  -2.439885967806060e+06  6.553475193900180e+04  -4.273462574708309e+06  -6.048903607273490e+03  6.187879033421425e+04  4.918968781347134e-01  4.852840726545465e-01  -3.598434872893446e-02  2.923207884092314e+06  -3.780384272979266e+06  2.203377687563787e+04  -4.997901419290258e+04  9.073732690793696e+04  -7.670535730770082e+04  -2.694120824170958e-01  4.238064853438366e-01  -2.260369633066962e-02  3.160063963495673e+06  -2.083913920247937e+05  2.019230789716991e+04  3.055691000662515e+06  1.279737354947394e+05  -4.248526339462972e+04  -5.611436022489205e-01  -1.086458456223153e-01  1.809049784701282e-01  2.368560794033639e+05  3.571992880954473e+06  -1.841468978468860e+03  3.105670014855416e+06  3.723640858680174e+04  3.422009391307275e+04  -2.917315198318241e-01  -5.324523309661513e-01  2.035086748007979e-01  -2.923207884092310e+06  3.780384272979269e+06  -2.203377687563781e+04  4.997901419290249e+04  -9.073732690793731e+04  7.670535730770158e+04  2.694120824170960e-01  -4.238064853438365e-01  2.260369633066962e-02  -3.160063963495672e+06  2.083913920247910e+05  -2.019230789716991e+04  -3.055691000662515e+06  -1.279737354947394e+05  4.248526339462939e+04  5.611436022489205e-01  1.086458456223154e-01  -1.809049784701283e-01
  1.729999999999985e+00  -2.159890324237304e+05  -3.558750002428538e+06  5.714806808613907e+03  -3.126957437908036e+06  -3.130690934664054e+04  -2.975080850158292e+04  2.943253220655330e-01  5.300860523790589e-01  -1.993754671001999e-01  2.139995400902493e+06  -4.573379999755810e+06  3.100679248900238e+04  -2.444963116664457e+06  1.783887298081231e+04  8.564259920906225e+04  5.090191490206163e-01  3.743661136054430e-01  -1.795419507880387e-01  -1.389406436367532e+06  -2.428064489134327e+06  6.837851775187328e+04  -4.265721862798893e+06  -2.675444669741372e+01  5.969371192793992e+04  4.863841071142629e-01  4.799210728121515e-01  -3.793285260368062e-02  2.906983823309154e+06  -3.743926443731904e+06  2.315478584198790e+04  -6.351475254295104e+04  8.621127502264567e+04  -6.916525029762379e+04  -2.518936204462230e-01  4.102071471150088e-01  -2.303827027118278e-02  3.122972855732878e+06  -1.851764413033691e+05  1.743997903337403e+04  3.063442685365084e+06  1.175181843692866e+05  -3.941444179604191e+04  -5.462189425117562e-01  -1.198789052640504e-01  1.763371968290167e-01  2.159890324237297e+05  3.558750002428535e+06  -5.714806808614188e+03  3.126957437908033e+06  3.130690934664061e+04  2.975080850158327e+04  -2.943253220655331e-01  -5.300860523790585e-01  1.993754671001997e-01  -2.906983823309150e+06  3.743926443731907e+06  -2.315478584198771e+04  6.351475254295106e+04  -8.621127502264551e+04  6.916525029762412e+04  2.518936204462229e-01  -4.102071471150087e-01  2.303827027118277e-02  -3.122972855732878e+06  1.851764413033664e+05  -1.743997903337404e+04  -3.063442685365085e+06  -1.175181843692864e+05  3.941444179604173e+04  5.462189425117563e-01  1.198789052640505e-01  -1.763371968290169e-01
  1.734999999999985e+00  -2.015682121931008e+05  -3.551252477205106e+06  5.062591666930236e+03  -3.145581896947172e+06  -3.693120334391011e+04  -3.075444696084044e+04  2.957956239516270e-01  5.260550492715554e-01  -1.949979321822274e-01  2.094241819398595e+06  -4.506439807363537e+06  3.429772993331009e+04  -2.470929054680359e+06  1.335754642571158e+04  1.105309925737305e+05  5.285236993250002e-01  3.598596773290469e-01  -1.782827630749839e-01  -1.419157494684939e+06  -2.442967165641258e+06  6.671606466089415e+04  -4.266754855882760e+06  -1.051363508670787e+03  6.730365034607898e+04  4.864323925648242e-01  4.788304286711320e-01  -3.388342663930276e-02  2.890841933889846e+06  -3.735541575381880e+06  2.275073285991318e+04  -6.400841834492628e+04  8.956079369202549e+04  -6.603959112522400e+04  -2.410618531861663e-01  4.020285581710855e-01  -2.293860237723824e-02  3.092410146082941e+06  -1.842890981767772e+05  1.768814119298297e+04  3.081573478602245e+06  1.264919970359359e+05  -3.528514416438492e+04  -5.368574771377934e-01  -1.240264911004702e-01  1.720593298049887e-01  2.015682121931001e+05  3.551252477205102e+06  -5.062591666930516e+03  3.145581896947169e+06  3.693120334391021e+04  3.075444696084088e+04  -2.957956239516270e-01  -5.260550492715551e-01  1.949979321822272e-01  -2.890841933889842e+06  3.735541575381882e+06  -2.275073285991293e+04  6.400841834492618e+04  -8.956079369202539e+04  6.603959112522446e+04  2.410618531861663e-01  -4.020285581710855e-01  2.293860237723825e-02  -3.092410146082941e+06  1.842890981767746e+05  -1.768814119298295e+04  -3.081573478602246e+06  -1.264919970359359e+05  3.528514416438461e+04  5.368574771377935e-01  1.240264911004703e-01  -1.720593298049889e-01
  1.739999999999985e+00  -1.828414779618628e+05  -3.536948097331048e+06  7.507709899648649e+03  -3.164981954604329e+06  -3.146061443576741e+04  -2.612741796721433e+04  2.982769181843208e-01  5.235353274625698e-01  -1.908580832220766e-01  2.040983955536488e+06  -4.432797661488992e+06  3.256578923063155e+04  -2.502942803758786e+06  1.575685432039660e+04  1.054464675811502e+05  5.443035464825189e-01  3.445622370000637e-01  -1.786446447442114e-01  -1.424268612649107e+06  -2.429149453595395e+06  6.728144233741448e+04  -4.255270132470985e+06  4.045968823536199e+03  6.494060054474296e+04  4.802512207744206e-01  4.728902971604192e-01  -3.637687728162405e-02  2.871530601347748e+06  -3.693727198116414e+06  2.449413384783918e+04  -7.864946178447745e+04  8.564983306733704e+04  -5.911495552176621e+04  -2.227885556744407e-01  3.875077242255196e-01  -2.348136452630169e-02  3.054372079309606e+06  -1.567791007853677e+05  1.698642394819058e+04  3.086332492819851e+06  1.171104475031043e+05  -3.298753755455296e+04  -5.210654738587618e-01  -1.360276032370506e-01  1.673767186957744e-01  1.828414779618618e+05  3.536948097331046e+06  -7.507709899649037e+03  3.164981954604325e+06  3.146061443576722e+04  2.612741796721470e+04  -2.982769181843209e-01  -5.235353274625694e-01  1.908580832220764e-01  -2.871530601347744e+06  3.693727198116417e+06  -2.449413384783911e+04  7.864946178447711e+04  -8.564983306733672e+04  5.911495552176684e+04  2.227885556744407e-01  -3.875077242255196e-01  2.348136452630171e-02  -3.054372079309605e+06  1.567791007853658e+05  -1.698642394819037e+04  -3.086332492819852e+06  -1.171104475031045e+05  3.298753755455304e+04  5.210654738587618e-01  1.360276032370507e-01  -1.673767186957746e-01
  1.744999999999985e+00  -1.631860245720051e+05  -3.520387036513700e+06  1.128768460593350e+04  -3.183989401755828e+06  -2.568849843757879e+04  -2.239258877170748e+04  3.006207003452254e-01  5.205941319008515e-01  -1.869237377467801e-01  1.986189698556689e+06  -4.359199480147793e+06  3.052472336090308e+04  -2.533515314920885e+06  1.737326742868797e+04  9.980526812656425e+04  5.593334146570709e-01  3.292761063443793e-01  -1.790328169524029e-01  -1.428130520925154e+06  -2.413498759752765e+06  6.948752529534514e+04  -4.242709334974470e+06  8.808815561244233e+03  6.206480800836650e+04  4.738306556598842e-01  4.664634762341646e-01  -3.916449392939710e-02  2.849337315419694e+06  -3.651470205827030e+06  2.518992830970459e+04  -9.271347082041022e+04  8.116286157195270e+04  -5.297388475318893e+04  -2.046450760364389e-01  3.729568129107533e-01  -2.405034439362752e-02  3.012523339991694e+06  -1.310831693133320e+05  1.390224370377118e+04  3.091275930935418e+06  1.068513600095309e+05  -3.058129598148230e+04  -5.052657763816645e-01  -1.476373189900984e-01  1.628733933531520e-01  1.631860245720048e+05  3.520387036513698e+06  -1.128768460593375e+04  3.183989401755825e+06  2.568849843757857e+04  2.239258877170782e+04  -3.006207003452254e-01  -5.205941319008511e-01  1.869237377467799e-01  -2.849337315419691e+06  3.651470205827032e+06  -2.518992830970440e+04  9.271347082040968e+04  -8.116286157195196e+04  5.297388475318950e+04  2.046450760364389e-01  -3.729568129107533e-01  2.405034439362755e-02  -3.012523339991694e+06  1.310831693133296e+05  -1.390224370377123e+04  -3.091275930935418e+06  -1.068513600095312e+05  3.058129598148237e+04  5.052657763816647e-01  1.476373189900985e-01  -1.628733933531523e-01
  1.749999999999985e+00  -1.513204786024527e+05  -3.511868401523642e+06  1.038698571732530e+04  -3.200506649696220e+06  -3.059861704491139e+04  -2.227327100448527e+04  3.023464774547920e-01  5.165009662623138e-01  -1.823489117333729e-01  1.936505025196637e+06  -4.287179078205404e+06  3.370660170062808e+04  -2.557856944039369e+06  1.343603882530290e+04  1.256629167850027e+05  5.784783347627106e-01  3.143664176340131e-01  -1.778770323089013e-01  -1.455037815278192e+06  -2.424228390479765e+06  6.765262345465604e+04  -4.238816344373544e+06  9.120226385815213e+03  6.983537666398627e+04  4.731095159111398e-01  4.646565742767398e-01  -3.603790451134719e-02  2.827581295732483e+06  -3.634946259688971e+06  2.511931256171918e+04  -9.431242561202087e+04  8.327847032056155e+04  -4.724995121247543e+04  -1.923489621730248e-01  3.635256635737977e-01  -2.396980502696695e-02  2.978901774334931e+06  -1.230778581653306e+05  1.473232684439388e+04  3.106194224084200e+06  1.138770873654724e+05  -2.497668020799108e+04  -4.946954396278169e-01  -1.529753026885163e-01  1.583791067064055e-01  1.513204786024521e+05  3.511868401523640e+06  -1.038698571732558e+04  3.200506649696217e+06  3.059861704491119e+04  2.227327100448564e+04  -3.023464774547920e-01  -5.165009662623133e-01  1.823489117333728e-01  -2.827581295732479e+06  3.634946259688974e+06  -2.511931256171893e+04  9.431242561202034e+04  -8.327847032056075e+04  4.724995121247599e+04  1.923489621730248e-01  -3.635256635737977e-01  2.396980502696701e-02  -2.978901774334930e+06  1.230778581653281e+05  -1.473232684439382e+04  -3.106194224084200e+06  -1.138770873654728e+05  2.497668020799116e+04  4.946954396278170e-01  1.529753026885164e-01  -1.583791067064057e-01
  1.754999999999985e+00  -1.338050100817037e+05  -3.494262563278045e+06  1.266653667797437e+04  -3.217510356949144e+06  -2.535238771180825e+04  -1.842634850481393e+04  3.045490787023279e-01  5.133783842109740e-01  -1.784487006138814e-01  1.880424673427417e+06  -4.211089829539016e+06  3.176674083169741e+04  -2.586644225697089e+06  1.542922527921692e+04  1.188353242456083e+05  5.926229733350218e-01  2.988335601579276e-01  -1.783757123777508e-01  -1.457609962980241e+06  -2.406394435745950e+06  6.772481845188531e+04  -4.222490824987935e+06  1.298137506891552e+04  6.677359847044894e+04  4.660184335572807e-01  4.576222695502115e-01  -3.933653061307976e-02  2.802716969682404e+06  -3.587379217970897e+06  2.656432407763625e+04  -1.094710726969948e+05  7.957977661512564e+04  -4.189602639685856e+04  -1.735408432304010e-01  3.481035014171024e-01  -2.464804370186262e-02  2.936521979764102e+06  -9.311665469285178e+04  1.389778739966204e+04  3.108039284252148e+06  1.049321643269336e+05  -2.346967789204512e+04  -4.780899219327290e-01  -1.652748827938721e-01  1.538006569120182e-01  1.338050100817037e+05  3.494262563278044e+06  -1.266653667797412e+04  3.217510356949139e+06  2.535238771180791e+04  1.842634850481435e+04  -3.045490787023281e-01  -5.133783842109737e-01  1.784487006138812e-01  -2.802716969682400e+06  3.587379217970900e+06  -2.656432407763615e+04  1.094710726969943e+05  -7.957977661512481e+04  4.189602639685920e+04  1.735408432304010e-01  -3.481035014171024e-01  2.464804370186268e-02  -2.936521979764101e+06  9.311665469284999e+04  -1.389778739966202e+04  -3.108039284252148e+06  -1.049321643269338e+05  2.346967789204540e+04  4.780899219327291e-01  1.652748827938721e-01  -1.538006569120185e-01
  1.759999999999984e+00  -1.232713906799200e+05  -3.485062411423220e+06  1.178210744465269e+04  -3.232761992965292e+06  -2.993318840081560e+04  -1.773021659939418e+04  3.064104068162029e-01  5.091871218120857e-01  -1.737730676913808e-01  1.828122946046830e+06  -4.136391629357438e+06  3.457922533496565e+04  -2.609926271888143e+06  1.161961141389504e+04  1.456079958543190e+05  6.115412398545801e-01  2.836792976922864e-01  -1.772354584027626e-01  -1.483200962733652e+06  -2.415288980131431e+06  6.556348498505594e+04  -4.215812089121025e+06  1.399536884991321e+04  7.458928188749815e+04  4.648986498915260e-01  4.553897850705119e-01  -3.669657433495103e-02  2.777424391978057e+06  -3.566758616853805e+06  2.616831441213310e+04  -1.115947504843509e+05  8.087822997721918e+04  -3.460427445219253e+04  -1.604402006299759e-01  3.379776563633206e-01  -2.454858787916446e-02  2.900695782657971e+06  -8.169620543058320e+04  1.438620696748045e+04  3.121167242480940e+06  1.108114183780345e+05  -1.687405785279913e+04  -4.668506074461789e-01  -1.712094654487656e-01  1.492244798122158e-01  1.232713906799200e+05  3.485062411423220e+06  -1.178210744465246e+04  3.232761992965288e+06  2.993318840081528e+04  1.773021659939460e+04  -3.064104068162030e-01  -5.091871218120854e-01  1.737730676913807e-01  -2.777424391978052e+06  3.566758616853808e+06  -2.616831441213291e+04  1.115947504843503e+05  -8.087822997721846e+04  3.460427445219317e+04  1.604402006299759e-01  -3.379776563633205e-01  2.454858787916455e-02  -2.900695782657969e+06  8.169620543058170e+04  -1.438620696748031e+04  -3.121167242480941e+06  -1.108114183780347e+05  1.687405785279924e+04  4.668506074461791e-01  1.712094654487657e-01  -1.492244798122161e-01
  1.764999999999984e+00  -1.060524828382272e+05  -3.464810674204999e+06  1.512968194878378e+04  -3.248280006712980e+06  -2.404601520463770e+04  -1.427875134095912e+04  3.085421019974119e-01  5.056434201440013e-01  -1.700850372176165e-01  1.769899030604037e+06  -4.058442798415656e+06  3.253472406552576e+04  -2.636376623619144e+06  1.321836165545877e+04  1.380442577738132e+05  6.246138995569551e-01  2.680596075830317e-01  -1.778510546075276e-01  -1.482526320411814e+06  -2.392972005883989e+06  6.730917064626307e+04  -4.196053087446503e+06  1.801182340298482e+04  7.110566092049130e+04  4.571470380518115e-01  4.475173860125214e-01  -4.069751792944763e-02  2.747753632222198e+06  -3.514995190822124e+06  2.707846681609169e+04  -1.266247214649177e+05  7.606517582209471e+04  -2.902868600538790e+04  -1.412938457805836e-01  3.220936361467940e-01  -2.527763323854522e-02  2.853806115060419e+06  -5.018451661712494e+04  1.194878486730812e+04  3.121655285248060e+06  1.001111910267320e+05  -1.474993466442906e+04  -4.498359477779959e-01  -1.835497839972079e-01  1.448074039790707e-01  1.060524828382266e+05  3.464810674204998e+06  -1.512968194878364e+04  3.248280006712976e+06  2.404601520463743e+04  1.427875134095935e+04  -3.085421019974121e-01  -5.056434201440010e-01  1.700850372176164e-01  -2.747753632222195e+06  3.514995190822127e+06  -2.707846681609153e+04  1.266247214649174e+05  -7.606517582209404e+04  2.902868600538844e+04  1.412938457805837e-01  -3.220936361467939e-01  2.527763323854529e-02  -2.853806115060418e+06  5.018451661712374e+04  -1.194878486730781e+04  -3.121655285248061e+06  -1.001111910267325e+05  1.474993466442916e+04  4.498359477779959e-01  1.835497839972079e-01  -1.448074039790711e-01
  1.769999999999984e+00  -8.972173603565039e+04  -3.443888394579635e+06  1.732426076374100e+04  -3.262717791097101e+06  -1.913554881837166e+04  -1.122612583498746e+04  3.104355563277704e-01  5.018830820809814e-01  -1.664708907545654e-01  1.711573733292767e+06  -3.980240791846280e+06  3.047590682461705e+04  -2.661683139752423e+06  1.477264323998894e+04  1.296947299760113e+05  6.370531342433530e-01  2.523440064132593e-01  -1.784682440105921e-01  -1.482327478801212e+06  -2.371101481239817e+06  6.695860181928222e+04  -4.174879561866086e+06  2.064626474143555e+04  6.744280883304555e+04  4.491778859470030e-01  4.394127819727887e-01  -4.471265573596565e-02  2.717608530985420e+06  -3.462047171966037e+06  2.820585916499319e+04  -1.421409356908617e+05  7.265776466219117e+04  -2.526079624024586e+04  -1.221180383368540e-01  3.059031319422519e-01  -2.607550105960812e-02  2.807330267021063e+06  -1.815877738640107e+04  1.088159840125199e+04  3.120576855406238e+06  9.179331348056263e+04  -1.403467040525811e+04  -4.325535946646245e-01  -1.959799501387302e-01  1.403953896949566e-01  8.972173603564968e+04  3.443888394579634e+06  -1.732426076374131e+04  3.262717791097098e+06  1.913554881837169e+04  1.122612583498780e+04  -3.104355563277704e-01  -5.018830820809813e-01  1.664708907545652e-01  -2.717608530985416e+06  3.462047171966041e+06  -2.820585916499313e+04  1.421409356908617e+05  -7.265776466219053e+04  2.526079624024608e+04  1.221180383368539e-01  -3.059031319422518e-01  2.607550105960820e-02  -2.807330267021064e+06  1.815877738639983e+04  -1.088159840125184e+04  -3.120576855406239e+06  -9.179331348056288e+04  1.403467040525833e+04  4.325535946646246e-01  1.959799501387303e-01  -1.403953896949569e-01
  1.774999999999984e+00  -8.179804567004279e+04  -3.433686975671223e+06  1.593896795455112e+04  -3.275583025684548e+06  -2.296195784075889e+04  -9.501369929035187e+03  3.124760286528974e-01  4.975864757847454e-01  -1.617350026995597e-01  1.656143168681779e+06  -3.901106859667948e+06  3.305042865768236e+04  -2.682950703145329e+06  1.151595666265234e+04  1.567968599690261e+05  6.553024784814050e-01  2.368494522295914e-01  -1.774544224537664e-01  -1.504319116714126e+06  -2.375184903063099e+06  6.450292080461542e+04  -4.162958745181410e+06  2.281667099162682e+04  7.524279821222107e+04  4.471661148378129e-01  4.363061619230303e-01  -4.301910967127021e-02  2.687155663719506e+06  -3.433310673235502e+06  2.812738030514996e+04  -1.453773922202574e+05  7.264628372880748e+04  -1.557931694820424e+04  -1.077387953462081e-01  2.946087413628807e-01  -2.599415962525032e-02  2.768953709389542e+06  3.763024357219837e+02  1.218841235059853e+04  3.130205633464290e+06  9.560824156956618e+04  -6.077947019168909e+03  -4.202148239991055e-01  -2.029777344218655e-01  1.357408430743087e-01  8.179804567004205e+04  3.433686975671222e+06  -1.593896795455146e+04  3.275583025684545e+06  2.296195784075890e+04  9.501369929035500e+03  -3.124760286528973e-01  -4.975864757847452e-01  1.617350026995595e-01  -2.687155663719503e+06  3.433310673235506e+06  -2.812738030514982e+04  1.453773922202574e+05  -7.264628372880684e+04  1.557931694820457e+04  1.077387953462081e-01  -2.946087413628806e-01  2.599415962525040e-02  -2.768953709389542e+06  -3.763024357232023e+02  -1.218841235059832e+04  -3.130205633464290e+06  -9.560824156956642e+04  6.077947019169128e+03  4.202148239991056e-01  2.029777344218656e-01  -1.357408430743090e-01
  1.779999999999984e+00  -6.568403203702102e+04  -3.410031906113456e+06  1.931336452818463e+04  -3.288397275399940e+06  -1.749976268351062e+04  -6.872527715230673e+03  3.142690911521388e-01  4.933855814074572e-01  -1.583747972800200e-01  1.596106469941827e+06  -3.821345109335156e+06  3.087288443758106e+04  -2.705760244806026e+06  1.263803886898750e+04  1.477176444557913e+05  6.666082785053304e-01  2.210843271881978e-01  -1.781755960533308e-01  -1.500721959831426e+06  -2.348806401912436e+06  6.579720442382233e+04  -4.138307671137776e+06  2.552654623750881e+04  7.119259867920814e+04  4.385426157202649e-01  4.273722647515346e-01  -4.768160153843590e-02  2.652274362092112e+06  -3.376534121038220e+06  2.859140408032692e+04  -1.606320748298080e+05  6.806854485102149e+04  -1.158588759169054e+04  -8.835529084651365e-02  2.780604228463384e-01  -2.682894746952767e-02  2.717958394129126e+06  3.349778507523595e+04  9.278039552141563e+03  3.127765200570131e+06  8.556830753453201e+04  -4.713359876459957e+03  -4.026243819986527e-01  -2.153251585611193e-01  1.315458498104916e-01  6.568403203702053e+04  3.410031906113454e+06  -1.931336452818476e+04  3.288397275399937e+06  1.749976268351069e+04  6.872527715230981e+03  -3.142690911521389e-01  -4.933855814074569e-01  1.583747972800198e-01  -2.652274362092108e+06  3.376534121038224e+06  -2.859140408032679e+04  1.606320748298081e+05  -6.806854485102104e+04  1.158588759169072e+04  8.835529084651357e-02  -2.780604228463384e-01  2.682894746952776e-02  -2.717958394129126e+06  -3.349778507523682e+04  -9.278039552141472e+03  -3.127765200570132e+06  -8.556830753453227e+04  4.713359876460115e+03  4.026243819986526e-01  2.153251585611194e-01  -1.315458498104920e-01
  1.784999999999984e+00  -5.050318535159903e+04  -3.385809274431377e+06  2.149246531849723e+04  -3.300117684293055e+06  -1.301413579297105e+04  -4.608941426008029e+03  3.158267340678229e-01  4.889617553594422e-01  -1.550808839184789e-01  1.536107686768935e+06  -3.741359095490893e+06  2.877462422293213e+04  -2.727368088403332e+06  1.373647508459333e+04  1.380808992484302e+05  6.772943439237130e-01  2.052400414169120e-01  -1.788898015676514e-01  -1.497569316328862e+06  -2.322933036297032e+06  6.508726024333687e+04  -4.112313922789222e+06  2.697106722383992e+04  6.703106314890333e+04  4.297334214730347e-01  4.182341712790683e-01  -5.231593623341783e-02  2.617157163695308e+06  -3.318616777498968e+06  2.938947746853716e+04  -1.763482893351582e+05  6.502360730751499e+04  -9.388726664097188e+03  -6.897541826353612e-02  2.612392751150761e-01  -2.772739225601477e-02  2.667660349046901e+06  6.719249693241062e+04  7.897012150039526e+03  3.123769394957896e+06  7.803774310048582e+04  -4.779785238089755e+03  -3.848021523313592e-01  -2.277224802443668e-01  1.273534916624634e-01  5.050318535159880e+04  3.385809274431376e+06  -2.149246531849679e+04  3.300117684293053e+06  1.301413579297081e+04  4.608941426008325e+03  -3.158267340678230e-01  -4.889617553594420e-01  1.550808839184787e-01  -2.617157163695305e+06  3.318616777498971e+06  -2.938947746853710e+04  1.763482893351586e+05  -6.502360730751454e+04  9.388726664097223e+03  6.897541826353602e-02  -2.612392751150759e-01  2.772739225601486e-02  -2.667660349046901e+06  -6.719249693241168e+04  -7.897012150039496e+03  -3.123769394957896e+06  -7.803774310048588e+04  4.779785238089577e+03  3.848021523313592e-01  2.277224802443669e-01  -1.273534916624638e-01
  1.789999999999984e+00  -4.513585045075308e+04  -3.374548494039760e+06  1.949874648458227e+04  -3.310439284558238e+06  -1.610745541933753e+04  -1.945077790762610e+03  3.179878738901769e-01  4.845215722313369e-01  -1.503594499467114e-01  1.478087027216950e+06  -3.658246083118587e+06  3.104256875758880e+04  -2.746398633815039e+06  1.101241041385599e+04  1.651196062464356e+05  6.946917782516205e-01  1.894451302843543e-01  -1.780071239380873e-01  -1.515556840164873e+06  -2.321880299742373e+06  6.233640499733933e+04  -4.095030560867936e+06  3.016040175388988e+04  7.470552775279270e+04  4.267687390470915e-01  4.141689291378186e-01  -5.155655267082433e-02  2.581893739484791e+06  -3.281931569723436e+06  2.960534019875748e+04  -1.806863560141549e+05  6.370225800745504e+04  2.476042364818198e+03  -5.345471686001312e-02  2.488475200870177e-01  -2.766302346123089e-02  2.627029589935539e+06  9.261692431632655e+04  1.010659371417477e+04  3.129752928544082e+06  7.980971342679235e+04  4.421120155580209e+03  -3.714425907501903e-01  -2.356740521443198e-01  1.226964264854797e-01  4.513585045075276e+04  3.374548494039760e+06  -1.949874648458195e+04  3.310439284558235e+06  1.610745541933732e+04  1.945077790762934e+03  -3.179878738901771e-01  -4.845215722313367e-01  1.503594499467111e-01  -2.581893739484788e+06  3.281931569723439e+06  -2.960534019875735e+04  1.806863560141553e+05  -6.370225800745453e+04  -2.476042364818105e+03  5.345471686001301e-02  -2.488475200870177e-01  2.766302346123100e-02  -2.627029589935538e+06  -9.261692431632744e+04  -1.010659371417465e+04  -3.129752928544083e+06  -7.980971342679235e+04  -4.421120155580331e+03  3.714425907501903e-01  2.356740521443199e-01  -1.226964264854801e-01
  1.794999999999984e+00  -3.007708878350562e+04  -3.347519443293072e+06  2.296578238892895e+04  -3.320408202538659e+06  -1.116243598432585e+04  -1.281130253522842e+02  3.194177823121295e-01  4.796433665336814e-01  -1.473526587565387e-01  1.416805942276035e+06  -3.576999115405784e+06  2.880989907306907e+04  -2.765374526864079e+06  1.164922876640421e+04  1.547703423026557e+05  7.041982596595153e-01  1.735889309553935e-01  -1.788094351905953e-01  -1.508895047992394e+06  -2.291526271467649e+06  6.323634900183749e+04  -4.065546753057074e+06  3.160993884772322e+04  7.019079773481052e+04  4.173187521254335e-01  4.042209818090470e-01  -5.677531641780821e-02  2.542156695227552e+06  -3.220579871646843e+06  2.963130368809785e+04  -1.960152727314751e+05  5.944343234991060e+04  4.903811113798066e+03  -3.399452127375794e-02  2.317744719150117e-01  -2.858319782452968e-02  2.572233784011052e+06  1.269395716462326e+05  6.665521299168586e+03  3.124392929807183e+06  7.060586833423637e+04  5.031924139150041e+03  -3.534123035858877e-01  -2.478688946186704e-01  1.187694609320083e-01  3.007708878350473e+04  3.347519443293070e+06  -2.296578238892877e+04  3.320408202538657e+06  1.116243598432551e+04  1.281130253526602e+02  -3.194177823121297e-01  -4.796433665336812e-01  1.473526587565386e-01  -2.542156695227547e+06  3.220579871646845e+06  -2.963130368809777e+04  1.960152727314758e+05  -5.944343234991019e+04  -4.903811113798129e+03  3.399452127375780e-02  -2.317744719150116e-01  2.858319782452978e-02  -2.572233784011050e+06  -1.269395716462328e+05  -6.665521299168297e+03  -3.124392929807184e+06  -7.060586833423632e+04  -5.031924139149739e+03  3.534123035858876e-01  2.478688946186706e-01  -1.187694609320087e-01
  1.799999999999984e+00  -1.600537574460839e+04  -3.320043451167697e+06  2.518576620551343e+04  -3.329279023123137e+06  -7.167984383211216e+03  1.368788468619957e+03  3.206164804071099e-01  4.745397123902715e-01  -1.444016093623983e-01  1.355692406083462e+06  -3.495551200585394e+06  2.674145932135550e+04  -2.783103066388379e+06  1.228957865938945e+04  1.440886272879869e+05  7.131047900651462e-01  1.576710234496831e-01  -1.795968915786060e-01  -1.502656456987774e+06  -2.261736038925826e+06  6.222265739462267e+04  -4.034794951732596e+06  3.192562374301695e+04  6.563511593268525e+04  4.077130747446489e-01  3.940980199086113e-01  -6.192569269939534e-02  2.502407244382812e+06  -3.158138821310299e+06  3.009617053168689e+04  -2.117782665784123e+05  5.682266678700556e+04  5.573293810289142e+03  -1.456913001078292e-02  2.144630113529122e-01  -2.956061152239662e-02  2.518412620127415e+06  1.619046298573993e+05  4.910404326173593e+03  3.117500756544724e+06  6.399065117021645e+04  4.204505341668809e+03  -3.351856104178930e-01  -2.600767010373599e-01  1.148409978400008e-01  1.600537574460800e+04  3.320043451167695e+06  -2.518576620551280e+04  3.329279023123134e+06  7.167984383210975e+03  -1.368788468619532e+03  -3.206164804071101e-01  -4.745397123902712e-01  1.444016093623981e-01  -2.502407244382807e+06  3.158138821310303e+06  -3.009617053168673e+04  2.117782665784130e+05  -5.682266678700515e+04  -5.573293810289573e+03  1.456913001078272e-02  -2.144630113529120e-01  2.956061152239671e-02  -2.518412620127413e+06  -1.619046298573996e+05  -4.910404326173353e+03  -3.117500756544725e+06  -6.399065117021621e+04  -4.204505341669141e+03  3.351856104178930e-01  2.600767010373600e-01  -1.148409978400013e-01
  1.804999999999984e+00  -1.310051150281966e+04  -3.307639839612447e+06  2.250549982891702e+04  -3.336918013989293e+06  -9.569580775069910e+03  4.874958000763701e+03  3.228370251868225e-01  4.699135001151341e-01  -1.397592994268946e-01  1.295628140061363e+06  -3.408923842475838e+06  2.865165130348538e+04  -2.799696481816482e+06  1.006822004503912e+04  1.706951035047042e+05  7.294835460380402e-01  1.416169094897978e-01  -1.788445461980707e-01  -1.516310173652642e+06  -2.255305290706729e+06  5.919541544825862e+04  -4.012083462516119e+06  3.598720702268418e+04  7.308316155560597e+04  4.037482558139033e-01  3.890062450947525e-01  -6.207120568584279e-02  2.462704884943969e+06  -3.113764423928953e+06  3.057773943226543e+04  -2.171943945496428e+05  5.421348497381953e+04  1.939479685429474e+04  1.947185752800438e-03  2.010567937052889e-01  -2.951076780761696e-02  2.475805396446783e+06  1.938754156834960e+05  8.072239603348396e+03  3.119723619439649e+06  6.378306574888912e+04  1.451983885353055e+04  -3.208898394340223e-01  -2.688567064098458e-01  1.102485316192768e-01  1.310051150281962e+04  3.307639839612445e+06  -2.250549982891639e+04  3.336918013989290e+06  9.569580775069719e+03  -4.874958000763247e+03  -3.228370251868228e-01  -4.699135001151338e-01  1.397592994268945e-01  -2.462704884943964e+06  3.113764423928957e+06  -3.057773943226520e+04  2.171943945496437e+05  -5.421348497381923e+04  -1.939479685429529e+04  -1.947185752800664e-03  -2.010567937052888e-01  2.951076780761705e-02  -2.475805396446781e+06  -1.938754156834962e+05  -8.072239603348127e+03  -3.119723619439650e+06  -6.378306574888877e+04  -1.451983885353094e+04  3.208898394340224e-01  2.688567064098458e-01  -1.102485316192774e-01
  1.809999999999983e+00  9.558457192302628e+02  -3.277298366105310e+06  2.611719987906091e+04  -3.343921036472510e+06  -5.208869541243474e+03  5.907398198474574e+03  3.238828910419324e-01  4.643474599176633e-01  -1.371204448374491e-01  1.233651742251781e+06  -3.326512174545831e+06  2.643054369886716e+04  -2.814683825464242e+06  1.022642300388035e+04  1.593276554609087e+05  7.371791353542109e-01  1.257247978103473e-01  -1.797019401612381e-01  -1.506493777711176e+06  -2.221112846055268e+06  5.975079096505439e+04  -3.977860794020100e+06  3.624741066330964e+04  6.820737242015058e+04  3.935223435672829e-01  3.781029065081791e-01  -6.773712356217132e-02  2.418494163715834e+06  -3.048304683658678e+06  3.018219928764207e+04  -2.324527682425817e+05  5.034806946088150e+04  2.030058748153187e+04  2.132994614938138e-02  1.835996731106634e-01  -3.049388942630112e-02  2.417538317996598e+06  2.289936824466333e+05  4.064999408581047e+03  3.111468268229927e+06  5.555693900212478e+04  1.439318928305753e+04  -3.025529448925512e-01  -2.807477868070007e-01  1.066265554111472e-01  -9.558457192311032e+02  3.277298366105306e+06  -2.611719987906117e+04  3.343921036472507e+06  5.208869541243324e+03  -5.907398198474300e+03  -3.238828910419327e-01  -4.643474599176631e-01  1.371204448374490e-01  -2.418494163715829e+06  3.048304683658683e+06  -3.018219928764192e+04  2.324527682425825e+05  -5.034806946088097e+04  -2.030058748153246e+04  -2.132994614938166e-02  -1.835996731106633e-01  3.049388942630120e-02  -2.417538317996596e+06  -2.289936824466335e+05  -4.064999408580760e+03  -3.111468268229927e+06  -5.555693900212444e+04  -1.439318928305774e+04  3.025529448925512e-01  2.807477868070007e-01  -1.066265554111477e-01
  1.814999999999983e+00  2.411607220490270e+03  -3.264359912469641e+06  2.296872498322820e+04  -3.349996096882356e+06  -7.274432156235866e+03  9.882890183626496e+03  3.261402971603568e-01  4.595619520058659e-01  -1.325056084158276e-01  1.172184154482694e+06  -3.237837071305955e+06  2.805667505381393e+04  -2.829802796241590e+06  8.218778920034742e+03  1.859911416913409e+05  7.529981342570181e-01  1.094952937649096e-01  -1.789998874233359e-01  -1.518138119824694e+06  -2.212320708606842e+06  5.600512042352205e+04  -3.952065863311774e+06  4.071974573639182e+04  7.551551656335307e+04  3.890270468165070e-01  3.724337908874334e-01  -6.832737197873799e-02  2.376016800311738e+06  -2.999910772334182e+06  3.056258910774951e+04  -2.383649534655854e+05  4.695320882688518e+04  3.535180492982464e+04  3.840479853163323e-02  1.696192548917038e-01  -3.044205684852394e-02  2.373605193091243e+06  2.644491401354610e+05  7.593864124521249e+03  3.111631143416771e+06  5.422764098312084e+04  2.546891474619802e+04  -2.877354986287238e-01  -2.899426971141630e-01  1.020635515673027e-01  -2.411607220490732e+03  3.264359912469638e+06  -2.296872498322835e+04  3.349996096882354e+06  7.274432156235774e+03  -9.882890183626223e+03  -3.261402971603572e-01  -4.595619520058656e-01  1.325056084158275e-01  -2.376016800311733e+06  2.999910772334186e+06  -3.056258910774932e+04  2.383649534655863e+05  -4.695320882688460e+04  -3.535180492982506e+04  -3.840479853163351e-02  -1.696192548917037e-01  3.044205684852403e-02  -2.373605193091240e+06  -2.644491401354612e+05  -7.593864124520905e+03  -3.111631143416772e+06  -5.422764098312056e+04  -2.546891474619826e+04  2.877354986287238e-01  2.899426971141629e-01  -1.020635515673033e-01
  1.819999999999983e+00  1.453550938990729e+04  -3.232994999438368e+06  2.500483196484663e+04  -3.354667439960154e+06  -3.517319441483306e+03  1.092175075830855e+04  3.269198492979709e-01  4.536998549092831e-01  -1.300157570445101e-01  1.110402467019522e+06  -3.154245761818788e+06  2.596820937186248e+04  -2.842370010135670e+06  8.663692743686555e+03  1.736792760723977e+05  7.595109477690563e-01  9.351844874600500e-02  -1.799098824894405e-01  -1.506156272470882e+06  -2.175576854127293e+06  5.521328067508414e+04  -3.914296874242513e+06  4.029789610779264e+04  7.049218294616269e+04  3.781708734265264e-01  3.608858724209842e-01  -7.430343207450861e-02  2.330724392616921e+06  -2.930096539315310e+06  3.103204986549716e+04  -2.545738464548893e+05  4.434855713423888e+04  3.504656538743261e+04  5.800829567081296e-02  1.516116833441512e-01  -3.148793327204834e-02  2.316188883227010e+06  3.028984601230609e+05  6.027217900650546e+03  3.100093593505265e+06  4.786587657572202e+04  2.412481462912390e+04  -2.689115536271582e-01  -3.020881715651332e-01  9.852782377246093e-02  -1.453550938990775e+04  3.232994999438367e+06  -2.500483196484635e+04  3.354667439960151e+06  3.517319441483295e+03  -1.092175075830830e+04  -3.269198492979712e-01  -4.536998549092831e-01  1.300157570445100e-01  -2.330724392616916e+06  2.930096539315315e+06  -3.103204986549693e+04  2.545738464548901e+05  -4.434855713423820e+04  -3.504656538743304e+04  -5.800829567081324e-02  -1.516116833441511e-01  3.148793327204843e-02  -2.316188883227006e+06  -3.028984601230606e+05  -6.027217900650392e+03  -3.100093593505264e+06  -4.786587657572166e+04  -2.412481462912407e+04  2.689115536271581e-01  3.020881715651330e-01  -9.852782377246147e-02
  1.824999999999983e+00  2.764343731951302e+04  -3.199433683404685e+06  2.879827801427181e+04  -3.358605703606279e+06  2.164556804911858e+02  1.121100968092395e+04  3.275641026193011e-01  4.474448440674665e-01  -1.277493880390330e-01  1.048254981539777e+06  -3.070982114390825e+06  2.381392750615690e+04  -2.853251912693610e+06  8.363460655529598e+03  1.615462750265122e+05  7.654035432450880e-01  7.764596888951047e-02  -1.807955014087827e-01  -1.493147543957450e+06  -2.137731113490218e+06  5.546615149065128e+04  -3.875462560550335e+06  3.946092578091469e+04  6.535813425119298e+04  3.672241343242035e-01  3.490956996009859e-01  -8.030616937733528e-02  2.282443705044647e+06  -2.861018865870415e+06  3.023937385781261e+04  -2.696240177755361e+05  4.094040418560096e+04  3.449794548058539e+04  7.716705840801809e-02  1.339102896891448e-01  -3.251020282454156e-02  2.254800267725129e+06  3.384148175342755e+05  1.441095843540531e+03  3.088981685830743e+06  4.072394850510958e+04  2.328693579966109e+04  -2.503970442112836e-01  -3.135345543783226e-01  9.523918521449053e-02  -2.764343731951384e+04  3.199433683404686e+06  -2.879827801427175e+04  3.358605703606278e+06  -2.164556804912550e+02  -1.121100968092367e+04  -3.275641026193016e-01  -4.474448440674663e-01  1.277493880390329e-01  -2.282443705044641e+06  2.861018865870419e+06  -3.023937385781238e+04  2.696240177755369e+05  -4.094040418560059e+04  -3.449794548058569e+04  -7.716705840801841e-02  -1.339102896891446e-01  3.251020282454164e-02  -2.254800267725127e+06  -3.384148175342750e+05  -1.441095843540439e+03  -3.088981685830744e+06  -4.072394850510932e+04  -2.328693579966124e+04  2.503970442112835e-01  3.135345543783226e-01  -9.523918521449108e-02
  1.829999999999983e+00  2.680752681540448e+04  -3.185223715948742e+06  2.485399759225644e+04  -3.361812801740971e+06  -1.231508625535773e+03  1.588427010567751e+04  3.297860684415767e-01  4.424057141881772e-01  -1.232967581276576e-01  9.856278685602689e+05  -2.979472824131337e+06  2.506664739127134e+04  -2.865663276741554e+06  6.808055412832205e+03  1.872342408905164e+05  7.799778624732178e-01  6.122667843331282e-02  -1.802177727167407e-01  -1.500053071523959e+06  -2.123304023383611e+06  5.148871902837372e+04  -3.844211219602873e+06  4.456445901086394e+04  7.229832482843180e+04  3.616774472170473e-01  3.423264980376949e-01  -8.173428486845075e-02  2.236145807101061e+06  -2.805427635915458e+06  3.087821952250500e+04  -2.765595786640585e+05  3.631598106432628e+04  5.115948069634219e+04  9.500129966832040e-02  1.190621994146488e-01  -3.246791718901831e-02  2.209338280285653e+06  3.797960800332887e+05  6.024221930248108e+03  3.085253223076913e+06  3.754748968986172e+04  3.527521059066423e+04  -2.347847687732567e-01  -3.233435147735295e-01  9.082884093863838e-02  -2.680752681540515e+04  3.185223715948742e+06  -2.485399759225643e+04  3.361812801740969e+06  1.231508625535777e+03  -1.588427010567723e+04  -3.297860684415771e-01  -4.424057141881771e-01  1.232967581276575e-01  -2.236145807101056e+06  2.805427635915463e+06  -3.087821952250470e+04  2.765595786640593e+05  -3.631598106432580e+04  -5.115948069634267e+04  -9.500129966832072e-02  -1.190621994146486e-01  3.246791718901840e-02  -2.209338280285649e+06  -3.797960800332879e+05  -6.024221930248073e+03  -3.085253223076913e+06  -3.754748968986139e+04  -3.527521059066433e+04  2.347847687732567e-01  3.233435147735294e-01  -9.082884093863894e-02
  1.834999999999983e+00  3.803461282976374e+04  -3.150691083568944e+06  2.704157962434794e+04  -3.363399336382511e+06  1.913320719443445e+03  1.618232035633007e+04  3.301385584239396e-01  4.358360100452799e-01  -1.211808129592592e-01  9.239903265113184e+05  -2.895305323200543e+06  2.307574146597705e+04  -2.874045317800927e+06  6.798864608707290e+03  1.742580408181745e+05  7.846642172756563e-01  4.530602710246113e-02  -1.811408819188660e-01  -1.484854525381087e+06  -2.082993820330924e+06  5.052206926517228e+04  -3.801971231120771e+06  4.312972382300573e+04  6.705605435866876e+04  3.501265518500329e-01  3.299134162944043e-01  -8.797899056754016e-02  2.187140289506172e+06  -2.732340629247235e+06  3.096784519436315e+04  -2.924998877989284e+05  3.427359250657200e+04  4.933565836254742e+04  1.142807571164089e-01  1.008945157598543e-01  -3.354170431251338e-02  2.149105676676405e+06  4.183504543217148e+05  3.926265570014925e+03  3.070899448583581e+06  3.236027178712823e+04  3.315333800621673e+04  -2.158578013075312e-01  -3.349414942854269e-01  8.763910864674490e-02  -3.803461282976410e+04  3.150691083568945e+06  -2.704157962434780e+04  3.363399336382508e+06  -1.913320719443600e+03  -1.618232035632964e+04  -3.301385584239401e-01  -4.358360100452797e-01  1.211808129592591e-01  -2.187140289506167e+06  2.732340629247239e+06  -3.096784519436294e+04  2.924998877989294e+05  -3.427359250657148e+04  -4.933565836254761e+04  -1.142807571164092e-01  -1.008945157598541e-01  3.354170431251344e-02  -2.149105676676401e+06  -4.183504543217141e+05  -3.926265570014813e+03  -3.070899448583582e+06  -3.236027178712784e+04  -3.315333800621697e+04  2.158578013075312e-01  3.349414942854267e-01  -8.763910864674547e-02
  1.839999999999983e+00  5.024749053791959e+04  -3.114031714033670e+06  3.103839706960589e+04  -3.364196118906660e+06  5.000733545323099e+03  1.578104681081935e+04  3.303666420294714e-01  4.288998540675570e-01  -1.192827225041760e-01  8.621663058369366e+05  -2.811494289585448e+06  2.103229393724049e+04  -2.880742540179553e+06  6.071979155988263e+03  1.616077438957916e+05  7.887796231320755e-01  2.950869239566963e-02  -1.820277753578925e-01  -1.468667217053304e+06  -2.041724245173650e+06  5.050685959163914e+04  -3.758684448442420e+06  4.130509867954408e+04  6.176405306719268e+04  3.385180775745178e-01  3.173135230593391e-01  -9.420938625311161e-02  2.135209549928882e+06  -2.660152080382119e+06  2.980929574581024e+04  -3.072125133133229e+05  3.137471019696903e+04  4.742055568211430e+04  1.330775728956927e-01  8.308597627686369e-02  -3.457870814347520e-02  2.084962059390959e+06  4.538796336515573e+05  -1.229101323795839e+03  3.056983605593336e+06  2.637397665164564e+04  3.163950887129444e+04  -1.972890691337790e-01  -3.458138777906946e-01  8.470401436069987e-02  -5.024749053792073e+04  3.114031714033670e+06  -3.103839706960588e+04  3.364196118906658e+06  -5.000733545323165e+03  -1.578104681081881e+04  -3.303666420294721e-01  -4.288998540675568e-01  1.192827225041760e-01  -2.135209549928878e+06  2.660152080382122e+06  -2.980929574581009e+04  3.072125133133237e+05  -3.137471019696837e+04  -4.742055568211424e+04  -1.330775728956930e-01  -8.308597627686354e-02  3.457870814347528e-02  -2.084962059390956e+06  -4.538796336515568e+05  1.229101323795833e+03  -3.056983605593336e+06  -2.637397665164525e+04  -3.163950887129466e+04  1.972890691337790e-01  3.458138777906943e-01  -8.470401436070044e-02
  1.844999999999983e+00  4.730057112567590e+04  -3.098417973783773e+06  2.629543909598410e+04  -3.364448048999616e+06  4.090321829997665e+03  2.104649911271288e+04  3.324893721814020e-01  4.235617183972164e-01  -1.150319143354461e-01  7.989177687492579e+05  -2.717628483185065e+06  2.189953731665080e+04  -2.890307829403398e+06  4.921518899420049e+03  1.860266170584531e+05  8.019889791498021e-01  1.294592866056579e-02  -1.815626960127956e-01  -1.470697629238833e+06  -2.021632198943476e+06  4.636429407442082e+04  -3.722050982314100e+06  4.688314457802599e+04  6.825850068330804e+04  3.319097882938697e-01  3.094225368365525e-01  -9.641207816278079e-02  2.085497148563216e+06  -2.597831890919544e+06  3.066968477903337e+04  -3.151182700801098e+05  2.559520850208267e+04  6.543290033976149e+04  1.515118068560448e-01  6.747816757398818e-02  -3.454099303873186e-02  2.038196577437537e+06  5.005860828642368e+05  4.374245683049073e+03  3.049329778919506e+06  2.150488667208454e+04  4.438640122704781e+04  -1.809775653253575e-01  -3.560835508232293e-01  8.049092129671336e-02  -4.730057112567667e+04  3.098417973783774e+06  -2.629543909598403e+04  3.364448048999614e+06  -4.090321829997761e+03  -2.104649911271240e+04  -3.324893721814027e-01  -4.235617183972162e-01  1.150319143354461e-01  -2.085497148563211e+06  2.597831890919548e+06  -3.066968477903315e+04  3.151182700801106e+05  -2.559520850208189e+04  -6.543290033976144e+04  -1.515118068560451e-01  -6.747816757398808e-02  3.454099303873195e-02  -2.038196577437533e+06  -5.005860828642367e+05  -4.374245683049016e+03  -3.049329778919505e+06  -2.150488667208421e+04  -4.438640122704815e+04  1.809775653253574e-01  3.560835508232291e-01  -8.049092129671390e-02
  1.849999999999983e+00  5.768608521913050e+04  -3.060849447342570e+06  2.865798266069063e+04  -3.362890740480787e+06  6.620055083356747e+03  2.066458556110224e+04  3.324017497496419e-01  4.162959010325279e-01  -1.132801605565198e-01  7.379001579266967e+05  -2.633181410242222e+06  2.004960552979338e+04  -2.894448662746537e+06  4.491644050779862e+03  1.726404391617401e+05  8.048883229441992e-01  -2.862006451069769e-03  -1.824719791019590e-01  -1.452344749512375e+06  -1.978029241133946e+06  4.525005863224865e+04  -3.675524360752920e+06  4.455213064654418e+04  6.290173092079611e+04  3.197281837789330e-01  2.962301069129681e-01  -1.028159582569391e-01  2.033177970355357e+06  -2.522014957549669e+06  3.039650093316978e+04  -3.306534832461965e+05  2.414882178766798e+04  6.219850597418629e+04  1.703315722216950e-01  4.928985306783686e-02  -3.561765837763821e-02  1.975491885136222e+06  5.388344897929073e+05  1.738518272478863e+03  3.032237257234589e+06  1.752876670431082e+04  4.153392041308345e+04  -1.620701775279469e-01  -3.670060479646925e-01  7.766250217888068e-02  -5.768608521913123e+04  3.060849447342570e+06  -2.865798266069065e+04  3.362890740480785e+06  -6.620055083356621e+03  -2.066458556110214e+04  -3.324017497496426e-01  -4.162959010325276e-01  1.132801605565198e-01  -2.033177970355352e+06  2.522014957549673e+06  -3.039650093316979e+04  3.306534832461971e+05  -2.414882178766706e+04  -6.219850597418647e+04  -1.703315722216953e-01  -4.928985306783660e-02  3.561765837763826e-02  -1.975491885136220e+06  -5.388344897929066e+05  -1.738518272478923e+03  -3.032237257234591e+06  -1.752876670431061e+04  -4.153392041308360e+04  1.620701775279471e-01  3.670060479646921e-01  -7.766250217888124e-02
  1.854999999999982e+00  6.905532681185396e+04  -3.021240680077887e+06  3.286441251659805e+04  -3.360491661116992e+06  9.062958637852445e+03  1.963407649295975e+04  3.322018398785409e-01  4.086947856967361e-01  -1.117386782832290e-01  6.768603825884854e+05  -2.549119368286354e+06  1.815022080564431e+04  -2.896918866697983e+06  3.379429498042737e+03  1.597121796377342e+05  8.072685686563873e-01  -1.852910708024281e-02  -1.833337094273216e-01  -1.433042552337826e+06  -1.933605499797994e+06  4.499405679289709e+04  -3.627974682008112e+06  4.186285131155001e+04  5.754804449338183e+04  3.075205937293594e-01  2.829048177459352e-01  -1.091681378684315e-01  1.978028112307006e+06  -2.447233620239036e+06  2.890914357650866e+04  -3.449085208923622e+05  2.179853371762976e+04  5.902158205539915e+04  1.886379802759995e-01  3.150696881390679e-02  -3.664510754052856e-02  1.908972785495148e+06  5.740070598388565e+05  -3.955268940089356e+03  3.015583140224630e+06  1.273557507977711e+04  3.938750556243891e+04  -1.435638596025415e-01  -3.771878168828307e-01  7.509357074269954e-02  -6.905532681185387e+04  3.021240680077887e+06  -3.286441251659775e+04  3.360491661116991e+06  -9.062958637852313e+03  -1.963407649295952e+04  -3.322018398785416e-01  -4.086947856967358e-01  1.117386782832290e-01  -1.978028112307000e+06  2.447233620239039e+06  -2.890914357650868e+04  3.449085208923632e+05  -2.179853371762908e+04  -5.902158205539915e+04  -1.886379802759997e-01  -3.150696881390660e-02  3.664510754052863e-02  -1.908972785495145e+06  -5.740070598388559e+05  3.955268940088991e+03  -3.015583140224630e+06  -1.273557507977682e+04  -3.938750556243894e+04  1.435638596025416e-01  3.771878168828304e-01  -7.509357074270012e-02
  1.859999999999982e+00  6.420270686650187e+04  -3.004081685122408e+06  2.734788652023828e+04  -3.357723607160052e+06  8.602753682021930e+03  2.538758552987414e+04  3.341627805518803e-01  4.030141014496036e-01  -1.077203568149536e-01  6.135113210254558e+05  -2.453375587098174e+06  1.863244316085511e+04  -2.903525262885461e+06  2.584318652245973e+03  1.826057109970766e+05  8.190127222311415e-01  -3.518663947650930e-02  -1.829667734767516e-01  -1.430141326881116e+06  -1.907906194909590e+06  4.076182849991089e+04  -3.586087205463650e+06  4.776176582347765e+04  6.352915945690165e+04  2.998555275098123e-01  2.738895163266517e-01  -1.120728047618334e-01  1.925309930067346e+06  -2.378722122704756e+06  2.995220584637734e+04  -3.537204067931781e+05  1.495621613400188e+04  7.812188255596705e+04  2.075114752188243e-01  1.525458089605135e-02  -3.660646365091418e-02  1.861107223200841e+06  6.253595624176586e+05  2.604319326139057e+03  3.004003200366874e+06  6.353462451979493e+03  5.273429702609212e+04  -1.266513053330561e-01  -3.877595205535537e-01  7.111389316403843e-02  -6.420270686650188e+04  3.004081685122409e+06  -2.734788652023792e+04  3.357723607160051e+06  -8.602753682021710e+03  -2.538758552987400e+04  -3.341627805518810e-01  -4.030141014496033e-01  1.077203568149536e-01  -1.925309930067341e+06  2.378722122704760e+06  -2.995220584637734e+04  3.537204067931795e+05  -1.495621613400096e+04  -7.812188255596698e+04  -2.075114752188245e-01  -1.525458089605116e-02  3.660646365091421e-02  -1.861107223200838e+06  -6.253595624176582e+05  -2.604319326139598e+03  -3.004003200366874e+06  -6.353462451979321e+03  -5.273429702609223e+04  1.266513053330562e-01  3.877595205535533e-01  -7.111389316403906e-02
  1.864999999999982e+00  7.379864528657938e+04  -2.963635970768019e+06  2.989232817988584e+04  -3.352984856476684e+06  1.053386896631017e+04  2.439401537412901e+04  3.336249397228850e-01  3.950723604138112e-01  -1.063164284250307e-01  5.535541828340658e+05  -2.368936494882318e+06  1.695633356843885e+04  -2.903405203131057e+06  1.775564183945932e+03  1.690520996706120e+05  8.201800754092039e-01  -5.082585383104041e-02  -1.838361867109666e-01  -1.408742672930548e+06  -1.861320426145784e+06  3.951980200645178e+04  -3.535486794031096e+06  4.466209795893104e+04  5.815654760134147e+04  2.871106708751157e-01  2.600101822205187e-01  -1.185310894608227e-01  1.870085916366384e+06  -2.300722762991536e+06  2.934048054962119e+04  -3.687240488294436e+05  1.412556398730300e+04  7.360062027814268e+04  2.257462582229786e-01  -2.820250999613080e-03  -3.766150545001966e-02  1.796287271079802e+06  6.629132077764906e+05  -5.518476302644841e+02  2.984260807647240e+06  3.591695020992453e+03  4.920660490401306e+04  -1.078786814999065e-01  -3.978926114134257e-01  6.865492297501014e-02  -7.379864528657963e+04  2.963635970768020e+06  -2.989232817988524e+04  3.352984856476683e+06  -1.053386896630987e+04  -2.439401537412880e+04  -3.336249397228858e-01  -3.950723604138111e-01  1.063164284250307e-01  -1.870085916366379e+06  2.300722762991539e+06  -2.934048054962133e+04  3.687240488294446e+05  -1.412556398730212e+04  -7.360062027814263e+04  -2.257462582229788e-01  2.820250999613208e-03  3.766150545001967e-02  -1.796287271079799e+06  -6.629132077764904e+05  5.518476302640040e+02  -2.984260807647242e+06  -3.591695020992450e+03  -4.920660490401261e+04  1.078786814999066e-01  3.978926114134252e-01  -6.865492297501069e-02
  1.869999999999982e+00  6.776081161212342e+04  -2.945772064379869e+06  2.387489058079985e+04  -3.348444021415174e+06  1.030253422570754e+04  3.044775863891212e+04  3.355115577367312e-01  3.891625081125011e-01  -1.024216940888019e-01  4.898840259105046e+05  -2.272021823914859e+06  1.711278155887013e+04  -2.908229243508443e+06  1.042486585746422e+03  1.913690700599622e+05  8.311260805088955e-01  -6.753591770570114e-02  -1.834923502322133e-01  -1.403371833507776e+06  -1.832993092279361e+06  3.480207469537530e+04  -3.490562616046262e+06  5.063965445220208e+04  6.381701022865125e+04  2.788875862169829e-01  2.503813596711835e-01  -1.217940162564657e-01  1.815321458524697e+06  -2.228969586737623e+06  3.017611674472712e+04  -3.779335777114482e+05  6.441724092461634e+03  9.366135519569478e+04  2.448535136777311e-01  -1.940638521158652e-02  -3.758503393885177e-02  1.747560646912571e+06  7.168024776422537e+05  6.301226163927365e+03  2.970510443703726e+06  -3.860810133246530e+03  6.321359655678204e+04  -9.065804405900009e-02  -4.085688933240891e-01  6.483666014994917e-02  -6.776081161212332e+04  2.945772064379869e+06  -2.387489058079918e+04  3.348444021415174e+06  -1.030253422570722e+04  -3.044775863891203e+04  -3.355115577367320e-01  -3.891625081125010e-01  1.024216940888019e-01  -1.815321458524692e+06  2.228969586737626e+06  -3.017611674472724e+04  3.779335777114491e+05  -6.441724092460640e+03  -9.366135519569470e+04  -2.448535136777314e-01  1.940638521158656e-02  3.758503393885178e-02  -1.747560646912568e+06  -7.168024776422534e+05  -6.301226163927990e+03  -2.970510443703728e+06  3.860810133246564e+03  -6.321359655678167e+04  9.065804405900019e-02  4.085688933240886e-01  -6.483666014994972e-02
  1.874999999999982e+00  7.783917494348098e+04  -2.902400931498569e+06  2.806040170270573e+04  -3.341527711304458e+06  1.225200412860041e+04  2.894231119906351e+04  3.347265535686563e-01  3.807666553932690e-01  -1.013503758929109e-01  4.307704974964155e+05  -2.187767624080632e+06  1.533257079062069e+04  -2.905202334120026e+06  -1.632236754645267e+02  1.772231633945305e+05  8.310806929485074e-01  -8.300953962276436e-02  -1.843619087885291e-01  -1.378625617964738e+06  -1.782884420342223e+06  3.480262698373084e+04  -3.436930810801622e+06  4.731269925848915e+04  5.824235292964945e+04  2.656675067860989e-01  2.359265266691803e-01  -1.284312223946108e-01  1.756837500313203e+06  -2.149766885372755e+06  2.875200407749050e+04  -3.920553494874861e+05  4.552887692956037e+03  8.920582844642823e+04  2.625965641102707e-01  -3.722665662810786e-02  -3.861060554892163e-02  1.678998325369719e+06  7.526340461258233e+05  6.916023747848344e+02  2.949472361816973e+06  -7.699116435644863e+03  6.026351724736408e+04  -7.212998945838560e-02  -4.179933120213785e-01  6.273977034398827e-02  -7.783917494348185e+04  2.902400931498570e+06  -2.806040170270544e+04  3.341527711304459e+06  -1.225200412859998e+04  -2.894231119906346e+04  -3.347265535686572e-01  -3.807666553932690e-01  1.013503758929108e-01  -1.756837500313198e+06  2.149766885372757e+06  -2.875200407749051e+04  3.920553494874868e+05  -4.552887692955184e+03  -8.920582844642823e+04  -2.625965641102709e-01  3.722665662810784e-02  3.861060554892166e-02  -1.678998325369717e+06  -7.526340461258233e+05  -6.916023747852986e+02  -2.949472361816975e+06  7.699116435644786e+03  -6.026351724736395e+04  7.212998945838574e-02  4.179933120213781e-01  -6.273977034398880e-02
  1.879999999999982e+00  8.669359499274592e+04  -2.859260566145630e+06  3.077804231938424e+04  -3.333591193984637e+06  1.361751556091039e+04  2.741018684224912e+04  3.337311048197554e-01  3.721770503525794e-01  -1.002725926855556e-01  3.722760846950957e+05  -2.103615326799722e+06  1.385332483561703e+04  -2.900836749587559e+06  -1.302725123892825e+03  1.637291373212509e+05  8.305847608363263e-01  -9.842494406656963e-02  -1.851667419322255e-01  -1.354332950481068e+06  -1.733656960706758e+06  3.344677693441168e+04  -3.382496070299110e+06  4.357926762157169e+04  5.294550895383472e+04  2.524298820906876e-01  2.214579273066775e-01  -1.348454909891616e-01  1.699122607172590e+06  -2.070131334369624e+06  2.783227897450811e+04  -4.064118402858721e+05  4.343641394721377e+03  8.353325712168448e+04  2.801320636937667e-01  -5.506069667521930e-02  -3.962075257942077e-02  1.612429012179841e+06  7.891292317760143e+05  -2.945763344876089e+03  2.927179353698766e+06  -9.273874166189587e+03  5.612307027943501e+04  -5.359904112598898e-02  -4.272377470278001e-01  6.065184010613384e-02  -8.669359499274631e+04  2.859260566145631e+06  -3.077804231938368e+04  3.333591193984637e+06  -1.361751556090992e+04  -2.741018684224917e+04  -3.337311048197564e-01  -3.721770503525793e-01  1.002725926855556e-01  -1.699122607172584e+06  2.070131334369626e+06  -2.783227897450811e+04  4.064118402858730e+05  -4.343641394720888e+03  -8.353325712168429e+04  -2.801320636937668e-01  5.506069667521916e-02  3.962075257942078e-02  -1.612429012179838e+06  -7.891292317760136e+05  2.945763344875596e+03  -2.927179353698769e+06  9.273874166189580e+03  -5.612307027943488e+04  5.359904112598897e-02  4.272377470277995e-01  -6.065184010613439e-02
  1.884999999999982e+00  7.907688645729511e+04  -2.839652988324513e+06  2.403852038474567e+04  -3.325962100978292e+06  1.369373404149961e+04  3.379901999572361e+04  3.353646235707421e-01  3.658675620183756e-01  -9.664435471902924e-02  3.093117379958212e+05  -2.005530273722839e+06  1.367341010369165e+04  -2.902567808292518e+06  -1.755405933391968e+03  1.841531644533192e+05  8.399449767209525e-01  -1.151467099483620e-01  -1.848978538774563e-01  -1.344035287347579e+06  -1.699905821072547e+06  2.877326375815308e+04  -3.332583554562958e+06  4.963794706112680e+04  5.799685795946806e+04  2.431794585271937e-01  2.107334106837187e-01  -1.386894553185638e-01  1.642004443919920e+06  -1.993065702639619e+06  2.882935771447775e+04  -4.164127358498180e+05  -4.245684221722329e+03  1.042941469979519e+05  2.994299176594070e-01  -7.210187460508538e-02  -3.953483186311529e-02  1.562927557462622e+06  8.465872856849020e+05  4.790837329732068e+03  2.909549365128476e+06  -1.793941826322233e+04  7.049512700222783e+04  -3.593470591133547e-02  -4.379694366234625e-01  5.710952285591295e-02  -7.907688645729536e+04  2.839652988324514e+06  -2.403852038474510e+04  3.325962100978293e+06  -1.369373404149905e+04  -3.379901999572378e+04  -3.353646235707433e-01  -3.658675620183757e-01  9.664435471902923e-02  -1.642004443919915e+06  1.993065702639622e+06  -2.882935771447778e+04  4.164127358498193e+05  4.245684221722643e+03  -1.042941469979517e+05  -2.994299176594071e-01  7.210187460508524e-02  3.953483186311527e-02  -1.562927557462619e+06  -8.465872856849014e+05  -4.790837329732648e+03  -2.909549365128479e+06  1.793941826322230e+04  -7.049512700222775e+04  3.593470591133553e-02  4.379694366234619e-01  -5.710952285591348e-02
  1.889999999999982e+00  8.854197662216875e+04  -2.793608002193374e+06  2.847528874272273e+04  -3.315814658831910e+06  1.501667829510047e+04  3.175860228446985e+04  3.341091435080685e-01  3.568424984884546e-01  -9.589277612184946e-02  2.519508144201337e+05  -1.921838970171894e+06  1.205707899574000e+04  -2.895320907858677e+06  -3.268333872509815e+03  1.701385408430056e+05  8.382711267337796e-01  -1.303608711386331e-01  -1.856812883100971e-01  -1.316555164421335e+06  -1.647469179311924e+06  2.859829961385335e+04  -3.275295108428088e+06  4.566960666324792e+04  5.252647932596233e+04  2.295187367936948e-01  1.957608473828645e-01  -1.452100399671011e-01  1.581335313190478e+06  -1.912683382289041e+06  2.710508217218463e+04  -4.298247686328671e+05  -5.474808861061916e+03  9.869006584653769e+04  3.163873722214623e-01  -8.959345792671750e-02  -4.050239679867517e-02  1.492793336568306e+06  8.809246199043398e+05  -1.370206570538370e+03  2.885989890199043e+06  -2.049148715616287e+04  6.693146356206821e+04  -1.772177128660617e-02  -4.464359564151738e-01  5.539037932317332e-02  -8.854197662216934e+04  2.793608002193374e+06  -2.847528874272222e+04  3.315814658831909e+06  -1.501667829509990e+04  -3.175860228447002e+04  -3.341091435080695e-01  -3.568424984884549e-01  9.589277612184942e-02  -1.581335313190473e+06  1.912683382289045e+06  -2.710508217218473e+04  4.298247686328684e+05  5.474808861062446e+03  -9.869006584653763e+04  -3.163873722214627e-01  8.959345792671740e-02  4.050239679867515e-02  -1.492793336568303e+06  -8.809246199043386e+05  1.370206570537854e+03  -2.885989890199045e+06  2.049148715616271e+04  -6.693146356206785e+04  1.772177128660617e-02  4.464359564151731e-01  -5.539037932317378e-02
  1.894999999999982e+00  9.669862297197239e+04  -2.747976006255805e+06  3.134319230469522e+04  -3.304684992751569e+06  1.586313657861243e+04  2.976338177011188e+04  3.326512353482564e-01  3.476400448680544e-01  -9.511544547121391e-02  1.952807905642390e+05  -1.838243975858592e+06  1.078887148599278e+04  -2.886758624872689e+06  -4.686103911324570e+03  1.569125679525432e+05  8.361923846445487e-01  -1.454986530261279e-01  -1.863985074558208e-01  -1.289559983859932e+06  -1.595967032701203e+06  2.713856739001902e+04  -3.217290107140759e+06  4.144096502687665e+04  4.738899455174074e+04  2.158614789286993e-01  1.808044271224606e-01  -1.514895291393025e-01  1.521544685619093e+06  -1.831951093952618e+06  2.591309863818184e+04  -4.434300810635400e+05  -5.070731379562637e+03  9.200993247144559e+04  3.331207475621075e-01  -1.070674258526151e-01  -4.144623305650554e-02  1.424846062647118e+06  9.160249123031942e+05  -5.430093666513713e+03  2.861254911688030e+06  -2.093386795817541e+04  6.224655070133392e+04  4.695122138507850e-04  -4.547074707206711e-01  5.366921241470741e-02  -9.669862297197312e+04  2.747976006255805e+06  -3.134319230469495e+04  3.304684992751570e+06  -1.586313657861187e+04  -2.976338177011187e+04  -3.326512353482574e-01  -3.476400448680547e-01  9.511544547121389e-02  -1.521544685619089e+06  1.831951093952620e+06  -2.591309863818180e+04  4.434300810635415e+05  5.070731379562824e+03  -9.200993247144582e+04  -3.331207475621076e-01  1.070674258526151e-01  4.144623305650551e-02  -1.424846062647116e+06  -9.160249123031938e+05  5.430093666513592e+03  -2.861254911688032e+06  2.093386795817502e+04  -6.224655070133374e+04  -4.695122138508292e-04  4.547074707206705e-01  -5.366921241470787e-02
  1.899999999999981e+00  8.775411016048849e+04  -2.726476701457938e+06  2.397108094017240e+04  -3.293960277475399e+06  1.615341992129154e+04  3.639143545784262e+04  3.339760053597269e-01  3.408980529706630e-01  -9.176508686721870e-02  1.334771321493425e+05  -1.739464481195807e+06  1.029807493745645e+04  -2.885349558285377e+06  -4.907690844362185e+03  1.752855489372780e+05  8.439177591956288e-01  -1.621772047980711e-01  -1.861858010489026e-01  -1.274469106956670e+06  -1.557055183692656e+06  2.260035860306385e+04  -3.162645395951636e+06  4.744618438405811e+04  5.178786104602769e+04  2.056255019278322e-01  1.690285994371066e-01  -1.558276938668748e-01  1.462475748122507e+06  -1.750246347227570e+06  2.703341973094146e+04  -4.541345033394467e+05  -1.443425850589562e+04  1.132113995387232e+05  3.524526433673463e-01  -1.244369539264887e-01  -4.134549596123713e-02  1.374721637962016e+06  9.762303542303750e+05  3.062338790768582e+03  2.839825774135954e+06  -3.058767842718762e+04  7.681996408088137e+04  1.847663800761910e-02  -4.653350068971533e-01  5.041959090598062e-02  -8.775411016048922e+04  2.726476701457939e+06  -2.397108094017215e+04  3.293960277475400e+06  -1.615341992129096e+04  -3.639143545784270e+04  -3.339760053597279e-01  -3.408980529706633e-01  9.176508686721870e-02  -1.462475748122502e+06  1.750246347227573e+06  -2.703341973094144e+04  4.541345033394481e+05  1.443425850589588e+04  -1.132113995387235e+05  -3.524526433673464e-01  1.244369539264886e-01  4.134549596123710e-02  -1.374721637962013e+06  -9.762303542303749e+05  -3.062338790768832e+03  -2.839825774135956e+06  3.058767842718720e+04  -7.681996408088117e+04  -1.847663800761910e-02  4.653350068971527e-01  -5.041959090598106e-02
  1.904999999999981e+00  9.664407360577413e+04  -2.677979828806628e+06  2.862756656549957e+04  -3.280603734928427e+06  1.690480920192257e+04  3.389400290797168e+04  3.322477090261540e-01  3.312834102645735e-01  -9.130435808163051e-02  7.819252954032017e+04  -1.656604086021724e+06  8.853260463955456e+03  -2.873954286547058e+06  -6.668585456913304e+03  1.616136392802310e+05  8.407048276811639e-01  -1.770791127536443e-01  -1.868606303686151e-01  -1.244487117476054e+06  -1.502691645420664e+06  2.225033170057362e+04  -3.101988453537008e+06  4.298227186399393e+04  4.650413092707980e+04  1.916010486005638e-01  1.536444112352003e-01  -1.621443447284281e-01  1.400050042034676e+06  -1.669216443855654e+06  2.505576843537156e+04  -4.667447158798218e+05  -1.500277667088213e+04  1.066021062507470e+05  3.685307324180448e-01  -1.414874546597071e-01  -4.223495375799041e-02  1.303405968428900e+06  1.008763384950982e+06  -3.571798130128396e+03  2.813859019048607e+06  -3.190758587280533e+04  7.270810334277622e+04  3.628302339189084e-02  -4.727708649242823e-01  4.906940432363913e-02  -9.664407360577490e+04  2.677979828806628e+06  -2.862756656549967e+04  3.280603734928427e+06  -1.690480920192196e+04  -3.389400290797189e+04  -3.322477090261549e-01  -3.312834102645739e-01  9.130435808163048e-02  -1.400050042034672e+06  1.669216443855657e+06  -2.505576843537153e+04  4.667447158798231e+05  1.500277667088231e+04  -1.066021062507475e+05  -3.685307324180451e-01  1.414874546597070e-01  4.223495375799040e-02  -1.303405968428897e+06  -1.008763384950981e+06  3.571798130127778e+03  -2.813859019048608e+06  3.190758587280468e+04  -7.270810334277542e+04  -3.628302339189086e-02  4.727708649242816e-01  -4.906940432363956e-02
  1.909999999999981e+00  1.041422795194821e+05  -2.630076180151355e+06  3.161035368304218e+04  -3.266305989008872e+06  1.728918910133305e+04  3.151133649299424e+04  3.303249035290286e-01  3.215091158873977e-01  -9.079900679856497e-02  2.366640031760731e+04  -1.573829076686993e+06  7.802468316835337e+03  -2.861275729676788e+06  -8.309658677844451e+03  1.488432916091586e+05  8.371336098294063e-01  -1.918870580938751e-01  -1.874691350344803e-01  -1.215016833433624e+06  -1.449302398604469e+06  2.069450680092238e+04  -3.040699710603678e+06  3.839725282144362e+04  4.160087935662786e+04  1.775995923128765e-01  1.383040892892930e-01  -1.682069185006557e-01  1.338596392123320e+06  -1.587915030083732e+06  2.363133257742389e+04  -4.795068428902830e+05  -1.400656571228853e+04  9.906293124505390e+04  3.843709284602840e-01  -1.584911046520592e-01  -4.309344785859445e-02  1.234454112603836e+06  1.042161150067631e+06  -7.979021105618496e+03  2.786799146118592e+06  -3.129575481362211e+04  6.755159475206072e+04  5.404602493125531e-02  -4.800002205394585e-01  4.770555893996960e-02  -1.041422795194827e+05  2.630076180151356e+06  -3.161035368304214e+04  3.266305989008872e+06  -1.728918910133249e+04  -3.151133649299458e+04  -3.303249035290295e-01  -3.215091158873980e-01  9.079900679856497e-02  -1.338596392123316e+06  1.587915030083736e+06  -2.363133257742376e+04  4.795068428902847e+05  1.400656571228857e+04  -9.906293124505373e+04  -3.843709284602843e-01  1.584911046520591e-01  4.309344785859441e-02  -1.234454112603832e+06  -1.042161150067630e+06  7.979021105618170e+03  -2.786799146118593e+06  3.129575481362137e+04  -6.755159475206005e+04  -5.404602493125539e-02  4.800002205394577e-01  -4.770555893996997e-02
  1.914999999999981e+00  9.412792765419676e+04  -2.606545993603498e+06  2.371307797367110e+04  -3.252500581954926e+06  1.770469116551288e+04  3.828905928570977e+04  3.312897112442887e-01  3.143080555781529e-01  -8.773200758993611e-02  -3.655766100370595e+04  -1.474826493123217e+06  7.032072962294786e+03  -2.856704624594279e+06  -8.346669069161497e+03  1.650471608427823e+05  8.431948674105324e-01  -2.084652946388485e-01  -1.872932473595845e-01  -1.195336632252790e+06  -1.405568468323869e+06  1.637758552386541e+04  -2.981623233095375e+06  4.422608661628279e+04  4.531342305699650e+04  1.664332078517364e-01  1.255383764155286e-01  -1.729504074693581e-01  1.277970199484209e+06  -1.502279293909933e+06  2.483757773703188e+04  -4.908192424326308e+05  -2.400331758122162e+04  1.204547762876200e+05  4.035850907915184e-01  -1.760607170431765e-01  -4.297288770443879e-02  1.183842271830010e+06  1.104266699693573e+06  1.124499763360475e+03  2.761681339522299e+06  -4.170800874673532e+04  8.216571700191103e+04  7.229537954722957e-02  -4.903687726213310e-01  4.475911988549638e-02  -9.412792765419725e+04  2.606545993603499e+06  -2.371307797367108e+04  3.252500581954926e+06  -1.770469116551235e+04  -3.828905928571025e+04  -3.312897112442896e-01  -3.143080555781532e-01  8.773200758993609e-02  -1.277970199484204e+06  1.502279293909937e+06  -2.483757773703172e+04  4.908192424326326e+05  2.400331758122174e+04  -1.204547762876198e+05  -4.035850907915186e-01  1.760607170431764e-01  4.297288770443876e-02  -1.183842271830007e+06  -1.104266699693572e+06  -1.124499763360875e+03  -2.761681339522299e+06  4.170800874673433e+04  -8.216571700191034e+04  -7.229537954722959e-02  4.903687726213302e-01  -4.475911988549673e-02
  1.919999999999981e+00  1.024743015319851e+05  -2.555835849383807e+06  2.854484971644373e+04  -3.235977526498208e+06  1.795027057737344e+04  3.541236184715689e+04  3.290886388690092e-01  3.041488885789744e-01  -8.753127377361862e-02  -8.948598273814518e+04  -1.393056825223659e+06  5.759005173558666e+03  -2.841262809465426e+06  -1.029467441820534e+04  1.519074114200424e+05  8.385408516745915e-01  -2.230039451537791e-01  -1.878392011094938e-01  -1.163118688018279e+06  -1.349695701094794e+06  1.585014659254747e+04  -2.917906119351374e+06  3.941152660353616e+04  4.029037072885099e+04  1.521235990548792e-01  1.098500832638316e-01  -1.789851825001014e-01  1.214209937585965e+06  -1.421118129718172e+06  2.265510208792975e+04  -5.025474485194277e+05  -2.392421492679309e+04  1.129879512649791e+05  4.187020771261102e-01  -1.925674608319636e-01  -4.376675302240974e-02  1.111735636053979e+06  1.134717719665643e+06  -5.889747628514595e+03  2.733430077978782e+06  -4.187448550416703e+04  7.757558941782333e+04  8.961343825710080e-02  -4.967163494109395e-01  4.376452075120800e-02  -1.024743015319859e+05  2.555835849383809e+06  -2.854484971644387e+04  3.235977526498208e+06  -1.795027057737298e+04  -3.541236184715739e+04  -3.290886388690102e-01  -3.041488885789748e-01  8.753127377361861e-02  -1.214209937585961e+06  1.421118129718176e+06  -2.265510208792976e+04  5.025474485194295e+05  2.392421492679321e+04  -1.129879512649791e+05  -4.187020771261105e-01  1.925674608319635e-01  4.376675302240966e-02  -1.111735636053975e+06  -1.134717719665642e+06  5.889747628514335e+03  -2.733430077978783e+06  4.187448550416616e+04  -7.757558941782272e+04  -8.961343825710093e-02  4.967163494109388e-01  -4.376452075120833e-02
  1.924999999999981e+00  9.162128843220562e+04  -2.531443817249684e+06  2.006587247825523e+04  -3.220369826463198e+06  1.844061575647361e+04  4.232706409821287e+04  3.298724045417237e-01  2.966620498627287e-01  -8.459426853855144e-02  -1.488633580371257e+05  -1.293540284401183e+06  4.987639772160554e+03  -2.834835831607759e+06  -1.027334576701556e+04  1.670429219365628e+05  8.437121185672654e-01  -2.395340048838545e-01  -1.876799969643813e-01  -1.141074272146905e+06  -1.303631473131031e+06  1.120123984494711e+04  -2.856203708707431e+06  4.503064438431727e+04  4.358134095969067e+04  1.404608063460514e-01  9.654804203104161e-02  -1.839219067114992e-01  1.152547674532465e+06  -1.333183155407944e+06  2.395147057483135e+04  -5.141140078781255e+05  -3.439874773950042e+04  1.347760502895551e+05  4.378609370106525e-01  -2.102512751653982e-01  -4.362928660442502e-02  1.060926386100257e+06  1.198260661841748e+06  3.885598096575488e+03  2.706255818585075e+06  -5.283936349597479e+04  9.244898619134352e+04  1.079885324689286e-01  -5.069133250281284e-01  4.096498193412550e-02  -9.162128843220643e+04  2.531443817249686e+06  -2.006587247825534e+04  3.220369826463198e+06  -1.844061575647312e+04  -4.232706409821349e+04  -3.298724045417246e-01  -2.966620498627291e-01  8.459426853855141e-02  -1.152547674532460e+06  1.333183155407948e+06  -2.395147057483134e+04  5.141140078781272e+05  3.439874773950072e+04  -1.347760502895551e+05  -4.378609370106527e-01  2.102512751653981e-01  4.362928660442494e-02  -1.060926386100253e+06  -1.198260661841747e+06  -3.885598096575750e+03  -2.706255818585075e+06  5.283936349597378e+04  -9.244898619134270e+04  -1.079885324689287e-01  5.069133250281277e-01  -4.096498193412581e-02
  1.929999999999981e+00  9.852493264326447e+04  -2.480207322312394e+06  2.329576191814387e+04  -3.201706983570592e+06  1.839581260046444e+04  3.956098686310187e+04  3.272595780287910e-01  2.861692011040678e-01  -8.448466870232821e-02  -1.998567580253198e+05  -1.212596659269489e+06  3.910688270218594e+03  -2.816847399645920e+06  -1.199864404237801e+04  1.537132667577747e+05  8.379623850838637e-01  -2.538506546275936e-01  -1.881614672288296e-01  -1.107431929097136e+06  -1.246674029129528e+06  1.018776156222290e+04  -2.790472760411732e+06  4.014873965256014e+04  3.868849775200171e+04  1.258260944187209e-01  8.055252304233554e-02  -1.898175548344365e-01  1.089698870044878e+06  -1.250924272941510e+06  2.229735852361897e+04  -5.262049737810019e+05  -3.285125118041169e+04  1.260839006055107e+05  4.525208335726822e-01  -2.266418164916585e-01  -4.437885679875589e-02  9.911739374016121e+05  1.229283049370891e+06  -9.984033945257245e+02  2.675502009789593e+06  -5.124706378087700e+04  8.652291374241018e+04  1.252612555438911e-01  -5.128110175957276e-01  4.010581190357143e-02  -9.852493264326535e+04  2.480207322312395e+06  -2.329576191814441e+04  3.201706983570592e+06  -1.839581260046391e+04  -3.956098686310239e+04  -3.272595780287920e-01  -2.861692011040681e-01  8.448466870232825e-02  -1.089698870044874e+06  1.250924272941514e+06  -2.229735852361915e+04  5.262049737810037e+05  3.285125118041188e+04  -1.260839006055109e+05  -4.525208335726823e-01  2.266418164916584e-01  4.437885679875579e-02  -9.911739374016081e+05  -1.229283049370891e+06  9.984033945255919e+02  -2.675502009789594e+06  5.124706378087581e+04  -8.652291374240955e+04  -1.252612555438912e-01  5.128110175957270e-01  -4.010581190357173e-02
  1.934999999999981e+00  1.063529743060836e+05  -2.427535427875739e+06  2.824758526352077e+04  -3.182079684339959e+06  1.820875947110194e+04  3.638082031262665e+04  3.245880799997294e-01  2.755149849571439e-01  -8.451216631440410e-02  -2.501926991714858e+05  -1.132169717897079e+06  2.803492633281960e+03  -2.797488819973071e+06  -1.407307983242348e+04  1.412715435359934e+05  8.319720207749223e-01  -2.679770964122379e-01  -1.885606136351342e-01  -1.073273307974597e+06  -1.189720967304154e+06  9.479552003367795e+03  -2.724021471992968e+06  3.512437582467061e+04  3.399141848455025e+04  1.113112185008864e-01  6.466781381720875e-02  -1.955022952296404e-01  1.025016389909316e+06  -1.170128252101045e+06  1.995913112723404e+04  -5.369830145223334e+05  -3.215051847483799e+04  1.179085631688807e+05  4.666070872718857e-01  -2.425124703557207e-01  -4.506260275393244e-02  9.186634156032308e+05  1.257407175774701e+06  -8.288454136287577e+03  2.645096669817629e+06  -5.035927794594099e+04  8.152774285625503e+04  1.420190072721561e-01  -5.180274553128659e-01  3.944956356047076e-02  -1.063529743060844e+05  2.427535427875740e+06  -2.824758526352106e+04  3.182079684339961e+06  -1.820875947110156e+04  -3.638082031262728e+04  -3.245880799997302e-01  -2.755149849571444e-01  8.451216631440413e-02  -1.025016389909312e+06  1.170128252101049e+06  -1.995913112723394e+04  5.369830145223351e+05  3.215051847483804e+04  -1.179085631688809e+05  -4.666070872718857e-01  2.425124703557205e-01  4.506260275393235e-02  -9.186634156032271e+05  -1.257407175774701e+06  8.288454136287346e+03  -2.645096669817631e+06  5.035927794593982e+04  -8.152774285625463e+04  -1.420190072721561e-01  5.180274553128653e-01  -3.944956356047104e-02
  1.939999999999981e+00  9.482234782586996e+04  -2.400927341662004e+06  1.941091711316250e+04  -3.163442553988357e+06  1.869472694978458e+04  4.331696109404760e+04  3.249412204813408e-01  2.675433860798724e-01  -8.185854434304277e-02  -3.073642013817466e+05  -1.033124252987227e+06  1.838952235575059e+03  -2.787905802656973e+06  -1.393379883438946e+04  1.540824890561267e+05  8.354643921995374e-01  -2.843114287787729e-01  -1.884107056121227e-01  -1.047011142060842e+06  -1.139404454763490e+06  5.216576439428425e+03  -2.658403041485037e+06  4.039158440980758e+04  3.655031796490348e+04  9.882160693974820e-02  5.049649005504495e-02  -2.007111271738214e-01  9.624174183492620e+05  -1.079344004516096e+06  2.132569448458642e+04  -5.490042069363530e+05  -4.303297240479383e+04  1.395249635924425e+05  4.854220331586167e-01  -2.601962196687129e-01  -4.489949341175084e-02  8.675950705233909e+05  1.321583337145916e+06  1.914777371423083e+03  2.614438347052007e+06  -6.172769935457980e+04  9.620800249839586e+04  1.604808126772758e-01  -5.277396057485866e-01  3.695905093129103e-02  -9.482234782587070e+04  2.400927341662005e+06  -1.941091711316278e+04  3.163442553988358e+06  -1.869472694978431e+04  -4.331696109404830e+04  -3.249412204813417e-01  -2.675433860798729e-01  8.185854434304279e-02  -9.624174183492581e+05  1.079344004516100e+06  -2.132569448458630e+04  5.490042069363546e+05  4.303297240479416e+04  -1.395249635924426e+05  -4.854220331586169e-01  2.601962196687127e-01  4.489949341175073e-02  -8.675950705233875e+05  -1.321583337145915e+06  -1.914777371423272e+03  -2.614438347052009e+06  6.172769935457852e+04  -9.620800249839536e+04  -1.604808126772759e-01  5.277396057485859e-01  -3.695905093129130e-02
  1.944999999999981e+00  1.012589411215214e+05  -2.347847834779332e+06  2.274147666013135e+04  -3.141762789450308e+06  1.829582154297570e+04  4.027838145913059e+04  3.218497409202336e-01  2.565693071208384e-01  -8.195704847161350e-02  -3.556135323716944e+05  -9.537328400382964e+05  9.600463761358963e+02  -2.766071129181311e+06  -1.578661305160557e+04  1.415490734697571e+05  8.284373876660885e-01  -2.981756424502272e-01  -1.887366176695330e-01  -1.011664994534996e+06  -1.081683596567078e+06  4.103129962079325e+03  -2.590220939623845e+06  3.538966155364709e+04  3.201847413219286e+04  8.404189062451849e-02  3.437514353206624e-02  -2.062095943046094e-01  8.988414200307103e+05  -9.979141301665850e+05  1.947272518340715e+04  -5.600488783734795e+05  -4.089619040619713e+04  1.301727219396578e+05  4.989849834552337e-01  -2.758711939046539e-01  -4.553205920403684e-02  7.975824789091877e+05  1.349933704612755e+06  -3.268751476724922e+03  2.581713911076831e+06  -5.919201194917389e+04  8.989434048052834e+04  1.771352425349997e-01  -5.324405010254937e-01  3.642498926757583e-02  -1.012589411215223e+05  2.347847834779332e+06  -2.274147666013157e+04  3.141762789450308e+06  -1.829582154297529e+04  -4.027838145913117e+04  -3.218497409202344e-01  -2.565693071208389e-01  8.195704847161349e-02  -8.988414200307064e+05  9.979141301665885e+05  -1.947272518340695e+04  5.600488783734816e+05  4.089619040619704e+04  -1.301727219396580e+05  -4.989849834552337e-01  2.758711939046538e-01  4.553205920403670e-02  -7.975824789091841e+05  -1.349933704612754e+06  3.268751476724949e+03  -2.581713911076833e+06  5.919201194917272e+04  -8.989434048052818e+04  -1.771352425349997e-01  5.324405010254931e-01  -3.642498926757604e-02
  1.949999999999980e+00  1.085881397388707e+05  -2.293474953818779e+06  2.774959076534903e+04  -3.119112193615398e+06  1.775353697458126e+04  3.686716599808282e+04  3.187124603916539e-01  2.454729709424009e-01  -8.218102131435030e-02  -4.031643181080042e+05  -8.748931102814543e+05  8.059656491125873e+00  -2.742951098523097e+06  -1.792853998700074e+04  1.299466891824863e+05  8.212203479420647e-01  -3.118432059860502e-01  -1.889734298101213e-01  -9.758856809929853e+05  -1.024085332415757e+06  3.211453111524656e+03  -2.521376538947808e+06  3.028941791546679e+04  2.770371777319220e+04  6.940259310768401e-02  1.840072359093937e-02  -2.114860485509753e-01  8.336366309063890e+05  -9.179560808280940e+05  1.702718626137818e+04  -5.698206031755650e+05  -3.961167211920286e+04  1.214365899749971e+05  5.119829392764060e-01  -2.910241729318732e-01  -4.609434021854365e-02  7.250484911675177e+05  1.375518872990692e+06  -1.072240450397128e+04  2.549291590439836e+06  -5.736520909378526e+04  8.456942397691487e+04  1.932704788847517e-01  -5.364971438742754e-01  3.608668109580584e-02  -1.085881397388717e+05  2.293474953818779e+06  -2.774959076534908e+04  3.119112193615398e+06  -1.775353697458102e+04  -3.686716599808347e+04  -3.187124603916549e-01  -2.454729709424015e-01  8.218102131435033e-02  -8.336366309063849e+05  9.179560808280981e+05  -1.702718626137811e+04  5.698206031755668e+05  3.961167211920323e+04  -1.214365899749970e+05  -5.119829392764060e-01  2.910241729318732e-01  4.609434021854349e-02  -7.250484911675138e+05  -1.375518872990691e+06  1.072240450397158e+04  -2.549291590439837e+06  5.736520909378424e+04  -8.456942397691467e+04  -1.932704788847517e-01  5.364971438742749e-01  -3.608668109580605e-02
  1.954999999999980e+00  9.663978689259388e+04  -2.264548920171869e+06  1.869580461968566e+04  -3.097513797120410e+06  1.816497404031972e+04  4.375149610256951e+04  3.185973737201408e-01  2.370091506838200e-01  -7.980523665763734e-02  -4.578167531227027e+05  -7.767761647411409e+05  -1.111969557590774e+03  -2.730251460874626e+06  -1.770794661259503e+04  1.404110076225677e+05  8.230510677790779e-01  -3.279205511190300e-01  -1.888137617763837e-01  -9.457650536702842e+05  -9.700173846182683e+05  -5.986864611420108e+02  -2.452239602561685e+06  3.511793691882057e+04  2.951895461301609e+04  5.617122963494131e-02  3.458717053783966e-03  -2.168796577886839e-01  7.704634519962629e+05  -8.250775173337549e+05  1.842946110919144e+04  -5.821866578382509e+05  -5.074620465503800e+04  1.426611491195510e+05  5.303197306088782e-01  -3.085820738705875e-01  -4.590241585478242e-02  6.738236651036681e+05  1.439471402838122e+06  -2.663435104946374e+02  2.515327139282162e+06  -6.891117869535879e+04  9.890965301698221e+04  2.117223568887367e-01  -5.455912245544089e-01  3.390282080285410e-02  -9.663978689259493e+04  2.264548920171870e+06  -1.869580461968569e+04  3.097513797120410e+06  -1.816497404031945e+04  -4.375149610257024e+04  -3.185973737201417e-01  -2.370091506838207e-01  7.980523665763736e-02  -7.704634519962592e+05  8.250775173337595e+05  -1.842946110919146e+04  5.821866578382530e+05  5.074620465503838e+04  -1.426611491195508e+05  -5.303197306088779e-01  3.085820738705874e-01  4.590241585478227e-02  -6.738236651036643e+05  -1.439471402838121e+06  2.663435104949025e+02  -2.515327139282164e+06  6.891117869535772e+04  -9.890965301698192e+04  -2.117223568887367e-01  5.455912245544084e-01  -3.390282080285430e-02
  1.959999999999980e+00  1.026277162259268e+05  -2.209892100152015e+06  2.206433383258286e+04  -3.072907599116895e+06  1.748997459980296e+04  4.051191251522747e+04  3.150350911385104e-01  2.256108639420985e-01  -8.008021110906725e-02  -5.031515649704294e+05  -6.991694082183844e+05  -1.801868026173952e+03  -2.704742028882331e+06  -1.963273614200098e+04  1.288060344598649e+05  8.148632538667228e-01  -3.412862082722261e-01  -1.889702153224618e-01  -9.090460534119353e+05  -9.119743101600340e+05  -1.813563145208165e+03  -2.381956143373595e+06  3.012420991868865e+04  2.539843464101743e+04  4.133056547245277e-02  -1.267936054465030e-02  -2.219289112761373e-01  7.065395182096148e+05  -7.449373783151451e+05  1.642627406054046e+04  -5.921285563748183e+05  -4.807615909507009e+04  1.328061831327112e+05  5.427351597890363e-01  -3.234643124904757e-01  -4.640849149072409e-02  6.039118019836872e+05  1.464954721836878e+06  -5.638059772042825e+03  2.480779042742081e+06  -6.556613369487415e+04  9.229427061748387e+04  2.277000686505252e-01  -5.490751764325758e-01  3.367171961834237e-02  -1.026277162259276e+05  2.209892100152016e+06  -2.206433383258262e+04  3.072907599116896e+06  -1.748997459980279e+04  -4.051191251522804e+04  -3.150350911385114e-01  -2.256108639420991e-01  8.008021110906730e-02  -7.065395182096107e+05  7.449373783151492e+05  -1.642627406054047e+04  5.921285563748199e+05  4.807615909507059e+04  -1.328061831327108e+05  -5.427351597890363e-01  3.234643124904757e-01  4.640849149072392e-02  -6.039118019836834e+05  -1.464954721836877e+06  5.638059772042923e+03  -2.480779042742082e+06  6.556613369487329e+04  -9.229427061748329e+04  -2.277000686505253e-01  5.490751764325753e-01  -3.367171961834256e-02
  1.964999999999980e+00  1.094724350168465e+05  -2.154084740644805e+06  2.705883712216086e+04  -3.047332212372516e+06  1.667110057002070e+04  3.693759617063725e+04  3.114389928488496e-01  2.141278832947023e-01  -8.046967483100419e-02  -5.477666290934347e+05  -6.221540632144589e+05  -2.612808861858467e+03  -2.678038857039900e+06  -2.178629164770431e+04  1.181593528881949e+05  8.065324466579703e-01  -3.544507039001674e-01  -1.890315854877414e-01  -8.719860113563408e+05  -8.541672666362586e+05  -2.889282821014912e+03  -2.311072068698708e+06  2.507264036439023e+04  2.151334932009559e+04  2.664827897297888e-02  -2.863882272732724e-02  -2.267486059890516e-01  6.411974977704013e+05  -6.662634501591520e+05  1.392018575028576e+04  -6.008496640454765e+05  -4.625617288676224e+04  1.236534106351438e+05  5.545991656369497e-01  -3.378289839497149e-01  -4.684124541838125e-02  5.317250627535537e+05  1.487821290485661e+06  -1.313865137187552e+04  2.446482548327041e+06  -6.292727345678368e+04  8.671581446450677e+04  2.431601727880997e-01  -5.519568672444186e-01  3.362842941262217e-02  -1.094724350168470e+05  2.154084740644807e+06  -2.705883712216070e+04  3.047332212372516e+06  -1.667110057002036e+04  -3.693759617063765e+04  -3.114389928488505e-01  -2.141278832947028e-01  8.046967483100420e-02  -6.411974977703973e+05  6.662634501591561e+05  -1.392018575028567e+04  6.008496640454787e+05  4.625617288676273e+04  -1.236534106351434e+05  -5.545991656369499e-01  3.378289839497149e-01  4.684124541838107e-02  -5.317250627535499e+05  -1.487821290485661e+06  1.313865137187574e+04  -2.446482548327043e+06  6.292727345678292e+04  -8.671581446450621e+04  -2.431601727880998e-01  5.519568672444182e-01  -3.362842941262235e-02
  1.969999999999980e+00  9.735716030057057e+04  -2.122762846572151e+06  1.793244757507741e+04  -3.022859720294170e+06  1.694941667246720e+04  4.370430623464606e+04  3.108244459546989e-01  2.051726026603361e-01  -7.836351142781674e-02  -5.996322803351276e+05  -5.254129391344623e+05  -3.850678944255048e+03  -2.662284148644201e+06  -2.151596078691661e+04  1.262891860303820e+05  8.067351080119168e-01  -3.702090594343890e-01  -1.888439483247785e-01  -8.384157832971900e+05  -7.968991567985279e+05  -6.194479455034579e+03  -2.238842974488196e+06  2.939114034679301e+04  2.258139879718356e+04  1.276961206399892e-02  -4.424150955514798e-02  -2.322426080807007e-01  5.777974427057561e+05  -5.720437533315559e+05  1.532630346846828e+04  -6.134475112674877e+05  -5.748683839150591e+04  1.442826626616935e+05  5.723326117940820e-01  -3.551390760913330e-01  -4.661828143063377e-02  4.804402824051844e+05  1.550719093240602e+06  -2.606144106609550e+03  2.409412209026684e+06  -7.443625506397404e+04  1.005783564270475e+05  2.615081658393827e-01  -5.603116787516704e-01  3.174522999718222e-02  -9.735716030057111e+04  2.122762846572152e+06  -1.793244757507725e+04  3.022859720294170e+06  -1.694941667246688e+04  -4.370430623464658e+04  -3.108244459546997e-01  -2.051726026603368e-01  7.836351142781675e-02  -5.777974427057523e+05  5.720437533315602e+05  -1.532630346846828e+04  6.134475112674898e+05  5.748683839150646e+04  -1.442826626616932e+05  -5.723326117940821e-01  3.551390760913329e-01  4.661828143063358e-02  -4.804402824051805e+05  -1.550719093240602e+06  2.606144106609777e+03  -2.409412209026685e+06  7.443625506397309e+04  -1.005783564270470e+05  -2.615081658393829e-01  5.603116787516702e-01  -3.174522999718238e-02
  1.974999999999980e+00  1.029102834006051e+05  -2.066798674169604e+06  2.127115162525031e+04  -2.995433872869054e+06  1.607520717432867e+04  4.032963881588692e+04  3.068017071443894e-01  1.934094259512287e-01  -7.878459026939118e-02  -6.419236576452903e+05  -4.498159635403086e+05  -4.364084900522584e+03  -2.633293019366546e+06  -2.346053749725579e+04  1.157188396890181e+05  7.975050135777465e-01  -3.830328109706960e-01  -1.888194485727760e-01  -8.006692308794614e+05  -7.389707496929119e+05  -7.507876617221725e+03  -2.166817877288856e+06  2.452340614145390e+04  1.891274563963562e+04  -2.047797456099752e-03  -6.029027646609216e-02  -2.368005280906449e-01  5.138912523096869e+05  -4.936223290368057e+05  1.322149717560085e+04  -6.222430437505812e+05  -5.434874683868924e+04  1.340772463803281e+05  5.835620811882356e-01  -3.691628939222451e-01  -4.699173905800857e-02  4.109809689090805e+05  1.573176345132804e+06  -8.049654449649909e+03  2.373190829118475e+06  -7.042395401301859e+04  9.374760756444093e+04  2.767603740438456e-01  -5.625723198734749e-01  3.179285121138190e-02  -1.029102834006062e+05  2.066798674169604e+06  -2.127115162525010e+04  2.995433872869054e+06  -1.607520717432843e+04  -4.032963881588734e+04  -3.068017071443903e-01  -1.934094259512293e-01  7.878459026939121e-02  -5.138912523096830e+05  4.936223290368097e+05  -1.322149717560118e+04  6.222430437505833e+05  5.434874683868989e+04  -1.340772463803276e+05  -5.835620811882357e-01  3.691628939222450e-01  4.699173905800837e-02  -4.109809689090761e+05  -1.573176345132804e+06  8.049654449650213e+03  -2.373190829118477e+06  7.042395401301811e+04  -9.374760756444055e+04  -2.767603740438458e-01  5.625723198734747e-01  -3.179285121138205e-02
  1.979999999999980e+00  9.050039150433897e+04  -2.034389508792679e+06  1.192706704875387e+04  -2.969244015787569e+06  1.621669027537077e+04  4.704897691176156e+04  3.059369020698771e-01  1.841786237011289e-01  -7.682182346573004e-02  -6.922719244873010e+05  -3.535176865075807e+05  -5.557125027088800e+03  -2.615714410604367e+06  -2.327157121411658e+04  1.225946318116803e+05  7.968320133997795e-01  -3.985936102287256e-01  -1.886056244778943e-01  -7.651983287195653e+05  -6.800464410801905e+05  -1.076550774014733e+04  -2.092669313167873e+06  2.841602125556436e+04  1.948101386358283e+04  -1.626703600528258e-02  -7.624068573837389e-02  -2.423466602946194e-01  4.501619677535794e+05  -3.984839548493252e+05  1.461515715845870e+04  -6.348846111457035e+05  -6.589899012455206e+04  1.547742147407832e+05  6.009560267649525e-01  -3.863087054498263e-01  -4.672552689095407e-02  3.596615762492390e+05  1.635905553943360e+06  2.688090109704357e+03  2.334359404641869e+06  -8.211568039992356e+04  1.077252378290213e+05  2.950191246950747e-01  -5.704873291509563e-01  3.009629657477527e-02  -9.050039150434009e+04  2.034389508792679e+06  -1.192706704875368e+04  2.969244015787569e+06  -1.621669027537059e+04  -4.704897691176207e+04  -3.059369020698779e-01  -1.841786237011295e-01  7.682182346573006e-02  -4.501619677535756e+05  3.984839548493291e+05  -1.461515715845910e+04  6.348846111457056e+05  6.589899012455247e+04  -1.547742147407827e+05  -6.009560267649525e-01  3.863087054498262e-01  4.672552689095388e-02  -3.596615762492348e+05  -1.635905553943360e+06  -2.688090109703987e+03  -2.334359404641870e+06  8.211568039992299e+04  -1.077252378290210e+05  -2.950191246950749e-01  5.704873291509562e-01  -3.009629657477539e-02
  1.984999999999980e+00  9.723630474037642e+04  -1.976057196877035e+06  1.712396219770253e+04  -2.939806761897442e+06  1.515584963318839e+04  4.324540355030481e+04  3.016175506698238e-01  1.721592782030841e-01  -7.746326443831260e-02  -7.323503287716046e+05  -2.799250220894327e+05  -6.369729072792833e+03  -2.584478028181969e+06  -2.528036080052876e+04  1.119581859401918e+05  7.867981491683028e-01  -4.110298834593392e-01  -1.884619446983901e-01  -7.261147439647850e+05  -6.215125957945193e+05  -1.152890606639844e+04  -2.019386022147761e+06  2.338636088490575e+04  1.582067696805691e+04  -3.111501179041860e-02  -9.227707057067597e-02  -2.466382792847316e-01  3.854847492952897e+05  -3.218304074736811e+05  1.208010389243391e+04  -6.425954451129555e+05  -6.322389421655105e+04  1.444947998040034e+05  6.112729236350215e-01  -3.996250549264767e-01  -4.703495594443450e-02  2.882484445549115e+05  1.654226789403360e+06  -5.043858305268893e+03  2.297211316784488e+06  -7.837974384973981e+04  1.012493962536983e+05  3.096553729651970e-01  -5.717843331295617e-01  3.042830849387746e-02  -9.723630474037764e+04  1.976057196877036e+06  -1.712396219770262e+04  2.939806761897441e+06  -1.515584963318823e+04  -4.324540355030543e+04  -3.016175506698245e-01  -1.721592782030848e-01  7.746326443831265e-02  -3.854847492952861e+05  3.218304074736852e+05  -1.208010389243444e+04  6.425954451129574e+05  6.322389421655135e+04  -1.444947998040032e+05  -6.112729236350213e-01  3.996250549264764e-01  4.703495594443429e-02  -2.882484445549071e+05  -1.654226789403360e+06  5.043858305269093e+03  -2.297211316784489e+06  7.837974384973945e+04  -1.012493962536981e+05  -3.096553729651972e-01  5.717843331295616e-01  -3.042830849387760e-02
  1.989999999999980e+00  1.023647704220011e+05  -1.919056604057708e+06  2.036259718477545e+04  -2.909683172324664e+06  1.415575614320816e+04  3.979534849762664e+04  2.971472425214441e-01  1.600919496067367e-01  -7.800187052382647e-02  -7.715090628038308e+05  -2.065557055683556e+05  -6.721467461289498e+03  -2.552217170121415e+06  -2.719681118119886e+04  1.025030653518294e+05  7.766447983205863e-01  -4.232713365558080e-01  -1.882473464201228e-01  -6.876958686077079e+05  -5.641272123919525e+05  -1.293247993090739e+04  -1.945986186144045e+06  1.875023708830584e+04  1.263493624843451e+04  -4.582527365102489e-02  -1.081344736098392e-01  -2.506721835885241e-01  3.219464384428421e+05  -2.455229488149524e+05  9.921153309556394e+03  -6.502135864405173e+05  -5.969035498280412e+04  1.340843108222818e+05  6.212897969363596e-01  -4.127361717046635e-01  -4.727294818352811e-02  2.195816680208395e+05  1.673533655242761e+06  -1.044144387521961e+04  2.259469585884148e+06  -7.384611112601245e+04  9.428896232465483e+04  3.241425544149151e-01  -5.728281213114010e-01  3.072892234029771e-02  -1.023647704220022e+05  1.919056604057708e+06  -2.036259718477559e+04  2.909683172324664e+06  -1.415575614320786e+04  -3.979534849762720e+04  -2.971472425214449e-01  -1.600919496067373e-01  7.800187052382652e-02  -3.219464384428380e+05  2.455229488149563e+05  -9.921153309556716e+03  6.502135864405195e+05  5.969035498280436e+04  -1.340843108222815e+05  -6.212897969363596e-01  4.127361717046634e-01  4.727294818352791e-02  -2.195816680208346e+05  -1.673533655242761e+06  1.044144387521985e+04  -2.259469585884149e+06  7.384611112601211e+04  -9.428896232465480e+04  -3.241425544149153e-01  5.728281213114012e-01  -3.072892234029784e-02
  1.994999999999979e+00  9.016290429799935e+04  -1.884166561152180e+06  1.117255130868832e+04  -2.880777540636975e+06  1.408224229191294e+04  4.629839549696304e+04  2.957451840364233e-01  1.503879030709241e-01  -7.629403247919818e-02  -8.186924879075570e+05  -1.122964476507920e+05  -7.947616676066824e+03  -2.531713596776291e+06  -2.699406428037446e+04  1.070779886669915e+05  7.744182928702724e-01  -4.384141145662582e-01  -1.879817832751806e-01  -6.494360545586700e+05  -5.028633158294839e+05  -1.558099757038257e+04  -1.869437298800948e+06  2.204565572643375e+04  1.245640401868398e+04  -6.053448281281235e-02  -1.245609559895212e-01  -2.561976774931070e-01  2.585347577194157e+05  -1.501495534432120e+05  1.130984152131079e+04  -6.629135022037139e+05  -7.109078003044422e+04  1.538868609624971e+05  6.379016322154937e-01  -4.294531166315573e-01  -4.697621620672710e-02  1.683718534214145e+05  1.734017007708974e+06  1.372902126217922e+02  2.217864038433262e+06  -8.517302232235741e+04  1.075884654655335e+05  3.421564481790700e-01  -5.798410197024821e-01  2.931781627247047e-02  -9.016290429800033e+04  1.884166561152181e+06  -1.117255130868851e+04  2.880777540636975e+06  -1.408224229191269e+04  -4.629839549696365e+04  -2.957451840364240e-01  -1.503879030709248e-01  7.629403247919823e-02  -2.585347577194117e+05  1.501495534432161e+05  -1.130984152131122e+04  6.629135022037162e+05  7.109078003044445e+04  -1.538868609624968e+05  -6.379016322154937e-01  4.294531166315571e-01  4.697621620672689e-02  -1.683718534214098e+05  -1.734017007708974e+06  -1.372902126215768e+02  -2.217864038433263e+06  8.517302232235711e+04  -1.075884654655335e+05  -3.421564481790703e-01  5.798410197024823e-01  -2.931781627247058e-02
  1.999999999999979e+00  9.651564992473859e+04  -1.824950026464866e+06  1.626604390907981e+04  -2.848727683393957e+06  1.289731586544941e+04  4.243966379515145e+04  2.909836399589369e-01  1.381052186990600e-01  -7.703674578283357e-02  -8.556347556581462e+05  -4.117454689995278e+04  -8.667382933412602e+03  -2.497363360037371e+06  -2.892782928794669e+04  9.763744413576256e+04  7.635359678054910e-01  -4.502421350432438e-01  -1.876344020098365e-01  -6.100680262536829e+05  -4.453367435868706e+05  -1.656669872871456e+04  -1.795074126948886e+06  1.726889913147241e+04  9.308706558646731e+03  -7.520848937680094e-02  -1.403213659169323e-01  -2.599278637537087e-01  1.945402923820676e+05  -7.593990603168878e+04  8.753521914722967e+03  -6.694623298169207e+05  -6.794597729094081e+04  1.434075324058185e+05  6.469865582488633e-01  -4.418263870817193e-01  -4.714776356061749e-02  9.802464245732666e+04  1.749010120433182e+06  -7.512521994357461e+03  2.179265353577038e+06  -8.084329315639060e+04  1.009678686106669e+05  3.560029182899259e-01  -5.799316057807797e-01  2.988898222221549e-02  -9.651564992473983e+04  1.824950026464866e+06  -1.626604390907999e+04  2.848727683393957e+06  -1.289731586544928e+04  -4.243966379515205e+04  -2.909836399589376e-01  -1.381052186990605e-01  7.703674578283366e-02  -1.945402923820640e+05  7.593990603169300e+04  -8.753521914723215e+03  6.694623298169223e+05  6.794597729094117e+04  -1.434075324058189e+05  -6.469865582488631e-01  4.418263870817190e-01  4.714776356061726e-02  -9.802464245732268e+04  -1.749010120433182e+06  7.512521994357538e+03  -2.179265353577040e+06  8.084329315639021e+04  -1.009678686106672e+05  -3.560029182899259e-01  5.799316057807801e-01  -2.988898222221561e-02
