TITLE = "Temporal Signal for receiver number 00062"
VARIABLES = "Time","s_xx","s_yy","s_zz","s_xy","s_yz","s_xz","v1","v2","v3"
# x1       8.000000000000e+03
# x2       8.000000000000e+02
# x3       -5.000000000000e-02
# cell-global-id 2927
  0.000000000000000e+00  0.000000000000000e+00  0.000000000000000e+00  0.000000000000000e+00  0.000000000000000e+00  0.000000000000000e+00  0.000000000000000e+00  0.000000000000000e+00  0.000000000000000e+00  0.000000000000000e+00
  5.000000000000000e-03  0.000000000000000e+00  0.000000000000000e+00  0.000000000000000e+00  0.000000000000000e+00  0.000000000000000e+00  0.000000000000000e+00  0.000000000000000e+00  0.000000000000000e+00  0.000000000000000e+00
  1.000000000000000e-02  0.000000000000000e+00  0.000000000000000e+00  0.000000000000000e+00  0.000000000000000e+00  0.000000000000000e+00  0.000000000000000e+00  0.000000000000000e+00  0.000000000000000e+00  0.000000000000000e+00
  1.500000000000000e-02  0.000000000000000e+00  0.000000000000000e+00  0.000000000000000e+00  0.000000000000000e+00  0.000000000000000e+00  0.000000000000000e+00  0.000000000000000e+00  0.000000000000000e+00  0.000000000000000e+00
  2.000000000000000e-02  0.000000000000000e+00  0.000000000000000e+00  0.000000000000000e+00  0.000000000000000e+00  0.000000000000000e+00  0.000000000000000e+00  0.000000000000000e+00  0.000000000000000e+00  0.000000000000000e+00
  2.500000000000000e-02  0.000000000000000e+00  0.000000000000000e+00  0.000000000000000e+00  0.000000000000000e+00  0.000000000000000e+00  0.000000000000000e+00  0.000000000000000e+00  0.000000000000000e+00  0.000000000000000e+00
  3.000000000000000e-02  0.000000000000000e+00  0.000000000000000e+00  0.000000000000000e+00  0.000000000000000e+00  0.000000000000000e+00  0.000000000000000e+00  0.000000000000000e+00  0.000000000000000e+00  0.000000000000000e+00
  3.500000000000000e-02  0.000000000000000e+00  0.000000000000000e+00  0.000000000000000e+00  0.000000000000000e+00  0.000000000000000e+00  0.000000000000000e+00  0.000000000000000e+00  0.000000000000000e+00  0.000000000000000e+00
  4.000000000000000e-02  0.000000000000000e+00  0.000000000000000e+00  0.000000000000000e+00  0.000000000000000e+00  0.000000000000000e+00  0.000000000000000e+00  0.000000000000000e+00  0.000000000000000e+00  0.000000000000000e+00
  4.500000000000000e-02  0.000000000000000e+00  0.000000000000000e+00  0.000000000000000e+00  0.000000000000000e+00  0.000000000000000e+00  0.000000000000000e+00  0.000000000000000e+00  0.000000000000000e+00  0.000000000000000e+00
  5.000000000000000e-02  0.000000000000000e+00  0.000000000000000e+00  0.000000000000000e+00  0.000000000000000e+00  0.000000000000000e+00  0.000000000000000e+00  0.000000000000000e+00  0.000000000000000e+00  0.000000000000000e+00
  5.499999999999999e-02  0.000000000000000e+00  0.000000000000000e+00  0.000000000000000e+00  0.000000000000000e+00  0.000000000000000e+00  0.000000000000000e+00  0.000000000000000e+00  0.000000000000000e+00  0.000000000000000e+00
  5.999999999999999e-02  0.000000000000000e+00  0.000000000000000e+00  0.000000000000000e+00  0.000000000000000e+00  0.000000000000000e+00  0.000000000000000e+00  0.000000000000000e+00  0.000000000000000e+00  0.000000000000000e+00
  6.499999999999999e-02  0.000000000000000e+00  0.000000000000000e+00  0.000000000000000e+00  0.000000000000000e+00  0.000000000000000e+00  0.000000000000000e+00  0.000000000000000e+00  0.000000000000000e+00  0.000000000000000e+00
  6.999999999999999e-02  0.000000000000000e+00  0.000000000000000e+00  0.000000000000000e+00  0.000000000000000e+00  0.000000000000000e+00  0.000000000000000e+00  0.000000000000000e+00  0.000000000000000e+00  0.000000000000000e+00
  7.500000000000000e-02  0.000000000000000e+00  0.000000000000000e+00  0.000000000000000e+00  0.000000000000000e+00  0.000000000000000e+00  0.000000000000000e+00  0.000000000000000e+00  0.000000000000000e+00  0.000000000000000e+00
  8.000000000000000e-02  0.000000000000000e+00  0.000000000000000e+00  0.000000000000000e+00  0.000000000000000e+00  0.000000000000000e+00  0.000000000000000e+00  0.000000000000000e+00  0.000000000000000e+00  0.000000000000000e+00
  8.500000000000001e-02  -1.624856421972189e-27  -1.150847809084912e-27  -1.338446732913915e-27  5.134500562700368e-28  4.546866117695358e-28  -6.996558719027847e-28  1.059512429484268e-34  -6.856055026367961e-35  9.565537227912464e-35
  9.000000000000001e-02  -1.088398250103506e-25  -7.105855245304010e-26  -8.599721012956280e-26  3.194544926759676e-26  2.704387957139730e-26  -4.686879442852242e-26  7.014436021719954e-33  -4.248256751814221e-33  6.255127567151545e-33
  9.500000000000001e-02  -7.339850549855042e-24  -4.327522863528343e-24  -5.738151329949878e-24  1.943576935771911e-24  1.582381513079621e-24  -3.255596105154663e-24  4.656710836266984e-31  -2.570997245245296e-31  4.200027415558967e-31
  1.000000000000000e-01  -2.489610727133949e-22  -1.246659616375803e-22  -1.868249572803317e-22  5.723522146492394e-23  4.131345788477412e-23  -1.117152563891243e-22  1.551331881644185e-29  -7.311387711410892e-30  1.370167874188426e-29
  1.050000000000000e-01  -4.352293672773666e-21  -1.714899780310231e-21  -3.075508393518399e-21  8.289023108062597e-22  4.533627326707575e-22  -1.962947521625941e-21  2.642982384372388e-28  -9.790510676096023e-29  2.250013777785038e-28
  1.100000000000000e-01  -4.701528519550421e-20  -1.310804088703116e-20  -3.031828503711726e-20  7.079377648542807e-21  1.538587416815357e-21  -2.107447970738240e-20  2.735979327942537e-27  -6.930219311437013e-28  2.196744817869343e-27
  1.150000000000000e-01  -2.275191847096981e-18  -1.088001446651881e-18  -1.541288953531935e-18  6.104769689900807e-19  3.867088019312387e-19  -9.688804370692016e-19  1.351783460047600e-25  -6.068365722766949e-26  1.141622759551871e-25
  1.200000000000000e-01  -9.541694738779570e-18  -3.717124691606801e-18  -5.876781858994992e-18  2.063459180700645e-18  1.114056387106254e-18  -3.828540075323303e-18  5.290790753262896e-25  -2.008525961574230e-25  4.449479161752577e-25
  1.250000000000000e-01  -3.112111131008515e-17  -9.534331636096307e-18  -1.675312946420220e-17  4.856335166226559e-18  2.009901577405797e-18  -1.132750885248442e-17  1.588804398123666e-24  -4.985084533713710e-25  1.346273586883421e-24
  1.300000000000000e-01  -7.768967206776843e-17  -1.708114174355204e-17  -3.354781525177556e-17  6.221607024718042e-18  7.499904846862116e-19  -2.384096890417341e-17  3.574936023284968e-24  -8.354522402544545e-25  3.083490684288104e-24
  1.350000000000000e-01  -1.500116775343969e-16  -2.081610212084845e-17  -4.146730438982966e-17  -1.804967920794886e-18  -6.989592700973888e-18  -3.084565112096903e-17  6.069528193220849e-24  -8.254685449680212e-25  5.090117168330989e-24
  1.400000000000000e-01  -2.025048863494271e-16  5.304956674862386e-17  1.162255296302481e-16  -4.245889804090184e-17  -6.742748401501886e-17  9.005697603056735e-17  5.569280472286133e-24  4.992457817519106e-24  -7.530506741042277e-24
  1.450000000000000e-01  -2.572705519927198e-16  -1.293635945124554e-17  3.209129717960199e-16  2.065507246025650e-17  -1.292395729459705e-16  3.081344889002740e-16  1.138658087154354e-23  -3.599356405899650e-25  -3.804857060834787e-23
  1.500000000000000e-01  -8.540768493903269e-16  -4.739408018137782e-16  2.542235875614550e-16  4.101085785850294e-16  -1.210856140288109e-16  5.365654212127225e-16  5.788531812547629e-23  -3.703919955226259e-23  -7.911829717267559e-23
  1.550000000000001e-01  -3.001983996421893e-15  -1.563894971438213e-15  -6.234153959245587e-16  1.336850642886864e-15  -4.363366446613650e-17  5.650057340570547e-16  1.977932110686426e-22  -1.290493226047845e-22  -1.038587997372328e-22
  1.600000000000001e-01  -7.406992167722718e-15  -2.905710898259977e-15  -2.407097164967319e-15  2.470071556579298e-15  -2.264133143732934e-16  3.887724475866778e-16  4.406776675942737e-22  -2.577308594725213e-22  -7.913501613176958e-23
  1.650000000000001e-01  -1.379089469526359e-14  -3.915932077491807e-15  -4.421534121078719e-15  2.914890147545097e-15  -1.225624841565904e-15  4.629504205193949e-16  7.280164463416437e-22  -3.562365861368658e-22  2.055554768287735e-23
  1.700000000000001e-01  -1.654820964018491e-14  3.386461222676639e-15  -8.743117796113269e-17  -2.804956989165725e-15  -3.777858284078248e-15  2.530798234619114e-15  4.746830445101898e-22  3.462646242911538e-22  2.168649962590705e-22
  1.750000000000001e-01  2.131971302404648e-15  1.577538413293879e-14  1.412509685654990e-14  -1.325202120158957e-14  -8.517012347414857e-15  1.171221457765331e-14  -8.300489082688478e-22  1.549162415917426e-21  -4.546030675863262e-22
  1.800000000000001e-01  4.254834534558744e-14  2.873283347644980e-14  3.396637772458408e-14  -2.303865139276997e-14  -1.020013304853245e-14  2.482830160505705e-14  -3.003117547468414e-21  3.000265023068825e-21  -1.884194524375092e-21
  1.850000000000001e-01  1.088378435081561e-13  4.073427288004996e-14  5.055746442703947e-14  -2.635101979959982e-14  -2.282643102110769e-15  3.574018864329834e-14  -6.164221546001135e-21  4.336949279076031e-21  -3.908203445809947e-21
  1.900000000000001e-01  2.025014619869968e-13  5.919057664104103e-14  5.297861699032662e-14  -1.884159294206477e-14  1.963269105078586e-14  3.180968780861283e-14  -1.087006335659559e-20  5.512685298795401e-21  -5.764345328347877e-21
  1.950000000000001e-01  4.592105275278787e-13  9.378989374798112e-14  -1.879150382141681e-15  -6.212959703731696e-14  6.227484399361306e-14  -8.957577468498882e-15  -2.937220227675504e-20  5.368501038979783e-21  -1.281740649926673e-21
  2.000000000000001e-01  5.502187322080905e-13  6.734985457086976e-14  -1.356396827320956e-13  -5.017858557761619e-14  1.503872080787027e-13  -1.327529186002321e-13  -3.884558970700160e-20  -4.541691575689056e-22  1.510700869005662e-20
  2.050000000000001e-01  5.589092732970088e-13  9.147641893467426e-15  -2.685315015268099e-13  -4.231793463405431e-15  2.403679861592062e-13  -3.188691218960798e-13  -4.334156710678767e-20  -1.232215890009777e-20  4.083992119779258e-20
  2.100000000000001e-01  3.920090219324050e-13  -9.234630571666270e-14  -3.079694512234125e-13  1.283977868589449e-13  2.878769569806978e-13  -5.312586926719434e-13  -3.129493637045330e-20  -3.302612067259589e-20  7.052512797647479e-20
  2.150000000000001e-01  -9.858550640483500e-14  -2.341270768392008e-13  -1.742635472495273e-13  3.905066839686276e-13  2.375503059688564e-13  -6.703858788160888e-13  1.184289502598443e-20  -6.358708937586593e-20  9.141613347482782e-20
  2.200000000000001e-01  -1.051987625939422e-12  -3.513762169585435e-13  1.599592841256698e-13  7.757448180825937e-13  2.239356479648553e-14  -5.680133243299150e-13  9.867368662561923e-20  -9.781233535213019e-20  8.493920644624180e-20
  2.250000000000001e-01  -5.755279578392396e-12  -2.550205017899330e-12  -1.898353404414746e-13  2.574157433341946e-12  -3.243692179403425e-13  5.597095117108599e-14  4.715051780752515e-19  -2.221159743715328e-19  -4.161978968398963e-20
  2.300000000000001e-01  -7.668604984121457e-12  -1.651696821896423e-12  7.420816300393180e-13  2.326940516224432e-12  -1.394364484550678e-12  1.570861019741413e-12  5.689447333605022e-19  -1.206626557232692e-19  -2.618188540975292e-19
  2.350000000000001e-01  -8.776580680288241e-12  -1.453552367190903e-13  1.324899306376598e-12  7.626380083410378e-13  -2.617037284012191e-12  3.693672419381810e-12  5.485931237087707e-19  1.002745954019381e-19  -5.349923379788279e-19
  2.400000000000001e-01  -8.214870592804516e-12  1.128653630060530e-12  9.089622603903820e-13  -2.384578927188033e-12  -3.504609222579564e-12  5.898276873585647e-12  3.722041057999230e-19  4.217747962503768e-19  -7.871640125478419e-19
  2.450000000000001e-01  -4.973296027791923e-12  1.201641626548577e-12  -7.046065379768468e-13  -6.770779492840324e-12  -3.560148604647757e-12  7.226714777697878e-12  4.271015820236020e-20  7.954625020135962e-19  -9.187002876525292e-19
  2.500000000000001e-01  2.437151945368225e-11  2.590355910336646e-11  1.196551881072338e-11  -2.049702953526174e-11  -7.407350606148904e-12  7.312247714707012e-12  -2.055702209260234e-18  2.554887205505636e-18  -1.148729265914127e-18
  2.550000000000001e-01  3.626434440759376e-11  1.871542278046376e-11  6.170239487329296e-12  -2.228894689010199e-11  -2.241457878959833e-12  1.373747189728232e-12  -2.550315975007690e-18  2.177631563890877e-18  -1.485941122029811e-19
  2.600000000000001e-01  4.614957122866945e-11  5.054721920296208e-12  -1.430264156368827e-12  -1.774461168150487e-11  5.820808740241148e-12  -9.210428643265202e-12  -2.680315833077675e-18  9.805742667664688e-19  1.489139906010130e-18
  2.650000000000001e-01  5.175976740115672e-11  -9.442174360283684e-12  -7.145540073187868e-12  -5.360708310771016e-12  1.470789999518336e-11  -2.359901482197578e-11  -2.476532016298143e-18  -9.373188121346603e-19  3.602120839931268e-18
  2.700000000000001e-01  5.007412341416203e-11  -1.747673940584968e-11  -7.785642404732773e-12  1.393500718122702e-11  2.193336349989046e-11  -3.920704581837827e-11  -2.129031521039010e-18  -3.329614474876265e-18  5.821299651473469e-18
  2.750000000000001e-01  4.016721607916944e-11  -7.877583668409427e-12  9.471893539722491e-13  3.798609061294984e-11  2.326967559098710e-11  -5.185454147552037e-11  -1.835348754565782e-18  -5.513531955055952e-18  7.484333797492645e-18
  2.800000000000001e-01  -9.378239201016018e-11  -1.373413402234110e-10  -8.856672236264225e-11  1.009791655227529e-10  6.056485151385765e-11  -6.274099286445400e-11  6.002544096155147e-18  -1.538582864349873e-17  1.157783104422679e-17
  2.850000000000001e-01  -1.330663203881363e-10  -7.772474693178771e-11  -5.145257898487384e-11  1.116296920286763e-10  3.584985880542944e-11  -4.146041222504003e-11  7.056473215135556e-18  -1.252673105024686e-17  6.532384695921651e-18
  2.900000000000001e-01  -1.643810354466925e-10  1.157611611624000e-11  -1.244982423430481e-12  9.951700376000975e-11  -2.952041802793262e-12  5.435944682924083e-12  7.465009095371496e-18  -5.769422834124194e-18  -2.905782680606863e-18
  2.950000000000002e-01  -1.840413762249130e-10  9.944345669909482e-11  4.417692304540097e-11  6.190311536623656e-11  -4.693787703526832e-11  7.821265852004014e-11  7.774759552209862e-18  4.093749386093069e-18  -1.612423435951626e-17
  3.000000000000002e-01  -1.933963515860248e-10  1.356114503027924e-10  5.789918594190350e-11  -1.735319227938682e-12  -7.975583741730475e-11  1.707033950509253e-10  8.618987433219066e-18  1.475477500056928e-17  -3.102663880922770e-17
  3.050000000000002e-01  1.301220176835654e-10  5.980254212350078e-10  4.725086467486471e-10  -2.139796479529292e-10  -3.018865192057296e-10  3.410374545185571e-10  -7.640329079581256e-18  5.866091392661306e-17  -7.084972029053224e-17
  3.100000000000002e-01  2.548108416581640e-10  5.300619072072844e-10  4.327817482826808e-10  -3.274659415847060e-10  -2.944775458109671e-10  3.977776915134980e-10  -1.343300693336187e-17  6.362080824260896e-17  -7.245480777668297e-17
  3.150000000000002e-01  3.586016651040231e-10  2.754340118158571e-10  2.840471961300294e-10  -4.063072681480135e-10  -2.164383645844578e-10  3.729919829318456e-10  -1.661978505922242e-17  5.429432033894314e-17  -5.596317224713931e-17
  3.200000000000002e-01  4.411811748984731e-10  -1.033952695206938e-10  6.910632975284099e-11  -4.255653037586463e-10  -8.407964917271285e-11  2.351929657391526e-10  -1.665969066384545e-17  3.109068596943110e-17  -1.901242420278958e-17
  3.250000000000002e-01  5.035086662279148e-10  -4.873208189585958e-10  -1.351173830207875e-10  -3.708698766547159e-10  6.607579422213155e-11  -3.137641683193126e-11  -1.452443196680814e-17  -2.281964148944205e-18  3.623339539820342e-17
  3.300000000000002e-01  5.489667120388363e-10  -7.144166444774110e-10  -2.378000494395034e-10  -2.433985526880385e-10  1.831519119677122e-10  -4.138751866269241e-10  -1.244616717019386e-17  -3.902959926864740e-17  1.022735594940228e-16
  3.350000000000002e-01  -1.952573991167113e-10  -1.717310508683934e-09  -1.475105624080788e-09  3.130596687627927e-10  8.743341744409749e-10  -1.216870765419109e-09  2.340295430533383e-17  -1.633791696214446e-16  2.601085045240108e-16
  3.400000000000002e-01  -5.653006976123433e-10  -1.679312540022459e-09  -1.507903602235635e-09  7.072162197552200e-10  9.409644920333158e-10  -1.627089685276841e-09  4.824280391251852e-17  -1.961759770259712e-16  2.991078925122621e-16
  3.450000000000002e-01  -8.844090102854601e-10  -1.049539641662879e-09  -1.186153492605388e-09  1.028597907668225e-09  8.010303613258895e-10  -1.814097273623509e-09  5.786042600118663e-17  -1.904963500037327e-16  2.826365892094118e-16
  3.500000000000002e-01  -1.108909759767093e-09  1.014068973414587e-10  -5.883331641031681e-10  1.224514704404418e-09  4.749665449908759e-10  -1.660584332085466e-09  4.742919190972070e-17  -1.420450801486945e-16  1.998232369959066e-16
  3.550000000000002e-01  -1.258107071062214e-09  1.462266339413159e-09  8.497351170959442e-11  1.241088282448226e-09  6.355749653784518e-11  -1.087760153850295e-09  1.489363989953816e-17  -5.941023307427629e-17  5.124782236922581e-17
  3.600000000000002e-01  -1.427275657663225e-09  1.552323832043492e-09  1.339121992790732e-09  1.121474009857899e-09  -6.338887505943135e-10  7.787889902237993e-10  2.179415232129315e-17  8.887758829678957e-17  -3.133877897777451e-16
  3.650000000000002e-01  -2.365075146922637e-10  3.625919776368726e-09  2.876001752861759e-09  1.914129014756786e-10  -1.512911815943794e-09  2.419210884028452e-09  -1.027062892840436e-16  2.962612639446662e-16  -5.966097093766181e-16
  3.700000000000002e-01  1.014638258410007e-09  4.541360387491561e-09  3.691172527556975e-09  -8.055696947146714e-10  -2.020205618982657e-09  4.054883175535366e-09  -2.095915507962316e-16  4.578930566420657e-16  -8.235838153882014e-16
  3.750000000000002e-01  2.114360150805787e-09  3.812578610080685e-09  3.561557934313697e-09  -1.704365429208025e-09  -2.000768921288255e-09  5.371424185651524e-09  -2.646459720498449e-16  5.338062277623477e-16  -9.396999459953155e-16
  3.800000000000002e-01  2.950267192326002e-09  1.422339656697326e-09  2.545498667677766e-09  -2.303516969542804e-09  -1.461182025792666e-09  6.036645813052507e-09  -2.346447128581667e-16  5.051828440086454e-16  -9.007593419151210e-16
  3.850000000000002e-01  3.350823716155471e-09  -2.327734197751818e-09  8.893356656790361e-10  -2.549345752221209e-09  -5.082399718595309e-10  5.787429761079053e-09  -1.073524370918112e-16  3.641686698003588e-16  -6.830186539902756e-16
  3.900000000000002e-01  6.413849269963999e-09  1.540211047135407e-09  2.603463529082757e-09  -4.210448572442737e-09  -1.667723020391768e-09  3.139148862185952e-09  -1.505989541250638e-16  3.624025844692817e-16  -1.732160462062235e-16
  3.950000000000002e-01  3.283038149253605e-09  -4.949671467145399e-09  -1.861966100582494e-09  -2.377593631768129e-09  6.635544331726765e-10  -3.207853645144299e-10  2.585512126775985e-16  -1.834492843754579e-16  5.621589800217719e-16
  4.000000000000002e-01  -5.013404466431952e-10  -9.826025334806014e-09  -5.415363163513217e-09  -2.754737921336195e-10  2.540016214562024e-09  -4.465571780180940e-09  6.681236176051032e-16  -7.206709121474553e-16  1.319889532443530e-15
  4.050000000000002e-01  -4.325069315872073e-09  -1.145667523373493e-08  -7.216755356689800e-09  1.626699274660397e-09  3.468510317234658e-09  -8.731787047106498e-09  9.702765256316834e-16  -1.141316787201233e-15  1.973910750526554e-15
  4.100000000000003e-01  -7.518258502199430e-09  -8.741254901427633e-09  -6.758223811144079e-09  2.939308571553614e-09  3.117919341117688e-09  -1.247431172640444e-08  1.059016293197577e-15  -1.347790603869454e-15  2.394347808207218e-15
  4.150000000000003e-01  -2.398201413336202e-08  -2.592152073363601e-08  -2.354228524464620e-08  1.184318788283520e-08  1.207222275859988e-08  -1.773868578408762e-08  1.637994837399999e-15  -2.640318760700967e-15  3.287691347440376e-15
  4.200000000000003e-01  -2.185724872962486e-08  -1.469689250676668e-08  -1.709768306588360e-08  1.037271999944532e-08  8.964256964340726e-09  -1.661580376634524e-08  9.966835066101554e-16  -2.006574109389289e-15  2.595282710310470e-15
  4.250000000000003e-01  -1.586721939066333e-08  2.577003337656021e-10  -8.250583892783557e-09  7.279615493170034e-09  4.521675155512316e-09  -1.289821729744670e-08  2.763760611779956e-19  -9.597021582649300e-16  1.396330480505305e-15
  4.300000000000003e-01  -6.919097082930422e-09  1.510085457333308e-08  8.913594323035229e-10  3.264384262552209e-09  -1.195487931894774e-10  -6.796687552057047e-09  -1.196730371423331e-15  3.092962975386587e-16  -1.805021664792760e-16
  4.350000000000003e-01  3.840964744017139e-09  2.591522529680341e-08  8.193371814016908e-09  -5.350822979640249e-10  -3.781143694002947e-09  1.089584809162465e-09  -2.346928690904408e-15  1.574424750476899e-15  -1.924996364713289e-15
  4.400000000000003e-01  1.461908536762418e-08  2.895097922207186e-08  1.180097394435436e-08  -3.118944816651698e-09  -5.337378888514940e-09  9.878810791993131e-09  -3.181827630784587e-15  2.580734606063696e-15  -3.578350800762595e-15
  4.450000000000003e-01  5.328620745708145e-08  5.717074268495012e-08  4.547105293621751e-08  -2.049439320776427e-08  -2.114618762420222e-08  2.933926158826849e-08  -4.633130245133600e-15  5.661228793609141e-15  -6.956408728608885e-15
  4.500000000000003e-01  5.842026334939555e-08  4.575632517328900e-08  4.278652269106345e-08  -2.007945457522748e-08  -2.003663628697086e-08  3.532739006186187e-08  -4.080343561095593e-15  5.516515261339185e-15  -7.358841963554916e-15
  4.550000000000003e-01  5.446365004133178e-08  2.211935255755677e-08  3.272699431286788e-08  -1.565548999111438e-08  -1.500857001047532e-08  3.747335702520945e-08  -2.519097286326443e-15  4.339213224569801e-15  -6.666885297535578e-15
  4.600000000000003e-01  4.110510070073738e-08  -8.982882014868188e-09  1.777407202882560e-08  -8.658114861066856e-09  -7.284958756315800e-09  3.532475740455078e-08  -1.244546521583089e-16  2.292598381350911e-15  -4.891982848314889e-15
  4.650000000000003e-01  2.006450702461239e-08  -3.990782162499615e-08  1.757811031664309e-09  -9.192207195204226e-10  9.806838280677940e-10  2.891210210519082e-08  2.772893221937563e-15  -2.481042950343149e-16  -2.214578147515291e-15
  4.700000000000003e-01  -6.357103948382003e-09  -6.297001628671667e-08  -1.153647943669986e-08  5.023823817202884e-09  7.522471876258731e-09  1.884097861644140e-08  5.656621384502053e-15  -2.840727222068006e-15  1.024449274259937e-15
  4.750000000000003e-01  -7.891177899964667e-08  -8.874262533382599e-08  -4.713523177255053e-08  2.683773480516818e-08  1.739383832213147e-08  -1.356036611414091e-08  9.202121346488016e-15  -7.818303732509077e-15  7.095389486297726e-15
  4.800000000000003e-01  -1.132262091674176e-07  -9.531874388992314e-08  -6.177269879189733e-08  3.123729663820554e-08  2.418697094260725e-08  -3.079185516975277e-08  1.052596775786468e-14  -9.845275052906148e-15  1.047532083079930e-14
  4.850000000000003e-01  -1.332145065669781e-07  -7.576738829363367e-08  -6.292305653643195e-08  2.775832856534806e-08  2.378425612920963e-08  -4.548452033316839e-08  9.977344676449292e-15  -1.006793697622094e-14  1.246192050635311e-14
  4.900000000000003e-01  -1.353220956551131e-07  -3.367876541200854e-08  -5.187656315348038e-08  1.730971561402336e-08  1.677910147499015e-08  -5.607732334264015e-08  7.402525142276216e-15  -8.447196258093873e-15  1.270614635027430e-14
  4.950000000000003e-01  -1.175766751215154e-07  2.313099816682439e-08  -3.180129208628720e-08  2.941827919539353e-09  5.023716338350154e-09  -6.164685678617833e-08  3.017008347828128e-15  -5.221752172838289e-15  1.109582788153599e-14
  5.000000000000003e-01  -7.115030737784750e-08  3.703853936218768e-09  -5.721517001809713e-08  5.778440756104038e-09  3.393994783186795e-08  -6.056458664099592e-08  -2.456003919550689e-15  -2.897030478122309e-15  8.998993083611002e-15
  5.050000000000003e-01  1.625976703450902e-08  8.268916094630674e-08  -5.928062895486628e-09  -2.100073095934978e-08  1.162533458288026e-08  -4.315524075836095e-08  -9.717210472028127e-15  4.272777626983478e-15  2.455490683253839e-15
  5.100000000000003e-01  1.092367388095441e-07  1.391534695155722e-07  3.991045462901799e-08  -3.890106632692798e-08  -7.132399170027804e-09  -2.198016538875119e-08  -1.602630370244987e-14  1.047559065741726e-14  -4.331672672533876e-15
  5.150000000000003e-01  1.957781919550773e-07  1.608542768741654e-07  7.376588552019810e-08  -4.401372975425439e-08  -1.872905946091158e-08  7.783518518513420e-10  -2.027880469001195e-14  1.475174501922383e-14  -1.049135926651676e-14
  5.200000000000004e-01  2.643747017148996e-07  1.414079658978291e-07  9.078628133275449e-08  -3.503560843734187e-08  -2.062253320162487e-08  2.289576262134362e-08  -2.161888004119129e-14  1.639756733490516e-14  -1.515187825424198e-14
  5.250000000000004e-01  3.056830046004440e-07  8.343324826293690e-08  9.015400195210143e-08  -1.365786806889837e-08  -1.292098035920225e-08  4.254844589515378e-08  -1.957275170607017e-14  1.518292576875903e-14  -1.766272878288415e-14
  5.300000000000004e-01  3.766377895083237e-07  1.397678860734364e-07  1.753074382115319e-07  -5.506994188720679e-08  -6.583250214080825e-08  9.274060936897463e-08  -1.606335625587275e-14  1.820666210851640e-14  -2.309739855704248e-14
  5.350000000000004e-01  2.949543562330763e-07  2.150338075886059e-08  1.255936319370161e-07  -1.316490102606235e-08  -4.670604974486921e-08  9.305354676599790e-08  -6.114688584491396e-15  9.820627249699891e-15  -1.899166994037217e-14
  5.400000000000004e-01  1.708816791242729e-07  -9.780833808293708e-08  6.272200928054916e-08  2.546382206462397e-08  -2.448468405384081e-08  8.621330740894610e-08  5.511250731079206e-15  1.583155128077672e-16  -1.262946249082448e-14
  5.450000000000004e-01  1.560064433134737e-08  -1.950306407081532e-07  -4.217381854976926e-09  5.143553255993938e-08  -4.898691041148729e-09  7.402951807284334e-08  1.721348546927558e-14  -9.194890277667029e-15  -4.975479151396026e-15
  5.500000000000004e-01  -1.557401717718897e-07  -2.512144874838233e-07  -6.693693710616888e-08  5.752079211124040e-08  7.339853839015434e-09  5.857538743329471e-08  2.734953804455481e-14  -1.676827196266774e-14  2.869816366386136e-15
  5.550000000000004e-01  -3.253100437892455e-07  -2.542056498058017e-07  -1.182118383880266e-07  4.068890612370801e-08  9.018803324346886e-09  4.174245128506591e-08  3.446971700155769e-14  -2.136450738134481e-14  9.823333406169175e-15
  5.600000000000004e-01  -6.586649296041161e-07  -3.030889109307336e-07  -2.232667667228383e-07  1.039913881973904e-07  3.039957818565825e-08  -2.875827645621626e-08  4.149548420427502e-14  -3.038912888465094e-14  1.961958746724845e-14
  5.650000000000004e-01  -7.355679772464091e-07  -2.163157518866637e-07  -2.354636503730544e-07  5.883178671243311e-08  2.807474935432765e-08  -4.579506700092842e-08  3.789853296756841e-14  -2.688821333221004e-14  2.232431541499451e-14
  5.700000000000004e-01  -7.374707364515498e-07  -8.489539651252139e-08  -2.147682112079516e-07  7.278880677024491e-10  1.662629023113056e-08  -5.639675104523637e-08  2.926461790894750e-14  -1.920139013383420e-14  2.192537735957026e-14
  5.750000000000004e-01  -6.608374152449976e-07  6.490015107034843e-08  -1.645429992653242e-07  -5.750377569413172e-08  1.392342204329678e-09  -6.151608886907664e-08  1.658057100819011e-14  -8.785910953403748e-15  1.881393658789261e-14
  5.800000000000004e-01  -5.079742244482006e-07  2.060014084426413e-07  -8.993533429283248e-08  -1.018154477542097e-07  -1.212468213346233e-08  -6.297138046687822e-08  1.418117168695322e-15  2.625938401342125e-15  1.375726585559446e-14
  5.850000000000004e-01  -1.039797648713126e-07  2.391445034200162e-07  -1.165773589586837e-08  -1.050397065878303e-07  4.563823202955097e-08  -7.211605868687148e-08  -1.991348792940559e-14  1.344016947947247e-14  1.152025604008739e-14
  5.900000000000004e-01  2.196879660720099e-07  3.338356845104032e-07  1.029079030336376e-07  -1.252411105283208e-07  3.369363466151473e-08  -5.905426159868774e-08  -3.538301545744893e-14  2.371636147759486e-14  4.712024508971773e-15
  5.950000000000004e-01  5.399368070117761e-07  3.568070439455521e-07  2.055674234390632e-07  -1.074208331710962e-07  3.070629009409737e-08  -5.043776716418595e-08  -4.686972631284408e-14  2.921082824863599e-14  -8.890482312457408e-16
  6.000000000000004e-01  8.281337775937843e-07  3.123190402484784e-07  2.866292770002132e-07  -5.319790970250199e-08  3.490109027828872e-08  -4.828490064840135e-08  -5.315918004745939e-14  2.959085950549499e-14  -4.686658100386435e-15
  6.050000000000004e-01  1.053846078917000e-06  2.119473259706405e-07  3.363673117794085e-07  2.663326592696018e-08  4.374818814564951e-08  -5.285881926375607e-08  -5.397973774358413e-14  2.506712792570151e-14  -6.545287746036588e-15
  6.100000000000004e-01  1.195522753856878e-06  8.032531440841384e-08  3.478888981571601e-07  1.184766312113023e-07  5.247237530797798e-08  -6.302175154422917e-08  -4.951717261068186e-14  1.683869020709832e-14  -6.679203046988955e-15
  6.150000000000004e-01  1.255859077577394e-06  -5.398480074356973e-09  2.211867685770875e-07  5.840320082199575e-08  3.425285159153169e-08  -2.164339907306277e-08  -3.871131647155805e-14  7.660007879530305e-15  -8.003415869119960e-15
  6.200000000000004e-01  1.079018894636990e-06  -1.448178723019075e-07  1.404291633689253e-07  1.386432665560091e-07  2.455222412045801e-08  -2.911421275468670e-08  -2.347154630698326e-14  -4.285129763285880e-15  -8.790207978999518e-15
  6.250000000000004e-01  8.003221283822490e-07  -2.413172392826506e-07  2.911332707133099e-08  1.843586415639916e-07  8.755324463986714e-09  -2.980476483837929e-08  -7.514254810751654e-15  -1.395466769175779e-14  -1.039313739117644e-14
  6.300000000000004e-01  4.430412869202725e-07  -2.813387471339955e-07  -1.033401339430630e-07  1.869572454368140e-07  -1.200189461704237e-08  -1.866772343723032e-08  7.663511927616414e-15  -1.973898554317068e-14  -1.332572627734458e-14
  6.350000000000005e-01  3.184148886009656e-08  -2.718648470068767e-07  -2.482339439521172e-07  1.418951803391345e-07  -3.169745536259341e-08  9.046634123908219e-09  2.076357945415752e-14  -2.126673066519476e-14  -1.772564755228905e-14
  6.400000000000005e-01  -7.104866831794934e-07  -1.525400332806947e-07  -1.486589443541375e-07  1.079951650593915e-07  -1.690714506155834e-07  1.277552803140927e-07  4.080787770669342e-14  -1.101296961181971e-14  -4.123674928675375e-14
  6.450000000000005e-01  -1.082927096453963e-06  -5.092076113887281e-08  -2.072058063091101e-07  8.830854485188361e-09  -1.841010703507638e-07  1.829188653752613e-07  4.653154712929590e-14  -2.319765983981795e-15  -4.581108982841696e-14
  6.500000000000005e-01  -1.383878544872105e-06  3.234733700638766e-08  -2.463773374317864e-07  -1.047030272080246e-07  -1.778533210294444e-07  2.457823243687444e-07  4.976594434138766e-14  6.643739824640212e-15  -4.740979503834719e-14
  6.550000000000005e-01  -1.591220576721541e-06  6.917502481070158e-08  -2.581317506552641e-07  -2.113895723786742e-07  -1.491914954840716e-07  3.087023806381992e-07  5.189912390342213e-14  1.352299835545510e-14  -4.448594443972517e-14
  6.600000000000005e-01  -1.690441288085347e-06  4.408471285100365e-08  -2.319418417727474e-07  -2.928319560443348e-07  -1.031977317893070e-07  3.613371665515527e-07  5.410230230001536e-14  1.644034938446532e-14  -3.594127315049532e-14
  6.650000000000005e-01  -1.674999596847009e-06  -4.347458843006647e-08  -1.618483108043076e-07  -3.375885416080154e-07  -4.931636579880290e-08  3.929033389890549e-07  5.699213781227922e-14  1.421628713691467e-14  -2.110094690835982e-14
  6.700000000000005e-01  -1.333960681387842e-06  5.900626434835585e-08  7.066702798718536e-08  -2.434806568309317e-07  -4.757978132824012e-08  2.054185386992914e-07  4.799536521467744e-14  8.828740795808361e-15  1.839993522076947e-14
  6.750000000000005e-01  -1.067622195486329e-06  -1.750002379725570e-07  6.645412418779194e-08  -1.807679911736015e-07  4.870636574139829e-08  1.070445343509282e-07  5.058836664821538e-14  -1.180356592976486e-14  5.310713694824211e-14
  6.800000000000005e-01  -7.297713526543812e-07  -3.814299091453577e-07  9.688746237291353e-08  -8.928261021100288e-08  1.085617777458362e-07  -3.009910430517674e-08  5.151810092956966e-14  -3.345014232520422e-14  8.754678334920005e-14
  6.850000000000005e-01  -3.283683113999158e-07  -4.936387273577846e-07  1.646719366608076e-07  1.502655215875200e-08  1.138669046685341e-07  -2.023160912529829e-07  4.845793081825657e-14  -5.132196499053528e-14  1.178195871095605e-13
  6.900000000000005e-01  1.122792988725969e-07  -4.706073420117326e-07  2.591304931446063e-07  1.078095511391981e-07  5.949254936779955e-08  -4.000471264583748e-07  3.825204529717089e-14  -6.160501382624449e-14  1.396333435889036e-13
  6.950000000000005e-01  5.138460601642047e-07  -1.092522133695717e-06  -7.050156566764201e-07  4.273585662110434e-07  5.823900990233288e-07  -8.445479190516952e-07  2.394333044897449e-14  -1.131016939555225e-13  1.950995623149677e-13
  7.000000000000005e-01  9.383849909990455e-07  -7.768097541080716e-07  -5.667970197573405e-07  4.361209266512194e-07  4.449559389992206e-07  -9.493013052475582e-07  -4.819444922885269e-15  -9.358383049329707e-14  1.730053593794862e-13
  7.050000000000005e-01  1.351075475767940e-06  -2.718329902468711e-07  -3.927439768572463e-07  3.837086172568434e-07  2.667711401662119e-07  -9.982977038595316e-07  -4.409408962120042e-14  -5.640264943232902e-14  1.304740250714972e-13
  7.100000000000005e-01  1.712863000639644e-06  3.374854525957430e-07  -2.279743356479118e-07  2.810805320327002e-07  9.315301807241871e-08  -9.763720257139155e-07  -9.134146078586985e-14  -6.304726186854784e-15  6.991214355633695e-14
  7.150000000000005e-01  1.994896996336557e-06  9.569637002103237e-07  -1.081895284389188e-07  1.596252473453869e-07  -3.068931665698573e-08  -8.750295930603228e-07  -1.412493275774595e-13  5.040922190427202e-14  -4.166450523674146e-15
  7.200000000000005e-01  2.152585625535147e-06  1.464615935032860e-06  -7.093631362220280e-08  4.682039150248827e-08  -5.636744549910159e-08  -6.880273635688841e-07  -1.880470637606222e-13  1.046739633627785e-13  -8.542159829576577e-14
  7.250000000000005e-01  2.391800808855206e-06  1.942249166415338e-06  7.435370917050937e-07  -4.288136536013089e-07  -3.439756139971726e-07  2.863334210167052e-07  -2.254514833951498e-13  1.887568665761662e-13  -2.487357754793710e-13
  7.300000000000005e-01  2.326932038216510e-06  2.265006032071778e-06  9.222044302948673e-07  -5.491137849627850e-07  -3.419118886787869e-07  6.860302486247249e-07  -2.439409365789827e-13  2.275138476265142e-13  -3.225044717719224e-13
  7.350000000000005e-01  2.055043006136465e-06  2.192029467678671e-06  9.336538945310586e-07  -5.475249075130219e-07  -1.804940487776894e-07  1.084998329647061e-06  -2.369210543590537e-13  2.327965220553773e-13  -3.682011390898538e-13
  7.400000000000005e-01  1.597102993647286e-06  1.734883729138680e-06  8.104561810038353e-07  -4.118398416628154e-07  1.092120537745965e-07  1.456509881915899e-06  -2.010447837610828e-13  2.021137134459882e-13  -3.794731981041678e-13
  7.450000000000006e-01  9.867503684521061e-07  9.508468208385995e-07  6.076588822395326e-07  -1.597363563345908e-07  4.711999684298700e-07  1.774674970145679e-06  -1.370172123983027e-13  1.371207162641458e-13  -3.534503743933731e-13
  7.500000000000006e-01  6.044149547501496e-07  1.405910290306897e-06  1.944941650116563e-06  -5.924298892156380e-07  -6.315610473648772e-07  2.143274241650507e-06  -5.863343273738206e-14  1.192736846305203e-13  -3.191276751033939e-13
  7.550000000000006e-01  -3.249707513459028e-07  -3.883867799512603e-09  1.282288769126270e-06  -7.240488100369122e-08  -1.716687959587748e-07  1.985766582422492e-06  5.652155103584561e-14  -1.725850157191608e-14  -1.791734591547125e-13
  7.600000000000006e-01  -1.197573956068947e-06  -1.393626660320820e-06  6.793099202983697e-07  4.470054458866142e-07  1.670706820450598e-07  1.700803255187777e-06  1.769765774176860e-13  -1.570213255735546e-13  -1.801366001360291e-14
  7.650000000000006e-01  -1.932530959491083e-06  -2.601576920200258e-06  2.124206757780786e-07  8.749942931182448e-07  3.017018239809214e-07  1.301415145945572e-06  2.892529440635147e-13  -2.827734178810462e-13  1.498512385173134e-13
  7.700000000000006e-01  -2.440652810494712e-06  -3.474315834406360e-06  -6.505549651751516e-08  1.148427001453034e-06  1.686387506393999e-07  7.987957345509211e-07  3.823450814750536e-13  -3.768724839609665e-13  3.095945929511529e-13
  7.750000000000006e-01  -2.700005313198852e-06  -3.948477258178349e-06  -1.573229347178774e-07  1.196587901012255e-06  -2.477504238227545e-07  2.126930231720815e-07  4.449961963578454e-13  -4.271447802664449e-13  4.466484618752794e-13
  7.800000000000006e-01  -3.433714400798609e-06  -4.842687663684307e-06  -2.599505988530244e-06  1.882558566417240e-06  6.852482974778497e-07  -1.828655325552061e-06  4.967161718761389e-13  -4.874009132656375e-13  7.023750367212162e-13
  7.850000000000006e-01  -3.185603930097073e-06  -4.520569922581118e-06  -2.561836841264624e-06  1.566048715806382e-06  1.269887417923976e-07  -2.426379679278186e-06  4.743297661261239e-13  -4.266813523606639e-13  7.281964949327278e-13
  7.900000000000006e-01  -2.741516722580636e-06  -3.727559419514738e-06  -2.351456791073888e-06  9.545384489520066e-07  -6.036068594082381e-07  -2.941423733560103e-06  4.109009332026636e-13  -3.072414460720985e-13  6.902183904165409e-13
  7.950000000000006e-01  -2.206113142236055e-06  -2.576832413535350e-06  -2.088025986149965e-06  1.051389940809094e-07  -1.379645339599539e-06  -3.358963382916458e-06  3.141340584553440e-13  -1.406120463444006e-13  5.925614995512619e-13
  8.000000000000006e-01  -1.713304145196006e-06  -1.215693075379797e-06  -1.895657465827196e-06  -9.130990771642725e-07  -2.051389937215737e-06  -3.662843765579340e-06  1.937742805341049e-13  5.561208287072325e-14  4.436158462719068e-13
  8.050000000000006e-01  -2.096361585801579e-06  -4.643107708433363e-08  -2.655073007785748e-06  -7.239044064451380e-07  -4.657806134627208e-07  -3.450439623968796e-06  5.398009845758603e-14  2.125187102517388e-13  1.878393833893518e-13
  8.100000000000006e-01  -1.940378539639371e-06  1.782324905231644e-06  -1.971699604476832e-06  -1.897422105399796e-06  -9.934364264296760e-07  -3.022873607902944e-06  -9.014963888165920e-14  4.200688762741306e-13  -7.932422324620935e-14
  8.150000000000006e-01  -2.068146896580730e-06  3.463459252604790e-06  -1.534927998549692e-06  -2.933219526205784e-06  -1.110017070415785e-06  -2.467615745834392e-06  -2.214578426092001e-13  5.904708390427385e-13  -3.352274201923248e-13
  8.200000000000006e-01  -2.471318221355350e-06  4.913695368636851e-06  -1.331861745777074e-06  -3.735803391763136e-06  -7.519645074433346e-07  -1.776947560082092e-06  -3.347639725472980e-13  7.049430146019107e-13  -5.612095343479949e-13
  8.250000000000006e-01  -3.021234557051178e-06  6.140721427362444e-06  -1.266446058465632e-06  -4.175161479630650e-06  7.209091428999860e-08  -9.500738870122302e-07  -4.246572039476296e-13  7.531873382903271e-13  -7.412892157262605e-13
  8.300000000000006e-01  -3.598666157734355e-06  7.107805339376321e-06  -1.215790692648954e-06  -4.180286437651495e-06  1.312079411596859e-06  2.569498543705136e-08  -4.935564953252192e-13  7.266323646856071e-13  -8.650506796525813e-13
  8.350000000000006e-01  -3.832433985891077e-06  6.853575639034333e-06  2.550883350204448e-06  -3.546954843537006e-06  7.470401032505232e-08  2.974070994714911e-06  -5.574635452183046e-13  5.707159366203016e-13  -1.080507505792000e-12
  8.400000000000006e-01  -3.230878121651807e-06  6.958684649295370e-06  2.879482673649038e-06  -2.732251456667244e-06  1.436813736817030e-06  3.947757613243813e-06  -5.948308151881401e-13  4.044770724100587e-13  -1.001762913142451e-12
  8.450000000000006e-01  -1.929142885844402e-06  6.705153940114364e-06  3.460672551475451e-06  -1.357139974773572e-06  2.855428164710211e-06  4.921155925559248e-06  -6.206594813323661e-13  1.850956668107344e-13  -8.547458262179120e-13
  8.500000000000006e-01  2.203291385963950e-07  6.081056190346127e-06  4.411901176242251e-06  5.850118117274877e-07  4.118432305769245e-06  5.851154809524804e-06  -6.352565532895516e-13  -6.986246805008184e-14  -6.536459918030035e-13
  8.550000000000006e-01  3.225219096370467e-06  4.985733191248454e-06  5.744216661292991e-06  3.023419849644046e-06  5.041773266120949e-06  6.676941704246839e-06  -6.385832637739358e-13  -3.438540653427786e-13  -4.154297223281102e-13
  8.600000000000007e-01  1.164496099645845e-05  1.237814941426787e-06  6.869182912537938e-06  2.450486141580556e-06  2.749461090251540e-06  6.534746721701022e-06  -6.899773061475521e-13  -5.611999600686574e-13  3.544265983010481e-14
  8.650000000000007e-01  1.646970229304819e-05  -7.097520834736162e-07  7.640819799209598e-06  4.905016325251263e-06  3.042942069002475e-06  6.423937334805243e-06  -6.427623948019470e-13  -7.716433330965995e-13  3.363064575865616e-13
  8.700000000000007e-01  2.120019553439514e-05  -3.232685371376299e-06  8.355953847727861e-06  7.411490865793094e-06  2.658073494261104e-06  5.979301160397654e-06  -5.487974026117811e-13  -9.454775902371816e-13  5.978035974726431e-13
  8.750000000000007e-01  2.528493749261682e-05  -6.378203301065439e-06  8.715560111583171e-06  9.661124364920964e-06  1.591523556624519e-06  5.123516240054661e-06  -4.022794764578020e-13  -1.072744986799466e-12  8.080258238247558e-13
  8.800000000000007e-01  2.824981440055029e-05  -9.985565312360520e-06  8.433320276118833e-06  1.138168032363319e-05  -1.271131651732045e-07  3.776428389559952e-06  -1.922685219576663e-13  -1.137166992934789e-12  9.620815534055983e-13
  8.850000000000007e-01  2.949138323409192e-05  -1.393361838902866e-05  7.188547744559413e-06  1.217334290013750e-05  -2.369441638362481e-06  1.918663371518284e-06  7.841326723760560e-14  -1.132943650433975e-12  1.057835296400605e-12
  8.900000000000007e-01  2.944710172585179e-05  -1.093732221718410e-05  6.734383530386525e-07  7.637975987018303e-06  -2.202889146109864e-06  -2.348083031486371e-06  4.301743698424312e-13  -6.737417573146432e-13  1.157490428067962e-12
  8.950000000000007e-01  2.341406945174101e-05  -1.393773742016886e-05  -2.652243566040974e-06  6.855464500039162e-06  -4.517589551153597e-06  -4.855502215729890e-06  8.851481385931926e-13  -5.455464741762820e-13  1.045467964412036e-12
  9.000000000000007e-01  1.454545867600054e-05  -1.620822919773479e-05  -7.001183662048566e-06  4.566073551089929e-06  -6.807568211323885e-06  -7.563825745625057e-06  1.354781761033578e-12  -3.485467634484812e-13  8.910772596497760e-13
  9.050000000000007e-01  3.167866692962491e-06  -1.718055912644785e-05  -1.214338259415638e-05  6.811253865532731e-07  -8.856469498959046e-06  -1.029095352798009e-05  1.806500018644071e-12  -7.647112982531188e-14  7.089518265938299e-13
  9.100000000000007e-01  -1.022361021433115e-05  -1.642628771664900e-05  -1.773449144585079e-05  -4.794599003855622e-06  -1.042318196517395e-05  -1.278774076187513e-05  2.199708345890266e-12  2.670303825133299e-13  5.095452456483229e-13
  9.150000000000007e-01  -3.989065612669637e-05  -8.452861877202826e-06  -2.054072310192668e-05  -2.779796474989532e-06  -6.745683009928340e-06  -1.432140061625569e-05  2.844079540328401e-12  5.951301898603990e-13  -2.086016483297393e-15
  9.200000000000007e-01  -5.592294503200741e-05  -5.032403912605757e-06  -2.416841787669577e-05  -8.599124211417983e-06  -6.935696381852217e-06  -1.522172080495168e-05  2.958515082501435e-12  9.173456841267949e-13  -2.223990684881584e-13
  9.250000000000007e-01  -6.990176683983608e-05  7.462686376600824e-07  -2.643211366500869e-05  -1.507785549044094e-05  -6.229101367740025e-06  -1.515313092708448e-05  2.854440255177043e-12  1.285246151774510e-12  -4.120524631530827e-13
  9.300000000000007e-01  -8.067876633207110e-05  8.495170001421590e-06  -2.678098304533636e-05  -2.159860433375165e-05  -4.541912840024176e-06  -1.392054950343642e-05  2.508702277891533e-12  1.661503575824156e-12  -5.741866107200699e-13
  9.350000000000007e-01  -8.701060205428371e-05  1.777654253187977e-05  -2.469556308885187e-05  -2.726150587480715e-05  -1.912524067697076e-06  -1.144799574197774e-05  1.930257751939447e-12  2.013405643276463e-12  -7.116026030690013e-13
  9.400000000000007e-01  -8.813211591492248e-05  2.764712561555433e-05  -1.990200329340020e-05  -3.125971608783086e-05  1.619166834503778e-06  -7.733800031416103e-06  1.129680216773081e-12  2.284914308357809e-12  -8.307949637129139e-13
  9.450000000000007e-01  -8.629905514692519e-05  2.214282419067135e-05  -7.515864960757958e-06  -1.936772804523652e-05  4.712425330322541e-06  -1.804828364716954e-06  5.708168788222869e-14  1.545190141406928e-12  -8.075462882397600e-13
  9.500000000000007e-01  -6.868826440951402e-05  3.005207921844100e-05  2.150261222627288e-06  -2.002597059538370e-05  8.493322499122413e-06  3.711589319408547e-06  -1.287045106133174e-12  1.597290649343885e-12  -7.619172338826162e-13
  9.550000000000007e-01  -4.503337972486330e-05  3.573792157851434e-05  1.372629226865871e-05  -1.726387642947754e-05  1.241262320914818e-05  9.666859333066228e-06  -2.655944836935043e-12  1.459665182469128e-12  -7.100541029736765e-13
  9.600000000000007e-01  -1.639006290941347e-05  3.827450794821477e-05  2.653420539067066e-05  -1.061168059622710e-05  1.611141966985727e-05  1.558646575321800e-05  -3.951173568226430e-12  1.102364169191864e-12  -6.552790389116133e-13
  9.650000000000007e-01  1.570901035690150e-05  3.694355133077001e-05  3.964975323082674e-05  -1.216404545613442e-08  1.922305188967078e-05  2.097558034854339e-05  -5.081341424342687e-12  5.141330958070386e-13  -5.998670123889431e-13
  9.700000000000008e-01  4.940652020551382e-05  3.138758268599673e-05  5.200608424692946e-05  1.421868401065173e-05  2.137373930353949e-05  2.530625581798402e-05  -5.966165380798641e-12  -2.933292611718077e-13  -5.415743671862505e-13
  9.750000000000008e-01  1.172095863738320e-04  1.119425359668127e-05  5.073155257493963e-05  1.152509491756450e-05  1.602187128652558e-05  2.843245013342537e-05  -7.373021988508334e-12  -1.356388813241018e-12  1.155177247620965e-13
  9.800000000000008e-01  1.479724572335998e-04  3.324218443928213e-07  5.630821946678153e-05  2.645520963688935e-05  1.510015943018670e-05  2.948893090017179e-05  -7.361627546808618e-12  -2.242538228318627e-12  9.974079928564007e-14
  9.850000000000008e-01  1.715646957424880e-04  -1.354125239460398e-05  5.781671024705860e-05  4.224932009187965e-05  1.259867892441103e-05  2.841137501875100e-05  -6.860429973510497e-12  -3.175144192525084e-12  4.962094826873530e-14
  9.900000000000008e-01  1.863237759380916e-04  -2.908290631466638e-05  5.445664975469016e-05  5.733164206058403e-05  8.502788950180782e-06  2.507681619062803e-05  -5.879349229768686e-12  -4.045088261641182e-12  -1.866205098114285e-14
  9.950000000000008e-01  1.907310107967569e-04  -4.508326417006211e-05  4.563488042231899e-05  6.979557007792007e-05  3.025270303209712e-06  1.956235222245960e-05  -4.477457564814648e-12  -4.758833333391541e-12  -9.011047990136929e-14
  1.000000000000001e+00  1.975786462534247e-04  -3.811803774800932e-05  2.483795975150998e-05  4.267289574582979e-05  -5.865706326702118e-06  1.500609737192865e-05  -2.592026498684239e-12  -3.446880477276456e-12  -7.907748212127500e-13
  1.005000000000001e+00  1.684347471829846e-04  -4.637538343344168e-05  9.975720819923124e-06  4.801219065414971e-05  -1.297959800248616e-05  6.703512214343501e-06  -3.233687703586158e-14  -3.375380995426001e-12  -1.142066831314458e-12
  1.010000000000000e+00  1.270687835751622e-04  -5.328900554411832e-05  -1.073189868456778e-05  4.728359992894606e-05  -1.944812432533408e-05  -2.857681712722761e-06  2.669563096026852e-12  -3.021573128566014e-12  -1.380946679562117e-12
  1.015000000000000e+00  7.647786741873911e-05  -5.639119775139144e-05  -3.449883526045026e-05  3.927887931476967e-05  -2.520521984375630e-05  -1.272265046380127e-05  5.340307341596734e-12  -2.329753949231851e-12  -1.466581786647450e-12
  1.020000000000000e+00  1.909965170371995e-05  -5.534634609109861e-05  -5.995528459377477e-05  2.358250767419243e-05  -2.952283274856478e-05  -2.210477250706319e-05  7.852742721772113e-12  -1.312559769455739e-12  -1.366914663819494e-12
  1.025000000000000e+00  -4.229246673337272e-05  -5.030939345886636e-05  -8.528955256223151e-05  4.124876733632276e-07  -3.182034703845427e-05  -3.021735096702573e-05  1.009390184823333e-11  -3.816071337607244e-14  -1.058259271345491e-12
  1.030000000000000e+00  -1.605135705433931e-04  -2.566044529720760e-06  -6.841574292408412e-05  -6.612441664346357e-06  -3.599191581164002e-05  -3.511924100813017e-05  1.371110119583047e-11  3.173836943997871e-12  -2.296164510529619e-12
  1.035000000000000e+00  -2.243260823200002e-04  5.147365355161913e-06  -8.611159808943664e-05  -3.200159571668661e-05  -3.264357760164566e-05  -4.050184095870152e-05  1.492960738085244e-11  4.161258370951195e-12  -1.172347766964722e-12
  1.040000000000000e+00  -2.787345461024120e-04  1.487373272054862e-05  -9.772090816384143e-05  -6.090107841111092e-05  -2.698960765418339e-05  -4.273382802919217e-05  1.539434895365411e-11  5.063380063944568e-12  1.974387580010025e-13
  1.045000000000000e+00  -3.203979907715004e-04  2.629056519752227e-05  -1.010499506339041e-04  -9.092102165121871e-05  -1.972502181294048e-05  -4.138069554372819e-05  1.507743060702766e-11  5.819250818991856e-12  1.703000871481413e-12
  1.050000000000000e+00  -3.467544467329137e-04  3.906563889832373e-05  -9.422680456140979e-05  -1.193545906410720e-04  -1.180567523059381e-05  -3.636325137872146e-05  1.395919164610812e-11  6.378805340945207e-12  3.200910198533743e-12
  1.054999999999999e+00  -3.558551752924251e-04  5.298089793822249e-05  -7.623683171219405e-05  -1.433610585002829e-04  -4.245680403783599e-06  -2.788956585075048e-05  1.204491015023960e-11  6.715423967560906e-12  4.540303846691064e-12
  1.059999999999999e+00  -3.855824474788342e-04  2.965016703556516e-05  -6.099265265717832e-05  -8.388261597769856e-05  1.798711641738174e-05  -3.771570835097088e-05  9.278952373061965e-12  2.847008640700447e-12  8.518032274461535e-12
  1.064999999999999e+00  -3.403501625452083e-04  3.596716300770219e-05  -3.297772419451250e-05  -9.337937699506211e-05  2.663104927653201e-05  -2.634838689565199e-05  4.825407666434799e-12  2.200793736045183e-12  9.644736778792113e-12
  1.069999999999999e+00  -2.751635837599977e-04  4.516604435232355e-05  5.100106506411208e-06  -9.334391580566019e-05  3.164951000008889e-05  -1.326579337530963e-05  -2.939112631277221e-13  1.630834730939125e-12  9.925387207597859e-12
  1.074999999999999e+00  -1.923166642284072e-04  5.729411163450013e-05  5.077756127193695e-05  -8.193836490672005e-05  3.261879501937332e-05  8.388832054622035e-08  -5.905441558848028e-12  1.208755009268668e-12  9.264286428834619e-12
  1.079999999999999e+00  -9.563664184189936e-05  7.121228599460965e-05  1.002346802140958e-04  -5.815297982774137e-05  2.991375715358000e-05  1.204053697048443e-05  -1.182257913440537e-11  9.370002528944838e-13  7.638799031328747e-12
  1.084999999999999e+00  7.881210076858559e-05  -2.213019974196744e-05  4.182824244968300e-05  -1.995554134050419e-05  7.205088346754446e-05  8.259678186919424e-06  -2.073596708622424e-11  -5.148015262417922e-12  9.978540725383034e-12
  1.089999999999999e+00  2.104530058887848e-04  2.523073750253628e-06  9.193028253541887e-05  7.497087191665134e-06  6.041793633875106e-05  2.201845035568704e-05  -2.676565043004964e-11  -3.824098829082553e-12  5.407044408237366e-12
  1.094999999999999e+00  3.365887585736747e-04  2.594224035619187e-05  1.347776830961818e-04  4.523430239395890e-05  4.702564261333301e-05  3.142404671592413e-05  -3.180414117322748e-11  -2.332633003649155e-12  1.365796041853513e-13
  1.099999999999999e+00  4.500972714105206e-04  4.400764564984185e-05  1.644997612426494e-04  9.150315585369362e-05  3.445634463827682e-05  3.554238692678065e-05  -3.546742508242019e-11  -9.470511363348672e-13  -5.387354989413032e-12
  1.104999999999998e+00  5.443004113148207e-04  5.287413991313354e-05  1.765042774287188e-04  1.438925856316329e-04  2.511608644690059e-05  3.389921191929396e-05  -3.738319556886936e-11  4.994013688520141e-14  -1.068653858071542e-11
  1.109999999999998e+00  6.129391996833028e-04  4.854016589292717e-05  1.669710569713868e-04  1.986794916577925e-04  2.138887871797070e-05  2.705383449552868e-05  -3.723153245436867e-11  3.535488758569947e-13  -1.526664657139843e-11
  1.114999999999998e+00  7.880711147547912e-04  8.516839926630556e-05  1.821479139239035e-04  8.972108348419975e-05  -1.865508321785701e-05  8.509995534051020e-05  -3.702645166247120e-11  6.645233789660763e-12  -2.562518784014398e-11
  1.119999999999998e+00  7.720725959716341e-04  7.288048440032432e-05  1.559160524879192e-04  1.307703023537722e-04  -2.643529729783431e-05  7.862992956685484e-05  -3.006350183790259e-11  6.412267282631621e-12  -2.867015194839232e-11
  1.124999999999998e+00  7.119693558422207e-04  3.676702611518038e-05  1.041576909023546e-04  1.655005251024901e-04  -2.443630558819735e-05  6.888054129372861e-05  -2.037108011399846e-11  4.402548077285087e-12  -2.923475661187655e-11
  1.129999999999998e+00  6.099759057568611e-04  -2.055366315830257e-05  3.143542172040141e-05  1.890976189716534e-04  -1.389194476061346e-05  5.832318525249122e-05  -8.204281209494215e-12  7.230291992094471e-13  -2.717018423705709e-11
  1.134999999999998e+00  4.697495348456087e-04  -9.528057759053269e-05  -5.591247688396139e-05  1.959898910265029e-04  3.058865855909510e-06  4.983264732302983e-05  5.933292779943237e-12  -4.391371563165695e-12  -2.257039985068096e-11
  1.139999999999998e+00  2.631914713907453e-04  5.306306304216150e-05  9.355091413316849e-05  1.000356946129800e-04  -1.264761296344252e-04  9.478448643812396e-05  2.507525930606014e-11  3.453203879679535e-12  -2.758323301135993e-11
  1.144999999999998e+00  1.450280732528035e-05  -5.763605610202602e-05  -1.739514761302129e-05  1.020665250513899e-04  -9.796556379837782e-05  7.344701881512066e-05  4.272316765764564e-11  -5.406883111804357e-12  -1.612122383390320e-11
  1.149999999999997e+00  -2.421493046403557e-04  -1.659113759014490e-04  -1.225261443407456e-04  8.009657580592574e-05  -6.966709911030428e-05  5.688238618185106e-05  5.911174925464971e-11  -1.419116077710602e-11  -3.230829498563133e-12
  1.154999999999997e+00  -4.915176845706547e-04  -2.583189994530739e-04  -2.101093996686066e-04  3.166017804490879e-05  -4.707082261251353e-05  4.684367980806478e-05  7.300196158613768e-11  -2.180683174339822e-11  1.002377690592862e-11
  1.159999999999997e+00  -7.179671711799689e-04  -3.213151780996621e-04  -2.690356032427777e-04  -4.303910318794011e-05  -3.553781241858801e-05  4.351563255856716e-05  8.321634438928315e-11  -2.713161915214461e-11  2.248792475387592e-11
  1.164999999999997e+00  -9.077388525213530e-04  -3.445547738824729e-04  -2.918242392027316e-04  -1.421146514611436e-04  -3.873709569937222e-05  4.618846421378800e-05  8.865317388813425e-11  -2.923728852084828e-11  3.306958591309464e-11
  1.169999999999997e+00  -1.368958178514774e-03  -3.830396475040689e-04  -3.568349375566079e-04  2.217969133054978e-05  3.379996160604806e-06  -1.068026397379032e-04  9.669597318493651e-11  -3.602495004628685e-11  5.276258276494896e-11
  1.174999999999997e+00  -1.439797653005166e-03  -3.562791213091080e-04  -3.570572188596175e-04  -8.114383370632947e-05  1.022084631631698e-05  -1.183508851446310e-04  8.729122889836384e-11  -3.277061959188040e-11  5.954724315280448e-11
  1.179999999999997e+00  -1.427464399694759e-03  -2.653168749546424e-04  -3.068323649221663e-04  -1.970253228500322e-04  -2.689219961811326e-06  -1.251619435885068e-04  7.070518586239283e-11  -2.402936740957441e-11  6.097038470767637e-11
  1.184999999999997e+00  -1.330981487427226e-03  -1.141331616836902e-04  -2.113346488669098e-04  -3.128139444000720e-04  -3.302697029720740e-05  -1.313540289830680e-04  4.755836550849576e-11  -1.011841775625758e-11  5.688912003725654e-11
  1.189999999999997e+00  -1.157496753737461e-03  8.379280356891586e-05  -8.209489934424386e-05  -4.159035462117222e-04  -7.485138825743516e-05  -1.408977589381273e-04  1.884328189771106e-11  7.923914598559392e-12  4.759325929107498e-11
  1.194999999999997e+00  -1.029591767133601e-03  -1.113178856173335e-04  -4.066138888366164e-04  -2.361534457282613e-04  1.956519303841148e-04  -2.915771549686991e-04  -1.535237398829853e-11  2.344400125457141e-12  5.897016095059152e-11
  1.199999999999996e+00  -6.259281184127694e-04  1.664611462679300e-04  -2.151566103576325e-04  -3.360841499242461e-04  1.413590292459914e-04  -2.707652231318165e-04  -5.472881624498879e-11  2.751623253807785e-11  3.725627379005437e-11
  1.204999999999996e+00  -1.877997916662475e-04  4.424415334626032e-04  -2.038925431139730e-05  -3.908118639868912e-04  8.775639776380859e-05  -2.544952584838149e-04  -9.284142433834879e-11  5.223479472678785e-11  1.284432063882508e-11
  1.209999999999996e+00  2.572630069461899e-04  6.862557210770078e-04  1.559966532745025e-04  -3.881546678493268e-04  4.519140805724981e-05  -2.450485949071201e-04  -1.269318326118643e-10  7.384124386001245e-11  -1.212694012722237e-11
  1.214999999999996e+00  6.820446354049943e-04  8.699002680529111e-04  2.953574419889186e-04  -3.197187662063332e-04  2.266240046390792e-05  -2.433204000588878e-04  -1.543207628954883e-10  8.981858737295113e-11  -3.552673351649000e-11
  1.219999999999996e+00  1.060285896619871e-03  9.682129652278616e-04  3.815882939330075e-04  -1.833433392228008e-04  2.775514606782391e-05  -2.475157262943039e-04  -1.727084470812178e-10  9.788323264575684e-11  -5.527757897778514e-11
  1.224999999999996e+00  1.961663498844075e-03  9.733251950889983e-04  4.734946880824028e-04  -3.806295824376435e-04  4.940655036923863e-05  2.370652654622813e-05  -1.992243623736938e-10  1.014345771786109e-10  -8.326395619578238e-11
  1.229999999999996e+00  2.217208690128950e-03  9.519380391856725e-04  5.474770915418792e-04  -1.880385125188443e-04  3.422256724634045e-05  5.995744274897749e-05  -1.909296178662504e-10  9.512858667074183e-11  -9.665132179222769e-11
  1.234999999999996e+00  2.339246726268486e-03  7.947586199245561e-04  5.366365184822662e-04  5.930815436763397e-05  5.480164091203452e-05  9.020235556906924e-05  -1.683381831507559e-10  7.652012990551853e-11  -1.006271394465235e-10
  1.239999999999996e+00  2.327256496243646e-03  5.139448880504543e-04  4.494568727023343e-04  3.420361529941434e-04  1.057751691513804e-04  1.193830329086079e-04  -1.322046580823055e-10  4.656111429171166e-11  -9.496170375913924e-11
  1.244999999999995e+00  2.184718212578738e-03  1.270186855570027e-04  2.981253262942844e-04  6.317918351946119e-04  1.799897519320692e-04  1.543667229351451e-04  -8.452361035270241e-11  6.916258551473994e-12  -8.025225017775713e-11
  1.249999999999995e+00  2.376638866308413e-03  3.226880226091069e-04  8.897745867916858e-04  3.524913955071924e-04  -2.463059236135288e-04  4.961620804711001e-04  -3.464044146927426e-11  1.839760171822226e-12  -1.020994042413741e-10
  1.254999999999995e+00  1.843790807245134e-03  -2.150610019915465e-04  6.329309976734990e-04  6.519093579628492e-04  -1.663371392006966e-04  4.867380442387867e-04  3.662388749135887e-11  -5.095707312979740e-11  -6.862435470647816e-11
  1.259999999999995e+00  1.226689769682706e-03  -7.693255785450378e-04  3.510148167860646e-04  8.845051557579021e-04  -8.206589287121114e-05  4.829192532983778e-04  1.081453048691930e-10  -1.042400935527834e-10  -3.037477475245035e-11
  1.264999999999995e+00  5.662278839251147e-04  -1.285234870378691e-03  7.662860364852198e-05  1.021206566566686e-03  -1.002550851842961e-05  4.892636270802675e-04  1.750662949182205e-10  -1.530512908979280e-10  9.282041036571550e-12
  1.269999999999995e+00  -9.773954516145407e-05  -1.711864646948462e-03  -1.604382069737018e-04  1.038090644141762e-03  3.514777041158990e-05  5.077163768704621e-04  2.326647727865841e-10  -1.926319455392635e-10  4.675990110652397e-11
  1.274999999999995e+00  -7.272993980257202e-04  -2.004256797537875e-03  -3.360632761687443e-04  9.208346736661487e-04  4.159071171581268e-05  5.374588716474505e-04  2.767508123266540e-10  -2.187231375359583e-10  7.880085165017534e-11
  1.279999999999995e+00  -2.142102814971399e-03  -1.928271491789952e-03  -3.356672207728132e-04  1.084222247157477e-03  -1.649980715738902e-04  2.112674794750411e-04  3.368902033279363e-10  -2.172170502967894e-10  1.060534749396101e-10
  1.284999999999995e+00  -2.721344036587785e-03  -2.008833873906331e-03  -5.334033561250958e-04  8.238995465803813e-04  -1.283902720756729e-04  1.676398719616388e-04  3.423347703652595e-10  -2.159937494528623e-10  1.295886368486892e-10
  1.289999999999994e+00  -3.132717803106551e-03  -1.864039506278774e-03  -6.186291938513504e-04  4.317232571639809e-04  -1.418966256017238e-04  1.357710031070274e-04  3.241125830720127e-10  -1.931113801796389e-10  1.391601084697979e-10
  1.294999999999994e+00  -3.360604692134565e-03  -1.494769529400982e-03  -5.921744394622796e-04  -6.069183659497742e-05  -2.034817130928396e-04  1.064547481241418e-04  2.832559001875633e-10  -1.488455227575742e-10  1.341998411034357e-10
  1.299999999999994e+00  -3.409312105435678e-03  -9.306817959123235e-04  -4.719261658778761e-04  -6.166231854749670e-04  -3.016791152274140e-04  7.101798451576789e-05  2.218125271516572e-10  -8.575588718467526e-11  1.154071484042628e-10
  1.304999999999994e+00  -4.278899702335526e-03  -1.000092820408081e-03  -1.340985326653660e-03  -2.503396036191655e-04  1.920165597620961e-04  -5.145148801446147e-04  1.673939564648458e-10  -5.598447037231640e-11  1.457000030198934e-10
  1.309999999999994e+00  -3.779206884276200e-03  -1.622030160547034e-04  -1.093810155424875e-03  -8.523010216184205e-04  1.071450844255820e-04  -5.155932015948249e-04  6.308572719705924e-11  3.258449157268081e-11  1.030703372867671e-10
  1.314999999999994e+00  -3.119991856798367e-03  7.527175868858960e-04  -7.880286690271972e-04  -1.392804289569885e-03  7.042233967219911e-06  -5.264773940725178e-04  -4.711439176058022e-11  1.267911078971583e-10  5.212969700466327e-11
  1.319999999999994e+00  -2.342992949657673e-03  1.671648814007600e-03  -4.618501448591903e-04  -1.814339201210908e-03  -8.938784637178257e-05  -5.570010837599778e-04  -1.558815695760605e-10  2.195132814538738e-10  -2.301951196265169e-12
  1.324999999999994e+00  -1.501399296689258e-03  2.510325392220133e-03  -1.571478395836865e-04  -2.073425039423460e-03  -1.603526900746052e-04  -6.117875949800056e-04  -2.565585494737637e-10  3.029137526153049e-10  -5.538131084657015e-11
  1.329999999999994e+00  -6.391205336903976e-04  3.200625777642590e-03  9.420185458450855e-05  -2.130986108294827e-03  -1.903721850368025e-04  -6.927224300002189e-04  -3.425730103971472e-10  3.701279413408367e-10  -1.022268264999599e-10
  1.334999999999994e+00  1.048822149105925e-03  3.053557059412251e-03  -2.427456982908477e-04  -2.138468166245835e-03  3.219530178758074e-04  -5.031066346519267e-04  -4.512564762296900e-10  3.718733509487006e-10  -1.124235575210406e-10
  1.339999999999993e+00  2.065647108628197e-03  3.467529950359913e-03  9.520641853342192e-05  -1.940348649573301e-03  2.560890194223703e-04  -4.905496211706913e-04  -4.951513754675575e-10  3.994666841992301e-10  -1.499019072904233e-10
  1.344999999999993e+00  2.924631430405967e-03  3.566360449512058e-03  3.095704696156309e-04  -1.509078072697010e-03  2.481883127946180e-04  -5.010480764571802e-04  -5.078988044361701e-10  3.951642822486249e-10  -1.697637916638153e-10
  1.349999999999993e+00  3.599874946066808e-03  3.338755682154620e-03  3.993064785221111e-04  -8.689536284869077e-04  2.972251440499439e-04  -5.249881971397048e-04  -4.889339062413825e-10  3.578225431668682e-10  -1.707864369135679e-10
  1.354999999999993e+00  4.072006448596201e-03  2.790291661834295e-03  3.697970855370882e-04  -6.383207696235289e-05  3.980420094128814e-04  -5.475505573446740e-04  -4.399711516792323e-10  2.881550017022760e-10  -1.530023065881835e-10
  1.359999999999993e+00  5.979040365141794e-03  2.510743534414070e-03  1.333908777865770e-03  -4.046490356134793e-04  7.544166736676887e-05  2.139825500222439e-04  -4.139455672086226e-10  2.161527966351857e-10  -1.770363563818275e-10
  1.364999999999993e+00  5.894458669005770e-03  1.528184957553115e-03  1.234812320147527e-03  5.505186554435104e-04  1.229779963725391e-04  1.993280475898600e-04  -2.992064475940659e-10  1.001731431325847e-10  -1.336290005288540e-10
  1.369999999999993e+00  5.560971564271941e-03  3.266909874952964e-04  1.032944620915020e-03  1.506968973063423e-03  2.067785882658836e-04  1.994561831373713e-04  -1.677377179756452e-10  -3.483629503916698e-11  -7.696864344361429e-11
  1.374999999999993e+00  5.027124325035225e-03  -9.887535063316112e-04  7.777680061909278e-04  2.392890403067211e-03  3.015768039807769e-04  2.268573236665653e-04  -2.688646454667281e-11  -1.791251018329325e-10  -1.244937356303580e-11
  1.379999999999993e+00  4.323803174229647e-03  -2.334347428059561e-03  5.039199992164542e-04  3.124309986536331e-03  3.910500499480124e-04  2.957823847158771e-04  1.143936584333422e-10  -3.237216141673728e-10  5.396930582135551e-11
  1.384999999999992e+00  3.511436926249765e-03  -3.594466714591727e-03  2.596378068697343e-04  3.642471044515901e-03  4.503161855203807e-04  4.107264198184511e-04  2.490140524820836e-10  -4.576960046892471e-10  1.164026673978453e-10
  1.389999999999992e+00  2.396840751732150e-03  -3.594924459232660e-03  1.238598588906081e-03  3.364461612199036e-03  -3.741252385782237e-04  6.339122558515272e-04  4.042265205642337e-10  -4.928194302713134e-10  9.401346608148351e-11
  1.394999999999992e+00  1.096328179336651e-03  -4.617962720792032e-03  8.448546663016300e-04  3.519428549030961e-03  -2.908676807585344e-04  6.725847575029757e-04  5.142218643936742e-10  -5.845044479153928e-10  1.473771310795091e-10
  1.399999999999992e+00  -1.533697142971607e-04  -5.315036212780417e-03  5.433622246864917e-04  3.346669011660501e-03  -2.526890220364203e-04  7.545845606919138e-04  5.944504308490710e-10  -6.403467311854268e-10  1.834933014877263e-10
  1.404999999999992e+00  -1.318673873314704e-03  -5.642424210693379e-03  3.463667735596611e-04  2.837008952624167e-03  -2.638437402124208e-04  8.725306102961448e-04  6.412249947792841e-10  -6.555978857381675e-10  1.991490928267767e-10
  1.409999999999992e+00  -2.358291330973871e-03  -5.562535103123671e-03  2.595488750892301e-04  2.017298252390545e-03  -3.284421880039303e-04  1.011723389222926e-03  6.538970591684978e-10  -6.269046340620961e-10  1.934642889693249e-10
  1.414999999999992e+00  -5.225274225497886e-03  -4.762387675883565e-03  -3.146618433222701e-04  2.018627365576039e-03  -5.442162339553791e-04  3.616475897384201e-04  7.077534008778391e-10  -5.075668779643636e-10  1.835838728966948e-10
  1.419999999999992e+00  -6.036128076672822e-03  -4.085446875138492e-03  -4.882478868340744e-04  8.644802182909118e-04  -5.152656108128140e-04  4.262426273605811e-04  6.431892828349587e-10  -4.049360892696929e-10  1.563653175069363e-10
  1.424999999999992e+00  -6.609946743718413e-03  -3.033548953657182e-03  -5.491589686343318e-04  -4.560044499092283e-04  -5.349452023699903e-04  4.876633939597719e-04  5.474057117132227e-10  -2.650078983792321e-10  1.110714731814995e-10
  1.429999999999992e+00  -6.941239552232549e-03  -1.660322250359707e-03  -5.171232957969762e-04  -1.848250511889879e-03  -5.972887776618069e-04  5.221690415250369e-04  4.269350121455650e-10  -9.417200650928883e-11  5.184322534517647e-11
  1.434999999999991e+00  -7.058032946720973e-03  -7.024201018836488e-05  -4.371121221761840e-04  -3.224351832099197e-03  -6.829278701230053e-04  5.128941949334031e-04  2.875376723160683e-10  9.739746627724243e-11  -1.566690116818209e-11
  1.439999999999991e+00  -6.957557162560717e-03  1.661486198465935e-03  -3.306715092299776e-04  -4.476535635621041e-03  -7.844427649222043e-04  4.385660236645838e-04  1.372591281619498e-10  3.006227343006114e-10  -8.572465289012687e-11
  1.444999999999991e+00  -7.877071292611343e-03  2.305626152933802e-03  -2.185505844345088e-03  -4.020747565479741e-03  1.238351966756617e-04  -4.201493507010362e-04  -1.826773967443431e-11  4.263691771377637e-10  -2.290166606315165e-11
  1.449999999999991e+00  -7.051035425005120e-03  3.992939218460822e-03  -1.977460917767635e-03  -4.918831400216996e-03  5.497008220903276e-05  -5.047409125214545e-04  -1.916445171338886e-10  6.071585823475204e-10  -8.580201784892652e-11
  1.454999999999991e+00  -6.032938343125575e-03  5.555435088008984e-03  -1.769538941011891e-03  -5.470821716914620e-03  -2.568568043486699e-05  -6.617086533369262e-04  -3.531807791089139e-10  7.676837735329258e-10  -1.390540141002709e-10
  1.459999999999991e+00  -4.888727800239998e-03  6.853861247900849e-03  -1.606605369682842e-03  -5.646129814648404e-03  -8.942807672288121e-05  -8.855897734210037e-04  -4.992162272715374e-10  8.955119990477449e-10  -1.785524619584914e-10
  1.464999999999991e+00  -3.614339458203067e-03  7.840945461243766e-03  -1.489752615426902e-03  -5.393957602536091e-03  -1.325612648555876e-04  -1.174892028716246e-03  -6.230172193263214e-10  9.840210310688821e-10  -2.006913436627296e-10
  1.469999999999991e+00  -2.279175261684105e-03  8.405910082437565e-03  -1.448650278103355e-03  -4.730938714062444e-03  -1.295999315074734e-04  -1.510609613307505e-03  -7.231646536580173e-10  1.023795210335698e-09  -2.039885463819727e-10
  1.474999999999991e+00  7.045243812032155e-04  7.140019385067238e-03  -1.783238851463729e-03  -3.906270652463863e-03  8.609314707946100e-04  -1.400070443877443e-03  -8.635766784187822e-10  8.631151559870192e-10  -1.352758740239355e-10
  1.479999999999990e+00  2.505096608881391e-03  7.034827790962026e-03  -1.401661631502492e-03  -2.740172497159148e-03  7.513081613127638e-04  -1.583134314161518e-03  -9.013615239837740e-10  8.069594011442720e-10  -1.339370364452718e-10
  1.484999999999990e+00  4.224315018513760e-03  6.418912005959608e-03  -1.098872186464924e-03  -1.271614495865564e-03  7.077753891333101e-04  -1.756461524209600e-03  -9.043011313243738e-10  6.964922243782204e-10  -1.155899696237667e-10
  1.489999999999990e+00  5.822355644366934e-03  5.306993270169568e-03  -8.695195504280621e-04  4.318687519042421e-04  7.380544792975749e-04  -1.891491263736082e-03  -8.713508656911188e-10  5.338263494400311e-10  -8.129615701088512e-11
  1.494999999999990e+00  7.244504947381750e-03  3.726357875346835e-03  -6.996075329234209e-04  2.276026574830710e-03  8.466840262083328e-04  -1.957523657669844e-03  -8.030426841015598e-10  3.230181245988276e-10  -3.447499068146074e-11
  1.499999999999990e+00  1.124327608800421e-02  1.969029289496160e-03  1.894206937736320e-03  2.265907916543033e-03  3.905257881452091e-04  -5.175607260717302e-04  -7.443359168241204e-10  5.076043144777207e-11  -1.351593746132924e-10
  1.504999999999990e+00  1.230508895963412e-02  1.830079229821408e-05  2.467676399494020e-03  3.824145216751092e-03  2.823574526547122e-04  -2.290547800199945e-04  -5.947277460953045e-10  -2.006385125094765e-10  -1.105568556281955e-10
  1.509999999999990e+00  1.278386426341472e-02  -2.294891784443722e-03  2.740475577093560e-03  5.430973183387113e-03  3.464393570713704e-04  5.485605331595456e-05  -4.080430792498206e-10  -4.755190332889481e-10  -6.283405682281245e-11
  1.514999999999990e+00  1.275627795067986e-02  -4.849174859349927e-03  2.865208646756017e-03  6.817496728289944e-03  5.181640247932381e-04  4.530617595988703e-04  -1.955069662997463e-10  -7.649160746503473e-10  -6.694719435075491e-12
  1.519999999999990e+00  1.227014519367302e-02  -7.411222654257113e-03  2.934997079277111e-03  7.918290537182810e-03  7.395617725661924e-04  9.643009507409120e-04  3.988616766719277e-11  -1.049838099910642e-09  5.261936822659175e-11
  1.524999999999989e+00  1.128568377616408e-02  -9.875609769480119e-03  2.960080740167554e-03  8.630559037428487e-03  9.930524821138470e-04  1.588611947339496e-03  2.884311730398594e-10  -1.317589133216152e-09  1.107415124477295e-10
  1.529999999999989e+00  1.083073881829387e-02  -9.241222266054006e-03  5.939605407022905e-03  7.401350748704664e-03  -1.273707608483482e-03  3.003363958658987e-03  5.485498154703634e-10  -1.305764193404680e-09  -7.048140560004845e-11
  1.534999999999989e+00  8.365236883480627e-03  -1.118430901097293e-02  5.330275728022937e-03  7.536331593785054e-03  -9.056674492796623e-04  3.441688044583057e-03  8.123906284156279e-10  -1.483001139733722e-09  2.118643591378086e-11
  1.539999999999989e+00  5.530805239105123e-03  -1.257038081155614e-02  4.695558544328713e-03  7.194306309223056e-03  -5.732225580564487e-04  3.888444478494594e-03  1.055617873722041e-09  -1.597752192448167e-09  1.040157104792147e-10
  1.544999999999989e+00  2.533258804813099e-03  -1.314584099763827e-02  4.121108496465032e-03  6.399020488583656e-03  -3.529863805766704e-04  4.295401865790676e-03  1.268199138687596e-09  -1.629773315476615e-09  1.720584566275984e-10
  1.549999999999989e+00  -5.380396763971793e-04  -1.283503360849691e-02  3.619148569003883e-03  5.120940588680165e-03  -2.716607571265363e-04  4.624348347011340e-03  1.432116938735984e-09  -1.569527778283956e-09  2.184361597680633e-10
  1.554999999999989e+00  -3.460210433631955e-03  -1.147939379820968e-02  3.243358562696911e-03  3.425709220869062e-03  -3.795096332489607e-04  4.816349234264928e-03  1.537511415517043e-09  -1.404170948962491e-09  2.393259481121575e-10
  1.559999999999989e+00  -9.602325394924933e-03  -8.782429870254916e-03  3.396513089268510e-05  2.495825935074595e-03  -6.182523547199421e-04  2.877093949031854e-03  1.600093314389584e-09  -9.787176873111791e-10  3.996921350036418e-10
  1.564999999999989e+00  -1.243461826603931e-02  -5.994431385984975e-03  -9.775122393247090e-04  4.374412382607698e-04  -5.298232133464810e-04  2.376950081964431e-03  1.552140686352414e-09  -6.379297168281371e-10  4.202537658200019e-10
  1.569999999999989e+00  -1.455053566623090e-02  -2.164678950018809e-03  -1.719896649742791e-03  -1.893841491153691e-03  -6.813634350603357e-04  1.684211935907187e-03  1.412504079902623e-09  -1.945319198146886e-10  3.959981826219948e-10
  1.574999999999988e+00  -1.584862159558461e-02  2.518379215312930e-03  -2.223068620563291e-03  -4.398652933356093e-03  -1.041172029685398e-03  7.806478278477597e-04  1.179679561696908e-09  3.364876706209991e-10  3.274604232352863e-10
  1.579999999999988e+00  -1.630647172862356e-02  7.752624117199566e-03  -2.564147173723917e-03  -6.962565166809397e-03  -1.545574864174399e-03  -3.372117531929830e-04  8.569740919781911e-10  9.303797379034112e-10  2.205205653012627e-10
  1.584999999999988e+00  -2.092998159957230e-02  9.413831693414009e-03  -9.789470295575899e-03  -7.022563338731315e-03  1.752783312927272e-03  -4.149555849052022e-03  5.628515943377314e-10  1.368800835517609e-09  5.627076765700094e-10
  1.589999999999988e+00  -1.920070462704426e-02  1.502418789760248e-02  -9.411290054531694e-03  -9.429424230471370e-03  1.145832758963636e-03  -5.293710281541306e-03  9.453245365775766e-11  1.983387500564778e-09  3.651922041929886e-10
  1.594999999999988e+00  -1.664802432566434e-02  2.014194754516989e-02  -8.869470521380748e-03  -1.158083388923545e-02  5.038830587798361e-04  -6.461186314860404e-03  -4.191389007228435e-10  2.557962716229972e-09  1.427820830095890e-10
  1.599999999999988e+00  -1.340360672782885e-02  2.436730981745916e-02  -8.261927298191554e-03  -1.327977098084148e-02  -8.940660121710756e-05  -7.613663331659450e-03  -9.448061655557338e-10  3.053052777401316e-09  -8.585399741028592e-11
  1.604999999999988e+00  -9.830120713147948e-03  2.712748664656961e-02  -7.767682360031164e-03  -1.443819578334211e-02  -5.013930070472935e-04  -8.674028390669147e-03  -1.456464912431169e-09  3.418186229852146e-09  -3.012386518998557e-10
  1.609999999999988e+00  -6.089584866304331e-03  2.814828835174563e-02  -7.433900651799477e-03  -1.487893132071625e-02  -6.816449422085394e-04  -9.581403468466854e-03  -1.913810399541334e-09  3.620187831750926e-09  -4.838208256835534e-10
  1.614999999999988e+00  -1.742466114289207e-03  2.647780000988369e-02  -6.643829359860322e-03  -1.401146593617695e-02  1.131388578962305e-03  -8.705572175881346e-03  -2.190621633647584e-09  3.335232037586061e-09  -5.849895038230410e-10
  1.619999999999987e+00  2.830473211191815e-03  2.425846140437798e-02  -4.948558480868245e-03  -1.330820359818906e-02  6.367993194732191e-04  -8.364830409717411e-03  -2.479405786974853e-09  3.132996623306702e-09  -7.734089302050019e-10
  1.624999999999987e+00  6.682117122918097e-03  1.963734227962669e-02  -3.664317040643602e-03  -1.168057947662071e-02  4.897305045040074e-04  -7.702597215799518e-03  -2.622255456080864e-09  2.690039565658165e-09  -8.730400363900143e-10
  1.629999999999987e+00  9.491839122775798e-03  1.265083768715759e-02  -2.820437277733644e-03  -9.216112662200598e-03  6.990922673908182e-04  -6.652704933397272e-03  -2.606469382747588e-09  2.004112217945485e-09  -8.772646675158100e-10
  1.634999999999987e+00  1.123616861391405e-02  3.754452288873057e-03  -2.285575887323161e-03  -5.944510918627835e-03  1.167803737612071e-03  -5.189421930330907e-03  -2.416144264187295e-09  1.101892058487055e-09  -7.841994891310168e-10
  1.639999999999987e+00  1.888871939727035e-02  -1.032654369718146e-03  8.578019459212662e-03  -2.827043045432671e-03  -2.257478831235022e-03  5.863340417284489e-04  -2.139219822253996e-09  -3.363312824101408e-13  -1.220000210846920e-09
  1.644999999999987e+00  1.853617224206524e-02  -1.254285723789052e-02  8.882108517547692e-03  1.625403589544318e-03  -1.811106209908896e-03  2.696173110826977e-03  -1.643342895158650e-09  -1.222577062115171e-09  -9.732852464200279e-10
  1.649999999999987e+00  1.683355341227984e-02  -2.437744977519663e-02  8.825778751087395e-03  6.407027552684592e-03  -1.215050750434958e-03  5.027703107969159e-03  -1.006234888724127e-09  -2.514149237236910e-09  -6.426399404871599e-10
  1.654999999999987e+00  1.402178606650838e-02  -3.559857921236270e-02  8.638622295229131e-03  1.122071012296848e-02  -6.205998889709438e-04  7.530950489270138e-03  -2.634380957782251e-10  -3.794198606097879e-09  -2.592682262011347e-10
  1.659999999999987e+00  1.040504187801923e-02  -4.526759664927821e-02  8.536012696787471e-03  1.576093990195778e-02  -1.710814076299008e-04  1.012241854110359e-02  5.409805275057646e-10  -4.978492402747069e-09  1.443755770293960e-10
  1.664999999999986e+00  6.388507763795760e-03  -5.246462985947956e-02  8.718160020365087e-03  1.974276703906834e-02  7.384312589130831e-06  1.268298230934593e-02  1.359739519761013e-09  -5.980217087611037e-09  5.322253453299382e-10
  1.669999999999986e+00  6.042644598960987e-03  -5.613952680521710e-02  1.337089682435165e-02  2.343023583485580e-02  -2.915094210571891e-03  1.419041411916811e-02  1.914629610367083e-09  -6.548137509605098e-09  4.731479110997464e-10
  1.674999999999986e+00  5.323413722809023e-04  -5.831534270811146e-02  1.170336487979549e-02  2.576273049809975e-02  -2.240763208826772e-03  1.533738749513746e-02  2.604104296805904e-09  -6.961558400110421e-09  8.698770177948776e-10
  1.679999999999986e+00  -4.207873581590584e-03  -5.603596994678041e-02  1.059729833055398e-02  2.679194882455284e-02  -1.940781661088180e-03  1.604758669103735e-02  3.156264569179428e-09  -6.971316817221564e-09  1.157299454624236e-09
  1.684999999999986e+00  -7.959312686753903e-03  -4.936186101624281e-02  9.987032791623388e-03  2.633844284547139e-02  -1.936279556978925e-03  1.620107865036200e-02  3.521006109260493e-09  -6.559155401133621e-09  1.314405979962698e-09
  1.689999999999986e+00  -1.025694713706939e-02  -3.834412222966480e-02  9.864388746449439e-03  2.449130304635704e-02  -2.181700268357039e-03  1.564343168299328e-02  3.678247102506050e-09  -5.712917115465891e-09  1.331453988628572e-09
  1.694999999999986e+00  -1.441850738865556e-02  -3.242932478672090e-02  6.050533623963630e-05  2.064520904894061e-02  7.182925650511952e-04  1.005429841459716e-02  3.386460167594400e-09  -4.279586695929018e-09  1.584986014643876e-09
  1.699999999999986e+00  -1.431448551225904e-02  -1.466207645916470e-02  -6.597120644870149e-04  1.570312248333947e-02  8.836281057805005e-04  8.061313273861366e-03  3.081440186152111e-09  -2.614398002387879e-09  1.404297669966947e-09
  1.704999999999986e+00  -1.211456648241660e-02  5.539845363429533e-03  -8.967652359844905e-04  9.837487367429870e-03  9.691503658486581e-04  5.366370279690891e-03  2.561503031591276e-09  -6.602136121284767e-10  1.092027452626302e-09
  1.709999999999986e+00  -8.152756872618148e-03  2.661094597772656e-02  -1.016136770337786e-03  3.340582966547021e-03  1.211935837155944e-03  2.013555694836672e-03  1.843670355517129e-09  1.466319271643007e-09  6.781210860788346e-10
  1.714999999999985e+00  -2.502649392129829e-03  4.728427948500310e-02  -1.202026308685277e-03  -3.243593875488932e-03  1.710721571410946e-03  -1.946823798375670e-03  9.791800133067043e-10  3.657233752482839e-09  2.026413215151677e-10
  1.719999999999985e+00  4.302007303726393e-03  6.591231360666079e-02  -1.771449805381289e-03  -9.560527480111766e-03  2.627463895319547e-03  -6.350858739347238e-03  7.045293514228235e-12  5.776992618997891e-09  -2.958006031967358e-10
  1.724999999999985e+00  9.866029393368734e-03  7.940030108936928e-02  -1.006758494676132e-02  -2.117441791063860e-02  5.086240338849553e-03  -8.910450921573958e-03  -1.145494253802520e-09  7.893343985914426e-09  -2.301342407268492e-10
  1.729999999999985e+00  1.886858812775658e-02  9.297682670833407e-02  -9.285095080773107e-03  -2.603323466724045e-02  5.551559804575092e-03  -1.260543606428458e-02  -2.079042212814537e-09  9.516726607958529e-09  -7.176164556013536e-10
  1.734999999999985e+00  2.764213054876143e-02  1.009258509766840e-01  -9.081264168041767e-03  -2.930406033010923e-02  6.336469137358320e-03  -1.614393840430913e-02  -2.926069421270954e-09  1.069572667192934e-08  -1.118629179001142e-09
  1.739999999999985e+00  3.558301502707646e-02  1.026466774845126e-01  -9.463856823049309e-03  -3.078929314817622e-02  7.319770692781349e-03  -1.925465581167120e-02  -3.634119662030412e-09  1.135486586120407e-08  -1.404951522239523e-09
  1.744999999999985e+00  4.213612627699820e-02  9.796990266022100e-02  -1.034389850859075e-02  -3.044356209918071e-02  8.319560114602774e-03  -2.166006690702266e-02  -4.158363505257371e-09  1.145073322621968e-08  -1.562617374277617e-09
  1.749999999999985e+00  4.451946960956104e-02  9.720507036402647e-02  -7.043262891787972e-03  -3.304289547977156e-02  4.938694175204341e-03  -1.773142287225385e-02  -4.094624076663939e-09  1.084839376186792e-08  -1.416703300597561e-09
  1.754999999999985e+00  4.601682527591348e-02  8.101177672576479e-02  -7.451608862594373e-03  -2.846389201698924e-02  5.063040739792456e-03  -1.868965183913014e-02  -4.031799895364094e-09  9.676397416703931e-09  -1.355995704713043e-09
  1.759999999999984e+00  4.444657906279841e-02  5.972724825667323e-02  -8.211734286045892e-03  -2.263083433207582e-02  4.778997752177150e-03  -1.854740859703661e-02  -3.732131455165501e-09  7.990247570913875e-09  -1.173238504342830e-09
  1.764999999999984e+00  3.929087936956445e-02  3.445529702888722e-02  -9.177587518022945e-03  -1.621565986726325e-02  3.933864499049126e-03  -1.715488096298624e-02  -3.223102219711160e-09  5.863983914652405e-09  -8.921068596887649e-10
  1.769999999999984e+00  3.071183745924087e-02  7.056436396336303e-03  -9.978856719098457e-03  -9.665422929713965e-03  2.272928318856643e-03  -1.452641930033043e-02  -2.511319400948270e-09  3.425190402835371e-09  -5.391763655112839e-10
  1.774999999999984e+00  1.839426291075142e-02  -2.116694216222615e-02  -1.056789553914815e-02  -3.763147623481618e-03  -2.142981992371402e-04  -1.069125196651921e-02  -1.648615753656268e-09  7.770779772572141e-10  -1.446957330262654e-10
  1.779999999999984e+00  -9.366455731744883e-03  -4.202454744554524e-02  -7.732985936776332e-03  8.799890701347596e-03  -2.118357938391588e-03  -1.118184247396518e-02  5.652056716560502e-10  -2.363177826404204e-09  2.835229624807632e-10
  1.784999999999984e+00  -2.844721047527036e-02  -6.911752190363761e-02  -8.425767550710417e-03  1.330091995633939e-02  -4.863381964546890e-03  -6.826700685756839e-03  1.578779842038826e-09  -5.049517388453180e-09  6.406913950560958e-10
  1.789999999999984e+00  -4.974074575812591e-02  -9.260746142832627e-02  -8.607916293450720e-03  1.557762539425258e-02  -8.168335337505937e-03  -1.732597884058970e-03  2.564025105442220e-09  -7.537971218761279e-09  9.562716545018146e-10
  1.794999999999984e+00  -7.202523476204670e-02  -1.110952980078865e-01  -8.097904600543876e-03  1.567662382972554e-02  -1.192561976021578e-02  3.711016375373383e-03  3.500106654120238e-09  -9.708424156080721e-09  1.221841328931228e-09
  1.799999999999984e+00  -9.456737477768011e-02  -1.242596809407296e-01  -7.071499967726171e-03  1.346988408143090e-02  -1.574939056151184e-02  9.175518123649987e-03  4.329362287748837e-09  -1.150337905370045e-08  1.426329544074395e-09
  1.804999999999984e+00  -1.197104480903309e-01  -1.344316789416905e-01  -5.128921961393296e-03  2.421016572247552e-02  -1.084079663269379e-02  4.261912628632793e-03  5.450365959099072e-09  -1.284088153169136e-08  1.236097783821945e-09
  1.809999999999983e+00  -1.353942549265787e-01  -1.372483044763332e-01  -2.712028396784920e-03  1.836585660474444e-02  -1.361886698363999e-02  9.869690329784447e-03  5.617838637039202e-09  -1.365035184982577e-08  1.223454064173101e-09
  1.814999999999983e+00  -1.467164649927233e-01  -1.342904003516322e-01  2.744577441709131e-04  1.158872656269928e-02  -1.572927360100904e-02  1.473960631004550e-02  5.583177271599863e-09  -1.397727780092388e-08  1.164160302427302e-09
  1.819999999999983e+00  -1.522332666692874e-01  -1.261085782278633e-01  3.755390382901740e-03  4.706808168188397e-03  -1.688090879684984e-02  1.856597913980141e-02  5.337761779232208e-09  -1.383854265954741e-08  1.071154139518364e-09
  1.824999999999983e+00  -1.506097067685760e-01  -1.134105257577711e-01  7.684946983020286e-03  -1.437260635762714e-03  -1.682229762956721e-02  2.112875226258606e-02  4.873947621624546e-09  -1.326215804023580e-08  9.461929663591635e-10
  1.829999999999983e+00  -1.408732243320378e-01  -9.709812435272178e-02  1.196117519543782e-02  -6.084009454516546e-03  -1.534626200145407e-02  2.232279131008860e-02  4.178096715002584e-09  -1.229372419612364e-08  7.950238588826448e-10
  1.834999999999983e+00  -9.649605361256133e-02  -8.793962961163952e-02  2.263732907455168e-02  -3.256364221478018e-04  -1.005976609520571e-02  2.653830284681019e-02  1.195231781898136e-09  -1.093520558229755e-08  -3.706463506573851e-10
  1.839999999999983e+00  -6.583292558935712e-02  -6.662553709318488e-02  2.722073185370424e-02  -9.940303573928383e-04  -7.162134840822257e-03  2.682265724056395e-02  -1.197663284059058e-10  -9.292456388396317e-09  -5.507977690736029e-10
  1.844999999999983e+00  -2.676268741565496e-02  -4.368257431361789e-02  3.161385561982387e-02  1.317536370054638e-03  -2.900589013946973e-03  2.554784011420728e-02  -1.585075340543643e-09  -7.375735715108410e-09  -7.469109148743189e-10
  1.849999999999983e+00  2.028164595171230e-02  -1.900132193675446e-02  3.590156911687566e-02  6.899169712205907e-03  2.424192855026419e-03  2.276593107527916e-02  -3.149008133433725e-09  -5.179352971799465e-09  -9.680568808842472e-10
  1.854999999999982e+00  7.309642189986185e-02  6.496872690789643e-03  3.959579556469204e-02  1.517512558975740e-02  8.757827813194698e-03  1.871838052133873e-02  -4.811308667639153e-09  -2.760887689299218e-09  -1.225598152957147e-09
  1.859999999999982e+00  1.515770276414142e-01  1.422109370751689e-02  3.754668773021504e-02  1.562689342797046e-02  7.585296192882407e-03  2.718380663901937e-02  -8.300528939433111e-09  -8.910250265538406e-10  -1.717738177391478e-09
  1.864999999999982e+00  2.070248261380825e-01  4.354016588147458e-02  3.736847774544351e-02  2.500442278234159e-02  1.353447429278064e-02  2.070388242136370e-02  -9.536007044420715e-09  2.101585704179722e-09  -1.831584544301704e-09
  1.869999999999982e+00  2.590046494089837e-01  7.356253665923343e-02  3.567513748997375e-02  3.435354584970267e-02  1.968206626805090e-02  1.329526354632665e-02  -1.059521823438069e-08  5.275924319531373e-09  -1.969301712875293e-09
  1.874999999999982e+00  3.042636321985102e-01  1.043867008736210e-01  3.224506405382298e-02  4.294942458433434e-02  2.554482071001777e-02  5.134730039496183e-03  -1.134755969572795e-08  8.606407273177526e-09  -2.101378356180779e-09
  1.879999999999982e+00  3.382664330233267e-01  1.346171954508664e-01  2.635467157515156e-02  4.938983114036956e-02  3.100025846378785e-02  -3.422392100884254e-03  -1.171939298834759e-08  1.197494764786573e-08  -2.207414054585436e-09
  1.884999999999982e+00  3.578247810627026e-01  1.637697107509971e-01  1.781742715573680e-02  5.301168662578475e-02  3.561145930143093e-02  -1.213469342054395e-02  -1.156271244378759e-08  1.530481040226675e-08  -2.241650321383230e-09
  1.889999999999982e+00  3.518899352433439e-01  1.946129540221385e-01  -5.463793014462263e-03  1.340355486653620e-02  2.422849996939243e-02  -1.290925749779238e-02  -9.440535497259422e-09  1.938515232853543e-08  -8.771739627652123e-10
  1.894999999999982e+00  3.288314729430631e-01  2.237214409291061e-01  -1.725113297588786e-02  5.611410365036243e-03  2.624522538394792e-02  -2.203500382736594e-02  -7.498648979427638e-09  2.256472769212852e-08  -5.647408874011430e-10
  1.899999999999981e+00  2.832048010960875e-01  2.460883546322852e-01  -3.161581700800420e-02  -6.200785197783701e-03  2.696667927547059e-02  -3.007537531036605e-02  -4.807209485172745e-09  2.513243227760638e-08  -7.771053609397814e-11
  1.904999999999981e+00  2.151194875234172e-01  2.596094157349117e-01  -4.812378378153412e-02  -2.174295212837289e-02  2.614414705447891e-02  -3.650593942036705e-02  -1.356552649069607e-09  2.689355365445351e-08  5.924010215905622e-10
  1.909999999999981e+00  1.261185982849983e-01  2.620913565740309e-01  -6.614112328452822e-02  -4.051549285306116e-02  2.359366062333993e-02  -4.070603262018562e-02  2.794927488932060e-09  2.764905885608589e-08  1.450404812372035e-09
  1.914999999999981e+00  1.320454210863939e-02  3.113454149333482e-01  -5.525855984086454e-02  -9.459351901695390e-02  6.202751726349912e-03  -4.151363278412405e-02  8.855935558988846e-09  3.112366663829685e-08  2.590749253752280e-09
  1.919999999999981e+00  -1.106962691259154e-01  2.881929083978443e-01  -6.865790301264407e-02  -1.102835111392600e-01  1.971217409326345e-03  -4.202029772644720e-02  1.394895951600197e-08  2.911027909315774e-08  3.626158666114176e-09
  1.924999999999981e+00  -2.409127745392107e-01  2.476675164521522e-01  -8.060343811693951e-02  -1.241500805620505e-01  -3.983300781854929e-03  -3.899182296036233e-02  1.905867821483070e-08  2.554269075685120e-08  4.679214697024185e-09
  1.929999999999981e+00  -3.682257755331649e-01  1.912898493426544e-01  -8.891052425618517e-02  -1.345701362753412e-01  -1.205667297506453e-02  -3.216278147146554e-02  2.387562235259564e-08  2.052399226515157e-08  5.641417807194011e-09
  1.934999999999981e+00  -4.843657744768307e-01  1.197908426598236e-01  -9.216640266027057e-02  -1.410399238959074e-01  -2.201211510765069e-02  -2.123556516674275e-02  2.793937558720835e-08  1.413767987853443e-08  6.385514608365700e-09
  1.939999999999981e+00  -5.788840363006734e-01  3.709173772895192e-02  -8.818006523862570e-02  -1.421734099649522e-01  -3.405117852981752e-02  -6.474862205210347e-03  3.087793408284821e-08  6.679117147909402e-09  6.791585266334143e-09
  1.944999999999981e+00  -6.781284646151414e-01  -2.282572772998358e-02  -4.341539016156194e-02  -8.342809631099213e-02  -2.851609031820698e-02  -1.004602890088384e-02  3.137649776690888e-08  -2.158009272423058e-09  5.321653513680998e-09
  1.949999999999980e+00  -7.118030166367834e-01  -1.363150659567505e-01  -3.219094768757731e-02  -5.846902954113414e-02  -3.746748645360152e-02  6.005168076727853e-03  3.044026826135663e-08  -1.223490646188410e-08  4.657368113881429e-09
  1.954999999999980e+00  -6.979833174865049e-01  -2.467884900767448e-01  -1.170708290389026e-02  -2.864657682482214e-02  -4.746307903903424e-02  2.387658204012914e-02  2.712458028320765e-08  -2.206516277114285e-08  3.293258040330071e-09
  1.959999999999980e+00  -6.341100949447838e-01  -3.486828444826640e-01  1.750051572998546e-02  4.333745961971461e-03  -5.745447277491323e-02  4.227654922398989e-02  2.119109254717623e-08  -3.116093786486378e-08  1.196822397148031e-09
  1.964999999999980e+00  -5.191195544302153e-01  -4.346856429118719e-01  5.474857796936794e-02  3.967102994288299e-02  -6.670680760874925e-02  5.930917751878698e-02  1.268117939563360e-08  -3.894423604819979e-08  -1.569619284554786e-09
  1.969999999999980e+00  -3.575334003099795e-01  -4.999614909297303e-01  9.773325770750753e-02  7.545408131787522e-02  -7.384038513072116e-02  7.303125155537531e-02  1.722858437125113e-09  -4.499066982208535e-08  -4.910578612210403e-09
  1.974999999999980e+00  -2.473216944221701e-01  -6.578948856453578e-01  5.351919658504719e-02  2.206206763410972e-01  -2.476034707386476e-02  3.771235474397534e-02  -9.094902796075685e-09  -5.845092077063510e-08  -6.857875883470970e-09
  1.979999999999980e+00  -3.109403410027911e-04  -6.728223622176708e-01  9.270618467790213e-02  2.449099405718815e-01  -2.709167456752266e-02  4.412218083375028e-02  -2.370317565705918e-08  -5.942007258330357e-08  -1.085012594948828e-08
  1.984999999999980e+00  2.643946143682141e-01  -6.509956359924755e-01  1.309630598788874e-01  2.610172329644285e-01  -2.556293333751524e-02  4.372289513242107e-02  -3.889854287537766e-08  -5.736874883724483e-08  -1.471852910959094e-08
  1.989999999999980e+00  5.282647248519716e-01  -5.933592351693509e-01  1.638612762081860e-01  2.684627794619066e-01  -1.907839703186653e-02  3.506250667255736e-02  -5.363834698421690e-08  -5.240904266630202e-08  -1.808094439763405e-08
  1.994999999999979e+00  7.716413782934692e-01  -5.025411790760433e-01  1.873786266296181e-01  2.675472928296856e-01  -7.049206163808656e-03  1.719243421060778e-02  -6.674927201159894e-08  -4.479555093140120e-08  -2.057700340323689e-08
  1.999999999999979e+00  9.652656388249262e-01  -5.167654229674886e-01  7.238712829773106e-02  2.511677573763466e-01  2.433192897218488e-02  -7.174235506072714e-03  -7.124468162914421e-08  -4.055807089534866e-08  -1.719846160696053e-08
  2.004999999999979e+00  1.148658965514058e+00  -3.537109152007046e-01  7.941294456609041e-02  1.982228015263550e-01  3.409392525531613e-02  -2.269137729040643e-02  -7.779712859885745e-08  -2.636024410080851e-08  -1.718751652773028e-08
  2.009999999999979e+00  1.255751069260041e+00  -1.620881993007289e-01  8.163891806337611e-02  1.407845527753183e-01  4.715735759929844e-02  -4.464247287169040e-02  -7.974430263711766e-08  -1.098935319111267e-08  -1.558015176153143e-08
  2.014999999999979e+00  1.263617183225226e+00  2.943477932237527e-02  6.257352782882274e-02  8.273194282779875e-02  6.569536610754506e-02  -7.338502991870163e-02  -7.538486767188315e-08  4.156738184251070e-09  -1.178253534644389e-08
  2.019999999999979e+00  1.167113575075269e+00  2.131971166280476e-01  2.418555030349378e-02  2.693335559518480e-02  8.714276563107078e-02  -1.053884760972419e-01  -6.430408252379920e-08  1.823943069063291e-08  -5.833662160160068e-09
  2.024999999999979e+00  9.657868712655239e-01  3.784400418620603e-01  -3.192618658988994e-02  -2.533718068230650e-02  1.095709420542066e-01  -1.364872032558057e-01  -4.665566631702277e-08  3.040115454704764e-08  1.997949898606688e-09
  2.029999999999979e+00  9.587384343516380e-01  6.633811389298292e-01  2.746613168164698e-02  -2.749539010662124e-01  4.141721724876407e-02  -5.041351891256083e-02  -2.808859038655085e-08  5.575944855146596e-08  7.415665273769445e-09
  2.034999999999979e+00  5.732624599358845e-01  7.928740067399914e-01  -3.023650547829995e-02  -3.176266848867587e-01  5.534817421184291e-02  -6.674483674096543e-02  7.056512467955241e-10  6.337118121591919e-08  1.753758343917872e-08
  2.039999999999979e+00  1.128357418965736e-01  8.697854655044499e-01  -1.000459815365371e-01  -3.426160678136347e-01  6.703590655126745e-02  -7.664955382887814e-02  3.369119092548171e-08  6.661322916585330e-08  2.832719656850306e-08
  2.044999999999979e+00  -3.906589157281928e-01  8.931391939792636e-01  -1.743943925441413e-01  -3.495873954493994e-01  7.364005830289985e-02  -7.676490956301216e-02  6.902475303255849e-08  6.555516461964692e-08  3.901356921387405e-08
  2.049999999999979e+00  -9.028712134157759e-01  8.627223230387067e-01  -2.461505899400815e-01  -3.413695088349357e-01  7.331329641804993e-02  -6.385318830338085e-02  1.043412859245615e-07  6.043051557559933e-08  4.869360396059993e-08
  2.054999999999978e+00  -1.383809655289599e+00  7.843731848240565e-01  -3.071702678137254e-01  -3.206732758203064e-01  6.399030955170196e-02  -3.581439374137126e-02  1.372092803924067e-07  5.191225518650480e-08  5.648794279409938e-08
  2.059999999999978e+00  -1.598480152914436e+00  9.352299532526974e-01  -7.171823257820704e-02  -3.727765156625167e-01  -1.900413514087237e-02  6.112629479891002e-02  1.479513366911469e-07  5.741180973226778e-08  4.930075998815191e-08
  2.064999999999978e+00  -1.989195330973566e+00  7.410564286030407e-01  -1.259181569940618e-01  -2.895278903302824e-01  -2.792291084035544e-02  8.517999465222301e-02  1.695818465451215e-07  4.061020243215043e-08  5.178881463891989e-08
  2.069999999999978e+00  -2.236381048660172e+00  5.230017166101470e-01  -1.552331085166367e-01  -2.068868985314128e-01  -4.575077968925994e-02  1.219621077503591e-01  1.810685388781214e-07  2.333091641782088e-08  5.000456535284255e-08
  2.074999999999978e+00  -2.312358242433688e+00  2.963391524125679e-01  -1.552795105144412e-01  -1.321158801763873e-01  -7.174264588120960e-02  1.695362451936529e-01  1.805794955436074e-07  6.970332062981079e-09  4.353729464633710e-08
  2.079999999999978e+00  -2.200726783699326e+00  7.543400102731770e-02  -1.246657481054189e-01  -7.174070594592667e-02  -1.039496848664713e-01  2.245416112463898e-01  1.669459677035028e-07  -7.218337997064529e-09  3.231740444628226e-08
  2.084999999999978e+00  -2.252238237628679e+00  -1.438247399672388e-01  -7.076796782299945e-02  1.943860691162803e-01  -7.656366097239244e-02  1.474823028218238e-01  1.362757292799060e-07  -2.813775480884314e-08  1.433063682783919e-08
  2.089999999999978e+00  -1.818353951425258e+00  -3.729734183614213e-01  -3.622540527043827e-02  2.517448726021962e-01  -9.802732001405580e-02  1.763533909829388e-01  9.800967467247822e-08  -3.894082982882227e-08  -3.857755611697361e-09
  2.094999999999978e+00  -1.199243439084108e+00  -5.510821925290533e-01  2.874002700766227e-02  2.743174037084690e-01  -1.208774638013359e-01  2.048692801462244e-01  4.738153387026612e-08  -4.413340744161302e-08  -2.552245377202752e-08
  2.099999999999977e+00  -4.298886446456089e-01  -6.693801284175144e-01  1.178599846153147e-01  2.638477814793794e-01  -1.422014210835715e-01  2.269966628172440e-01  -1.307397947914148e-08  -4.344736782682580e-08  -4.941782141325680e-08
  2.104999999999977e+00  4.392865799644088e-01  -7.272435751335823e-01  2.211714383749236e-01  2.231840486823386e-01  -1.579012698037043e-01  2.370523823153942e-01  -8.020831019805655e-08  -3.729340162773521e-08  -7.405278426917618e-08
  2.109999999999977e+00  1.352702811616445e+00  -7.239674808013771e-01  3.295258298458648e-01  1.601055757201753e-01  -1.654179817499773e-01  2.292720274068856e-01  -1.500123603142967e-07  -2.626265805745099e-08  -9.776353387886549e-08
  2.114999999999977e+00  1.616940191524967e+00  -1.058100644688591e+00  1.433955176291273e-02  3.621455295805975e-01  -4.426532669911599e-02  1.327518841515360e-02  -1.922035486840837e-07  -4.433967551468145e-08  -9.927734072105331e-08
  2.119999999999977e+00  2.533265850972046e+00  -9.332859990784501e-01  1.210365361976070e-01  2.311007064370216e-01  -4.432695873199155e-02  -2.803211700457137e-03  -2.557682771780713e-07  -2.456665601884298e-08  -1.164824017022523e-07
  2.124999999999977e+00  3.311527318938905e+00  -7.620251919903037e-01  2.120000589067769e-01  9.958845175618321e-02  -3.391561045624227e-02  -3.848173730976074e-02  -3.086695334809909e-07  -3.397096740700443e-09  -1.278263171810472e-07
  2.129999999999977e+00  3.887736755521170e+00  -5.626083213152508e-01  2.767908120429067e-01  -1.925257139335068e-02  -1.182897986568661e-02  -9.488164074185908e-02  -3.467797591031085e-07  1.706687053786712e-08  -1.319269602772091e-07
  2.134999999999977e+00  4.213416643061683e+00  -3.500923436594370e-01  3.092064745882477e-01  -1.110292370308825e-01  2.086603155112994e-02  -1.714465945333404e-01  -3.664841586584909e-07  3.498095938200754e-08  -1.277315534095269e-07
  2.139999999999977e+00  4.281071244948767e+00  -4.163954123778132e-01  1.027105388519636e-02  -2.446058669300495e-01  9.038099050099030e-02  -2.300833502337287e-01  -3.398589162037371e-07  3.477807897773664e-08  -9.521766495682749e-08
  2.144999999999976e+00  4.163360257576779e+00  -1.514179483774379e-01  4.458838997554380e-02  -3.273753142096371e-01  1.151407847460773e-01  -2.781223678123919e-01  -3.196970582014539e-07  4.890177158088782e-08  -7.606597903639015e-08
  2.149999999999976e+00  3.714347214745013e+00  7.445218531889312e-02  3.606799870744488e-02  -3.501983545095189e-01  1.461315578915208e-01  -3.383531921746968e-01  -2.760761163508199e-07  5.545671552079801e-08  -4.818688128285693e-08
  2.154999999999976e+00  2.952955016492448e+00  2.487142612781296e-01  -1.166175103228143e-02  -3.102489932127589e-01  1.799142569497598e-01  -4.043939503488203e-01  -2.103778747431529e-07  5.370411470006922e-08  -1.270442457965874e-08
  2.159999999999976e+00  1.919382643934601e+00  3.634414237365716e-01  -9.193143735801879e-02  -2.094525986380543e-01  2.125709896994649e-01  -4.684853664654847e-01  -1.253438374798927e-07  4.350582805960866e-08  2.876656380362376e-08
  2.164999999999976e+00  6.721472479096003e-01  4.155618881398663e-01  -1.951621696300319e-01  -5.468960618258907e-02  2.398037190048328e-01  -5.221715308797525e-01  -2.498256394877824e-08  2.536704375520492e-08  7.408937015732142e-08
  2.169999999999976e+00  1.992665011667032e-01  6.399493190561500e-01  -2.210660748439257e-02  -2.770783875164451e-01  1.864599745778875e-01  -2.823384090911132e-01  7.147384709030443e-08  3.048373643775395e-08  1.088708134129446e-07
  2.174999999999976e+00  -1.300864377810853e+00  5.984566365763450e-01  -1.211817559947868e-01  -4.335314346402867e-02  1.954998045393190e-01  -3.008814149411160e-01  1.866735095748881e-07  1.793599710453652e-09  1.523821199154324e-07
  2.179999999999976e+00  -2.796762564832296e+00  4.954380409570774e-01  -2.246372178670425e-01  2.140517518942876e-01  1.940309134439287e-01  -2.991401918031499e-01  3.003982697189251e-07  -3.118749731568718e-08  1.921253080981785e-07
  2.184999999999976e+00  -4.192828278908592e+00  3.425257562614956e-01  -3.207308791154345e-01  4.718430887291424e-01  1.805923596741803e-01  -2.704667089741567e-01  4.057634951622762e-07  -6.608123572685950e-08  2.252929131540889e-07
  2.189999999999976e+00  -5.394698559766874e+00  1.579845618139542e-01  -3.974585020758058e-01  7.081829416424918e-01  1.535609484932437e-01  -2.107624691266994e-01  4.964366730488029e-07  -1.000712825434240e-07  2.493383118163065e-07
  2.194999999999975e+00  -5.711749416373501e+00  4.160124469065129e-01  6.644716683700913e-02  6.894145320309348e-01  3.741079004135922e-02  4.513480595986863e-02  5.267168460029092e-07  -9.130071565558611e-08  2.270469193144490e-07
  2.199999999999975e+00  -6.502700959517917e+00  1.705700821839979e-01  -1.397988012168294e-02  8.983645198391401e-01  2.932904431990804e-03  1.036082165807729e-01  5.743544279880392e-07  -1.204031726461705e-07  2.285154026041183e-07
  2.204999999999975e+00  -6.890127571204662e+00  -5.916249563952361e-02  -5.936026397688673e-02  1.028608072273329e+00  -4.067554163347552e-02  1.895014802450349e-01  5.921891688378339e-07  -1.413909758683413e-07  2.163537100062260e-07
  2.209999999999975e+00  -6.844681579634257e+00  -2.587230856574254e-01  -6.849632333391062e-02  1.064532708057037e+00  -8.983378263402630e-02  2.995118827181715e-01  5.780128342980752e-07  -1.524486428431178e-07  1.903182057899011e-07
  2.214999999999975e+00  -6.357645892247264e+00  -4.117623511836201e-01  -4.207915578780305e-02  9.993272732318779e-01  -1.414613692658099e-01  4.270933538572882e-01  5.316325195513759e-07  -1.520751766872838e-07  1.510206349810971e-07
  2.219999999999975e+00  -5.450701093817526e+00  -5.105387818628617e-01  1.388450620254059e-02  8.303136726396610e-01  -1.905913587749485e-01  5.639484719965877e-01  4.543188821231148e-07  -1.397238506823652e-07  9.979366421762275e-08
  2.224999999999975e+00  -4.805715393015212e+00  -3.378284964452792e-01  2.058942989368641e-01  8.819273946576831e-01  -2.975071349676899e-01  5.218142120408712e-01  3.298574820856319e-07  -1.127562529660210e-07  2.140839164133565e-08
  2.229999999999975e+00  -3.271454428359728e+00  -3.640607255912959e-01  2.429476854857552e-01  5.779630642539251e-01  -3.237262977066386e-01  6.098767048470514e-01  2.019371148193254e-07  -8.261560784159368e-08  -4.251540378278183e-08
  2.234999999999975e+00  -1.464789585197383e+00  -3.177903063697306e-01  2.988378235201444e-01  1.929084576154059e-01  -3.387174094054651e-01  6.878185877899158e-01  5.570057106563270e-08  -4.190852186168291e-08  -1.106011618708746e-07
  2.239999999999974e+00  5.138428862412681e-01  -2.037540442689527e-01  3.621360763079334e-01  -2.494078491368029e-01  -3.394888895228637e-01  7.450130436607576e-01  -1.016051626708454e-07  7.346411021142533e-09  -1.792683385061952e-07
  2.244999999999974e+00  2.553693949391792e+00  -3.089350333526245e-02  4.216821712115857e-01  -7.214894974755010e-01  -3.239313742748057e-01  7.718025047396244e-01  -2.622221440299409e-07  6.258385958211996e-08  -2.448699225471068e-07
  2.249999999999974e+00  3.535489279406184e+00  -5.430134955448224e-04  1.293983190663413e-01  -7.812404325724691e-01  -3.413409143568269e-01  4.881113207661755e-01  -3.984732278769105e-07  8.793230007173893e-08  -2.794323526288479e-07
  2.254999999999974e+00  5.506960580182124e+00  2.308069178519885e-01  1.650544630941494e-01  -1.261601641185372e+00  -2.908868108119545e-01  4.628963264667286e-01  -5.428087759811798e-07  1.447312915209912e-07  -3.251514102012616e-07
  2.259999999999974e+00  7.224966316337430e+00  4.900477606592927e-01  1.837405325725354e-01  -1.691099412752151e+00  -2.275886666128445e-01  4.001467252799208e-01  -6.666359694334707e-07  1.989603228704067e-07  -3.583262093379646e-07
  2.264999999999974e+00  8.589617409588335e+00  7.573985421933387e-01  1.780909526066346e-01  -2.041512949645033e+00  -1.533816959613420e-01  2.982720079163405e-01  -7.634727343667364e-07  2.472081057232776e-07  -3.765691098534469e-07
  2.269999999999974e+00  9.523652127375817e+00  1.017085150374466e+00  1.458724964633955e-01  -2.286796563269339e+00  -7.260713556875290e-02  1.583564478328519e-01  -8.279936269712800e-07  2.865500261581749e-07  -3.782319410982014e-07
  2.274999999999974e+00  9.968337375074567e+00  1.249190502673174e+00  8.610791157702213e-02  -2.409066578409757e+00  1.075334672765293e-02  -1.479044725080680e-02  -8.566822709790990e-07  3.141593492198773e-07  -3.624773349259832e-07
  2.279999999999974e+00  9.817847281665964e+00  9.610226567978193e-01  -3.841049319099521e-01  -2.426679469115669e+00  1.622793770518156e-01  -2.872997343734318e-01  -8.051657934321462e-07  2.925419103025201e-07  -2.813507130016200e-07
  2.284999999999973e+00  9.371419754207297e+00  1.115778984717941e+00  -4.245130896019986e-01  -2.348404293442944e+00  2.369846310170408e-01  -4.482546269669885e-01  -7.561827616388217e-07  2.947866720820185e-07  -2.341604757438261e-07
  2.289999999999973e+00  8.385108668051371e+00  1.197112253496360e+00  -4.832470565363181e-01  -2.126480387978945e+00  2.978576738235612e-01  -6.184331326376371e-01  -6.695943487130476e-07  2.805278424851302e-07  -1.725774654396513e-07
  2.294999999999973e+00  6.909041059406423e+00  1.195769542549713e+00  -5.507514939787916e-01  -1.767361800572781e+00  3.390112061657010e-01  -7.866313715463393e-01  -5.488473682617725e-07  2.495863592736399e-07  -9.898568038601942e-08
  2.299999999999973e+00  5.012956944941472e+00  1.100387892210407e+00  -6.175617230471098e-01  -1.287780560992890e+00  3.564937237394983e-01  -9.402680600316917e-01  -3.992700846648233e-07  2.022303027945490e-07  -1.647255903687032e-08
  2.304999999999973e+00  3.516256313495489e+00  5.542944585185428e-01  -7.186065297582074e-01  -1.050423925194319e+00  5.726058660784584e-01  -9.513985419042289e-01  -1.999045354513546e-07  1.329559991172940e-07  8.959430215672656e-08
  2.309999999999973e+00  1.060092410201797e+00  3.083328114630312e-01  -7.119169019750416e-01  -4.073907657086799e-01  5.362458485289826e-01  -1.020495512195737e+00  -1.222955132238403e-08  6.124387189998571e-08  1.722580859487293e-07
  2.314999999999973e+00  -1.517287327020646e+00  -3.929968337991044e-02  -6.868246530397003e-01  2.936295359779534e-01  4.712244348291343e-01  -1.052377316617904e+00  1.816757874556013e-07  -2.179102313584514e-08  2.524882510903038e-07
  2.319999999999973e+00  -4.077675277807860e+00  -4.772911930677320e-01  -6.318326300242623e-01  1.020084458334826e+00  3.781592135518762e-01  -1.039669330922565e+00  3.728861868063723e-07  -1.127917733397860e-07  3.263850426863804e-07
  2.324999999999973e+00  -6.485726605323337e+00  -9.899210431082153e-01  -5.374554747541218e-01  1.737010873950599e+00  2.596524838269978e-01  -9.776229114763291e-01  5.524934973203773e-07  -2.079152701483363e-07  3.901943066190399e-07
  2.329999999999973e+00  -8.612039120685967e+00  -1.554651957290018e+00  -3.970389631347946e-01  2.410422237747267e+00  1.201423891184868e-01  -8.649378430502281e-01  7.122243873896830e-07  -3.028499144662945e-07  4.406625647107329e-07
  2.334999999999972e+00  -9.841928669262566e+00  -2.060296296365307e+00  4.300087462869171e-03  2.958210610600886e+00  2.300802898596790e-01  -5.358724116166996e-01  8.255778913099566e-07  -3.759544841929690e-07  4.329021990722065e-07
  2.339999999999972e+00  -1.122339662199188e+01  -2.630390216997778e+00  1.812885015628816e-01  3.530874678707496e+00  6.826632047274760e-02  -3.580333441034023e-01  9.201638579140740e-07  -4.568052359961113e-07  4.453790175296957e-07
  2.344999999999972e+00  -1.202568727940233e+01  -3.158215124837530e+00  3.951892346173315e-01  3.974041747098259e+00  -9.049859122326795e-02  -1.496709404954372e-01  9.749303760324482e-07  -5.233695802580796e-07  4.392091296905330e-07
  2.349999999999972e+00  -1.220459507687431e+01  -3.600900556788643e+00  6.396041534264350e-01  4.265351710924350e+00  -2.368211498158937e-01  7.786417090175396e-02  9.872909285260121e-07  -5.709813401779564e-07  4.141541257833751e-07
  2.354999999999972e+00  -1.175489703199394e+01  -3.920603609117002e+00  9.006606699674278e-01  4.386570210609793e+00  -3.591153497408703e-01  3.109119067719276e-01  9.565512095869701e-07  -5.958309240005883e-07  3.709551110988141e-07
  2.359999999999972e+00  -1.093886393060120e+01  -3.833145298055549e+00  1.044937095631967e+00  4.682838144642385e+00  -3.645448949686447e-01  6.362813988851307e-01  8.395722006814718e-07  -5.856502606710027e-07  2.625743993970908e-07
  2.364999999999972e+00  -9.379901830211644e+00  -3.786136419127482e+00  1.211642704079611e+00  4.456311962021265e+00  -4.396051563030469e-01  8.160857946224933e-01  7.253458320487335e-07  -5.547649327640337e-07  1.925537371631123e-07
  2.369999999999972e+00  -7.347877636634978e+00  -3.507861808596668e+00  1.350025936529805e+00  4.028208313552400e+00  -4.651620998360300e-01  9.602677980943963e-01  5.789214580799090e-07  -4.936776247336165e-07  1.126464371934533e-07
  2.374999999999972e+00  -4.974077297324623e+00  -2.984408842075420e+00  1.434505758090942e+00  3.412082413032381e+00  -4.342463681928648e-01  1.054064048917323e+00  4.085462772810990e-07  -4.030485536343146e-07  2.695740050430717e-08
  2.379999999999971e+00  -2.417226752589174e+00  -2.221890545471862e+00  1.436838669715844e+00  2.626705189317025e+00  -3.407448033608222e-01  1.086020607343996e+00  2.235124605367668e-07  -2.854756167536773e-07  -6.009047345085396e-08
  2.384999999999971e+00  1.572904081364193e-01  -1.236370284336190e+00  1.332365109038244e+00  1.701998036370490e+00  -1.830382273364548e-01  1.048085702838524e+00  3.429055733301472e-08  -1.448407424668712e-07  -1.438648674140554e-07
  2.389999999999971e+00  2.575458053485545e+00  3.871011874149035e-01  8.867860943167979e-01  5.199759198356374e-01  -4.236523408892294e-01  1.086897829523527e+00  -1.791498253889473e-07  4.253489255345843e-08  -2.167844184993230e-07
  2.394999999999971e+00  4.844025883112686e+00  1.806079480450102e+00  6.338137346523156e-01  -7.282509759792259e-01  -2.197085589830317e-01  9.322814376281681e-01  -3.433156158400407e-07  2.195413160317014e-07  -2.739311977193173e-07
  2.399999999999971e+00  6.634697896706890e+00  3.294720899942690e+00  2.497317933989139e-01  -2.000869900384356e+00  3.149580110726186e-02  7.165012350606073e-01  -4.787139858753372e-07  3.975790841782118e-07  -3.150417746994904e-07
  2.404999999999971e+00  7.830161872733718e+00  4.769531974383962e+00  -2.660573000676261e-01  -3.245131349018134e+00  3.169378470718055e-01  4.539889446020827e-01  -5.776522555595358e-07  5.672582181121499e-07  -3.377990447322704e-07
  2.409999999999971e+00  8.360800351813115e+00  6.142968299910241e+00  -9.012784043280375e-01  -4.407614023497488e+00  6.190052539923054e-01  1.655705620842692e-01  -6.347741860030186e-07  7.191790614053109e-07  -3.410299221390282e-07
  2.414999999999971e+00  9.597584152278662e+00  8.456290039987010e+00  -5.309970438184299e-01  -6.470628739348331e+00  -1.433474671288357e-02  1.752914048895948e-01  -6.760525017445269e-07  9.321496702663082e-07  -3.109404439805558e-07
  2.419999999999971e+00  8.783962464514765e+00  9.385972784755786e+00  -1.131348453704109e+00  -7.357754363281728e+00  2.541133010577177e-01  -1.204739008705775e-01  -6.372218058922537e-07  1.018581904662317e-06  -2.732172556455062e-07
  2.424999999999971e+00  7.344650120493307e+00  9.907206203983355e+00  -1.771100775652077e+00  -7.980735395413252e+00  4.880144607468474e-01  -3.755571826127821e-01  -5.574576375681008e-07  1.058477276210575e-06  -2.209061903943936e-07
  2.429999999999970e+00  5.439617802590608e+00  9.965271482892714e+00  -2.393117296019715e+00  -8.309523682788560e+00  6.613995915556504e-01  -5.571068902791823e-01  -4.452055875238530e-07  1.047976089958730e-06  -1.589140774908450e-07
  2.434999999999970e+00  3.273702701852347e+00  9.526515445533468e+00  -2.934325594390492e+00  -8.329995996395445e+00  7.506961197803059e-01  -6.343992818118735e-01  -3.120301613032914e-07  9.857091909888998e-07  -9.308550815378432e-08
  2.439999999999970e+00  1.088150461384601e+00  8.589785190617256e+00  -3.327027680420156e+00  -8.041195667540032e+00  7.339481175874778e-01  -5.824521681118329e-01  -1.715442662945717e-07  8.735352674477764e-07  -2.989643368874961e-08
  2.444999999999970e+00  -2.735920850194006e-01  7.876812863332653e+00  -1.551984160525293e+00  -7.589656006821282e+00  2.443734196577787e-01  -6.432342310421342e-01  -5.974425470979996e-08  7.382727435930916e-07  5.151545616739874e-09
  2.449999999999970e+00  -2.251074892180527e+00  5.633142697119485e+00  -1.696281403388919e+00  -6.370340373242697e+00  1.628565568021472e-01  -4.889633465823265e-01  6.028653598044407e-08  5.070463086167744e-07  4.489098231077238e-08
  2.454999999999970e+00  -3.470087464388846e+00  3.038030566108216e+00  -1.566011468842924e+00  -4.902744103228024e+00  -4.221640040528457e-02  -1.873250792178170e-01  1.376011104551758e-07  2.489894500968327e-07  6.078408528145800e-08
  2.459999999999970e+00  -3.723609555203928e+00  2.194562171540344e-01  -1.124839650828018e+00  -3.255858858888410e+00  -3.668336135560825e-01  2.478232525457569e-01  1.587302570181012e-07  -2.199969136741601e-08  4.848953392662547e-08
  2.464999999999970e+00  -2.870984593318198e+00  -2.672094322265388e+00  -3.569920342523762e-01  -1.502511709061926e+00  -7.985849007152584e-01  7.862713340101575e-01  1.142710088192134e-07  -2.905939524431575e-07  5.823884407445988e-09
  2.469999999999970e+00  -8.635401151221803e-01  -5.482469344065296e+00  7.261370549859028e-01  2.797704470353628e-01  -1.313652710741963e+00  1.382813868471413e+00  -6.385798244382886e-10  -5.415641826736688e-07  -6.695873726251505e-08
  2.474999999999969e+00  -1.965934336164508e+00  -1.059973670506174e+01  5.965152083365078e-01  4.517400454914422e+00  -5.432916427808807e-01  4.704534072623903e-01  -8.930292554260389e-08  -9.876816546439151e-07  -1.405188111237470e-07
  2.479999999999969e+00  2.010404630794538e+00  -1.308735053767310e+01  1.719740901650828e+00  6.320746523060547e+00  -9.902931121332305e-01  1.002083266799978e+00  -3.430394974141593e-07  -1.172091745624416e-06  -2.662675053123826e-07
  2.484999999999969e+00  6.870517297447834e+00  -1.492529065592374e+01  3.039581396217205e+00  7.847742448306161e+00  -1.443125245218677e+00  1.466679627327192e+00  -6.518258613159704e-07  -1.288466184534062e-06  -4.081073961445487e-07
  2.489999999999969e+00  1.224859322167554e+01  -1.600777395956770e+01  4.455337992043035e+00  9.050714952065016e+00  -1.855644816348353e+00  1.789444559949473e+00  -9.946322736234275e-07  -1.329973531275611e-06  -5.544936095316287e-07
  2.494999999999969e+00  1.769612331679460e+01  -1.627198970242285e+01  5.849985609617122e+00  9.902971521216431e+00  -2.180525016579804e+00  1.898611132115887e+00  -1.345370242390061e-06  -1.294353275160587e-06  -6.922332560572594e-07
  2.499999999999969e+00  1.693706899134726e+01  -2.000911871465273e+01  1.757867994229438e+00  1.254717387857617e+01  -5.001901143706057e-01  4.798615840734129e-01  -1.426909023080249e-06  -1.470100045752298e-06  -6.554893648507023e-07
  2.504999999999969e+00  2.155348301486945e+01  -1.850825064914963e+01  2.308874590369089e+00  1.224689205679527e+01  -5.416568585333259e-01  3.600878410779706e-01  -1.703562207723325e-06  -1.252495743506084e-06  -7.346094996126024e-07
  2.509999999999969e+00  2.545626438896355e+01  -1.560846850779446e+01  3.262939314171334e+00  1.134675661609265e+01  -6.276266844694722e-01  1.063121618748822e-01  -1.924575051005400e-06  -9.523216732368308e-07  -7.721083883554719e-07
  2.514999999999969e+00  2.742606516458336e+01  -1.203996566059961e+01  3.819688272515907e+00  1.014327986433432e+01  -5.193916818458389e-01  -4.810603258304920e-01  -2.021842963546106e-06  -6.045270554686221e-07  -7.468481442873176e-07
  2.519999999999968e+00  2.698276286728274e+01  -8.011717053015641e+00  3.838615636522912e+00  8.729390594865208e+00  -1.958097765395843e-01  -1.391646285319317e+00  -1.967001387995958e-06  -2.355089294405268e-07  -6.473699674103034e-07
  2.524999999999968e+00  2.386908726036303e+01  -3.696313810758447e+00  3.301262363249900e+00  7.188184192483958e+00  3.207686677999458e-01  -2.575365173947707e+00  -1.742926520013535e-06  1.312655233629989e-07  -4.694464604856810e-07
  2.529999999999968e+00  2.189327438489575e+01  1.257510460104253e+00  2.401880787336810e-01  2.527383981914049e+00  8.188547278036632e-01  -1.828769566361535e+00  -1.282534274710328e-06  6.479046735807592e-07  -1.417989098381482e-07
  2.534999999999968e+00  1.455817117626255e+01  6.554443950394219e+00  -4.158713372158331e-01  2.117576746891052e-01  1.284310112832273e+00  -2.822069050637236e+00  -7.337768917634273e-07  1.020775478697019e-06  1.631456965383723e-07
  2.539999999999968e+00  4.431803362412384e+00  1.124236707890949e+01  -1.646578967884461e+00  -1.838941714516953e+00  1.893165703417993e+00  -3.930370059375536e+00  -8.957193965113156e-09  1.307919605710247e-06  5.361964786378847e-07
  2.544999999999968e+00  -8.033911778072376e+00  1.507866840149872e+01  -3.366514666495692e+00  -3.537325056009791e+00  2.595314696720902e+00  -5.034815201445302e+00  8.653454513779138e-07  1.490793769809426e-06  9.606041209726304e-07
  2.549999999999968e+00  -2.218869731639434e+01  1.787498015990355e+01  -5.446836613192137e+00  -4.834534219183688e+00  3.328060709330692e+00  -5.998519242402796e+00  1.849900308473174e-06  1.557430836676879e-06  1.414156663553752e-06
  2.554999999999968e+00  -3.721522132517212e+01  1.950976095604080e+01  -7.725546859848302e+00  -5.720634646597386e+00  4.018987617959497e+00  -6.677164818643013e+00  2.894796878110246e-06  1.503461875170683e-06  1.870219608036353e-06
  2.559999999999968e+00  -3.936978334755881e+01  2.739957287733615e+01  -2.939724989720139e+00  -1.172957484041426e+01  2.094669188674622e+00  -2.999159742200051e+00  3.539844118112822e-06  1.933078780120889e-06  2.030658283527276e-06
  2.564999999999968e+00  -5.453600498688349e+01  2.636474184649520e+01  -4.925068271816137e+00  -1.134676350124061e+01  2.542331470699706e+00  -3.291151654129293e+00  4.556415762684083e-06  1.609633583992004e-06  2.408134289255196e-06
  2.569999999999967e+00  -6.787625380875845e+01  2.392191563752376e+01  -6.752690486730302e+00  -1.051383702993602e+01  2.820120453202190e+00  -3.105273115586076e+00  5.447935640565991e-06  1.176759714223338e-06  2.701239607821981e-06
  2.574999999999967e+00  -7.834532451405211e+01  2.024684671169448e+01  -8.228286454148220e+00  -9.360915032173834e+00  2.871984894690955e+00  -2.360083237293188e+00  6.148073225945519e-06  6.608059909456698e-07  2.881772966291634e-06
  2.579999999999967e+00  -8.503435460050540e+01  1.557396062003223e+01  -9.183792174584347e+00  -8.028906836200822e+00  2.657092362155962e+00  -1.016538690195500e+00  6.598752259979980e-06  9.263886609886930e-08  2.926824800523814e-06
  2.584999999999967e+00  -8.169230756513369e+01  1.630713097012362e+01  -8.825125283605666e-01  -6.803561147111751e+00  1.591336863245543e-01  1.389335818712758e+00  6.237564574749012e-06  -1.738130418920109e-07  2.413419366419497e-06
  2.589999999999967e+00  -8.186795213171975e+01  8.809768861955073e+00  -1.695806564645970e+00  -4.027148436622257e+00  -1.637216260902179e-01  2.630354247437676e+00  6.133003747180998e-06  -8.842370070078275e-07  2.190805436779804e-06
  2.594999999999967e+00  -7.664234100041365e+01  1.209774495734507e+00  -1.736723421555500e+00  -1.455228447556616e+00  -7.531959484741803e-01  4.366645070033153e+00  5.672361536128919e-06  -1.541304286838741e-06  1.805932761388786e-06
  2.599999999999967e+00  -6.613505377666036e+01  -6.118211596069770e+00  -9.825375562193868e-01  8.064055568426897e-01  -1.583762654180078e+00  6.488668178223040e+00  4.864696105233181e-06  -2.111605145456507e-06  1.271116014694376e-06
  2.604999999999967e+00  -5.084162561788690e+01  -1.283768388718752e+01  5.258405086659423e-01  2.709068397741398e+00  -2.607454582891516e+00  8.841261102609881e+00  3.743037250885717e-06  -2.568700090733894e-06  6.100101755292020e-07
  2.609999999999967e+00  -3.162709510044863e+01  -1.866881100399494e+01  2.688745448745284e+00  4.267247242135961e+00  -3.757221173679744e+00  1.123377843697973e+01  2.363788617735885e-06  -2.894864463038609e-06  -1.430748757230840e-07
  2.614999999999966e+00  -2.479343239192043e+01  -2.876388226459906e+01  2.734576530031288e+00  1.390117955797975e+01  -3.619350012969237e+00  7.419520346328178e+00  9.345331038452883e-07  -3.678926277969421e-06  -8.798424795092807e-07
  2.619999999999966e+00  -2.044298810405133e+00  -3.342575334429510e+01  4.631959127283907e+00  1.552164575892566e+01  -4.449008976031394e+00  9.059447916794483e+00  -6.990992301977273e-07  -3.791570300339023e-06  -1.643380192821927e-06
  2.624999999999966e+00  2.088056499324952e+01  -3.643510126433841e+01  6.927295948911888e+00  1.692504122924315e+01  -5.233315740366932e+00  1.038546776863436e+01  -2.319886109266310e-06  -3.752187644237975e-06  -2.356403877074157e-06
  2.629999999999966e+00  4.202897536980768e+01  -3.784767041626648e+01  9.377936569495610e+00  1.838247634640314e+01  -5.876193895062388e+00  1.118636520949661e+01  -3.798112893236270e-06  -3.587836371297083e-06  -2.956152242360088e-06
  2.634999999999966e+00  5.938120085935511e+01  -3.782241164032174e+01  1.173876754773147e+01  2.021259193925356e+01  -6.287416749217804e+00  1.127746942199172e+01  -5.000075731300452e-06  -3.336495447150690e-06  -3.380117657781507e-06
  2.639999999999966e+00  5.118011706615406e+01  -4.907702666428468e+01  1.500735819239102e+00  2.993076210987353e+01  -2.987683278734998e+00  4.529024162341433e+00  -4.994138950988090e-06  -3.981248986801075e-06  -2.944666869509252e-06
  2.644999999999966e+00  5.854428134995361e+01  -4.605105677665553e+01  3.663090712181294e+00  3.213031674262560e+01  -2.940659175667607e+00  4.223241901072706e+00  -5.328746847063316e-06  -3.595958489411025e-06  -2.874897092810211e-06
  2.649999999999966e+00  5.683970798796501e+01  -4.224049342834797e+01  5.327167343993453e+00  3.555799700875883e+01  -2.556655884212141e+00  3.091021546483448e+00  -5.014734315090226e-06  -3.264345062747318e-06  -2.476890992888768e-06
  2.654999999999966e+00  4.466037830669215e+01  -3.814727852871845e+01  6.314131797336996e+00  4.058947509038140e+01  -1.803139524936105e+00  1.107289173087920e+00  -3.959402119350727e-06  -3.052236032727966e-06  -1.716074341576904e-06
  2.659999999999966e+00  2.103600561951594e+01  -3.428742797891086e+01  6.515199129256534e+00  4.754156733033600e+01  -6.775520282001992e-01  -1.682097426556820e+00  -2.099001786328986e-06  -3.023157270706511e-06  -5.731762675390957e-07
  2.664999999999965e+00  -1.449754442395208e+01  -3.116041175566071e+01  5.895221858045104e+00  5.665485542621698e+01  7.921250638969235e-01  -5.161212515099209e+00  5.978478921548451e-07  -3.234869044464170e-06  9.549410788011740e-07
  2.669999999999965e+00  -5.752171346510892e+01  -3.456248086897407e+01  -2.585054540536773e+00  6.312213272550814e+01  4.412067429306976e+00  -6.045704552953048e+00  4.646757926205523e-06  -3.831795299873429e-06  3.251556820200831e-06
  2.674999999999965e+00  -1.128256925225846e+02  -3.196469909445367e+01  -2.986775302019077e+00  7.502722564164704e+01  5.864282381122297e+00  -8.813387661117142e+00  8.912005426013755e-06  -4.483443906792806e-06  5.396918562527560e-06
  2.679999999999965e+00  -1.790638881495361e+02  -3.152661445853156e+01  -4.204069193671579e+00  8.941988476801797e+01  7.488438668275673e+00  -1.187270968998186e+01  1.393057352106838e-05  -5.509681966419064e-06  7.844215381967132e-06
  2.684999999999965e+00  -2.546030879214360e+02  -3.352483190417674e+01  -6.051753815617818e+00  1.061419281048609e+02  9.174240450430752e+00  -1.495380653948375e+01  1.959109491860405e-05  -6.922437605275041e-06  1.053094190272830e-05
  2.689999999999965e+00  -3.373583616656572e+02  -3.811187085618729e+01  -8.294643225110205e+00  1.249088384874160e+02  1.079662958469192e+01  -1.776406870919994e+01  2.575213166085862e-05  -8.716346121765657e-06  1.338209318863398e-05
  2.694999999999965e+00  -3.986827387716992e+02  -3.805645748641617e+01  -4.536928710185315e+00  1.330500722247867e+02  1.105060742422918e+01  -1.056277194324261e+01  3.178896820368175e-05  -9.942920579408335e-06  1.578320417971713e-05
  2.699999999999965e+00  -4.895413900198566e+02  -4.685912220778366e+01  -6.420965394247840e+00  1.546684313032058e+02  1.203091533123604e+01  -1.232496299110620e+01  3.846976611633193e-05  -1.236384388134092e-05  1.863981261650577e-05
  2.704999999999965e+00  -5.804939510570568e+02  -5.845169552267339e+01  -8.333369048629041e+00  1.773003778853512e+02  1.271039782078182e+01  -1.340747006190886e+01  4.513074280701306e-05  -1.508544825866634e-05  2.140996892425077e-05
  2.709999999999964e+00  -6.685666347730366e+02  -7.245795165874712e+01  -9.969004281984484e+00  2.003268790011290e+02  1.297735620009271e+01  -1.357908646199390e+01  5.157284122281073e-05  -1.803683291815415e-05  2.400365556462467e-05
  2.714999999999964e+00  -7.509564188887327e+02  -8.840702955123119e+01  -1.106181263085051e+01  2.231049875862630e+02  1.274317272190447e+01  -1.266603374987320e+01  5.760711418053691e-05  -2.113744930928600e-05  2.633828643016984e-05
  2.719999999999964e+00  -8.251464434755310e+02  -1.057429881598303e+02  -1.140469692336780e+01  2.450199756324142e+02  1.194851217007883e+01  -1.056857396188395e+01  6.306586566895218e-05  -2.430006617930549e-05  2.834398138091624e-05
  2.724999999999964e+00  -8.733340676641213e+02  -1.121721060476004e+02  -2.116868262447618e-01  2.601978284081612e+02  8.021032739935551e+00  -2.779426664283440e+00  6.680940851626920e-05  -2.639104000319709e-05  2.879617391141948e-05
  2.729999999999964e+00  -9.308308213409072e+02  -1.324021310685125e+02  -7.181033222101991e-01  2.810480170669135e+02  6.600827854205408e+00  -5.888868890693546e-01  7.082317341194639e-05  -2.956361942476335e-05  3.005311926535483e-05
  2.734999999999964e+00  -9.751336832564364e+02  -1.523526875813239e+02  -2.447301186240551e-01  2.997026216437644e+02  4.682323745510069e+00  2.628564099236031e+00  7.391718616204841e-05  -3.254558183321357e-05  3.087736639227913e-05
  2.739999999999964e+00  -1.005848419569358e+03  -1.713740624473353e+02  1.197130842188917e+00  3.158723082220130e+02  2.325864766623798e+00  6.727046841422712e+00  7.606881198386366e-05  -3.526097596763037e-05  3.127481904065540e-05
  2.744999999999964e+00  -1.023315039414446e+03  -1.888877408814055e+02  3.504164920543211e+00  3.294427363537809e+02  -3.727640126945344e-01  1.148387959213379e+01  7.730611492967638e-05  -3.764856295169500e-05  3.127548888201286e-05
  2.749999999999964e+00  -1.044331701153916e+03  -2.015824610090301e+02  7.460085910920610e+00  3.483476149535978e+02  -4.675851872505568e+00  1.048608797978686e+01  7.726187602459507e-05  -3.952322695888905e-05  3.033206054090580e-05
  2.754999999999963e+00  -1.042526833344983e+03  -2.172866765258099e+02  8.985432963116654e+00  3.589344038514763e+02  -7.120495207797868e+00  1.413869976418543e+01  7.698903304832378e-05  -4.131369168560465e-05  2.983770553208093e-05
  2.759999999999963e+00  -1.031548213187059e+03  -2.300936330729448e+02  1.120066696443117e+01  3.672991682656590e+02  -9.592764659205766e+00  1.792955830087985e+01  7.611985771941140e-05  -4.268052338043713e-05  2.914801026870554e-05
  2.764999999999963e+00  -1.014408206067855e+03  -2.399014355360008e+02  1.380181160523512e+01  3.739908152923339e+02  -1.193688101879945e+01  2.151696297137632e+01  7.486162716024431e-05  -4.364454342152457e-05  2.836778173864269e-05
  2.769999999999963e+00  -9.945463934451827e+02  -2.467722678704141e+02  1.646489592599973e+01  3.797090363634896e+02  -1.399788233166518e+01  2.456182324898261e+01  7.344924436629760e-05  -4.424949430925037e-05  2.761160223650945e-05
  2.774999999999963e+00  -9.756744132561237e+02  -2.509239541141706e+02  1.887570042760594e+01  3.852728093992626e+02  -1.563281006115588e+01  2.674881060516167e+01  7.213449249749472e-05  -4.456012567820517e-05  2.699818124009397e-05
  2.779999999999963e+00  -9.964997999143014e+02  -2.641720740165279e+02  8.496423492913681e+00  4.049174116777778e+02  -1.563992711401995e+01  1.605913542585741e+01  7.188564952909999e-05  -4.552822176708903e-05  2.739534430143740e-05
  2.784999999999963e+00  -9.872258512625812e+02  -2.642233873999049e+02  1.049696123610683e+01  4.119966992293066e+02  -1.613111561188677e+01  1.710159591401954e+01  7.144537488134190e-05  -4.548863249782387e-05  2.745298833538685e-05
  2.789999999999963e+00  -9.895168965238197e+02  -2.625133616337201e+02  1.191676505334326e+01  4.213262178969523e+02  -1.603303026702513e+01  1.702044200615401e+01  7.185647958979488e-05  -4.541594993060018e-05  2.796936265990229e-05
  2.794999999999963e+00  -1.006734587886551e+03  -2.597607179852211e+02  1.256322322488929e+01  4.338272175496115e+02  -1.530706529275112e+01  1.569442778948785e+01  7.333943330052618e-05  -4.543018679683608e-05  2.903060911513796e-05
  2.799999999999963e+00  -1.041653386781551e+03  -2.567070932798958e+02  1.233939562777876e+01  4.503379613154933e+02  -1.395995268940558e+01  1.308800234787892e+01  7.607732348096398e-05  -4.565063474002031e-05  3.070289152889837e-05
  2.804999999999962e+00  -1.114540881416247e+03  -2.691576232436314e+02  -1.685131733806124e+00  4.751946345977365e+02  -9.324408229671802e+00  3.856752188089458e+00  8.143722200430509e-05  -4.697856909223653e-05  3.425865742645555e-05
  2.809999999999962e+00  -1.183911375846768e+03  -2.658469439571685e+02  -1.189690391654767e+00  4.991405887296599e+02  -7.166237600623877e+00  1.524165826386615e+00  8.691998775118934e-05  -4.777521975990743e-05  3.714447280217613e-05
  2.814999999999962e+00  -1.275637310002146e+03  -2.643282566680478e+02  -1.574739752628229e+00  5.286425729239405e+02  -4.605781091522842e+00  -1.816264259841298e+00  9.395467161501180e-05  -4.909009299732063e-05  4.068858246813342e-05
  2.819999999999962e+00  -1.389476020375188e+03  -2.652687704105927e+02  -2.683539670889248e+00  5.638515640394978e+02  -1.770373611801412e+00  -5.957356274767311e+00  1.025131552665912e-04  -5.099894581081418e-05  4.485644102896988e-05
  2.824999999999962e+00  -1.524264562480894e+03  -2.691829094906113e+02  -4.280495333108142e+00  6.046943702003640e+02  1.182456495551426e+00  -1.063359003930414e+01  1.125111585641106e-04  -5.355234909794796e-05  4.958979072530091e-05
  2.829999999999962e+00  -1.678047881031642e+03  -2.764642130723992e+02  -6.076888975490649e+00  6.508403862669461e+02  4.082567162845203e+00  -1.553536727381512e+01  1.238085109589784e-04  -5.677650799712475e-05  5.480749793493964e-05
  2.834999999999962e+00  -1.828121175232712e+03  -2.930036061504842e+02  -9.578169827552985e+00  6.901417040238412e+02  1.047513694398917e+01  -1.279755527906024e+01  1.366898301723104e-04  -6.036779874618592e-05  6.051789692258014e-05
  2.839999999999962e+00  -2.009649457403277e+03  -3.058212615446081e+02  -1.029569897169265e+01  7.437759182805489e+02  1.286939413651005e+01  -1.618285261792946e+01  1.499974052225230e-04  -6.477375168082952e-05  6.622233293547071e-05
  2.844999999999962e+00  -2.201661924193307e+03  -3.225971562456365e+02  -1.091811497192317e+01  8.008734321045029e+02  1.484506061884159e+01  -1.929801773115554e+01  1.639792776679695e-04  -6.979583656215355e-05  7.209013658990793e-05
  2.849999999999961e+00  -2.399988241118763e+03  -3.430751404958113e+02  -1.113472082859108e+01  8.603951724610522e+02  1.626166824585954e+01  -2.185048906284531e+01  1.783566532629958e-04  -7.535496747067481e-05  7.799730626807592e-05
  2.854999999999961e+00  -2.600389142079093e+03  -3.668726608850693e+02  -1.068534241553445e+01  9.212068366207843e+02  1.701127207567012e+01  -2.358933310236368e+01  1.928455776673993e-04  -8.135350837694199e-05  8.382226284996948e-05
  2.859999999999961e+00  -2.765481408642288e+03  -3.896464560714782e+02  -5.242677481783307e+00  9.684362719051469e+02  2.090646990038307e+01  -1.263626175973476e+01  2.064421388897529e-04  -8.665469070690928e-05  8.814304394860101e-05
  2.864999999999961e+00  -2.962225976007895e+03  -4.184606250271907e+02  -4.882550479169244e+00  1.029421469085333e+03  2.047247904209503e+01  -1.348024475106974e+01  2.204449176884486e-04  -9.319955937977362e-05  9.340622507086371e-05
  2.869999999999961e+00  -3.150050522249500e+03  -4.491880580094270e+02  -3.810986980731132e+00  1.088665803498128e+03  1.932397634809597e+01  -1.340142108180430e+01  2.338018848723779e-04  -9.984078148935804e-05  9.831101309530113e-05
  2.874999999999961e+00  -3.325970327226750e+03  -4.810753108830514e+02  -1.973198971778470e+00  1.145219332203068e+03  1.748396022562597e+01  -1.233729796006933e+01  2.463244388210236e-04  -1.064493302759348e-04  1.027968150029610e-04
  2.879999999999961e+00  -3.487780202267722e+03  -5.133788995491316e+02  5.882778832892384e-01  1.198329924518210e+03  1.501856230642511e+01  -1.029897528477724e+01  2.578770495160129e-04  -1.129058038413534e-04  1.068281849589219e-04
  2.884999999999961e+00  -3.634162141927471e+03  -5.454083305498032e+02  3.736377187652521e+00  1.247475111160879e+03  1.203301816743979e+01  -7.360192566799262e+00  2.683818861359733e-04  -1.191065592458667e-04  1.103956455944731e-04
  2.889999999999961e+00  -3.754299506260605e+03  -5.699910180257533e+02  6.417703680840572e+00  1.290850402276806e+03  1.070176415438748e+01  8.721945668164826e-01  2.765965864545999e-04  -1.241349310809180e-04  1.119319237347925e-04
  2.894999999999960e+00  -3.874961190574269e+03  -6.012341248098943e+02  7.929883603163872e+00  1.333810257446873e+03  7.168887397631773e+00  3.077618471259354e+00  2.850949674532328e-04  -1.297042358043707e-04  1.147587995118447e-04
  2.899999999999960e+00  -3.980942821689565e+03  -6.306595564723086e+02  9.699117918390421e+00  1.372839668489010e+03  3.491355893053602e+00  5.853898469235530e+00  2.926378991863044e-04  -1.348321400257868e-04  1.172563822984561e-04
  2.904999999999960e+00  -4.074501507758683e+03  -6.579606568026792e+02  1.146157332722744e+01  1.408545917141469e+03  -1.644979395033559e-01  9.015601067207319e+00  2.993900950116088e-04  -1.395151317360153e-04  1.195127891500551e-04
  2.909999999999960e+00  -4.158723348246983e+03  -6.830275334414739e+02  1.293473325508767e+01  1.441800338934391e+03  -3.625243646775239e+00  1.236820090037354e+01  3.055641911166601e-04  -1.437831589993043e-04  1.216327498727150e-04
  2.914999999999960e+00  -4.251112311243712e+03  -7.024570377246777e+02  9.744262449741834e+00  1.483387633431803e+03  -8.205530961764454e+00  1.183761649986741e+01  3.106319159779200e-04  -1.474597608038284e-04  1.232404520133910e-04
  2.919999999999960e+00  -4.329775892287441e+03  -7.247463908556497e+02  9.851782079579948e+00  1.516444833733151e+03  -1.103583152443693e+01  1.390955520741974e+01  3.164851124933668e-04  -1.511598815769116e-04  1.256158217773195e-04
  2.924999999999960e+00  -4.410604091993367e+03  -7.451434525596005e+02  9.565646014778402e+00  1.550736370719447e+03  -1.332453208002734e+01  1.596176623541058e+01  3.225852151130456e-04  -1.546826710572827e-04  1.282203408875847e-04
  2.929999999999960e+00  -4.498412485739000e+03  -7.641158274226241e+02  8.726370930231010e+00  1.587886207769494e+03  -1.497332805115087e+01  1.784770643401414e+01  3.292588804476844e-04  -1.581635803637257e-04  1.311837437638763e-04
  2.934999999999960e+00  -4.598036905384618e+03  -7.822914602309595e+02  7.241932531402164e+00  1.629534839683779e+03  -1.590962523069442e+01  1.945351810650239e+01  3.368262371880393e-04  -1.617557593614948e-04  1.346290444223447e-04
  2.939999999999960e+00  -4.714057002016305e+03  -8.003440597735419e+02  5.113446022258474e+00  1.677319359841927e+03  -1.610900940956924e+01  2.069671325423148e+01  3.455959632434646e-04  -1.656186083523634e-04  1.386706846295164e-04
  2.944999999999959e+00  -4.870081229992815e+03  -8.228651438924503e+02  1.807804742301833e+00  1.743264095776204e+03  -1.863101102989051e+01  1.253400579693322e+01  3.560669538967194e-04  -1.700463109566397e-04  1.441595238145900e-04
  2.949999999999959e+00  -5.028193777346299e+03  -8.434598316720637e+02  3.475873356369261e-01  1.806756258798306e+03  -1.740887718105441e+01  1.337924927567559e+01  3.680506101034871e-04  -1.748848846179648e-04  1.496901891638439e-04
  2.954999999999959e+00  -5.213696204392828e+03  -8.660508955978274e+02  -1.302234368325315e+00  1.880272797785463e+03  -1.552552625154572e+01  1.395174138315706e+01  3.819858268491848e-04  -1.804574809926053e-04  1.560412346103759e-04
  2.959999999999959e+00  -5.429144267369306e+03  -8.914212403707600e+02  -2.941347943245588e+00  1.964742052699097e+03  -1.307657155403049e+01  1.424035648435689e+01  3.980370801950496e-04  -1.868993142875195e-04  1.632592316541257e-04
  2.964999999999959e+00  -5.676274927109218e+03  -9.202530551247575e+02  -4.307458728650616e+00  2.060805332905761e+03  -1.019796964215068e+01  1.425064494140365e+01  4.163194383369560e-04  -1.943206563054560e-04  1.713718243357724e-04
  2.969999999999959e+00  -5.956037616736136e+03  -9.531528753287849e+02  -5.096406679989814e+00  2.168769139643638e+03  -7.048673827285493e+00  1.399246345489606e+01  4.368935997049580e-04  -2.028060294889628e-04  1.803871758460268e-04
  2.974999999999959e+00  -6.276850432998914e+03  -1.001684610386636e+03  -4.414520088609725e+00  2.288781981858870e+03  -3.323393989287189e+00  5.667474804544707e+00  4.607354329803788e-04  -2.124339505730311e-04  1.907919723689404e-04
  2.979999999999959e+00  -6.619160103157596e+03  -1.044015251276674e+03  -3.424209844448126e+00  2.418565775315883e+03  6.348524252670285e-01  5.958500167658904e+00  4.858679621683741e-04  -2.231103371044791e-04  2.013592989708920e-04
  2.984999999999959e+00  -6.992783734864655e+03  -1.091411095269599e+03  -1.474172642515091e+00  2.559266541644537e+03  4.459787930336362e+00  5.996486074724380e+00  5.131860172603007e-04  -2.349235278975723e-04  2.127290626740345e-04
  2.989999999999958e+00  -7.395739832467315e+03  -1.143929643376597e+03  1.662644181198868e+00  2.709930947436517e+03  7.960752698530447e+00  5.761632515635413e+00  5.425574775430502e-04  -2.478295822356786e-04  2.248489813247838e-04
  2.994999999999958e+00  -7.825470310750537e+03  -1.201454026212515e+03  6.180325237703492e+00  2.869358794000682e+03  1.095212969197910e+01  5.219925336943202e+00  5.738145524167556e-04  -2.617538132474648e-04  2.376566824325808e-04
  2.999999999999958e+00  -8.284146815559057e+03  -1.281489194177105e+03  2.357284858509452e-01  3.028366293850913e+03  1.919560389182087e+01  4.539084836813352e-01  6.078223328098879e-04  -2.765110292274632e-04  2.504157916226091e-04
  3.004999999999958e+00  -8.758265015180474e+03  -1.349215891735984e+03  4.008653969162539e+00  3.199558798737159e+03  2.228480505129510e+01  2.684685626960164e-01  6.422410233639984e-04  -2.921049581062647e-04  2.640392870575341e-04
  3.009999999999958e+00  -9.249666316508525e+03  -1.420178411668132e+03  9.283831267438007e+00  3.375577769749616e+03  2.430132717544087e+01  -1.835079705431282e-01  6.778264071641823e-04  -3.083470629444499e-04  2.781857834930838e-04
  3.014999999999958e+00  -9.754314060591239e+03  -1.493967703959218e+03  1.606406902764472e+01  3.554153421712523e+03  2.521611589846774e+01  -1.074641030797187e+00  7.143741679791272e-04  -3.250809206752805e-04  2.927188308112830e-04
  3.019999999999958e+00  -1.026852637737277e+04  -1.570075450960047e+03  2.391301986374392e+01  3.733645538379088e+03  2.506691791252339e+01  -2.455291061046735e+00  7.516302530471208e-04  -3.421455728883319e-04  3.075471288871050e-04
  3.024999999999958e+00  -1.078863865021548e+04  -1.647874979024259e+03  3.246284187419193e+01  3.912451722640386e+03  2.385113886119692e+01  -4.338422180702183e+00  7.893411069726489e-04  -3.593775824485951e-04  3.225860057708294e-04
  3.029999999999958e+00  -1.131856412850168e+04  -1.745674236936479e+03  9.799322403645396e+00  4.080999475516787e+03  3.149877786376097e+01  -2.570243679144012e+00  8.276341458139871e-04  -3.762571489085100e-04  3.359957113569305e-04
  3.034999999999958e+00  -1.184042293863524e+04  -1.823936495595161e+03  1.636425973927064e+01  4.254626607120446e+03  2.892365833189735e+01  -4.334143774176919e+00  8.654171171465346e-04  -3.932681724841927e-04  3.510952054420675e-04
  3.039999999999957e+00  -1.235776660826273e+04  -1.901359536953426e+03  2.292111850170890e+01  4.423781108123283e+03  2.528148689191410e+01  -6.553181968239533e+00  9.029342090197703e-04  -4.099804747145617e-04  3.661829897134415e-04
  3.044999999999957e+00  -1.286749758339793e+04  -1.977020334263274e+03  2.919992102612377e+01  4.587596535882972e+03  2.065167633030352e+01  -9.098629570447905e+00  9.399683896420949e-04  -4.262704774641112e-04  3.811725083285041e-04
  3.049999999999957e+00  -1.336687782853052e+04  -2.050080648825126e+03  3.490594140229312e+01  4.745421282708876e+03  1.515578928785220e+01  -1.179962276908958e+01  9.763150771432525e-04  -4.420374110936984e-04  3.959749559012702e-04
  3.054999999999957e+00  -1.385343645071871e+04  -2.119708313719543e+03  3.975469641371222e+01  4.896872063340920e+03  8.933123677913054e+00  -1.445152918770076e+01  1.011791116022557e-03  -4.571990170439818e-04  4.105018434623098e-04
  3.059999999999957e+00  -1.432819414777398e+04  -2.195579758359612e+03  1.116852827027386e+01  5.040261477208075e+03  1.098253588565636e+01  -7.145123778665113e+00  1.045627991980686e-03  -4.705595223314509e-04  4.231711057308734e-04
  3.064999999999957e+00  -1.478356797539629e+04  -2.255674709371471e+03  1.421706466457965e+01  5.179558860998765e+03  3.685286100086051e+00  -9.435998755340371e+00  1.078848888865498e-03  -4.841918261110866e-04  4.370113860770368e-04
  3.069999999999957e+00  -1.522083612399631e+04  -2.310443370972113e+03  1.618129077104185e+01  5.312643914730967e+03  -3.957822101462989e+00  -1.125477600343976e+01  1.110780093266532e-03  -4.970947549781793e-04  4.503491616446235e-04
  3.074999999999957e+00  -1.563896790913236e+04  -2.359410735306469e+03  1.693184366578058e+01  5.439919943036488e+03  -1.174649376133560e+01  -1.236159970355718e+01  1.141319678575097e-03  -5.092733053181082e-04  4.631020754964823e-04
  3.079999999999957e+00  -1.603729228685434e+04  -2.402193904313447e+03  1.637298191725968e+01  5.561932611722686e+03  -1.948187944217891e+01  -1.253559161323367e+01  1.170392771681540e-03  -5.207471041682224e-04  4.751958115498749e-04
  3.084999999999956e+00  -1.640867553564997e+04  -2.434741711913635e+03  3.917423642021902e+00  5.682900154372169e+03  -2.265746663790780e+01  -4.701049684292622e+00  1.196807468346105e-03  -5.296044882052219e-04  4.861217137040941e-04
  3.089999999999956e+00  -1.676757729260828e+04  -2.463839678188388e+03  3.746065096781381e+00  5.796932409709016e+03  -3.036210658730673e+01  -4.502682474737163e+00  1.222900497533347e-03  -5.396449084018015e-04  4.969299540252851e-04
  3.094999999999956e+00  -1.710690483002397e+04  -2.486239640271326e+03  2.673869520610058e+00  5.907742991499853e+03  -3.753568648965062e+01  -3.128945664138534e+00  1.247463257424770e-03  -5.491247537962184e-04  5.069238956739547e-04
  3.099999999999956e+00  -1.742753625122788e+04  -2.501980513349500e+03  7.868034706736200e-01  6.016053914133914e+03  -4.401850915804566e+01  -5.373799406758157e-01  1.270528167248678e-03  -5.581020731518830e-04  5.160758652641549e-04
  3.104999999999956e+00  -1.773075582466024e+04  -2.511235943180346e+03  -1.824585903657583e+00  6.122550051178804e+03  -4.966837250094152e+01  3.241816643836705e+00  1.292158062668631e-03  -5.666356730086655e-04  5.243780642147481e-04
  3.109999999999956e+00  -1.801820521328349e+04  -2.514264916473282e+03  -5.019441762566696e+00  6.227874038727527e+03  -5.438186996344679e+01  8.085807632075403e+00  1.312446915744139e-03  -5.747809362602058e-04  5.318428907452250e-04
  3.114999999999956e+00  -1.828567019824817e+04  -2.497293952267862e+03  6.789173523483006e+00  6.336452667748127e+03  -5.851143444498933e+01  8.575934318179133e+00  1.330705844502585e-03  -5.804920424275948e-04  5.391979994451704e-04
  3.119999999999956e+00  -1.854867669673591e+04  -2.488891448012660e+03  5.685042920003249e+00  6.441106127336405e+03  -6.158912967290372e+01  1.298656735817304e+01  1.348796280116347e-03  -5.880852872671034e-04  5.452292039191848e-04
  3.124999999999956e+00  -1.880239427826161e+04  -2.475529256524353e+03  4.500380394471291e+00  6.546028353434061e+03  -6.350797868603416e+01  1.797170425379960e+01  1.365964655669135e-03  -5.954699090917389e-04  5.505589217788289e-04
  3.129999999999955e+00  -1.904961227278626e+04  -2.457855164065908e+03  3.332223103171824e+00  6.651518343405754e+03  -6.426213439130366e+01  2.319658283112919e+01  1.382402999340867e-03  -6.026812853155935e-04  5.552802492144087e-04
  3.134999999999955e+00  -1.929319164500911e+04  -2.436513425294659e+03  2.311053202538495e+00  6.757817406429847e+03  -6.389265100129080e+01  2.827937221456681e+01  1.398321385588285e-03  -6.097447561261203e-04  5.595029489405094e-04
  3.139999999999955e+00  -1.954093554044794e+04  -2.400943015107316e+03  1.981021864999446e+01  6.864478206107709e+03  -6.379931375121852e+01  2.043922813522024e+01  1.413848351704682e-03  -6.156168758464275e-04  5.643459043876791e-04
  3.144999999999955e+00  -1.978587459106828e+04  -2.375292064436690e+03  1.983848566202214e+01  6.972570966052215e+03  -6.121248981979442e+01  2.418468006670818e+01  1.429389288532512e-03  -6.227106563692966e-04  5.679114568861506e-04
  3.149999999999955e+00  -2.003538919928884e+04  -2.348178288568881e+03  2.007335764685247e+01  7.081696287937977e+03  -5.767232065718902e+01  2.709852722828258e+01  1.445042192287513e-03  -6.297309029083904e-04  5.713422584574345e-04
  3.154999999999955e+00  -2.029207089327420e+04  -2.320368392314168e+03  2.053285290012132e+01  7.191799973347333e+03  -5.330640591173753e+01  2.884252338831716e+01  1.461014235776305e-03  -6.366816556586741e-04  5.747754033077789e-04
  3.159999999999955e+00  -2.055810454929512e+04  -2.292520811831544e+03  2.125838302446866e+01  7.302818406812395e+03  -4.826957601124909e+01  2.913252224092598e+01  1.477495361298751e-03  -6.435622362400423e-04  5.783422875594411e-04
  3.164999999999955e+00  -2.083530024309809e+04  -2.265282207372694e+03  2.226818459783590e+01  7.414627947582357e+03  -4.270895341651200e+01  2.776735888123840e+01  1.494644083517811e-03  -6.503752037251529e-04  5.821619426103546e-04
  3.169999999999955e+00  -2.113462765343767e+04  -2.242809643688131e+03  2.459264336972643e+01  7.522680276367707e+03  -3.505009367196671e+01  1.769904707906944e+01  1.513067075916909e-03  -6.578956921529303e-04  5.870437857248329e-04
  3.174999999999955e+00  -2.143554419068827e+04  -2.220021594030053e+03  2.473365025036297e+01  7.635599600993969e+03  -2.843338827095597e+01  1.512059216645753e+01  1.531847550410376e-03  -6.648738523316865e-04  5.915448793147582e-04
  3.179999999999954e+00  -2.174990472433115e+04  -2.199332341603644e+03  2.488166808072209e+01  7.748773136722028e+03  -2.181492510699148e+01  1.091096486863435e+01  1.551575487605014e-03  -6.717784018979688e-04  5.965494982849489e-04
  3.184999999999954e+00  -2.207723450969627e+04  -2.180944791534537e+03  2.502717331130687e+01  7.862016165033475e+03  -1.535292390321532e+01  5.177123842383480e+00  1.572255260526369e-03  -6.786134997106213e-04  6.020948678032929e-04
  3.189999999999954e+00  -2.241645684411249e+04  -2.164961537610748e+03  2.515537118850161e+01  7.975112441343280e+03  -9.183894805148496e+00  -1.878858025044014e+00  1.593840996158924e-03  -6.853901288696667e-04  6.081888193086986e-04
  3.194999999999954e+00  -2.276567053197931e+04  -2.166157031481323e+03  1.004465497189499e+01  8.085136431041530e+03  1.406053583030161e+00  -5.271814698351637e+00  1.616941892561687e-03  -6.937855424044270e-04  6.152768668440583e-04
  3.199999999999954e+00  -2.312104803875287e+04  -2.155724145566632e+03  9.085569434375300e+00  8.197373612717616e+03  6.648329041477393e+00  -1.200324184725934e+01  1.640041723231964e-03  -7.005765204034421e-04  6.223303347196647e-04
  3.204999999999954e+00  -2.348207824226303e+04  -2.147137015418586e+03  7.933330779406083e+00  8.308627714272052e+03  1.114007694485299e+01  -1.935407176231656e+01  1.663686298189367e-03  -7.073101322467948e-04  6.298167675094859e-04
  3.209999999999954e+00  -2.384557882282479e+04  -2.139935735444184e+03  6.571397088514512e+00  8.418630412999595e+03  1.482717606492119e+01  -2.692279371285217e+01  1.687665547191024e-03  -7.140085200399973e-04  6.376414177684824e-04
  3.214999999999954e+00  -2.420806680850936e+04  -2.133548355440660e+03  4.991585295391651e+00  8.527094489609313e+03  1.767075055047816e+01  -3.429614641529285e+01  1.711742529946130e-03  -7.206952541868076e-04  6.456891081662988e-04
  3.219999999999954e+00  -2.456588865819464e+04  -2.127332511556315e+03  3.147416441260438e+00  8.633710087375843e+03  1.965937289097754e+01  -4.105859032226815e+01  1.735662405456945e-03  -7.273942041840259e-04  6.538309439029697e-04
  3.224999999999953e+00  -2.489883755754101e+04  -2.129830160202946e+03  -1.221522688315295e+01  8.741888636929893e+03  2.446989372743846e+01  -3.420387452487962e+01  1.759947644404413e-03  -7.352740872340961e-04  6.623650869321684e-04
  3.229999999999953e+00  -2.523646673605100e+04  -2.120349050842737e+03  -1.379463071819843e+01  8.843672411761368e+03  2.391276502345238e+01  -3.899518872575400e+01  1.782884569560995e-03  -7.418190766817330e-04  6.703378776708397e-04
  3.234999999999953e+00  -2.555883286978412e+04  -2.108382103738706e+03  -1.559415858034676e+01  8.942560275430640e+03  2.250476542473769e+01  -4.253366789019293e+01  1.804884257277355e-03  -7.483851831791481e-04  6.779959948996769e-04
  3.239999999999953e+00  -2.586266409970079e+04  -2.093045610219729e+03  -1.760606997774747e+01  9.038247196751077e+03  2.030493765719313e+01  -4.457655415475570e+01  1.825701746647386e-03  -7.549810713491280e-04  6.851990152504525e-04
  3.244999999999953e+00  -2.614514541212075e+04  -2.073523169604419e+03  -1.986625099419723e+01  9.130410731507127e+03  1.739552269316010e+01  -4.495045661273193e+01  1.845116290152303e-03  -7.616087389978836e-04  6.918177961908625e-04
  3.249999999999953e+00  -2.638492210698747e+04  -2.036957173217870e+03  -1.805674179612243e+01  9.227797677610266e+03  1.307204313444498e+01  -3.471825641320548e+01  1.863610082838852e-03  -7.679831449269972e-04  6.981594716618815e-04
  3.254999999999953e+00  -2.662030252249630e+04  -2.003912506086726e+03  -1.898731315509015e+01  9.311573072109883e+03  8.134927225410484e+00  -3.342785005571900e+01  1.879763561960424e-03  -7.742908331498694e-04  7.033685134597300e-04
  3.259999999999953e+00  -2.682883159800395e+04  -1.964237474254166e+03  -2.003200844041650e+01  9.391116063624935e+03  2.871352985019245e+00  -3.050985433442257e+01  1.894027027566118e-03  -7.805733109047190e-04  7.077016852030267e-04
  3.264999999999953e+00  -2.700986094060610e+04  -1.917346486116147e+03  -2.115621961911126e+01  9.466258894600029e+03  -2.622879447689846e+00  -2.607356174375955e+01  1.906330370108837e-03  -7.867932577306302e-04  7.111021397269892e-04
  3.269999999999953e+00  -2.716342588239799e+04  -1.862826156646709e+03  -2.235694073256631e+01  9.536844401113187e+03  -8.234595559605591e+00  -2.029073251178861e+01  1.916645230535368e-03  -7.929041451535076e-04  7.135367333881350e-04
  3.274999999999952e+00  -2.729010418624049e+04  -1.800324534985234e+03  -2.358295525549659e+01  9.602785648224308e+03  -1.387046145669234e+01  -1.340512571406999e+01  1.924988851164460e-03  -7.988451693975339e-04  7.149956588557540e-04
  3.279999999999952e+00  -2.738956917642396e+04  -1.697877168670705e+03  -4.347974103050970e+00  9.671186440223681e+03  -2.366859641058626e+01  -7.969347381053499e+00  1.931667162330159e-03  -8.027250740310448e-04  7.157273595053807e-04
  3.284999999999952e+00  -2.746843692281324e+04  -1.617726081439056e+03  -4.581150131118997e+00  9.727303746533589e+03  -2.886360467708818e+01  -1.132041438161599e+00  1.936121000796448e-03  -8.079486006548147e-04  7.153077350256205e-04
  3.289999999999952e+00  -2.752487408036057e+04  -1.529680106459466e+03  -4.715124331822554e+00  9.778984671342996e+03  -3.360378038175046e+01  6.159317003366638e+00  1.938822212865153e-03  -8.128265476425921e-04  7.139884135950495e-04
  3.294999999999952e+00  -2.756131591655324e+04  -1.434049036611732e+03  -4.730830700919535e+00  9.826297312505038e+03  -3.779433539824255e+01  1.358616438863768e+01  1.939919598490834e-03  -8.172768829693201e-04  7.118348733737251e-04
  3.299999999999952e+00  -2.758038504001497e+04  -1.331232810270464e+03  -4.588351577035395e+00  9.869364020387433e+03  -4.135223980418924e+01  2.083040016043689e+01  1.939581834618989e-03  -8.212139005921066e-04  7.089248717790345e-04
  3.304999999999952e+00  -2.760394389899224e+04  -1.195328154342458e+03  1.470197647822697e+01  9.907058989523190e+03  -4.682744622074810e+01  1.875885478386775e+01  1.937637876936009e-03  -8.225884052727707e-04  7.052507323366295e-04
  3.309999999999952e+00  -2.759684088940550e+04  -1.081621376825144e+03  1.465995517325286e+01  9.941880744234482e+03  -4.811901307651073e+01  2.478804978860365e+01  1.934710181581864e-03  -8.253776947454905e-04  7.010485058687891e-04
  3.314999999999952e+00  -2.758036007357116e+04  -9.630209879757886e+02  1.477442070298756e+01  9.973083410118710e+03  -4.853360852691829e+01  3.010846269308961e+01  1.930878484422507e-03  -8.274765301826968e-04  6.963443062473735e-04
  3.319999999999951e+00  -2.755715735289556e+04  -8.403693433192309e+02  1.500921032096136e+01  1.000080448068731e+04  -4.802426627077516e+01  3.450769437064870e+01  1.926323945199847e-03  -8.288205869982982e-04  6.912303431984195e-04
  3.324999999999951e+00  -2.752963782440034e+04  -7.145460460443865e+02  1.531358371254134e+01  1.002518425027249e+04  -4.655026305916382e+01  3.782256592876554e+01  1.921213026283055e-03  -8.293573349840165e-04  6.857936832819499e-04
  3.329999999999951e+00  -2.749989282501501e+04  -5.864540379152656e+02  1.562418717548844e+01  1.004635606588504e+04  -4.407728398991546e+01  3.994008273035185e+01  1.915692405138340e-03  -8.290491704183846e-04  6.801129244843524e-04
  3.334999999999951e+00  -2.749587386667714e+04  -4.579482628910874e+02  2.094265534818073e+01  1.005307850059504e+04  -3.952456344195388e+01  3.277685604572669e+01  1.908889095323657e-03  -8.273326842388898e-04  6.740919903796529e-04
  3.339999999999951e+00  -2.746417894772202e+04  -3.309470714657992e+02  2.035911329220921e+01  1.006846780677161e+04  -3.486245139429003e+01  3.355108427217808e+01  1.902704240050443e-03  -8.256713746298117e-04  6.680781495586447e-04
  3.344999999999951e+00  -2.743425422760893e+04  -2.042422432522866e+02  1.955684490263504e+01  1.008091070288844e+04  -2.939265481418918e+01  3.308920074525918e+01  1.896442457246052e-03  -8.231788902359738e-04  6.619951067098450e-04
  3.349999999999951e+00  -2.740659394114458e+04  -7.853072045261945e+01  1.840465827102700e+01  1.009044517623814e+04  -2.314975017618126e+01  3.142532180090722e+01  1.890148157866895e-03  -8.198869447592200e-04  6.558745440257274e-04
  3.354999999999951e+00  -2.738119594431388e+04  4.562955576485442e+01  1.679504749829334e+01  1.009712312903349e+04  -1.619510622596143e+01  2.862459195723276e+01  1.883836712078959e-03  -8.158471384222663e-04  6.497329964818982e-04
  3.359999999999951e+00  -2.737051953486825e+04  1.462553952066609e+02  1.011989152033355e+01  1.008569468260528e+04  -7.591564562958908e+00  2.241725051009557e+01  1.876516118178461e-03  -8.123405468984329e-04  6.437969064757786e-04
  3.364999999999950e+00  -2.734447300472878e+04  2.653067094322101e+02  7.854186075297918e+00  1.008764040435680e+04  -2.110209516570203e-01  1.900681309252542e+01  1.870091770514921e-03  -8.074214387545014e-04  6.376271963624549e-04
  3.369999999999950e+00  -2.731853756631466e+04  3.822383154510690e+02  4.875057590256969e+00  1.008681011986846e+04  7.423611475629275e+00  1.467643296951311e+01  1.863588043477260e-03  -8.020116922412251e-04  6.314225157345661e-04
  3.374999999999950e+00  -2.729114130592072e+04  4.970977580979070e+02  1.095602026342860e+00  1.008333856174114e+04  1.520037935862402e+01  9.576631816115519e+00  1.856914120451965e-03  -7.962369261558753e-04  6.251475618375646e-04
  3.379999999999950e+00  -2.726037787533674e+04  6.101400803959364e+02  -3.511436980454643e+00  1.007744212207993e+04  2.297879063714378e+01  3.864248273273230e+00  1.849962884495924e-03  -7.902379226953289e-04  6.187568601798093e-04
  3.384999999999950e+00  -2.722416002402089e+04  7.217489720509473e+02  -8.967367317999146e+00  1.006939660380220e+04  3.061502860003180e+01  -2.284767229176550e+00  1.842611592612580e-03  -7.841717223087600e-04  6.121969682919782e-04
  3.389999999999950e+00  -2.716217837085403e+04  8.144978936152539e+02  -1.435504908166934e+01  1.005178815622161e+04  3.506759191524009e+01  -2.380451988643613e+00  1.834160794550541e-03  -7.807943716910873e-04  6.060887956528195e-04
  3.394999999999950e+00  -2.710649274832904e+04  9.272763367962415e+02  -1.989039704100385e+01  1.004169360536705e+04  4.097288864880258e+01  -8.238899207624721e+00  1.825859688006769e-03  -7.752365785327016e-04  5.990942796400043e-04
  3.399999999999950e+00  -2.703898692632463e+04  1.040882478980997e+03  -2.624559867372254e+01  1.003073644115791e+04  4.631352296587259e+01  -1.417346531245386e+01  1.816807078484581e-03  -7.700893966721343e-04  5.917630627907178e-04
  3.404999999999950e+00  -2.695738011198591e+04  1.156241157119340e+03  -3.328445991657058e+01  1.001963369605010e+04  5.095843918907079e+01  -1.998443397006317e+01  1.806875170564397e-03  -7.655381829988195e-04  5.840325274206465e-04
  3.409999999999950e+00  -2.685962269754409e+04  1.274318961208945e+03  -4.086053028681953e+01  1.000920131584055e+04  5.479456514792452e+01  -2.546670520960392e+01  1.795949781641474e-03  -7.617702864836418e-04  5.758454443330664e-04
  3.414999999999949e+00  -2.670401043460740e+04  1.399074365894728e+03  -3.273634783211320e+01  1.000589174261661e+04  5.357652533104523e+01  -1.877580997893205e+01  1.783801334981071e-03  -7.613887506706320e-04  5.677076760622139e-04
  3.419999999999949e+00  -2.657076444124847e+04  1.528307762380922e+03  -3.989104116603576e+01  1.000047754227423e+04  5.535083042760759e+01  -2.340300335788200e+01  1.770977174593377e-03  -7.596058110276723e-04  5.585325839699476e-04
  3.424999999999949e+00  -2.641754853948829e+04  1.663167331202760e+03  -4.728308141886293e+01  9.998692490512158e+03  5.628286785292008e+01  -2.727857445910259e+01  1.756959046391931e-03  -7.590911988143533e-04  5.487842188082150e-04
  3.429999999999949e+00  -2.624383768229266e+04  1.804561614638534e+03  -5.466980373164419e+01  1.000174253004260e+04  5.636782124746222e+01  -3.021544140005966e+01  1.741736549557019e-03  -7.600066713777898e-04  5.384493124086194e-04
  3.434999999999949e+00  -2.604971817919294e+04  1.953291279712972e+03  -6.181891163629358e+01  1.001087996836235e+04  5.563367758688152e+01  -3.205139649712443e+01  1.725339455709593e-03  -7.625001870140123e-04  5.275338430967278e-04
  3.439999999999949e+00  -2.583592571776163e+04  2.110017659228232e+03  -6.849876925257868e+01  1.002737797358665e+04  5.414004935942147e+01  -3.266140035735589e+01  1.707840489296776e-03  -7.667037684755019e-04  5.160646647247375e-04
  3.444999999999949e+00  -2.557334895620440e+04  2.297631194154590e+03  -4.453570272490254e+01  1.006886862341266e+04  5.150545801343249e+01  -2.343491439411273e+01  1.690111946587327e-03  -7.738716393794571e-04  5.038577993300535e-04
  3.449999999999949e+00  -2.532993097180990e+04  2.472381300662698e+03  -5.079523850095440e+01  1.010363562659570e+04  4.974751479868873e+01  -2.286203633213803e+01  1.671041898697539e-03  -7.814884046807559e-04  4.914011818704380e-04
  3.454999999999949e+00  -2.507275922072917e+04  2.655874528843401e+03  -5.622697403866117e+01  1.014943622546217e+04  4.778015775932035e+01  -2.088190214837528e+01  1.651290310696888e-03  -7.910709827376691e-04  4.785681003481068e-04
  3.459999999999948e+00  -2.480521321748942e+04  2.848008547675238e+03  -6.065087605101778e+01  1.020741177339830e+04  4.576393424357299e+01  -1.753243687635805e+01  1.631101484965288e-03  -8.026714195286743e-04  4.654721757232213e-04
  3.464999999999948e+00  -2.453131701615722e+04  3.048427043511648e+03  -6.391454058802780e+01  1.027858339804989e+04  4.387297592234222e+01  -1.291508826181575e+01  1.610758439017147e-03  -8.163186103363223e-04  4.522486904322496e-04
  3.469999999999948e+00  -2.425561428307443e+04  3.256570719698026e+03  -6.587848923602570e+01  1.036385853895118e+04  4.227519736181354e+01  -7.196807937753735e+00  1.590580587867096e-03  -8.320147396720343e-04  4.390532397111367e-04
  3.474999999999948e+00  -2.399133075216410e+04  3.489676728145133e+03  -3.992942592972268e+01  1.047749604197230e+04  4.770503503084062e+01  -4.139366688074862e+00  1.572304170961613e-03  -8.494816753417985e-04  4.244816440419494e-04
  3.479999999999948e+00  -2.373079406467441e+04  3.709027419971309e+03  -4.233229208483102e+01  1.059154593455076e+04  4.866253275954259e+01  2.046139911987109e+00  1.553443721491002e-03  -8.688958756121100e-04  4.116329465646029e-04
  3.484999999999948e+00  -2.348366994865881e+04  3.933058191545758e+03  -4.332192597370722e+01  1.072145172790632e+04  5.046561364874515e+01  8.864761021145501e+00  1.535778479008431e-03  -8.902445979509532e-04  3.993129181037994e-04
  3.489999999999948e+00  -2.325570523038154e+04  4.160409389757860e+03  -4.283417012820806e+01  1.086741487173230e+04  5.318851881999561e+01  1.597631317748575e+01  1.519699769212372e-03  -9.134410341045578e-04  3.877203303524042e-04
  3.494999999999948e+00  -2.305253376976863e+04  4.389635934855064e+03  -4.079167093940216e+01  1.102945524111125e+04  5.685273245291824e+01  2.301991196151819e+01  1.505594145033819e-03  -9.383745276870467e-04  3.770535655391576e-04
  3.499999999999948e+00  -2.292030594821248e+04  4.610173709969277e+03  -3.051676780221222e+01  1.120641238808992e+04  7.245550754618445e+01  1.688716990145658e+01  1.495268550200135e-03  -9.643449764011666e-04  3.646579845730541e-04
  3.504999999999947e+00  -2.278584449580602e+04  4.833895598560237e+03  -3.074118674861221e+01  1.139748295471658e+04  8.012318525397497e+01  2.235736273949865e+01  1.485988120543251e-03  -9.922428206824904e-04  3.558072872904508e-04
  3.509999999999947e+00  -2.268731869123607e+04  5.055557534375892e+03  -2.923354090652973e+01  1.160385908649478e+04  8.817126296915012e+01  2.819896442273231e+01  1.479576596985108e-03  -1.021465491001114e-03  3.486009159134987e-04
  3.514999999999947e+00  -2.263187552172541e+04  5.272997193136229e+03  -2.601008958589231e+01  1.182450499345930e+04  9.680265377572306e+01  3.320167242610241e+01  1.476396790433363e-03  -1.051844646013950e-03  3.429355804906210e-04
  3.519999999999947e+00  -2.262301204315515e+04  5.484561764883942e+03  -2.135794888951287e+01  1.205855363219253e+04  1.058482276484963e+02  3.700222007881798e+01  1.476664276359859e-03  -1.083217533930577e-03  3.389373489442436e-04
  3.524999999999947e+00  -2.266312298265525e+04  5.688942377028139e+03  -1.516042928450451e+01  1.230493623455686e+04  1.150043956868890e+02  3.938205209919865e+01  1.480526407800585e-03  -1.115400385327863e-03  3.366962704742675e-04
  3.529999999999947e+00  -2.279263100984161e+04  5.833478488341548e+03  -3.560819317352768e+01  1.254429725633971e+04  1.387957661530733e+02  3.153041506665615e+01  1.488370186620514e-03  -1.148196653179253e-03  3.318186502952851e-04
  3.534999999999947e+00  -2.293016944156016e+04  6.017200427779344e+03  -3.205403685863563e+01  1.281130657203838e+04  1.489091068126912e+02  3.329863696249237e+01  1.499287258914566e-03  -1.181464385787089e-03  3.327746828467835e-04
  3.539999999999947e+00  -2.311830602539605e+04  6.190649872369209e+03  -2.709209024457618e+01  1.308696434293568e+04  1.583195135162780e+02  3.352558512237542e+01  1.513876235439724e-03  -1.214952596446803e-03  3.355173767351926e-04
  3.544999999999947e+00  -2.335529155485432e+04  6.353238208258538e+03  -2.065527331456811e+01  1.336985982984401e+04  1.667549898646118e+02  3.236349312030663e+01  1.531995891112022e-03  -1.248468851682584e-03  3.399841384734611e-04
  3.549999999999947e+00  -2.363839586914908e+04  6.504619229313266e+03  -1.267832180539578e+01  1.365858263593505e+04  1.739687747053636e+02  3.005918396601874e+01  1.553434188325922e-03  -1.281831761018350e-03  3.460753385322389e-04
  3.554999999999946e+00  -2.396401781124004e+04  6.644673953654772e+03  -3.132408370590559e+00  1.395175126298830e+04  1.797590720099779e+02  2.694434819957978e+01  1.577916100226079e-03  -1.314874509472422e-03  3.536592040501870e-04
  3.559999999999946e+00  -2.433539684751827e+04  6.692238723034235e+03  -4.714795692929315e+01  1.423072951168957e+04  2.014188431081029e+02  2.727228114939798e+01  1.603825800017704e-03  -1.348025083718682e-03  3.566869655972628e-04
  3.564999999999946e+00  -2.473248843202689e+04  6.808658038651664e+03  -4.036793594487626e+01  1.453060186403641e+04  2.049960599898358e+02  2.411669479560489e+01  1.633412661512225e-03  -1.379934591443021e-03  3.664935964845841e-04
  3.569999999999946e+00  -2.515843754146349e+04  6.914689368275043e+03  -3.228284245417098e+01  1.483122832756193e+04  2.067428137389431e+02  2.076518872512038e+01  1.665012203930993e-03  -1.411084272206616e-03  3.772891841363784e-04
  3.574999999999946e+00  -2.560752873510452e+04  7.011034655164422e+03  -2.293624028323820e+01  1.513159578123865e+04  2.066827901731577e+02  1.765699506007122e+01  1.698199689009816e-03  -1.441382273784301e-03  3.888687620565595e-04
  3.579999999999946e+00  -2.607410621893057e+04  7.098469104032304e+03  -1.245598671898798e+01  1.543083597707792e+04  2.049161766600516e+02  1.521129393397798e+01  1.732551020512943e-03  -1.470763674766379e-03  4.010271356424160e-04
  3.584999999999946e+00  -2.654154186620738e+04  7.093167740348626e+03  -5.714697169725812e+01  1.572501269283689e+04  2.151314045528759e+02  2.059725874403088e+01  1.765695333920890e-03  -1.499471974619320e-03  4.074318856572286e-04
  3.589999999999946e+00  -2.703181550137514e+04  7.166315425981526e+03  -4.859521096830233e+01  1.602182425985612e+04  2.103040462404942e+02  1.799867620105400e+01  1.801506756769205e-03  -1.526635046312219e-03  4.201330156532014e-04
  3.594999999999946e+00  -2.752477801776359e+04  7.233472855955748e+03  -3.913430499905792e+01  1.631570876900431e+04  2.042127785190143e+02  1.657448098383825e+01  1.837370327715903e-03  -1.552792029111482e-03  4.328959863351985e-04
  3.599999999999945e+00  -2.801665389922746e+04  7.295578161324779e+03  -2.897317223095655e+01  1.660654110795103e+04  1.971276408663662e+02  1.653069018949267e+01  1.873000990463541e-03  -1.577979840115053e-03  4.455809180999018e-04
  3.604999999999945e+00  -2.850469028716598e+04  7.353450039779994e+03  -1.839983487051383e+01  1.689435589044253e+04  1.893423948636157e+02  1.796604097156787e+01  1.908181140625567e-03  -1.602258815406165e-03  4.580791214096254e-04
  3.609999999999945e+00  -2.898715623785267e+04  7.407859021962846e+03  -7.718793029331692e+00  1.717938012267746e+04  1.811304913285113e+02  2.085227096907109e+01  1.942770878669530e-03  -1.625704453263624e-03  4.703162513732797e-04
  3.614999999999945e+00  -2.947363578080329e+04  7.395097785833386e+03  -4.050458496395065e+01  1.747070457754419e+04  1.750009869712324e+02  1.873869175438760e+01  1.976061635308782e-03  -1.647626685700276e-03  4.771800381576211e-04
  3.619999999999945e+00  -2.994867927777396e+04  7.447756356933705e+03  -3.071702267825380e+01  1.775090921274423e+04  1.658000932553026e+02  2.089792001976868e+01  2.009634089831358e-03  -1.669374232117167e-03  4.889459937505628e-04
  3.624999999999945e+00  -3.041819968603237e+04  7.498845242215137e+03  -2.103374942132776e+01  1.802958004714143e+04  1.569179656498101e+02  2.423497873210692e+01  2.042571254485119e-03  -1.690618454591152e-03  5.004404230198630e-04
  3.629999999999945e+00  -3.088465634872717e+04  7.548559720928398e+03  -1.178237857431223e+01  1.830742865137365e+04  1.485320003029579e+02  2.842499247685348e+01  2.075025741427690e-03  -1.711480838785374e-03  5.117234224029263e-04
  3.634999999999945e+00  -3.135127407077293e+04  7.596998344849129e+03  -3.240426058280871e+00  1.858522618127831e+04  1.407496124866262e+02  3.306894952271296e+01  2.107210158808964e-03  -1.732076504885100e-03  5.228826384676414e-04
  3.639999999999945e+00  -3.186387936977508e+04  7.604661639038337e+03  -2.088513397363000e+01  1.887053599407877e+04  1.254780208588081e+02  2.010312780505046e+01  2.140593912870716e-03  -1.751648289652493e-03  5.305393337463721e-04
  3.644999999999945e+00  -3.234226743359725e+04  7.653848762563132e+03  -1.284069681406420e+01  1.914889385528408e+04  1.191146754018429e+02  2.383770203343296e+01  2.173031240008818e-03  -1.771912009781251e-03  5.418794445101486e-04
  3.649999999999944e+00  -3.283213320435502e+04  7.701225395939468e+03  -5.634945851075029e+00  1.942950723425926e+04  1.136336099237953e+02  2.742754429911186e+01  2.205971133391807e-03  -1.792248293092084e-03  5.534430680238714e-04
  3.654999999999944e+00  -3.333802509280596e+04  7.746362427031208e+03  5.927623396323227e-01  1.971296470389430e+04  1.089433791059788e+02  3.043711870964684e+01  2.239725656281529e-03  -1.812717513359185e-03  5.653642202957688e-04
  3.659999999999944e+00  -3.386410971505972e+04  7.788823491809240e+03  5.804945473455639e+00  1.999972131528231e+04  1.048990775372943e+02  3.247552805669003e+01  2.274587818529669e-03  -1.833354412579355e-03  5.777713440854957e-04
  3.664999999999944e+00  -3.441397308509778e+04  7.828148902164499e+03  1.005655823159127e+01  2.029004248357880e+04  1.013264126034337e+02  3.322364916117612e+01  2.310813705676143e-03  -1.854169193315911e-03  5.907791405796976e-04
  3.669999999999944e+00  -3.503649694060196e+04  7.837597552878733e+03  -1.332633873575308e+00  2.058162539942068e+04  9.215320433398756e+01  1.766134900137639e+01  2.350617620097043e-03  -1.874985053470235e-03  6.019237463778969e-04
  3.674999999999944e+00  -3.563496696671283e+04  7.870230596243056e+03  2.439515132710056e+00  2.087858981354210e+04  9.121277384889805e+01  1.829625041959889e+01  2.389840845556779e-03  -1.896178521650674e-03  6.163295821359518e-04
  3.679999999999944e+00  -3.626278735829895e+04  7.898143807505473e+03  5.574887124202839e+00  2.117899850733978e+04  9.031757313284412e+01  1.748200012082728e+01  2.430878568371182e-03  -1.917444786992392e-03  6.315379081363782e-04
  3.684999999999944e+00  -3.691968744414356e+04  7.921131563357604e+03  8.334397430670617e+00  2.148221803409028e+04  8.921971847730434e+01  1.518042452998681e+01  2.473742270210220e-03  -1.938681692431353e-03  6.475624335376363e-04
  3.689999999999944e+00  -3.760413720608842e+04  7.939136534109452e+03  1.104290128367798e+01  2.178738872310347e+04  8.768310944036298e+01  1.145308102577911e+01  2.518363103689784e-03  -1.959765228855841e-03  6.643827287333469e-04
  3.694999999999943e+00  -3.833321758828749e+04  7.914641844424491e+03  -4.839634479081429e+00  2.208696616720811e+04  9.370835922658068e+01  5.215613831897041e+00  2.566017934405096e-03  -1.981194355205696e-03  6.793877203842850e-04
  3.699999999999943e+00  -3.905724031727372e+04  7.921541441517382e+03  -2.474251847698291e+00  2.239326874185639e+04  9.388908257057879e+01  2.537771451239781e+00  2.613354972806491e-03  -2.001653549643970e-03  6.975092492739531e-04
  3.704999999999943e+00  -3.979854681033378e+04  7.923915040523854e+03  3.229735523301471e-01  2.269786060431848e+04  9.304043264703549e+01  -1.239807831041628e+00  2.661847786781203e-03  -2.021492995349940e-03  7.161864073119466e-04
  3.709999999999943e+00  -4.055146792491667e+04  7.922320766107889e+03  3.817932342660715e+00  2.299914670697262e+04  9.103499886565804e+01  -5.845957173481052e+00  2.711142698905148e-03  -2.040541722772850e-03  7.352794307353454e-04
  3.714999999999943e+00  -4.130965585913174e+04  7.917470959936901e+03  8.240802592566205e+00  2.329549098959562e+04  8.778304495759963e+01  -1.098442090027834e+01  2.760841436213322e-03  -2.058630889556888e-03  7.546263707708292e-04
  3.719999999999943e+00  -4.206641234781774e+04  7.910111402300772e+03  1.369156439779486e+01  2.358523317845628e+04  8.326366752029649e+01  -1.633734121979099e+01  2.810511022539231e-03  -2.075603912195396e-03  7.740495219762760e-04
  3.724999999999943e+00  -4.279916822680198e+04  7.847159643213858e+03  -1.252960139704325e+01  2.386210995328097e+04  1.036731133925046e+02  -9.643169971633800e+00  2.859772328844070e-03  -2.092422544690346e-03  7.908909689283674e-04
  3.729999999999943e+00  -4.353167341390112e+04  7.837083580477092e+03  -7.385540967488760e+00  2.413482173636132e+04  9.856570843093712e+01  -1.392835437787242e+01  2.907957675939087e-03  -2.106756453721888e-03  8.099504573652921e-04
  3.734999999999943e+00  -4.424338254194112e+04  7.827320014382752e+03  -1.440307316679419e+00  2.439636629318711e+04  9.209137584585726e+01  -1.815054014933889e+01  2.954797154425844e-03  -2.119579577576813e-03  8.285431246176587e-04
  3.739999999999942e+00  -4.492812630170083e+04  7.818689969452594e+03  5.099028901834384e+00  2.464564037737658e+04  8.439327352952466e+01  -2.209883086088944e+01  2.999868826643569e-03  -2.130822035558700e-03  8.464863928638162e-04
  3.744999999999942e+00  -4.558050738926427e+04  7.811847908943205e+03  1.186908443821489e+01  2.488178663896440e+04  7.567424626785916e+01  -2.559773960876715e+01  3.042787604502916e-03  -2.140450453698181e-03  8.636110582508771e-04
  3.749999999999942e+00  -4.616835086953784e+04  7.758694026567909e+03  -1.979286903371932e+01  2.510374426065676e+04  9.642258782074090e+01  -1.664510598185821e+01  3.082365473224226e-03  -2.149012365401970e-03  8.783697390425313e-04
  3.754999999999942e+00  -4.674563694166330e+04  7.760060111809200e+03  -1.378492222592148e+01  2.531321460769611e+04  8.603606408704593e+01  -2.027111839782949e+01  3.120020842137848e-03  -2.155224228702375e-03  8.936278145289272e-04
  3.759999999999942e+00  -4.727973140714067e+04  7.764733422826853e+03  -8.359354776514650e+00  2.550891941782913e+04  7.504132785943737e+01  -2.346183033236033e+01  3.154690880657075e-03  -2.159884048543808e-03  9.077022219680910e-04
  3.764999999999942e+00  -4.776886576756975e+04  7.772807825936837e+03  -3.972483945466250e+00  2.569143326098609e+04  6.370048084593385e+01  -2.616117933196407e+01  3.186227467512117e-03  -2.163098983120787e-03  9.205119960126050e-04
  3.769999999999942e+00  -4.821232153193364e+04  7.784195549742690e+03  -1.102112363541238e+00  2.586166794451005e+04  5.228578698343645e+01  -2.832154698105211e+01  3.214547218619213e-03  -2.165011014267541e-03  9.320026156255228e-04
  3.774999999999942e+00  -4.861025452179289e+04  7.798765317126578e+03  -1.260085703235845e-01  2.602089956459688e+04  4.103296450149544e+01  -2.991659347164090e+01  3.239633702081667e-03  -2.165788436542936e-03  9.421452139356827e-04
  3.779999999999942e+00  -4.894046173101020e+04  7.799154907972857e+03  -2.154660533011962e+01  2.617767722034193e+04  5.013850505908144e+01  -2.543870518814780e+01  3.259937966967183e-03  -2.163727184373083e-03  9.512909741082927e-04
  3.784999999999942e+00  -4.925373528510430e+04  7.823371117350619e+03  -2.098431475076957e+01  2.632075824321153e+04  3.797774999997570e+01  -2.745493394693004e+01  3.278732615511437e-03  -2.162372955511182e-03  9.589877712491060e-04
  3.789999999999941e+00  -4.952633419322088e+04  7.849719715553497e+03  -2.248142558939341e+01  2.645834046009079e+04  2.646010448660443e+01  -2.874061699822031e+01  3.294579224455638e-03  -2.160502690458023e-03  9.653887841404402e-04
  3.794999999999941e+00  -4.976108045063212e+04  7.877989523209973e+03  -2.605142580412246e+01  2.659267719713106e+04  1.573036996592138e+01  -2.918440358356129e+01  3.307661951534677e-03  -2.158358424653855e-03  9.705442953049381e-04
  3.799999999999941e+00  -4.996111864785290e+04  7.908114437854160e+03  -3.153679604529188e+01  2.672613783155109e+04  5.883719675232232e+00  -2.866699532145717e+01  3.318195155799831e-03  -2.156183594836587e-03  9.745171262462051e-04
  3.804999999999941e+00  -5.011004785342461e+04  7.954363421067110e+03  -2.572840359277682e+01  2.687433405367043e+04  3.084265344279725e+00  -2.492816500470397e+01  3.324327395142179e-03  -2.149987467325142e-03  9.785122185408609e-04
  3.809999999999941e+00  -5.025375652825378e+04  7.990223007315652e+03  -2.966215660826639e+01  2.701365627987437e+04  -6.384123193610291e+00  -2.383835650669342e+01  3.330576969215701e-03  -2.148160415348087e-03  9.804542007953527e-04
  3.814999999999941e+00  -5.037323111337719e+04  8.028070851607469e+03  -3.467073433942998e+01  2.715915300841624e+04  -1.472876080336883e+01  -2.142147951743173e+01  3.335030043344134e-03  -2.147043082298536e-03  9.814212643398275e-04
  3.819999999999941e+00  -5.047209336403182e+04  8.068530342248350e+03  -4.028034999491054e+01  2.731302871855885e+04  -2.194728580068982e+01  -1.756333383038617e+01  3.337942765760697e-03  -2.146845716848575e-03  9.814933227802727e-04
  3.824999999999941e+00  -5.055396926616893e+04  8.112356584469015e+03  -4.596459865682209e+01  2.747731270647782e+04  -2.805395331424809e+01  -1.219722284841748e+01  3.339568870687179e-03  -2.147759439350912e-03  9.807511850646643e-04
  3.829999999999941e+00  -5.062246267364467e+04  8.160410985225505e+03  -5.119900610566986e+01  2.765383691112505e+04  -3.307485920603136e+01  -5.313291672376915e+00  3.340159737165831e-03  -2.149952360945424e-03  9.792776964445619e-04
  3.834999999999940e+00  -5.067821675081421e+04  8.242538517262012e+03  -1.768247870395065e+01  2.785739525443817e+04  -3.879440365647541e+01  -3.573711335258078e+00  3.338398579679582e-03  -2.149874943551432e-03  9.777706785604088e-04
  3.839999999999940e+00  -5.073432796171800e+04  8.299501913739743e+03  -2.051643528760907e+01  2.806190068851131e+04  -4.164523007889868e+01  3.746570042183592e+00  3.337831735580528e-03  -2.155304963651631e-03  9.749589754199829e-04
  3.844999999999940e+00  -5.078748939909027e+04  8.362993471221049e+03  -2.221114482785420e+01  2.828246274459744e+04  -4.326942637949466e+01  1.230172691893519e+01  3.336924476051234e-03  -2.162454663663771e-03  9.716213732721458e-04
  3.849999999999940e+00  -5.084135720385643e+04  8.433667236015152e+03  -2.250333392832908e+01  2.851985052234495e+04  -4.369284533666577e+01  2.180493889706269e+01  3.335908244511224e-03  -2.171401103366991e-03  9.678489172779205e-04
  3.854999999999940e+00  -5.089962677773049e+04  8.511954506757183e+03  -2.124301852290852e+01  2.877456667913151e+04  -4.295374604055154e+01  3.187208878753925e+01  3.335018235087422e-03  -2.182197757739198e-03  9.637409432424814e-04
  3.859999999999940e+00  -5.099318705901722e+04  8.613956772946434e+03  1.014172900725843e+01  2.905135054921450e+04  -3.947952280646125e+01  2.347680430183565e+01  3.334609490662702e-03  -2.195190390563164e-03  9.588050716247677e-04
  3.864999999999940e+00  -5.107299929532181e+04  8.703072065036175e+03  1.124857409401042e+01  2.933907461646734e+04  -3.526936013223173e+01  3.220740175225603e+01  3.334776564769900e-03  -2.210304072061467e-03  9.540865623129689e-04
  3.869999999999940e+00  -5.116748504799906e+04  8.799313221485461e+03  1.362156568027493e+01  2.964398842340511e+04  -2.991859911330742e+01  4.060719823142029e+01  3.335733528463510e-03  -2.227327018885580e-03  9.493407877834756e-04
  3.874999999999940e+00  -5.128037243435466e+04  8.901757138224903e+03  1.706799511829196e+01  2.996555636085269e+04  -2.354939572357502e+01  4.811608824073799e+01  3.337730745585353e-03  -2.246230643821069e-03  9.447065062854495e-04
  3.879999999999939e+00  -5.141518405884680e+04  9.009164263875997e+03  2.135686589939982e+01  3.030302522533244e+04  -1.632995745910713e+01  5.417207871042721e+01  3.341018607210531e-03  -2.266968464186075e-03  9.403303058124455e-04
  3.884999999999939e+00  -5.157516933356255e+04  9.119992755602563e+03  2.624274561497653e+01  3.065541542248289e+04  -8.468947901368093e+00  5.825095417988875e+01  3.345838761212897e-03  -2.289478882780812e-03  9.363619591319241e-04
  3.889999999999939e+00  -5.181148559033190e+04  9.206117097485483e+03  2.552133968688678e+01  3.100996258801928e+04  1.098210769132735e+01  3.906891410378544e+01  3.354586144201435e-03  -2.317680022426939e-03  9.311522028675575e-04
  3.894999999999939e+00  -5.202471056676486e+04  9.314797099169455e+03  2.785708321760837e+01  3.138701073538801e+04  2.121915946538681e+01  4.158970991720400e+01  3.362969094949884e-03  -2.343661350430439e-03  9.281358497138294e-04
  3.899999999999939e+00  -5.226961855505811e+04  9.421839096816549e+03  3.034471586218288e+01  3.177521298408469e+04  3.132873194986531e+01  4.174955451261160e+01  3.373501758825785e-03  -2.371072903801351e-03  9.259634354360539e-04
  3.904999999999939e+00  -5.254734556992901e+04  9.525428720395828e+03  3.291787314857416e+01  3.217294477964648e+04  4.093355384033963e+01  3.936077422868013e+01  3.386340318792065e-03  -2.399782582256119e-03  9.247637745635888e-04
  3.909999999999939e+00  -5.285816562748251e+04  9.623959983829522e+03  3.561841539763062e+01  3.257847460824573e+04  4.963954161719805e+01  3.439775457127610e+01  3.401591301423276e-03  -2.429644372177306e-03  9.246432364938200e-04
  3.914999999999939e+00  -5.323540401494293e+04  9.653816159659114e+03  2.661813010000877e+00  3.296868750576556e+04  7.564653007465336e+01  2.251906761630267e+01  3.421918709147241e-03  -2.463453176799921e-03  9.235204864792321e-04
  3.919999999999939e+00  -5.360235772644541e+04  9.738674517656433e+03  3.638498276525134e+00  3.338467072433239e+04  8.347882748745631e+01  1.872703617966688e+01  3.441766017753720e-03  -2.494792401627825e-03  9.255152072252067e-04
  3.924999999999939e+00  -5.399923655162968e+04  9.816144323756940e+03  4.857786612115497e+00  3.380320857451406e+04  8.937600316146390e+01  1.292688698242291e+01  3.464057561340347e-03  -2.526722454350140e-03  9.287525816211478e-04
  3.929999999999938e+00  -5.442287158492528e+04  9.886233307875200e+03  6.611035521938447e+00  3.422248644791268e+04  9.303308967736852e+01  5.517940188698873e+00  3.488651263465657e-03  -2.559063636431114e-03  9.332050117394824e-04
  3.934999999999938e+00  -5.486926718280475e+04  9.949493248663033e+03  9.226801885861711e+00  3.464080018366699e+04  9.421991994182014e+01  -2.971327937271713e+00  3.515334085987746e-03  -2.591637383726020e-03  9.388036947171960e-04
  3.939999999999938e+00  -5.533375204506715e+04  1.000698710294630e+04  1.304967775533049e+01  3.505660071514366e+04  9.279966342632993e+01  -1.192437354533689e+01  3.543826475474874e-03  -2.624273279764262e-03  9.454386061057710e-04
  3.944999999999938e+00  -5.579647444888401e+04  1.000271766961746e+04  -3.554638700640992e+01  3.545450002526327e+04  1.161733492229905e+02  3.535247970342281e-01  3.573816085833829e-03  -2.655793875973585e-03  9.502723598642699e-04
  3.949999999999938e+00  -5.628211153712516e+04  1.005758848394003e+04  -3.270928718376970e+01  3.586384436446735e+04  1.115005626711264e+02  -6.012639297963470e+00  3.604735373153527e-03  -2.687643704934716e-03  9.583585260020170e-04
  3.954999999999938e+00  -5.677189125341069e+04  1.011211421397442e+04  -2.884606065184342e+01  3.626747818266754e+04  1.043351122292160e+02  -1.210903169874211e+01  3.636405873454305e-03  -2.719140949091124e-03  9.669657534865269e-04
  3.959999999999938e+00  -5.726014758788342e+04  1.016868456127549e+04  -2.387174622980955e+01  3.666497760105711e+04  9.494757887897330e+01  -1.733567007238301e+01  3.668373689961097e-03  -2.750208094686418e-03  9.758607635486905e-04
  3.964999999999938e+00  -5.774157816166087e+04  1.022975090975595e+04  -1.782472419221947e+01  3.705630581468726e+04  8.371177485865273e+01  -2.116100137971024e+01  3.700182987590844e-03  -2.780805799153644e-03  9.847991411838192e-04
  3.969999999999938e+00  -5.821148226039054e+04  1.029770443275278e+04  -1.091803985265475e+01  3.744184524919010e+04  7.109020149515698e+01  -2.314215409096744e+01  3.731396448341924e-03  -2.810935093837860e-03  9.935375363280892e-04
  3.974999999999937e+00  -5.862471910065554e+04  1.036017775934523e+04  -5.391036933547322e+01  3.783213149216574e+04  9.051910900010608e+01  -2.685523554592508e+00  3.758496528436250e-03  -2.837775192291983e-03  9.983838403060123e-04
  3.979999999999937e+00  -5.907010856776322e+04  1.045075329000662e+04  -4.968933439063804e+01  3.821135392165546e+04  7.715510404411911e+01  -5.067432230085172e+00  3.787661199902748e-03  -2.866982902884173e-03  1.005946311152749e-03
  3.984999999999937e+00  -5.949516815847065e+04  1.055315283660344e+04  -4.554145276451565e+01  3.858824017344639e+04  6.379001380754511e+01  -5.651153814102676e+00  3.815237226450671e-03  -2.896003123554074e-03  1.012675491439422e-03
  3.989999999999937e+00  -5.989885109139577e+04  1.066843264055741e+04  -4.187322176761769e+01  3.896477714670113e+04  5.100618569611029e+01  -4.306686513704737e+00  3.841028617007857e-03  -2.925015127559407e-03  1.018427277759203e-03
  3.994999999999937e+00  -6.028149874915919e+04  1.079710222290236e+04  -3.916639527206112e+01  3.934325874640970e+04  3.935674486080452e+01  -1.024419000087741e+00  3.864946416877023e-03  -2.954235608558578e-03  1.023109527196859e-03
  3.999999999999937e+00  -6.061085807102801e+04  1.094951438849748e+04  -5.415546300601798e+01  3.975398899338979e+04  5.645210768503981e+01  8.626866339919072e+00  3.883265091887828e-03  -2.982005101234246e-03  1.022454841434018e-03
