TITLE = "Temporal Signal for receiver number 00008"
VARIABLES = "Time","s_xx","s_yy","s_zz","s_xy","s_yz","s_xz","v1","v2","v3"
# x1       -4.000000000000e+03
# x2       1.000000000000e+04
# x3       -5.000000000000e-02
# cell-global-id 2838
  0.000000000000000e+00  0.000000000000000e+00  0.000000000000000e+00  0.000000000000000e+00  0.000000000000000e+00  0.000000000000000e+00  0.000000000000000e+00  0.000000000000000e+00  0.000000000000000e+00  0.000000000000000e+00
  5.000000000000000e-03  0.000000000000000e+00  0.000000000000000e+00  0.000000000000000e+00  0.000000000000000e+00  0.000000000000000e+00  0.000000000000000e+00  0.000000000000000e+00  0.000000000000000e+00  0.000000000000000e+00
  1.000000000000000e-02  0.000000000000000e+00  0.000000000000000e+00  0.000000000000000e+00  0.000000000000000e+00  0.000000000000000e+00  0.000000000000000e+00  0.000000000000000e+00  0.000000000000000e+00  0.000000000000000e+00
  1.500000000000000e-02  0.000000000000000e+00  0.000000000000000e+00  0.000000000000000e+00  0.000000000000000e+00  0.000000000000000e+00  0.000000000000000e+00  0.000000000000000e+00  0.000000000000000e+00  0.000000000000000e+00
  2.000000000000000e-02  0.000000000000000e+00  0.000000000000000e+00  0.000000000000000e+00  0.000000000000000e+00  0.000000000000000e+00  0.000000000000000e+00  0.000000000000000e+00  0.000000000000000e+00  0.000000000000000e+00
  2.500000000000000e-02  0.000000000000000e+00  0.000000000000000e+00  0.000000000000000e+00  0.000000000000000e+00  0.000000000000000e+00  0.000000000000000e+00  0.000000000000000e+00  0.000000000000000e+00  0.000000000000000e+00
  3.000000000000000e-02  0.000000000000000e+00  0.000000000000000e+00  0.000000000000000e+00  0.000000000000000e+00  0.000000000000000e+00  0.000000000000000e+00  0.000000000000000e+00  0.000000000000000e+00  0.000000000000000e+00
  3.500000000000000e-02  0.000000000000000e+00  0.000000000000000e+00  0.000000000000000e+00  0.000000000000000e+00  0.000000000000000e+00  0.000000000000000e+00  0.000000000000000e+00  0.000000000000000e+00  0.000000000000000e+00
  4.000000000000000e-02  0.000000000000000e+00  0.000000000000000e+00  0.000000000000000e+00  0.000000000000000e+00  0.000000000000000e+00  0.000000000000000e+00  0.000000000000000e+00  0.000000000000000e+00  0.000000000000000e+00
  4.500000000000000e-02  0.000000000000000e+00  0.000000000000000e+00  0.000000000000000e+00  0.000000000000000e+00  0.000000000000000e+00  0.000000000000000e+00  0.000000000000000e+00  0.000000000000000e+00  0.000000000000000e+00
  5.000000000000000e-02  0.000000000000000e+00  0.000000000000000e+00  0.000000000000000e+00  0.000000000000000e+00  0.000000000000000e+00  0.000000000000000e+00  0.000000000000000e+00  0.000000000000000e+00  0.000000000000000e+00
  5.499999999999999e-02  0.000000000000000e+00  0.000000000000000e+00  0.000000000000000e+00  0.000000000000000e+00  0.000000000000000e+00  0.000000000000000e+00  0.000000000000000e+00  0.000000000000000e+00  0.000000000000000e+00
  5.999999999999999e-02  -4.665881796780202e-19  -1.652292756317935e-18  -5.664560501647947e-19  -2.716290305244472e-19  -1.818337878746750e-19  -4.080926460604417e-20  3.195266933234419e-26  1.031160025388850e-25  1.693358706161487e-26
  6.499999999999999e-02  -4.466593659925184e-19  -1.607266359828268e-18  -5.508814220680261e-19  -2.646185899150086e-19  -1.875200908498378e-19  -4.172249283468579e-20  3.105814155173532e-26  1.001546450807263e-25  1.692059398109705e-26
  6.999999999999999e-02  -1.739085650875262e-10  -6.976693551394743e-10  -2.696555463827172e-10  -2.050739033974912e-10  -2.010082175321683e-10  -8.227379720291934e-12  2.353243733733207e-17  4.329935035140774e-17  2.139804564717487e-17
  7.500000000000000e-02  -1.325028333975388e-10  -6.420111370954510e-10  -2.100578568311648e-10  -1.891043469089656e-10  -1.657338764621971e-10  1.136292922178045e-11  2.216924237802781e-17  3.894765364195364e-17  1.859318027847518e-17
  8.000000000000000e-02  -4.019950482193278e-09  -1.744343899267671e-08  -6.574732426276850e-09  -5.117530429116547e-09  -4.999275963824129e-09  -1.174541454595156e-10  5.924111493303723e-16  1.077856391565541e-15  5.361493007231412e-16
  8.500000000000001e-02  -2.158575306925452e-08  -8.944842302313324e-08  -3.400798588922022e-08  -2.542679887526115e-08  -2.525299028654186e-08  -1.218630472584290e-09  2.857901838599289e-15  5.553845299789193e-15  2.710254379912356e-15
  9.000000000000001e-02  -1.641417353940819e-08  -8.291679520979242e-08  -2.895879553379849e-08  -2.276403494176803e-08  -2.255604356947008e-08  5.906030240887400e-10  2.656327706999028e-15  5.062072682596569e-15  2.474364247757163e-15
  9.500000000000001e-02  -1.563066406147867e-08  -1.035032672575927e-07  -2.962701058760314e-08  -2.462356186016257e-08  -2.417516434034798e-08  2.444926116994314e-09  2.703926386126608e-15  6.236114114814522e-15  2.906420099363467e-15
  1.000000000000000e-01  -8.847231163558780e-09  -9.559299268298894e-08  -2.377490289811395e-08  -2.042617057401284e-08  -2.081827274020496e-08  5.030409924383256e-09  2.398600649160971e-15  5.616820865567176e-15  2.618420424310652e-15
  1.050000000000000e-01  9.423672399694233e-08  2.963868743746998e-07  1.366316510000235e-07  8.846056109237262e-08  9.242072754433502e-08  1.180042976745520e-08  -1.043336262254289e-14  -1.882406315227814e-14  -8.938215210811857e-15
  1.100000000000000e-01  7.720900940659018e-08  2.732830271904573e-07  1.206668107069713e-07  8.117875930558397e-08  8.500803542831808e-08  7.367877271634515e-09  -9.753295965889711e-15  -1.717506523428733e-14  -8.191812270598679e-15
  1.150000000000000e-01  2.542918841837182e-07  1.086153617401684e-06  4.088282697864034e-07  2.645507589894306e-07  2.902631215534789e-07  4.686954036405369e-09  -3.100065274721677e-14  -6.747712834551319e-14  -3.114213880501112e-14
  1.200000000000000e-01  2.549325059426929e-07  1.274106032288094e-06  4.011917306998514e-07  1.993639208317948e-07  2.864945536501575e-07  -1.639380822026180e-08  -2.149540471833480e-14  -7.953064740022541e-14  -3.578044045262560e-14
  1.250000000000000e-01  1.790590038797228e-07  1.180302020995390e-06  3.437041870419229e-07  1.480611356341263e-07  2.413482028241993e-07  -3.938585470363933e-08  -1.756581160332417e-14  -7.263094740301214e-14  -3.183939804918264e-14
  1.300000000000000e-01  -3.924036156024138e-07  -9.070842903388471e-07  -5.448001732836507e-07  -6.320421902370228e-07  -4.249693576278769e-07  -8.462588480723435e-08  7.359673182517317e-14  5.706721381867873e-14  3.285212375366232e-14
  1.350000000000000e-01  -3.128623308424224e-07  -8.328572100953327e-07  -4.311217937158645e-07  -6.263838351015584e-07  -4.039383576859610e-07  -4.065137452380257e-08  7.295406759984433e-14  5.060991986987564e-14  3.098178060082212e-14
  1.400000000000000e-01  -1.244249571989895e-06  -4.975155795306298e-06  -1.871098923200467e-06  -1.872474310545978e-06  -1.569987414244582e-06  -7.164084998163510e-09  2.127265396932442e-13  3.089578546901552e-13  1.623209763959926e-13
  1.450000000000000e-01  -1.716231685947267e-06  -7.496002998208729e-06  -2.454601474060195e-06  -2.242439904882127e-06  -2.156683274786853e-06  9.283409741456281e-08  2.351306853694639e-13  4.715313285512378e-13  2.482834930122952e-13
  1.500000000000000e-01  -1.214691409048815e-06  -6.936694376370606e-06  -2.005973851513077e-06  -1.978452920164746e-06  -1.909703399688274e-06  2.990639019842181e-07  2.150727759429875e-13  4.276396537916994e-13  2.285844160901106e-13
  1.550000000000001e-01  2.498131516703656e-07  -1.981019485855004e-06  2.099038507259773e-07  5.659523877615969e-07  -2.198950246345310e-07  5.054636126555598e-07  -9.635891717646370e-14  1.184777491312712e-13  6.762084470773767e-14
  1.600000000000001e-01  2.600567769173567e-07  -1.861690249403589e-06  -5.152276822818577e-08  7.269204090745173e-07  -2.204505946776184e-07  4.305446813245665e-07  -1.096786432321351e-13  1.112956767686412e-13  6.446617719407672e-14
  1.650000000000001e-01  3.037038383330024e-06  1.029384071390663e-05  3.959795645747545e-06  5.855073912710138e-06  3.444677624228822e-06  3.607330251913265e-07  -6.872297512759240e-13  -6.517956678507399e-13  -3.552236206165684e-13
  1.700000000000001e-01  5.316346845188184e-06  2.048120014116422e-05  6.852447569223617e-06  1.001050955439243e-05  6.581072767399964e-06  1.984758234443693e-07  -1.084361215719573e-12  -1.299350311098519e-12  -7.393133758481987e-13
  1.750000000000001e-01  3.687103840599418e-06  1.896660852201326e-05  4.949998249699554e-06  9.442670601137727e-06  5.867493745870697e-06  -7.363450107535359e-07  -1.043831277654074e-12  -1.171400979799165e-12  -6.965163940594474e-13
  1.800000000000001e-01  1.873304570558407e-06  1.412755336509897e-05  2.439559761811787e-06  7.258123188805501e-06  4.792928270356730e-06  -1.422828899513847e-06  -6.873806308408075e-13  -8.540676571804367e-13  -5.846216846470890e-13
  1.850000000000001e-01  1.004290937446330e-06  1.331912178121256e-05  2.027138093607166e-06  6.738333172883158e-06  4.653964973959270e-06  -1.928124231235862e-06  -6.481332604274160e-13  -7.744281918987370e-13  -5.737731034179299e-13
  1.900000000000001e-01  -3.150055264395395e-06  -4.604607259108239e-06  -3.022978131377875e-06  -2.199995065219954e-06  9.380483155907962e-08  -2.221647489953012e-06  4.231118255425826e-13  3.665525308324734e-13  2.208060582589360e-14
  1.950000000000001e-01  -6.451432803402954e-06  -1.890932340556179e-05  -6.491662663908758e-06  -1.263903777871792e-05  -4.240358872549701e-06  -2.569307234471571e-06  1.508083071462301e-12  1.273568572743263e-12  5.714190081235004e-13
  2.000000000000001e-01  -4.249718071707223e-06  -1.723029142877157e-05  -2.789721839778710e-06  -1.227649567444951e-05  -2.968375214409644e-06  -1.002293722290544e-06  1.488294693589842e-12  1.144614980287273e-12  5.400052888568687e-13
  2.050000000000001e-01  -1.809031869210182e-06  -1.107316806553333e-05  6.850116985930810e-07  -1.681801794551052e-05  -2.883391215782240e-06  -8.848811145033172e-08  1.794260469619557e-12  6.951545293413373e-13  4.618687609690316e-13
  2.100000000000001e-01  -7.231924933557993e-07  -1.125143642822960e-05  2.438444092450758e-06  -1.684438737262939e-05  -2.682329347837822e-06  1.453725329590565e-06  1.812131377515154e-12  6.651385066483775e-13  5.192760536944913e-13
  2.150000000000001e-01  2.433635023008327e-06  2.901538624023595e-06  4.471580631923592e-06  -1.572355355703655e-05  -2.254020380384378e-06  2.578467584398420e-06  1.493230809263765e-12  -3.169350646888445e-13  1.480340308731971e-13
  2.200000000000001e-01  1.102803543354177e-06  -1.862060385998460e-07  2.650054530582961e-06  -1.664676201974034e-05  -3.633464012610507e-06  3.260548433008551e-06  1.574031449999562e-12  -1.893903680113940e-13  2.495882178531227e-13
  2.250000000000001e-01  -2.945562728648615e-06  -1.104220191745965e-05  -7.349767759490776e-06  -1.672588336596993e-05  -1.057489090337130e-05  4.020520363514307e-06  1.564635964656707e-12  4.347501581039294e-13  6.347728984641573e-13
  2.300000000000001e-01  -1.808418217971407e-05  -6.746063132550153e-05  -3.113912881155906e-05  -2.371001436495431e-05  -2.845633420664070e-05  4.484131610696846e-06  2.446005615764662e-12  4.053618129157007e-12  2.626031942452059e-12
  2.350000000000001e-01  -1.571799556032921e-05  -6.376486331700035e-05  -3.006245962777676e-05  -2.267017972545866e-05  -2.780119083674110e-05  5.205926129170506e-06  2.348389606258031e-12  3.686451540688641e-12  2.382772714023691e-12
  2.400000000000001e-01  -2.927641524280430e-05  -1.253137218215895e-04  -4.776773501046987e-05  -2.705486797971233e-05  -4.399577704210939e-05  5.527353475765087e-06  2.900459540797866e-12  7.688659891275240e-12  4.771361960996952e-12
  2.450000000000001e-01  -1.938111060793037e-05  -1.107399305901755e-04  -3.931632050098763e-05  -2.190190102195032e-05  -4.000698264743126e-05  7.660728238995395e-06  2.450153190398485e-12  6.632731193354663e-12  4.256097391105252e-12
  2.500000000000001e-01  -1.046437669251921e-05  -9.285528163617425e-05  -2.180285974595092e-05  -2.092224759259465e-06  -3.234527845303323e-05  7.743719826894849e-06  4.351573250998807e-14  5.679861433128685e-12  4.271193699402765e-12
  2.550000000000001e-01  3.423984205893528e-05  7.070842900190055e-05  4.753916024393378e-05  5.754934334721939e-05  1.795477245402296e-05  7.730814298838276e-06  -7.031314994872959e-12  -4.540157334274040e-12  -8.765520198406374e-13
  2.600000000000001e-01  4.060317215109454e-05  8.210061084551115e-05  4.884688663451139e-05  6.447354791798546e-05  1.790173633289519e-05  5.568136977906156e-06  -7.616253797092195e-12  -5.085553212703286e-12  -8.709947908224199e-13
  2.650000000000001e-01  1.054330296645647e-04  3.550195817439357e-04  1.430112364898993e-04  1.553964332925812e-04  1.006197678903294e-04  2.031314937684167e-06  -1.779060038561627e-11  -2.213623892943097e-11  -1.062653947590313e-11
  2.700000000000001e-01  9.124864472662589e-05  3.402392469729730e-04  1.230388054487744e-04  1.537268307342329e-04  9.150345951649790e-05  -8.163019477997650e-06  -1.766517462473799e-11  -2.074337073567406e-11  -9.807677287416826e-12
  2.750000000000001e-01  1.312728989977462e-04  5.603807403862201e-04  1.794902671044089e-04  2.260223277577028e-04  1.669327123678147e-04  -1.673151001759916e-05  -2.501819293390082e-11  -3.423664600526319e-11  -1.971839484395786e-11
  2.800000000000001e-01  1.153049459005648e-04  5.455303149731529e-04  1.469354113453126e-04  2.258691552630156e-04  1.861533216315445e-04  -2.511172862559747e-05  -2.283268237176476e-11  -3.304078738722208e-11  -2.318742847674536e-11
  2.850000000000001e-01  6.252195844310474e-05  4.797705774491533e-04  1.008607563533007e-04  1.996020345199027e-04  1.709356748296120e-04  -4.452790641202553e-05  -2.072117157730247e-11  -2.815394424358387e-11  -2.164270778947237e-11
  2.900000000000001e-01  -4.697290568816626e-05  8.574965103197842e-05  -5.374874579376541e-05  6.745509517791520e-05  9.302892937939800e-05  -5.126638593715534e-05  -3.527055017652675e-12  -3.407324290090202e-12  -1.301040355110121e-11
  2.950000000000002e-01  -9.009202884466520e-05  3.013307483805769e-05  -7.772975345828009e-05  3.862040170222317e-05  9.133931414407505e-05  -6.128944360616642e-05  -1.124147395919607e-12  6.358021819886192e-13  -1.228320723315949e-11
  3.000000000000002e-01  -2.491611297681543e-04  -6.477981198151630e-04  -2.957613078414319e-04  -2.131205775640615e-04  -7.405616215359526e-05  -5.655852578515284e-05  2.838651284669579e-11  4.248858839912282e-11  8.361624106449251e-12
  3.050000000000002e-01  -4.286392740765605e-04  -1.383858851101354e-03  -5.259316987885185e-04  -5.253899055824510e-04  -2.973214569064973e-04  -5.776303797966193e-05  6.182960640984014e-11  8.752488256804601e-11  3.652430428297030e-11
  3.100000000000002e-01  -3.726897161383883e-04  -1.322085666408558e-03  -4.440485656068692e-04  -5.146443679754706e-04  -2.565097548830139e-04  -2.182019892845523e-05  6.106855899718248e-11  8.280018319159014e-11  3.385877767152552e-11
  3.150000000000002e-01  -4.250739698279306e-04  -1.676765544126440e-03  -5.107282275166348e-04  -7.436524329735735e-04  -4.351377957712957e-04  -2.384839924320056e-06  8.199758824035005e-11  1.032603472687314e-10  5.661969923926006e-11
  3.200000000000002e-01  -3.089694739694613e-04  -1.545026379984664e-03  -3.892592959214816e-04  -6.983355718619882e-04  -3.880974354628191e-04  5.505373636722897e-05  7.833320230581935e-11  9.322926007213636e-11  5.293749231709365e-11
  3.250000000000002e-01  -1.851136118285701e-04  -1.240049383204620e-03  -2.390855268991581e-04  -7.176268220621943e-04  -4.499095196512478e-04  8.419811842277903e-05  7.359345808939734e-11  7.240694108796645e-11  5.993488291710839e-11
  3.300000000000002e-01  -3.872612315671510e-05  -1.073473166365755e-03  -1.157489948636826e-04  -6.459541780839396e-04  -4.174448686476626e-04  1.475324220525918e-04  6.754957012456901e-11  5.942681291126826e-11  5.627863420388627e-11
  3.350000000000002e-01  2.316923981539962e-04  -8.797660001296684e-05  2.182058414319108e-04  -3.900886730332224e-04  -3.228054187266178e-04  1.708214385730001e-04  3.158970465605011e-11  -2.584633751686616e-12  4.111343042632165e-11
  3.400000000000002e-01  6.162945694128520e-04  1.394079397807597e-03  7.069630579164485e-04  1.370258747952476e-04  -2.772008106173353e-05  2.025716141054485e-04  -3.223572124816077e-11  -9.348845752051086e-11  1.488193753450548e-12
  3.450000000000002e-01  6.561390696015237e-04  1.438103485239691e-03  6.883983738427907e-04  1.814550593720557e-04  -7.132494589027845e-05  2.092996947174363e-04  -3.598754581243577e-11  -9.822226932797738e-11  2.382233462627301e-12
  3.500000000000002e-01  9.622661381905487e-04  2.874578449484820e-03  1.098479100688589e-03  8.546061124349931e-04  3.382205890194561e-04  2.089348632339542e-04  -1.107946006438085e-10  -1.839335102731005e-10  -5.145350252647521e-11
  3.550000000000002e-01  8.759669900759999e-04  2.778456040778932e-03  9.717142746856213e-04  8.405117607024756e-04  2.587722323127203e-04  1.601947266528762e-04  -1.095055941607214e-10  -1.783323285442093e-10  -4.729080615269981e-11
  3.600000000000002e-01  9.549633438895735e-04  3.603260768560805e-03  1.133141019116231e-03  1.459896704399598e-03  6.926301485464043e-04  1.140537657989541e-04  -1.717944034548975e-10  -2.238392137615271e-10  -1.015139236759660e-10
  3.650000000000002e-01  8.057206010199148e-04  3.464477329271764e-03  9.793717794863500e-04  1.862432651222428e-03  1.023578177551245e-03  5.805754715419325e-05  -2.014015129721280e-10  -2.117256980773362e-10  -1.406184156298214e-10
  3.700000000000002e-01  5.053062186976796e-04  3.136770104824110e-03  7.095078548469150e-04  1.723878329968700e-03  9.393278383801921e-04  -8.574297814371795e-05  -1.895555491941873e-10  -1.865758277388529e-10  -1.319848212720071e-10
  3.750000000000002e-01  2.074265191532706e-05  1.735413088966752e-03  1.367582983049851e-04  1.662396676633152e-03  1.028812488259021e-03  -1.903576125909751e-04  -1.631456103021565e-10  -9.787870698837827e-11  -1.372084496126426e-10
  3.800000000000002e-01  -2.980089412864620e-04  1.391023222459843e-03  -1.233176122664439e-04  1.497747076416532e-03  9.782851833723654e-04  -3.464696359492816e-04  -1.488066818653012e-10  -6.937110255006971e-11  -1.290463014703454e-10
  3.850000000000002e-01  -9.760741747594121e-04  -1.043058830647661e-03  -9.948241938983540e-04  8.975898749257503e-04  7.338527955221603e-04  -4.647290174699330e-04  -6.222023007133828e-11  7.981462728148638e-11  -9.000969480091253e-11
  3.900000000000002e-01  -1.775013032162534e-03  -4.086622732238050e-03  -2.054445634250314e-03  -2.450823479930611e-04  8.255752590596182e-05  -6.019172651012570e-04  7.757540728435611e-11  2.637508707122071e-10  -1.240575141629404e-12
  3.950000000000002e-01  -1.818347012427474e-03  -4.117410796126823e-03  -2.063281593406466e-03  -2.908045967984915e-04  1.396470216788814e-04  -6.539172032880221e-04  8.110102985007445e-11  2.718131399844030e-10  -2.939453551036816e-12
  4.000000000000002e-01  -2.341338432496301e-03  -6.734054025256246e-03  -2.847523808289221e-03  -1.695343048132165e-03  -7.667421921761252e-04  -7.066704070400568e-04  2.380722998806006e-10  4.269996094446096e-10  1.170316092144241e-10
  4.050000000000002e-01  -2.125376630424962e-03  -6.478861889264338e-03  -2.641993625400942e-03  -1.609589378353624e-03  -6.509331131998443e-04  -6.419515256890856e-04  2.292779903216921e-10  4.135350789445015e-10  1.070228821251646e-10
  4.100000000000003e-01  -2.108292945042947e-03  -7.690560514554345e-03  -2.773314345287932e-03  -2.912334851188208e-03  -1.593348244669397e-03  -5.413238344672951e-04  3.581739961376858e-10  4.815327191708678e-10  2.293515863302899e-10
  4.150000000000003e-01  -1.596105981501222e-03  -6.940212131288471e-03  -2.182020606779802e-03  -3.794670672859877e-03  -2.301341682774748e-03  -3.765909315226418e-04  4.200051617694524e-10  4.354573124145370e-10  3.209154448526588e-10
  4.200000000000003e-01  -9.911458483102312e-04  -6.274102382203945e-03  -1.602164524764996e-03  -3.503391495307912e-03  -2.114294557988655e-03  -7.010436531140937e-05  3.935139551324983e-10  3.856844398978090e-10  2.991629625184327e-10
  4.250000000000003e-01  1.424717695161463e-04  -3.164940533097253e-03  -1.014272539919778e-04  -3.533853913754634e-03  -2.267097660662248e-03  2.541486747747378e-04  3.480139165865751e-10  1.976432873550456e-10  3.173389279304295e-10
  4.300000000000003e-01  7.690683161597362e-04  -2.492159172691787e-03  5.395024814379995e-04  -3.228780593795725e-03  -2.074748241184957e-03  6.256676764647126e-04  3.204713122597406e-10  1.427699763609336e-10  2.960348166148505e-10
  4.350000000000003e-01  2.193697845981459e-03  2.375682625255825e-03  2.588533288282096e-03  -2.292426410477813e-03  -1.516119582489271e-03  1.007838037881450e-03  1.638391600624571e-10  -1.499664003744737e-10  2.184372241110925e-10
  4.400000000000003e-01  2.636646091011976e-03  2.821394168353298e-03  3.112928441273981e-03  -2.083145429353191e-03  -1.362310145200309e-03  1.351841454066540e-03  1.468233802725188e-10  -1.924363712205356e-10  2.061012439885214e-10
  4.450000000000003e-01  3.829964660061949e-03  8.134150114844708e-03  5.010506425357105e-03  -3.301778799389821e-04  -1.501204478476872e-04  1.607983643463729e-03  -8.984315370663738e-11  -5.109161980202055e-10  3.753815173888061e-11
  4.500000000000003e-01  4.702587048146013e-03  1.269357664995293e-02  6.372066024899262e-03  2.059459818194106e-03  1.519741744690383e-03  1.768409766784790e-03  -3.681861527469427e-10  -7.879039213048920e-10  -2.045483888973382e-10
  4.550000000000003e-01  4.392336926551638e-03  1.225727640549978e-02  6.197396717925055e-03  1.868666563988080e-03  1.479779303633598e-03  1.779699426921754e-03  -3.470365657146735e-10  -7.695418887791858e-10  -1.860375756150719e-10
  4.600000000000003e-01  4.219080883550705e-03  1.407515387624881e-02  6.052999040127250e-03  4.156931832445233e-03  3.071376176533059e-03  1.581132886347728e-03  -5.761599165554324e-10  -8.860992930112188e-10  -4.298905034641951e-10
  4.650000000000003e-01  3.464356858102883e-03  1.314960574066638e-02  5.366719108523995e-03  3.746518550147241e-03  2.856165447670238e-03  1.316769987054568e-03  -5.332598508508908e-10  -8.300228572825016e-10  -3.927419676689938e-10
  4.700000000000003e-01  2.196983052782913e-03  1.133893338075961e-02  3.461841332554128e-03  5.365063816831809e-03  3.851442008316583e-03  7.331563249665841e-04  -6.483184561823054e-10  -7.320601660447556e-10  -5.687578314628944e-10
  4.750000000000003e-01  2.014141485733509e-04  6.033789400515158e-03  4.160341974635774e-04  5.881233589566479e-03  4.018387455485322e-03  8.574162459299341e-05  -6.051153835934350e-10  -4.329351364417431e-10  -6.200702594559372e-10
  4.800000000000003e-01  -8.785699279968477e-04  4.876118363289872e-03  -9.593204429742449e-04  5.393138350232153e-03  3.478426886314292e-03  -6.196372711479267e-04  -5.587813226249169e-10  -3.499378095898706e-10  -5.721720334774544e-10
  4.850000000000003e-01  -3.250123945543875e-03  -2.840164654735007e-03  -4.731227993530749e-03  4.587500338681720e-03  2.530166606091442e-03  -1.389864962845101e-03  -3.551939784554974e-10  9.741016020093860e-11  -4.563161851533861e-10
  4.900000000000003e-01  -4.096784218005028e-03  -3.652319882531697e-03  -6.023570481730067e-03  4.267832837805408e-03  1.916883125068119e-03  -2.122760880065992e-03  -3.288387984971177e-10  1.625028058294799e-10  -4.241408228680171e-10
  4.950000000000003e-01  -6.023071604706717e-03  -1.159795965231277e-02  -9.206078657217183e-03  2.343383188741851e-03  9.438252063126663e-05  -2.687981420071477e-03  -1.423694493565114e-11  6.346943300051353e-10  -1.563116610022773e-10
  5.000000000000003e-01  -7.369465068125277e-03  -1.814965360508882e-02  -1.115811918602694e-02  -6.525295845654447e-04  -2.234932230155496e-03  -3.038133326876186e-03  3.710439366797349e-10  1.038034015373785e-09  2.433309503184207e-10
  5.050000000000003e-01  -7.161335522745975e-03  -1.766855698008800e-02  -1.132593747710404e-02  -3.682019527585019e-04  -2.648058068195450e-03  -3.317451158218848e-03  3.395541853646468e-10  1.027873735533178e-09  2.250325106869242e-10
  5.100000000000003e-01  -6.993897723179875e-03  -2.000965067069267e-02  -1.074926376762256e-02  -3.334698603815010e-03  -4.644175152369642e-03  -3.137016373328258e-03  6.548759861620476e-10  1.207917956457144e-09  6.187767144693784e-10
  5.150000000000003e-01  -6.110558507393091e-03  -1.880206067843487e-02  -9.947721161538846e-03  -2.745905382384434e-03  -4.687570797094569e-03  -2.971551352921669e-03  5.919458488388451e-10  1.150576176242535e-09  5.656834437244872e-10
  5.200000000000004e-01  -4.399378296927094e-03  -1.620537547985753e-02  -6.630731164652415e-03  -5.121402873765724e-03  -5.690861728687627e-03  -2.197258745462948e-03  7.681185573594614e-10  1.059449684715508e-09  8.578695817390160e-10
  5.250000000000004e-01  -3.031220440688106e-03  -1.455191405061049e-02  -4.940596463985315e-03  -4.367537480319412e-03  -5.268797083633520e-03  -1.584512455075873e-03  6.912112835485579e-10  9.730566133049025e-10  7.842525796635213e-10
  5.300000000000004e-01  -3.292332534207441e-04  -7.835995613263126e-03  2.973993758409875e-04  -5.768102742740212e-03  -4.905301450357844e-03  -3.849530905445769e-04  6.975398639291522e-10  6.468217660164255e-10  8.929979509170558e-10
  5.350000000000004e-01  2.626536887050872e-03  1.293466182384290e-03  5.627267054736300e-03  -5.890288986132476e-03  -3.659978228562296e-03  6.460322835928523e-04  5.232853380128025e-10  1.789464831564847e-10  7.845648771631065e-10
  5.400000000000004e-01  3.988212812112279e-03  2.565058515070383e-03  8.093051821248533e-03  -5.439611008350684e-03  -2.363087413458126e-03  1.801532084078012e-03  4.822201937814223e-10  1.104527583937846e-10  7.146360527561204e-10
  5.450000000000004e-01  6.412790759267658e-03  1.131960953063037e-02  1.239743661920276e-02  -4.538654804867984e-03  -1.894241651836244e-04  2.673248590909306e-03  1.938887574241420e-10  -3.630677896457553e-10  3.938285365637258e-10
  5.500000000000004e-01  7.205105134876642e-03  1.181614388825650e-02  1.433779816447584e-02  -4.484596168413457e-03  1.306384906410166e-03  3.737128757177811e-03  1.977216142064620e-10  -3.881631286931404e-10  3.614211022891053e-10
  5.550000000000004e-01  8.291116368720099e-03  1.755759142788950e-02  1.591243792888456e-02  -2.950034323555072e-03  3.607481361508620e-03  4.057560142446641e-03  -1.229969534352592e-10  -7.356580910203712e-10  -9.638995018743772e-11
  5.600000000000004e-01  8.362382037555618e-03  1.933925427781361e-02  1.504401622123370e-02  -8.999702911869561e-04  5.375161403675917e-03  4.060416422900019e-03  -4.141946834014700e-10  -8.946402456033554e-10  -6.025380926421588e-10
  5.650000000000004e-01  7.703000024688040e-03  1.823040205338712e-02  1.466761950554503e-02  -1.590985154935796e-03  6.523694662709885e-03  4.309610251637321e-03  -3.463512117370300e-10  -8.562134157559707e-10  -5.649708200277193e-10
  5.700000000000004e-01  6.244669173386323e-03  1.517344437014318e-02  1.050488459938959e-02  2.868993144233558e-04  7.052107418881333e-03  3.661576062515289e-03  -5.219595383896736e-10  -8.083829999332471e-10  -9.776857633956898e-10
  5.750000000000004e-01  4.883674019996090e-03  1.344287110561838e-02  8.580849035577478e-03  -6.113997308056401e-04  7.493674505940301e-03  3.293360435445384e-03  -4.363961287461103e-10  -7.485150871437615e-10  -9.026760153877086e-10
  5.800000000000004e-01  2.559046166443514e-03  7.097284897812583e-03  2.213441177682652e-03  9.219694039623193e-04  6.394414486453991e-03  2.111395077995377e-03  -4.814067423760544e-10  -5.654432135938482e-10  -1.115156079768034e-09
  5.850000000000004e-01  3.244008212572520e-04  -1.862116541201854e-04  -3.521938290603279e-03  1.988006097539441e-03  4.760295609139743e-03  1.257991063963731e-03  -3.944771740747500e-10  -3.513536279727240e-10  -1.099622525903379e-09
  5.900000000000004e-01  -1.402609253109111e-03  -1.797923461268133e-03  -7.406171445033014e-03  1.420720372748236e-03  3.367998106128948e-03  -1.080203013221799e-04  -3.444646184056942e-10  -3.273635904740745e-10  -9.927967840883059e-10
  5.950000000000004e-01  -2.976218584203978e-03  -7.214271922892397e-03  -1.177130127593227e-02  2.297741262068913e-03  8.369219369147197e-04  -8.832558800971058e-04  -1.948207895517793e-10  -2.058160742340723e-10  -7.195798847805058e-10
  6.000000000000004e-01  -4.210765339704456e-03  -8.117718415580769e-03  -1.534132379392783e-02  2.176282388143227e-03  -1.398545465001751e-03  -2.359278397580824e-03  -1.927181601665393e-10  -2.261988479254609e-10  -6.413638920908314e-10
  6.050000000000004e-01  -4.586691996082200e-03  -9.607072241778298e-03  -1.653683587512361e-02  3.180048555713868e-03  -3.916700504718903e-03  -2.659260220637204e-03  -4.078506110991939e-11  -2.686277967855111e-10  -1.801601539415816e-10
  6.100000000000004e-01  -5.001408117897330e-03  -9.547239556798403e-03  -1.883975647376099e-02  3.567829102571848e-03  -6.673607106579090e-03  -3.918231031009251e-03  -8.923964298230610e-11  -3.355869261891755e-10  -1.467262305111237e-10
  6.150000000000004e-01  -4.033877807872152e-03  -6.478622718681125e-03  -1.587532767186267e-02  4.774174226200984e-03  -8.163555042752506e-03  -3.447625074844734e-03  9.934313053664772e-12  -5.121845515534365e-10  3.870056641102419e-10
  6.200000000000004e-01  -2.993988311817686e-03  -6.306839537896258e-04  -1.131962758341830e-02  5.875431001875815e-03  -7.990567633007938e-03  -2.878893402829213e-03  2.908324825807615e-11  -7.471300679970625e-10  8.771501666197107e-10
  6.250000000000004e-01  -1.892064607673292e-03  7.608596563691817e-04  -9.601674160581901e-03  6.806069190215368e-03  -1.051851329119635e-02  -3.020426443593278e-03  -3.670478285498392e-11  -8.004859344751883e-10  8.589373920436005e-10
  6.300000000000004e-01  -8.995475103801225e-04  7.289642979611387e-03  -3.068798197027251e-03  7.805026066754977e-03  -8.468575349701128e-03  -1.982252078242074e-03  -9.041172204434206e-11  -9.108203700424802e-10  1.167453200772111e-09
  6.350000000000005e-01  6.668838128287296e-04  8.911379591271012e-03  8.403364488678188e-04  8.656074567696931e-03  -1.004478750801656e-02  -1.370161122922570e-03  -1.310718756576630e-10  -9.269467983471174e-10  1.129078796930372e-09
  6.400000000000005e-01  5.306202973086476e-04  1.257201374589685e-02  6.894081157949649e-03  8.875956193078774e-03  -6.180370206234186e-03  -3.419155008315673e-04  -2.097927921905081e-10  -7.221821678534206e-10  1.184317254403777e-09
  6.450000000000005e-01  -1.364297570452910e-03  1.065911883790743e-02  9.137103248150199e-03  8.327560946800126e-03  -2.623076072476486e-03  -2.309491969782481e-04  -2.770467861306464e-10  -1.688207120714893e-10  1.008265715722831e-09
  6.500000000000005e-01  -2.414171898237429e-05  1.156737005903481e-02  1.523491539712451e-02  8.330687723839866e-03  -1.408221304741377e-03  1.537946096144028e-03  -2.404419995410549e-10  -5.464324980520967e-11  9.227784970934582e-10
  6.550000000000005e-01  -3.544046526268341e-03  2.644825782647332e-03  1.360857450201617e-02  6.116271508753842e-03  2.239771117205216e-03  1.023549421864380e-03  -2.317184504342731e-10  9.149765154158839e-10  5.079802586797684e-10
  6.600000000000005e-01  -3.033500561502652e-03  2.690374043228444e-03  1.860894583878500e-02  5.556856847025828e-03  4.877369714661218e-03  2.852656615385062e-03  -1.457657512772881e-10  1.092165382905582e-09  4.451140100393337e-10
  6.650000000000005e-01  -7.740314841097520e-03  -1.229814646240100e-02  1.225729110982963e-02  1.792924092569575e-03  7.638404455753165e-03  1.446206610165262e-03  -3.720759876190761e-11  2.282196765455995e-09  -1.180399201070158e-10
  6.700000000000005e-01  -1.114260578879624e-02  -2.913038436221372e-02  5.188232226870812e-03  -3.005852596789046e-03  7.869750981999060e-03  -1.913161559589502e-04  1.701216752441179e-10  3.438127765343236e-09  -6.731249869423490e-10
  6.750000000000005e-01  -1.238386703277221e-02  -3.025942911419246e-02  4.626894020751009e-03  -4.064400087495691e-03  1.215309172836109e-02  7.128538439722603e-04  2.214617111721902e-10  3.596896700853205e-09  -7.549585032004361e-10
  6.800000000000005e-01  -1.391313113771483e-02  -4.453108877387867e-02  -3.697777489326401e-03  -9.359253201038463e-03  1.049235104308659e-02  -1.351553495622918e-03  4.647099069590869e-10  4.322777132432523e-09  -1.195275344399041e-09
  6.850000000000005e-01  -1.580584912934747e-02  -4.581801172466230e-02  -8.296987820489418e-03  -1.017554439928191e-02  1.458967199246782e-02  -1.414721202379283e-03  4.521155199309833e-10  4.419893300544492e-09  -1.273032940374535e-09
  6.900000000000005e-01  -1.349228846553735e-02  -5.188316931124929e-02  -1.484060739841728e-02  -1.488571508342727e-02  1.068667422095363e-02  -3.215676571556915e-03  6.399601783642906e-10  4.375529211854380e-09  -1.484358339855531e-09
  6.950000000000005e-01  -6.731124920384766e-03  -4.616694281515381e-02  -1.422739668246499e-02  -1.878118653363056e-02  6.148990599234952e-03  -3.401389502002714e-03  7.939414361588964e-10  3.482867377995333e-09  -1.428114909890464e-09
  7.000000000000005e-01  -8.562845684247887e-03  -4.653828498542723e-02  -2.510447703296650e-02  -1.824796469081334e-02  8.055375940187431e-03  -5.517359859634273e-03  6.220803241351882e-10  3.349901427862345e-09  -1.444915257801639e-09
  7.050000000000005e-01  2.507000781291479e-03  -2.694916577264925e-02  -1.871633198443457e-02  -1.978844368992304e-02  2.511588110014718e-03  -4.375924211949093e-03  6.397139963121665e-10  1.464063872475272e-09  -1.045204297517741e-09
  7.100000000000005e-01  1.758542220669957e-03  -2.608933852067029e-02  -2.989597699258901e-02  -1.831996269010585e-02  2.819826590154110e-03  -7.154196156911713e-03  3.786028967873225e-10  1.195254096474973e-09  -1.078463608485300e-09
  7.150000000000005e-01  1.615834314211755e-02  6.469961301005838e-03  -1.656144381056944e-02  -1.719859150136564e-02  -2.782610874467935e-03  -4.420684296338699e-03  2.649191978308673e-10  -1.461202067906838e-09  -3.658716365939022e-10
  7.200000000000005e-01  1.690714537076592e-02  8.601514202548542e-03  -2.543447269716271e-02  -1.500717273655032e-02  -4.006848422033409e-03  -7.371940690564607e-03  -3.876425973466860e-11  -1.837372446527595e-09  -4.067881115147282e-10
  7.250000000000005e-01  3.213003718070129e-02  4.972899925949038e-02  -5.225385691605203e-03  -1.104054610444352e-02  -8.278904938957199e-03  -2.792455827880867e-03  -2.080371223076067e-10  -4.892098192974416e-09  4.781888030432575e-10
  7.300000000000005e-01  4.415081615824583e-02  9.261444013511751e-02  1.414423081218280e-02  -4.743542191001139e-03  -9.164496211876452e-03  2.498131643335066e-03  -5.493390810958155e-10  -7.795848227065744e-09  1.196336087527476e-09
  7.350000000000005e-01  4.767028356212277e-02  9.561232485070656e-02  1.589235923396395e-02  -2.716712228520830e-03  -1.248353023433707e-02  9.589953846854336e-04  -6.414439082228513e-10  -8.158195678646520e-09  1.320473309778455e-09
  7.400000000000005e-01  5.362973801359348e-02  1.313105725994741e-01  3.442395955508929e-02  5.228116972369755e-03  -1.030383402388556e-02  6.465119139681686e-03  -8.967820898539931e-10  -1.031983225864359e-08  1.802770661927242e-09
  7.450000000000006e-01  5.768158770131224e-02  1.332949870614744e-01  4.352410813644770e-02  6.025513578138456e-03  -1.398375306478746e-02  6.446818669800234e-03  -7.824487893829859e-10  -1.052955027539922e-08  2.015823411575813e-09
  7.500000000000006e-01  5.487883855671363e-02  1.521641941728199e-01  5.678328944543865e-02  1.385681825686880e-02  -8.804763606295165e-03  1.153838899288949e-02  -8.892987607426809e-10  -1.128618866336827e-08  2.042652513758974e-09
  7.550000000000006e-01  4.075132836245614e-02  1.465853667027148e-01  5.287869956201249e-02  2.168492737625385e-02  -2.141001523985060e-03  1.294424393377652e-02  -8.898805976734223e-10  -1.034193152373626e-08  1.623910133493102e-09
  7.600000000000006e-01  4.335654206752212e-02  1.441246739039393e-01  7.336718998773223e-02  1.874089141695312e-02  -5.033108414176486e-03  1.621652105914881e-02  -3.288208329784400e-10  -1.010234335452082e-08  1.909252868611377e-09
  7.650000000000006e-01  1.796459993970051e-02  1.070673769884032e-01  5.578679349821643e-02  2.340729178025245e-02  1.962541779440404e-03  1.510731256676554e-02  -2.766379923918813e-11  -7.046674265915061e-09  1.000592852571299e-09
  7.700000000000006e-01  1.810210547985302e-02  1.009953653224084e-01  7.718495824901409e-02  1.827370285355534e-02  -5.965495893080716e-04  1.973822314566195e-02  7.510108390060637e-10  -6.515558510959180e-09  1.394639233839641e-09
  7.750000000000006e-01  -1.708599245775078e-02  3.203922832151295e-02  4.303805963441434e-02  1.873151147378193e-02  4.930847098786765e-03  1.502631425174627e-02  1.290626734329275e-09  -1.478361252156729e-09  1.563375029961817e-10
  7.800000000000006e-01  -5.491088579356281e-02  -6.052225940216021e-02  -3.362073579301087e-04  1.591398348481825e-02  7.068817263016777e-03  7.065953135082160e-03  2.052612275671840e-09  4.836047415482831e-09  -9.326426611267385e-10
  7.850000000000006e-01  -5.997041622553392e-02  -7.075532072442303e-02  1.218459371320091e-02  9.062298982389909e-03  5.130810194939963e-03  1.224481551383732e-02  2.732288140233865e-09  5.619159692487013e-09  -7.839911795869466e-10
  7.900000000000006e-01  -9.569858006384141e-02  -1.746639827172419e-01  -3.737796590558510e-02  2.783160379867787e-03  3.761943146948288e-03  2.029498997287106e-03  3.323470438166664e-09  1.240325994448354e-08  -1.733389265842902e-09
  7.950000000000006e-01  -1.026610574790385e-01  -1.847217455221723e-01  -3.519209083246055e-02  -2.964551795364741e-03  1.724152734235742e-03  6.344603166841548e-03  3.757363509480780e-09  1.309100692614521e-08  -1.700261833609594e-09
  8.000000000000006e-01  -1.294082755449837e-01  -2.812771318024474e-01  -8.362103780702856e-02  -9.841373512484210e-03  -2.583796464028277e-03  -5.316317591662867e-03  3.886951223887792e-09  1.903105815842865e-08  -2.270737407268133e-09
  8.050000000000006e-01  -1.377514102956496e-01  -3.516808272903365e-01  -1.075178307726442e-01  -1.797547476658439e-02  -7.968743031754306e-03  -1.405121508519822e-02  3.630977835007396e-09  2.310951056333734e-08  -2.207747578076017e-09
  8.100000000000006e-01  -1.458840200221731e-01  -3.557583238972541e-01  -1.299074531661583e-01  -1.788843043863376e-02  -1.061575479251293e-02  -1.403817663437994e-02  3.186551708588680e-09  2.329570737558392e-08  -2.539618181663894e-09
  8.150000000000006e-01  -1.339813728565267e-01  -3.813481795460916e-01  -1.348446578781695e-01  -2.233979419057039e-02  -1.566901138341339e-02  -2.107019362227242e-02  2.088250461783955e-09  2.433275759629659e-08  -1.847730546776664e-09
  8.200000000000006e-01  -1.395601928855515e-01  -3.782754627340314e-01  -1.669735938243694e-01  -1.745173743570559e-02  -1.753262063476635e-02  -2.387235172641537e-02  1.074171196526130e-09  2.398892364152596e-08  -2.489253359693605e-09
  8.250000000000006e-01  -1.039321318378854e-01  -3.463162479221800e-01  -1.453527843140580e-01  -1.697589077393465e-02  -2.062492692672502e-02  -2.722384418802553e-02  -8.737166653563372e-10  2.147071073114464e-08  -1.175880230314558e-09
  8.300000000000006e-01  -1.056910314477388e-01  -3.348767897726325e-01  -1.830833821651309e-01  -7.196486456837507e-03  -2.069543662193830e-02  -3.319704355550539e-02  -2.403080262131613e-09  2.057441875252386e-08  -2.135696230633523e-09
  8.350000000000006e-01  -4.918152192815761e-02  -2.434868298554509e-01  -1.327673756058438e-01  -1.826461388491344e-03  -2.010412032425600e-02  -3.233646717681805e-02  -4.785519633042815e-09  1.452762720745454e-08  -1.881949547045137e-10
  8.400000000000006e-01  1.901016781459242e-02  -1.046388983400059e-01  -5.797732230460657e-02  4.790380656502033e-03  -1.759267597333467e-02  -2.467953065710199e-02  -7.182430584526205e-09  5.673026678216919e-09  1.810628123834250e-09
  8.450000000000006e-01  2.634257381465882e-02  -7.979743077660176e-02  -9.090056368239909e-02  2.053396459899378e-02  -1.258315266032025e-02  -3.484678804353070e-02  -8.962609583062466e-09  4.237571319246663e-09  1.035890431732015e-09
  8.500000000000006e-01  1.015560275333056e-01  9.686386990821154e-02  5.706197025256637e-04  2.889003286602139e-02  -6.922941595361807e-03  -2.280436550989156e-02  -1.084360703267319e-08  -6.536573513422439e-09  3.206577967646300e-09
  8.550000000000006e-01  1.138536181813076e-01  1.267602974402314e-01  -1.902294077286330e-02  4.515694057899874e-02  2.469509911907166e-03  -3.403387343404987e-02  -1.246547996288464e-08  -8.065772064498991e-09  2.458441916397023e-09
  8.600000000000007e-01  1.859072743383590e-01  3.192805045221209e-01  8.113722608393420e-02  5.242050584815374e-02  1.047992918129679e-02  -1.773745346309995e-02  -1.317633335275330e-08  -1.947144167593228e-08  4.453427202271241e-09
  8.650000000000007e-01  2.409553225678132e-01  5.038614357494009e-01  1.576827338173415e-01  5.825448611038991e-02  1.511300153568393e-02  -8.284451800037398e-04  -1.298746461538453e-08  -3.011479350958755e-08  5.438339732690662e-09
  8.700000000000007e-01  2.603215926671180e-01  5.330941929240969e-01  1.771391940471568e-01  6.875856008361055e-02  3.261449717520604e-02  -8.820422825017864e-03  -1.341619115051847e-08  -3.128264910223535e-08  5.354291454795618e-09
  8.750000000000007e-01  2.926722920006741e-01  6.848676660933395e-01  2.361352360613050e-01  6.944984374155524e-02  3.710147216192427e-02  8.783786428434897e-03  -1.143285477449827e-08  -3.988158609245240e-08  5.299536894981198e-09
  8.800000000000007e-01  3.101817144007983e-01  7.048431017697268e-01  2.759902770271443e-01  7.275904075560083e-02  5.621834404931682e-02  4.196950923849891e-03  -1.092896793390802e-08  -4.029346607946286e-08  5.728521087173504e-09
  8.850000000000007e-01  3.125618559951712e-01  7.995320182604834e-01  3.062432014730509e-01  6.533991815662395e-02  5.836709568256535e-02  2.138194818755991e-02  -7.228799572537952e-09  -4.551531666430964e-08  4.210730948212134e-09
  8.900000000000007e-01  2.817897165990103e-01  8.274410157947256e-01  2.812630937946749e-01  5.695614409308591e-02  5.765792768487600e-02  3.051145134212705e-02  -2.697100403694697e-09  -4.682746810056625e-08  1.217073366305066e-09
  8.950000000000007e-01  2.884215390344143e-01  8.183730010836887e-01  3.497327070015335e-01  4.321778590848752e-02  7.393261455694274e-02  3.617666179002400e-02  -4.130834530613571e-10  -4.581800161983808e-08  2.181649443980859e-09
  9.000000000000007e-01  2.213967027855561e-01  7.549570395424727e-01  2.830761687545264e-01  2.584210611328995e-02  6.932481960901124e-02  4.121903838027775e-02  5.128396476160958e-09  -4.217958866717582e-08  -2.332998375770581e-09
  9.050000000000007e-01  2.151239267695218e-01  7.219937645105849e-01  3.496996903195652e-01  1.844679357264716e-03  7.744461518400278e-02  5.272738740820312e-02  8.336224306139409e-09  -3.991921291897436e-08  -6.963308293341358e-10
  9.100000000000007e-01  1.112806371954778e-01  5.579242876580558e-01  2.353303704842468e-01  -2.322317170836096e-02  6.691909292188603e-02  5.167565941462286e-02  1.424980798176230e-08  -3.111445042543872e-08  -6.313701302038741e-09
  9.150000000000007e-01  -9.591191484126653e-03  3.141717681985655e-01  9.394211359462949e-02  -4.887863983302336e-02  5.915012517567499e-02  4.099861149190624e-02  1.966412572344435e-08  -1.775451860262226e-08  -1.172178192799996e-08
  9.200000000000007e-01  -4.220225043992566e-02  2.409188829319763e-01  1.295999162152524e-01  -8.590112402577908e-02  4.503854355695183e-02  6.090023002492061e-02  2.340485791283450e-08  -1.403424147845146e-08  -1.017582552634422e-08
  9.250000000000007e-01  -1.820800625288859e-01  -8.629970775999812e-02  -4.013019062900277e-02  -1.152500527932514e-01  3.048716302722428e-02  4.356499089213171e-02  2.768590617824684e-08  3.580218507708879e-09  -1.489755400740125e-08
  9.300000000000007e-01  -2.257067120045326e-01  -1.742187024974862e-01  -3.561926052776834e-02  -1.538633156245530e-01  1.611787257939610e-03  6.641599779623669e-02  3.120508355365545e-08  7.675720117761663e-09  -1.327608945250908e-08
  9.350000000000007e-01  -3.678740442948514e-01  -5.544586203466633e-01  -2.178814082195574e-01  -1.810311851082907e-01  -1.969199503717841e-02  4.273596342321477e-02  3.338673366876714e-08  2.805887705355944e-08  -1.625632720120762e-08
  9.400000000000007e-01  -4.160669197140981e-01  -6.451601138260108e-01  -2.474624601144475e-01  -2.154339990861161e-01  -6.151921226598540e-02  6.619883766537653e-02  3.611121263337501e-08  3.171143955138116e-08  -1.503399853717375e-08
  9.450000000000007e-01  -5.399013146854517e-01  -1.034034672280685e+00  -4.201060641298903e-01  -2.338318909495645e-01  -8.660205046305129e-02  3.621608267414931e-02  3.538944787264346e-08  5.282545729729606e-08  -1.528288032516534e-08
  9.500000000000007e-01  -6.271424383413278e-01  -1.394515065002021e+00  -5.248351224020371e-01  -2.474380263753736e-01  -1.031380158716343e-01  8.122019381469683e-03  3.277141463557529e-08  7.277543899179474e-08  -1.170343820344767e-08
  9.550000000000007e-01  -6.668163848211508e-01  -1.456217386263689e+00  -6.146660257341867e-01  -2.595367636230707e-01  -1.598919870061987e-01  2.298500754195844e-02  3.257836364084325e-08  7.434540714748003e-08  -1.185226447572252e-08
  9.600000000000007e-01  -6.993216791456910e-01  -1.725024589866923e+00  -6.602225952140535e-01  -2.550298076028683e-01  -1.720654377080660e-01  -6.253038353559564e-03  2.655142180394823e-08  9.025032420991108e-08  -4.666423939400837e-09
  9.650000000000007e-01  -7.179257648962024e-01  -1.747193801902392e+00  -7.625721153788988e-01  -2.473733977553579e-01  -2.247434009428182e-01  1.709740456807853e-03  2.427421198328825e-08  8.926276843334198e-08  -6.174267310832003e-09
  9.700000000000008e-01  -6.800549101211051e-01  -1.871697988621857e+00  -7.255535680040398e-01  -2.188058917274865e-01  -2.235047738982034e-01  -2.594303555559660e-02  1.509679295322806e-08  9.838571772389446e-08  4.207078184489809e-09
  9.750000000000008e-01  -5.849759418598196e-01  -1.850416305830936e+00  -5.971966415818813e-01  -1.828069170983379e-01  -2.145955503462297e-01  -4.048215189536103e-02  4.619936964423957e-09  1.000862170837411e-07  1.639701661517601e-08
  9.800000000000008e-01  -5.525886745909477e-01  -1.780646461730184e+00  -6.880910358944825e-01  -1.361627097216246e-01  -2.406050619655027e-01  -5.062290640593411e-02  -1.141942107140206e-09  9.496692577555579e-08  1.378296180986002e-08
  9.850000000000008e-01  -3.840497178440682e-01  -1.556074092613850e+00  -4.738832358852657e-01  -7.529367741693402e-02  -2.102254188480370e-01  -5.865922714095404e-02  -1.327581643304142e-08  8.655938043197840e-08  2.651772320092282e-08
  9.900000000000008e-01  -3.178352879370461e-01  -1.428876697028458e+00  -5.297200494817760e-01  -9.050361539827160e-03  -2.087345061875447e-01  -7.874372185528589e-02  -2.069621129001438e-08  7.875255993074693e-08  2.270864062825018e-08
  9.950000000000008e-01  -8.351399258630107e-02  -9.995107416013698e-01  -2.373076990661976e-01  7.025085256843715e-02  -1.542733584078083e-01  -7.781736845154784e-02  -3.331908195107276e-08  6.014979699791665e-08  3.413884158946668e-08
  1.000000000000001e+00  1.767643614623419e-01  -4.107137289866012e-01  7.040522207206833e-02  1.553604577864129e-01  -1.055062311718627e-01  -6.063561200331536e-02  -4.504588968299211e-08  3.180624216144936e-08  4.170155938040012e-08
  1.005000000000001e+00  2.920840735218129e-01  -2.057535251932966e-01  1.042272582290324e-01  2.401597253225546e-01  -4.441550370657282e-02  -9.537219979525165e-02  -5.301995774298807e-08  2.177481897851019e-08  3.829731694918613e-08
  1.010000000000000e+00  5.703159413507214e-01  5.060213615432286e-01  4.148980317024162e-01  3.292612144566881e-01  1.720485775962937e-02  -6.923901160979108e-02  -6.251187533909909e-08  -1.411058643146711e-08  4.028697495201847e-08
  1.015000000000000e+00  6.946013301870944e-01  7.275320682123330e-01  4.975065982840325e-01  4.119961842725056e-01  1.069639123877552e-01  -1.112535041665206e-01  -6.978460657012567e-08  -2.395354611921093e-08  3.726208837464375e-08
  1.020000000000000e+00  9.632367540633459e-01  1.509790511100720e+00  7.814803198950918e-01  4.952712237096790e-01  1.740431518300451e-01  -7.617260376914292e-02  -7.580657612897670e-08  -6.554726121009910e-08  3.276219564656545e-08
  1.025000000000000e+00  1.078272328426070e+00  1.719232692001055e+00  9.000665816998292e-01  5.651855157862489e-01  2.827120491982709e-01  -1.236984637657534e-01  -8.133098123378573e-08  -7.344728684684151e-08  3.101759810909719e-08
  1.030000000000000e+00  1.297622887665205e+00  2.479961464963384e+00  1.110372202157784e+00  6.276820053159771e-01  3.381309205635791e-01  -8.177240473200846e-02  -8.228694991408409e-08  -1.166835238844375e-07  1.996381238036140e-08
  1.035000000000000e+00  1.462806808466574e+00  3.175227793304211e+00  1.199745170606509e+00  6.801351741406805e-01  3.655092735754275e-01  -3.577700783702811e-02  -8.025128674758285e-08  -1.593886259968023e-07  2.048831764707539e-09
  1.040000000000000e+00  1.525359222118876e+00  3.296404478431031e+00  1.345252665104217e+00  7.051860790966019e-01  4.763596417032576e-01  -8.099707820688461e-02  -8.040965500864500e-08  -1.618070282435792e-07  3.033409813321370e-09
  1.045000000000000e+00  1.593959522368357e+00  3.818361747213597e+00  1.309870090142324e+00  7.192763151845498e-01  4.698359650184595e-01  -3.304146985480777e-02  -7.260804314542829e-08  -1.982262815192246e-07  -1.946718508123823e-08
  1.050000000000000e+00  1.599373307678494e+00  3.848875468106900e+00  1.429880070722702e+00  7.089120659438091e-01  5.563112763711524e-01  -7.443801351424295e-02  -6.907556567166585e-08  -1.952071796973221e-07  -1.600450875595436e-08
  1.054999999999999e+00  1.550251527895014e+00  4.124616509711335e+00  1.255827924568800e+00  6.797640243253890e-01  5.036563988332592e-01  -2.430711198178893e-02  -5.551539938448954e-08  -2.215067375222829e-07  -4.091892699986386e-08
  1.059999999999999e+00  1.425381401324312e+00  4.193155398696511e+00  9.903918981569454e-01  6.280052220583716e-01  4.382782979572065e-01  1.413795036720687e-02  -3.955950850565557e-08  -2.360963724611542e-07  -6.498765908359632e-08
  1.064999999999999e+00  1.313821503116410e+00  4.027129189332967e+00  1.017430540800015e+00  5.522360344743230e-01  4.444489406249018e-01  -7.719825233057796e-03  -2.961719262763908e-08  -2.244149909917089e-07  -5.933954344241950e-08
  1.069999999999999e+00  1.058778699506253e+00  3.771283242416202e+00  6.435131863333281e-01  4.532578099203639e-01  3.357281042710857e-01  2.558082150498195e-02  -8.984582149749084e-09  -2.218435157913872e-07  -7.920544731282370e-08
  1.074999999999999e+00  8.802855505177902e-01  3.488323570612601e+00  5.975217515666922e-01  3.428806707653289e-01  2.848361495701704e-01  2.066310097908127e-02  4.123823765733059e-09  -2.045986704975021e-07  -7.200517130887800e-08
  1.079999999999999e+00  5.144750484302090e-01  2.909886816054936e+00  1.512234272497284e-01  1.965701693591736e-01  1.370127613508865e-01  4.918784304879274e-02  2.745074166025436e-08  -1.820350674486798e-07  -8.464374168074660e-08
  1.084999999999999e+00  8.164600039695383e-02  2.089900491320942e+00  -2.812719967942336e-01  2.837348275213908e-02  1.192903956112545e-02  5.121735462748862e-02  5.199887761826055e-08  -1.410023792105144e-07  -8.606399353985711e-08
  1.089999999999999e+00  -1.787847936106179e-01  1.645588915162072e+00  -4.463450831070372e-01  -1.220089561567647e-01  -1.384934412160707e-01  8.521189419904103e-02  6.782638417627027e-08  -1.178484058137976e-07  -7.951425189439523e-08
  1.094999999999999e+00  -6.741947459836084e-01  5.637268275232993e-01  -8.639718916961839e-01  -3.239181368746990e-01  -2.759068939509158e-01  7.993093920296772e-02  9.203353439820755e-08  -5.621132407954591e-08  -6.930095726846362e-08
  1.099999999999999e+00  -9.442271810739874e-01  7.693523115258687e-02  -1.071209129370740e+00  -4.815720187868036e-01  -4.600482643087992e-01  1.403349479277901e-01  1.079962491984223e-07  -3.214925313721313e-08  -6.387083827266072e-08
  1.104999999999998e+00  -1.468330297605245e+00  -1.191138996681310e+00  -1.432599052298436e+00  -6.989198709774626e-01  -5.839863434982857e-01  1.208483138877825e-01  1.304096934898942e-07  4.672097413898710e-08  -4.143448926212814e-08
  1.109999999999998e+00  -1.713507556647320e+00  -1.670411176251237e+00  -1.650927826959170e+00  -8.494369694313607e-01  -7.803076207754378e-01  2.093123328988959e-01  1.449268495676597e-07  6.891622044049779e-08  -3.856148934523327e-08
  1.114999999999998e+00  -2.195216286422650e+00  -3.008212553886239e+00  -1.894471043317670e+00  -1.063404246227970e+00  -8.653297054979211e-01  1.801754831160836e-01  1.623327871293454e-07  1.596922170463168e-07  -5.609565794827347e-09
  1.119999999999998e+00  -2.644461520224678e+00  -4.371361344344416e+00  -2.023517545057130e+00  -1.276360500454114e+00  -9.093748656903702e-01  1.211784415293438e-01  1.765647903168628e-07  2.581533717608914e-07  3.726685710709000e-08
  1.124999999999998e+00  -2.769842343313036e+00  -4.708635428876475e+00  -2.183689072869928e+00  -1.380725561233599e+00  -1.066724389533064e+00  2.473007095111269e-01  1.843571496045314e-07  2.724586933342076e-07  3.463844338428244e-08
  1.129999999999998e+00  -3.081156672975895e+00  -5.916978288429271e+00  -2.146628116952343e+00  -1.552756165821663e+00  -1.044469537234184e+00  1.796255788032079e-01  1.899650265626570e-07  3.675154147188051e-07  8.121268259466958e-08
  1.134999999999998e+00  -3.095823463480587e+00  -6.101054466370074e+00  -2.233433328901580e+00  -1.611205473891645e+00  -1.141349388586119e+00  3.197974270842973e-01  1.924336955611937e-07  3.729639310152126e-07  7.424553284574957e-08
  1.139999999999998e+00  -3.217015059077066e+00  -7.014870600975073e+00  -2.018461116883896e+00  -1.722690447063888e+00  -1.036721621864140e+00  2.386769620223481e-01  1.873359053370646e-07  4.549749122467921e-07  1.196233473663896e-07
  1.144999999999998e+00  -3.210472998845831e+00  -7.679067013839192e+00  -1.707413873607893e+00  -1.790872409392108e+00  -9.170313255021592e-01  1.545086424920092e-01  1.756750617488488e-07  5.191261575586601e-07  1.592619968217883e-07
  1.149999999999997e+00  -3.002530720230540e+00  -7.511208240976004e+00  -1.624554455708190e+00  -1.749738349330878e+00  -8.588682191207062e-01  2.890017398952512e-01  1.666961264881694e-07  5.079853327803994e-07  1.471130932394691e-07
  1.154999999999997e+00  -2.742573166932523e+00  -7.674231654901176e+00  -1.158807121942688e+00  -1.725086901469234e+00  -6.626346746659765e-01  2.029216306518698e-01  1.419792205465568e-07  5.404821642227878e-07  1.743965430174305e-07
  1.159999999999997e+00  -2.411143952696494e+00  -7.289004984086505e+00  -9.806868982559098e-01  -1.619809295914744e+00  -5.075111832700349e-01  3.171166884510011e-01  1.264328216794377e-07  5.180001945582300e-07  1.592225777208554e-07
  1.164999999999997e+00  -1.917400762155441e+00  -6.905138294583036e+00  -4.065305627031413e-01  -1.484893502904874e+00  -2.427984561071488e-01  2.261524934397444e-01  9.012327512454738e-08  5.108458792213327e-07  1.703132447426359e-07
  1.169999999999997e+00  -1.255221512315729e+00  -6.088149204138134e+00  1.938138927592034e-01  -1.285826253539190e+00  -4.753259193512103e-03  1.732846037267439e-01  4.569322120634144e-08  4.668927250692978e-07  1.607960670417836e-07
  1.174999999999997e+00  -7.702479066413066e-01  -5.373386518434454e+00  4.911856325832781e-01  -1.081697134271065e+00  3.076194915544319e-01  2.165765179919661e-01  2.110483442649859e-08  4.290236142705743e-07  1.453395922571251e-07
  1.179999999999997e+00  5.821761826804568e-02  -4.030191220085980e+00  1.098123851755976e+00  -7.762502803531948e-01  5.736153024637514e-01  1.659206952396784e-01  -3.127564666540648e-08  3.410803394280826e-07  1.156703466522321e-07
  1.184999999999997e+00  5.747947987035078e-01  -3.193315597081372e+00  1.422690501526866e+00  -5.313190804483885e-01  9.403123837728220e-01  1.548995884580150e-01  -5.903382560031287e-08  2.975225766030871e-07  1.012382596178079e-07
  1.189999999999997e+00  1.514326661483651e+00  -1.418633141822231e+00  1.983568803603139e+00  -1.463551193362787e-01  1.192619811968619e+00  1.163149536031993e-01  -1.167522130330337e-07  1.710796362665674e-07  5.230074059333283e-08
  1.194999999999997e+00  2.487202448155841e+00  6.247063635470106e-01  2.447062249368665e+00  2.856443285986326e-01  1.389845879851336e+00  1.298173409406432e-01  -1.750087932448577e-07  1.548575267350871e-08  -1.477632201819332e-08
  1.199999999999996e+00  2.935031332088425e+00  1.496398458123189e+00  2.719191933584700e+00  5.544027432608808e-01  1.781475903400616e+00  7.211286091098268e-03  -2.015847323909024e-07  -3.008290620868693e-08  -2.286042383146286e-08
  1.204999999999996e+00  3.846097277140312e+00  3.661116930554784e+00  3.025059082491516e+00  1.010155536792803e+00  1.908513382656025e+00  3.515268004689864e-02  -2.557130002318679e-07  -2.047803489523288e-07  -1.005854921565025e-07
  1.209999999999996e+00  4.179428297119121e+00  4.436916141937963e+00  3.218371410302860e+00  1.257791355737081e+00  2.257713397883306e+00  -1.506606489347953e-01  -2.782984929798767e-07  -2.445063258744282e-07  -1.030351974478570e-07
  1.214999999999996e+00  4.904384815289517e+00  6.487938614846219e+00  3.296744929623505e+00  1.688499221086198e+00  2.276212650798208e+00  -1.162558046208542e-01  -3.212976230901404e-07  -4.223917775478717e-07  -1.838612129791620e-07
  1.219999999999996e+00  5.078503675818337e+00  7.086295128279302e+00  3.383460431887471e+00  1.889453026699671e+00  2.547425642441204e+00  -3.563860123937053e-01  -3.373832261566377e-07  -4.517558242792531e-07  -1.795851682844288e-07
  1.224999999999996e+00  5.531704635622567e+00  8.796529560040886e+00  3.209673444341924e+00  2.249115576523069e+00  2.424634032461635e+00  -3.052847433507711e-01  -3.638868740153326e-07  -6.163904532925454e-07  -2.560927201223815e-07
  1.229999999999996e+00  5.797669349958217e+00  1.018579283253536e+01  2.876885589441528e+00  2.545741591845063e+00  2.240071332875113e+00  -2.206379318297410e-01  -3.773275185048048e-07  -7.584601170532024e-07  -3.233169835845871e-07
  1.234999999999996e+00  5.629148640583197e+00  1.031835886727474e+01  2.731576843240890e+00  2.619020683845886e+00  2.302963051415086e+00  -5.152769804353217e-01  -3.770922296738333e-07  -7.660691454687145e-07  -3.090484995013642e-07
  1.239999999999996e+00  5.518920013433045e+00  1.103325922351098e+01  2.154707346740008e+00  2.775767341048982e+00  1.970597241341991e+00  -4.204343301679016e-01  -3.667586205739277e-07  -8.660061224842795e-07  -3.566348066628683e-07
  1.244999999999995e+00  5.143639649526225e+00  1.084773723595297e+01  1.876161034408942e+00  2.755834089797863e+00  1.888049377769862e+00  -7.163188847783334e-01  -3.563337718214977e-07  -8.563868032729808e-07  -3.361544485281584e-07
  1.249999999999995e+00  4.672197233264535e+00  1.080474192266886e+01  1.107831994215394e+00  2.739117646422357e+00  1.412739184649890e+00  -6.013292428119137e-01  -3.224769592092330e-07  -9.022730418201018e-07  -3.588792706314564e-07
  1.254999999999995e+00  3.972893206959851e+00  1.019493778633198e+01  2.787064455748108e-01  2.614468658785006e+00  9.429155068570652e-01  -5.036143196151615e-01  -2.711081708316503e-07  -8.984482493370605e-07  -3.523817854240167e-07
  1.259999999999995e+00  3.295696510441531e+00  9.475017315854862e+00  -1.874758184277634e-01  2.440008094547297e+00  5.958425457148036e-01  -7.343257534508216e-01  -2.450173961402465e-07  -8.635684983753652e-07  -3.275183262506838e-07
  1.264999999999995e+00  2.327368334396564e+00  8.142677123537528e+00  -1.057818727163673e+00  2.140147364440556e+00  4.386327935332128e-02  -6.168351578188153e-01  -1.745558701510983e-07  -7.989751410072734e-07  -2.904717848365420e-07
  1.269999999999995e+00  1.542632561065879e+00  7.176618316012266e+00  -1.587608749370626e+00  1.894899897800306e+00  -4.281805472205081e-01  -7.779018383818536e-01  -1.420055684115797e-07  -7.514745076368097e-07  -2.643314121306219e-07
  1.274999999999995e+00  3.783059344707425e-01  5.253569252911234e+00  -2.413712573553789e+00  1.459096108498836e+00  -1.003761891526529e+00  -6.440766217106308e-01  -5.654140104733161e-08  -6.327173772432377e-07  -1.974558938528907e-07
  1.279999999999995e+00  -8.339007795018184e-01  3.039595151909225e+00  -3.081882000510647e+00  9.398572834458326e-01  -1.480427228136391e+00  -5.630041754615910e-01  3.435650979287726e-08  -4.735920333881888e-07  -1.029764882032489e-07
  1.284999999999995e+00  -1.642659687050428e+00  1.851952936971160e+00  -3.606271140312817e+00  6.387307333437527e-01  -2.107970386910920e+00  -5.491807089450390e-01  7.009837476155608e-08  -4.145236523189583e-07  -8.107244399937365e-08
  1.289999999999994e+00  -2.836366674945717e+00  -5.296355517890483e-01  -4.052395334856160e+00  6.680611698689504e-02  -2.505426227270937e+00  -4.584446539430316e-01  1.615154549249993e-07  -2.239078431379022e-07  3.352347219146063e-08
  1.294999999999994e+00  -3.552588030272877e+00  -1.705630994603764e+00  -4.500667854833893e+00  -2.230978303695095e-01  -3.151619470435678e+00  -3.332511380921033e-01  1.949845344706299e-07  -1.658555351768826e-07  5.014275656889289e-08
  1.299999999999994e+00  -4.565555873930374e+00  -3.949566565370072e+00  -4.617128915725765e+00  -7.835615656334310e-01  -3.405756482470543e+00  -2.246441305807474e-01  2.763100840067160e-07  3.888796145719341e-08  1.755657468327959e-07
  1.304999999999994e+00  -5.458297942536769e+00  -5.934740440504587e+00  -4.487337363688615e+00  -1.316121428403736e+00  -3.497057051474185e+00  -1.963980588502739e-01  3.461335896039412e-07  2.418313465261038e-07  3.048965432369545e-07
  1.309999999999994e+00  -5.855221360483776e+00  -6.844158540608401e+00  -4.689579008592059e+00  -1.515085425721627e+00  -4.067917554756582e+00  1.139004970488639e-01  3.687053288230739e-07  2.906288395427037e-07  3.117708595557213e-07
  1.314999999999994e+00  -6.408263889569027e+00  -8.238455579810667e+00  -4.189122048649862e+00  -1.926831734457102e+00  -3.946222368951143e+00  1.452320204199100e-01  4.152822832382489e-07  4.734820454131701e-07  4.315657617485410e-07
  1.319999999999994e+00  -6.555403539343545e+00  -8.883630744639550e+00  -4.201313052761133e+00  -2.045801170154302e+00  -4.397657046889494e+00  5.331072664165681e-01  4.296701872610605e-07  5.090288655040344e-07  4.302697311753793e-07
  1.324999999999994e+00  -6.715395218744797e+00  -9.509941437608553e+00  -3.359658697473827e+00  -2.298624356074011e+00  -4.034744131099631e+00  5.451035661153324e-01  4.484941761603222e-07  6.573179243081070e-07  5.302105628554044e-07
  1.329999999999994e+00  -6.596446659785101e+00  -9.842739100264808e+00  -3.166352310101952e+00  -2.331207665113125e+00  -4.328378797005850e+00  9.812571104207403e-01  4.543044714938259e-07  6.777609827050112e-07  5.209265416389239e-07
  1.334999999999994e+00  -6.363375751991069e+00  -9.628211986326969e+00  -2.051879620382890e+00  -2.397673754823630e+00  -3.718885201492126e+00  9.524935299093037e-01  4.446522022641897e-07  7.797600035984677e-07  5.921881568321136e-07
  1.339999999999993e+00  -5.939965021472418e+00  -8.815890608345258e+00  -9.055454271205179e-01  -2.336458272245229e+00  -3.040152621187975e+00  8.802062247802892e-01  4.119465727272204e-07  8.353679200035869e-07  6.271863851282206e-07
  1.344999999999993e+00  -5.390118699356253e+00  -8.599780130893926e+00  -3.811347715354987e-01  -2.246219212216995e+00  -3.002372979946800e+00  1.310042715920095e+00  4.052960740204154e-07  8.369707989529749e-07  6.115744600632648e-07
  1.349999999999993e+00  -4.671221030447231e+00  -7.077689381360102e+00  8.060645618719727e-01  -2.016100319421852e+00  -2.159005823947753e+00  1.179848837375602e+00  3.495710858441283e-07  8.394178215652415e-07  6.061808583026310e-07
  1.354999999999993e+00  -3.944246608530642e+00  -6.599588177725083e+00  1.465750712363487e+00  -1.885969503935974e+00  -1.927441216968628e+00  1.553513647946323e+00  3.384527561814782e-07  8.306316915266512e-07  5.871261507401440e-07
  1.359999999999993e+00  -3.007657206950773e+00  -4.559860377379238e+00  2.558277677326430e+00  -1.544551855340467e+00  -9.926060154723001e-01  1.356634008303661e+00  2.648363715953962e-07  7.860083360240473e-07  5.399949884177275e-07
  1.364999999999993e+00  -2.045653001289205e+00  -2.362291335992314e+00  3.377544894232754e+00  -1.124933672281061e+00  -1.729969544234465e-01  1.173086417798332e+00  1.832930046095184e-07  7.030525724692639e-07  4.537173605095124e-07
  1.369999999999993e+00  -1.186582743841855e+00  -1.635834047163791e+00  4.114863129672360e+00  -1.010870611437794e+00  3.551009064435799e-01  1.357451570153636e+00  1.706790415455389e-07  6.885545769280112e-07  4.351228226373687e-07
  1.374999999999993e+00  -2.091691158591960e-01  5.622217205668971e-01  4.613581309870051e+00  -5.897635525460463e-01  1.109885596163372e+00  1.119297835119330e+00  8.722052519208223e-08  5.785353559027569e-07  3.162297441161332e-07
  1.379999999999993e+00  6.043984502720580e-01  1.302012325737525e+00  5.287123095822878e+00  -5.251887296222604e-01  1.747203207263361e+00  1.170059853169707e+00  7.655063504289504e-08  5.658102902364755e-07  2.999147216687870e-07
  1.384999999999992e+00  1.437931450862135e+00  3.173211470337521e+00  5.346310104400533e+00  -1.707948697379421e-01  2.347688462387300e+00  8.731407543895718e-01  1.655600158656841e-09  4.431207714937009e-07  1.588022771330035e-07
  1.389999999999992e+00  2.174474631896606e+00  4.580962459899326e+00  5.077834873614464e+00  1.249640609370316e-01  2.695723152160064e+00  6.651788189143759e-01  -6.173917110645374e-08  3.207307380135151e-07  7.501932030172461e-09
  1.394999999999992e+00  2.734721024135460e+00  5.108642733085968e+00  5.471814642099247e+00  4.860968915808810e-02  3.405798588767268e+00  4.587801897204848e-01  -6.615935703399830e-08  3.158871088194925e-07  -5.574700510594300e-09
  1.399999999999992e+00  3.189444151132175e+00  5.752592637713327e+00  4.760891856350783e+00  1.763297367239380e-01  3.496427212919443e+00  2.324754361429291e-01  -1.090858741582714e-07  2.092769414297322e-07  -1.538689193043071e-07
  1.404999999999992e+00  3.536951027526389e+00  6.080323468932530e+00  4.929438439211957e+00  1.618733397132055e-02  4.172678141807605e+00  -9.201508966804506e-02  -1.103863451319036e-07  2.127529387910301e-07  -1.633234346119229e-07
  1.409999999999992e+00  3.667127632252073e+00  5.826165633187900e+00  3.836663761239851e+00  -4.131043437406472e-02  3.971681174050617e+00  -3.022977561444055e-01  -1.301519206395047e-07  1.323740325064278e-07  -2.954587501278002e-07
  1.414999999999992e+00  3.643829062753644e+00  4.826929521280829e+00  2.639804254742561e+00  -2.479803774373056e-01  3.558032952467848e+00  -4.019072012131429e-01  -1.286701526360261e-07  8.855390407129042e-08  -3.976664062753844e-07
  1.419999999999992e+00  3.606410788127425e+00  4.762602229504115e+00  2.401051056295361e+00  -5.149349287876942e-01  4.077078624165168e+00  -8.720613505314364e-01  -1.273228587169398e-07  9.683873858709582e-08  -4.074091480587633e-07
  1.424999999999992e+00  3.266190511680264e+00  2.887458464643067e+00  1.044875165588141e+00  -8.910711107740652e-01  3.420375269976492e+00  -9.200198050754883e-01  -1.037172403103308e-07  9.108839892669755e-08  -4.723530596343857e-07
  1.429999999999992e+00  3.059933487608645e+00  2.659488304123742e+00  6.205603940056080e-01  -1.173996929280031e+00  3.824935327237866e+00  -1.406587060420049e+00  -1.046251230444408e-07  1.003357081841711e-07  -4.823318470232128e-07
  1.434999999999991e+00  2.504314143214133e+00  9.446652664969817e-02  -7.174153255077926e-01  -1.675417041573835e+00  2.975301234490501e+00  -1.360116354998836e+00  -6.591111710838304e-08  1.313539517716357e-07  -5.064608914774064e-07
  1.439999999999991e+00  2.197558089268614e+00  -2.158913713347049e-01  -1.259493729713070e+00  -1.932006021601575e+00  3.268955494252299e+00  -1.820299378306239e+00  -7.165782152133306e-08  1.355967132850078e-07  -5.191292805710048e-07
  1.444999999999991e+00  1.500311736537395e+00  -3.226708202174367e+00  -2.425013088410869e+00  -2.478144500860517e+00  2.313923549496554e+00  -1.666904844946788e+00  -2.256577365663478e-08  1.950347296078756e-07  -5.009094113562303e-07
  1.449999999999991e+00  7.836115812316162e-01  -6.446659364836289e+00  -3.304111646099356e+00  -3.078561896514610e+00  1.403838022983875e+00  -1.459114733590736e+00  3.154679587335077e-08  2.874626030717069e-07  -4.416814843339474e-07
  1.454999999999991e+00  5.100987433488244e-01  -6.626766166392689e+00  -3.804329073571899e+00  -3.179878396617240e+00  1.549392235147649e+00  -1.768274491699251e+00  1.401050946827398e-08  2.644432688647144e-07  -4.638790888496742e-07
  1.459999999999991e+00  -1.508351351811367e-01  -9.712834357509292e+00  -4.302814404439939e+00  -3.692606003187799e+00  7.038398992172005e-01  -1.465316249485346e+00  6.399530049788617e-08  3.624820203386724e-07  -3.752764806977280e-07
  1.464999999999991e+00  -2.811886229163671e-01  -9.654229478669425e+00  -4.657984478501708e+00  -3.654022368760619e+00  8.193414654818790e-01  -1.645988306679565e+00  3.686467467765983e-08  3.180800875669022e-07  -4.044522435314484e-07
  1.469999999999991e+00  -7.208821253311148e-01  -1.224406712944706e+01  -4.670471706646333e+00  -4.001291018645858e+00  1.282067193511257e-01  -1.238688153671646e+00  7.360549631465931e-08  4.043861699738905e-07  -2.998596795277074e-07
  1.474999999999991e+00  -1.056147877807885e+00  -1.437240955172592e+01  -4.437665851858412e+00  -4.256694596973316e+00  -3.856237084510056e-01  -8.944785614060222e-01  9.741182848866203e-08  4.818225066927008e-07  -1.910347807463256e-07
  1.479999999999990e+00  -7.771829102756469e-01  -1.363845225446343e+01  -4.327728817712744e+00  -3.920613957883909e+00  -2.114585698156372e-01  -7.980399502851665e-01  5.595093316872022e-08  3.923786314738733e-07  -2.292617697344116e-07
  1.484999999999990e+00  -7.476881804702451e-01  -1.476936173676733e+01  -3.658253572156692e+00  -3.903268638656544e+00  -4.776735304462127e-01  -4.064934822147544e-01  5.655071263441390e-08  4.238497549185747e-07  -1.346152137175755e-07
  1.489999999999990e+00  -2.076614566145538e-01  -1.359684682125570e+01  -3.265301843781287e+00  -3.394519834326407e+00  -2.385803459481207e-01  -1.682753207291333e-01  8.287198457986160e-09  3.087292035500180e-07  -1.771215609508477e-07
  1.494999999999990e+00  2.304303719903782e-01  -1.355467839733771e+01  -2.241229591974536e+00  -3.091130617680000e+00  -2.430847440383198e-01  2.355166712213614e-01  -1.721200493588556e-08  2.819241374015046e-07  -1.111586255475617e-07
  1.499999999999990e+00  8.882699933007653e-01  -1.262697051369030e+01  -1.204509869041249e+00  -2.587698900844570e+00  -9.718171623854355e-02  5.055209240908014e-01  -6.579447163408754e-08  1.988602730102755e-07  -8.579562036158894e-08
  1.504999999999990e+00  1.808184120247675e+00  -1.071438957089738e+01  -3.475662749623792e-01  -1.832752499104881e+00  3.092513841992603e-01  9.580752557106138e-01  -1.189088439788832e-07  5.018448472631059e-08  -1.258108348105343e-07
  1.509999999999990e+00  2.864564218207357e+00  -8.525404886043013e+00  8.041868959782803e-01  -1.044912667118718e+00  6.550542633478450e-01  1.183620892742199e+00  -1.956081795948526e-07  -1.092060762105967e-07  -1.515154915088431e-07
  1.514999999999990e+00  3.847647568404553e+00  -6.361167311732563e+00  1.751069743899928e+00  -2.020633931000452e-01  1.107003359124901e+00  1.694163863838763e+00  -2.446326300293917e-07  -2.663374859836183e-07  -1.862080619609801e-07
  1.519999999999990e+00  5.153382651431929e+00  -3.130885981347599e+00  2.822313681176029e+00  8.203609899905194e-01  1.578031086311874e+00  1.835177251309140e+00  -3.418407800644845e-07  -4.960227169809652e-07  -2.604712736979716e-07
  1.524999999999989e+00  6.070207816615413e+00  -8.893739994773704e-01  3.742155822998322e+00  1.692606191864347e+00  2.017799050014271e+00  2.351654361140083e+00  -3.817761362655718e-07  -6.496123639629140e-07  -2.831675080243997e-07
  1.529999999999989e+00  7.420265526603391e+00  3.092516172122228e+00  4.535192525165042e+00  2.892362980852901e+00  2.522853754119237e+00  2.358258088097898e+00  -4.916283599409691e-07  -9.385851362779227e-07  -3.984647461659631e-07
  1.534999999999989e+00  8.950556824124536e+00  7.690855034040100e+00  5.171717751262971e+00  4.225472497737579e+00  2.999067318655388e+00  2.288013093194008e+00  -6.180960618130775e-07  -1.280807429278556e-06  -5.555377697909471e-07
  1.539999999999989e+00  9.393475031048311e+00  9.602366579344199e+00  5.695062139129650e+00  4.997033117913736e+00  3.296058676080265e+00  2.714721713411253e+00  -6.362019703349679e-07  -1.401574818361239e-06  -5.516422488304135e-07
  1.544999999999989e+00  1.066922905243341e+01  1.432616844532589e+01  5.881600163266339e+00  6.352760079595677e+00  3.644535100665855e+00  2.500507009645990e+00  -7.606242589998456e-07  -1.763812287089397e-06  -7.230478459375765e-07
  1.549999999999989e+00  1.062942436014450e+01  1.570953221934982e+01  5.989766645757057e+00  6.972616401381758e+00  3.720844784379376e+00  2.802716721348943e+00  -7.569286730083778e-07  -1.845532339738292e-06  -6.953261781848567e-07
  1.554999999999989e+00  1.150053162672729e+01  2.013318847353234e+01  5.696765454834530e+00  8.240677769465268e+00  3.836021488607422e+00  2.469063401630718e+00  -8.725038659126662e-07  -2.196172234075750e-06  -8.624538392760306e-07
  1.559999999999989e+00  1.222315138149152e+01  2.444264195820447e+01  5.322472906404174e+00  9.494919104966378e+00  3.897670766574490e+00  2.125090042592295e+00  -9.778397196904330e-07  -2.536944274631832e-06  -1.012220949090963e-06
  1.564999999999989e+00  1.108921658693063e+01  2.445001945954639e+01  4.465077296362401e+00  9.724098163825051e+00  3.436600168242189e+00  2.125938621602776e+00  -9.364206392226778e-07  -2.532380253580816e-06  -9.452470409968086e-07
  1.569999999999989e+00  1.110498571245721e+01  2.774579908641860e+01  3.671846164615134e+00  1.073037190574625e+01  3.204659179984735e+00  1.688836486761828e+00  -1.011704484837969e-06  -2.800896605544066e-06  -1.044337305342347e-06
  1.574999999999988e+00  9.292881261617662e+00  2.676019708876845e+01  2.248904059096870e+00  1.066926293627468e+01  2.355795864612122e+00  1.495143116313634e+00  -9.421448491937588e-07  -2.732989299230715e-06  -9.503402951899860e-07
  1.579999999999988e+00  8.494823312750047e+00  2.872927596002837e+01  1.114236808308656e+00  1.132502770592557e+01  1.820030016088885e+00  9.632009418164499e-01  -9.765124403289013e-07  -2.896281793177914e-06  -9.770450852907448e-07
  1.584999999999988e+00  7.306851362439384e+00  2.993371550590377e+01  1.449926451408370e-01  1.180476735881428e+01  1.337100562220802e+00  5.301554760040501e-01  -9.738312963968346e-07  -2.975544909255921e-06  -9.287246887226201e-07
  1.589999999999988e+00  4.440278008114028e+00  2.714995435006466e+01  -2.110761638135172e+00  1.120755880958553e+01  -2.200027395877824e-01  4.179084772206305e-04  -8.642812791229048e-07  -2.799680776058326e-06  -7.990043135882239e-07
  1.594999999999988e+00  2.455341867436720e+00  2.674921565288631e+01  -3.147726460673856e+00  1.121373291370410e+01  -9.162612972395862e-01  -4.616419034946659e-01  -8.060122881632321e-07  -2.730978055861138e-06  -6.542926705889208e-07
  1.599999999999988e+00  -8.248693006060327e-01  2.302228923506636e+01  -5.666418256054022e+00  1.030761270236812e+01  -2.813421615586905e+00  -1.131413783829045e+00  -6.742752295562499e-07  -2.495592332235000e-06  -5.080618424201231e-07
  1.604999999999988e+00  -3.506071939892781e+00  2.103275286508165e+01  -6.590606863630414e+00  9.837242717245562e+00  -3.612103447985727e+00  -1.588660553240531e+00  -5.535043030915810e-07  -2.274470257168143e-06  -2.660023175598117e-07
  1.609999999999988e+00  -6.995579689801623e+00  1.653286756531093e+01  -9.175635176060085e+00  8.653710142703765e+00  -5.768110007274694e+00  -2.343478558558873e+00  -4.061159661640554e-07  -1.989586401977037e-06  -1.111244386199400e-07
  1.614999999999988e+00  -1.007841492704906e+01  1.318463687613258e+01  -9.747454679899027e+00  7.681095354486567e+00  -6.549599010796573e+00  -2.727013749624738e+00  -2.272268663314821e-07  -1.616315518037541e-06  2.174153901138205e-07
  1.619999999999987e+00  -1.352121157800353e+01  8.990607618174762e+00  -1.006816389724504e+01  6.398399259393076e+00  -7.065732000352463e+00  -3.009261192174429e+00  6.647325260985519e-09  -1.133680605232806e-06  6.162072448790427e-07
  1.624999999999987e+00  -1.682363571301070e+01  3.700252683272342e+00  -1.227450455713674e+01  4.856782913800570e+00  -9.450293744040490e+00  -3.787651542474857e+00  1.649225749359812e-07  -7.880779712107874e-07  7.720646474991738e-07
  1.629999999999987e+00  -2.024266155625288e+01  -1.363967923561552e+00  -1.207120711640486e+01  3.121123739082609e+00  -9.753448263479291e+00  -3.940337922739257e+00  4.477358611380711e-07  -1.833500600523956e-07  1.219234201732592e-06
  1.634999999999987e+00  -2.308958758700760e+01  -6.697375637828206e+00  -1.377690706030731e+01  1.472754781917675e+00  -1.203992619329992e+01  -4.618150846902457e+00  5.990858320113677e-07  1.718509913544304e-07  1.361564432995566e-06
  1.639999999999987e+00  -2.625600571219998e+01  -1.224828904195963e+01  -1.302933010767147e+01  -6.106068336581649e-01  -1.198038584822293e+01  -4.640327157110487e+00  9.231314770029130e-07  8.642282493672780e-07  1.830357574195476e-06
  1.644999999999987e+00  -2.937427487193223e+01  -1.812612265053914e+01  -1.218835644501853e+01  -2.963554894351611e+00  -1.167887041175189e+01  -4.597472860686107e+00  1.274799854153153e-06  1.606049721094671e-06  2.295369221979607e-06
  1.649999999999987e+00  -3.093375312012580e+01  -2.284396520020848e+01  -1.269256065246842e+01  -4.611696791698511e+00  -1.349535123341991e+01  -4.967973740376411e+00  1.399783131037424e-06  1.953222674017528e-06  2.404416232150873e-06
  1.654999999999987e+00  -3.333736836242967e+01  -2.851249071600354e+01  -1.139004778984302e+01  -7.137748077831278e+00  -1.274812992151631e+01  -4.792749086406290e+00  1.760353431661677e-06  2.712115054779944e-06  2.829964580531081e-06
  1.659999999999987e+00  -3.391449388420477e+01  -3.244497592707890e+01  -1.106653700042617e+01  -8.649516459290089e+00  -1.405945281948357e+01  -4.900805305534035e+00  1.851514611310677e-06  3.021918360497701e-06  2.903251394561081e-06
  1.664999999999986e+00  -3.529199566600268e+01  -3.745475297628754e+01  -9.314723377859391e+00  -1.120325049833705e+01  -1.282996253583791e+01  -4.544240818118769e+00  2.194211959741831e-06  3.752846107344065e-06  3.254509006608831e-06
  1.669999999999986e+00  -3.633013373721339e+01  -4.226761726478694e+01  -7.819352357922174e+00  -1.381805349049130e+01  -1.158393131284200e+01  -4.249650226063109e+00  2.519779213747036e-06  4.438313758193193e-06  3.528974429973540e-06
  1.674999999999986e+00  -3.504830009318034e+01  -4.437941946324101e+01  -6.145995807454760e+00  -1.492132212824778e+01  -1.179438821667672e+01  -3.890645447791091e+00  2.547040638098350e-06  4.668888307555404e-06  3.538614992787416e-06
  1.679999999999986e+00  -3.483634335108499e+01  -4.803138649575720e+01  -4.436838600458383e+00  -1.730292635676694e+01  -1.016524462823865e+01  -3.456931048519782e+00  2.813280226727163e-06  5.249500956664491e-06  3.693392438333543e-06
  1.684999999999986e+00  -3.245088877347436e+01  -4.880597759661507e+01  -2.047118904052974e+00  -1.804894489495335e+01  -9.601780220401606e+00  -2.833922632344562e+00  2.786897409672624e-06  5.404287294467908e-06  3.653627518150550e-06
  1.689999999999986e+00  -3.099808588107932e+01  -5.110039867275847e+01  -3.379598447976666e-01  -2.006225507516474e+01  -7.655167400153099e+00  -2.335449632161263e+00  2.973947834697198e-06  5.844996641464786e-06  3.676506751132922e-06
  1.694999999999986e+00  -2.898941745100365e+01  -5.285198498076490e+01  9.994084648720586e-01  -2.185304614549385e+01  -6.058428755719552e+00  -1.880115808725900e+00  3.092570941292697e-06  6.162905409512288e-06  3.586858580441747e-06
  1.699999999999986e+00  -2.492131243334180e+01  -5.126421961718440e+01  4.224716039857218e+00  -2.188840730477327e+01  -4.129031741700636e+00  -9.541307055667713e-01  2.980295802817008e-06  6.182798501194952e-06  3.466757194042864e-06
  1.704999999999986e+00  -2.175616524672573e+01  -5.151673412836067e+01  5.346806104666730e+00  -2.309614451273520e+01  -2.448603866004996e+00  -4.842870238070795e-01  2.990623520234680e-06  6.313958325356937e-06  3.239557301047413e-06
  1.709999999999986e+00  -1.686900843991543e+01  -4.847826667023482e+01  8.897449115948307e+00  -2.266166612569069e+01  2.657187668345546e-01  5.303080311708652e-01  2.819832922119294e-06  6.237841180339385e-06  3.066903489084620e-06
  1.714999999999985e+00  -1.272603652499447e+01  -4.727573469944858e+01  9.689836965375131e+00  -2.317779863817381e+01  1.892787115454840e+00  9.818615524254901e-01  2.715462277230008e-06  6.163764672632470e-06  2.707483688865328e-06
  1.719999999999985e+00  -7.205343380988912e+00  -4.286283193403577e+01  1.337814180056734e+01  -2.227348290291884e+01  5.318324707878660e+00  1.993677776619764e+00  2.490251265882339e-06  5.991772520239822e-06  2.485127658617302e-06
  1.724999999999985e+00  -2.310123763847792e+00  -4.031511742819524e+01  1.371103185860965e+01  -2.207063155087062e+01  6.734660701072899e+00  2.358961226270554e+00  2.270822369692639e-06  5.708918221752842e-06  2.008829800464079e-06
  1.729999999999985e+00  2.880199859897348e+00  -3.730450121039658e+01  1.367215122137640e+01  -2.142209723566484e+01  7.434169344718573e+00  2.773119338384583e+00  1.965558753709158e-06  5.287496686189662e-06  1.458690701037698e-06
  1.734999999999985e+00  9.002997635565000e+00  -3.096407085145021e+01  1.716132024673151e+01  -1.976921091012621e+01  1.181488968660295e+01  3.531454557823245e+00  1.671667174137896e-06  4.953654425090217e-06  1.165296408003104e-06
  1.739999999999985e+00  1.452325962448944e+01  -2.690930849727882e+01  1.661724994466574e+01  -1.838861004361353e+01  1.209547248026447e+01  3.857633627696662e+00  1.267434479985747e-06  4.337730829776305e-06  5.361588106413180e-07
  1.744999999999985e+00  2.070613430516104e+01  -1.963867633051174e+01  1.981650636558878e+01  -1.636198614792213e+01  1.684215530018463e+01  4.389194580222467e+00  9.409801349394324e-07  3.919474894625834e-06  2.068432219121954e-07
  1.749999999999985e+00  2.624533454310805e+01  -1.480798199857020e+01  1.874309039070726e+01  -1.429447605848763e+01  1.658183769043325e+01  4.626011031684058e+00  4.570394443564130e-07  3.126419004842648e-06  -4.780355630193348e-07
  1.754999999999985e+00  3.170470137314132e+01  -9.797618506092926e+00  1.743243328420412e+01  -1.182221008191368e+01  1.563951296661731e+01  5.007406414448156e+00  -8.139011354645840e-08  2.252463105799922e-06  -1.177323709185793e-06
  1.759999999999984e+00  3.751398604713591e+01  -1.537179709286480e+00  1.991072661418382e+01  -9.306629340579097e+00  2.061163720993793e+01  5.044821401684783e+00  -4.290732817532509e-07  1.694236556410284e-06  -1.549115684018887e-06
  1.764999999999984e+00  4.253300230336496e+01  3.816065676330944e+00  1.812636600218084e+01  -6.299041719847602e+00  1.908106548705367e+01  5.372311728001170e+00  -1.006828799766807e-06  6.979579313225343e-07  -2.258366713533257e-06
  1.769999999999984e+00  4.780582578733910e+01  1.230727958894757e+01  2.001889376798531e+01  -3.625454942134254e+00  2.392471487000546e+01  5.135261899860375e+00  -1.349954681675519e-06  9.096952001224023e-08  -2.641847867345594e-06
  1.774999999999984e+00  5.209766367192317e+01  1.769411166517154e+01  1.780992652097614e+01  -2.087125819168430e-01  2.176020406658986e+01  5.453548776351232e+00  -1.939216498704692e-06  -9.895831032578525e-07  -3.336609401265705e-06
  1.779999999999984e+00  5.594738546807788e+01  2.292760859083670e+01  1.550420443241719e+01  3.447417130732117e+00  1.924799806089501e+01  5.876195601539357e+00  -2.536003089419214e-06  -2.063886986241750e-06  -3.992501624026157e-06
  1.784999999999984e+00  5.992329073035654e+01  3.120544537629184e+01  1.642095687511909e+01  6.196282060709979e+00  2.348092698977481e+01  5.327847667026796e+00  -2.835426893027385e-06  -2.745141425773231e-06  -4.375521171852809e-06
  1.789999999999984e+00  6.267577589730944e+01  3.603667731718385e+01  1.382585982580457e+01  1.003671226994178e+01  2.046379954695189e+01  5.778699399391180e+00  -3.401522305649812e-06  -3.827680520418286e-06  -4.979359637272646e-06
  1.794999999999984e+00  6.556301449786682e+01  4.371055054665797e+01  1.396041138338984e+01  1.267256632854587e+01  2.408280034290499e+01  5.136636067926061e+00  -3.652018603204820e-06  -4.500062440801409e-06  -5.340931153074442e-06
  1.799999999999984e+00  6.700624082929305e+01  4.784688184604897e+01  1.111545673709792e+01  1.652999540885107e+01  2.061329074848780e+01  5.632706812165197e+00  -4.165155175237378e-06  -5.541573063238925e-06  -5.869481371599691e-06
  1.804999999999984e+00  6.783113397449721e+01  5.159047553267498e+01  8.415414326305973e+00  2.043696236421701e+01  1.730063216439463e+01  6.033480838106174e+00  -4.650025700000065e-06  -6.492624524539774e-06  -6.324882653540946e-06
  1.809999999999983e+00  6.859240829545489e+01  5.775929119807710e+01  7.431243034962336e+00  2.268529202535725e+01  1.961634098331011e+01  5.604322229236958e+00  -4.791163570995834e-06  -7.132990316580755e-06  -6.632534093273767e-06
  1.814999999999983e+00  6.789416824068127e+01  6.046470094763330e+01  4.642947261787661e+00  2.637873541434323e+01  1.610260584775460e+01  5.996955002624908e+00  -5.196141757553431e-06  -7.967074479813196e-06  -6.981904715474162e-06
  1.819999999999983e+00  6.710898899547747e+01  6.519339883751586e+01  2.751764458180880e+00  2.823984718077029e+01  1.746098037346455e+01  5.760959815584269e+00  -5.246966955601982e-06  -8.526034357540958e-06  -7.230639952203420e-06
  1.824999999999983e+00  6.484058393490216e+01  6.667119158135542e+01  4.368935648099960e-02  3.158736687441868e+01  1.384516319984851e+01  6.197747474829059e+00  -5.562860598505603e-06  -9.201587234785223e-06  -7.462254156983410e-06
  1.829999999999983e+00  6.237334272441753e+01  6.965107128767276e+01  -2.817059345550728e+00  3.296666589339164e+01  1.416774714230895e+01  6.229798228112312e+00  -5.508084623516768e-06  -9.652001659788914e-06  -7.636157309385976e-06
  1.834999999999983e+00  5.842807172397683e+01  6.970417794907674e+01  -5.412474278066541e+00  3.582124151572822e+01  1.058856170977486e+01  6.610627265431852e+00  -5.723668102474930e-06  -1.012817187461485e-05  -7.726833158562701e-06
  1.839999999999983e+00  5.405670602852024e+01  6.934190974664540e+01  -7.399909544976498e+00  3.846592351701930e+01  7.807939750653636e+00  6.505123389149979e+00  -5.895024985466623e-06  -1.044537217097056e-05  -7.716742916671637e-06
  1.844999999999983e+00  4.867896893395707e+01  6.921243664851713e+01  -1.153867604468636e+01  3.886200523928733e+01  6.412226410441184e+00  7.293788818628077e+00  -5.666411340016098e-06  -1.068900155853378e-05  -7.752572711024160e-06
  1.849999999999983e+00  4.273338296405848e+01  6.733481832444532e+01  -1.318604013472921e+01  4.081401991456810e+01  3.927640396806908e+00  6.965016946799780e+00  -5.729230513635728e-06  -1.076653113198761e-05  -7.578407691537292e-06
  1.854999999999982e+00  3.552471326606764e+01  6.484634576860239e+01  -1.829940062583546e+01  4.050215055957548e+01  1.469759029207083e+00  8.079438145552375e+00  -5.373222624912124e-06  -1.083373985238193e-05  -7.502851655354414e-06
  1.859999999999982e+00  2.827529818780307e+01  6.147489833691716e+01  -1.935926881796916e+01  4.162427205583013e+01  -6.222381905769196e-01  7.520132362446744e+00  -5.332687476212336e-06  -1.065179103630257e-05  -7.159334152379983e-06
  1.864999999999982e+00  2.085615906072477e+01  5.784348670693191e+01  -1.954396288540377e+01  4.236216419486455e+01  -1.647607227143822e+00  6.255492966885154e+00  -5.223645558560708e-06  -1.032217396651150e-05  -6.697543328275147e-06
  1.869999999999982e+00  1.076359865752098e+01  5.153424791968226e+01  -2.586165617546573e+01  4.072207123948476e+01  -5.659353644961731e+00  7.900648355116420e+00  -4.690946264032367e-06  -1.007117157230342e-05  -6.426306635253352e-06
  1.874999999999982e+00  2.444808763824957e+00  4.651483447626691e+01  -2.520107646481836e+01  4.042181437742060e+01  -6.150527239477466e+00  6.289500823604475e+00  -4.471068085687078e-06  -9.478742246576789e-06  -5.780815963980413e-06
  1.879999999999982e+00  -9.217052592156531e+00  3.755235976744051e+01  -3.230595948878243e+01  3.792773393961461e+01  -1.101963269627709e+01  7.991778300957265e+00  -3.816595745461697e-06  -9.004969589065964e-06  -5.370021447556628e-06
  1.884999999999982e+00  -1.834589756424440e+01  3.109423788912328e+01  -3.082407446831759e+01  3.649811155110686e+01  -1.088757842378741e+01  5.838306672713075e+00  -3.470629702410959e-06  -8.152408821961016e-06  -4.523848371391269e-06
  1.889999999999982e+00  -2.698625809260657e+01  2.471390065558915e+01  -2.811773167783326e+01  3.444858496592347e+01  -9.763996079304276e+00  3.354030924503812e+00  -3.031845138582106e-06  -7.201473888151849e-06  -3.576087671149338e-06
  1.894999999999982e+00  -4.069668867801855e+01  1.175175102131604e+01  -3.595552681741648e+01  3.046019425303257e+01  -1.568716968842869e+01  4.781584007974145e+00  -2.245473536371377e-06  -6.340697314733206e-06  -2.927494402620945e-06
  1.899999999999981e+00  -4.960930732236667e+01  4.035489467726308e+00  -3.232062681546739e+01  2.711856325908572e+01  -1.396021486365979e+01  1.808081891352050e+00  -1.665184214043488e-06  -5.155161232734159e-06  -1.781234069265228e-06
  1.904999999999981e+00  -6.409630746797946e+01  -1.148298330910564e+01  -4.038564009951703e+01  2.229015678994881e+01  -2.032613415238612e+01  2.839104416578160e+00  -8.021668237541930e-07  -4.056167463286764e-06  -9.855380560751569e-07
  1.909999999999981e+00  -7.267285368221518e+01  -2.040171267995187e+01  -3.563688846019309e+01  1.758204867688839e+01  -1.800538604541571e+01  -5.554196039893790e-01  -9.241143197039190e-08  -2.646609683297421e-06  3.485059764473444e-07
  1.914999999999981e+00  -8.065230724398019e+01  -2.935500141971816e+01  -3.001286703572000e+01  1.208948343104621e+01  -1.502751246317747e+01  -3.686275293896091e+00  7.637044019228768e-07  -1.200419466117119e-06  1.757474688718598e-06
  1.919999999999981e+00  -9.551036902191595e+01  -4.852984330273301e+01  -3.782982769149667e+01  5.943666824085392e+00  -2.169018256030103e+01  -3.889456469919374e+00  1.664386466385471e-06  3.003404357353017e-07  2.800097932191248e-06
  1.924999999999981e+00  -1.026540602871601e+02  -5.879400588877175e+01  -3.128020793302701e+01  -9.249927269116011e-01  -1.827731228159239e+01  -7.202359854398702e+00  2.656757651609148e-06  1.939328420763868e-06  4.373249331790727e-06
  1.929999999999981e+00  -1.170592864306246e+02  -8.009035894502995e+01  -3.844664544897636e+01  -7.643835765306285e+00  -2.481762593032121e+01  -8.165657939538779e+00  3.550110727263217e-06  3.662815981683773e-06  5.543899457487718e-06
  1.934999999999981e+00  -1.230814055955749e+02  -9.179865735077756e+01  -3.110052316261678e+01  -1.576326514876130e+01  -2.101235314395728e+01  -1.154737027214274e+01  4.672489229145343e-06  5.476046077571236e-06  7.258203864851497e-06
  1.939999999999981e+00  -1.365097966495134e+02  -1.149661625976495e+02  -3.720614948632888e+01  -2.287025896973895e+01  -2.718149793325642e+01  -1.329439398693404e+01  5.514725774001746e-06  7.408139171014728e-06  8.540033280487788e-06
  1.944999999999981e+00  -1.409776050119400e+02  -1.281881894185780e+02  -2.915335844018710e+01  -3.207066804834491e+01  -2.303023884466574e+01  -1.658622841284367e+01  6.741653677360583e-06  9.381953092125569e-06  1.037035342703880e-05
  1.949999999999980e+00  -1.447672820705993e+02  -1.421354560865032e+02  -2.124467202452381e+01  -4.199867306989756e+01  -1.901078022839769e+01  -1.858377015765094e+01  8.108198289563161e-06  1.135470306199786e-05  1.219180663661483e-05
  1.954999999999980e+00  -1.554866547719454e+02  -1.678277655170554e+02  -2.515983387470855e+01  -4.935011953247156e+01  -2.414999805762015e+01  -2.200849760468475e+01  8.788262208724822e-06  1.362322127307781e-05  1.364758098416913e-05
  1.959999999999980e+00  -1.575249117509020e+02  -1.837435504993936e+02  -1.712499921975601e+01  -5.992869481610209e+01  -2.004344522829856e+01  -2.353265859983343e+01  1.021573790402791e-05  1.573702896492707e-05  1.552715546963620e-05
  1.964999999999980e+00  -1.659195836861585e+02  -2.106143482005164e+02  -1.900205227550903e+01  -6.698915044844996e+01  -2.416317801350118e+01  -2.754329620115090e+01  1.072963990303954e-05  1.816686833794884e-05  1.703639336453554e-05
  1.969999999999980e+00  -1.658392767274987e+02  -2.285954185940980e+02  -1.093170976708842e+01  -7.782370061350605e+01  -2.006646420215006e+01  -2.822455504668623e+01  1.216338320311441e-05  2.040780590551897e-05  1.891782686656904e-05
  1.974999999999980e+00  -1.656645604202019e+02  -2.482261034023688e+02  -4.249072233334218e+00  -8.892414760006213e+01  -1.671598484928672e+01  -2.740544077131960e+01  1.365452665666139e-05  2.265685388627549e-05  2.073263120822127e-05
  1.979999999999980e+00  -1.694106551022363e+02  -2.766852669194106e+02  -2.810417049394658e+00  -9.487026476636308e+01  -1.887594697579368e+01  -3.236878541036910e+01  1.386494895244925e-05  2.533000362911609e-05  2.230829563851533e-05
  1.984999999999980e+00  -1.670595852763954e+02  -2.987512997956347e+02  3.378826250828004e+00  -1.054594353498846e+02  -1.579186804306703e+01  -3.039037420387780e+01  1.525653111328383e-05  2.769538104709612e-05  2.404889832945035e-05
  1.989999999999980e+00  -1.675734591383394e+02  -3.277601012723967e+02  7.408882295630240e+00  -1.102425747268932e+02  -1.638699295438006e+01  -3.528994925243263e+01  1.520359001064425e-05  3.047003268612370e-05  2.560798469062557e-05
  1.994999999999979e+00  -1.634756985000148e+02  -3.525656593909978e+02  1.253082741957767e+01  -1.197015317740562e+02  -1.357191151054147e+01  -3.218854130067795e+01  1.645178030864589e-05  3.293222751789579e-05  2.724987168223303e-05
  1.999999999999979e+00  -1.594161735512604e+02  -3.794685277629478e+02  1.573992607849873e+01  -1.286524017988864e+02  -1.204097542132611e+01  -2.772447026486844e+01  1.756662231722370e-05  3.543221046977892e-05  2.874600199355483e-05
  2.004999999999979e+00  -1.544000155571694e+02  -4.094209819536372e+02  2.310426321281128e+01  -1.309440541268420e+02  -1.007969012425317e+01  -3.179009231167037e+01  1.716787044314700e-05  3.833509299415096e-05  3.024544367180291e-05
  2.009999999999979e+00  -1.490798660186769e+02  -4.393281579858332e+02  2.464476000745915e+01  -1.378736080303149e+02  -9.056583227536803e+00  -2.624516731472609e+01  1.801692536203224e-05  4.091175293698047e-05  3.158118989411732e-05
  2.014999999999979e+00  -1.407066601727689e+02  -4.693534105183768e+02  3.479063404429609e+01  -1.380042961878113e+02  -5.228877787718359e+00  -2.964376374059228e+01  1.725837204828052e-05  4.386035774736502e-05  3.299929345539731e-05
  2.019999999999979e+00  -1.340068384044234e+02  -5.019152619570615e+02  3.487549158053611e+01  -1.421596797084397e+02  -4.698891170700227e+00  -2.284808789843152e+01  1.773627790189728e-05  4.649932361288543e-05  3.412800858121456e-05
  2.024999999999979e+00  -1.225432504973766e+02  -5.321144907104276e+02  4.724990892202295e+01  -1.400958815139977e+02  9.280402606233892e-01  -2.500991389877950e+01  1.667043419032909e-05  4.948079062937581e-05  3.545638132074924e-05
  2.029999999999979e+00  -1.145558432340188e+02  -5.674802848788984e+02  4.566750538400504e+01  -1.411653436758400e+02  7.789919425757972e-01  -1.688681666106164e+01  1.671259118601575e-05  5.219219429206509e-05  3.634412158758533e-05
  2.034999999999979e+00  -1.079696415364294e+02  -6.055471634486240e+02  4.142249451768586e+01  -1.403850974182847e+02  -7.438365616638621e-01  -9.178380929774137e+00  1.641114682227309e-05  5.497434411360227e-05  3.709526223736903e-05
  2.039999999999979e+00  -9.245255649063414e+01  -6.364527405524864e+02  5.582304937299403e+01  -1.342515382837984e+02  7.334387089255034e+00  -8.689452822277611e+00  1.497075891406347e-05  5.795409154172205e-05  3.825399905520394e-05
  2.044999999999979e+00  -8.532817500799975e+01  -6.771026748722231e+02  5.000719114240703e+01  -1.296945594735080e+02  5.157544381646844e+00  -2.293566896861004e-01  1.414717817212575e-05  6.078981407522555e-05  3.877863905778403e-05
  2.049999999999979e+00  -6.806446036108612e+01  -7.085635060617450e+02  6.532860389604771e+01  -1.211160520193463e+02  1.464412404697394e+01  2.005198851086440e+00  1.246966964606638e-05  6.377904290520099e-05  3.984971908799915e-05
  2.054999999999978e+00  -6.167064527683360e+01  -7.520735361141966e+02  5.739079085379577e+01  -1.124991584358176e+02  1.182428558074083e+01  1.068382502308236e+01  1.114238079700422e-05  6.665451387900482e-05  4.018690667224908e-05
  2.059999999999978e+00  -5.610147189219280e+01  -7.974671897244610e+02  4.827134679860784e+01  -1.014649872812620e+02  7.948076055176228e+00  1.790972455029160e+01  9.318976894414384e-06  6.963508605339762e-05  4.042858510023751e-05
  2.064999999999978e+00  -3.768247881259639e+01  -8.304415377765721e+02  6.346057436344172e+01  -8.889471694093046e+01  1.881438741427843e+01  2.354636918305537e+01  7.405519765828139e-06  7.258790222920704e-05  4.135343971243914e-05
  2.069999999999978e+00  -3.351124057856494e+01  -8.784878580960523e+02  5.261621020880101e+01  -7.374091265415596e+01  1.437039069187107e+01  3.032808814862262e+01  5.061256920701034e-06  7.562350549634809e-05  4.147024910756810e-05
  2.074999999999978e+00  -1.543389969571460e+01  -9.130154146908130e+02  6.707286863099725e+01  -5.913256327783418e+01  2.572631548418072e+01  3.765736985595851e+01  3.051516835896673e-06  7.861285282412813e-05  4.237233987932136e-05
  2.079999999999978e+00  -1.278388880754661e+01  -9.634867335096717e+02  5.501045505675042e+01  -4.014265803047374e+01  2.062386601876674e+01  4.379471291059635e+01  1.901069843172969e-07  8.172564888296206e-05  4.241382052146031e-05
  2.084999999999978e+00  -1.128429090809053e+01  -1.015646167014869e+03  4.274263578461873e+01  -1.871296366814788e+01  1.526591787977798e+01  4.730996072221719e+01  -3.112900783249744e-06  8.498598575039475e-05  4.248429507713100e-05
  2.089999999999978e+00  4.155600358762191e+00  -1.053413582950065e+03  5.452849028701677e+01  -1.388827202652642e+00  2.623602569359299e+01  5.748195373727267e+01  -5.140121959093623e-06  8.799673351987580e-05  4.338998781006970e-05
  2.094999999999978e+00  3.406596029678887e+00  -1.108050295107240e+03  4.164420924605027e+01  2.322646641597673e+01  2.047591493403051e+01  5.965964336426544e+01  -8.857798687814858e-06  9.138204691906104e-05  4.352286880539082e-05
  2.099999999999977e+00  1.607886381511669e+01  -1.149039378056709e+03  5.091943637427853e+01  4.154500836310648e+01  3.068745805623971e+01  7.065887270723361e+01  -1.079324309800739e-05  9.451652932626799e-05  4.454685151029744e-05
  2.104999999999977e+00  1.248571472188153e+01  -1.206409832941125e+03  3.761650630036021e+01  6.865151095568409e+01  2.452519029853416e+01  7.111335498086687e+01  -1.482958118907622e-05  9.807375570541964e-05  4.483400466866227e-05
  2.109999999999977e+00  2.152935854471063e+01  -1.251471674742193e+03  4.378433274963171e+01  8.747271565878880e+01  3.347404128838117e+01  8.247556308490941e+01  -1.659595800464442e-05  1.013852830965516e-04  4.604311421825005e-05
  2.114999999999977e+00  1.460787626188308e+01  -1.311907626674197e+03  3.039449566009979e+01  1.163082662588751e+02  2.698530165941552e+01  8.073891885318096e+01  -2.084338042007202e-05  1.051684620525698e-04  4.660673111859428e-05
  2.119999999999977e+00  7.467007763731723e+00  -1.373545509468827e+03  1.917253735891854e+01  1.463572123097050e+02  2.154266401403007e+01  7.647920996168915e+01  -2.528389377110153e-05  1.091944669896507e-04  4.740956646302351e-05
  2.124999999999977e+00  8.981322643037934e+00  -1.425679612169206e+03  2.013041990958467e+01  1.647205516357442e+02  2.739545768205238e+01  8.785325161773780e+01  -2.672762768994530e-05  1.128033666900610e-04  4.900841725516738e-05
  2.129999999999977e+00  -1.771193135228130e+00  -1.490905959936261e+03  9.589970723562876e+00  1.950908122170082e+02  2.206568851675747e+01  8.116712453702374e+01  -3.115459993946317e-05  1.171554239943221e-04  5.027250377022698e-05
  2.134999999999977e+00  -5.648923211770792e+00  -1.549354398837417e+03  6.705753276249287e+00  2.124998296967291e+02  2.550674531313213e+01  9.140467537444681e+01  -3.227557996845949e-05  1.211193901517498e-04  5.225503983023471e-05
  2.139999999999977e+00  -1.943273977285999e+01  -1.618344985608503e+03  -2.212537834535096e+00  2.421012609148873e+02  2.032413876314630e+01  8.246100132142230e+01  -3.659641490643090e-05  1.258923192544255e-04  5.406129114421161e-05
  2.144999999999976e+00  -3.341368040331099e+01  -1.689126437276303e+03  -8.431806627920556e+00  2.716349051375329e+02  1.721765770984614e+01  7.183093894915885e+01  -4.074615886234940e-05  1.309652564499232e-04  5.628363647953988e-05
  2.149999999999976e+00  -4.672851603657720e+01  -1.757912114170001e+03  -1.647261671298215e+01  2.860614484318921e+02  1.627016171278932e+01  7.931856436687650e+01  -4.139123230699647e-05  1.355661229334914e-04  5.899881029527933e-05
  2.154999999999976e+00  -6.323819520964818e+01  -1.833205658830657e+03  -2.019708378636495e+01  3.132424590629927e+02  1.371547568198489e+01  6.691048146442276e+01  -4.520327216987234e-05  1.411910571172008e-04  6.191036205470335e-05
  2.159999999999976e+00  -8.264525755552850e+01  -1.910759899604743e+03  -3.183724223613718e+01  3.254879640811981e+02  9.731674599075468e+00  7.175222139897937e+01  -4.545210370752431e-05  1.463803890369892e-04  6.522038811589750e-05
  2.164999999999976e+00  -1.026583408973201e+02  -1.991995542014760e+03  -3.363951716991985e+01  3.495991072729490e+02  8.067891373277201e+00  5.712515792325772e+01  -4.873672071416371e-05  1.526405562300342e-04  6.895441251005394e-05
  2.169999999999976e+00  -1.211508691737624e+02  -2.075203852502512e+03  -3.178458093359318e+01  3.719702693115107e+02  8.789642711670933e+00  4.326298614338007e+01  -5.157898544281199e-05  1.592781756789486e-04  7.314340622900828e-05
  2.174999999999976e+00  -1.498466765723881e+02  -2.166621856709165e+03  -4.695164340190155e+01  3.795071772607159e+02  2.326172163016847e-01  4.296436793083300e+01  -5.132793106369465e-05  1.655365449386213e-04  7.750794102141982e-05
  2.179999999999976e+00  -1.714073310294871e+02  -2.257220019184696e+03  -4.316316572545064e+01  3.975806926918880e+02  2.145025237542748e+00  2.766172717774242e+01  -5.342955751804032e-05  1.729487228681370e-04  8.261591489334776e-05
  2.184999999999976e+00  -2.054604998273144e+02  -2.359723570839272e+03  -6.041337501860464e+01  4.024184863753801e+02  -9.361646944045212e+00  2.390086669742948e+01  -5.283884872777463e-05  1.800660094328711e-04  8.773494969993735e-05
  2.189999999999976e+00  -2.280631610421780e+02  -2.457971878660742e+03  -5.335523454979457e+01  4.155240628150376e+02  -6.262165024650919e+00  8.220043262343646e+00  -5.421709044427610e-05  1.883814808868677e-04  9.375583419204596e-05
  2.194999999999975e+00  -2.504923195878374e+02  -2.560356657334403e+03  -4.484955715626105e+01  4.258449346036757e+02  -8.542598124862114e-01  -5.339418701267673e+00  -5.481397918034917e-05  1.971031684056855e-04  1.002913027311328e-04
  2.199999999999975e+00  -2.915147390312616e+02  -2.680280707745501e+03  -6.289411200175076e+01  4.258235674855022e+02  -1.586025187349070e+01  -1.531161881317267e+01  -5.386586063517567e-05  2.057597080759537e-04  1.066853307715457e-04
  2.204999999999975e+00  -3.142967066285026e+02  -2.792107604258111e+03  -5.150916151792839e+01  4.307105576129926e+02  -9.245969774071153e+00  -2.819654811572412e+01  -5.364748068683197e-05  2.155218730872307e-04  1.141464528430115e-04
  2.209999999999975e+00  -3.587436364451973e+02  -2.925284089667887e+03  -6.980948500942654e+01  4.285400617242700e+02  -2.632475644783471e+01  -4.160515568702658e+01  -5.253556382583538e-05  2.253016964000890e-04  1.214015912838768e-04
  2.214999999999975e+00  -3.827520430070712e+02  -3.048575684735553e+03  -5.692694521450723e+01  4.283077429944929e+02  -1.824392120740097e+01  -5.387878707068062e+01  -5.142312344969701e-05  2.361818419836826e-04  1.298211065417332e-04
  2.219999999999975e+00  -4.295172908073315e+02  -3.195590056046502e+03  -7.446162299097304e+01  4.245098086782068e+02  -3.693891366025026e+01  -7.028155546872026e+01  -5.026582415760869e-05  2.471736622297742e-04  1.379409976353943e-04
  2.224999999999975e+00  -4.526742406005143e+02  -3.330865299746839e+03  -5.928609862141148e+01  4.194228319025320e+02  -2.744843195710544e+01  -8.080342717961672e+01  -4.838462412169693e-05  2.592781172259827e-04  1.472618644277927e-04
  2.229999999999975e+00  -4.756506031444213e+02  -3.472602820858792e+03  -4.478745672798629e+01  4.111764057887083e+02  -1.701408928698991e+01  -8.732881906560627e+01  -4.568690283000772e-05  2.718547091860023e-04  1.569978075321784e-04
  2.234999999999975e+00  -5.233999097546205e+02  -3.641334640127083e+03  -5.905522349844902e+01  4.055640987886138e+02  -3.614521808446729e+01  -1.082777894232231e+02  -4.466763864818797e-05  2.849480872351799e-04  1.664471742041949e-04
  2.239999999999974e+00  -5.449752117698403e+02  -3.797040085186707e+03  -4.337042791793008e+01  3.935338577966343e+02  -2.465194558706487e+01  -1.122474256441100e+02  -4.132882326330369e-05  2.988399942133008e-04  1.770006792455296e-04
  2.244999999999974e+00  -5.918594093552909e+02  -3.980942296380966e+03  -5.503449831178884e+01  3.883988522028025e+02  -4.381003539175706e+01  -1.346700632128749e+02  -4.058890236794217e-05  3.133316800544459e-04  1.872862608791652e-04
  2.249999999999974e+00  -6.121295751311035e+02  -4.152110702204474e+03  -3.926440330890447e+01  3.737995950419918e+02  -3.124637282277605e+01  -1.357578592406641e+02  -3.670690870402334e-05  3.285806758403667e-04  1.985914815216260e-04
  2.254999999999974e+00  -6.319009455328558e+02  -4.330864155546726e+03  -2.528173802088681e+01  3.568994394496200e+02  -1.934426071671557e+01  -1.326514297961824e+02  -3.230081404923111e-05  3.443263516040174e-04  2.102008059913891e-04
  2.259999999999974e+00  -6.744449014371522e+02  -4.538577356670078e+03  -3.178966285543376e+01  3.543041747965988e+02  -3.628694331414351e+01  -1.563609008703879e+02  -3.218756093376033e-05  3.611584245687269e-04  2.216478011670767e-04
  2.264999999999974e+00  -6.919449921852579e+02  -4.734082521604266e+03  -1.856325262982080e+01  3.369339687076314e+02  -2.393935452892834e+01  -1.499076260496630e+02  -2.757073186186228e-05  3.782980220628289e-04  2.338649858543763e-04
  2.269999999999974e+00  -7.301157025397868e+02  -4.957295792178699e+03  -2.113302604687418e+01  3.377436215632497e+02  -3.927363813855383e+01  -1.727278494056505e+02  -2.811254208356485e-05  3.966007338427070e-04  2.460102857128679e-04
  2.274999999999974e+00  -7.446590323836405e+02  -5.170136163519833e+03  -9.170169262456424e+00  3.216048411168294e+02  -2.662963148195110e+01  -1.626905902818312e+02  -2.352036614829075e-05  4.151345210684086e-04  2.587556031247300e-04
  2.279999999999974e+00  -7.590430069043417e+02  -5.391409243016976e+03  -4.704450199001198e-02  3.051730262583465e+02  -1.617124317814234e+01  -1.496964188249663e+02  -1.887515739935679e-05  4.341562969315079e-04  2.716682081922479e-04
  2.284999999999973e+00  -7.877009792532003e+02  -5.638859008354005e+03  3.034668921662369e+00  3.138851159184719e+02  -2.710788591636910e+01  -1.695961287357472e+02  -2.056723572533899e-05  4.547980819786107e-04  2.846663638375565e-04
  2.289999999999973e+00  -7.987647155104578e+02  -5.878098276515419e+03  9.828696501800701e+00  3.016153223240191e+02  -1.699420169448337e+01  -1.534582724930200e+02  -1.638246360881866e-05  4.751642445287069e-04  2.979571290010520e-04
  2.294999999999973e+00  -8.197861564244813e+02  -6.140009622385694e+03  1.737425657921492e+01  3.169521528510033e+02  -2.502221556456056e+01  -1.699747363607931e+02  -1.908238558832697e-05  4.971905307215799e-04  3.114380610040526e-04
  2.299999999999973e+00  -8.259375259748551e+02  -6.396570454450353e+03  2.213882131183222e+01  3.106835091300782e+02  -1.563421115698076e+01  -1.501861383504366e+02  -1.569223751202482e-05  5.188444229646285e-04  3.249496799782072e-04
  2.304999999999973e+00  -8.329207011522798e+02  -6.661919170250983e+03  2.310947166258665e+01  3.070452539074442e+02  -9.334655199183976e+00  -1.303408710138099e+02  -1.280995107257167e-05  5.409396660899003e-04  3.385618980687451e-04
  2.309999999999973e+00  -8.400757110458337e+02  -6.946001969104158e+03  3.557542060984658e+01  3.355993865278475e+02  -1.183449067441646e+01  -1.398438352007289e+02  -1.713104348783509e-05  5.650070743245476e-04  3.524885081470146e-04
  2.314999999999973e+00  -8.411738850777695e+02  -7.227680009035211e+03  3.438785130494124e+01  3.410504797774080e+02  -6.858733910411587e+00  -1.171650568328741e+02  -1.556632115366989e-05  5.882584601251842e-04  3.661521611812610e-04
  2.319999999999973e+00  -8.381781452373176e+02  -7.523637904719870e+03  5.079666454905758e+01  3.791112028399349e+02  -5.767731219320865e+00  -1.214051995798537e+02  -2.115036787905591e-05  6.134402852356255e-04  3.803066005851440e-04
  2.324999999999973e+00  -8.345552215253601e+02  -7.821423448252439e+03  4.585277357798559e+01  3.956733539640391e+02  -2.200948924144224e+00  -9.700963964307580e+01  -2.107637881022500e-05  6.376904232501412e-04  3.939676239363851e-04
  2.329999999999973e+00  -8.206213264068929e+02  -8.127684818853076e+03  6.610125239602277e+01  4.440996429264798e+02  2.595848823535360e+00  -9.549370508254454e+01  -2.798764847194416e-05  6.638431688820125e-04  4.082308991107118e-04
  2.334999999999972e+00  -8.099284824949282e+02  -8.439215213297448e+03  5.855464479616261e+01  4.731999890816041e+02  4.285252248360624e+00  -6.912612376794483e+01  -2.976106878285811e-05  6.889536197684517e-04  4.217284020676353e-04
  2.339999999999972e+00  -7.998144731676924e+02  -8.757822426369868e+03  4.784918423450733e+01  5.091203455168520e+02  2.619689664289160e+00  -4.643378431528767e+01  -3.284353259348988e-05  7.143730637527797e-04  4.351822899211542e-04
  2.344999999999972e+00  -7.683992858008299e+02  -9.078621896455224e+03  7.037725876640620e+01  5.760164103095777e+02  1.254817772213055e+01  -3.476974232017670e+01  -4.175426669152137e-05  7.416672869914859e-04  4.492749971806530e-04
  2.349999999999972e+00  -7.504836753718713e+02  -9.408207913451701e+03  5.740984832418936e+01  6.268099641554769e+02  8.759823302566399e+00  -1.153318171714919e+01  -4.708829903768733e-05  7.676985996543248e-04  4.624236446896551e-04
  2.354999999999972e+00  -7.072771058869719e+02  -9.734708744636913e+03  8.213429556624493e+01  7.055647070717012e+02  2.205765193508075e+01  6.032857894989681e+00  -5.736098193686270e-05  7.954656117200562e-04  4.763556154322518e-04
  2.359999999999972e+00  -6.834182398173740e+02  -1.007415359155311e+04  6.530949630753074e+01  7.725131782580594e+02  1.615648689040414e+01  2.826205324583090e+01  -6.497833757810132e-05  8.218662670035783e-04  4.891523780368746e-04
  2.364999999999972e+00  -6.570716276504862e+02  -1.041725934690634e+04  4.830614883509453e+01  8.483877494737052e+02  7.528479548229011e+00  4.532408300414483e+01  -7.444320710396484e-05  8.484902629477228e-04  5.017847858617358e-04
  2.369999999999972e+00  -5.963110911912418e+02  -1.075003028288233e+04  7.252340409387834e+01  9.468332403057806e+02  2.421771398614171e+01  7.252025021196826e+01  -8.670888997838387e-05  8.764694370038765e-04  5.151331644356592e-04
  2.374999999999972e+00  -5.634759178072478e+02  -1.109933902362347e+04  5.226741993411802e+01  1.040036059097720e+03  1.362227796242091e+01  8.717575540283340e+01  -9.864742725436083e-05  9.031566275257868e-04  5.273084743536689e-04
  2.379999999999971e+00  -4.914298497782378e+02  -1.143213034533686e+04  7.687516249354115e+01  1.150385508333149e+03  3.267975162532254e+01  1.190861375981107e+02  -1.121445678183562e-04  9.310125092518529e-04  5.402184888004856e-04
  2.384999999999971e+00  -4.500802863564394e+02  -1.178389061239621e+04  5.502411440525240e+01  1.260748354377765e+03  1.991016727721191e+01  1.310978465676877e+02  -1.266908654404668e-04  9.575624170534556e-04  5.518441353271291e-04
  2.389999999999971e+00  -4.068592554543711e+02  -1.213746058237576e+04  3.339063516064156e+01  1.381544713760662e+03  5.992795359890969e+00  1.363988066369786e+02  -1.430804449149079e-04  9.841503823866346e-04  5.632841843328264e-04
  2.394999999999971e+00  -3.194068736502831e+02  -1.246687166245974e+04  5.456579881191411e+01  1.510196960414896e+03  2.616856952490203e+01  1.747313351278625e+02  -1.583045841422287e-04  1.011193611284948e-03  5.752679018059900e-04
  2.399999999999971e+00  -2.675383413960698e+02  -1.281872885693107e+04  3.221573586818749e+01  1.647812893850821e+03  1.055116328815285e+01  1.763669618353852e+02  -1.772079395019420e-04  1.037318796994227e-03  5.861007920269806e-04
  2.404999999999971e+00  -1.708574991976198e+02  -1.314232647810056e+04  5.148249806681409e+01  1.786944483791868e+03  3.189185598317195e+01  2.165462193632593e+02  -1.933519734383599e-04  1.063610285826844e-03  5.974381542858246e-04
  2.409999999999971e+00  -1.119373327633510e+02  -1.349034253917708e+04  2.781702176148211e+01  1.940772773724898e+03  1.482876214046692e+01  2.134502406285318e+02  -2.145286898974848e-04  1.089000072568396e-03  6.076351173254977e-04
  2.414999999999971e+00  -4.839013329724251e+01  -1.383623514718498e+04  7.209033740808358e+00  2.104459683634845e+03  -1.913747335461765e+00  2.047449689233306e+02  -2.373771471342795e-04  1.114274419136223e-03  6.176191171194555e-04
  2.419999999999971e+00  5.969035602316921e+01  -1.414658139775304e+04  2.065995527573329e+01  2.258130521323134e+03  1.842662727901346e+01  2.459498347313418e+02  -2.547487294921492e-04  1.138772176200437e-03  6.277825058278568e-04
  2.424999999999971e+00  1.305779744034234e+02  -1.448413364832198e+04  1.145304912906136e-01  2.436086383384000e+03  9.171543295203621e-01  2.323807595142080e+02  -2.795011859975198e-04  1.162989496081473e-03  6.371044100526011e-04
  2.429999999999970e+00  2.448730274439443e+02  -1.478311405788256e+04  9.854524921097086e+00  2.597577786715734e+03  2.120204351684972e+01  2.718642305504417e+02  -2.973733155442981e-04  1.186166673424200e-03  6.464470648982261e-04
  2.434999999999970e+00  3.232129311670622e+02  -1.510907663009462e+04  -9.653010227015576e+00  2.787879227612721e+03  3.121166573952211e+00  2.530079122683840e+02  -3.237648681189631e-04  1.209142953539724e-03  6.551135139646633e-04
  2.439999999999970e+00  4.423203330854716e+02  -1.539489777538461e+04  -4.373880587131302e+00  2.956014722533868e+03  2.297087377599327e+01  2.893241711836411e+02  -3.419501151142466e-04  1.230805263357289e-03  6.635833243987582e-04
  2.444999999999970e+00  5.273758492076372e+02  -1.570679203277479e+04  -2.235038873610092e+01  3.156826577037843e+03  4.660224973065750e+00  2.650724223528520e+02  -3.696064761542703e-04  1.252315953473285e-03  6.715688673015873e-04
  2.449999999999970e+00  6.177453146055142e+02  -1.601212679755109e+04  -3.576286389853090e+01  3.364304918895735e+03  -1.149845958524844e+01  2.383392475604914e+02  -3.979988028002210e-04  1.273376513296026e-03  6.793385172086686e-04
  2.454999999999970e+00  7.410248831198584e+02  -1.627294177750780e+04  -3.797169587007571e+01  3.539361999140533e+03  5.475327133891000e+00  2.669219014049149e+02  -4.164607575681179e-04  1.292179811289257e-03  6.864554573077689e-04
  2.459999999999970e+00  8.379815833327351e+02  -1.656009243201025e+04  -4.849599609998725e+01  3.753739429059166e+03  -1.017378229423634e+01  2.358209170157453e+02  -4.454375898767451e-04  1.311507123231888e-03  6.935474920704535e-04
  2.464999999999970e+00  9.625640003375295e+02  -1.680361530679823e+04  -5.605855654272918e+01  3.931939965627856e+03  5.589690189469524e+00  2.577690923549102e+02  -4.637502041043669e-04  1.328408235650046e-03  6.997172927759805e-04
  2.469999999999970e+00  1.064789136047542e+03  -1.707045325520755e+04  -6.352419635683454e+01  4.150744069204417e+03  -9.191476896907158e+00  2.221300366952489e+02  -4.928447676390355e-04  1.345864464845950e-03  7.061758832255111e-04
  2.474999999999969e+00  1.173329131051852e+03  -1.732735179820865e+04  -6.561297410325565e+01  4.372489716258842e+03  -2.115582491953761e+01  1.882811628891621e+02  -5.217761599465234e-04  1.362595969825178e-03  7.123437913741972e-04
  2.479999999999969e+00  1.297201522946526e+03  -1.753961779744455e+04  -7.978653732823517e+01  4.551562384868708e+03  -8.495325851285768e+00  1.972104982210553e+02  -5.396660519219873e-04  1.376207275860736e-03  7.171830232009764e-04
  2.484999999999969e+00  1.410053380207385e+03  -1.777306771817253e+04  -7.831054863784789e+01  4.773699574533875e+03  -1.902171320687383e+01  1.604226036356799e+02  -5.679105564490159e-04  1.390850635945689e-03  7.227236262058449e-04
  2.489999999999969e+00  1.532219160800460e+03  -1.796528549979824e+04  -9.759505642099026e+01  4.952547504284107e+03  -7.943708398527228e+00  1.604578494812059e+02  -5.852545859031640e-04  1.402359462314674e-03  7.266078622606889e-04
  2.494999999999969e+00  1.650221900554851e+03  -1.817296344816143e+04  -9.102768892687266e+01  5.172552272616504e+03  -1.682320892490981e+01  1.220146588241843e+02  -6.124599634461537e-04  1.414832487480229e-03  7.315022497979086e-04
  2.499999999999969e+00  1.772676264290308e+03  -1.836848629781723e+04  -8.088161293775403e+01  5.391281049561472e+03  -2.281373794952036e+01  8.865576764964699e+01  -6.384740664924197e-04  1.426319975722877e-03  7.360672589082294e-04
  2.504999999999969e+00  1.890981051578005e+03  -1.852581894550475e+04  -1.028565206113184e+02  5.567003750363313e+03  -1.483175171598926e+01  7.227707132965830e+01  -6.551121217570218e-04  1.434472061924611e-03  7.387870667855252e-04
  2.509999999999969e+00  2.018059686736203e+03  -1.869393842240273e+04  -8.745038543254022e+01  5.779613902035968e+03  -1.896312347341075e+01  3.979771336285706e+01  -6.793303117101426e-04  1.443736390141091e-03  7.427092290057618e-04
  2.514999999999969e+00  2.132467420353500e+03  -1.882992346994241e+04  -1.148619892527187e+02  5.951125073163925e+03  -1.219180412342757e+01  1.456457928022706e+01  -6.948441600229288e-04  1.449740276713429e-03  7.445177594201036e-04
  2.519999999999968e+00  2.262780253412072e+03  -1.896896914874070e+04  -9.461781391827110e+01  6.155980193719471e+03  -1.409236721652259e+01  -1.688484475019493e+01  -7.169423204905988e-04  1.456657431070874e-03  7.477951908496040e-04
  2.524999999999968e+00  2.373175653310046e+03  -1.908392135689183e+04  -1.256131067732386e+02  6.323875836557270e+03  -9.078506352946894e+00  -5.114080921101971e+01  -7.316031293938996e-04  1.460610526000667e-03  7.487566029488876e-04
  2.529999999999968e+00  2.504658069748348e+03  -1.919474755549581e+04  -1.009708806761378e+02  6.519384920018886e+03  -8.894393061920036e+00  -8.056176350652970e+01  -7.511651538946180e-04  1.465222514066489e-03  7.514637320374551e-04
  2.534999999999968e+00  2.641419951151296e+03  -1.928986552974629e+04  -7.363796970121263e+01  6.708128916025533e+03  -6.736972881519661e+00  -1.006156867794162e+02  -7.687141498713210e-04  1.468669527486364e-03  7.536858129218789e-04
  2.539999999999968e+00  2.746277315997877e+03  -1.937001566676867e+04  -1.039570448062012e+02  6.867447450115393e+03  -3.615516014337016e+00  -1.484897746400949e+02  -7.819428697217360e-04  1.469622045126409e-03  7.537216179522834e-04
  2.544999999999968e+00  2.884003210444529e+03  -1.943678371280580e+04  -7.326024322293863e+01  7.044469829308448e+03  5.249699718960872e-01  -1.647452285438928e+02  -7.966149893210944e-04  1.470829760590181e-03  7.553196300191004e-04
  2.549999999999968e+00  2.985233334448938e+03  -1.949706020338685e+04  -1.048588525903435e+02  7.199239411780977e+03  1.804141307520314e+00  -2.189978289377097e+02  -8.090072772269191e-04  1.470003497800629e-03  7.546402525732422e-04
  2.554999999999968e+00  3.126179141987089e+03  -1.953495705100816e+04  -6.952452688734948e+01  7.363400098116825e+03  7.677390728029044e+00  -2.298192742086864e+02  -8.208726394065949e-04  1.469156267681915e-03  7.556159953983077e-04
  2.559999999999968e+00  3.268414229941501e+03  -1.955862410245504e+04  -3.621679432237648e+01  7.519042854002317e+03  1.479292265638808e+01  -2.315604304936813e+02  -8.303754040280294e-04  1.467088255677908e-03  7.560269260958837e-04
  2.564999999999968e+00  3.365939480893593e+03  -1.958804124688169e+04  -6.372272636548323e+01  7.665156434167789e+03  1.470504427840283e+01  -2.939384234147601e+02  -8.413899108445018e-04  1.463880818437344e-03  7.546855743119766e-04
  2.569999999999967e+00  3.510923817780440e+03  -1.958484247281252e+04  -2.709247639600378e+01  7.807461253038568e+03  2.307813463981919e+01  -2.892624786072986e+02  -8.481111151081703e-04  1.459988551446417e-03  7.544763197754129e-04
  2.574999999999967e+00  3.606482839119134e+03  -1.959755404731730e+04  -5.382927062385383e+01  7.949626224671927e+03  2.115293108436064e+01  -3.540419448540567e+02  -8.584982033023008e-04  1.455429667736538e-03  7.526192133618197e-04
  2.579999999999967e+00  3.752027625566919e+03  -1.957096047386593e+04  -1.601698810239989e+01  8.079591206337726e+03  3.080596453785061e+01  -3.425676266398755e+02  -8.624133975427368e-04  1.449845107929057e-03  7.518305229911317e-04
  2.584999999999967e+00  3.899717740025318e+03  -1.953070881704758e+04  1.863635953437380e+01  8.200328860562126e+03  4.055132278807309e+01  -3.233682424219113e+02  -8.644095926989911e-04  1.443284872826596e-03  7.504271357094509e-04
  2.589999999999967e+00  3.995332548515994e+03  -1.951955006485483e+04  -1.115269556599806e+00  8.336325355415547e+03  3.734384879045649e+01  -3.883808703913562e+02  -8.738097328258040e-04  1.437177231261071e-03  7.481727838066412e-04
  2.594999999999967e+00  4.143549256646374e+03  -1.945992615635178e+04  3.302211754295723e+01  8.446257256271670e+03  4.792574069600924e+01  -3.624651313004320e+02  -8.734318702076700e-04  1.429281083932574e-03  7.462167995332868e-04
  2.599999999999967e+00  4.240239530121962e+03  -1.943670111968712e+04  1.621075664356979e+01  8.580290892367135e+03  4.256655287778612e+01  -4.246028870873519e+02  -8.826202607454063e-04  1.422383018247011e-03  7.436315753534511e-04
  2.604999999999967e+00  4.391380711156670e+03  -1.935960251061636e+04  5.045476429965916e+01  8.680438855913904e+03  5.342566702712538e+01  -3.911660980729950e+02  -8.803725519033751e-04  1.413523417942626e-03  7.411378245588951e-04
  2.609999999999967e+00  4.490315323956596e+03  -1.932654072110556e+04  3.710435503950438e+01  8.813551053401397e+03  4.588496940480713e+01  -4.487213329975346e+02  -8.895319679615858e-04  1.406062359518372e-03  7.383331036766946e-04
  2.614999999999966e+00  4.643037998559158e+03  -1.923686278621812e+04  6.930727193851313e+01  8.906428927885168e+03  5.700209814044620e+01  -4.078483508212886e+02  -8.857189444499481e-04  1.396468973957960e-03  7.353525162880674e-04
  2.619999999999966e+00  4.796072055755376e+03  -1.913986320037624e+04  9.507568995414145e+01  8.993400673101971e+03  6.741135634456860e+01  -3.643881661625283e+02  -8.810876675120140e-04  1.386411719545559e-03  7.318215797425634e-04
  2.624999999999966e+00  4.901908723671760e+03  -1.909695432259730e+04  9.033758617068516e+01  9.127097767491809e+03  5.799487404039392e+01  -4.104810811029259e+02  -8.902730899727290e-04  1.378771164018802e-03  7.289910677366681e-04
  2.629999999999966e+00  5.056920380815509e+03  -1.899376724170637e+04  1.125171268090684e+02  9.210578493726991e+03  6.827112975550837e+01  -3.610983230669352e+02  -8.849711349768535e-04  1.368502024807638e-03  7.250683615470391e-04
  2.634999999999966e+00  5.168511185122408e+03  -1.894779274823577e+04  1.120383631829792e+02  9.346690327038836e+03  5.632810089810223e+01  -3.979457139338496e+02  -8.946714845063343e-04  1.360951599824551e-03  7.222248411423211e-04
  2.639999999999966e+00  5.327026077581685e+03  -1.884208314536184e+04  1.305531712191550e+02  9.428883132920297e+03  6.599299105312014e+01  -3.428995876832208e+02  -8.893339104725052e-04  1.350891305882450e-03  7.179673485110705e-04
  2.644999999999966e+00  5.484353904040975e+03  -1.873595675505921e+04  1.414551646929489e+02  9.509848135846702e+03  7.506188812022546e+01  -2.905255473512719e+02  -8.842737712713603e-04  1.340819689735836e-03  7.133676887771721e-04
  2.649999999999966e+00  5.607356078131574e+03  -1.869306389167928e+04  1.478658586556410e+02  9.652820773894691e+03  6.063253164067723e+01  -3.093922613200849e+02  -8.948877580785819e-04  1.334129109123926e-03  7.107210857617152e-04
  2.654999999999966e+00  5.768259268131780e+03  -1.859206859194208e+04  1.539235900481609e+02  9.737202135198342e+03  6.886758893956052e+01  -2.536783178733192e+02  -8.907807696695881e-04  1.324823624358555e-03  7.059483661050669e-04
  2.659999999999966e+00  5.899898425373164e+03  -1.855400989723960e+04  1.640659442626126e+02  9.886182321705364e+03  5.180927985230132e+01  -2.604360334267440e+02  -9.024260258159424e-04  1.318873589431959e-03  7.035084775820258e-04
  2.664999999999965e+00  6.064815172988931e+03  -1.846325875937936e+04  1.645347524378751e+02  9.977086531242669e+03  5.932713431982273e+01  -2.023685019975779e+02  -8.998348010198337e-04  1.310647341270994e-03  6.986817627406201e-04
  2.669999999999965e+00  6.228695815560352e+03  -1.837843436063941e+04  1.588396634180114e+02  1.007143812116484e+04  6.626018708425633e+01  -1.518037712456980e+02  -8.986963678394335e-04  1.302996541638238e-03  6.938101095097004e-04
  2.674999999999965e+00  6.375012115739346e+03  -1.835741375416955e+04  1.723878789608838e+02  1.023329630244340e+04  4.625312435566357e+01  -1.373470517620436e+02  -9.121201470697377e-04  1.298899733408103e-03  6.917720450232360e-04
  2.679999999999965e+00  6.543810900013812e+03  -1.828999287665363e+04  1.613872721742465e+02  1.033864362152073e+04  5.238803380749685e+01  -8.685421218929677e+01  -9.134574749450988e-04  1.292876907243918e-03  6.870685695825642e-04
  2.684999999999965e+00  6.700696305483045e+03  -1.828216809453884e+04  1.770818143952533e+02  1.050962768831895e+04  2.990294986812971e+01  -5.970462776080201e+01  -9.283172650155004e-04  1.290124258945781e-03  6.854515492420049e-04
  2.689999999999965e+00  6.873509732974419e+03  -1.823722900160697e+04  1.598107669950514e+02  1.062847937559395e+04  3.516871265056246e+01  -1.081195155778826e+01  -9.325220303231845e-04  1.286030333056041e-03  6.810530660277954e-04
  2.694999999999965e+00  7.047241447221428e+03  -1.820372915781396e+04  1.400592891722626e+02  1.075539230818206e+04  4.031216697879331e+01  2.741143745338809e+01  -9.391841603480299e-04  1.283005665733740e-03  6.769770158100389e-04
  2.699999999999965e+00  7.220123813960882e+03  -1.822670533120602e+04  1.546061418378857e+02  1.094389087078614e+04  1.486144719580501e+01  7.493692838390115e+01  -9.564892804296061e-04  1.282969950157999e-03  6.759860496042807e-04
  2.704999999999965e+00  7.397774358417303e+03  -1.822247099818669e+04  1.290490092393812e+02  1.108807636164997e+04  1.933421503811111e+01  1.091518616305383e+02  -9.666456110064696e-04  1.282284348162488e-03  6.725035684447656e-04
  2.709999999999964e+00  7.581869958636016e+03  -1.826645510745081e+04  1.439224549951354e+02  1.128770770755720e+04  -8.166952782187693e+00  1.677865295006240e+02  -9.856023184983296e-04  1.284100790527132e-03  6.721124250080576e-04
  2.714999999999964e+00  7.766085647559220e+03  -1.829377572680598e+04  1.145481051494378e+02  1.145046375468182e+04  -4.401777783165879e+00  1.973568250047935e+02  -9.997001388726298e-04  1.286032233217335e-03  6.693458463506891e-04
  2.719999999999964e+00  7.961103655443228e+03  -1.836165643468154e+04  1.288206618033288e+02  1.166162556798257e+04  -3.349767389019053e+01  2.656443165247057e+02  -1.020278444218732e-03  1.289853134368711e-03  6.696622318182353e-04
  2.724999999999964e+00  8.148885989736075e+03  -1.842536394143039e+04  9.410914746363490e+01  1.184468173470531e+04  -3.017983982614850e+01  2.886704684105104e+02  -1.038312273937994e-03  1.294516630166041e-03  6.677857141139952e-04
  2.729999999999964e+00  8.339384173513990e+03  -1.850618126474175e+04  6.232337437321299e+01  1.203985892959114e+04  -2.662151911914279e+01  2.996307743776426e+02  -1.059422437543124e-03  1.300719949789347e-03  6.667227105920338e-04
  2.734999999999964e+00  8.548922094022391e+03  -1.862055220474125e+04  6.994004289080728e+01  1.227114757660590e+04  -5.768338308457660e+01  3.812187516911510e+02  -1.082746197872225e-03  1.308096020843847e-03  6.680063533847573e-04
  2.739999999999964e+00  8.742415190967457e+03  -1.874186583478672e+04  3.416334428705900e+01  1.248809237686209e+04  -5.426242189203374e+01  3.842294402128856e+02  -1.107860821495452e-03  1.317214024889455e-03  6.681238622392993e-04
  2.744999999999964e+00  8.961623259906200e+03  -1.888573235580189e+04  3.981696490925233e+01  1.273085911881944e+04  -8.603857879307454e+01  4.714559042119188e+02  -1.132673536386322e-03  1.326874669389213e-03  6.702453444924158e-04
  2.749999999999964e+00  9.161681850663952e+03  -1.904695964527938e+04  3.541334261193986e+00  1.296890812034401e+04  -8.295248264796929e+01  4.665821056888881e+02  -1.161986314407706e-03  1.339082989427989e-03  6.716248734449681e-04
  2.754999999999963e+00  9.360827692317374e+03  -1.922985236954385e+04  -2.920612421059101e+01  1.322073692174609e+04  -7.896449957203197e+01  4.501841561194822e+02  -1.193888364012541e-03  1.352828334296971e-03  6.741503914529706e-04
  2.759999999999963e+00  9.591353050812631e+03  -1.942678042320692e+04  -3.218389584072273e+01  1.348240470799792e+04  -1.114782095062249e+02  5.428056291011540e+02  -1.221187376524256e-03  1.366267450897510e-03  6.774761167973149e-04
  2.764999999999963e+00  9.796718607501391e+03  -1.965066401709398e+04  -6.323022971114696e+01  1.375461963904363e+04  -1.077570342074794e+02  5.186941350846873e+02  -1.256963199936351e-03  1.383122108248383e-03  6.814383727225313e-04
  2.769999999999963e+00  1.003408656861483e+04  -1.988028820790345e+04  -6.925146628007070e+01  1.402624068870463e+04  -1.395119933096317e+02  6.114248463634893e+02  -1.285311424096614e-03  1.398879218822061e-03  6.857624853604604e-04
  2.774999999999963e+00  1.024023016630959e+04  -2.014800276358395e+04  -1.010609856117526e+02  1.431876975659312e+04  -1.352846423181081e+02  5.778771626553456e+02  -1.324329929459806e-03  1.418635252155896e-03  6.913295698413416e-04
  2.779999999999963e+00  1.044967609832111e+04  -2.043495039723417e+04  -1.241312369053425e+02  1.462290769473860e+04  -1.306439138145143e+02  5.374808045881794e+02  -1.365543639037959e-03  1.439990242137800e-03  6.980704599141902e-04
  2.784999999999963e+00  1.069410596004549e+04  -2.071854195687824e+04  -1.380753860225443e+02  1.490968894618186e+04  -1.614035221255129e+02  6.270414320931092e+02  -1.395675320652901e-03  1.459363035909982e-03  7.038028039154884e-04
  2.789999999999963e+00  1.090310742631208e+04  -2.104802214695942e+04  -1.606163214943721e+02  1.523169980815108e+04  -1.559887187120387e+02  5.780416122686020e+02  -1.439393974932374e-03  1.483412233053637e-03  7.122379721336357e-04
  2.794999999999963e+00  1.115138958193754e+04  -2.136355688059293e+04  -1.764315040941534e+02  1.552546336106090e+04  -1.846473008105686e+02  6.629584132056372e+02  -1.469964910143716e-03  1.504914546683601e-03  7.189858059150317e-04
  2.799999999999963e+00  1.136365013364727e+04  -2.173081194542889e+04  -1.941188461313264e+02  1.586219768819752e+04  -1.789642818939386e+02  6.069021517400347e+02  -1.515981396143171e-03  1.531613494106248e-03  7.290154231584176e-04
  2.804999999999962e+00  1.157357073080248e+04  -2.211855081258536e+04  -2.064883692937021e+02  1.620860176155122e+04  -1.723452943339911e+02  5.470848208906575e+02  -1.562861656279875e-03  1.559503123706850e-03  7.402206155402008e-04
  2.809999999999962e+00  1.182423793130823e+04  -2.248266151536428e+04  -2.268781130210749e+02  1.651175243571028e+04  -1.979676931966552e+02  6.211003909873222e+02  -1.594145015908622e-03  1.584066006622039e-03  7.484859898001752e-04
  2.814999999999962e+00  1.203583441523008e+04  -2.290416861632228e+04  -2.336501082313335e+02  1.686900087784841e+04  -1.910301973044240e+02  5.560410448387898e+02  -1.642332500421111e-03  1.614211101925628e-03  7.611815462057052e-04
  2.819999999999962e+00  1.228649094573229e+04  -2.329621391917343e+04  -2.544376507652973e+02  1.717526859048523e+04  -2.129255776952867e+02  6.208916120031304e+02  -1.673251450470552e-03  1.640459086652752e-03  7.704714032957261e-04
  2.824999999999962e+00  1.249484856524648e+04  -2.375039414226418e+04  -2.580066630468460e+02  1.754160946785048e+04  -2.047961543149403e+02  5.498075495206450e+02  -1.721874823333081e-03  1.672418623639584e-03  7.846705191670244e-04
  2.829999999999962e+00  1.274419686046429e+04  -2.416796703161313e+04  -2.781329858875093e+02  1.784938445856793e+04  -2.225451713319046e+02  6.045161024586771e+02  -1.752142074519128e-03  1.700150069393188e-03  7.949162465719611e-04
  2.834999999999962e+00  1.295153378754982e+04  -2.464856708186115e+04  -2.755463591335358e+02  1.822105460536132e+04  -2.137277687317643e+02  5.291459307440650e+02  -1.800771822880213e-03  1.733700052515741e-03  8.104211409611012e-04
  2.839999999999962e+00  1.315572362652062e+04  -2.514332846719230e+04  -2.692446891252201e+02  1.859627216297561e+04  -2.046473025507699e+02  4.565334433176490e+02  -1.848741971104555e-03  1.767853352581372e-03  8.266573305564468e-04
  2.844999999999962e+00  1.340057782560646e+04  -2.559321955931872e+04  -2.873353091116168e+02  1.890358581013243e+04  -2.166836306131962e+02  4.928960504008276e+02  -1.877913103683767e-03  1.797349517232285e-03  8.383109751027036e-04
  2.849999999999961e+00  1.360175669373695e+04  -2.610767074334377e+04  -2.755784327786159e+02  1.927948464920028e+04  -2.069798726854169e+02  4.181212390856787e+02  -1.924797014559702e-03  1.832504086788381e-03  8.555642111048724e-04
  2.854999999999961e+00  1.384163932763997e+04  -2.657480571139013e+04  -2.906835096622210e+02  1.958394895297876e+04  -2.138223924812196e+02  4.420255354738092e+02  -1.952520668876791e-03  1.862816019382786e-03  8.680370625722046e-04
  2.859999999999961e+00  1.403745773891851e+04  -2.710481251920660e+04  -2.745850753997834e+02  1.995813581977553e+04  -2.030288550157788e+02  3.654122162216007e+02  -1.997629916775009e-03  1.898513810466115e-03  8.861684806118780e-04
  2.864999999999961e+00  1.423010287698243e+04  -2.764247887551150e+04  -2.570086622523527e+02  2.033076699332039e+04  -1.930935954482960e+02  2.961956845566648e+02  -2.041099044477312e-03  1.934351417027185e-03  9.045207778438633e-04
  2.869999999999961e+00  1.446125157715294e+04  -2.812524429590324e+04  -2.649033056530322e+02  2.062741306902171e+04  -1.930380021951362e+02  2.994021009524210e+02  -2.066449162758916e-03  1.965264762676500e-03  9.181386950068357e-04
  2.874999999999961e+00  1.464820994656350e+04  -2.866983885100743e+04  -2.433514828091522e+02  2.099360229468123e+04  -1.823621565822667e+02  2.307446570665072e+02  -2.107278745505968e-03  2.001064513770950e-03  9.369712543818065e-04
  2.879999999999961e+00  1.487132571889098e+04  -2.915985305342635e+04  -2.461275550718495e+02  2.128339077967987e+04  -1.767262339763528e+02  2.208742999538236e+02  -2.130527572342021e-03  2.032065942663946e-03  9.511852351790314e-04
  2.884999999999961e+00  1.505070393643991e+04  -2.970636298010101e+04  -2.215698469512984e+02  2.164042436410268e+04  -1.655791730417462e+02  1.534931925914368e+02  -2.168138669845732e-03  2.067443189019663e-03  9.702737086712806e-04
  2.889999999999961e+00  1.522719785109263e+04  -3.025393204599297e+04  -1.983012535200577e+02  2.199185494819031e+04  -1.559068232051655e+02  9.688784748798771e+01  -2.203404066501905e-03  2.102464136440595e-03  9.890925525035076e-04
  2.894999999999960e+00  1.543804353068446e+04  -3.074172709776518e+04  -1.901001793761906e+02  2.226742083958123e+04  -1.429705231602129e+02  6.622891016439674e+01  -2.223228243561608e-03  2.132881920401218e-03  1.004063289128162e-03
  2.899999999999960e+00  1.560512930181081e+04  -3.128389204804097e+04  -1.661279456006781e+02  2.260607447032129e+04  -1.329562760343094e+02  1.217939307017875e+01  -2.254530694012929e-03  2.166905565652905e-03  1.022774955195621e-03
  2.904999999999960e+00  1.580587026574200e+04  -3.176840481355729e+04  -1.510065633670783e+02  2.287159317639307e+04  -1.149093512046375e+02  -3.036344067439864e+01  -2.271858561901526e-03  2.196731545821012e-03  1.038035100276267e-03
  2.909999999999960e+00  1.596718501854799e+04  -3.229794523823493e+04  -1.240065183054976e+02  2.319491208200207e+04  -1.049694612749410e+02  -7.978118735094797e+01  -2.299149601215967e-03  2.229518929933822e-03  1.056335332989266e-03
  2.914999999999960e+00  1.612112685752474e+04  -3.282508990846379e+04  -1.043792720452167e+02  2.350991217397918e+04  -9.687883142523614e+01  -1.178948536490904e+02  -2.323351552447309e-03  2.261468791858719e-03  1.074040928315217e-03
  2.919999999999960e+00  1.630729064377239e+04  -3.329073116017388e+04  -7.628306207866846e+01  2.375654793336536e+04  -7.210158944652969e+01  -1.791191110491723e+02  -2.336622191482188e-03  2.289675985781751e-03  1.089562743217604e-03
  2.924999999999960e+00  1.645627533415113e+04  -3.379783429467570e+04  -5.415514723018354e+01  2.405327084014510e+04  -6.458858454195918e+01  -2.109176439920184e+02  -2.356526364332970e-03  2.320010171249867e-03  1.106457115944243e-03
  2.929999999999960e+00  1.663076589797867e+04  -3.425144253020803e+04  -1.957126927502080e+01  2.428807909762928e+04  -3.557011905280910e+01  -2.823475796106214e+02  -2.367169697953265e-03  2.347055047107498e-03  1.122041100779711e-03
  2.934999999999960e+00  1.676768599207178e+04  -3.473863780811173e+04  -9.283815654623216e-01  2.456637658515178e+04  -2.810554748363084e+01  -3.095035750292327e+02  -2.382199512168991e-03  2.375394278930405e-03  1.138090044176706e-03
  2.939999999999960e+00  1.693077151671654e+04  -3.517697984573826e+04  4.065963107468716e+01  2.478906909261527e+04  4.234291518955318e+00  -3.894323004668069e+02  -2.390344012105622e-03  2.401138844936730e-03  1.153575915504259e-03
  2.944999999999959e+00  1.706328400999362e+04  -3.563681057400206e+04  6.036949625570066e+01  2.504680376838145e+04  1.074023131640114e+01  -4.090077062650476e+02  -2.400951446547795e-03  2.427486541516744e-03  1.168469048367434e-03
  2.949999999999959e+00  1.718750111727885e+04  -3.608908580425075e+04  6.920432937967212e+01  2.529402185030338e+04  1.515948715116079e+01  -4.173150023716838e+02  -2.408285436061944e-03  2.452643164746733e-03  1.182450793959661e-03
  2.954999999999959e+00  1.733476898471691e+04  -3.649222789627419e+04  1.220856254420727e+02  2.549546782446678e+04  5.189160573709603e+01  -5.104281280495979e+02  -2.412418466496998e-03  2.475847012248562e-03  1.197547300090702e-03
  2.959999999999959e+00  1.745600017796245e+04  -3.691298229334214e+04  1.316665332998291e+02  2.572116084794756e+04  5.493885014270931e+01  -5.102443815930765e+02  -2.415504156570495e-03  2.498888196210513e-03  1.210127241390675e-03
  2.964999999999959e+00  1.759169434984078e+04  -3.729614965760600e+04  1.888723753565690e+02  2.591092524070101e+04  9.342814175633400e+01  -6.093002281123978e+02  -2.417473848166827e-03  2.520532237214116e-03  1.224984766065904e-03
  2.969999999999959e+00  1.770060178877330e+04  -3.768949651458453e+04  1.912949766503661e+02  2.611685497336951e+04  9.600754630920638e+01  -6.033680991058268e+02  -2.415872273016032e-03  2.541195907487138e-03  1.236273411932020e-03
  2.974999999999959e+00  1.781250097985310e+04  -3.806735021775720e+04  1.902218750499099e+02  2.631038282593774e+04  9.528828766050415e+01  -5.840693232254043e+02  -2.411962864843483e-03  2.560875240971905e-03  1.246448250087852e-03
  2.979999999999959e+00  1.793287229250136e+04  -3.841095584794708e+04  2.542353647590838e+02  2.648034378750167e+04  1.359731012131325e+02  -6.913226857374857e+02  -2.410565173542656e-03  2.579822980898421e-03  1.260536302844987e-03
  2.984999999999959e+00  1.803308619724424e+04  -3.876094320314121e+04  2.448020071196536e+02  2.665498772497554e+04  1.348932670518302e+02  -6.668625325391026e+02  -2.402360489342426e-03  2.597162180507732e-03  1.269432084874492e-03
  2.989999999999958e+00  1.814383992334697e+04  -3.908294139935112e+04  3.111573479773435e+02  2.681525556793608e+04  1.749524589139000e+02  -7.757537143305395e+02  -2.399561298318159e-03  2.614623657225120e-03  1.283058307920103e-03
  2.994999999999958e+00  1.824412406931565e+04  -3.939934604817503e+04  3.009930228906783e+02  2.697004663632428e+04  1.719658318124471e+02  -7.421774590260191e+02  -2.388102193824375e-03  2.629993665059180e-03  1.290442134594446e-03
  2.999999999999958e+00  1.833913174210626e+04  -3.970556196738411e+04  2.814335997352069e+02  2.711560086023918e+04  1.671955404509473e+02  -7.009901972865928e+02  -2.374291531648776e-03  2.644250076241621e-03  1.297163829393217e-03
  3.004999999999958e+00  1.843670981002126e+04  -3.998963188057263e+04  3.460389151645297e+02  2.725965178173091e+04  2.055874878464786e+02  -8.071329755024590e+02  -2.368892042200998e-03  2.659279174351058e-03  1.309558751723511e-03
  3.009999999999958e+00  1.853373188074692e+04  -4.026483116795769e+04  3.256917625015020e+02  2.738736374162683e+04  1.985644764693320e+02  -7.566928339693295e+02  -2.352456590184210e-03  2.671837496717122e-03  1.314849759651794e-03
  3.014999999999958e+00  1.862353932572828e+04  -4.053155936674931e+04  3.903811216304466e+02  2.752606126716300e+04  2.362881446866534e+02  -8.671257969609788e+02  -2.346898562213972e-03  2.685730648435351e-03  1.327043032309959e-03
  3.019999999999958e+00  1.871851899426483e+04  -4.078025041026029e+04  3.642816707579883e+02  2.763916716029708e+04  2.284067642230285e+02  -8.105870905972837e+02  -2.328128908783678e-03  2.696638100830556e-03  1.331177728071200e-03
  3.024999999999958e+00  1.880246362226472e+04  -4.103076630657736e+04  4.254786634991120e+02  2.777393791634005e+04  2.631032058396166e+02  -9.184199302917436e+02  -2.322527197652917e-03  2.709545077751412e-03  1.342950086662039e-03
  3.029999999999958e+00  1.889014464271666e+04  -4.125948303507786e+04  3.920781722504963e+02  2.787618764595510e+04  2.544714206416098e+02  -8.568542994602041e+02  -2.301499576858815e-03  2.718952574673179e-03  1.346290500182725e-03
  3.034999999999958e+00  1.898726425181683e+04  -4.147377846529133e+04  3.627899932722777e+02  2.797095690958628e+04  2.429736739646470e+02  -7.875982687531351e+02  -2.279894962270227e-03  2.727894777651537e-03  1.349285838225214e-03
  3.039999999999957e+00  1.906443467963536e+04  -4.170140274496237e+04  4.172754694663115e+02  2.810076481974452e+04  2.743405347485387e+02  -8.896360337052878e+02  -2.274350508450594e-03  2.739592275082767e-03  1.360031186236275e-03
  3.044999999999957e+00  1.915944929286927e+04  -4.189975048985393e+04  3.818594813034692e+02  2.818824122101195e+04  2.622338095034140e+02  -8.158683527380907e+02  -2.251629047136154e-03  2.747548305812203e-03  1.362371182345289e-03
  3.049999999999957e+00  1.923586300774718e+04  -4.211845737849697e+04  4.308246068551738e+02  2.831996810606846e+04  2.890674036878259e+02  -9.112891517905082e+02  -2.247241486097412e-03  2.758908529728398e-03  1.372763462971790e-03
  3.054999999999957e+00  1.933865744554189e+04  -4.230065655944806e+04  3.950181341139223e+02  2.840149927772608e+04  2.752833749701061e+02  -8.305571893903328e+02  -2.224518887120674e-03  2.766432486119603e-03  1.374464403431253e-03
  3.059999999999957e+00  1.944573756762880e+04  -4.247667539545192e+04  3.591838168778153e+02  2.848102388316591e+04  2.607121192269357e+02  -7.492998771152076e+02  -2.201773671200259e-03  2.773675488938802e-03  1.376381740893458e-03
  3.064999999999957e+00  1.952136651115729e+04  -4.268925094536619e+04  3.955351762132633e+02  2.861835536626313e+04  2.833605991839949e+02  -8.339297834749245e+02  -2.199224014195744e-03  2.784981720996617e-03  1.386040938681278e-03
  3.069999999999957e+00  1.963770274305685e+04  -4.285688647783888e+04  3.598505988423776e+02  2.869736267937258e+04  2.676095081610165e+02  -7.476457233294088e+02  -2.177401438836658e-03  2.792290770122221e-03  1.387762040024899e-03
  3.074999999999957e+00  1.971785095050611e+04  -4.307083571136991e+04  3.879448326605620e+02  2.884371908473127e+04  2.855548140788596e+02  -8.233692086578067e+02  -2.177159697012903e-03  2.804006046763955e-03  1.397293162136473e-03
  3.079999999999957e+00  1.984064330085326e+04  -4.323815901879748e+04  3.494020751104522e+02  2.892713244585494e+04  2.697038165219963e+02  -7.340992247764664e+02  -2.156644052836754e-03  2.811610266182885e-03  1.399159423970478e-03
  3.084999999999956e+00  1.997479412999089e+04  -4.340150703859288e+04  3.174625347999487e+02  2.901193094055344e+04  2.527273893969503e+02  -6.466824865116149e+02  -2.137296543884889e-03  2.819440744314066e-03  1.401635874890896e-03
  3.089999999999956e+00  2.006262910541823e+04  -4.362769917288999e+04  3.312480190471999e+02  2.917609604707202e+04  2.664411765484070e+02  -7.068156036950846e+02  -2.140740721588014e-03  2.832397394861793e-03  1.410791587182120e-03
  3.094999999999956e+00  2.020759262083591e+04  -4.379789951750860e+04  2.990208948521210e+02  2.927094999440783e+04  2.494482959398277e+02  -6.172362213522418e+02  -2.123804153721031e-03  2.841073992417067e-03  1.413739079030760e-03
  3.099999999999956e+00  2.030650358342399e+04  -4.403621320926301e+04  3.045035356308744e+02  2.945189234544179e+04  2.588172279433825e+02  -6.662462493658796e+02  -2.130654941510123e-03  2.855233882680704e-03  1.422986279640407e-03
  3.104999999999956e+00  2.046458915289561e+04  -4.421853152269901e+04  2.728608876236640e+02  2.956040209240539e+04  2.415228504660774e+02  -5.746188673832919e+02  -2.116727276453774e-03  2.865137265631849e-03  1.426593710917001e-03
  3.109999999999956e+00  2.057739848846062e+04  -4.447277312763836e+04  2.705599061126380e+02  2.976101326845721e+04  2.468820144266227e+02  -6.118495144345388e+02  -2.127359534664936e-03  2.880794716697869e-03  1.435997472067251e-03
  3.114999999999956e+00  2.075184805953507e+04  -4.467224426973120e+04  2.405727869595132e+02  2.988749414112631e+04  2.296551556863864e+02  -5.183212932605090e+02  -2.117171881689971e-03  2.892256291230567e-03  1.440414296976726e-03
  3.119999999999956e+00  2.093670666405747e+04  -4.487860506491844e+04  2.159471047729846e+02  3.002322215304355e+04  2.121574303434024e+02  -4.325634153301656e+02  -2.109283131269060e-03  2.904395091028384e-03  1.445856452930378e-03
  3.124999999999956e+00  2.107091502007008e+04  -4.516986973874044e+04  2.008388531900732e+02  3.025936397525252e+04  2.144234177860743e+02  -4.493360060121614e+02  -2.125810557940242e-03  2.922982512688485e-03  1.455505122004549e-03
  3.129999999999955e+00  2.127636273224629e+04  -4.540053755261541e+04  1.796525774137209e+02  3.041911168430766e+04  1.968971155278119e+02  -3.625187336434202e+02  -2.122705176499642e-03  2.937170253481687e-03  1.461941227878811e-03
  3.134999999999955e+00  2.143041634672479e+04  -4.571825505414666e+04  1.570232423184131e+02  3.068255498293417e+04  1.964759540249690e+02  -3.669178181454769e+02  -2.143771569738816e-03  2.957929684911446e-03  1.472028464216916e-03
  3.139999999999955e+00  2.165200621736152e+04  -4.598162219490149e+04  1.351532875408448e+02  3.087111733507165e+04  1.793653764480910e+02  -2.815624554764854e+02  -2.145546181907519e-03  2.974329057650358e-03  1.479723724296068e-03
  3.144999999999955e+00  2.189096270440399e+04  -4.625520407796730e+04  1.226428463221987e+02  3.107371785165784e+04  1.620219594725185e+02  -2.053892917952525e+02  -2.150912025071007e-03  2.991856115443097e-03  1.488422985083628e-03
  3.149999999999955e+00  2.207548638740310e+04  -4.662572934239561e+04  8.884719072110654e+01  3.138477288613104e+04  1.596992941994308e+02  -1.877413459405197e+02  -2.179025433735946e-03  3.016490399014911e-03  1.499225240445461e-03
  3.154999999999955e+00  2.233080566720380e+04  -4.694026225607825e+04  7.425399894843480e+01  3.162266184720701e+04  1.431646964772068e+02  -1.153949227276688e+02  -2.189924408112021e-03  3.036535969086581e-03  1.509422829887642e-03
  3.159999999999955e+00  2.254096852400477e+04  -4.734532942468317e+04  3.498032715609014e+01  3.196756460054547e+04  1.393423863944890e+02  -8.476753515747180e+01  -2.223112381420730e-03  3.063884166288429e-03  1.520783990183641e-03
  3.164999999999955e+00  2.282526860959071e+04  -4.769878529588298e+04  2.660225746557406e+01  3.224279506666362e+04  1.226581719462599e+02  -1.328344802555767e+01  -2.240654978892562e-03  3.086858196578605e-03  1.532355616448788e-03
  3.169999999999955e+00  2.311583118168412e+04  -4.807453071140275e+04  1.879008812405786e+01  3.253895270451327e+04  1.072358736417051e+02  4.284871077493903e+01  -2.261749207104290e-03  3.111019471784338e-03  1.545200608935471e-03
  3.174999999999955e+00  2.336445791583266e+04  -4.854400096066802e+04  -2.919332202163539e+01  3.294150636214393e+04  1.025676631881439e+02  9.526842094891914e+01  -2.302664904059437e-03  3.142857661048644e-03  1.557659573867896e-03
  3.179999999999954e+00  2.368712932504909e+04  -4.896300128279399e+04  -2.901069074599389e+01  3.327994678511424e+04  8.667184653931623e+01  1.501164773141113e+02  -2.331044682188908e-03  3.170217657177367e-03  1.571913112987955e-03
  3.184999999999954e+00  2.396460056308883e+04  -4.947359102582818e+04  -8.259971859614846e+01  3.372142337046756e+04  8.234314753732988e+01  2.132776742499084e+02  -2.377085378552022e-03  3.205041098356221e-03  1.585198871462608e-03
  3.189999999999954e+00  2.430509176504785e+04  -4.994692798980376e+04  -8.551585429943525e+01  3.410744968184608e+04  6.757603890690993e+01  2.608740894648984e+02  -2.411991633253809e-03  3.235371665987973e-03  1.601253532927118e-03
  3.194999999999954e+00  2.466626140885595e+04  -5.043895836138493e+04  -7.745999727246793e+01  3.451638841402797e+04  5.296006408690780e+01  2.972723944734175e+02  -2.451850093640513e-03  3.267422087495282e-03  1.618180733404084e-03
  3.199999999999954e+00  2.498818201477710e+04  -5.102044369526469e+04  -1.370673891633981e+02  3.502229759899717e+04  4.864017314987060e+01  3.796996655398040e+02  -2.505709437920221e-03  3.306959530042329e-03  1.632889849792438e-03
  3.204999999999954e+00  2.536650618932955e+04  -5.157087402263728e+04  -1.334987311767369e+02  3.548277414382477e+04  3.545625302978296e+01  4.071175108067526e+02  -2.552234969871205e-03  3.342040421345358e-03  1.651716055735734e-03
  3.209999999999954e+00  2.572021368391464e+04  -5.219547260179395e+04  -1.953457657084873e+02  3.603005671457628e+04  3.226957355874340e+01  4.992993996075454e+02  -2.611040722337276e-03  3.384667275613918e-03  1.667191803108802e-03
  3.214999999999954e+00  2.613452272594858e+04  -5.279513164483619e+04  -1.821417781462896e+02  3.654051907108440e+04  1.829773941191696e+01  5.235664915168635e+02  -2.665382594283388e-03  3.423175354516250e-03  1.687520557411227e-03
  3.219999999999954e+00  2.651918757058190e+04  -5.346392275866750e+04  -2.474145998769719e+02  3.712940399726979e+04  1.733353791726195e+01  6.231805772295045e+02  -2.728805262490844e-03  3.468828008312492e-03  1.703912370410873e-03
  3.224999999999953e+00  2.695098612180545e+04  -5.412344768742329e+04  -2.376942132124584e+02  3.769403977186954e+04  4.449407388256062e+00  6.376964796256800e+02  -2.789751179820314e-03  3.510340024294983e-03  1.726059027732195e-03
  3.229999999999953e+00  2.740218168947028e+04  -5.480503525144653e+04  -2.182404832817949e+02  3.828472499057611e+04  -7.793251431517323e+00  6.416239826303481e+02  -2.855761069143256e-03  3.553742254053547e-03  1.748882206163490e-03
  3.234999999999953e+00  2.783457787879811e+04  -5.554488865560451e+04  -2.850961621990945e+02  3.893993714909770e+04  -7.893845014600519e+00  7.543483578438023e+02  -2.926046383129665e-03  3.603822612088904e-03  1.766902407714070e-03
  3.239999999999953e+00  2.830166459857410e+04  -5.628690292207725e+04  -2.703596319498628e+02  3.958541244329472e+04  -1.883464672848779e+01  7.475239292203195e+02  -2.998339367852450e-03  3.650132185675972e-03  1.791510831651679e-03
  3.244999999999953e+00  2.876472790664518e+04  -5.706862412195196e+04  -3.371261006758513e+02  4.028047343774117e+04  -1.639182280438640e+01  8.658731070899806e+02  -3.072512099155105e-03  3.703035270372292e-03  1.810271469244237e-03
  3.249999999999953e+00  2.926643758125919e+04  -5.785933191948028e+04  -3.128068095913640e+02  4.097650428683242e+04  -2.837658367079764e+01  8.541782205610854e+02  -3.151932880166502e-03  3.752552381816621e-03  1.836251468231306e-03
  3.254999999999953e+00  2.976516401526752e+04  -5.868347011853109e+04  -2.945239022332279e+02  4.170192015809286e+04  -3.697838603370362e+01  8.273662483740438e+02  -3.234847704583144e-03  3.803548872281327e-03  1.863003698357275e-03
  3.259999999999953e+00  3.027416907970713e+04  -5.953053945370037e+04  -3.598908685995442e+02  4.245855986313772e+04  -3.371480907294411e+01  9.529470685184697e+02  -3.314499414560300e-03  3.860289781151336e-03  1.883389012887102e-03
  3.264999999999953e+00  3.080527097213780e+04  -6.040107888233056e+04  -3.320443838580555e+02  4.323226320761368e+04  -4.363170375177139e+01  9.217016211434396e+02  -3.403890966171116e-03  3.914309220558557e-03  1.911300474232120e-03
  3.269999999999953e+00  3.134051135825396e+04  -6.128643475181224e+04  -3.975058195556228e+02  4.402381631155909e+04  -3.687813589272422e+01  1.048210217422254e+03  -3.486158720101028e-03  3.973410163561724e-03  1.932466001685279e-03
  3.274999999999952e+00  3.188351278673247e+04  -6.221134779479957e+04  -3.740434303585734e+02  4.484683155499982e+04  -4.592363552581827e+01  1.005769105860017e+03  -3.580373983526091e-03  4.029851406331820e-03  1.961783227891415e-03
  3.279999999999952e+00  3.243860871955099e+04  -6.315768242447667e+04  -3.441508654640555e+02  4.569310192460434e+04  -5.350631150251597e+01  9.572432575674126e+02  -3.678367408242842e-03  4.088043008656646e-03  1.991246255046435e-03
  3.284999999999952e+00  3.301381292261860e+04  -6.409892665184580e+04  -4.060845134258044e+02  4.653605278460977e+04  -4.633398896619580e+01  1.084627674221998e+03  -3.764184521482800e-03  4.150165632289423e-03  2.013871473911737e-03
  3.289999999999952e+00  3.357814772908183e+04  -6.509489477303519e+04  -3.809222038762956e+02  4.742652838426074e+04  -5.309680894571248e+01  1.025221920529212e+03  -3.866019735208370e-03  4.210474803680073e-03  2.044554145822632e-03
  3.294999999999952e+00  3.417393082748079e+04  -6.606731186098234e+04  -4.403624136792202e+02  4.829599505279826e+04  -4.287339843883989e+01  1.151164442904063e+03  -3.953027229446968e-03  4.274414351985570e-03  2.067637111165797e-03
  3.299999999999952e+00  3.476129860339976e+04  -6.710018677371422e+04  -4.077034606430520e+02  4.922326459694934e+04  -5.119758624646444e+01  1.086338546574127e+03  -4.058889453616441e-03  4.336943371925137e-03  2.099094588855855e-03
  3.304999999999952e+00  3.534111375739818e+04  -6.815910846897481e+04  -3.813619806482326e+02  5.017173042204219e+04  -5.573807611454843e+01  1.013247804259539e+03  -4.166441533082961e-03  4.400600670058659e-03  2.130706047947769e-03
  3.309999999999952e+00  3.596681423799412e+04  -6.917493901563823e+04  -4.360593007895151e+02  5.107733700411597e+04  -4.586876880996304e+01  1.133676644185585e+03  -4.254615572909571e-03  4.466570810041849e-03  2.154945610512226e-03
  3.314999999999952e+00  3.656425819254910e+04  -7.026492307371115e+04  -4.031405368552591e+02  5.205517159498062e+04  -5.217856990523414e+01  1.055796849476821e+03  -4.364801058722789e-03  4.532019012877582e-03  2.187073533517969e-03
  3.319999999999951e+00  3.720180177923181e+04  -7.130379379173944e+04  -4.555780553249044e+02  5.297596219284286e+04  -3.937442781088070e+01  1.170755853281885e+03  -4.452383164484886e-03  4.599084235626092e-03  2.211610022613884e-03
  3.324999999999951e+00  3.780162740327801e+04  -7.242676751518415e+04  -4.253620845344555e+02  5.397991366727805e+04  -4.587127041250628e+01  1.083727668436147e+03  -4.563625882087187e-03  4.665740057596119e-03  2.244316809099088e-03
  3.329999999999951e+00  3.844737198046661e+04  -7.348471966486766e+04  -4.745608466568154e+02  5.491075383418018e+04  -3.067797430955077e+01  1.192828174094952e+03  -4.649915069276897e-03  4.733614892469065e-03  2.268961140871036e-03
  3.334999999999951e+00  3.905667515782086e+04  -7.462985491494936e+04  -4.393830985649682e+02  5.593225173384359e+04  -3.904360655538058e+01  1.100191371594755e+03  -4.761805435902394e-03  4.801379925523151e-03  2.301926725442753e-03
  3.339999999999951e+00  3.965673375178039e+04  -7.578990122005844e+04  -4.084908751952609e+02  5.696322021061541e+04  -4.392026954719078e+01  1.005165086626138e+03  -4.873532462874513e-03  4.869808652805859e-03  2.334564398234778e-03
  3.344999999999951e+00  4.031325389703190e+04  -7.686950510157672e+04  -4.515771589420174e+02  5.790192008961095e+04  -3.088752969101629e+01  1.101360648580524e+03  -4.957159819316071e-03  4.938082794188869e-03  2.359746023628823e-03
  3.349999999999951e+00  4.091594645787685e+04  -7.804413532129163e+04  -4.171245236578221e+02  5.894016667904708e+04  -3.763173937373923e+01  1.001498243843048e+03  -5.067817599611548e-03  5.007076366278300e-03  2.392369048993660e-03
  3.354999999999951e+00  4.157051637470540e+04  -7.913207045122175e+04  -4.566178820379398e+02  5.987436313559593e+04  -2.313159654762111e+01  1.089015294768005e+03  -5.148242454996319e-03  5.075313644289253e-03  2.417387109652861e-03
  3.359999999999951e+00  4.216741818347567e+04  -8.031796018865347e+04  -4.222164511152876e+02  6.091379917050362e+04  -3.098336620029356e+01  9.829589758316768e+02  -5.256604272169176e-03  5.144404922530487e-03  2.449855208716109e-03
  3.364999999999950e+00  4.275628349979461e+04  -8.150814755368473e+04  -3.889588671523733e+02  6.195130091654666e+04  -3.600057721891812e+01  8.797216899076963e+02  -5.363266100333309e-03  5.213782917738148e-03  2.481676124870547e-03
  3.369999999999950e+00  4.340600492716623e+04  -8.259937571932442e+04  -4.213049749003843e+02  6.286947521537309e+04  -2.533341518711296e+01  9.504271172832283e+02  -5.438174002374964e-03  5.281146049015364e-03  2.506688681110273e-03
  3.374999999999950e+00  4.398604051576020e+04  -8.379014148401514e+04  -3.867241042132050e+02  6.389579843592999e+04  -3.166325621000320e+01  8.432301501102395e+02  -5.540989905602520e-03  5.350126649229058e-03  2.538007958349145e-03
  3.379999999999950e+00  4.462300184848136e+04  -8.487792233636107e+04  -4.150206837234516e+02  6.479369855413069e+04  -2.088532813683722e+01  9.034077700957728e+02  -5.610787180021714e-03  5.416551173720842e-03  2.562540859444872e-03
  3.384999999999950e+00  4.518897706088382e+04  -8.606395600125355e+04  -3.801095569556749e+02  6.580072652811420e+04  -2.871190248935111e+01  7.924282261418499e+02  -5.708534731953813e-03  5.484737442119245e-03  2.593237947695228e-03
  3.389999999999950e+00  4.574539794838334e+04  -8.724461305173625e+04  -3.456591360396816e+02  6.679483458372681e+04  -3.333064031017358e+01  6.881197455400147e+02  -5.803030075664404e-03  5.552735854755039e-03  2.622942066821724e-03
  3.394999999999950e+00  4.636109818701305e+04  -8.831627517696281e+04  -3.662467413267850e+02  6.765146270715326e+04  -2.788644754995960e+01  7.287894421131425e+02  -5.864489276990272e-03  5.616966354017539e-03  2.646934615555127e-03
  3.399999999999950e+00  4.689598346637362e+04  -8.948381839439378e+04  -3.337348101086228e+02  6.861425367808255e+04  -3.343558149052980e+01  6.214108449909204e+02  -5.952126067646042e-03  5.683569024478550e-03  2.675788942857184e-03
  3.404999999999950e+00  4.748919411331423e+04  -9.053915431258149e+04  -3.489266455224083e+02  6.943433646901987e+04  -2.951815938915691e+01  6.510929283949440e+02  -6.006739665486523e-03  5.745969281358159e-03  2.698935341381734e-03
  3.409999999999950e+00  4.800706841558756e+04  -9.168263991811372e+04  -3.124572067093631e+02  7.035676214940730e+04  -3.653747123699812e+01  5.440931695032571e+02  -6.087128261000867e-03  5.810989922283148e-03  2.726542261024664e-03
  3.414999999999949e+00  4.850483506222093e+04  -9.281665907084466e+04  -2.830817891772313e+02  7.125617808170483e+04  -3.939309537814923e+01  4.437630244878499e+02  -6.162047705259521e-03  5.875135357249948e-03  2.753167385187571e-03
  3.419999999999949e+00  4.906118023278622e+04  -9.383593259798549e+04  -2.897149202464423e+02  7.200994677722416e+04  -4.214339149527225e+01  4.531349756579423e+02  -6.205735694980305e-03  5.934057269231493e-03  2.775209861102001e-03
  3.424999999999949e+00  4.953975653881299e+04  -9.493481072660444e+04  -2.546511550545735e+02  7.285655661786691e+04  -4.647584659246850e+01  3.559443481976020e+02  -6.272072546933855e-03  5.996143821330490e-03  2.800239375048564e-03
  3.429999999999949e+00  5.006367444970940e+04  -9.592597397557630e+04  -2.569195540078590e+02  7.355850789377741e+04  -5.183387757616097e+01  3.532010381421628e+02  -6.307274295112937e-03  6.052331150107278e-03  2.821272763250248e-03
  3.434999999999949e+00  5.050573538007565e+04  -9.699164273685373e+04  -2.270189034969735e+02  7.434718067441967e+04  -5.587562783388265e+01  2.549925612029055e+02  -6.363231718528001e-03  6.111704200453211e-03  2.844897364981771e-03
  3.439999999999949e+00  5.099506022902888e+04  -9.794930650760885e+04  -2.232523446677095e+02  7.499169330487787e+04  -6.496105210614652e+01  2.413895799701080e+02  -6.389510936207669e-03  6.164859382167500e-03  2.864713519974689e-03
  3.444999999999949e+00  5.141342944176222e+04  -9.896708441042442e+04  -1.874755785540731e+02  7.571289543357462e+04  -6.992196661546033e+01  1.480048188650429e+02  -6.435314694338708e-03  6.221523238943176e-03  2.886473548702059e-03
  3.449999999999949e+00  5.180579152352143e+04  -9.996562966674143e+04  -1.619753049074059e+02  7.639781863168888e+04  -6.997570586455419e+01  6.307975830799629e+01  -6.473626724483126e-03  6.276583979610507e-03  2.907063818233072e-03
  3.454999999999949e+00  5.224003506537181e+04  -1.008606602759325e+05  -1.491243388214806e+02  7.694494795642910e+04  -8.707963174275790e+01  3.015636769823406e+01  -6.486013941782282e-03  6.324593318154779e-03  2.925148972446547e-03
  3.459999999999948e+00  5.260746915077086e+04  -1.018013433915573e+05  -1.162862744488791e+02  7.755212341991083e+04  -8.790414763230589e+01  -4.731465826431382e+01  -6.513191814401333e-03  6.376528250578688e-03  2.943591889094548e-03
  3.464999999999948e+00  5.299969371172452e+04  -1.026522737681423e+05  -9.912305508630234e+01  7.802946386546317e+04  -1.093959534140680e+02  -9.165479386040725e+01  -6.515454936670357e-03  6.420716192229595e-03  2.960431382425749e-03
  3.469999999999948e+00  5.331969346468309e+04  -1.035411212737814e+05  -7.401625801414683e+01  7.855668269322075e+04  -1.084201233044191e+02  -1.674834383404197e+02  -6.529640527084575e-03  6.468817442413752e-03  2.977017763334871e-03
  3.474999999999948e+00  5.363354148371206e+04  -1.043925706438485e+05  -4.499925036981007e+01  7.903630617144970e+04  -1.048199386870124e+02  -2.269958693402027e+02  -6.536705918571263e-03  6.515352713788838e-03  2.991954510492771e-03
  3.479999999999948e+00  5.396108389691528e+04  -1.051637738689377e+05  -1.887282627707328e+01  7.939865444489132e+04  -1.342352783873547e+02  -2.883481330162037e+02  -6.523562145928086e-03  6.553424144574479e-03  3.006719550334591e-03
  3.484999999999948e+00  5.422391988419207e+04  -1.059571311202941e+05  2.258505812238149e-01  7.979105543405235e+04  -1.278844347830430e+02  -3.458506260753497e+02  -6.516798098653464e-03  6.595730519159947e-03  3.019756705085783e-03
  3.489999999999948e+00  5.450631195299346e+04  -1.066736346694433e+05  3.273050156117522e+01  8.007414177400310e+04  -1.630391604016889e+02  -4.156339192148696e+02  -6.492946054077720e-03  6.629440879774176e-03  3.032990897162165e-03
  3.494999999999948e+00  5.474072802919732e+04  -1.073917026918992e+05  5.923937708982857e+01  8.037115386523848e+04  -1.562211720035134e+02  -4.621405602326344e+02  -6.473478289421468e-03  6.667840837343451e-03  3.043574552829838e-03
  3.499999999999948e+00  5.494557184681848e+04  -1.080806654223267e+05  7.134276824095461e+01  8.061943701708681e+04  -1.444863909458539e+02  -5.001925466998038e+02  -6.444989314524073e-03  6.703903608907116e-03  3.053011776714348e-03
  3.504999999999947e+00  5.515710576043315e+04  -1.087025021815852e+05  1.126182804482629e+02  8.077583588848720e+04  -1.847942401800216e+02  -5.811994943449308e+02  -6.404987397557849e-03  6.731089992605657e-03  3.063812652399611e-03
  3.509999999999947e+00  5.533296575466455e+04  -1.093120876982536e+05  1.314807761324477e+02  8.092406418264771e+04  -1.721195903203899e+02  -6.059720056597622e+02  -6.363440363294574e-03  6.763102330341772e-03  3.070644343556814e-03
  3.514999999999947e+00  5.549659499914588e+04  -1.098741775670544e+05  1.763440043398540e+02  8.099474814395215e+04  -2.194018670976038e+02  -6.973471626929472e+02  -6.312210874589813e-03  6.785289675915093e-03  3.080187543252395e-03
  3.519999999999947e+00  5.563094988566939e+04  -1.104085018019072e+05  1.893572802601042e+02  8.104239610671569e+04  -2.034028151833176e+02  -7.150296735060863e+02  -6.256878380818881e-03  6.812878514409726e-03  3.084658445782538e-03
  3.524999999999947e+00  5.574680954367477e+04  -1.109082692441515e+05  2.377592732014000e+02  8.102735122542300e+04  -2.560621932419866e+02  -8.138012668907207e+02  -6.194656442361526e-03  6.830267618126182e-03  3.092815966045373e-03
  3.529999999999947e+00  5.582290178233930e+04  -1.113731288776240e+05  2.409660327725857e+02  8.097734163790716e+04  -2.355066334282189e+02  -8.260597677358535e+02  -6.124467254193346e-03  6.853005372629416e-03  3.095462590415099e-03
  3.534999999999947e+00  5.589746786982363e+04  -1.117909476361456e+05  2.509406458415514e+02  8.087209348720378e+04  -2.145167625031238e+02  -8.208885473265108e+02  -6.046924120475827e-03  6.873725530734140e-03  3.096677841703637e-03
  3.539999999999947e+00  5.594130291903410e+04  -1.121871567042662e+05  3.083186691008535e+02  8.072280856208608e+04  -2.721624487520232e+02  -9.261351132927346e+02  -5.968375813077793e-03  6.884149809415552e-03  3.102349298991691e-03
  3.544999999999947e+00  5.596321848011597e+04  -1.125332547608750e+05  3.064904912869769e+02  8.051905605474391e+04  -2.465333197446557e+02  -9.146693080043202e+02  -5.876695408374415e-03  6.900197226160296e-03  3.101431449535687e-03
  3.549999999999947e+00  5.596168075691789e+04  -1.128651073213315e+05  3.683787049745135e+02  8.028415176210144e+04  -3.099285917401335e+02  -1.022925163527655e+03  -5.787631357684543e-03  6.905961673230994e-03  3.105708913151198e-03
  3.554999999999946e+00  5.595588464954631e+04  -1.131274824521345e+05  3.703952257684774e+02  7.997837272030125e+04  -2.818664137032359e+02  -9.973819135387716e+02  -5.683562857035374e-03  6.917962486961889e-03  3.102299176925350e-03
  3.559999999999946e+00  5.592565911357375e+04  -1.133581573287998e+05  3.579413100780076e+02  7.962386677130034e+04  -2.513633372256308e+02  -9.662373662770964e+02  -5.571532669598513e-03  6.927568264234267e-03  3.097990237461711e-03
  3.564999999999946e+00  5.585278062851923e+04  -1.135899241865198e+05  4.219678731159659e+02  7.925787336372677e+04  -3.166467147671038e+02  -1.077409216156656e+03  -5.466780887252559e-03  6.926795697818541e-03  3.099994274693905e-03
  3.569999999999946e+00  5.579508350549310e+04  -1.137405991172299e+05  4.129055627458166e+02  7.880500963995671e+04  -2.834275501533340e+02  -1.033235017999581e+03  -5.342966961023763e-03  6.932552657734402e-03  3.093506313693305e-03
  3.574999999999946e+00  5.567917003323488e+04  -1.139126631805358e+05  4.765466946672304e+02  7.835823801593189e+04  -3.527027657010087e+02  -1.146938473758680e+03  -5.228465417524613e-03  6.927514271560356e-03  3.094467507718164e-03
  3.579999999999946e+00  5.557359275378181e+04  -1.139980296852376e+05  4.550358124248874e+02  7.781423139386262e+04  -3.137996780954827e+02  -1.097162055700359e+03  -5.092133882578283e-03  6.929207156908272e-03  3.086360665022539e-03
  3.584999999999946e+00  5.546740801571757e+04  -1.140440027413794e+05  4.377600524628414e+02  7.722246044970799e+04  -2.768354476022566e+02  -1.037028249604154e+03  -4.950008785622867e-03  6.929071130769539e-03  3.077540919425193e-03
  3.589999999999946e+00  5.528568357844677e+04  -1.141255161901315e+05  4.999013072868236e+02  7.665481607505021e+04  -3.446463903581936e+02  -1.149637193132735e+03  -4.821303294462885e-03  6.918459467086250e-03  3.076450348257188e-03
  3.594999999999946e+00  5.513560813766738e+04  -1.141116242769569e+05  4.716421979460670e+02  7.597806610132108e+04  -3.023170521621622e+02  -1.084328432311782e+03  -4.667750290851558e-03  6.914652425782391e-03  3.066348392056295e-03
  3.599999999999945e+00  5.491716733365863e+04  -1.141405269575452e+05  5.336566443743419e+02  7.533878329639751e+04  -3.732339606356433e+02  -1.195844720656945e+03  -4.530699508236077e-03  6.900550815583366e-03  3.064327801280606e-03
  3.604999999999945e+00  5.474256311571626e+04  -1.140625618700662e+05  5.072753092409078e+02  7.457882490802668e+04  -3.276898644530974e+02  -1.119301604809916e+03  -4.367409923246321e-03  6.893741661272755e-03  3.052840068879332e-03
  3.609999999999945e+00  5.449026059258862e+04  -1.140430554821310e+05  5.678431890269145e+02  7.387263698816441e+04  -4.008586796323113e+02  -1.229676355068002e+03  -4.222633961030793e-03  6.876479239107208e-03  3.050120629368333e-03
  3.614999999999945e+00  5.427798463314802e+04  -1.139146826156208e+05  5.320525509044024e+02  7.303818573948000e+04  -3.503431405986382e+02  -1.146834775259749e+03  -4.049620262549828e-03  6.866757765797357e-03  3.037586570545874e-03
  3.619999999999945e+00  5.406513382532682e+04  -1.137584111900882e+05  4.996441849352869e+02  7.216713889635376e+04  -3.040058707028166e+02  -1.058418189950844e+03  -3.872469224794995e-03  6.855568101591452e-03  3.024930255046469e-03
  3.624999999999945e+00  5.376134351494000e+04  -1.136715330281726e+05  5.554714740176785e+02  7.136523531409667e+04  -3.714675012211465e+02  -1.161493281562415e+03  -3.716715876963208e-03  6.834735756928658e-03  3.020723667241725e-03
  3.629999999999945e+00  5.351640419807711e+04  -1.134734649631402e+05  5.149239554617220e+02  7.042951233877490e+04  -3.209297702929172e+02  -1.067592267616589e+03  -3.531444685790580e-03  6.821236453280540e-03  3.007334270076878e-03
  3.634999999999945e+00  5.318698259180742e+04  -1.133507047135279e+05  5.685301499756190e+02  6.957520025117419e+04  -3.891692396712089e+02  -1.166249494947527e+03  -3.369847604439309e-03  6.798306384846114e-03  3.002656440714155e-03
  3.639999999999945e+00  5.292251993453775e+04  -1.131128350372094e+05  5.267624449744324e+02  6.858025631288764e+04  -3.356988467624786e+02  -1.064189407656559e+03  -3.177929221202219e-03  6.783085608990864e-03  2.988675999146496e-03
  3.644999999999945e+00  5.265065138550408e+04  -1.128599559298766e+05  4.834877016693891e+02  6.756089528117966e+04  -2.873370412800312e+02  -9.629609676274222e+02  -2.983137303851410e-03  6.766647379934192e-03  2.975029253024154e-03
  3.649999999999944e+00  5.228254150039717e+04  -1.126929590875080e+05  5.290437844280314e+02  6.663547910366001e+04  -3.467025695931223e+02  -1.050495413604365e+03  -2.813479689402223e-03  6.741867636531591e-03  2.969344027011167e-03
  3.654999999999944e+00  5.199340246991090e+04  -1.124121072046884e+05  4.839431714723764e+02  6.556983719398043e+04  -2.959867390506541e+02  -9.433855013346129e+02  -2.613650931751314e-03  6.724258358652826e-03  2.955505873848535e-03
  3.659999999999944e+00  5.160923374962700e+04  -1.122242974582560e+05  5.258167167339021e+02  6.460946080954614e+04  -3.540219368945603e+02  -1.024510658996348e+03  -2.440314538411240e-03  6.698541210719972e-03  2.949685229348692e-03
  3.664999999999944e+00  5.130278782957172e+04  -1.119241526163586e+05  4.767213827768895e+02  6.350707780249733e+04  -3.006965668426395e+02  -9.132684786483941e+02  -2.236505796192978e-03  6.680155196672601e-03  2.935824096745563e-03
  3.669999999999944e+00  5.099526335473699e+04  -1.116159424054509e+05  4.309673524835131e+02  6.239158407383179e+04  -2.546263465773665e+02  -8.053030852342756e+02  -2.031772610801799e-03  6.660962854160778e-03  2.922743257625022e-03
  3.674999999999944e+00  5.058752893627562e+04  -1.114092984883861e+05  4.631015989872957e+02  6.138897651579698e+04  -3.011275035896484e+02  -8.721910939467664e+02  -1.853773202252883e-03  6.635189441336431e-03  2.916390239285622e-03
  3.679999999999944e+00  5.027006994794884e+04  -1.110913489680001e+05  4.164261331268759e+02  6.025059410729861e+04  -2.535451069443038e+02  -7.611461922193147e+02  -1.647098507755744e-03  6.615821574392756e-03  2.903575733677431e-03
  3.684999999999944e+00  4.985615823252829e+04  -1.108801285302292e+05  4.441191387340965e+02  5.923287529477839e+04  -2.967475517499383e+02  -8.199446254385367e+02  -1.467785043028727e-03  6.590273795230739e-03  2.897388751968411e-03
  3.689999999999944e+00  4.952945704408059e+04  -1.105618189060605e+05  3.948260956068132e+02  5.808165064850773e+04  -2.476298904280756e+02  -7.077649022141148e+02  -1.260099921069393e-03  6.571006338747428e-03  2.885197273634837e-03
  3.694999999999943e+00  4.920739970584439e+04  -1.102417878046474e+05  3.528859552486549e+02  5.693011459703826e+04  -2.073319843032181e+02  -6.005899594789587e+02  -1.053706652570927e-03  6.551397843033527e-03  2.873848954089641e-03
  3.699999999999943e+00  4.878682324463953e+04  -1.100372195829173e+05  3.710285415697958e+02  5.590188382179455e+04  -2.370245554092695e+02  -6.433827160799597e+02  -8.734503343512410e-04  6.527485935883314e-03  2.867641143567932e-03
  3.704999999999943e+00  4.845847041200266e+04  -1.097288012807904e+05  3.256844458864766e+02  5.475308770819190e+04  -1.956812702928192e+02  -5.377667582461680e+02  -6.678735904731114e-04  6.508427286456528e-03  2.857208935042144e-03
  3.709999999999943e+00  4.804338416433593e+04  -1.095348063815100e+05  3.409857141327951e+02  5.373059898962478e+04  -2.205805889345966e+02  -5.706148725896006e+02  -4.888977736331392e-04  6.485858167839411e-03  2.851361017120063e-03
  3.714999999999943e+00  4.772168165943561e+04  -1.092395381467967e+05  2.995560567741080e+02  5.259292645193668e+04  -1.796496849264936e+02  -4.640938248812139e+02  -2.860371916375655e-04  6.467922512033175e-03  2.841674794620238e-03
  3.719999999999943e+00  4.731558382681427e+04  -1.090624707051204e+05  3.112398054084922e+02  5.158460331358679e+04  -1.987773792593489e+02  -4.872990834252648e+02  -1.092875214914601e-04  6.447076616642101e-03  2.836352572006081e-03
  3.724999999999943e+00  4.699387493182866e+04  -1.087932397647404e+05  2.666669837554742e+02  5.046973200818203e+04  -1.575334680315293e+02  -3.841647038816076e+02  9.032240276114432e-05  6.430330936358910e-03  2.827782364649185e-03
  3.729999999999943e+00  4.668327694452707e+04  -1.085330431272423e+05  2.319445658648638e+02  4.937248410918903e+04  -1.263202654344523e+02  -2.881844993145094e+02  2.859193467828949e-04  6.413818186794281e-03  2.820128331940459e-03
  3.734999999999943e+00  4.629535449246484e+04  -1.083949686136334e+05  2.367875055729682e+02  4.839934002012631e+04  -1.305434906994070e+02  -2.942252007150578e+02  4.581400931987145e-04  6.396633948176282e-03  2.815366099205901e-03
  3.739999999999942e+00  4.598769274265945e+04  -1.081720055258465e+05  1.974862006431730e+02  4.734004006232921e+04  -9.943786981680834e+01  -2.041186275668285e+02  6.487112749452704e-04  6.381707120461366e-03  2.808984426595007e-03
  3.744999999999942e+00  4.562025455733188e+04  -1.080641164220924e+05  2.010785842982015e+02  4.640182566323473e+04  -9.716187287795042e+01  -1.990603944067040e+02  8.160803040999357e-04  6.367170805549290e-03  2.804830935718327e-03
  3.749999999999942e+00  4.533435255369719e+04  -1.078760212941729e+05  1.683385205215232e+02  4.538712936288970e+04  -6.834939329645940e+01  -1.105858553874067e+02  9.994671788384831e-04  6.354455075424416e-03  2.799439774425198e-03
  3.754999999999942e+00  4.504541369396950e+04  -1.077147252806946e+05  1.331842044895456e+02  4.440486643671338e+04  -4.751819376602174e+01  -3.580695710881368e+01  1.178201610203665e-03  6.342070280174001e-03  2.795260369489445e-03
  3.759999999999942e+00  4.471355066297883e+04  -1.076655687876236e+05  1.322422861442442e+02  4.353366793097588e+04  -3.105291938072343e+01  -1.419465877017219e+01  1.337149648308911e-03  6.332263261159848e-03  2.791993300358152e-03
  3.764999999999942e+00  4.445217696371620e+04  -1.075475816238999e+05  1.049482713672579e+02  4.260927988830078e+04  -1.340201216025380e+01  5.842307198077151e+01  1.506883572994066e-03  6.322535557609520e-03  2.788784139990264e-03
  3.769999999999942e+00  4.414957606748342e+04  -1.075411791402949e+05  1.017025408566896e+02  4.179279384914528e+04  1.046785633723156e+01  8.976447041605581e+01  1.658635948940893e-03  6.316046798713598e-03  2.786399116331323e-03
  3.774999999999942e+00  4.390011102823392e+04  -1.074824257763730e+05  6.844590640018860e+01  4.093805267473393e+04  2.665251394845105e+01  1.530990935546952e+02  1.819471174248389e-03  6.308807498780158e-03  2.784592988703017e-03
  3.779999999999942e+00  4.366719945241918e+04  -1.074486603114563e+05  4.530840639468203e+01  4.012275440571082e+04  3.368036868042529e+01  2.085298564870415e+02  1.973166654507055e-03  6.302800769162336e-03  2.783523290314179e-03
  3.784999999999942e+00  4.341537363314570e+04  -1.075170921445058e+05  3.880376574043077e+01  3.940268286402297e+04  6.998945482450284e+01  2.544226367191730e+02  2.112821949947069e-03  6.301790282366627e-03  2.782291798275213e-03
  3.789999999999941e+00  4.319730214424925e+04  -1.075509282358771e+05  8.403230772043713e+00  3.866884697126194e+04  7.548469396889858e+01  2.988611892725354e+02  2.256207527854253e-03  6.298622306993095e-03  2.782710313064594e-03
  3.794999999999941e+00  4.298345506261014e+04  -1.076708193847266e+05  1.603424375731605e+00  3.802097416368746e+04  1.185857988928823e+02  3.548593382116613e+02  2.386363784924796e-03  6.301478814264717e-03  2.782290094208503e-03
  3.799999999999941e+00  4.280400903979747e+04  -1.077648074364518e+05  -2.039489023470525e+01  3.737191963136015e+04  1.196708999565280e+02  3.949097376573606e+02  2.517260004222707e-03  6.301785384090228e-03  2.783796635787311e-03
  3.804999999999941e+00  4.262175110538290e+04  -1.079022104400032e+05  -4.831793191076810e+01  3.677426948046435e+04  1.157080353814323e+02  4.202433095069407e+02  2.641289555958073e-03  6.303356245480772e-03  2.786381333031536e-03
  3.809999999999941e+00  4.247061363543100e+04  -1.081089845503538e+05  -5.747589498808237e+01  3.624839555741111e+04  1.687285490377608e+02  4.877444639380308e+02  2.756052833701542e-03  6.312172103018110e-03  2.787292970355935e-03
  3.814999999999941e+00  4.233105076352630e+04  -1.083117322778424e+05  -7.589674013992452e+01  3.574482361643604e+04  1.601011120160870e+02  5.087563013708977e+02  2.866388028481287e-03  6.317523645399131e-03  2.790916083363065e-03
  3.819999999999941e+00  4.222285211168954e+04  -1.085775097149014e+05  -8.711635422969853e+01  3.530583703023815e+04  2.200012963076319e+02  5.832670633033804e+02  2.969869911825193e-03  6.330503462440684e-03  2.792839119315583e-03
  3.824999999999941e+00  4.210670844652085e+04  -1.088600780502038e+05  -1.119892624229854e+02  3.490569714606170e+04  2.090838022859856e+02  5.919428066096904e+02  3.067106079711755e-03  6.339317160682608e-03  2.797937447202519e-03
  3.829999999999941e+00  4.204360792455851e+04  -1.091862400860367e+05  -1.235071425885955e+02  3.455822979146068e+04  2.753367177562954e+02  6.740676925319896e+02  3.158623843157230e-03  6.356601760917015e-03  2.800702723415991e-03
  3.834999999999940e+00  4.197408147867172e+04  -1.095393043821656e+05  -1.394126537532478e+02  3.426250274790111e+04  2.596571318305697e+02  6.767143600767504e+02  3.240933209026868e-03  6.369382355502133e-03  2.806959067761647e-03
  3.839999999999940e+00  4.190559714912409e+04  -1.099403433317519e+05  -1.603621999179616e+02  3.402598695159357e+04  2.411199534000320e+02  6.666966954077398e+02  3.315495326193051e-03  6.383864996068345e-03  2.814097241537943e-03
  3.844999999999940e+00  4.191520102126843e+04  -1.103637724540947e+05  -1.732267951599908e+02  3.382713428685597e+04  3.140438798202209e+02  7.548032583690413e+02  3.388066739630830e-03  6.407442068604889e-03  2.818317165836234e-03
  3.849999999999940e+00  4.189605681336780e+04  -1.108371205903376e+05  -1.843601089755785e+02  3.370065704470601e+04  2.908454746209879e+02  7.392494534449867e+02  3.447058215742750e-03  6.425988593732596e-03  2.826527088840245e-03
  3.854999999999940e+00  4.195281024052764e+04  -1.113247635052888e+05  -1.987922206859130e+02  3.360266994561913e+04  3.699419887279932e+02  8.311600284736262e+02  3.506509157035965e-03  6.453951032142918e-03  2.831722441182154e-03
  3.859999999999940e+00  4.196475175074144e+04  -1.118812924764849e+05  -2.140957790804876e+02  3.359264617596308e+04  3.440731158731912e+02  8.035377123914749e+02  3.550714059267323e-03  6.476182677742861e-03  2.841263777891574e-03
  3.864999999999940e+00  4.200022769151798e+04  -1.124750669456633e+05  -2.201439299372489e+02  3.364076725872160e+04  3.150864485127923e+02  7.718044141700750e+02  3.585959277149262e-03  6.500552153674601e-03  2.851246098063526e-03
  3.869999999999940e+00  4.213265257879076e+04  -1.130629672422531e+05  -2.348079941478330e+02  3.370305531424348e+04  3.981610877074053e+02  8.651200922915808e+02  3.624798180132120e-03  6.534788406687928e-03  2.857928515570672e-03
  3.874999999999940e+00  4.220215359182796e+04  -1.137386392228622e+05  -2.446345531403871e+02  3.386997713858845e+04  3.666960179917174e+02  8.218053287434930e+02  3.644992228025638e-03  6.562791775878500e-03  2.869184479749369e-03
  3.879999999999939e+00  4.238263113275418e+04  -1.143911944683108e+05  -2.591838512035559e+02  3.403819094089687e+04  4.544380387891338e+02  9.173046120005149e+02  3.669964205448181e-03  6.601400473207433e-03  2.876671461306981e-03
  3.884999999999939e+00  4.250440691419697e+04  -1.151385809776199e+05  -2.599558355999480e+02  3.432171692417959e+04  4.182719506964966e+02  8.682395856105356e+02  3.674061278001439e-03  6.633258500300940e-03  2.888922028318307e-03
  3.889999999999939e+00  4.263502747007289e+04  -1.159292317977192e+05  -2.644535376766810e+02  3.466611334249055e+04  3.824481064341825e+02  8.121251935496712e+02  3.670461606181964e-03  6.666850241277965e-03  2.901669181033985e-03
  3.894999999999939e+00  4.289077248132299e+04  -1.166818688373948e+05  -2.784984034329598e+02  3.499965258237193e+04  4.709217706219318e+02  9.044241743268026e+02  3.674034089313546e-03  6.711510365464674e-03  2.910648525179184e-03
  3.899999999999939e+00  4.307372278512829e+04  -1.175419183783039e+05  -2.746148009782873e+02  3.546030173395541e+04  4.303047595581829e+02  8.435623263758454e+02  3.654588503742094e-03  6.748779668484551e-03  2.924286100559818e-03
  3.904999999999939e+00  4.337587252490170e+04  -1.183585650130019e+05  -2.896540050920806e+02  3.590055659423290e+04  5.220493213824678e+02  9.342156295105773e+02  3.644236050387147e-03  6.797610355059837e-03  2.934145502368893e-03
  3.909999999999939e+00  4.359739219120022e+04  -1.192931585201929e+05  -2.877422594580829e+02  3.647871485658716e+04  4.776852653774627e+02  8.643423120697577e+02  3.609895889865712e-03  6.838213780186954e-03  2.948797885637898e-03
  3.914999999999939e+00  4.384317175569884e+04  -1.202595916210131e+05  -2.802131513402837e+02  3.711242462307221e+04  4.337589462905811e+02  7.948511288021697e+02  3.567781172971613e-03  6.880660742521025e-03  2.963655103354792e-03
  3.919999999999939e+00  4.421719129373342e+04  -1.211736430007108e+05  -2.947400975625603e+02  3.771650337158117e+04  5.218273458788044e+02  8.781872850894974e+02  3.536147142874304e-03  6.935140228883934e-03  2.974986489412801e-03
  3.924999999999939e+00  4.450283583613810e+04  -1.222101962110848e+05  -2.888767196109229e+02  3.846396550028204e+04  4.739912380292298e+02  8.012532781947228e+02  3.479660690279136e-03  6.980811765119641e-03  2.990794828589485e-03
  3.929999999999938e+00  4.491997842559624e+04  -1.231856845740731e+05  -3.042939205948157e+02  3.917148228102251e+04  5.624342096883969e+02  8.809021507170029e+02  3.434558932442788e-03  7.039170359325378e-03  3.002897157521512e-03
  3.934999999999938e+00  4.525440138687024e+04  -1.242853567306398e+05  -2.931405014503890e+02  4.002819579619669e+04  5.092519909814839e+02  8.002672929011339e+02  3.363659397860542e-03  7.088104162764677e-03  3.019560462752426e-03
  3.939999999999938e+00  4.571292466116369e+04  -1.253211419011748e+05  -3.103426484256765e+02  4.083669903606638e+04  5.972491822061070e+02  8.746329698478265e+02  3.305460892373293e-03  7.150192566747561e-03  3.032480300016854e-03
  3.944999999999938e+00  4.608676461925711e+04  -1.264854961773853e+05  -2.999730303740716e+02  4.180046428125208e+04  5.390856309646965e+02  7.884772526077040e+02  3.221104707287476e-03  7.202206515687419e-03  3.049993978325828e-03
  3.949999999999938e+00  4.648261293088474e+04  -1.276771963143921e+05  -2.867520510378036e+02  4.281268840787157e+04  4.843338493395874e+02  7.054617340590007e+02  3.130533389201958e-03  7.256020380028585e-03  3.067702674604475e-03
  3.954999999999938e+00  4.700328484388210e+04  -1.288036200191334e+05  -3.050506890021254e+02  4.377260987163323e+04  5.615835389808473e+02  7.676809924408299e+02  3.052748965881447e-03  7.322951612457988e-03  3.082063656698356e-03
  3.959999999999938e+00  4.743835020033086e+04  -1.300552369994911e+05  -2.918369635717610e+02  4.488477391686989e+04  5.022649969807547e+02  6.811027963186679e+02  2.949719114648647e-03  7.379835368937473e-03  3.100595753638698e-03
  3.964999999999938e+00  4.799455706170659e+04  -1.312378374935872e+05  -3.127160972709227e+02  4.593733907284209e+04  5.760036611525496e+02  7.362761194246990e+02  2.860058704693637e-03  7.450048753889471e-03  3.115697030772899e-03
  3.969999999999938e+00  4.847098850193310e+04  -1.325452130455787e+05  -2.967758217835091e+02  4.714395167179249e+04  5.119727425179825e+02  6.479113778215147e+02  2.745170989243501e-03  7.509948518106003e-03  3.135108314292412e-03
  3.974999999999937e+00  4.896513802503762e+04  -1.338771965113371e+05  -2.802713705360442e+02  4.839213071438244e+04  4.541025002456563e+02  5.643304848949418e+02  2.625496161233240e-03  7.571757190726044e-03  3.154629407567045e-03
  3.979999999999937e+00  4.957347667748838e+04  -1.351429541570684e+05  -3.036173731002814e+02  4.958096461651706e+04  5.129420732232932e+02  6.053252819356794e+02  2.518388279918534e-03  7.646098432329602e-03  3.171128101620097e-03
  3.984999999999937e+00  5.010479186502736e+04  -1.365268906470431e+05  -2.852299300606545e+02  5.091527100009007e+04  4.516557348805803e+02  5.212200235946563e+02  2.388260343329620e-03  7.710859538962021e-03  3.191534394412126e-03
  3.989999999999937e+00  5.074214468128806e+04  -1.378427799841858e+05  -3.116015761164411e+02  5.218536636354062e+04  5.049565366140099e+02  5.537992572399644e+02  2.270920543884112e-03  7.787932562891034e-03  3.208706876126751e-03
  3.994999999999937e+00  5.130844334642762e+04  -1.392746400826696e+05  -2.908711869387683e+02  5.359966967462790e+04  4.405717672965615e+02  4.703423741908157e+02  2.131144046563314e-03  7.855613913661135e-03  3.229853262739273e-03
  3.999999999999937e+00  5.189099456826333e+04  -1.407271988467920e+05  -2.693608209692468e+02  5.504722281905158e+04  3.848527195662896e+02  3.933582107027184e+02  1.988016624950610e-03  7.925194993499442e-03  3.251219910423803e-03
