TITLE = "Temporal Signal for receiver number 00039"
VARIABLES = "Time","s_xx","s_yy","s_zz","s_xy","s_yz","s_xz","v1","v2","v3"
# x1       4.000000000000e+03
# x2       -4.000000000000e+02
# x3       -6.000000000000e+03
# cell-global-id 13020
  0.000000000000000e+00  0.000000000000000e+00  0.000000000000000e+00  0.000000000000000e+00  0.000000000000000e+00  0.000000000000000e+00  0.000000000000000e+00  0.000000000000000e+00  0.000000000000000e+00  0.000000000000000e+00
  5.000000000000000e-03  0.000000000000000e+00  0.000000000000000e+00  0.000000000000000e+00  0.000000000000000e+00  0.000000000000000e+00  0.000000000000000e+00  0.000000000000000e+00  0.000000000000000e+00  0.000000000000000e+00
  1.000000000000000e-02  0.000000000000000e+00  0.000000000000000e+00  0.000000000000000e+00  0.000000000000000e+00  0.000000000000000e+00  0.000000000000000e+00  0.000000000000000e+00  0.000000000000000e+00  0.000000000000000e+00
  1.500000000000000e-02  0.000000000000000e+00  0.000000000000000e+00  0.000000000000000e+00  0.000000000000000e+00  0.000000000000000e+00  0.000000000000000e+00  0.000000000000000e+00  0.000000000000000e+00  0.000000000000000e+00
  2.000000000000000e-02  0.000000000000000e+00  0.000000000000000e+00  0.000000000000000e+00  0.000000000000000e+00  0.000000000000000e+00  0.000000000000000e+00  0.000000000000000e+00  0.000000000000000e+00  0.000000000000000e+00
  2.500000000000000e-02  0.000000000000000e+00  0.000000000000000e+00  0.000000000000000e+00  0.000000000000000e+00  0.000000000000000e+00  0.000000000000000e+00  0.000000000000000e+00  0.000000000000000e+00  0.000000000000000e+00
  3.000000000000000e-02  0.000000000000000e+00  0.000000000000000e+00  0.000000000000000e+00  0.000000000000000e+00  0.000000000000000e+00  0.000000000000000e+00  0.000000000000000e+00  0.000000000000000e+00  0.000000000000000e+00
  3.500000000000000e-02  0.000000000000000e+00  0.000000000000000e+00  0.000000000000000e+00  0.000000000000000e+00  0.000000000000000e+00  0.000000000000000e+00  0.000000000000000e+00  0.000000000000000e+00  0.000000000000000e+00
  4.000000000000000e-02  0.000000000000000e+00  0.000000000000000e+00  0.000000000000000e+00  0.000000000000000e+00  0.000000000000000e+00  0.000000000000000e+00  0.000000000000000e+00  0.000000000000000e+00  0.000000000000000e+00
  4.500000000000000e-02  0.000000000000000e+00  0.000000000000000e+00  0.000000000000000e+00  0.000000000000000e+00  0.000000000000000e+00  0.000000000000000e+00  0.000000000000000e+00  0.000000000000000e+00  0.000000000000000e+00
  5.000000000000000e-02  0.000000000000000e+00  0.000000000000000e+00  0.000000000000000e+00  0.000000000000000e+00  0.000000000000000e+00  0.000000000000000e+00  0.000000000000000e+00  0.000000000000000e+00  0.000000000000000e+00
  5.499999999999999e-02  0.000000000000000e+00  0.000000000000000e+00  0.000000000000000e+00  0.000000000000000e+00  0.000000000000000e+00  0.000000000000000e+00  0.000000000000000e+00  0.000000000000000e+00  0.000000000000000e+00
  5.999999999999999e-02  0.000000000000000e+00  0.000000000000000e+00  0.000000000000000e+00  0.000000000000000e+00  0.000000000000000e+00  0.000000000000000e+00  0.000000000000000e+00  0.000000000000000e+00  0.000000000000000e+00
  6.499999999999999e-02  -1.490101412963372e-25  -1.412611960063357e-26  7.901298889699958e-26  -6.282416836050564e-26  6.201985271809587e-26  -2.706099637277666e-26  2.133496272087053e-32  9.642084715114577e-34  -9.204071882376118e-33
  6.999999999999999e-02  -5.503259598016321e-23  1.897926734803595e-23  4.893292918796093e-23  -2.076023684488656e-23  3.569673521360988e-23  -2.899103676009567e-23  9.285979742891389e-30  -2.952654506425065e-30  -4.168197081352371e-30
  7.500000000000000e-02  -2.809484239902085e-21  2.311837583368914e-21  4.596372719487955e-21  -1.121004872139135e-21  2.607889243394338e-21  -2.563747160548983e-21  6.177745410879759e-28  -3.598452097607816e-28  -4.474846279654982e-28
  8.000000000000000e-02  1.011774632958892e-19  2.210080991419438e-19  1.835488928783949e-19  5.654682846504941e-20  6.623500942196532e-20  -1.488643012233737e-19  1.730158628530122e-27  -3.179613066588159e-26  -1.446507030840211e-26
  8.500000000000001e-02  2.194684731896864e-18  2.514676846990264e-18  2.391679577559349e-18  5.488708234239096e-19  8.358154584063817e-19  -2.770607588009573e-18  -7.787772502438337e-26  -2.988275191373492e-25  -2.019448560141710e-26
  9.000000000000001e-02  -1.537796926903333e-17  7.196331053271257e-18  6.265670599977646e-17  -2.601488193838320e-17  3.312574358422504e-17  -3.318599082227012e-17  3.896823455484556e-24  1.186237096539436e-24  -1.020086951586148e-24
  9.500000000000001e-02  2.647611361071616e-16  2.255049430028950e-16  4.896452682257452e-16  -2.390951078654591e-17  1.823733130458142e-16  -1.669405098627788e-16  -1.806146028861614e-23  -4.809415863358532e-24  1.103871970211569e-25
  1.000000000000000e-01  1.951263341547543e-15  1.316813038664264e-15  2.838944182239075e-15  -6.263126927570392e-17  1.052938342628730e-15  -7.844495771797387e-16  -1.770632214539941e-22  -3.024368406326723e-23  2.067555411559253e-23
  1.050000000000000e-01  6.072416173936512e-15  4.285289968767346e-15  1.163530186462012e-14  -1.644114612527204e-15  5.132537987985229e-15  -3.673946858515816e-15  -5.243662223212193e-22  8.242649955332382e-23  2.145333415885504e-22
  1.100000000000000e-01  1.927447737338143e-14  1.531635184088773e-14  2.826275322833836e-14  -4.917568875080307e-16  1.320369503606813e-14  -7.664985797712194e-15  -1.830769554213583e-21  -1.848923163554963e-22  6.311737529002402e-22
  1.150000000000000e-01  2.693435654128954e-14  2.355737883520559e-14  4.968601166287529e-14  -1.357491189087789e-15  2.836657300060812e-14  -1.534226860532829e-14  -2.361253813969784e-21  -6.075688725305009e-22  2.579446389055931e-22
  1.200000000000000e-01  -1.904770537047328e-14  8.083267992257795e-15  1.057383202079094e-14  8.795979193296490e-15  3.401590356749015e-14  -2.081930651591249e-14  2.604417134037972e-21  -3.420687701882794e-21  -1.415944163321977e-21
  1.250000000000000e-01  -1.896182895546034e-13  -8.412726965530582e-14  -1.862926407520836e-13  1.624103685063198e-14  1.813841757392093e-14  5.457742397205470e-15  1.943072524512890e-20  -2.920807524370199e-21  -4.001779189865814e-21
  1.300000000000000e-01  -3.493157708300446e-13  -1.766885604832292e-13  -5.009667740910861e-13  1.657091000337240e-14  -4.759153921219246e-14  7.925748324155624e-14  3.201675393304991e-20  1.575276050114734e-21  5.911612179810469e-21
  1.350000000000000e-01  -1.131224581462681e-13  -9.664306940684937e-14  -8.094802548935430e-13  -4.714124441627662e-14  -2.412560331780580e-13  2.848930813893424e-13  -6.580135374573861e-21  4.010732477885680e-20  5.026213673893276e-20
  1.400000000000000e-01  9.418566052816424e-13  5.991300083250283e-13  -2.203995453629958e-13  -1.996500394148572e-13  -5.414191786450109e-13  5.527253905926453e-13  -1.175716384693381e-19  8.084999097575207e-20  1.092072075473052e-19
  1.450000000000000e-01  2.078103124507631e-12  2.243943148271773e-12  2.051877898154711e-12  -4.916002024205146e-13  -5.523596189623833e-13  7.385363176703105e-13  -2.299939029468651e-19  8.046488503106675e-20  8.655881411184089e-20
  1.500000000000000e-01  2.422317817346606e-12  2.852918022744757e-12  7.154799367006352e-12  -1.090879188132474e-12  9.277958299896627e-14  2.696121909232637e-13  -1.659123526968589e-19  2.232616846930061e-20  -2.007137708206402e-19
  1.550000000000001e-01  -7.278137121522436e-13  2.516034795932714e-13  1.190230089731976e-11  -1.467212289612657e-12  1.565151624110908e-12  -1.664276248933092e-12  2.341148434929539e-19  -1.122270275810907e-19  -6.117727755961973e-19
  1.600000000000001e-01  -7.947957917253226e-12  -4.222220206068829e-12  1.003369028808565e-11  6.138952764541805e-13  3.590089939260177e-12  -5.466173742375115e-12  9.813011888581631e-19  -6.347537221386307e-19  -7.575774531428762e-19
  1.650000000000001e-01  -1.208805825853725e-11  -1.683610674436883e-11  -5.058244961477792e-12  3.438092564034695e-12  2.924080236811340e-12  -8.833842914067160e-12  1.355327520124863e-18  -4.578292230292450e-19  -1.233118372810568e-19
  1.700000000000001e-01  -1.026834508307288e-11  -1.737559317040604e-11  -3.617236332581045e-11  1.019799709454221e-11  1.527085980716576e-12  -7.926388465856940e-12  1.002817949921868e-18  -8.467489130891829e-19  1.285846050964220e-18
  1.750000000000001e-01  5.002304782890901e-12  -1.115787482286481e-11  -8.173187483804931e-11  1.482491575601041e-11  -6.845002220170990e-12  8.353886969680837e-13  -9.778744814755955e-19  -2.178549363397795e-19  3.775488107413493e-18
  1.800000000000001e-01  3.003485568131341e-11  1.068392318648579e-11  -1.087198558010250e-10  1.458267357252547e-11  -1.644147936824262e-11  2.114766447475761e-11  -3.753416285210340e-18  3.283691768773792e-19  4.102835063230402e-18
  1.850000000000001e-01  3.931147526811290e-11  5.143354803485288e-11  -8.547554011800671e-11  4.409486852418717e-12  -1.643407480822228e-11  4.586742355415380e-11  -5.038870518203475e-18  -4.601701591961810e-19  7.549889159277266e-19
  1.900000000000001e-01  3.221720115095421e-11  6.099612809033914e-11  1.632820121009348e-11  -2.395825399432429e-11  -1.464621007360506e-11  6.862147411607438e-11  -4.871392201509543e-18  2.756022924608755e-18  -7.584200128271731e-18
  1.950000000000001e-01  -8.659347873182149e-12  3.567970545108849e-11  1.873615106711347e-10  -5.732281955501790e-11  -1.098599966127568e-11  6.234728047966607e-11  -1.644344393347943e-18  6.262927115320867e-18  -1.532531892131195e-17
  2.000000000000001e-01  -6.699766258139656e-11  -1.761545878030032e-11  3.612698372315428e-10  -8.096758104543759e-11  -1.243889151915155e-11  8.191586104154496e-12  2.631585024805042e-18  1.204896143159397e-17  -1.753153410069322e-17
  2.050000000000001e-01  -1.156186246536548e-10  -7.476804636129382e-11  5.413170425158934e-10  -7.965115643030685e-11  1.732542490378723e-11  -9.772749214776757e-11  1.068622576009866e-17  9.723160797381200e-18  -1.183198099223573e-17
  2.100000000000001e-01  -1.212114002355753e-10  -1.147036849307545e-10  5.665206598378129e-10  -4.661343381853721e-11  6.721946704312706e-11  -2.546918354683336e-10  1.828199865162459e-17  2.189336935672403e-18  1.007648483419578e-17
  2.150000000000001e-01  -9.089335884060893e-11  -8.940479196360794e-11  2.753406272330844e-10  4.259281248955941e-11  1.216067992367446e-10  -4.325873190647247e-10  2.427347978918466e-17  -1.772905594830900e-17  4.930430711968314e-17
  2.200000000000001e-01  7.252075290602439e-11  -1.234534475334529e-10  -2.350123352303594e-10  1.246836109185452e-10  1.810910662791880e-10  -4.532782092352916e-10  1.834638635859180e-17  -2.735154183369142e-17  8.184354572338971e-17
  2.250000000000001e-01  2.718431463930525e-10  5.900128096553374e-11  -1.010593043144248e-09  2.230566852861576e-10  2.229931820782522e-10  -2.946838089464460e-10  2.774095464105285e-18  -4.432388492194461e-17  9.018080326454245e-17
  2.300000000000001e-01  6.417987266787895e-10  2.181369625948584e-10  -1.924695117929959e-09  2.889404888890532e-10  3.989187308762882e-11  1.904156897362438e-10  -4.856696487036508e-17  -3.149206495471977e-17  7.121710765609915e-17
  2.350000000000001e-01  8.198987469030981e-10  7.480030069064224e-10  -2.237343884562943e-09  2.739881914053756e-10  -5.522603966381694e-11  9.300479193045826e-10  -7.710961449411984e-17  -5.010579153518459e-17  -1.795906289708644e-17
  2.400000000000001e-01  7.686955578436230e-10  9.555010749139771e-10  -2.202113632971401e-09  1.674096126287355e-10  -4.915999176378960e-10  1.810647305356727e-09  -1.123336050082774e-16  -1.456646224538682e-17  -1.487332816381365e-16
  2.450000000000001e-01  1.304194196870165e-10  7.613100664166359e-10  -9.391814192868125e-10  -1.253291443815179e-10  -7.915484810321125e-10  2.449141789017486e-09  -8.826458671242786e-17  5.234659711405475e-17  -3.245672675644674e-16
  2.500000000000001e-01  -1.385389395217690e-09  -6.996145791886809e-11  1.145223402714616e-09  -3.774958869458743e-10  -8.904608677785062e-10  2.160006151201271e-09  1.790291111267090e-17  8.825766987965680e-17  -4.187902613163780e-16
  2.550000000000001e-01  -3.369140969853521e-09  -2.006058638393860e-09  3.171493457691925e-09  -6.356476603157266e-10  -8.986828192845498e-10  5.459651021068295e-10  1.653229699072243e-16  2.067513561973715e-16  -3.952734038971835e-16
  2.600000000000001e-01  -5.416646306008289e-09  -4.095823989790936e-09  5.653693432382566e-09  -6.601849366539369e-10  7.180548924461034e-12  -2.313368992623276e-09  3.722679165265916e-16  2.077175535518698e-16  -1.857709503159657e-16
  2.650000000000001e-01  -5.422737430675331e-09  -5.696884385558427e-09  6.816316882101865e-09  -4.401221620402809e-10  9.462453199707062e-10  -5.812967118285456e-09  4.241363648767650e-16  2.183046718588857e-16  2.847622859146598e-16
  2.700000000000001e-01  -2.221816919387287e-09  -5.215340795563741e-09  5.305127568109364e-09  1.653350931595013e-10  1.363053141761230e-09  -8.695388689499957e-09  2.238609767848139e-16  1.132162415891879e-16  9.460302065508669e-16
  2.750000000000001e-01  4.647833828926026e-09  -2.254319677064408e-09  2.308669964765571e-09  8.116704228269224e-10  1.136086834277248e-09  -8.574300605793500e-09  -2.620929666384197e-16  -5.969481121002015e-17  1.482384838292364e-15
  2.800000000000001e-01  1.319534666251526e-08  6.155809920747052e-09  -1.859592251211093e-09  9.595048341457627e-10  1.003029720894589e-09  -5.245790263202380e-09  -7.392758206728367e-16  -4.542184601371697e-16  1.628562414749102e-15
  2.850000000000001e-01  2.169426702892458e-08  1.553220390292910e-08  -7.038163414056215e-09  6.374808492061291e-10  -4.331775651924185e-10  2.106461301678039e-09  -1.233714348470155e-15  -7.864511829601080e-16  1.256491158573500e-15
  2.900000000000001e-01  2.143211534039507e-08  2.741949878078903e-08  -8.043037724123118e-09  -5.802053787496908e-10  1.595955456023988e-09  1.134425489801357e-08  -8.732418040318428e-16  -1.530901203815480e-15  1.294588385126380e-16
  2.950000000000002e-01  1.389810071961753e-08  2.890209466394621e-08  -9.066628259058072e-09  -2.110777939655808e-09  1.865323584692586e-09  1.977497233487226e-08  -2.393430762417981e-16  -1.587257942877550e-15  -1.579279792647661e-15
  3.000000000000002e-01  -3.958889929157287e-09  1.923286626215749e-08  -6.536055058809680e-09  -3.358736360445419e-09  3.348693243896700e-09  2.351911918940900e-08  9.396360782619721e-16  -9.395375583618833e-16  -3.427587213501399e-15
  3.050000000000002e-01  -2.972742981321021e-08  -4.372566144381672e-09  -4.851596610342399e-09  -3.314916668442518e-09  4.428559189075691e-09  1.959483230044473e-08  2.222624598850526e-15  3.715937445041354e-16  -4.429453272222932e-15
  3.100000000000002e-01  -5.062642340710888e-08  -3.949794277351107e-08  -5.196895043427450e-09  -2.152228739970347e-09  2.227078739419947e-09  6.926548101167203e-09  2.808354542799928e-15  2.950020741139832e-15  -4.175134206007833e-15
  3.150000000000002e-01  -6.640614960669124e-08  -7.225870516485346e-08  -5.159776271726481e-09  1.692561173268107e-09  3.954241234048297e-11  -1.129609795335782e-08  2.610012329429715e-15  4.781145168464176e-15  -2.497115111666087e-15
  3.200000000000002e-01  -5.997883982023653e-08  -9.091626611308306e-08  -6.407916925498257e-09  7.210271774584556e-09  -5.706074399117560e-09  -2.965889914342843e-08  1.000700748408915e-15  6.074138669101043e-15  7.987286069873877e-16
  3.250000000000002e-01  -2.996332213128316e-08  -8.356602850597970e-08  -5.625147599217514e-09  1.214019762769422e-08  -1.298299845569703e-08  -4.206144814567963e-08  -1.691897911566353e-15  5.383542297844191e-15  4.638006202929652e-15
  3.300000000000002e-01  2.028691838626532e-08  -4.678443074801988e-08  -4.393788613941493e-10  1.781217116913907e-08  -2.252399394780761e-08  -4.331978513948758e-08  -5.238774674685472e-15  2.210592491886858e-15  7.499605813556308e-15
  3.350000000000002e-01  8.129350592274081e-08  2.764767221885492e-08  1.754752937263676e-08  1.695273271926947e-08  -2.394942373139619e-08  -3.203284485109625e-08  -7.441214418059434e-15  -3.181496711214269e-15  8.958800296437624e-15
  3.400000000000002e-01  1.358591121472811e-07  1.108649952655272e-07  3.685468069056967e-08  1.056143512008487e-08  -2.133756418136718e-08  -9.593781242007507e-09  -7.761661810990938e-15  -9.069046011915111e-15  8.270453353720613e-15
  3.450000000000002e-01  1.533302350328898e-07  1.897483001261863e-07  5.767122073539514e-08  -3.785018053777207e-09  -5.287844501013237e-09  1.753597858278229e-08  -4.483888428129255e-15  -1.509971059467409e-14  5.170936070808202e-15
  3.500000000000002e-01  1.351315616738744e-07  2.227233003814570e-07  6.600313551944074e-08  -2.317812441136065e-08  1.377903623758128e-08  4.172790614477397e-08  9.629928006976410e-16  -1.710406479087594e-14  8.427922952425815e-17
  3.550000000000002e-01  7.569544667943346e-08  1.995065098631927e-07  5.293720192966021e-08  -4.072392222963281e-08  3.363484371642015e-08  5.720448371721549e-08  7.626229972454118e-15  -1.401198035258349e-14  -5.477612079672859e-15
  3.600000000000002e-01  -2.530502883611759e-08  1.116671142436988e-07  1.446575671140047e-08  -5.566915559641461e-08  5.298461623118591e-08  6.081428324048500e-08  1.430077033904036e-14  -6.372846693156758e-15  -1.058516129250152e-14
  3.650000000000002e-01  -1.287639165634866e-07  -9.943611856362881e-09  -3.189929634795145e-08  -6.003745737743669e-08  6.766360985190967e-08  5.511604257868140e-08  1.874747635882242e-14  5.281474091250083e-15  -1.327804341034700e-14
  3.700000000000002e-01  -2.257033160579048e-07  -1.582452767177779e-07  -8.976671154161393e-08  -4.784872900844582e-08  6.553770031426297e-08  3.764977016796226e-08  1.724848280199418e-14  1.750367335950919e-14  -1.468288631446158e-14
  3.750000000000002e-01  -2.796151433481417e-07  -2.879194449766601e-07  -1.382419275715387e-07  -1.803471240646154e-08  4.777163414701440e-08  1.581280255204119e-08  1.085895287767590e-14  2.769961457024881e-14  -1.312447543690923e-14
  3.800000000000002e-01  -2.770089854505376e-07  -3.744386877521258e-07  -1.608142311154797e-07  2.636751203090659e-08  1.547425926713354e-08  -1.205184674507649e-08  -9.902370834835169e-16  3.436194900174799e-14  -9.268536805909133e-15
  3.850000000000002e-01  -2.257645477738875e-07  -4.000840717313162e-07  -1.487855772368799e-07  6.980485318293069e-08  -2.467216959613167e-08  -4.250361581099412e-08  -1.392263135906319e-14  3.287681934295114e-14  -3.468995023553532e-15
  3.900000000000002e-01  -1.147412450620488e-07  -3.546726931731494e-07  -1.052267445854682e-07  1.124947114136824e-07  -7.315595937666190e-08  -7.265068281123216e-08  -2.619209215883094e-14  2.566280142445627e-14  4.998750083319460e-15
  3.950000000000002e-01  1.854717442721539e-08  -2.404118628698968e-07  -3.139923445391805e-08  1.382204074584253e-07  -1.074206584530925e-07  -1.043767061445200e-07  -3.217849429535078e-14  1.151223177673360e-14  1.428540795941440e-14
  4.000000000000002e-01  1.816109522547659e-07  -1.074438919208535e-07  3.750661956389587e-08  1.420411482501047e-07  -1.502047849464305e-07  -1.326642271677923e-07  -3.598523800665695e-14  -4.750659084173895e-15  2.263331089048003e-14
  4.050000000000002e-01  3.436153307726762e-07  1.145291508038085e-07  1.398191552964062e-07  1.192093255942107e-07  -1.542701482946641e-07  -1.398991942531990e-07  -2.999277570096443e-14  -2.535462483886343e-14  3.031482400473688e-14
  4.100000000000003e-01  5.002588652272083e-07  3.835534874843018e-07  2.419300523987116e-07  7.563622150884347e-08  -1.329775144602837e-07  -1.154650702187415e-07  -1.809711816129298e-14  -4.679416399545932e-14  3.410527083014214e-14
  4.150000000000003e-01  6.156432023153260e-07  6.671053108948015e-07  3.403971537799588e-07  3.524739242913885e-09  -8.280192229398834e-08  -5.832201383895379e-08  -3.162510664286696e-15  -6.611375276343600e-14  3.090561875222333e-14
  4.200000000000003e-01  6.588423964143381e-07  9.422969257877579e-07  4.192983073483167e-07  -7.545912889438110e-08  -1.098258711621298e-08  4.201776518493347e-08  1.710647237941045e-14  -8.574985709592233e-14  1.970823962840303e-14
  4.250000000000003e-01  6.035315024258004e-07  1.092298192580522e-06  4.222695184154691e-07  -1.688746299786936e-07  6.596128802976331e-08  1.720703385516426e-07  3.254374234432349e-14  -8.477717829749955e-14  2.827839880803551e-15
  4.300000000000003e-01  3.621570219150807e-07  1.036844418536722e-06  3.320565659047267e-07  -2.654449311923345e-07  1.599004500440224e-07  2.949993014960596e-07  5.007708678357084e-14  -6.947690316140319e-14  -2.170897050759817e-14
  4.350000000000003e-01  -9.483202194519869e-08  7.863519311173329e-07  1.504066982812857e-07  -3.551674749536410e-07  2.860090402613403e-07  3.947173323169065e-07  7.429723289062644e-14  -3.296551921887498e-14  -4.431528849295684e-14
  4.400000000000003e-01  -6.870353707561165e-07  1.128480793502756e-07  -2.126115696131932e-07  -4.091315672168334e-07  3.412706844125042e-07  4.101697496117398e-07  8.394346554359073e-14  3.316085291197823e-14  -6.608310314276764e-14
  4.450000000000003e-01  -1.347880435605976e-06  -8.267855538463976e-07  -6.599328898446060e-07  -3.978550338242370e-07  3.623190338298651e-07  3.336480508101900e-07  8.792237806789830e-14  1.116292794828242e-13  -7.990203117876359e-14
  4.500000000000003e-01  -1.941145813811054e-06  -1.818282446166776e-06  -1.071327007393420e-06  -3.080632453870620e-07  3.563770409305494e-07  1.369667626692297e-07  8.070700558938882e-14  1.845589639664632e-13  -8.076550111184413e-14
  4.550000000000003e-01  -2.167203370663291e-06  -2.700193507076362e-06  -1.348289904903858e-06  -1.278630509268006e-07  2.710483751893840e-07  -1.207915570295568e-07  4.004799897810011e-14  2.518229060001407e-13  -6.090776605646808e-14
  4.600000000000003e-01  -1.906952376782256e-06  -3.083857741738078e-06  -1.338350150863495e-06  1.686844501629780e-07  1.021139981158197e-07  -4.223012863654194e-07  -1.890317795085952e-14  2.611716944101608e-13  -2.637229948650658e-14
  4.650000000000003e-01  -1.093247513997582e-06  -2.707033685420478e-06  -9.101804283921269e-07  5.167240854691166e-07  -8.610432890811135e-08  -6.961857108128517e-07  -9.234225852833178e-14  1.966507786865678e-13  1.951129234951497e-14
  4.700000000000003e-01  3.318999919612751e-07  -1.709481150708218e-06  -2.183228546350304e-07  8.990661264172621e-07  -4.187897377690573e-07  -8.835117990452692e-07  -1.968947687752294e-13  7.605379715237252e-14  7.002812105638769e-14
  4.750000000000003e-01  2.020477201390098e-06  2.206107504543333e-07  8.083859739538408e-07  1.174672185111561e-06  -6.819951267345670e-07  -8.825103960910390e-07  -2.705429973600993e-13  -1.077647870752827e-13  1.234935676176754e-13
  4.800000000000003e-01  3.661243832051286e-06  2.511524761678807e-06  1.872441682630197e-06  1.282782390379272e-06  -8.983768090386492e-07  -6.521241544272112e-07  -3.069805826921641e-13  -3.094580965489396e-13  1.630814315882814e-13
  4.850000000000003e-01  4.748642472263475e-06  4.657008977091410e-06  2.654424905933214e-06  1.151818869433477e-06  -1.017558647395240e-06  -2.595383508199102e-07  -2.876508506443812e-13  -4.845736593035728e-13  1.778176141221467e-13
  4.900000000000003e-01  4.896348362431879e-06  6.176728204084484e-06  2.958973207698346e-06  7.700683234275746e-07  -9.746341619836133e-07  2.368509424002906e-07  -1.782497232314375e-13  -6.087269334600903e-13  1.507618105851626e-13
  4.950000000000003e-01  3.970522665998878e-06  6.446036323118722e-06  2.573974736435216e-06  1.497966716838072e-07  -7.689241444949438e-07  8.164275321923523e-07  -2.142538566796163e-14  -5.782022606132064e-13  1.016546779957616e-13
  5.000000000000003e-01  1.884763657402776e-06  5.143470339518992e-06  1.504096011331228e-06  -6.252001720678300e-07  -3.699300800254163e-07  1.252732986740561e-06  1.738383033135074e-13  -4.174282500068178e-13  1.560299636642663e-14
  5.050000000000003e-01  -9.744822901347567e-07  2.692828305472714e-06  8.416922822592426e-08  -1.488548116459437e-06  2.598036655493050e-07  1.517491909074917e-06  4.086156070906516e-13  -1.443345348561450e-13  -8.229969081390830e-14
  5.100000000000003e-01  -4.067120859047319e-06  -1.031081964046360e-06  -1.686670054867934e-06  -2.202664218636633e-06  8.848188653913018e-07  1.412560677616149e-06  5.693761700903379e-13  2.267290721349063e-13  -1.830755402374816e-13
  5.150000000000003e-01  -6.684059277149276e-06  -5.106413635611817e-06  -3.220400965135794e-06  -2.686015927114846e-06  1.535177351671460e-06  1.004628544118336e-06  6.527752546905685e-13  6.049644414139019e-13  -2.703626454093738e-13
  5.200000000000004e-01  -8.248137410883049e-06  -8.668595580583836e-06  -4.269707512810057e-06  -2.824354298479719e-06  2.060992016459822e-06  4.248608329518884e-07  6.124264719559271e-13  9.501229998803711e-13  -3.037564273331343e-13
  5.250000000000004e-01  -8.395093782183378e-06  -1.109626156002923e-05  -4.686567518860381e-06  -2.557696858115511e-06  2.345270029149382e-06  -4.172579629259083e-07  4.594102148731271e-13  1.123515591542852e-12  -3.094007997688141e-13
  5.300000000000004e-01  -6.903452622404805e-06  -1.161395493354750e-05  -4.276141070486794e-06  -1.853295003352367e-06  2.342855482074750e-06  -1.152448418729478e-06  2.081716463037052e-13  1.118369336411133e-12  -2.659267607761036e-13
  5.350000000000004e-01  -4.096752102901594e-06  -1.006094933235384e-05  -3.194667439079302e-06  -7.798449090040951e-07  1.984336783919952e-06  -1.675988805538855e-06  -9.325668131438655e-14  9.130930405755747e-13  -1.732670624164262e-13
  5.400000000000004e-01  -6.264136948053692e-07  -6.631664793572695e-06  -1.622909491912133e-06  5.863894144312631e-07  1.348735151386888e-06  -1.832865179289170e-06  -4.259453925722742e-13  5.291726558226513e-13  -5.866585780380352e-14
  5.450000000000004e-01  3.196138622716700e-06  -1.569056516461086e-06  2.193648552206586e-07  2.127373138237123e-06  2.823702178502272e-07  -1.576363036742000e-06  -6.885031556306044e-13  2.499391180557629e-14  7.806426382380751e-14
  5.500000000000004e-01  6.593431921099007e-06  4.242234161831050e-06  2.237595742559645e-06  3.642696105897234e-06  -9.720346596772573e-07  -9.332411647949173e-07  -8.578864922482888e-13  -5.250281701096569e-13  2.182594456273745e-13
  5.550000000000004e-01  9.084533342173051e-06  9.790767817382086e-06  4.068597177414575e-06  4.908425118888853e-06  -2.326116584583997e-06  -3.105057131925806e-07  -9.287377668635198e-13  -1.060650916186092e-12  3.403538257122953e-13
  5.600000000000004e-01  1.046363475651499e-05  1.443492676519465e-05  5.644753939905759e-06  5.801338580748945e-06  -3.835338085486144e-06  4.006167943253719e-07  -8.790859073427412e-13  -1.462353447072103e-12  4.665107108076345e-13
  5.650000000000004e-01  1.061918520637774e-05  1.756868294108230e-05  7.107855648575072e-06  6.037131734059484e-06  -4.968038410296189e-06  9.346501339517107e-07  -7.321508257018811e-13  -1.728546623759377e-12  5.554724164625782e-13
  5.700000000000004e-01  9.854411560814738e-06  1.853236096736560e-05  7.911148650340016e-06  5.466462490903650e-06  -5.756942783660875e-06  9.850456423729307e-07  -5.201653991648863e-13  -1.809201776347302e-12  6.335858945150615e-13
  5.750000000000004e-01  8.891871411565326e-06  1.729667473263492e-05  8.019510892811540e-06  4.188713799122395e-06  -6.145577876203630e-06  6.271284396484486e-07  -2.779246500220446e-13  -1.694183032941127e-12  6.433869319350914e-13
  5.800000000000004e-01  6.894812363476781e-06  1.431979657554063e-05  7.447533507431040e-06  1.999369299156771e-06  -5.362007109924514e-06  1.433422197376580e-07  -1.118296302056209e-14  -1.456411420115157e-12  5.734320095683456e-13
  5.850000000000004e-01  4.412488020435835e-06  9.532731055589819e-06  5.669826951675363e-06  -8.797269823026295e-07  -3.550600156763040e-06  -3.960251530556702e-07  2.648603015922855e-13  -1.055136179401967e-12  4.205306161296735e-13
  5.900000000000004e-01  1.512090372037212e-06  3.477233900313574e-06  2.520871829392423e-06  -3.967512309976876e-06  -9.267307142672226e-07  -6.962961675874784e-07  5.235649972204936e-13  -5.095350312516756e-13  1.383237013576272e-13
  5.950000000000004e-01  -2.522728422411975e-06  -3.486523793497912e-06  -1.737290398965384e-06  -7.067518293718419e-06  2.301475296584562e-06  -2.137574716791334e-07  8.678240774587399e-13  1.235666211855072e-13  -2.673447032385861e-13
  6.000000000000004e-01  -7.602964126139990e-06  -1.088891532014481e-05  -6.787828852684800e-06  -9.720395477757540e-06  6.448652080618429e-06  6.182072989212934e-07  1.162198916303992e-12  8.936887185696477e-13  -7.849766293447634e-13
  6.050000000000004e-01  -1.336275003379660e-05  -1.893960395601621e-05  -1.284166362419362e-05  -1.144068078971935e-05  1.001342862971125e-05  1.715285850534030e-06  1.432453497161018e-12  1.845052605865923e-12  -1.287331021809699e-12
  6.100000000000004e-01  -2.065156292080129e-05  -2.591876622720167e-05  -1.775547979214758e-05  -1.227044688831341e-05  1.366483317276559e-05  3.267783240202811e-06  1.749496059517919e-12  2.736164555851154e-12  -1.747346995755239e-12
  6.150000000000004e-01  -2.679012567976790e-05  -3.261551746781994e-05  -2.143952797186344e-05  -1.149101769607051e-05  1.555285207088713e-05  4.261797551265175e-06  1.889010544077903e-12  3.673813962170615e-12  -2.108211039051202e-12
  6.200000000000004e-01  -3.153293799668106e-05  -3.844678274816889e-05  -2.342680361100431e-05  -9.554730166344014e-06  1.516021183441633e-05  4.350384205967091e-06  1.902128799223421e-12  4.523907400066103e-12  -2.139522257079823e-12
  6.250000000000004e-01  -3.309290577154476e-05  -4.141378298153317e-05  -2.195976940493806e-05  -6.308667714515365e-06  1.252589207259747e-05  3.512480590120901e-06  1.700444945087298e-12  4.994400495639520e-12  -1.878487807360316e-12
  6.300000000000004e-01  -3.082947915711648e-05  -4.050808764826638e-05  -1.724129907083867e-05  -2.218808582388488e-06  8.223471715647248e-06  1.212114730268885e-06  1.131123879680677e-12  5.112140043168838e-12  -1.188962182761376e-12
  6.350000000000005e-01  -2.303399583656619e-05  -3.539020992229632e-05  -8.917388630008694e-06  2.420959784816386e-06  1.191141680271591e-06  -1.820367447161517e-06  3.776040638110231e-13  4.399897946465099e-12  -2.193387290889169e-13
  6.400000000000005e-01  -9.411682398472588e-06  -2.464580972947002e-05  1.472875131509131e-06  7.492272970578585e-06  -7.767097973104041e-06  -5.461253346413957e-06  -6.544313594731786e-13  2.984837218415574e-12  1.083380880039417e-12
  6.450000000000005e-01  9.852487711092577e-06  -8.409543169822990e-06  1.336054685839174e-05  1.281507720356916e-05  -1.736074134976229e-05  -9.380534166727223e-06  -2.045927038357880e-12  8.859278243321007e-13  2.420858277816956e-12
  6.500000000000005e-01  3.178382169144404e-05  1.514408930247655e-05  2.701101947761289e-05  1.758106259175896e-05  -2.535780948688045e-05  -1.158635692044078e-05  -3.363866979070644e-12  -2.229023662129994e-12  3.618600707547639e-12
  6.550000000000005e-01  5.412683354153859e-05  4.263853290763556e-05  3.805327337931607e-05  2.154167389122229e-05  -3.173116284908514e-05  -1.255196960671964e-05  -4.593005559053061e-12  -5.623506496099435e-12  4.664552347404199e-12
  6.600000000000005e-01  7.429625265494266e-05  7.322358902583109e-05  4.746115045421660e-05  2.458377434061914e-05  -3.380716491798036e-05  -1.117306298777159e-05  -5.588421535781030e-12  -9.194595119762142e-12  5.098952084950167e-12
  6.650000000000005e-01  8.934717251207136e-05  9.938760033659022e-05  5.111100242409666e-05  2.572822931024332e-05  -3.317008262194347e-05  -8.059533584721766e-06  -5.979310355012470e-12  -1.235677864638320e-11  4.920442135148977e-12
  6.700000000000005e-01  9.330222626710473e-05  1.213231614290910e-04  5.025151624843467e-05  2.438976416574127e-05  -2.561311095070881e-05  -2.751459021898550e-06  -5.771387462730765e-12  -1.449466253945454e-11  4.050214163579056e-12
  6.750000000000005e-01  8.576304174466285e-05  1.316170948293682e-04  4.237557808208219e-05  2.034836029271769e-05  -1.368259884866171e-05  3.603766451974976e-06  -4.743141666532952e-12  -1.497487507144129e-11  2.509447055385909e-12
  6.800000000000005e-01  6.508729611726375e-05  1.260732166313056e-04  2.911162278316968e-05  1.290527833202513e-05  2.710617057724623e-06  1.053281814145935e-05  -2.904463628330387e-12  -1.370510565362494e-11  2.214835989292651e-13
  6.850000000000005e-01  3.103313346903878e-05  1.032047761886151e-04  1.038955558761457e-05  2.039385383358509e-06  2.123213714158072e-05  1.815565248211485e-05  -7.990728239954018e-14  -1.051193214268053e-11  -2.384484290859182e-12
  6.900000000000005e-01  -1.256758740909690e-05  5.889367078567101e-05  -1.510767901754168e-05  -1.132649536950054e-05  3.823151458775631e-05  2.251948754149601e-05  3.134951858342243e-12  -4.804502556873651e-12  -5.043263999914331e-12
  6.950000000000005e-01  -6.141778647397564e-05  -1.600263792243917e-06  -4.079106201815457e-05  -2.621706468523540e-05  5.325845541211573e-05  2.511361433279801e-05  6.539947793183282e-12  2.268586156036391e-12  -7.667867845864846e-12
  7.000000000000005e-01  -1.126356008396156e-04  -7.089862777343480e-05  -6.518622837520581e-05  -4.127531077235841e-05  6.350921751924890e-05  2.515803976054651e-05  9.810378401628845e-12  1.034974852504167e-11  -9.480813201121649e-12
  7.050000000000005e-01  -1.542425803756789e-04  -1.473957940654485e-04  -8.743586398783754e-05  -5.391153521010070e-05  6.349863104601406e-05  2.039822455289800e-05  1.226116526040935e-11  1.852866058936303e-11  -1.041147885844069e-11
  7.100000000000005e-01  -1.823140070654041e-04  -2.160460973256738e-04  -1.013855778471853e-04  -6.202371362086425e-05  5.481848184651682e-05  1.273898074240928e-05  1.365742086072436e-11  2.557740368816296e-11  -1.005281929582163e-11
  7.150000000000005e-01  -1.909278006739711e-04  -2.665416148450858e-04  -1.031960152439942e-04  -6.386804657974971e-05  3.764779806800633e-05  2.647283010081051e-06  1.339989492283189e-11  3.018491282233733e-11  -8.316756156295809e-12
  7.200000000000005e-01  -1.773632226400100e-04  -2.895392624107583e-04  -9.327536185480321e-05  -5.772248537475348e-05  1.361370025979591e-05  -1.182178769151311e-05  1.129540792782068e-11  3.208873447430009e-11  -5.132211042645781e-12
  7.250000000000005e-01  -1.385934459553768e-04  -2.785073705112510e-04  -7.061869864214851e-05  -4.315666738319310e-05  -1.630160773748158e-05  -2.491245305368271e-05  7.698925329340658e-12  3.001847846750766e-11  -6.522789380635896e-13
  7.300000000000005e-01  -7.910428670070935e-05  -2.292606906988693e-04  -3.306781148971029e-05  -2.151880284880156e-05  -4.421527463307986e-05  -3.574500535576468e-05  2.516394422681002e-12  2.348946443837897e-11  4.345044817655618e-12
  7.350000000000005e-01  -1.603844248833241e-07  -1.494419523578296e-04  8.240822239557707e-06  7.043589780046272e-06  -7.077187508996213e-05  -4.609904130689890e-05  -3.846567619304029e-12  1.394772986290677e-11  9.325258738411831e-12
  7.400000000000005e-01  8.524340444092953e-05  -3.915418911936538e-05  5.478187139974638e-05  3.788841349476219e-05  -8.858639343476438e-05  -4.921416846916935e-05  -1.030594446179110e-11  1.117024311974147e-12  1.385275587038062e-11
  7.450000000000006e-01  1.668091227065725e-04  8.714591996381370e-05  9.902443122914276e-05  6.742863739520802e-05  -9.334854622370522e-05  -4.587885830660858e-05  -1.616530081485037e-11  -1.339790680920795e-11  1.688288071812385e-11
  7.500000000000006e-01  2.382486342409883e-04  2.129646530236531e-04  1.329361203586032e-04  9.268382269911106e-05  -8.676944395953344e-05  -3.669422354628662e-05  -2.099020124230355e-11  -2.776694993163469e-11  1.782319026356064e-11
  7.550000000000006e-01  2.900306473569246e-04  3.222452608161230e-04  1.515954300390424e-04  1.095719369092098e-04  -6.850648767529366e-05  -1.796844307718579e-05  -2.369991554787432e-11  -4.046547331915463e-11  1.631839670320351e-11
  7.600000000000006e-01  3.101735372487087e-04  4.056437602043173e-04  1.518350514186316e-04  1.153647345439224e-04  -3.924604812345831e-05  2.429223310138388e-06  -2.370297296147023e-11  -4.918190664142420e-11  1.258625471412147e-11
  7.650000000000006e-01  2.970438848914919e-04  4.472118157717016e-04  1.352910100655410e-04  1.072644526213574e-04  -2.445494884894326e-06  2.565548679778354e-05  -2.134264144935114e-11  -5.328249538698731e-11  6.539411802272208e-12
  7.700000000000006e-01  2.532904679321819e-04  4.432976728502510e-04  1.000347837231490e-04  8.754380954868835e-05  3.376255009652094e-05  4.726921545342385e-05  -1.611440957239292e-11  -5.094147179561430e-11  -6.652162590082964e-13
  7.750000000000006e-01  1.744486043153635e-04  3.940618597536338e-04  5.972213135853530e-05  5.243934622625915e-05  6.955239486298209e-05  6.832758167186235e-05  -8.341151456771516e-12  -4.370107807067550e-11  -7.986020076963396e-12
  7.800000000000006e-01  7.251413161788302e-05  2.983903607529696e-04  1.011382769063991e-05  9.919577446914530e-06  9.722184969242667e-05  7.907515279740771e-05  7.226053202797282e-13  -3.001507963749237e-11  -1.499166105431302e-11
  7.850000000000006e-01  -3.920919523102435e-05  1.679519055817482e-04  -3.898788824179835e-05  -3.593806773665103e-05  1.104038268922258e-04  7.985599132372812e-05  1.039304154207710e-11  -1.167285702389335e-11  -2.016768118125387e-11
  7.900000000000006e-01  -1.617484340009123e-04  1.744287375485469e-05  -7.863956662999887e-05  -8.409636725432313e-05  1.122033743774775e-04  6.827169881575857e-05  2.009931321678664e-11  8.738679069400060e-12  -2.250821943771541e-11
  7.950000000000006e-01  -2.714384027662043e-04  -1.434315055874461e-04  -1.121074941406476e-04  -1.236336010775073e-04  9.767777542277697e-05  4.753523224785411e-05  2.854835864071774e-11  3.032555931606496e-11  -2.199759911291736e-11
  8.000000000000006e-01  -3.614062272543976e-04  -3.006017320582780e-04  -1.315521806718884e-04  -1.537550517744157e-04  6.947409261394972e-05  1.934187187317717e-05  3.410770035241767e-11  4.926291093278452e-11  -1.855774235950504e-11
  8.050000000000006e-01  -4.205263065193070e-04  -4.324633040173911e-04  -1.404933142185465e-04  -1.672069016324110e-04  2.991594513373385e-05  -1.443098373952402e-05  3.718836706351436e-11  6.420322657102520e-11  -1.213657749931584e-11
  8.100000000000006e-01  -4.408686012559147e-04  -5.311976364074456e-04  -1.431948004766680e-04  -1.593215627976650e-04  -1.633468027617215e-05  -5.361591313956860e-05  3.606256961888004e-11  7.355180834408562e-11  -4.430772092094482e-12
  8.150000000000006e-01  -4.228097256594991e-04  -5.876255278813259e-04  -1.319697747127921e-04  -1.389641280347882e-04  -6.061486959393247e-05  -8.212350830416807e-05  3.071520259556272e-11  7.355972027795398e-11  4.261738201106364e-12
  8.200000000000006e-01  -3.532893859622069e-04  -5.869941001848226e-04  -1.142933751683230e-04  -9.837204556822717e-05  -1.023655182500841e-04  -1.032618399710279e-04  2.190551640844752e-11  6.582870933960112e-11  1.264106880139910e-11
  8.250000000000006e-01  -2.487056586511657e-04  -5.321826193388740e-04  -8.991781965442211e-05  -4.675484985212574e-05  -1.295016285466186e-04  -1.110984205760840e-04  9.704225301221848e-12  4.978872965868757e-11  1.919291513298978e-11
  8.300000000000006e-01  -9.955589493834034e-05  -4.240988381817135e-04  -6.352523461497605e-05  1.859359649856080e-05  -1.430145537903866e-04  -1.044424193523816e-04  -5.103942196448398e-12  2.870177457562076e-11  2.249848383661144e-11
  8.350000000000006e-01  6.765431883627600e-05  -2.700566807059127e-04  -2.466317397499686e-05  7.975450769437884e-05  -1.354685102747788e-04  -8.194549876389133e-05  -2.091589743325127e-11  1.950305184543079e-12  2.295435630734229e-11
  8.400000000000006e-01  2.393198864696519e-04  -7.850595276813459e-05  1.742167455211429e-05  1.370977459515789e-04  -1.062308064111632e-04  -4.773832711216338e-05  -3.493584408863652e-11  -2.516006152102008e-11  2.016954751925104e-11
  8.450000000000006e-01  4.002312404412928e-04  1.246943137865321e-04  6.712475790490160e-05  1.766636431311459e-04  -5.779873381332994e-05  1.312007439699429e-06  -4.698300794159425e-11  -5.073301265244526e-11  1.414441521197685e-11
  8.500000000000006e-01  5.212893674231778e-04  3.183580751005695e-04  1.146939404206841e-04  1.983483158544293e-04  6.278428435631044e-06  4.846292572894884e-05  -5.507129504458593e-11  -7.126442851345729e-11  5.711620565238537e-12
  8.550000000000006e-01  5.982404339739071e-04  4.915838777127167e-04  1.521282724914904e-04  2.042520425570241e-04  7.392085983217419e-05  8.855504137970936e-05  -5.577290817394153e-11  -8.185993517871263e-11  -3.437763520671231e-12
  8.600000000000007e-01  6.021514442103219e-04  6.099651313547031e-04  1.765862260858504e-04  1.831567668540237e-04  1.410236530394604e-04  1.188924187620211e-04  -5.114027668870891e-11  -8.341577614916952e-11  -1.260768342213121e-11
  8.650000000000007e-01  5.318695811678053e-04  6.675573999894644e-04  1.870615525031794e-04  1.333370368320780e-04  1.949844732287176e-04  1.378273053571572e-04  -3.933781599565144e-11  -7.602535637515094e-11  -1.866104820299933e-11
  8.700000000000007e-01  4.080119161392428e-04  6.576553316955165e-04  1.662605104400555e-04  8.018277352759595e-05  2.209189753423741e-04  1.275614924116965e-04  -2.193334095363651e-11  -5.660572451346501e-11  -2.284225616704307e-11
  8.750000000000007e-01  2.229244019746037e-04  5.826119361330475e-04  1.209084866426255e-04  1.503375565855854e-05  2.171558020697770e-04  9.731576917368113e-05  -7.598364549068941e-13  -3.011058525688028e-11  -2.307744273655484e-11
  8.800000000000007e-01  1.000791416812220e-05  4.515801124306216e-04  6.194662744850604e-05  -5.064614172223106e-05  1.796646776579219e-04  4.734868372141747e-05  2.182517046181693e-11  -9.150387468809368e-13  -1.856570882991523e-11
  8.850000000000007e-01  -1.971583803907352e-04  2.880941833592999e-04  -4.076176969640967e-06  -1.097818713414205e-04  1.080176761810817e-04  -1.152023678733035e-05  4.077808647852344e-11  2.712337768839930e-11  -1.202884065100867e-11
  8.900000000000007e-01  -3.730170323425076e-04  1.283566643566208e-04  -6.465949641921840e-05  -1.528960982029234e-04  9.503885909448650e-06  -7.144473292910727e-05  5.731460370045857e-11  5.127388097380496e-11  -2.480365799399724e-12
  8.950000000000007e-01  -4.987411640586220e-04  -2.104249776420031e-05  -9.662198365403580e-05  -1.839542970703010e-04  -9.785018373615222e-05  -1.164411101519768e-04  6.425549844017348e-11  6.319449712337100e-11  7.349218398398322e-12
  9.000000000000007e-01  -5.379846732661670e-04  -1.270242795883659e-04  -1.044934107673844e-04  -1.755880720822918e-04  -2.079926911384450e-04  -1.566002616797525e-04  6.501566443847857e-11  6.684106434266578e-11  1.517891467278949e-11
  9.050000000000007e-01  -5.007146378322941e-04  -1.780095793367478e-04  -6.733955567432326e-05  -1.589125601765243e-04  -2.952119095876796e-04  -1.535701407789585e-04  5.824627960611231e-11  5.603126891029600e-11  2.151188196022458e-11
  9.100000000000007e-01  -4.147376192266290e-04  -1.908121303312176e-04  2.327608997736554e-06  -1.310591680152099e-04  -3.437533355449367e-04  -1.168046993696388e-04  4.291445890585283e-11  3.289996306038183e-11  2.403674033428460e-11
  9.150000000000007e-01  -2.698611941035973e-04  -1.733502224888626e-04  9.026914236584486e-05  -8.584397166003138e-05  -3.469738952582682e-04  -5.396782462114991e-05  2.427023606405836e-11  3.029666840863811e-12  2.214512632531781e-11
  9.200000000000007e-01  -1.137723300087349e-04  -1.403649527865306e-04  1.649104804521494e-04  -3.595261855513030e-05  -3.026880673550521e-04  2.574572927500389e-05  4.065064031688923e-12  -2.840716604194912e-11  1.464698413092973e-11
  9.250000000000007e-01  3.446446042716363e-06  -1.451750105514419e-04  2.064478597182737e-04  6.079313135286812e-06  -2.080931665474507e-04  1.134601621852288e-04  -1.243118711919813e-11  -5.360933874599991e-11  6.951583001204009e-12
  9.300000000000007e-01  7.590267686093070e-05  -2.134876100621022e-04  1.945755218827042e-04  3.773672422106087e-05  -7.494251964313759e-05  1.882774247178313e-04  -2.674026277989100e-11  -7.037437795696489e-11  -2.451206993172323e-12
  9.350000000000007e-01  6.213990372495022e-05  -3.437388104173581e-04  1.014112008057975e-04  3.931167854209261e-05  7.602327121945893e-05  2.480698381772851e-04  -3.403370046340232e-11  -7.169661973139632e-11  -9.651899304750857e-12
  9.400000000000007e-01  6.392268537423664e-07  -5.548658565327033e-04  -7.298612087775310e-05  4.273474407127474e-05  2.179851382085488e-04  2.445280918344279e-04  -3.087369243505298e-11  -4.862332457037539e-11  -1.402832637739978e-11
  9.450000000000007e-01  -1.262808036064189e-04  -8.298066837198230e-04  -3.080532147314561e-04  2.142131956503268e-05  3.367965273995823e-04  1.926535460652829e-04  -2.696536647864837e-11  -1.035710930881479e-11  -1.478624198799590e-11
  9.500000000000007e-01  -2.470767431539362e-04  -1.108345068931170e-03  -5.757681740086983e-04  -4.584577331608907e-06  4.054155195338705e-04  8.733483412358393e-05  -1.635661286899370e-11  4.478154808563091e-11  -1.144547096007472e-11
  9.550000000000007e-01  -3.789955193425875e-04  -1.367278181466492e-03  -8.193256616390275e-04  -5.044826357775750e-05  4.223658113888964e-04  -3.496946634477711e-05  -9.784108054853458e-12  1.071939368017405e-10  -1.500230929516579e-12
  9.600000000000007e-01  -4.255595043701153e-04  -1.500566792538413e-03  -9.986845779332606e-04  -8.183678299965832e-05  3.705337507567000e-04  -1.944463341373503e-04  -5.456527869803186e-12  1.686712530311510e-10  7.138566335897385e-12
  9.650000000000007e-01  -3.493205130172926e-04  -1.462132198508880e-03  -1.044470463217399e-03  -9.445974470540048e-05  2.662900182568861e-04  -3.418977842988134e-04  -8.192040188521940e-12  2.132291635172897e-10  1.456407525619874e-11
  9.700000000000008e-01  -1.634314353424518e-04  -1.226456001248506e-03  -9.209771812717661e-04  -7.651907069686513e-05  1.244329930682969e-04  -4.564802421838301e-04  -1.809796275516954e-11  2.392819062340514e-10  1.957000693147591e-11
  9.750000000000008e-01  1.452460442409005e-04  -7.200916426280913e-04  -6.224614810584668e-04  -2.820627381031010e-05  -3.877535933995973e-05  -5.083322932033546e-04  -3.132154423622465e-11  2.309728280019741e-10  1.778760997060410e-11
  9.800000000000008e-01  5.224751634549593e-04  -8.769565968980717e-08  -1.447904756363156e-04  4.999402688389900e-05  -1.834140773287182e-04  -4.711633757870405e-04  -5.472687052812107e-11  1.777650456085589e-10  1.027908872277385e-11
  9.850000000000008e-01  9.459171255714257e-04  9.037946215569048e-04  4.594979350388540e-04  1.713097274077872e-04  -2.988908726496349e-04  -3.539898601436899e-04  -7.215177964088336e-11  9.132806261116061e-11  -3.606495195202931e-12
  9.900000000000008e-01  1.372040392779677e-03  1.912752360178061e-03  1.127728843499477e-03  3.255918559279012e-04  -3.513298100896109e-04  -1.882287086650772e-04  -8.346335126780899e-11  -3.278476401259055e-11  -2.500811803502254e-11
  9.950000000000008e-01  1.629536692571415e-03  2.883792281107266e-03  1.757186732519152e-03  4.693668569311282e-04  -3.387289355547511e-04  6.594933956499020e-05  -9.121762703238657e-11  -1.799622359480948e-10  -4.261274206022450e-11
  1.000000000000001e+00  1.749202453181581e-03  3.706067008063699e-03  2.262532627479315e-03  6.105872563498811e-04  -2.686365142296668e-04  3.378569871682327e-04  -8.218007645618053e-11  -3.312022626254209e-10  -5.740519079870315e-11
  1.005000000000001e+00  1.707091736035185e-03  4.303130645272063e-03  2.545214223911583e-03  7.128973929936579e-04  -1.355830835750483e-04  5.680718466059081e-04  -5.522145955891251e-11  -4.809028156874658e-10  -6.826016046152349e-11
  1.010000000000000e+00  1.402091464339535e-03  4.496542604919477e-03  2.533083567618969e-03  7.417289170494388e-04  1.754565588273310e-05  7.615173703995143e-04  -1.463989512834820e-11  -5.859430519953783e-10  -6.570607379413343e-11
  1.015000000000000e+00  9.296955185903009e-04  4.259248338442643e-03  2.217832766851191e-03  6.864586081901333e-04  1.786104385319504e-04  8.559454217644077e-04  3.482522374730330e-11  -6.465608929245794e-10  -5.186363950316088e-11
  1.020000000000000e+00  2.666111327874821e-04  3.557179570567242e-03  1.581343876678868e-03  5.121238983573452e-04  3.072052836054603e-04  8.565648291623047e-04  8.829285076897552e-11  -6.413801672367852e-10  -2.368532334150256e-11
  1.025000000000000e+00  -4.317417055214540e-04  2.426978235237730e-03  7.092262502053296e-04  2.450589720788674e-04  3.810717175116549e-04  7.199808839075723e-04  1.467653523735327e-10  -5.502445804995868e-10  8.468635336382568e-12
  1.030000000000000e+00  -1.183405271223126e-03  9.066328982381326e-04  -3.411592987966917e-04  -1.407537186172448e-04  3.982993776244526e-04  4.859637841265939e-04  1.899374798130234e-10  -3.877870987117395e-10  4.712531255830808e-11
  1.035000000000000e+00  -1.826400877181659e-03  -8.487306973899347e-04  -1.423551021956751e-03  -5.868585782277989e-04  3.366715154707764e-04  1.660927436445030e-04  2.220207029638912e-10  -1.537358256358635e-10  7.931450123039897e-11
  1.040000000000000e+00  -2.431177801803124e-03  -2.763283413120342e-03  -2.437696289307317e-03  -1.077346506260842e-03  1.829362055435178e-04  -1.585001655277264e-04  2.233858522790181e-10  1.392435579347837e-10  1.093969777336869e-10
  1.045000000000000e+00  -2.840736996823681e-03  -4.605165160107886e-03  -3.255737835652546e-03  -1.553909633548646e-03  2.245091528287837e-05  -4.952507871883993e-04  2.073658947400101e-10  4.547070800068107e-10  1.201860196688203e-10
  1.050000000000000e+00  -3.046063991931713e-03  -6.259701544029265e-03  -3.796238325437931e-03  -1.938013319948192e-03  -1.703897980443446e-04  -7.897055780526541e-04  1.699465584484577e-10  7.618126206158418e-10  1.124942601254084e-10
  1.054999999999999e+00  -3.064612880006111e-03  -7.550533871631928e-03  -3.983611689217409e-03  -2.174369412593474e-03  -3.638325620143211e-04  -9.812244981707227e-04  1.125741558330564e-10  1.040690894838939e-09  8.389887099743645e-11
  1.059999999999999e+00  -2.869828601323181e-03  -8.341904616306661e-03  -3.810879190840175e-03  -2.208200302800707e-03  -4.949293689145075e-04  -1.056581494642836e-03  4.542977529556348e-11  1.240103087756062e-09  3.817612042333464e-11
  1.064999999999999e+00  -2.555143169567656e-03  -8.602398635332534e-03  -3.353435342240079e-03  -2.015073344673421e-03  -5.763572620352022e-04  -1.010617644760153e-03  -2.976351800385817e-11  1.329939730403239e-09  -1.119229392577215e-11
  1.069999999999999e+00  -2.012963864530236e-03  -8.169474605318090e-03  -2.576871135328451e-03  -1.544782624258143e-03  -5.965240323867124e-04  -8.434654011135326e-04  -1.002188672197221e-10  1.300961876526992e-09  -6.841931681055638e-11
  1.074999999999999e+00  -1.271157429204675e-03  -7.055220933891781e-03  -1.611087681316579e-03  -8.357967895640367e-04  -5.076337730548607e-04  -6.160801440266925e-04  -1.517797750211951e-10  1.132739998369473e-09  -1.246695854651115e-10
  1.079999999999999e+00  -5.137680866672517e-04  -5.362225597684771e-03  -5.913015085968501e-04  4.367972358838027e-05  -4.020286125297357e-04  -3.050207325438374e-04  -2.000844076155559e-10  8.337844817298287e-10  -1.463941704709174e-10
  1.084999999999999e+00  4.699577245712129e-04  -3.040894667898641e-03  4.990105738435686e-04  1.067302774041037e-03  -2.937739974072008e-04  -1.189376307732606e-06  -2.298161166503117e-10  4.238212535613450e-10  -1.488438833922368e-10
  1.089999999999999e+00  1.527025819822615e-03  -2.457529452047219e-04  1.530462278263138e-03  2.087476976205136e-03  -1.671251989812048e-04  2.823525935239182e-04  -2.437935387788483e-10  -6.460552115262651e-11  -1.163275135375178e-10
  1.094999999999999e+00  2.731084779603572e-03  2.845334528004723e-03  2.487724035093941e-03  3.028377444552969e-03  -3.412489742596775e-05  4.747532933329177e-04  -2.376926961234932e-10  -5.955420852012622e-10  -5.690630343023051e-11
  1.099999999999999e+00  3.904242335572112e-03  6.084870123288454e-03  3.308391747978538e-03  3.742616573465822e-03  -7.151297649851381e-06  5.812836561509782e-04  -2.256029556732060e-10  -1.109430091558809e-09  3.095618941150720e-11
  1.104999999999998e+00  5.079867434186764e-03  9.304971058847426e-03  4.074289079848368e-03  4.158290549289307e-03  4.177513011355352e-06  6.199170163963890e-04  -2.094759903047909e-10  -1.554726314249261e-09  1.241064221840937e-10
  1.109999999999998e+00  5.990748068388356e-03  1.209952637869408e-02  4.643280570288703e-03  4.174924939479018e-03  -4.466348739828753e-05  5.719203941310258e-04  -1.879960970780203e-10  -1.889352375643716e-09  2.299182564923033e-10
  1.114999999999998e+00  6.542580677210597e-03  1.430225874724579e-02  5.028225952648591e-03  3.750978034050014e-03  -8.239077153439181e-05  4.677720780269008e-04  -1.577816660445259e-10  -2.068678822265190e-09  3.064154119289277e-10
  1.119999999999998e+00  6.782724810818300e-03  1.573290293347454e-02  5.354024267818196e-03  2.965750445638923e-03  -7.628149094733897e-05  3.721712391760958e-04  -1.297416605157897e-10  -2.065127579747912e-09  3.285106692466049e-10
  1.124999999999998e+00  6.289366783535159e-03  1.595596499980394e-02  5.320692542337689e-03  1.795081285052752e-03  2.438535498256337e-05  2.963630734213761e-04  -8.610817131577184e-11  -1.874489573015526e-09  3.095862880896189e-10
  1.129999999999998e+00  5.088118006702940e-03  1.503114502977498e-02  4.997400979444468e-03  3.666246587367065e-04  1.623899138165802e-04  2.986769805318437e-04  -4.731044343473177e-11  -1.513592177465414e-09  2.431093420034532e-10
  1.134999999999998e+00  3.391176835691245e-03  1.271012351714208e-02  4.379204735144253e-03  -1.113936155809804e-03  4.799920403082243e-04  3.560735436170889e-04  1.221244770944262e-11  -9.920403472938140e-10  9.374062690602654e-11
  1.139999999999998e+00  1.044895258184633e-03  9.032992886061216e-03  3.292316641270164e-03  -2.560935588808429e-03  9.555195723394197e-04  4.948825025790310e-04  8.373212490808015e-11  -3.693192910725464e-10  -9.307188445417182e-11
  1.144999999999998e+00  -1.816818449406123e-03  4.296486355164988e-03  1.748276729749761e-03  -3.838950678085205e-03  1.482006155826346e-03  6.898567541154461e-04  1.498179746267075e-10  2.951955079843541e-10  -3.060448942713406e-10
  1.149999999999997e+00  -4.721262542665377e-03  -1.459269631218705e-03  -2.280285345573331e-04  -4.734890459881215e-03  2.050595886625815e-03  8.326885634968994e-04  2.458734641382969e-10  9.622645752123267e-10  -5.181306640773314e-10
  1.154999999999997e+00  -7.370565254611394e-03  -7.557009217092333e-03  -2.421023392206736e-03  -5.170050927480485e-03  2.579057205293212e-03  9.450158689834044e-04  3.194960165173974e-10  1.549510588857645e-09  -6.979537229507608e-10
  1.159999999999997e+00  -9.693510792926418e-03  -1.367359378539190e-02  -4.937035165206062e-03  -5.168855175509744e-03  2.924500560636725e-03  8.815978321294167e-04  4.051352179959468e-10  2.010076494437673e-09  -7.990378541969491e-10
  1.164999999999997e+00  -1.104138283014218e-02  -1.914067429419457e-02  -7.251276575004358e-03  -4.625835444890683e-03  3.062272143327953e-03  7.093541906563703e-04  4.294221907040825e-10  2.312098028855079e-09  -8.398986553921833e-10
  1.169999999999997e+00  -1.121761552270898e-02  -2.319384730263309e-02  -9.186498079695984e-03  -3.659531756184371e-03  2.772554993666227e-03  3.138535226948029e-04  4.251100364479469e-10  2.409753727123006e-09  -7.578771546368959e-10
  1.174999999999997e+00  -1.043263049376926e-02  -2.554345605508732e-02  -1.073090903725408e-02  -2.444651165356116e-03  2.106184079171381e-03  -3.164715263924731e-04  3.999118147790948e-10  2.286812595227290e-09  -5.513190400422522e-10
  1.179999999999997e+00  -8.272533724439852e-03  -2.557153682089336e-02  -1.128501053314215e-02  -1.013057953036839e-03  9.656403103268910e-04  -1.052517615097697e-03  3.065113660650740e-10  1.982659835563205e-09  -2.658819374253247e-10
  1.184999999999997e+00  -4.752439175744327e-03  -2.345220518134443e-02  -1.075156696755990e-02  5.488117007947316e-04  -5.259956829575765e-04  -1.838191108429546e-03  1.975769956978235e-10  1.548155348543134e-09  6.592147153503784e-11
  1.189999999999997e+00  -9.837850399963541e-04  -1.866550713184181e-02  -9.274535861549096e-03  1.852048193635667e-03  -2.264786593183956e-03  -2.572025036711478e-03  3.192573599781778e-11  9.258250995980774e-10  4.525112338894208e-10
  1.194999999999997e+00  3.066243223565545e-03  -1.179522836618913e-02  -6.740236049817305e-03  2.924733064174055e-03  -4.163724416116447e-03  -3.111994998286254e-03  -1.272775183293787e-10  2.632667565775114e-10  8.078840818764830e-10
  1.199999999999996e+00  7.307033454296426e-03  -3.308899647982895e-03  -3.173706228901332e-03  3.750047458181511e-03  -5.982287144434254e-03  -3.417992993558378e-03  -2.221384286548321e-10  -4.092943523680985e-10  1.094933794872411e-09
  1.204999999999996e+00  1.018281150160336e-02  6.038931686115035e-03  8.774634034933232e-04  4.099217032665956e-03  -7.422002107060430e-03  -3.172024431171127e-03  -3.863486563909373e-10  -1.066541659935198e-09  1.275198899130857e-09
  1.209999999999996e+00  1.161774449081576e-02  1.504200150377030e-02  4.920411075331758e-03  4.061587967849268e-03  -8.295486210187398e-03  -2.514803585506101e-03  -4.323251063145142e-10  -1.595520972979290e-09  1.321444836976672e-09
  1.214999999999996e+00  1.165424012847454e-02  2.288549377856755e-02  8.857941253237366e-03  3.738985636708421e-03  -8.475105413157836e-03  -1.298694053478488e-03  -4.723377979290750e-10  -1.954322019256472e-09  1.212455352326501e-09
  1.219999999999996e+00  9.458234474164388e-03  2.883452966936602e-02  1.173337152693458e-02  2.980632165046904e-03  -7.752662698640987e-03  1.057075794735083e-05  -3.174603116355446e-10  -2.180269146449267e-09  9.973844947020721e-10
  1.224999999999996e+00  5.495731725801746e-03  3.117055875799821e-02  1.330550523324240e-02  2.113162500716301e-03  -6.067945694823345e-03  1.724019358876193e-03  -1.440867742596338e-10  -2.141659884532742e-09  6.603137142690271e-10
  1.229999999999996e+00  5.285647805114927e-04  2.980213959236086e-02  1.348712310944916e-02  1.169389227597778e-03  -3.701840813248224e-03  3.511967885421489e-03  7.762255962308770e-11  -1.805074189665264e-09  2.520478399610303e-10
  1.234999999999996e+00  -6.404052295061234e-03  2.488694066904519e-02  1.149881929178855e-02  -3.460596067055607e-05  -5.432474751838424e-04  4.915373005893939e-03  3.219403675384495e-10  -1.362385838239969e-09  -1.319071482820317e-10
  1.239999999999996e+00  -1.242411489270406e-02  1.591893539064849e-02  8.203335301551947e-03  -1.028295516944360e-03  2.910986064060189e-03  5.974949893206318e-03  5.451034254048757e-10  -6.736891704648325e-10  -4.886353966153375e-10
  1.244999999999995e+00  -1.717323709366461e-02  4.072341731462722e-03  3.643267965463151e-03  -1.927916628529603e-03  6.226838364438298e-03  6.282840899593647e-03  8.058047745138842e-10  2.296586364403438e-10  -7.539177748863753e-10
  1.249999999999995e+00  -2.015555995365319e-02  -9.238274983974910e-03  -1.610920773265170e-03  -2.755667909675087e-03  9.170802990512759e-03  5.756174988787471e-03  8.856077092314049e-10  1.107627264951251e-09  -8.819748279524367e-10
  1.254999999999995e+00  -2.152641039892262e-02  -2.301621438017724e-02  -7.325068181609350e-03  -3.506488412633098e-03  1.133700627648030e-02  4.720165216437985e-03  6.748576526689790e-10  1.997541773324326e-09  -8.520083882339690e-10
  1.259999999999995e+00  -1.832352201902426e-02  -3.466461310495116e-02  -1.187081984636603e-02  -3.950891990655457e-03  1.236270376814675e-02  2.420610247095284e-03  5.735846723190364e-10  2.748346851895310e-09  -7.077742394662472e-10
  1.264999999999995e+00  -1.174706620105257e-02  -4.264354169758358e-02  -1.474542406632987e-02  -4.224258744624010e-03  1.197390345861552e-02  -3.854981213534213e-04  1.571883053085387e-10  3.225152949364269e-09  -4.594357224052361e-10
  1.269999999999995e+00  -2.369369642713496e-03  -4.532569994280139e-02  -1.557345772219169e-02  -4.159133057513888e-03  1.042278484430648e-02  -3.676645290372354e-03  -3.108604608933875e-10  3.293986191967550e-09  -1.640059388522510e-10
  1.274999999999995e+00  1.050201151640923e-02  -4.257424654527644e-02  -1.340980794581961e-02  -3.565044894279777e-03  7.402285540036050e-03  -6.242626024467965e-03  -1.094256535049419e-09  3.078585068110463e-09  1.283669490814451e-10
  1.279999999999995e+00  2.424978908356945e-02  -3.225166190703305e-02  -8.640758207781374e-03  -2.640500124737215e-03  3.505334823957426e-03  -8.901189887055157e-03  -1.788444073242841e-09  2.302737412297285e-09  3.344281675373623e-10
  1.284999999999995e+00  3.724065205098295e-02  -1.521355444486335e-02  -1.465563517120831e-03  -1.105574498656773e-03  -5.821484242904217e-04  -1.072484812778769e-02  -2.485720764692786e-09  8.892315184767010e-10  4.008105157862732e-10
  1.289999999999994e+00  5.084626949160554e-02  6.567814946659964e-03  8.213637672085881e-03  1.123935400310258e-03  -4.897113649501338e-03  -1.124805211117530e-02  -2.919194154746465e-09  -7.870791372208305e-10  2.908738280838656e-10
  1.294999999999994e+00  5.877211848801398e-02  3.207170760755454e-02  1.788981918872220e-02  3.830890381066371e-03  -8.335613816749778e-03  -1.056504256503812e-02  -3.136542098146566e-09  -2.832146023870222e-09  3.278419842109257e-12
  1.299999999999994e+00  6.090794547585503e-02  5.826005621567050e-02  2.712571393853124e-02  6.914121660571915e-03  -1.042612813828678e-02  -8.191857663289949e-03  -3.267196909054429e-09  -5.186414992600921e-09  -4.621882835704417e-10
  1.304999999999994e+00  5.716920973881157e-02  8.175645374074096e-02  3.435571293305564e-02  1.031348769139969e-02  -1.088806530218189e-02  -4.503039661491256e-03  -2.821016434319974e-09  -7.323162155822043e-09  -1.043755817984266e-09
  1.309999999999994e+00  4.832316078123339e-02  1.005429247848295e-01  3.918015902371612e-02  1.369464187496978e-02  -9.447348249857480e-03  -6.653445708380045e-04  -1.690960740943191e-09  -9.264767212100887e-09  -1.742275234839337e-09
  1.314999999999994e+00  3.031162268724476e-02  1.096332540292519e-01  3.896269014095387e-02  1.625920939408227e-02  -6.242400081265810e-03  4.967854160221670e-03  -7.447237731610142e-10  -1.055981173484294e-08  -2.359776256347501e-09
  1.319999999999994e+00  7.045910428185507e-03  1.081120231302032e-01  3.396500071179655e-02  1.803778246426000e-02  -1.240769530584389e-03  1.053399516609219e-02  7.573345882197834e-10  -1.098439996856677e-08  -2.861934319689018e-09
  1.324999999999994e+00  -1.980030377178996e-02  9.372430558338310e-02  2.400661210857577e-02  1.800516250175930e-02  4.490746864337775e-03  1.579984080148237e-02  2.289871437210792e-09  -1.025090099720153e-08  -3.139914593759699e-09
  1.329999999999994e+00  -5.036709681856812e-02  6.835531549020160e-02  9.130622629456296e-03  1.628358087809324e-02  1.096739969456739e-02  1.890892690452649e-02  4.104822809084479e-09  -8.486504062970786e-09  -3.210692288200604e-09
  1.334999999999994e+00  -7.856136338061234e-02  3.085162562884904e-02  -8.719591508899994e-03  1.213908613567851e-02  1.674349627445553e-02  2.143418845299732e-02  5.581664096311682e-09  -5.447267571736047e-09  -2.894665278463899e-09
  1.339999999999993e+00  -1.018320487518026e-01  -1.610588213556246e-02  -2.871367204455533e-02  5.372057620361189e-03  2.065843365246596e-02  2.175604937116279e-02  6.885797078468416e-09  -9.964981388311113e-10  -2.176034295304384e-09
  1.344999999999993e+00  -1.227101287978180e-01  -6.738370425106910e-02  -4.952959059365186e-02  -3.535267003322748e-03  2.265995176092253e-02  2.004320026297083e-02  7.363631309689689e-09  4.196608741187088e-09  -1.158962659631962e-09
  1.349999999999993e+00  -1.308041138632832e-01  -1.195746035912436e-01  -6.692956966210979e-02  -1.461222273373554e-02  2.138541959933225e-02  1.603957681254545e-02  7.347875602801132e-09  9.900727707605360e-09  1.586046902000911e-10
  1.354999999999993e+00  -1.268788415782864e-01  -1.672331977306853e-01  -8.043080904015740e-02  -2.652534368952989e-02  1.658050086222618e-02  9.378076916651535e-03  7.114513317187340e-09  1.602884583639320e-08  1.761815966061083e-09
  1.359999999999993e+00  -1.125811353959664e-01  -2.052129115972701e-01  -8.764353236045615e-02  -3.878050775952044e-02  8.387322441700958e-03  1.133213760681726e-03  5.787579290218126e-09  2.145027860186937e-08  3.420721611812682e-09
  1.364999999999993e+00  -8.980857324889391e-02  -2.303790476307604e-01  -8.871780450130304e-02  -5.041605774526312e-02  -2.789755316025939e-03  -6.564328105919420e-03  3.415536480166260e-09  2.601141253490744e-08  5.209268176670409e-09
  1.369999999999993e+00  -5.326392374968372e-02  -2.358236441847150e-01  -8.069003361315627e-02  -5.846452872712190e-02  -1.607267056025723e-02  -1.671379157371761e-02  1.460341304582095e-09  2.900850490493333e-08  6.797728051306607e-09
  1.374999999999993e+00  -1.076532134868381e-02  -2.223430828563171e-01  -6.512335104047190e-02  -6.318515655238852e-02  -3.064541571837612e-02  -2.615120577872766e-02  -1.277582119856142e-09  2.983309083887213e-08  8.114962938660193e-09
  1.379999999999993e+00  3.710512634126177e-02  -1.893767100398481e-01  -4.246175066968361e-02  -6.336777942141110e-02  -4.489180724943755e-02  -3.280753276573862e-02  -4.207503622262774e-09  2.821644058177220e-08  9.196662617790398e-09
  1.384999999999992e+00  8.432816278978568e-02  -1.346676024037867e-01  -1.383884889183288e-02  -5.624854131839989e-02  -5.669102453288959e-02  -3.902795170994289e-02  -6.610456757651910e-09  2.376318433981438e-08  9.587989372128729e-09
  1.389999999999992e+00  1.273614655805383e-01  -6.525494222327760e-02  1.727351213654885e-02  -4.312294408248036e-02  -6.531310040998821e-02  -4.220986793230202e-02  -8.762047997882609e-09  1.691791074864205e-08  9.482372241835548e-09
  1.394999999999992e+00  1.610421542811342e-01  1.670579131715013e-02  4.997628259356655e-02  -2.353598541628393e-02  -6.856252093269233e-02  -4.140137515787059e-02  -1.060955278315732e-08  7.251181614967860e-09  8.600831553443042e-09
  1.399999999999992e+00  1.906003342466484e-01  1.030099546200100e-01  8.169375873893173e-02  1.183945610119586e-03  -6.644617578398213e-02  -3.783526599245727e-02  -1.104675284597503e-08  -4.039681329592174e-09  7.164199847802379e-09
  1.404999999999992e+00  2.010363432815166e-01  1.885167128208041e-01  1.073770070785347e-01  3.050810958268168e-02  -5.736555492465555e-02  -3.003669052082488e-02  -1.084100838319107e-08  -1.621889447563418e-08  5.073127645249763e-09
  1.409999999999992e+00  1.937924401711467e-01  2.650721275384561e-01  1.269856908607275e-01  6.079483800184018e-02  -4.149971449719067e-02  -1.801619967600715e-02  -1.055124305308220e-08  -2.925798273354273e-08  2.193303108836725e-09
  1.414999999999992e+00  1.735857980803134e-01  3.267274176969491e-01  1.374236154874480e-01  9.096406108761884e-02  -1.971399352386902e-02  -3.531044002831548e-03  -8.668402873722808e-09  -4.093154899227432e-08  -1.018344799073872e-09
  1.419999999999992e+00  1.433877916858635e-01  3.690033662700016e-01  1.396369874507122e-01  1.193464463706275e-01  6.327825190429329e-03  1.030465564494810e-02  -5.565076899355407e-09  -5.081165764355196e-08  -4.773209575107445e-09
  1.424999999999992e+00  9.417054861111948e-02  3.827109910938403e-01  1.300467206306113e-01  1.385081798741488e-01  3.557461299404643e-02  2.759229558104748e-02  -3.318518880499542e-09  -5.812349256591637e-08  -8.626705560255605e-09
  1.429999999999992e+00  3.914020032568748e-02  3.706603390429334e-01  1.110719211971320e-01  1.499495516841112e-01  6.559901369608352e-02  4.386121512553322e-02  2.227831469822144e-12  -6.137844303803967e-08  -1.234212034226083e-08
  1.434999999999991e+00  -2.188813783744120e-02  3.315555038197893e-01  8.328943628181043e-02  1.519300866317080e-01  9.356642420038272e-02  5.636513513941747e-02  3.300831007641359e-09  -6.007173208772494e-08  -1.590653710466157e-08
  1.439999999999991e+00  -8.162589885354575e-02  2.629997064864592e-01  4.780158445361850e-02  1.385162576504304e-01  1.168363940075198e-01  6.703880042857192e-02  5.904588889470250e-09  -5.399983687582396e-08  -1.859214773371318e-08
  1.444999999999991e+00  -1.353946904839098e-01  1.746096036722318e-01  9.258957165023216e-03  1.130873369761278e-01  1.333833199920059e-01  7.302834126503470e-02  8.168335574870339e-09  -4.350163088004567e-08  -2.054880457638908e-08
  1.449999999999991e+00  -1.761676550165513e-01  6.928045756947147e-02  -3.184093728311561e-02  7.553238282814698e-02  1.405975049222928e-01  7.255040590166281e-02  1.016947005732437e-08  -2.791955196263781e-08  -2.116735735752235e-08
  1.454999999999991e+00  -2.140585286154003e-01  -4.364338312071910e-02  -7.220102746782749e-02  2.768019464993315e-02  1.384654287550130e-01  6.815182954987538e-02  1.025959586429536e-08  -9.172626198892267e-09  -2.068809162536243e-08
  1.459999999999991e+00  -2.281596643195569e-01  -1.575222254730416e-01  -1.061518607334513e-01  -2.843400458567445e-02  1.246122394007571e-01  5.647323635466336e-02  9.739708581687202e-09  1.152633915688589e-08  -1.887339705231886e-08
  1.464999999999991e+00  -2.194543519393125e-01  -2.614336659498573e-01  -1.334136852841999e-01  -8.603918236736578e-02  1.000194254816605e-01  3.861857083651831e-02  9.596227883226324e-09  3.437023639582693e-08  -1.533542324670846e-08
  1.469999999999991e+00  -2.064557538955119e-01  -3.517023509494244e-01  -1.524121605471301e-01  -1.466749456917438e-01  6.728899561630708e-02  1.984988459541038e-02  6.806085399902948e-09  5.561547212000113e-08  -1.059578012953505e-08
  1.474999999999991e+00  -1.702124292241425e-01  -4.194623376288084e-01  -1.592767282670060e-01  -1.998046720419141e-01  2.606147658557783e-02  -4.875120994443145e-03  4.128670319173452e-09  7.446878901773737e-08  -4.887103779202362e-09
  1.479999999999990e+00  -1.176189806260563e-01  -4.557291969316773e-01  -1.541352814577388e-01  -2.390873594749552e-01  -1.931801034758263e-02  -3.043860247548234e-02  2.491209368186782e-09  9.022267278497114e-08  1.842025812446302e-09
  1.484999999999990e+00  -6.321390411180849e-02  -4.654831458587340e-01  -1.392269798791790e-01  -2.657499796352930e-01  -6.562815406786926e-02  -5.485836460440738e-02  -3.600224269740042e-10  9.997308779137328e-08  8.895634056396845e-09
  1.489999999999990e+00  -5.664525077145571e-03  -4.454183031187205e-01  -1.148362110909784e-01  -2.772116166187947e-01  -1.087702338519778e-01  -7.500143594042478e-02  -2.684143798291674e-09  1.027720760926010e-07  1.610633847076443e-08
  1.494999999999990e+00  4.888875731631419e-02  -3.937007550898877e-01  -8.220810845263410e-02  -2.626399608779075e-01  -1.460687586978872e-01  -9.088518742036310e-02  -3.860013095218931e-09  9.862288442257134e-08  2.263571333991903e-08
  1.499999999999990e+00  9.452732511414955e-02  -3.204395493870890e-01  -4.692616962886361e-02  -2.279933916303341e-01  -1.737337376848345e-01  -1.006052070551229e-01  -4.472217077904264e-09  8.735320946872632e-08  2.838090657267351e-08
  1.504999999999990e+00  1.345917666696008e-01  -2.280037955755558e-01  -9.068547621447466e-03  -1.731801368056105e-01  -1.901079946937853e-01  -1.037329411805852e-01  -3.507291226521708e-09  6.854009825393485e-08  3.273405519894719e-08
  1.509999999999990e+00  1.467100590226290e-01  -1.264264123937947e-01  2.530266763653496e-02  -1.014884540085833e-01  -1.925717781506868e-01  -9.725934835529644e-02  -3.086800562018216e-09  4.267161152221055e-08  3.503693904149128e-08
  1.514999999999990e+00  1.502471108638891e-01  -1.950864302451748e-02  5.400834198450829e-02  -1.570901281764204e-02  -1.809493473764273e-01  -8.355920299713650e-02  -7.188258805499973e-10  1.337000102551625e-08  3.569796975559504e-08
  1.519999999999990e+00  1.541768249985003e-01  8.633036859981068e-02  7.862041941353269e-02  8.140144622947101e-02  -1.582484188258071e-01  -6.609409165768931e-02  3.301898080887058e-09  -1.888408631234770e-08  3.409864210179645e-08
  1.524999999999989e+00  1.217095603666458e-01  1.756518823234803e-01  9.016632273674582e-02  1.709444799046706e-01  -1.232504328961476e-01  -4.094246348614658e-02  4.492026019770420e-09  -5.321974286616512e-08  3.007270003811562e-08
  1.529999999999989e+00  9.358238796370605e-02  2.564161572904802e-01  9.475979981679671e-02  2.568169380422705e-01  -7.981312984749020e-02  -1.238712604582925e-02  7.361856986797924e-09  -8.416828787014982e-08  2.437327373544714e-08
  1.534999999999989e+00  5.571227054082269e-02  3.147914888329475e-01  8.954766045470908e-02  3.234451072445033e-01  -3.199891353755584e-02  1.576317419122603e-02  7.887227040832847e-09  -1.122021637797450e-07  1.658176242174641e-08
  1.539999999999989e+00  3.367341221985808e-02  3.589261399819668e-01  8.064905908265074e-02  3.791660614711184e-01  1.493683250417340e-02  4.299786649909740e-02  9.120637274410843e-09  -1.317738775960904e-07  7.619004890433317e-09
  1.544999999999989e+00  1.101989917143492e-02  3.859501037097399e-01  6.760473405060954e-02  4.011795867414212e-01  6.027663910592118e-02  6.802164080542562e-02  8.430799671106004e-09  -1.441107906307027e-07  -2.390199508540145e-09
  1.549999999999989e+00  3.457601868357696e-05  3.947761012899044e-01  5.290344417896370e-02  3.914140693918529e-01  9.950482567467486e-02  8.629098861647226e-02  5.669766714032769e-09  -1.468084604818714e-07  -1.286712889222350e-08
  1.554999999999989e+00  -4.140946188559827e-03  3.913571983400883e-01  4.070342349681812e-02  3.564708038286692e-01  1.285151441058773e-01  1.015282913629956e-01  1.334167435475870e-09  -1.383437448388803e-07  -2.316119177720253e-08
  1.559999999999989e+00  3.699474271566569e-03  3.774843337686934e-01  3.317551996214937e-02  2.863259873274385e-01  1.469565240815806e-01  1.080689615618580e-01  -4.155648003520444e-09  -1.213568661328808e-07  -3.285534400358022e-08
  1.564999999999989e+00  3.438247976260089e-02  3.601060821002661e-01  3.417599646560701e-02  1.948205604322297e-01  1.550262902831117e-01  1.072673226295077e-01  -9.243959179040532e-09  -9.346767252681729e-08  -4.089358421803925e-08
  1.569999999999989e+00  5.790764771596089e-02  3.319378582714586e-01  3.953436406642699e-02  8.300723468187098e-02  1.507702593802367e-01  1.002454472379978e-01  -1.565457017072976e-08  -5.960038610710314e-08  -4.725898033936605e-08
  1.574999999999988e+00  6.283959000638011e-02  2.962882967863582e-01  4.664856669648544e-02  -4.584964515044138e-02  1.394435768474952e-01  8.889727195563288e-02  -2.283059272182044e-08  -2.059512668092911e-08  -5.133752590787655e-08
  1.579999999999988e+00  9.616879436432955e-02  2.625976322026722e-01  6.465111336670462e-02  -1.633974795343895e-01  1.201440719101359e-01  7.271091626470330e-02  -2.529466024217816e-08  2.347201547032485e-08  -5.189256375840826e-08
  1.584999999999988e+00  9.743062195244268e-02  2.085336118522924e-01  7.669504072665620e-02  -2.777018700189496e-01  9.545317519886382e-02  5.158369997445326e-02  -2.812068222795364e-08  6.506339513108431e-08  -4.958270195662712e-08
  1.589999999999988e+00  9.499573733797999e-02  1.475747892969382e-01  8.812106260109757e-02  -3.671799074898721e-01  6.915682725596499e-02  3.097905656862359e-02  -2.637665897026847e-08  1.056367004858582e-07  -4.336382242725488e-08
  1.594999999999988e+00  4.441788042471255e-02  6.315850707019474e-02  8.303476411708560e-02  -4.470262020901248e-01  4.659293100605337e-02  4.386176983992882e-03  -2.411626694562389e-08  1.368656151329027e-07  -3.445874809171193e-08
  1.599999999999988e+00  -1.024239723434731e-02  -4.408539691854563e-02  6.882095264815820e-02  -4.836050791281323e-01  2.422320518917520e-02  -2.099811299556105e-02  -1.850271101733710e-08  1.617380240538044e-07  -2.194962526531221e-08
  1.604999999999988e+00  -8.272324904455666e-02  -1.710342421551029e-01  4.030851622450969e-02  -4.821698617637587e-01  4.290409495023869e-03  -4.372536821965072e-02  -9.086497486458105e-09  1.773232408256005e-07  -6.541774475513489e-09
  1.609999999999988e+00  -1.722398732082340e-01  -3.198971730119390e-01  -6.482617820982611e-03  -4.542038948321311e-01  -8.054869890725859e-03  -7.080449787021349e-02  1.497254453266324e-09  1.801753198848451e-07  1.051461386034821e-08
  1.614999999999988e+00  -2.553990955735366e-01  -4.819195918176523e-01  -6.293278776088279e-02  -3.837726402285854e-01  -1.807215502873039e-02  -9.265824233552061e-02  1.339268568758815e-08  1.741375867105563e-07  2.863392078554678e-08
  1.619999999999987e+00  -3.521770811658581e-01  -6.565796764503673e-01  -1.348174709164230e-01  -2.899861553612763e-01  -2.754989326241286e-02  -1.123316337266071e-01  2.471348894942009e-08  1.556691609298069e-07  4.608865663611137e-08
  1.624999999999987e+00  -4.146573341865648e-01  -8.155813750110574e-01  -2.045272613391640e-01  -1.727952013306823e-01  -3.261565871761110e-02  -1.286846914110179e-01  3.543328429372507e-08  1.293430637097607e-07  6.180940016759786e-08
  1.629999999999987e+00  -4.315498422826464e-01  -9.515021708203937e-01  -2.651192327544776e-01  -3.401159681448090e-02  -4.018197707840274e-02  -1.379306819717581e-01  4.486694961304669e-08  9.599880415287633e-08  7.500510043224981e-08
  1.634999999999987e+00  -4.539740163655513e-01  -1.056821560964734e+00  -3.237016512031833e-01  9.218532074488577e-02  -4.892922891838641e-02  -1.449156802865665e-01  4.765565938415323e-08  5.318244753987794e-08  8.218184186810028e-08
  1.639999999999987e+00  -4.042910622052389e-01  -1.087266717802947e+00  -3.500336638859888e-01  2.210038936895253e-01  -5.790736377609282e-02  -1.410278226333616e-01  4.837656415218211e-08  9.785482174562022e-09  8.388744075540497e-08
  1.644999999999987e+00  -2.800691356403860e-01  -1.040577723466885e+00  -3.367948982442810e-01  3.513726680215416e-01  -7.341435242401967e-02  -1.211285950383693e-01  4.502801385928515e-08  -3.299668229722368e-08  7.980501144059049e-08
  1.649999999999987e+00  -1.610099913000654e-01  -9.144217122509564e-01  -3.020604358937323e-01  4.366932327028996e-01  -8.506224734034187e-02  -1.009066630804299e-01  3.274542646094611e-08  -8.043207245584401e-08  6.677617275095186e-08
  1.654999999999987e+00  1.915284211708473e-02  -6.800340207674178e-01  -2.218254153881202e-01  5.061534210680914e-01  -9.710939032957483e-02  -6.508702024760206e-02  1.892668621036599e-08  -1.223462332159664e-07  4.746677789676730e-08
  1.659999999999987e+00  2.240021092830831e-01  -3.523901820419303e-01  -1.041174781038572e-01  5.434055116851549e-01  -1.034289256507954e-01  -2.176909866111033e-02  -1.059509889603357e-09  -1.615716133887271e-07  2.173492800245394e-08
  1.664999999999986e+00  4.692689642527865e-01  6.537338857081687e-02  5.287014810509644e-02  5.664391134823139e-01  -1.097761320716358e-01  3.904187164838841e-02  -2.044902815158451e-08  -1.916871244655948e-07  -7.895423955131451e-09
  1.669999999999986e+00  6.790155315337318e-01  5.422578237403515e-01  2.192103492385011e-01  5.477185631126793e-01  -1.051386920179950e-01  1.000337483551685e-01  -4.125891508881529e-08  -2.171826490062850e-07  -4.023575814975834e-08
  1.674999999999986e+00  8.873572356654302e-01  1.064549863199052e+00  4.013020616256957e-01  5.068693783296865e-01  -8.631807466511095e-02  1.637182408342803e-01  -6.133980384486761e-08  -2.328780251675073e-07  -7.211157873672722e-08
  1.679999999999986e+00  1.029474816628134e+00  1.572759018291151e+00  5.635522447293881e-01  4.387090669400311e-01  -6.075321979952661e-02  2.256032339534520e-01  -7.714220845062545e-08  -2.401811372541217e-07  -1.008972389259144e-07
  1.684999999999986e+00  1.095906749345323e+00  2.037153924257536e+00  6.933977806971102e-01  3.392814654974061e-01  -2.104376669544396e-02  2.721303057779529e-01  -8.796271833515224e-08  -2.382289583687007e-07  -1.253533126428244e-07
  1.689999999999986e+00  1.126461179409031e+00  2.425400860898466e+00  7.905935257575650e-01  2.365523474535107e-01  2.889095955579216e-02  3.127017869019377e-01  -8.997080835851474e-08  -2.201943030143444e-07  -1.393234431984215e-07
  1.694999999999986e+00  1.030313874114658e+00  2.659927277691505e+00  8.133203016731924e-01  1.052925866397147e-01  8.241851475427719e-02  3.302896547005225e-01  -8.547657783784157e-08  -1.934399251899195e-07  -1.434808531241390e-07
  1.699999999999986e+00  8.001750702842210e-01  2.719146396481358e+00  7.511502982798375e-01  -5.958697551785044e-02  1.435293762578928e-01  3.104651304058222e-01  -7.325230936190325e-08  -1.563701422230793e-07  -1.378666027153411e-07
  1.704999999999986e+00  5.549227569716864e-01  2.594991498190793e+00  6.333712796599952e-01  -2.060145974534619e-01  1.939109856705102e-01  2.819842617984759e-01  -4.782532735259007e-08  -9.919015275185776e-08  -1.173185239850835e-07
  1.709999999999986e+00  1.976570708932454e-01  2.238317144921728e+00  4.325523932891805e-01  -3.743866685841917e-01  2.353221556528058e-01  2.205460855669427e-01  -1.848095624047221e-08  -3.425190651010373e-08  -8.652880029620092e-08
  1.714999999999985e+00  -2.029028392373028e-01  1.669413908104586e+00  1.662088864079234e-01  -5.373941817867380e-01  2.557734806193528e-01  1.383131492472754e-01  2.082654663301930e-08  4.470890640279107e-08  -4.560664619767463e-08
  1.719999999999985e+00  -7.053791052339443e-01  8.921769857951727e-01  -1.638323597035781e-01  -7.215591980697640e-01  2.618331454313457e-01  2.055921527463297e-02  5.830240166621370e-08  1.265071819829587e-07  7.730236432046631e-10
  1.724999999999985e+00  -1.152670429010733e+00  -4.021244216947283e-02  -5.021634950920164e-01  -8.731747402833707e-01  2.377629644043822e-01  -9.967821775928382e-02  9.830659167321641e-08  2.151152025032951e-07  5.131513714085037e-08
  1.729999999999985e+00  -1.590255386214319e+00  -1.096860916167102e+00  -8.533173369191063e-01  -1.002032529799424e+00  1.795842568904489e-01  -2.235512185935976e-01  1.384989371586429e-07  3.033464383671760e-07  1.013495533581978e-07
  1.734999999999985e+00  -1.973022667563421e+00  -2.192052084134930e+00  -1.170944221034334e+00  -1.098306486652078e+00  9.929170338092147e-02  -3.432493242998071e-01  1.685611700020830e-07  3.843597019613588e-07  1.476358560914238e-07
  1.739999999999985e+00  -2.219201333619916e+00  -3.248354855819216e+00  -1.419669755008594e+00  -1.131557204270004e+00  -5.300463553316002e-03  -4.455358647265306e-01  1.921700708175921e-07  4.533687951887821e-07  1.848730334505851e-07
  1.744999999999985e+00  -2.394372341367571e+00  -4.220793614961214e+00  -1.606277149876164e+00  -1.115623357682450e+00  -1.309894919194849e-01  -5.250073645162986e-01  2.033078375383688e-07  4.990798865296629e-07  2.099407384004585e-07
  1.749999999999985e+00  -2.380885928980889e+00  -4.978674360339511e+00  -1.672319272028046e+00  -1.013166847266681e+00  -2.608706382635965e-01  -5.700716139816056e-01  2.007313725185810e-07  5.213040456273476e-07  2.217039757296032e-07
  1.754999999999985e+00  -2.158558184896215e+00  -5.467958563148596e+00  -1.609358958713416e+00  -8.116799878952330e-01  -3.949365181659553e-01  -5.588234407143760e-01  1.843635054279983e-07  5.141429236210916e-07  2.202827616307150e-07
  1.759999999999984e+00  -1.868029156954531e+00  -5.660602785323677e+00  -1.449383123016251e+00  -5.598094224048757e-01  -5.077707682786883e-01  -5.244512502952389e-01  1.477571205651783e-07  4.638197565765620e-07  2.008029271920059e-07
  1.764999999999984e+00  -1.366640210396772e+00  -5.459010177465596e+00  -1.156375672071621e+00  -2.112029459903720e-01  -5.948077595229304e-01  -4.446606525702059e-01  9.998335805577170e-08  3.816642885648203e-07  1.684364082276389e-07
  1.769999999999984e+00  -7.669282534938635e-01  -4.878420498666449e+00  -7.605974310282705e-01  1.863708225226090e-01  -6.394091138198416e-01  -3.324519985671315e-01  3.390119159681436e-08  2.579586415118982e-07  1.232829993858723e-07
  1.774999999999984e+00  7.251984892814567e-02  -3.892156067438201e+00  -2.537058028358379e-01  6.730244851130818e-01  -6.466718190657508e-01  -1.700927164710563e-01  -3.457840791832101e-08  1.099480482947180e-07  7.138275749687613e-08
  1.779999999999984e+00  8.999935227181006e-01  -2.552856821504396e+00  2.915768833042362e-01  1.149756635894726e+00  -5.952638437967819e-01  -5.574248532165385e-03  -1.124757037588468e-07  -6.531201464370720e-08  1.326713127233617e-08
  1.784999999999984e+00  1.755806367385309e+00  -9.027666794224487e-01  8.778841353924630e-01  1.605230285336471e+00  -4.813364078836017e-01  1.618223018517750e-01  -1.980492853231050e-07  -2.593905723092680e-07  -4.690306343125161e-08
  1.789999999999984e+00  2.660290450619457e+00  9.680493859281959e-01  1.462017997872621e+00  2.039799704715767e+00  -3.226235013719690e-01  3.345307604748963e-01  -2.725373846748767e-07  -4.506896399033478e-07  -1.036462830804821e-07
  1.794999999999984e+00  3.415978145173768e+00  2.954640651365823e+00  1.987269510136655e+00  2.357296939529015e+00  -1.144721722400029e-01  4.809813968028982e-01  -3.432003130642373e-07  -6.332930495732969e-07  -1.549782604036781e-07
  1.799999999999984e+00  4.095726514685570e+00  4.972731746799670e+00  2.464878338711087e+00  2.562869638847116e+00  1.346434655399111e-01  5.972853746845239e-01  -4.032842417883191e-07  -7.906242905657061e-07  -1.980943568867585e-07
  1.804999999999984e+00  4.566606002545278e+00  6.842261038285454e+00  2.815217538350114e+00  2.609303808665594e+00  3.982126455252378e-01  6.825631877480679e-01  -4.427225967984533e-07  -9.086794227642464e-07  -2.307864576808666e-07
  1.809999999999983e+00  4.780458458395232e+00  8.455229752583511e+00  3.028109371619842e+00  2.477761866917839e+00  6.701840700406679e-01  7.152811370890184e-01  -4.624406675348710e-07  -9.769448038016133e-07  -2.523574651029584e-07
  1.814999999999983e+00  4.841053392684525e+00  9.724353168136567e+00  3.121362021516110e+00  2.188393390878797e+00  9.220219439004620e-01  7.146612409757304e-01  -4.534169327715457e-07  -9.799516052553330e-07  -2.618558357186184e-07
  1.819999999999983e+00  4.547265673063393e+00  1.046062430334706e+01  3.021223573086761e+00  1.699334354096458e+00  1.134349706820358e+00  6.756145937086806e-01  -4.189030229078628e-07  -9.216585628908364e-07  -2.609911494935331e-07
  1.824999999999983e+00  4.045241389702982e+00  1.063589630312956e+01  2.766239420506466e+00  1.076171785778309e+00  1.288732713148817e+00  6.017752516910987e-01  -3.496555717586366e-07  -7.889209770840912e-07  -2.489351450809303e-07
  1.829999999999983e+00  3.052879721792714e+00  1.011649911868215e+01  2.289785388428593e+00  2.598019884904502e-01  1.378876056491704e+00  4.810130172880466e-01  -2.625070015641872e-07  -6.019428834203607e-07  -2.296076552154583e-07
  1.834999999999983e+00  1.885881136831302e+00  8.906025180207523e+00  1.664836721069905e+00  -6.163755147536680e-01  1.375157752428499e+00  3.553121590197117e-01  -1.436697270335766e-07  -3.578052869762037e-07  -2.023640327264898e-07
  1.839999999999983e+00  5.276862695897671e-01  7.021140469116934e+00  8.818036246157821e-01  -1.510562725310116e+00  1.273508873767876e+00  2.189636824136870e-01  8.715057739530679e-09  -6.157781609763054e-08  -1.665732442386957e-07
  1.844999999999983e+00  -1.199209704984340e+00  4.467810507762922e+00  -6.668282950121418e-02  -2.454483519534226e+00  1.086860226352658e+00  6.121466965454989e-02  1.650654174881688e-07  2.491357070450273e-07  -1.280416128464456e-07
  1.849999999999983e+00  -2.948929907958060e+00  1.371954842903932e+00  -1.096783627920041e+00  -3.278712009813998e+00  8.032873866601770e-01  -8.477559875013259e-02  3.413469238854659e-07  5.710894800191439e-07  -8.273271273386942e-08
  1.854999999999982e+00  -4.768238924848292e+00  -2.148583941492567e+00  -2.219564090676996e+00  -3.965353689521249e+00  4.363109408484890e-01  -2.227474552785709e-01  5.312477045685225e-07  8.862107645691906e-07  -3.015407267824883e-08
  1.859999999999982e+00  -6.565281846558615e+00  -5.900444225662838e+00  -3.345044471223860e+00  -4.474118782925411e+00  1.472102584084445e-02  -3.614637759119155e-01  7.081618364922063e-07  1.161045963736504e-06  2.607305535195930e-08
  1.864999999999982e+00  -8.223301767114190e+00  -9.688505217257223e+00  -4.437030527510813e+00  -4.767877517808482e+00  -4.450971840476087e-01  -4.870824491476246e-01  8.713101185392757e-07  1.379809083251649e-06  8.471791911940587e-08
  1.869999999999982e+00  -9.690931324978488e+00  -1.328521202828660e+01  -5.456168954273782e+00  -4.790538419402877e+00  -9.189775275986143e-01  -6.006034196719445e-01  1.010924976547288e-06  1.527647567878707e-06  1.509271763233822e-07
  1.874999999999982e+00  -1.071247755084455e+01  -1.637009073569524e+01  -6.256224873830105e+00  -4.508643258365395e+00  -1.366609341136234e+00  -7.107007881372133e-01  1.108208569276086e-06  1.588683449422876e-06  2.192634732091228e-07
  1.879999999999982e+00  -1.112125604090018e+01  -1.870269651185421e+01  -6.770429720405823e+00  -3.899498144590602e+00  -1.770750342487413e+00  -7.968122761144064e-01  1.162649799159198e-06  1.552082882962180e-06  2.868059973426278e-07
  1.884999999999982e+00  -1.112575260008724e+01  -2.008451793168529e+01  -6.995466807913212e+00  -3.043916910316393e+00  -2.092510574952123e+00  -8.748975041394200e-01  1.135429321176521e-06  1.399292954410787e-06  3.524307771944773e-07
  1.889999999999982e+00  -1.023367421769959e+01  -2.015540735369789e+01  -6.737878536769446e+00  -1.857220904494645e+00  -2.305253090568266e+00  -9.371079002101735e-01  1.036240690495814e-06  1.147690231545025e-06  4.125002394111345e-07
  1.894999999999982e+00  -8.607256945142186e+00  -1.881433422905118e+01  -5.990732717242656e+00  -4.363242785270994e-01  -2.396520616594787e+00  -9.709070249160658e-01  8.332903464330870e-07  7.746016908725148e-07  4.580418406502127e-07
  1.899999999999981e+00  -5.710837915082568e+00  -1.576983419932080e+01  -4.583389700222262e+00  1.340986616973890e+00  -2.359113909588114e+00  -9.656938667750996e-01  5.534451916442181e-07  3.178175598559334e-07  4.912303784751877e-07
  1.904999999999981e+00  -1.913971797078577e+00  -1.100158330713279e+01  -2.561282036000231e+00  3.304864860530629e+00  -2.171482685405278e+00  -9.265924784267718e-01  1.522539540290019e-07  -2.358319235688520e-07  5.017373233852816e-07
  1.909999999999981e+00  2.904790052671217e+00  -4.486891073046199e+00  1.472605006404486e-01  5.454551268288904e+00  -1.847030465571624e+00  -8.407269187327552e-01  -3.808380963978683e-07  -8.882074198327812e-07  4.815147628472483e-07
  1.914999999999981e+00  8.954533238604020e+00  3.820778657215445e+00  3.565224553042794e+00  7.853213652213745e+00  -1.401226346723233e+00  -6.957123332456456e-01  -1.014673500278268e-06  -1.599229741716672e-06  4.352902069377012e-07
  1.919999999999981e+00  1.620514747546683e+01  1.382740352563333e+01  7.700339915663300e+00  1.051699635338470e+01  -8.662066779658315e-01  -4.978033886869755e-01  -1.759854760564922e-06  -2.366844305796965e-06  3.619647228827744e-07
  1.924999999999981e+00  2.446677943246498e+01  2.530786017277025e+01  1.249680397540140e+01  1.335009786018555e+01  -2.406462262171286e-01  -2.475047386073491e-01  -2.637826606832175e-06  -3.203248717918953e-06  2.499733498320132e-07
  1.929999999999981e+00  3.374616532465470e+01  3.807367426695193e+01  1.786000144797627e+01  1.645965909233424e+01  4.186838644853281e-01  6.053143086130083e-02  -3.608194893179818e-06  -4.082010688892609e-06  1.131112726405514e-07
  1.934999999999981e+00  4.390218144020897e+01  5.187551862600755e+01  2.372795093721294e+01  1.987968544797123e+01  1.076845491126981e+00  4.016404432046878e-01  -4.683571227489357e-06  -5.006487944157816e-06  -4.366997255285212e-08
  1.939999999999981e+00  5.503558230845803e+01  6.643856702434930e+01  3.005995083118427e+01  2.369286857117091e+01  1.721737088633915e+00  7.640604297296814e-01  -5.838202819369508e-06  -5.980666826623727e-06  -2.197547321332158e-07
  1.944999999999981e+00  6.673743854727867e+01  8.137104673262175e+01  3.663084642586652e+01  2.793934517202686e+01  2.290444674824612e+00  1.134101042582408e+00  -7.064121135872468e-06  -7.020803743894013e-06  -4.002162991745306e-07
  1.949999999999980e+00  7.919603505248269e+01  9.649357326778565e+01  4.343518845939894e+01  3.278780620239747e+01  2.774020463679410e+00  1.476764163123710e+00  -8.338632195880072e-06  -8.117591490068063e-06  -5.721104609279985e-07
  1.954999999999980e+00  9.172832353631448e+01  1.113537210544202e+02  5.020232251910504e+01  3.818188946094775e+01  3.133149782683029e+00  1.781317809042810e+00  -9.685716655716411e-06  -9.323460459727685e-06  -7.279860850146522e-07
  1.959999999999980e+00  1.047498312826731e+02  1.258001267660768e+02  5.696075063125910e+01  4.439341313076727e+01  3.346703400863524e+00  2.004251615910159e+00  -1.105460732906756e-05  -1.064099228334371e-05  -8.536681013009413e-07
  1.964999999999980e+00  1.181899088077464e+02  1.397109132273730e+02  6.362485102729712e+01  5.155353479712138e+01  3.412367557268986e+00  2.133003904376571e+00  -1.242717821867028e-05  -1.207121329391021e-05  -9.318527088155100e-07
  1.969999999999980e+00  1.314039965141501e+02  1.527363690537854e+02  7.001031406962488e+01  5.955409313341305e+01  3.339001163444857e+00  2.153539813900714e+00  -1.385906652536921e-05  -1.369637646653101e-05  -9.666490954110665e-07
  1.974999999999980e+00  1.449597073704127e+02  1.649549776901239e+02  7.621689487328655e+01  6.874559862061899e+01  3.090872448323899e+00  2.029931848579710e+00  -1.529448165861216e-05  -1.550235455483910e-05  -9.418491344895047e-07
  1.979999999999980e+00  1.587211805907175e+02  1.763757861913186e+02  8.218094975231990e+01  7.919438485570703e+01  2.689104001730588e+00  1.783525922975389e+00  -1.672385464514049e-05  -1.750330462910036e-05  -8.497906852996919e-07
  1.984999999999980e+00  1.725143421081017e+02  1.869331491955664e+02  8.792865781255507e+01  9.087668436319008e+01  2.161382095352084e+00  1.397982090555650e+00  -1.820545598405368e-05  -1.976104075253012e-05  -7.046176331907420e-07
  1.989999999999980e+00  1.863908917898914e+02  1.967322248832805e+02  9.347953575287850e+01  1.038558044844893e+02  1.552127323438544e+00  9.038090899675310e-01  -1.972020122623419e-05  -2.228576183217454e-05  -5.076139660788438e-07
  1.994999999999979e+00  2.005869473612896e+02  2.060024958806522e+02  9.890192570517726e+01  1.183382186332832e+02  8.037212631279792e-01  3.228125064865142e-01  -2.125975203143283e-05  -2.506776354996520e-05  -2.591440164425563e-07
  1.999999999999979e+00  2.151333282756241e+02  2.148681032166640e+02  1.043265408740085e+02  1.342511075625858e+02  1.031418658651262e-02  -3.206374189864863e-01  -2.287209760151362e-05  -2.813597352243083e-05  1.569668552016080e-08
  2.004999999999979e+00  2.301377720725328e+02  2.235038473954698e+02  1.098052801981606e+02  1.516474440281122e+02  -8.132526541195124e-01  -9.885925855458310e-01  -2.454526239452414e-05  -3.149274527746735e-05  3.062961803331385e-07
  2.009999999999979e+00  2.454303708738687e+02  2.320400467506914e+02  1.153307553758201e+02  1.704815485685113e+02  -1.670022805213781e+00  -1.622990577396547e+00  -2.631800660913172e-05  -3.514564087905487e-05  5.921506681519450e-07
  2.014999999999979e+00  2.614691315480813e+02  2.407689741653807e+02  1.211052457910105e+02  1.908085041224441e+02  -2.478763746175642e+00  -2.182065861574371e+00  -2.818381854259365e-05  -3.905966826188298e-05  8.556175895069420e-07
  2.019999999999979e+00  2.784167011966399e+02  2.498174545857589e+02  1.271864838864126e+02  2.126869497301706e+02  -3.245483329863186e+00  -2.649421033840162e+00  -3.014113312567106e-05  -4.322996708881826e-05  1.080296182821973e-06
  2.024999999999979e+00  2.956673389039331e+02  2.591080484399066e+02  1.334505752806871e+02  2.358142756116011e+02  -3.921315645824000e+00  -2.962483757434647e+00  -3.226647088695186e-05  -4.767833179967640e-05  1.239323060918174e-06
  2.029999999999979e+00  3.138515328311720e+02  2.689162667565992e+02  1.400423308154077e+02  2.603719805261251e+02  -4.459310091977608e+00  -3.077396972914622e+00  -3.449286244848559e-05  -5.232344493144703e-05  1.330351603255715e-06
  2.034999999999979e+00  3.326968270735140e+02  2.791000296290081e+02  1.469119578901836e+02  2.861880935332320e+02  -4.838730054296231e+00  -3.025687931880761e+00  -3.688502793280072e-05  -5.719488946486693e-05  1.335075702247677e-06
  2.039999999999979e+00  3.526307767478317e+02  2.897838166918567e+02  1.540518452812499e+02  3.134822452835201e+02  -5.077652555579558e+00  -2.763698178953175e+00  -3.936795484062056e-05  -6.220081210671507e-05  1.262286625980809e-06
  2.044999999999979e+00  3.729874718969409e+02  3.006933735109104e+02  1.613101244149155e+02  3.418513659507479e+02  -5.076462233134764e+00  -2.304939288546988e+00  -4.199000377700422e-05  -6.736951624292280e-05  1.105935245370557e-06
  2.049999999999979e+00  3.940069034542834e+02  3.117297617842410e+02  1.687228058317829e+02  3.713629834661896e+02  -4.825518167243554e+00  -1.707655205405376e+00  -4.475849673267161e-05  -7.267256876124649e-05  8.694757356715051e-07
  2.054999999999978e+00  4.156115529509026e+02  3.227393135923305e+02  1.760872741076241e+02  4.021435425915372e+02  -4.400445263449058e+00  -9.715910149827501e-01  -4.760866806109811e-05  -7.804843966576905e-05  5.754219749806974e-07
  2.059999999999978e+00  4.374555503784559e+02  3.333975938001554e+02  1.833442910748145e+02  4.338935953314432e+02  -3.709608670720955e+00  -1.664911467795341e-01  -5.055467639312088e-05  -8.351981441478944e-05  2.410341907648005e-07
  2.064999999999978e+00  4.597731917929696e+02  3.435697412254570e+02  1.905082495590292e+02  4.667432455662952e+02  -2.762018716870582e+00  6.586040734252508e-01  -5.357793302171371e-05  -8.903948042753590e-05  -1.163658210935522e-07
  2.069999999999978e+00  4.820626977345447e+02  3.528596883234733e+02  1.973100582911152e+02  5.006385922066518e+02  -1.661406243449016e+00  1.443439362917817e+00  -5.665156237653637e-05  -9.461574238470867e-05  -4.670829794276631e-07
  2.074999999999978e+00  5.041421003216563e+02  3.610158182862780e+02  2.036881694269247e+02  5.355081937965550e+02  -4.012042583540443e-01  2.112817582541063e+00  -5.978358484089568e-05  -1.002324079785965e-04  -7.995169186530214e-07
  2.079999999999978e+00  5.265552709019419e+02  3.679934219324929e+02  2.097953419591928e+02  5.715431698807312e+02  9.948989485523110e-01  2.682620678706391e+00  -6.289763783771220e-05  -1.058589215240275e-04  -1.072613026830934e-06
  2.084999999999978e+00  5.485517796875414e+02  3.733428977111543e+02  2.153744613272315e+02  6.085852887727450e+02  2.403018738211537e+00  3.045268646675455e+00  -6.604278296579642e-05  -1.115540527123065e-04  -1.278810007229891e-06
  2.089999999999978e+00  5.705116485513083e+02  3.771043843872724e+02  2.205203478988332e+02  6.468010712262443e+02  3.794219864218140e+00  3.244964247253606e+00  -6.915531728343810e-05  -1.172675447323714e-04  -1.399001795390418e-06
  2.094999999999978e+00  5.917706278825736e+02  3.789765102582762e+02  2.251231971710735e+02  6.859005034616737e+02  5.096148157261663e+00  3.147946574291670e+00  -7.230984769811739e-05  -1.230905042932980e-04  -1.440250935946175e-06
  2.099999999999977e+00  6.132444887617722e+02  3.791901433781703e+02  2.294114966605569e+02  7.263504556988677e+02  6.201718522658263e+00  2.878932719299978e+00  -7.545286394645943e-05  -1.289874751795862e-04  -1.380537874358578e-06
  2.104999999999977e+00  6.346896614897601e+02  3.777709549081783e+02  2.333141614571379e+02  7.680734033544256e+02  7.033353744949481e+00  2.463832381716833e+00  -7.857432671211222e-05  -1.349743637882451e-04  -1.228345868515350e-06
  2.109999999999977e+00  6.561160608083696e+02  3.748458034145937e+02  2.370064831251550e+02  8.108647059157711e+02  7.599297877786458e+00  1.830261519955175e+00  -8.175943035056946e-05  -1.411367568278662e-04  -1.006367612222367e-06
  2.114999999999977e+00  6.782313562011718e+02  3.708263755466065e+02  2.406353915427432e+02  8.551794549619655e+02  7.779812602250820e+00  1.120784077432813e+00  -8.498968184046294e-05  -1.474473444810829e-04  -7.198013194641078e-07
  2.119999999999977e+00  7.007010348352728e+02  3.658738854490053e+02  2.441267860026958e+02  9.008181604227947e+02  7.518439830290701e+00  3.730770934271342e-01  -8.828826637904307e-05  -1.539623305243028e-04  -3.905211954464413e-07
  2.124999999999977e+00  7.243891989278586e+02  3.606413600525287e+02  2.479055568050642e+02  9.478829224642428e+02  6.904496887578346e+00  -4.067261239971924e-01  -9.171461192035524e-05  -1.607021776072940e-04  -4.656252070427386e-08
  2.129999999999977e+00  7.495536614207001e+02  3.555351119120195e+02  2.520623459111158e+02  9.964062494235798e+02  5.902681192204613e+00  -1.062332617943438e+00  -9.525767951501201e-05  -1.676963630397874e-04  3.020864578393322e-07
  2.134999999999977e+00  7.755808444903093e+02  3.507617237882718e+02  2.563963879106319e+02  1.046247273671933e+03  4.496016664768248e+00  -1.689671518711830e+00  -9.901613334838500e-05  -1.749955403491413e-04  6.126528293733456e-07
  2.139999999999977e+00  8.038777920339138e+02  3.472746404411556e+02  2.614800146309303e+02  1.097642229655449e+03  2.853777186656400e+00  -2.171861761626006e+00  -1.029656374307989e-04  -1.825595444989990e-04  8.763121915986568e-07
  2.144999999999976e+00  8.346823711907232e+02  3.454150231947455e+02  2.673831979894892e+02  1.150645779454544e+03  9.836606059265330e-01  -2.360175073614174e+00  -1.071118307514642e-04  -1.904147088122623e-04  1.095271941710762e-06
  2.149999999999976e+00  8.665645495356079e+02  3.451275490050788e+02  2.737235524570988e+02  1.204704705646492e+03  -9.991065513588722e-01  -2.548978722825640e+00  -1.115895729851798e-04  -1.986412829610528e-04  1.215497416666354e-06
  2.154999999999976e+00  9.012037489355727e+02  3.473277084234535e+02  2.810503176764639e+02  1.260315594673591e+03  -2.950962412068598e+00  -2.508266661150489e+00  -1.162912678704621e-04  -2.071306550615352e-04  1.260117684402958e-06
  2.159999999999976e+00  9.377055624672796e+02  3.517927857238201e+02  2.891368645286190e+02  1.317117525659102e+03  -4.783388404077696e+00  -2.373074526999739e+00  -1.213113136966684e-04  -2.159627228831758e-04  1.217647019062018e-06
  2.164999999999976e+00  9.772922707113387e+02  3.590163700297177e+02  2.982679375374001e+02  1.375642116749007e+03  -6.418418401847111e+00  -1.896145057095754e+00  -1.265399162483535e-04  -2.250178013040254e-04  1.123858404945479e-06
  2.169999999999976e+00  1.018319916415402e+03  3.685849027719499e+02  3.080355980770047e+02  1.435231755287610e+03  -7.701481639639861e+00  -1.440606156109172e+00  -1.320606043111756e-04  -2.343650220375409e-04  9.434395823704543e-07
  2.174999999999976e+00  1.061296710895758e+03  3.804163800741140e+02  3.186005851760145e+02  1.496107462163514e+03  -8.537984420080335e+00  -9.763616355023499e-01  -1.378677149442945e-04  -2.439776765246832e-04  7.042700686789452e-07
  2.179999999999976e+00  1.105977328955747e+03  3.941814579918674e+02  3.297403995722948e+02  1.558426286887237e+03  -8.947829822080909e+00  -3.919612398057308e-01  -1.438744236929114e-04  -2.537947311659498e-04  4.322969878069209e-07
  2.184999999999976e+00  1.152185804281137e+03  4.094577365234496e+02  3.413791234535663e+02  1.622266635818327e+03  -8.874174890161743e+00  2.090437599789655e-01  -1.501075313448643e-04  -2.638109860794567e-04  1.453824314525494e-07
  2.189999999999976e+00  1.200020169324347e+03  4.259319474016836e+02  3.536332470247856e+02  1.687661426407948e+03  -8.224191565307601e+00  6.896845312118134e-01  -1.565316515770015e-04  -2.740114090875297e-04  -1.567298501005270e-07
  2.194999999999975e+00  1.248464717284582e+03  4.426007895266955e+02  3.659599948802939e+02  1.754682147689931e+03  -7.166149911684404e+00  1.146924377856379e+00  -1.631236387760287e-04  -2.844073074505886e-04  -4.433918892790377e-07
  2.199999999999975e+00  1.297286428522905e+03  4.590052772343183e+02  3.782762845241484e+02  1.823481622636088e+03  -5.680263755672275e+00  1.420519080758762e+00  -1.699074707296751e-04  -2.950008630352336e-04  -7.104925697155232e-07
  2.204999999999975e+00  1.348195495431695e+03  4.751792912736654e+02  3.911479290059471e+02  1.894815691525731e+03  -3.821616726611936e+00  1.653173006559878e+00  -1.767488576398152e-04  -3.057246146605469e-04  -9.281309866943961e-07
  2.209999999999975e+00  1.398971246228709e+03  4.896762297179464e+02  4.037039052717363e+02  1.968355555154676e+03  -1.800801001273566e+00  1.740454584522891e+00  -1.837538802754231e-04  -3.167162171768719e-04  -1.093962148922556e-06
  2.214999999999975e+00  1.451385910708876e+03  5.029786578461260e+02  4.165338499284366e+02  2.045028826200425e+03  3.584765663605451e-01  1.756153781098490e+00  -1.908166910255500e-04  -3.279027844082130e-04  -1.193594386701370e-06
  2.219999999999975e+00  1.502763022150452e+03  5.138272943640741e+02  4.287858042039387e+02  2.124282518252862e+03  2.490470557141177e+00  1.402717203214491e+00  -1.981056573737585e-04  -3.394927341388694e-04  -1.253760172228360e-06
  2.224999999999975e+00  1.556019110144692e+03  5.227842186031054e+02  4.413182828810907e+02  2.207433148886650e+03  4.429496547977073e+00  1.079326940220206e+00  -2.054797991637976e-04  -3.514357027454969e-04  -1.221839330886647e-06
  2.229999999999975e+00  1.611147047161633e+03  5.302355937020762e+02  4.541725665176267e+02  2.294942049947300e+03  6.099122341906179e+00  7.564618813054582e-01  -2.129380918726489e-04  -3.637887954446301e-04  -1.114414179742583e-06
  2.234999999999975e+00  1.666362021559765e+03  5.357304129512336e+02  4.669444475312765e+02  2.386377324881954e+03  7.428715164925540e+00  4.569886387811239e-02  -2.207024261005761e-04  -3.767989951031062e-04  -9.731560824740555e-07
  2.239999999999974e+00  1.724596569888793e+03  5.404061697237697e+02  4.804688224914240e+02  2.483188442164809e+03  8.259461638151317e+00  -5.284351089862594e-01  -2.286460898809574e-04  -3.904446036506870e-04  -7.437068084912057e-07
  2.244999999999974e+00  1.785502674659411e+03  5.450196496835664e+02  4.947543176106701e+02  2.585604542628217e+03  8.554119502824530e+00  -1.018265511144847e+00  -2.368419847404596e-04  -4.048613243159854e-04  -4.584938443208663e-07
  2.249999999999974e+00  1.849594039355341e+03  5.504386782210536e+02  5.101856217899580e+02  2.693867488631755e+03  8.354377641156521e+00  -1.623166394302148e+00  -2.454531472983320e-04  -4.202219707385890e-04  -1.390441393412568e-07
  2.254999999999974e+00  1.917757111941708e+03  5.579783053367748e+02  5.272105017143739e+02  2.808451186127254e+03  7.656628559342543e+00  -2.286665959974828e+00  -2.545061118156693e-04  -4.366362861195892e-04  1.871804810413918e-07
  2.259999999999974e+00  1.990459451327971e+03  5.685972121190287e+02  5.458816371200960e+02  2.929887131354576e+03  6.415591457797999e+00  -2.665247293951440e+00  -2.641046919650830e-04  -4.542226590360834e-04  5.445607806231813e-07
  2.264999999999974e+00  2.069621988754397e+03  5.843178146523868e+02  5.672109704108392e+02  3.058682942913718e+03  4.843329870238913e+00  -3.010739236555725e+00  -2.743414473573218e-04  -4.730712452520951e-04  8.884771934773573e-07
  2.269999999999974e+00  2.154580346745400e+03  6.057086193680736e+02  5.909857638506896e+02  3.194720187011274e+03  2.911873323275350e+00  -3.190694247519474e+00  -2.853722581878306e-04  -4.933604724664891e-04  1.202748817656961e-06
  2.274999999999974e+00  2.249127956304692e+03  6.352949467221013e+02  6.187462225452764e+02  3.339091686749202e+03  8.471749753603510e-01  -3.167780212787050e+00  -2.971575219887488e-04  -5.150566920870872e-04  1.475412810390089e-06
  2.279999999999974e+00  2.351746946651928e+03  6.735653217336182e+02  6.499997618905110e+02  3.491478136072675e+03  -1.233271039298117e+00  -2.963212831246480e+00  -3.099312935505294e-04  -5.383144319504040e-04  1.680220718863259e-06
  2.284999999999973e+00  2.462615909783221e+03  7.208586693938070e+02  6.848668709585048e+02  3.651712478310923e+03  -3.294289250454805e+00  -2.612950946811964e+00  -3.238332283575239e-04  -5.632490363979049e-04  1.802574803328269e-06
  2.289999999999973e+00  2.585863504640321e+03  7.793685530708759e+02  7.248478222880562e+02  3.821202729223733e+03  -5.112651307586214e+00  -1.827586647450225e+00  -3.386718721028656e-04  -5.896962544930019e-04  1.857499168781991e-06
  2.294999999999973e+00  2.718571023737541e+03  8.484136548263638e+02  7.689902024083307e+02  3.998978203333463e+03  -6.551547485111732e+00  -9.835149826538232e-01  -3.547414274134909e-04  -6.178220644778805e-04  1.789425993536026e-06
  2.299999999999973e+00  2.860984678605618e+03  9.273730371849061e+02  8.172607916954671e+02  4.185006551290446e+03  -7.622513571621673e+00  -7.721918436761915e-02  -3.720861119248330e-04  -6.476333862828519e-04  1.615952028619726e-06
  2.304999999999973e+00  3.014802928604860e+03  1.016782303090609e+03  8.701730378817512e+02  4.380158600484037e+03  -8.146400230854278e+00  1.090603751713339e+00  -3.904924972092493e-04  -6.789618508119203e-04  1.341055880080575e-06
  2.309999999999973e+00  3.179205468783962e+03  1.115054635715632e+03  9.271699362462577e+02  4.584392290976009e+03  -8.180921357026529e+00  2.585468249653854e+00  -4.099565156272725e-04  -7.117556183769458e-04  1.011701702049237e-06
  2.314999999999973e+00  3.351590578443766e+03  1.220068068984647e+03  9.872693201667963e+02  4.796823321448001e+03  -7.673265007931391e+00  3.777776373363940e+00  -4.305792144919039e-04  -7.460647822332075e-04  5.681691251905774e-07
  2.319999999999973e+00  3.531994152202543e+03  1.330277428066900e+03  1.050065386066638e+03  5.018147486565897e+03  -6.655367591484024e+00  5.086447655360179e+00  -4.520430185267817e-04  -7.816858726554125e-04  6.734429658542241e-08
  2.324999999999973e+00  3.719060429795321e+03  1.443103289550046e+03  1.114762121758390e+03  5.248199093070620e+03  -5.198489371337438e+00  6.208625344731785e+00  -4.742673710577119e-04  -8.185096473994377e-04  -4.607790989808074e-07
  2.329999999999973e+00  3.909519352506568e+03  1.555199489468070e+03  1.179667858033768e+03  5.486812087460640e+03  -3.410899455657024e+00  7.390255687477874e+00  -4.970626804128025e-04  -8.564292801881439e-04  -9.735314983857297e-07
  2.334999999999972e+00  4.101978655176531e+03  1.663512001171812e+03  1.243957630172146e+03  5.733669515149610e+03  -1.428641540194086e+00  8.195308148837746e+00  -5.202083898973601e-04  -8.953395020636813e-04  -1.485194148832976e-06
  2.339999999999972e+00  4.295299116988467e+03  1.765400038300095e+03  1.306752677123855e+03  5.989172165772125e+03  7.047449828791965e-01  8.647072333673870e+00  -5.434090750420509e-04  -9.349980104183901e-04  -1.933000340668495e-06
  2.344999999999972e+00  4.483556771502535e+03  1.855928907706198e+03  1.365317580095557e+03  6.252125608164793e+03  2.756705358206865e+00  8.770622108055123e+00  -5.666421132013805e-04  -9.754073550710316e-04  -2.299901546234493e-06
  2.349999999999972e+00  4.667051895190466e+03  1.932572847996749e+03  1.419330382829357e+03  6.522868421144325e+03  4.561016972509544e+00  8.473563051269680e+00  -5.894480074759631e-04  -1.016316844170591e-03  -2.561278287683453e-06
  2.354999999999972e+00  4.844421811170771e+03  1.993147608183933e+03  1.467928073154273e+03  6.801613583438128e+03  6.170580547378563e+00  7.752483770421506e+00  -6.115387555026732e-04  -1.057479359149407e-03  -2.684912785133412e-06
  2.359999999999972e+00  5.009997948316057e+03  2.032737320325266e+03  1.508465911153590e+03  7.086689732488464e+03  7.241249401492229e+00  6.606838468635809e+00  -6.329487121404954e-04  -1.098909403139744e-03  -2.670640923511350e-06
  2.364999999999972e+00  5.162398543556333e+03  2.049502626318535e+03  1.540156635789872e+03  7.377738535492786e+03  7.881917158466723e+00  4.854985142028566e+00  -6.535458983811235e-04  -1.140435268341869e-03  -2.540094429072130e-06
  2.369999999999972e+00  5.303890345413660e+03  2.043152180745324e+03  1.563590072990118e+03  7.675598216771000e+03  8.071700502897954e+00  2.944421476512403e+00  -6.727330203049971e-04  -1.181648593044547e-03  -2.236539679246984e-06
  2.374999999999972e+00  5.428835315837707e+03  2.009832976344617e+03  1.576298766048235e+03  7.977877859419259e+03  7.594219934812614e+00  7.009382275063163e-01  -6.908345203893582e-04  -1.222605404302385e-03  -1.808225085813647e-06
  2.379999999999971e+00  5.537517441044110e+03  1.949461320102492e+03  1.578309552467756e+03  8.284112643937617e+03  6.671702334043337e+00  -1.976217793329730e+00  -7.077597733401609e-04  -1.263117554208295e-03  -1.314798535459417e-06
  2.384999999999971e+00  5.632020273231171e+03  1.863065854406509e+03  1.570403464702675e+03  8.594448483092759e+03  5.388207444034648e+00  -4.454287966576159e+00  -7.231444822314003e-04  -1.302794471510994e-03  -6.999717236153331e-07
  2.389999999999971e+00  5.709617519982537e+03  1.749234796263949e+03  1.551429535506733e+03  8.906655729954971e+03  3.678558576347136e+00  -6.958096868091851e+00  -7.373427616777061e-04  -1.341605225119020e-03  -4.108139863001097e-08
  2.394999999999971e+00  5.771910941885302e+03  1.609731764824714e+03  1.522185796919260e+03  9.220186825374441e+03  1.829049431692528e+00  -9.247710829568138e+00  -7.502673319552790e-04  -1.379318174653239e-03  6.225060217921764e-07
  2.399999999999971e+00  5.819884111552996e+03  1.445370460240038e+03  1.483043533255915e+03  9.533656816619781e+03  -1.468333244454665e-01  -1.150740875564090e+01  -7.620608590356505e-04  -1.415740587067340e-03  1.219817220252975e-06
  2.404999999999971e+00  5.854494700354641e+03  1.258648139877060e+03  1.434791929814370e+03  9.846066763336332e+03  -2.018223814741610e+00  -1.313679988940287e+01  -7.727778564826903e-04  -1.450596113287015e-03  1.792926684531302e-06
  2.409999999999971e+00  5.875952955132795e+03  1.050823369098963e+03  1.377693700265043e+03  1.015570742926647e+04  -3.714942538195373e+00  -1.422294110232368e+01  -7.826253502011738e-04  -1.483809524196341e-03  2.260548291338716e-06
  2.414999999999971e+00  5.888010146176454e+03  8.255706398559395e+02  1.313590829395876e+03  1.046203464117621e+04  -5.022592718867458e+00  -1.476409550175725e+01  -7.916337043202118e-04  -1.515057658224726e-03  2.608128326317412e-06
  2.419999999999971e+00  5.892676621784030e+03  5.853015417357534e+02  1.243554598220705e+03  1.076400954159698e+04  -5.986517062415363e+00  -1.477527932276977e+01  -7.997894182103783e-04  -1.544166554532255e-03  2.788295941147609e-06
  2.424999999999971e+00  5.886907236704853e+03  3.312522820512352e+02  1.166902670387670e+03  1.105890966626592e+04  -6.527936783594793e+00  -1.396007661877714e+01  -8.077149952191078e-04  -1.571200451382315e-03  2.832816494068173e-06
  2.429999999999970e+00  5.878044506073607e+03  6.926698712689212e+01  1.087057269551183e+03  1.134765764596227e+04  -6.412665092687821e+00  -1.254476801989895e+01  -8.151027150058706e-04  -1.595771601356875e-03  2.730941399871309e-06
  2.434999999999970e+00  5.867266679988476e+03  -1.984327952386360e+02  1.004819465842177e+03  1.162912905177509e+04  -5.925949382779924e+00  -1.052705759061880e+01  -8.219538291588072e-04  -1.617791173918897e-03  2.481427267573504e-06
  2.439999999999970e+00  5.850180526650674e+03  -4.713099957424496e+02  9.189340633234810e+02  1.190044263594884e+04  -5.096802021939471e+00  -7.927364255033123e+00  -8.291078996888433e-04  -1.637545352581132e-03  2.101613094784224e-06
  2.444999999999970e+00  5.835808863093313e+03  -7.421949827613194e+02  8.336574179586754e+02  1.216369129640350e+04  -3.727092521744290e+00  -5.019259165460533e+00  -8.359859309458274e-04  -1.654666044286254e-03  1.635652994442108e-06
  2.449999999999970e+00  5.820245646994300e+03  -1.011548634943207e+03  7.476836944707013e+02  1.241637652915599e+04  -2.328706445837708e+00  -1.773466107128957e+00  -8.430848991031698e-04  -1.669417487188638e-03  1.084579256282614e-06
  2.454999999999970e+00  5.811085402674832e+03  -1.272529563120021e+03  6.648109944450539e+02  1.266063204198097e+04  -7.299914143379210e-01  1.667382153364900e+00  -8.498839092611949e-04  -1.681573766178552e-03  5.544045805169655e-07
  2.459999999999970e+00  5.804885587794930e+03  -1.524896874714645e+03  5.840110713817081e+02  1.289456817580682e+04  8.863609032895150e-01  4.794657401637149e+00  -8.570554171327517e-04  -1.691582201894728e-03  9.854241010145738e-09
  2.464999999999970e+00  5.802060398855352e+03  -1.766832412513239e+03  5.058851498298234e+02  1.311794974805062e+04  2.197994407633696e+00  7.778441036615439e+00  -8.645539515697784e-04  -1.699549593296882e-03  -5.119034787334404e-07
  2.469999999999970e+00  5.807297540903468e+03  -1.993188735396527e+03  4.330379142879025e+02  1.333269694284514e+04  3.315866861747814e+00  1.054852042070198e+01  -8.719778870426797e-04  -1.705466963606128e-03  -8.758012031921362e-07
  2.474999999999969e+00  5.818358112463085e+03  -2.204171299920614e+03  3.648220779292768e+02  1.353780779986681e+04  4.022551163317607e+00  1.239851767353852e+01  -8.797216568879864e-04  -1.709838625092665e-03  -1.189112924224122e-06
  2.479999999999969e+00  5.835648749617041e+03  -2.397906418632369e+03  3.019902493696862e+02  1.373398390063022e+04  4.292273803115661e+00  1.366916900185047e+01  -8.875948218770151e-04  -1.712789098201997e-03  -1.400963000544873e-06
  2.484999999999969e+00  5.859804736475432e+03  -2.572889269719194e+03  2.452125496106974e+02  1.392214900217788e+04  4.087937222362088e+00  1.413763081730335e+01  -8.954734919918149e-04  -1.714609325623724e-03  -1.468868522246220e-06
  2.489999999999969e+00  5.888889823218867e+03  -2.728768168191108e+03  1.942896470473261e+02  1.410253993037099e+04  3.472603944796863e+00  1.429158187412840e+01  -9.034270360189927e-04  -1.715555934898741e-03  -1.363608427527179e-06
  2.494999999999969e+00  5.924752865252934e+03  -2.864806620977550e+03  1.501567555698512e+02  1.427681579721225e+04  2.602922934587076e+00  1.336705495204139e+01  -9.110038461363215e-04  -1.715874925248778e-03  -1.221081375778914e-06
  2.499999999999969e+00  5.963378224964877e+03  -2.983247911003156e+03  1.113898847388087e+02  1.444474770791718e+04  1.383106536340279e+00  1.197234716049617e+01  -9.184293658974041e-04  -1.715944762123653e-03  -1.002909301720742e-06
  2.504999999999969e+00  6.004078459117190e+03  -3.084104684805785e+03  7.808503659378903e+01  1.460723105785165e+04  8.128653730263991e-02  1.037110034546400e+01  -9.256252200375814e-04  -1.715986121591622e-03  -7.240510141704374e-07
  2.509999999999969e+00  6.049416766182669e+03  -3.167280185838049e+03  5.118676376060936e+01  1.476710442226670e+04  -1.020668916145319e+00  8.196286216936301e+00  -9.319167296664386e-04  -1.715982463976303e-03  -4.556322648676572e-07
  2.514999999999969e+00  6.092282272435772e+03  -3.238472284390510e+03  2.750381803166743e+01  1.492270052713372e+04  -2.049041392378204e+00  6.207367602313665e+00  -9.378830003653170e-04  -1.716382492932597e-03  -2.423359245397482e-07
  2.519999999999968e+00  6.132979236559656e+03  -3.298401773495836e+03  7.018289694886244e+00  1.507460186978746e+04  -2.742418012881580e+00  4.497882334983236e+00  -9.434998854082486e-04  -1.717405811106461e-03  -9.285636579191225e-08
  2.524999999999968e+00  6.176104554776654e+03  -3.347205977100090e+03  -8.952647606752233e+00  1.522715116086627e+04  -2.832819023983919e+00  2.690802533451092e+00  -9.478514129040357e-04  -1.718538509619745e-03  -3.249617428073963e-08
  2.529999999999968e+00  6.213456348278877e+03  -3.392417031837210e+03  -2.465087712342222e+01  1.537711966378213e+04  -2.557285647099879e+00  1.462738794159990e+00  -9.517737357788756e-04  -1.720241563172270e-03  -1.051789171173394e-07
  2.534999999999968e+00  6.250382390853277e+03  -3.433051272291283e+03  -3.849032390502283e+01  1.552710917337657e+04  -1.714247965909826e+00  4.350049580253580e-01  -9.547615057450156e-04  -1.722171066241908e-03  -2.660183899785800e-07
  2.539999999999968e+00  6.278827850072418e+03  -3.476698210334270e+03  -5.500640199652015e+01  1.567394936289627e+04  -3.907462200936418e-01  -4.184942563055546e-02  -9.573698417797811e-04  -1.724629077245390e-03  -5.367527560939834e-07
  2.544999999999968e+00  6.303895539643735e+03  -3.523617415593627e+03  -7.283558832987583e+01  1.582048223268496e+04  1.157997336102053e+00  -4.463216311797624e-01  -9.589989897988726e-04  -1.726773862268656e-03  -8.677993711079086e-07
  2.549999999999968e+00  6.325749331950293e+03  -3.576187341605508e+03  -9.293288042539618e+01  1.596597826343738e+04  2.870195207814110e+00  -8.341624605483358e-01  -9.596679101651631e-04  -1.728496606692804e-03  -1.210269496667074e-06
  2.554999999999968e+00  6.336309147624530e+03  -3.640906652597779e+03  -1.196532277089655e+02  1.610807050034773e+04  4.688550596913503e+00  -1.455225069076788e+00  -9.596354661932848e-04  -1.729737211733687e-03  -1.517667196645067e-06
  2.559999999999968e+00  6.340532946791270e+03  -3.717065382158768e+03  -1.513374485588994e+02  1.624721454690702e+04  6.001047931033298e+00  -2.444149230691323e+00  -9.584019393243032e-04  -1.729731353588721e-03  -1.743188658511054e-06
  2.564999999999968e+00  6.335957925005644e+03  -3.807734433551124e+03  -1.897199065074016e+02  1.638254572394627e+04  6.829559260331128e+00  -3.844941050749013e+00  -9.559329742417678e-04  -1.728301968802091e-03  -1.832816821528283e-06
  2.569999999999967e+00  6.317738405396778e+03  -3.915149292808057e+03  -2.368176738665084e+02  1.651272546016644e+04  6.929095257430916e+00  -5.901376265145806e+00  -9.520653779455829e-04  -1.725114449728028e-03  -1.745590723308581e-06
  2.574999999999967e+00  6.284451042473353e+03  -4.040954037316762e+03  -2.932919074691931e+02  1.663887843158521e+04  6.387749897211142e+00  -9.051158431166767e+00  -9.466536460791082e-04  -1.719738550395817e-03  -1.482139061585056e-06
  2.579999999999967e+00  6.236209183092063e+03  -4.184144958718673e+03  -3.587177550248517e+02  1.675827030908013e+04  4.785748539815272e+00  -1.224331686831848e+01  -9.394700717928091e-04  -1.712221829091626e-03  -9.912232290627857e-07
  2.584999999999967e+00  6.170397413938541e+03  -4.343689101526628e+03  -4.333326387541861e+02  1.687272885457610e+04  2.290376623627961e+00  -1.571302160294477e+01  -9.303021474740626e-04  -1.702257372140047e-03  -3.257461312278563e-07
  2.589999999999967e+00  6.085245084394205e+03  -4.519734077997170e+03  -5.173590144101155e+02  1.698206617773338e+04  -9.259463174656998e-01  -1.921693433274495e+01  -9.193236855935188e-04  -1.689974436194329e-03  5.176027003014561e-07
  2.594999999999967e+00  5.984700180143098e+03  -4.706857949211099e+03  -6.077589581410729e+02  1.708974663274640e+04  -4.747061633268932e+00  -2.309659719716745e+01  -9.062524139851670e-04  -1.675115609096716e-03  1.340161379718076e-06
  2.599999999999967e+00  5.867232765286968e+03  -4.902514743080052e+03  -7.044510353571555e+02  1.719440083594650e+04  -8.892719231533246e+00  -2.532526322304587e+01  -8.914679402522599e-04  -1.658477215083143e-03  2.246018454111719e-06
  2.604999999999967e+00  5.734846486151672e+03  -5.103293463151151e+03  -8.056664011308313e+02  1.729824135652807e+04  -1.309224178455930e+01  -2.650377058946405e+01  -8.754570498560811e-04  -1.640258324269524e-03  3.133747232870753e-06
  2.609999999999967e+00  5.598353907621944e+03  -5.299269221700403e+03  -9.055160905155853e+02  1.740556331691496e+04  -1.699762678515813e+01  -2.669254869968774e+01  -8.580219206813988e-04  -1.620615994614379e-03  3.740085182069571e-06
  2.614999999999966e+00  5.456696102219872e+03  -5.487919784373731e+03  -1.004103626644475e+03  1.751653862571793e+04  -2.022905471539132e+01  -2.437281605247158e+01  -8.403142371371104e-04  -1.600546284255199e-03  4.228124795875376e-06
  2.619999999999966e+00  5.317266942312027e+03  -5.662283801427098e+03  -1.097662467277951e+03  1.763316793783706e+04  -2.271262408235653e+01  -2.029942539315473e+01  -8.229585037093071e-04  -1.580425797374034e-03  4.480627171240556e-06
  2.624999999999966e+00  5.190856373810795e+03  -5.813330816258458e+03  -1.181059032991874e+03  1.775873842977601e+04  -2.399612154224342e+01  -1.448822260011747e+01  -8.061952721835399e-04  -1.560795265545662e-03  4.392269943238534e-06
  2.629999999999966e+00  5.084187263984521e+03  -5.933905702743722e+03  -1.251137379033239e+03  1.789376170055227e+04  -2.407821359355473e+01  -7.156049748891825e+00  -7.905146657228515e-04  -1.542170148236639e-03  3.989059996453714e-06
  2.634999999999966e+00  4.999918753417492e+03  -6.021496171488081e+03  -1.307058740437612e+03  1.803909841343658e+04  -2.309509864516243e+01  1.447311775333198e+00  -7.772909010217102e-04  -1.525127924955511e-03  3.336895611994628e-06
  2.639999999999966e+00  4.947310124474292e+03  -6.068501430832423e+03  -1.344651126162166e+03  1.819562950324589e+04  -2.080690947110535e+01  1.034651215448836e+01  -7.663643350345181e-04  -1.510018590401507e-03  2.456942610243053e-06
  2.644999999999966e+00  4.928709726337893e+03  -6.070985413333919e+03  -1.362867954108666e+03  1.836274528106408e+04  -1.756268967500901e+01  1.968768170323234e+01  -7.580527308036366e-04  -1.497098409355377e-03  1.464117760745682e-06
  2.649999999999966e+00  4.946944731525859e+03  -6.027269758413484e+03  -1.360844648811202e+03  1.854006559135113e+04  -1.361453779817077e+01  2.803265603716604e+01  -7.528615677542677e-04  -1.486530346535811e-03  3.211046474379955e-07
  2.654999999999966e+00  5.002487018938204e+03  -5.935688198106780e+03  -1.338237092173230e+03  1.872605895941716e+04  -9.022829542017018e+00  3.468106874234138e+01  -7.505329867949796e-04  -1.478362724954506e-03  -7.516814113749376e-07
  2.659999999999966e+00  5.093050458009149e+03  -5.796029509953218e+03  -1.295854566788365e+03  1.891958950660413e+04  -4.159566084197705e+00  3.974322489485455e+01  -7.508580496722815e-04  -1.472564138752553e-03  -1.781020184308733e-06
  2.664999999999965e+00  5.215197198587156e+03  -5.611110947654313e+03  -1.235095684074797e+03  1.911841852081422e+04  4.353457132669245e-01  4.277798882397386e+01  -7.539290260967245e-04  -1.468903135163377e-03  -2.538206749954162e-06
  2.669999999999965e+00  5.366710199030116e+03  -5.381357901656595e+03  -1.156867711186039e+03  1.932143433882083e+04  5.134811106076424e+00  4.288723519794807e+01  -7.589867965613446e-04  -1.467170453095705e-03  -3.087244035414558e-06
  2.674999999999965e+00  5.540040046124354e+03  -5.110928383350320e+03  -1.063848700058755e+03  1.952682803591258e+04  9.583212282607496e+00  4.073192221455785e+01  -7.657759116132342e-04  -1.467215236591519e-03  -3.427784859932573e-06
  2.679999999999965e+00  5.733786465913039e+03  -4.802999167569162e+03  -9.569319148335337e+02  1.973352241860906e+04  1.360454591052513e+01  3.640708544263400e+01  -7.742530066620378e-04  -1.468503371140393e-03  -3.435164714488102e-06
  2.684999999999965e+00  5.945888322396326e+03  -4.461596011847393e+03  -8.370484268820516e+02  1.993920063369401e+04  1.667537333284931e+01  3.033650350565911e+01  -7.843418299684380e-04  -1.470947812495317e-03  -3.295895127111151e-06
  2.689999999999965e+00  6.167466773807168e+03  -4.090078488757941e+03  -7.074881702921103e+02  2.014447186635494e+04  1.994331527419878e+01  2.292752269575922e+01  -7.957056614963400e-04  -1.474209015784906e-03  -2.937685198836825e-06
  2.694999999999965e+00  6.406063102520473e+03  -3.690204983308897e+03  -5.662204703668425e+02  2.034928983425744e+04  2.290795996456273e+01  1.518211801776346e+01  -8.088101886367192e-04  -1.477785980685344e-03  -2.454397617343290e-06
  2.699999999999965e+00  6.665144434647223e+03  -3.264727260914922e+03  -4.127210038864116e+02  2.055095427134096e+04  2.534033236901910e+01  7.275433796990391e+00  -8.238619554244303e-04  -1.481796351957364e-03  -2.038677506576849e-06
  2.704999999999965e+00  6.937318585101478e+03  -2.817929478803630e+03  -2.498618987602798e+02  2.075157545555390e+04  2.800693757211677e+01  2.431537539759709e-02  -8.418411987709295e-04  -1.485661514116887e-03  -1.583135211134903e-06
  2.709999999999964e+00  7.238769255312495e+03  -2.348273714708525e+03  -7.301081858989198e+01  2.095141424009380e+04  3.069174382907113e+01  -5.828143449863141e+00  -8.630970834338099e-04  -1.489139460298661e-03  -1.294902396388575e-06
  2.714999999999964e+00  7.570373161140288e+03  -1.859661811128114e+03  1.171365334426906e+02  2.114826416318250e+04  3.313439297532953e+01  -1.049162082616319e+01  -8.886167266832018e-04  -1.492139248703169e-03  -1.181702627390008e-06
  2.719999999999964e+00  7.944312703336406e+03  -1.350958617774822e+03  3.231426515103363e+02  2.134304134649608e+04  3.585965515393909e+01  -1.308152433247861e+01  -9.183190975225274e-04  -1.494569997824514e-03  -1.256574613461147e-06
  2.724999999999964e+00  8.358818053520530e+03  -8.267703790990537e+02  5.441874160487478e+02  2.153572467093276e+04  3.817736474980277e+01  -1.437964007928825e+01  -9.537438396399655e-04  -1.495826104571462e-03  -1.601721327453657e-06
  2.729999999999964e+00  8.820927539363938e+03  -2.892181686308710e+02  7.807719222803252e+02  2.172476310699398e+04  3.989248637187870e+01  -1.437542128452361e+01  -9.948525027394324e-04  -1.495807058939196e-03  -2.131203971806102e-06
  2.734999999999964e+00  9.327188506531471e+03  2.572662498964735e+02  1.029679485235893e+03  2.191122840985054e+04  4.163027338740822e+01  -1.256819900632333e+01  -1.041181670548264e-03  -1.494417855481757e-03  -2.615374439824868e-06
  2.739999999999964e+00  9.878002269455383e+03  8.073981936999365e+02  1.290674691366682e+03  2.209161018623906e+04  4.183237204785898e+01  -1.113900589946476e+01  -1.093073375872163e-03  -1.491425451230874e-03  -3.330423302657146e-06
  2.744999999999964e+00  1.047045833070643e+04  1.356266279181744e+03  1.560720172861475e+03  2.226786554938311e+04  4.089418626912236e+01  -9.410219469632269e+00  -1.149304502919730e-03  -1.486515565851207e-03  -4.024576040455011e-06
  2.749999999999964e+00  1.108598570413735e+04  1.892606552849256e+03  1.831659157479043e+03  2.243773287089221e+04  3.846842556605218e+01  -8.337159966080058e+00  -1.208970226414756e-03  -1.479945183871289e-03  -4.548677954659484e-06
  2.754999999999963e+00  1.170838736205624e+04  2.406640017533619e+03  2.096510326934567e+03  2.260549148572637e+04  3.496693561577655e+01  -7.147370815940755e+00  -1.271067599359806e-03  -1.471208224938393e-03  -4.621523428415313e-06
  2.759999999999963e+00  1.233986939612209e+04  2.894863251893551e+03  2.355374659904018e+03  2.276847760188021e+04  2.961864857426805e+01  -7.683936828491756e+00  -1.332854741939476e-03  -1.460889655911922e-03  -4.639841829724920e-06
  2.764999999999963e+00  1.294520332661328e+04  3.339691088297365e+03  2.594170691147177e+03  2.292743506949295e+04  2.239628154286438e+01  -9.540273504347718e+00  -1.393561626440299e-03  -1.449279485863949e-03  -4.224792828236873e-06
  2.769999999999963e+00  1.351781151300824e+04  3.736685613566399e+03  2.810454039911520e+03  2.308863537438969e+04  1.426933074964137e+01  -1.225504427207217e+01  -1.450792385776590e-03  -1.436422626157764e-03  -3.440593174838309e-06
  2.774999999999963e+00  1.402807801744354e+04  4.070709954120377e+03  2.993377273387832e+03  2.325201940706216e+04  4.689352324655997e+00  -1.608416903813547e+01  -1.504347858427669e-03  -1.422856243277177e-03  -2.250776782356929e-06
  2.779999999999963e+00  1.447456654333242e+04  4.338550353465942e+03  3.141252354424575e+03  2.342091878313836e+04  -5.751437925018243e+00  -2.029275452740880e+01  -1.551199924246531e-03  -1.409594340184824e-03  -7.690325836548183e-07
  2.784999999999963e+00  1.484627872821148e+04  4.535870961891894e+03  3.251199022060099e+03  2.360207816524572e+04  -1.600288253695505e+01  -2.464706467804426e+01  -1.590699056148652e-03  -1.396946852069082e-03  9.691494728693786e-07
  2.789999999999963e+00  1.513161002040610e+04  4.656183898941604e+03  3.319588835329629e+03  2.379475140111316e+04  -2.650944338423706e+01  -2.937805377514344e+01  -1.623387997360318e-03  -1.385986958484953e-03  2.646544142633382e-06
  2.794999999999963e+00  1.533347110839424e+04  4.699943509549950e+03  3.346741529240329e+03  2.400772856491127e+04  -3.610371968058922e+01  -3.197993043972113e+01  -1.647943119661154e-03  -1.377252236152923e-03  4.434872469353510e-06
  2.799999999999963e+00  1.545625390669184e+04  4.670563486400030e+03  3.335838967976033e+03  2.424354466040796e+04  -4.431446483718476e+01  -3.350441462128418e+01  -1.665129889077865e-03  -1.371450507076174e-03  6.159773220147440e-06
  2.804999999999962e+00  1.550737552546578e+04  4.571404132993753e+03  3.290232925378051e+03  2.450426419456176e+04  -5.097081730334678e+01  -3.260174704502791e+01  -1.676100446518393e-03  -1.369385966531546e-03  7.482683691786431e-06
  2.809999999999962e+00  1.550332204918447e+04  4.412707364073948e+03  3.217119098681707e+03  2.478899297154791e+04  -5.563386004577732e+01  -3.116897867024300e+01  -1.681646040222750e-03  -1.372092006404515e-03  8.195761840080455e-06
  2.814999999999962e+00  1.545400130211385e+04  4.198822095737906e+03  3.120094498419734e+03  2.510526338283213e+04  -5.830536290799924e+01  -2.630542706908712e+01  -1.683556968387187e-03  -1.378932632700325e-03  8.737715121454017e-06
  2.819999999999962e+00  1.538024151217740e+04  3.943313109246965e+03  3.008547659755801e+03  2.545020214911240e+04  -5.848746599082930e+01  -1.887303869023401e+01  -1.683137263071528e-03  -1.390754103392453e-03  8.546730616644313e-06
  2.824999999999962e+00  1.529801175996779e+04  3.655578436931848e+03  2.888390611568993e+03  2.582172039969799e+04  -5.696573645518608e+01  -9.851309031691196e+00  -1.682098080732295e-03  -1.407502383453884e-03  7.915881549638220e-06
  2.829999999999962e+00  1.522109525819376e+04  3.348866305777025e+03  2.766149626096986e+03  2.621840786256812e+04  -5.288930842988400e+01  1.552936754089545e-01  -1.681027546533870e-03  -1.429446812038426e-03  6.552131293415055e-06
  2.834999999999962e+00  1.516432321260521e+04  3.031369001658341e+03  2.648108129323467e+03  2.663828606082010e+04  -4.730429199313618e+01  1.192743904095591e+01  -1.681866078743197e-03  -1.455556037455148e-03  4.790176447708685e-06
  2.839999999999962e+00  1.513504967637582e+04  2.711400313773667e+03  2.536819902898693e+03  2.707581584843245e+04  -4.095460955960764e+01  2.420259666341844e+01  -1.685102138972394e-03  -1.485731774985386e-03  2.758466665408344e-06
  2.844999999999962e+00  1.513219094465893e+04  2.397298661722687e+03  2.433689863535315e+03  2.753023873419958e+04  -3.323871885879692e+01  3.597555012427576e+01  -1.690448171801813e-03  -1.519280311893602e-03  4.905659990485181e-07
  2.849999999999961e+00  1.516345751985051e+04  2.095704580864385e+03  2.342110970025092e+03  2.799224006365538e+04  -2.539210631723676e+01  4.652559785760278e+01  -1.698079527384961e-03  -1.555726945617408e-03  -1.784531738220863e-06
  2.854999999999961e+00  1.521821278075411e+04  1.807399766100946e+03  2.258239114403752e+03  2.845880500527191e+04  -1.787916146737174e+01  5.594210426817628e+01  -1.707387656019521e-03  -1.594459566749363e-03  -3.931120066359871e-06
  2.859999999999961e+00  1.528742601875884e+04  1.536330656411648e+03  2.180527469391912e+03  2.892662203186575e+04  -1.064204681372932e+01  6.219019401185054e+01  -1.716994376607190e-03  -1.634628755495152e-03  -5.647221594365585e-06
  2.864999999999961e+00  1.535619057074745e+04  1.278349966355430e+03  2.104093713634556e+03  2.939529426186513e+04  -4.531641024507458e+00  6.650809565249870e+01  -1.726107932567399e-03  -1.675017768706140e-03  -6.871671892955746e-06
  2.869999999999961e+00  1.541254902834138e+04  1.034883714466149e+03  2.024992057463237e+03  2.985343069452374e+04  8.716517478979564e-01  6.747033435101370e+01  -1.733042908767351e-03  -1.716584491671755e-03  -7.578546410233264e-06
  2.874999999999961e+00  1.544448747854637e+04  8.041652952512972e+02  1.940073401340408e+03  3.030422412378123e+04  5.111368675956479e+00  6.425536602967883e+01  -1.736347159789190e-03  -1.757748505501139e-03  -7.353435014312886e-06
  2.879999999999961e+00  1.544231665503457e+04  5.807734117943407e+02  1.846774615164700e+03  3.074659692659117e+04  7.665513359850920e+00  5.866680309213915e+01  -1.735185476944495e-03  -1.797844103518346e-03  -6.512296284177636e-06
  2.884999999999961e+00  1.538123520838657e+04  3.618494966927443e+02  1.736654392702365e+03  3.117360695066857e+04  1.017823112777451e+01  4.932668303424563e+01  -1.728786891871439e-03  -1.838214866926068e-03  -5.013012970213397e-06
  2.889999999999961e+00  1.527210613306786e+04  1.487963462596019e+02  1.614062344915530e+03  3.159108765990482e+04  1.184584957556018e+01  3.694506628431257e+01  -1.716339237764422e-03  -1.877181419434493e-03  -2.635132056793195e-06
  2.894999999999960e+00  1.509882813289112e+04  -6.512411058488392e+01  1.474532405572551e+03  3.199416141121811e+04  1.344012861310961e+01  2.240148006524486e+01  -1.698691731404331e-03  -1.915498443011504e-03  3.052128636241929e-08
  2.899999999999960e+00  1.489971732753441e+04  -2.716690609072633e+02  1.330646196563597e+03  3.238491495388963e+04  1.405163394140374e+01  6.833945889221176e+00  -1.675310019481491e-03  -1.952245423453498e-03  3.054787193557299e-06
  2.904999999999960e+00  1.464949512368882e+04  -4.756840970243324e+02  1.174726608920547e+03  3.276600101977786e+04  1.603110004007868e+01  -9.534079705404931e+00  -1.648638873499923e-03  -1.987771638879389e-03  6.273333353502378e-06
  2.909999999999960e+00  1.436602560350521e+04  -6.769958374288158e+02  1.013292557600591e+03  3.313157481703244e+04  1.873567626963139e+01  -2.629481677327857e+01  -1.620538982426144e-03  -2.022291953819950e-03  9.168339806774522e-06
  2.914999999999960e+00  1.408956737711129e+04  -8.654976234551463e+02  8.591612742730271e+02  3.348712621194314e+04  2.257221144663037e+01  -4.102563402258934e+01  -1.592116927989829e-03  -2.054901905604500e-03  1.166404025399206e-05
  2.919999999999960e+00  1.384537055719311e+04  -1.036522809319511e+03  7.197622433468946e+02  3.382562712975373e+04  2.735324165728422e+01  -5.322614371526933e+01  -1.564874622006467e-03  -2.086212471205912e-03  1.354868371572047e-05
  2.924999999999960e+00  1.362036961701564e+04  -1.196444805512296e+03  5.923882805903177e+02  3.414988251806251e+04  3.365148983468231e+01  -6.381087137342977e+01  -1.543884620527627e-03  -2.115197983986849e-03  1.442443445603787e-05
  2.929999999999960e+00  1.346525035698789e+04  -1.333496430300451e+03  4.916968619764594e+02  3.445924868428171e+04  4.160494911994757e+01  -6.960610852956715e+01  -1.529366143910835e-03  -2.141644608924308e-03  1.413274432292159e-05
  2.934999999999960e+00  1.339441758778399e+04  -1.445440636920567e+03  4.202627450246125e+02  3.474864685581042e+04  5.093275113405680e+01  -7.078864392823309e+01  -1.522552783446019e-03  -2.165721147965820e-03  1.301669321436647e-05
  2.939999999999960e+00  1.341023548610088e+04  -1.537240757380068e+03  3.802830314903055e+02  3.501821395228659e+04  6.063061989078268e+01  -6.908825516495560e+01  -1.526924173856666e-03  -2.185945516192345e-03  1.045712063222563e-05
  2.944999999999959e+00  1.352773425515492e+04  -1.607641826640326e+03  3.733497390765782e+02  3.526447198533150e+04  7.110199327260241e+01  -6.209481809435314e+01  -1.541968315152858e-03  -2.202766314456291e-03  6.606046266487094e-06
  2.949999999999959e+00  1.375337337775485e+04  -1.657495089409348e+03  4.001208075268634e+02  3.548730332227483e+04  8.123208451828781e+01  -5.168566846257040e+01  -1.567322850911150e-03  -2.215271342131307e-03  1.926691454191101e-06
  2.954999999999959e+00  1.405334861316987e+04  -1.699317391556948e+03  4.467242464408494e+02  3.568626954153589e+04  9.191799338120852e+01  -3.623063416931509e+01  -1.602776148427268e-03  -2.223827103090583e-03  -3.173182197165697e-06
  2.959999999999959e+00  1.443928532390936e+04  -1.738250554971779e+03  5.163583739743895e+02  3.585479035194944e+04  1.003467072881839e+02  -1.918760504145592e+01  -1.646753299373390e-03  -2.228158940098300e-03  -9.209277317390229e-06
  2.964999999999959e+00  1.489380621593741e+04  -1.778698610868183e+03  6.009861780434292e+02  3.600108526533710e+04  1.071711490106582e+02  -1.479521552034111e-01  -1.695764019953840e-03  -2.227661430133391e-03  -1.519059635764246e-05
  2.969999999999959e+00  1.534207574214494e+04  -1.846344294335506e+03  6.747543710036209e+02  3.612364874638936e+04  1.125116388366564e+02  2.004085838843383e+01  -1.749525820835750e-03  -2.223222703896495e-03  -2.070215967544411e-05
  2.974999999999959e+00  1.580262410220109e+04  -1.942399134822370e+03  7.413690041960105e+02  3.621810290677717e+04  1.136468111673506e+02  3.845795964850922e+01  -1.802179160439421e-03  -2.215667833815151e-03  -2.586401926476636e-05
  2.979999999999959e+00  1.623818024540661e+04  -2.074618495511969e+03  7.884562492536386e+02  3.629895032902024e+04  1.123694009058080e+02  5.625987753244304e+01  -1.849795673051308e-03  -2.204546945721629e-03  -2.990400104941743e-05
  2.984999999999959e+00  1.658347837911841e+04  -2.266800084753217e+03  7.938437320680002e+02  3.636054527787165e+04  1.068332810958466e+02  7.000343867624200e+01  -1.890985354922019e-03  -2.191796110775658e-03  -3.258261428229183e-05
  2.989999999999958e+00  1.680260507557298e+04  -2.526823429420630e+03  7.481136119368405e+02  3.641443000705828e+04  9.865940225376347e+01  7.949891137427237e+01  -1.923181382697609e-03  -2.177479321609909e-03  -3.380583679849193e-05
  2.994999999999958e+00  1.691918118739038e+04  -2.845888282325437e+03  6.562770014534774e+02  3.646634495984801e+04  8.712391656309129e+01  8.594013107019498e+01  -1.939176716346374e-03  -2.163050370701286e-03  -3.318645039497997e-05
  2.999999999999958e+00  1.686821313228941e+04  -3.241754886235287e+03  5.002758844522519e+02  3.651682379931781e+04  7.145529554975414e+01  8.558112126244936e+01  -1.940413087312118e-03  -2.149978586092133e-03  -3.067554788594753e-05
  3.004999999999958e+00  1.664496224834325e+04  -3.709679352295647e+03  2.819535684634438e+02  3.657470426630047e+04  5.354528456775859e+01  7.928037547910560e+01  -1.925553815960375e-03  -2.138997982947150e-03  -2.671316804717062e-05
  3.009999999999958e+00  1.626272891914604e+04  -4.237751648337211e+03  5.549212870241448e+00  3.664952841861745e+04  3.370600609692544e+01  6.997119585528699e+01  -1.892000295057735e-03  -2.131219407706964e-03  -2.092467051172447e-05
  3.014999999999958e+00  1.571430089096850e+04  -4.821231522677786e+03  -3.258509464072609e+02  3.674249365696798e+04  1.186148150210052e+01  5.450105458633463e+01  -1.842403673504523e-03  -2.127771042537062e-03  -1.374323222741575e-05
  3.019999999999958e+00  1.502672698706945e+04  -5.443140146851490e+03  -6.996293477617188e+02  3.685421473667080e+04  -1.086201845030757e+01  3.360951464616252e+01  -1.778564516133475e-03  -2.129815353564159e-03  -6.152760180202750e-06
  3.024999999999958e+00  1.421910487157239e+04  -6.084722454883139e+03  -1.108128549407935e+03  3.699802360106543e+04  -3.320537683107656e+01  1.253573125508411e+01  -1.702152398859304e-03  -2.137361690384697e-03  2.462797742215844e-06
  3.029999999999958e+00  1.333670998320421e+04  -6.720355380408874e+03  -1.530209168780792e+03  3.717368771705125e+04  -5.437795006051540e+01  -1.058416232412486e+01  -1.617163460248598e-03  -2.150867620538872e-03  1.117788892306107e-05
  3.034999999999958e+00  1.241281906730404e+04  -7.329606491139439e+03  -1.952273939388796e+03  3.737926706152364e+04  -7.418262496342979e+01  -3.334311053662451e+01  -1.528762122475872e-03  -2.170958442975863e-03  1.941670619291691e-05
  3.039999999999957e+00  1.152600446187681e+04  -7.874968560546286e+03  -2.344738392206237e+03  3.761344033971043e+04  -9.165353935380725e+01  -5.607746560016307e+01  -1.440297858405368e-03  -2.197839076887387e-03  2.646488839914419e-05
  3.044999999999957e+00  1.069411486230908e+04  -8.337756765632681e+03  -2.697812685887901e+03  3.788680803599246e+04  -1.045557233207341e+02  -7.365377344294392e+01  -1.358093864489382e-03  -2.229874584775304e-03  3.249529166931384e-05
  3.049999999999957e+00  9.972389937749376e+03  -8.692446202195872e+03  -2.991515912614683e+03  3.818773572360162e+04  -1.146762399912613e+02  -8.767566613914703e+01  -1.287974434071997e-03  -2.267651357859251e-03  3.687395213410355e-05
  3.054999999999957e+00  9.443433412306435e+03  -8.901173654816743e+03  -3.197653457371518e+03  3.851642772568957e+04  -1.199235826591902e+02  -9.599835256602650e+01  -1.232220891211459e-03  -2.310450456989344e-03  3.923000392029841e-05
  3.059999999999957e+00  9.112618018217287e+03  -8.955548714153259e+03  -3.310765510217054e+03  3.887587835216100e+04  -1.191194439623640e+02  -9.676002678155106e+01  -1.198024782922688e-03  -2.356327122032224e-03  3.952240834914055e-05
  3.064999999999957e+00  9.025274808353815e+03  -8.836692806838357e+03  -3.316819461041005e+03  3.925502967874364e+04  -1.147737035551721e+02  -9.265434809514225e+01  -1.189024731820199e-03  -2.405299509317097e-03  3.779235964071069e-05
  3.069999999999957e+00  9.224261333812210e+03  -8.526850130468496e+03  -3.202528098540093e+03  3.965573724133825e+04  -1.038660990608507e+02  -8.033851482026512e+01  -1.206498682725713e-03  -2.455796037448774e-03  3.390006054108637e-05
  3.074999999999957e+00  9.729598690377763e+03  -8.018116566395689e+03  -2.963562766035419e+03  4.007362784240689e+04  -8.873297820578671e+01  -6.156259942144631e+01  -1.251981522991076e-03  -2.506998044598651e-03  2.851651297506489e-05
  3.079999999999957e+00  1.052260462760928e+04  -7.322346688553338e+03  -2.605385602205588e+03  4.050207489762656e+04  -6.943540410173136e+01  -3.988205487120764e+01  -1.328825459872334e-03  -2.557803456176979e-03  2.153079529984147e-05
  3.084999999999956e+00  1.161640657487258e+04  -6.439839233384891e+03  -2.128844998704421e+03  4.094118814482896e+04  -4.508377582349708e+01  -1.263535693302718e+01  -1.434389315028253e-03  -2.607062929476923e-03  1.337349946675975e-05
  3.089999999999956e+00  1.298908396924778e+04  -5.385643280800704e+03  -1.543536322550346e+03  4.138629410288980e+04  -1.781447940205912e+01  1.507536299514009e+01  -1.567715324413564e-03  -2.654135976720944e-03  4.769904282426722e-06
  3.094999999999956e+00  1.461409306729181e+04  -4.180465664579214e+03  -8.638427813194346e+02  4.184097038560750e+04  1.267289530203081e+01  4.589784592946990e+01  -1.724786601257052e-03  -2.697460227954665e-03  -3.754830912115426e-06
  3.099999999999956e+00  1.644694534513534e+04  -2.854222298806575e+03  -1.076722102241283e+02  4.229362970687488e+04  4.488639880692168e+01  7.399714395570949e+01  -1.903652397291062e-03  -2.737485346187492e-03  -1.208472680225636e-05
  3.104999999999956e+00  1.844487471084448e+04  -1.436046325452990e+03  7.060715872356848e+02  4.274702253620997e+04  7.862547959799697e+01  9.791227573076655e+01  -2.098741534710646e-03  -2.773332115022628e-03  -1.947178903409057e-05
  3.109999999999956e+00  2.055000020079612e+04  3.451060554258958e+01  1.552518119837810e+03  4.320561596641110e+04  1.122763343675112e+02  1.187695077174699e+02  -2.304463646082650e-03  -2.803689393780829e-03  -2.547156656801447e-05
  3.114999999999956e+00  2.270756930729906e+04  1.522244295535069e+03  2.408896090203272e+03  4.365774331206566e+04  1.447955791864720e+02  1.320695609331712e+02  -2.515903407196661e-03  -2.829936486751323e-03  -2.994989065667193e-05
  3.119999999999956e+00  2.485793532818916e+04  2.985617266980722e+03  3.250662117952043e+03  4.410856465632251e+04  1.770657960155251e+02  1.382610775721349e+02  -2.726377742478052e-03  -2.851306196471370e-03  -3.266884351879197e-05
  3.124999999999956e+00  2.693866203438671e+04  4.383789276188259e+03  4.052457073228270e+03  4.455814118932623e+04  2.057945278059206e+02  1.366229698967315e+02  -2.930327134386366e-03  -2.867666403241369e-03  -3.337854484274329e-05
  3.129999999999955e+00  2.888780033545136e+04  5.671614434569379e+03  4.789597950495669e+03  4.501064815543772e+04  2.319919419708151e+02  1.275211697539621e+02  -3.121868685597717e-03  -2.878545295281066e-03  -3.229520912609600e-05
  3.134999999999955e+00  3.066280761253767e+04  6.821717654312846e+03  5.443908216989961e+03  4.545789512314074e+04  2.559531992347054e+02  1.115740320037613e+02  -3.295388973657573e-03  -2.885658898450099e-03  -2.958767201187962e-05
  3.139999999999955e+00  3.221056762544397e+04  7.797231414728008e+03  5.995234369295953e+03  4.590538611697220e+04  2.747415322054414e+02  8.842460972262299e+01  -3.446681073288384e-03  -2.888492917108932e-03  -2.527078795455573e-05
  3.144999999999955e+00  3.348526319888459e+04  8.562427175724450e+03  6.425024855120831e+03  4.635628338511150e+04  2.899942641279044e+02  6.035321660515514e+01  -3.571942454074539e-03  -2.887091702575935e-03  -1.996356028951754e-05
  3.149999999999955e+00  3.447209114751130e+04  9.106528041582656e+03  6.727110949633274e+03  4.680673588282049e+04  3.020997494758167e+02  3.031441252515459e+01  -3.667085067030391e-03  -2.882784303285723e-03  -1.404950909977485e-05
  3.154999999999955e+00  3.514036393806912e+04  9.407655614993715e+03  6.890493643291207e+03  4.726056779535326e+04  3.092691683718479e+02  -2.357890657230755e+00  -3.730912449062032e-03  -2.875697506078870e-03  -7.726239773668338e-06
  3.159999999999955e+00  3.548306677075003e+04  9.455893928318594e+03  6.912014575624917e+03  4.772071001813841e+04  3.134529006651335e+02  -3.299804560359650e+01  -3.761636147991124e-03  -2.866192504456265e-03  -1.790602721296990e-06
  3.164999999999955e+00  3.548534797781265e+04  9.244662274097074e+03  6.787222467444600e+03  4.818710686607107e+04  3.139261355198832e+02  -6.247616985109423e+01  -3.760660064709812e-03  -2.855340104629826e-03  3.689624251040965e-06
  3.169999999999955e+00  3.517486211055524e+04  8.786299391244973e+03  6.527067003435460e+03  4.866194370731877e+04  3.114138270018651e+02  -8.738099347070042e+01  -3.726929339062279e-03  -2.843632417579623e-03  8.166822732726279e-06
  3.174999999999955e+00  3.456553812568850e+04  8.090944447487542e+03  6.138192574373526e+03  4.915053599494209e+04  3.064050853042901e+02  -1.053602934790966e+02  -3.662395560600812e-03  -2.831386157636174e-03  1.127425939984571e-05
  3.179999999999954e+00  3.367204077507266e+04  7.171158837184688e+03  5.627431389738272e+03  4.965066778858924e+04  2.996440164886992e+02  -1.172404412196565e+02  -3.570533938691652e-03  -2.819974901882504e-03  1.298572071737656e-05
  3.184999999999954e+00  3.252167302883848e+04  6.054037278496543e+03  5.007927049018261e+03  5.016333557667671e+04  2.918735144147582e+02  -1.213449232596030e+02  -3.455196765644976e-03  -2.810470053324704e-03  1.317542677510928e-05
  3.189999999999954e+00  3.117718231514486e+04  4.772703551690267e+03  4.304533621296361e+03  5.069947099693440e+04  2.824167860451083e+02  -1.168601319229753e+02  -3.317442081978087e-03  -2.802025116414550e-03  1.177492895436874e-05
  3.194999999999954e+00  2.965571818840812e+04  3.349744378558046e+03  3.525763543793673e+03  5.125168700751340e+04  2.733121026113009e+02  -1.048495917138907e+02  -3.163666499403173e-03  -2.796650487066050e-03  8.889849131198622e-06
  3.199999999999954e+00  2.800328467831515e+04  1.830353992388024e+03  2.693845222669641e+03  5.181956805210999e+04  2.645402602973573e+02  -8.579794491489972e+01  -2.998761527452917e-03  -2.795396530646535e-03  4.751026158699805e-06
  3.204999999999954e+00  2.628471739378925e+04  2.507238556752505e+02  1.833610018789363e+03  5.241617300477849e+04  2.553544569063741e+02  -6.036644228289082e+01  -2.824856670315854e-03  -2.796685720950465e-03  -2.612724653212580e-07
  3.209999999999954e+00  2.452424430225369e+04  -1.358915545594794e+03  9.571597434786883e+02  5.302998520401655e+04  2.479138333291479e+02  -2.971775133374688e+01  -2.648703672412801e-03  -2.802479551419732e-03  -6.084470315394305e-06
  3.214999999999954e+00  2.277871781734823e+04  -2.949482243776839e+03  9.016814608317546e+01  5.366558232857101e+04  2.409721024252070e+02  3.984628948821112e+00  -2.474079424017097e-03  -2.812372861600587e-03  -1.202955062057313e-05
  3.219999999999954e+00  2.108542984628575e+04  -4.486594595954066e+03  -7.500148839387650e+02  5.431010403575884e+04  2.361944594994887e+02  3.923008737014337e+01  -2.306097952386018e-03  -2.827648026981345e-03  -1.830261864679317e-05
  3.224999999999953e+00  1.948491472731892e+04  -5.942528418964350e+03  -1.548124898826440e+03  5.497422849356529e+04  2.331432710386038e+02  7.555433088654425e+01  -2.147792261362525e-03  -2.846151585562878e-03  -2.411304778263174e-05
  3.229999999999953e+00  1.801428994633160e+04  -7.278595318793558e+03  -2.285974606556340e+03  5.564768981483707e+04  2.315443797707492e+02  1.099572514334443e+02  -2.003419137467095e-03  -2.868476212971773e-03  -2.909306891107430e-05
  3.234999999999953e+00  1.671564010439603e+04  -8.464877257528509e+03  -2.945145111652754e+03  5.632012973320448e+04  2.321191446250079e+02  1.411191078379356e+02  -1.875420457487003e-03  -2.894484500459845e-03  -3.365023435297221e-05
  3.239999999999953e+00  1.560108360692688e+04  -9.484556972819002e+03  -3.520540652926265e+03  5.699566654284580e+04  2.351649247256062e+02  1.694927506740596e+02  -1.767142589705528e-03  -2.922071867305330e-03  -3.693360354229481e-05
  3.244999999999953e+00  1.469217747227808e+04  -1.031959364050972e+04  -4.002661460189800e+03  5.765847167789337e+04  2.403529315871880e+02  1.924229453828291e+02  -1.681295688192345e-03  -2.951541531644974e-03  -3.897708746839193e-05
  3.249999999999953e+00  1.402008418832707e+04  -1.094798618305418e+04  -4.377389303311477e+03  5.830678048639755e+04  2.481312069906181e+02  2.102014675823003e+02  -1.617966784174535e-03  -2.980969900247295e-03  -3.998545788868297e-05
  3.254999999999953e+00  1.360287059992993e+04  -1.136631415176118e+04  -4.639436395677287e+03  5.893076681428475e+04  2.578733207182173e+02  2.210029526674319e+02  -1.577432747463178e-03  -3.009302376218330e-03  -4.005199897190329e-05
  3.259999999999953e+00  1.340676896112707e+04  -1.158226371343494e+04  -4.800850409393867e+03  5.951793030284585e+04  2.706206084070790e+02  2.263110607736444e+02  -1.563747314921590e-03  -3.036422712912616e-03  -3.888973377140322e-05
  3.264999999999953e+00  1.347060652457519e+04  -1.157945894812475e+04  -4.845607220433979e+03  6.007153817158524e+04  2.859642031554665e+02  2.256318283950374e+02  -1.573132553762900e-03  -3.059698188312756e-03  -3.682132163713226e-05
  3.269999999999953e+00  1.376134021282857e+04  -1.138636774889473e+04  -4.790011954104999e+03  6.057366122212761e+04  3.039045870692453e+02  2.190701493133680e+02  -1.607233031933590e-03  -3.079531075149751e-03  -3.414998538717403e-05
  3.274999999999952e+00  1.430399054881956e+04  -1.100009195476240e+04  -4.625192993268426e+03  6.103754546088995e+04  3.240985888018543e+02  2.074415120055288e+02  -1.661080375949163e-03  -3.092568996280980e-03  -3.082864699071754e-05
  3.279999999999952e+00  1.505180511677399e+04  -1.043788152189642e+04  -4.367233651881304e+03  6.144497830616424e+04  3.472128726176292e+02  1.911390612403047e+02  -1.736761700527175e-03  -3.100698970757529e-03  -2.710355182045989e-05
  3.284999999999952e+00  1.597805648912305e+04  -9.736781926469008e+03  -4.031665435535273e+03  6.179201547465903e+04  3.727518128752578e+02  1.712562063265184e+02  -1.832072438301021e-03  -3.103420353990731e-03  -2.343598179098783e-05
  3.289999999999952e+00  1.709216424299870e+04  -8.903298987373119e+03  -3.616174889630187e+03  6.210000695205398e+04  4.008026058060034e+02  1.495242648867284e+02  -1.941225458771574e-03  -3.097881185557257e-03  -1.942848345012441e-05
  3.294999999999952e+00  1.834225661735994e+04  -7.963979320595391e+03  -3.139667386883102e+03  6.235079847024431e+04  4.313144561963105e+02  1.250483897293184e+02  -2.064896977132794e-03  -3.087734456324821e-03  -1.571678753055982e-05
  3.299999999999952e+00  1.969289497154351e+04  -6.959001531182847e+03  -2.620406276181440e+03  6.255192341155069e+04  4.639284207748295e+02  1.000626597598761e+02  -2.199861564911618e-03  -3.072672422520949e-03  -1.253973275929725e-05
  3.304999999999952e+00  2.113589889764694e+04  -5.900620256230160e+03  -2.062488436063305e+03  6.271971698590706e+04  4.988915641128553e+02  7.510659578434347e+01  -2.341707578695092e-03  -3.052751342299269e-03  -9.552887507079580e-06
  3.309999999999952e+00  2.262745367345239e+04  -4.824403144056218e+03  -1.485599272556053e+03  6.286457912079618e+04  5.362453903750911e+02  5.349565387218460e+01  -2.487814490270180e-03  -3.028443222267841e-03  -6.795562513560961e-06
  3.314999999999952e+00  2.413211430968598e+04  -3.755881722672285e+03  -9.035131767141918e+02  6.298154723452523e+04  5.751063395210239e+02  3.231876484173202e+01  -2.636368442300831e-03  -3.003655050761443e-03  -4.988864931764632e-06
  3.319999999999951e+00  2.562998182173139e+04  -2.717888833483727e+03  -3.274344068252163e+02  6.309166092753876e+04  6.159181639852861e+02  1.394239921721829e+01  -2.783932772486976e-03  -2.978703350643614e-03  -3.575856047815822e-06
  3.324999999999951e+00  2.708959165179781e+04  -1.731333412129660e+03  2.304199561724982e+02  6.320632691542918e+04  6.582295341418394e+02  -8.172086212224059e-01  -2.927529760087729e-03  -2.954989250681580e-03  -2.801912984642300e-06
  3.329999999999951e+00  2.848134099115458e+04  -8.170934607613565e+02  7.559250486200145e+02  6.333558284172566e+04  7.022081541227035e+02  -9.825895034276545e+00  -3.066063333027761e-03  -2.934740710312773e-03  -2.183241674090917e-06
  3.334999999999951e+00  2.978719530921010e+04  2.337306006941617e+00  1.239765664668547e+03  6.348658821819937e+04  7.468585886367790e+02  -1.677838107347256e+01  -3.196908777318947e-03  -2.920004960370413e-03  -2.357214366072699e-06
  3.339999999999951e+00  3.099672497706364e+04  7.267328834188245e+02  1.678970259923788e+03  6.367677825686465e+04  7.922991092868841e+02  -1.982442341574550e+01  -3.317234404576597e-03  -2.911137028830886e-03  -2.947637233459610e-06
  3.344999999999951e+00  3.207304309405862e+04  1.334728795165477e+03  2.056406184121578e+03  6.390242183504912e+04  8.379262790312430e+02  -1.729753351613711e+01  -3.428443880735651e-03  -2.911347556677676e-03  -3.631412135077979e-06
  3.349999999999951e+00  3.302055371451282e+04  1.817017439070457e+03  2.371512131975409e+03  6.417777323782550e+04  8.830659854502553e+02  -1.336774007072812e+01  -3.527537380347252e-03  -2.920004113587396e-03  -4.947975215163555e-06
  3.354999999999951e+00  3.384442714757509e+04  2.188259105068173e+03  2.628235913948599e+03  6.451251172550595e+04  9.279426534387941e+02  -6.752547945709530e+00  -3.612581103620089e-03  -2.937158433755914e-03  -6.413602357367466e-06
  3.359999999999951e+00  3.451092531803345e+04  2.425400464611065e+03  2.810162118044614e+03  6.489506054661464e+04  9.711065838522446e+02  2.169190670574315e+00  -3.686129728709224e-03  -2.964633307013076e-03  -8.173690500852235e-06
  3.364999999999950e+00  3.502259181575292e+04  2.541841470817546e+03  2.920075172525023e+03  6.532467744051601e+04  1.012506266665528e+03  1.379334837473972e+01  -3.747881064656473e-03  -3.002833224415804e-03  -9.789576968201689e-06
  3.369999999999950e+00  3.541900799292636e+04  2.551980337574531e+03  2.972069335606765e+03  6.581813386293234e+04  1.052485787418465e+03  2.509804295685454e+01  -3.794016462039427e-03  -3.047570912076675e-03  -1.170016176500322e-05
  3.374999999999950e+00  3.565944699979349e+04  2.440789818163948e+03  2.949945210635662e+03  6.635041325316824e+04  1.089193977344555e+03  3.699741312942525e+01  -3.829042424380577e-03  -3.100644702344646e-03  -1.384886653157593e-05
  3.379999999999950e+00  3.575513106923922e+04  2.223995186991184e+03  2.859429213346983e+03  6.691633784364401e+04  1.123140049769483e+03  4.949121453174693e+01  -3.853461239437523e-03  -3.161173639054645e-03  -1.584970463792989e-05
  3.384999999999950e+00  3.575738237537842e+04  1.925458177142908e+03  2.720172074838121e+03  6.752698507903932e+04  1.154867013295978e+03  6.157536299949813e+01  -3.863707800697040e-03  -3.224118860798975e-03  -1.811545041125726e-05
  3.389999999999950e+00  3.562823968363422e+04  1.534036628982549e+03  2.518568991764634e+03  6.815489058080570e+04  1.182637466755598e+03  7.356000433554385e+01  -3.864678825655977e-03  -3.290143589153372e-03  -2.064192627871105e-05
  3.394999999999950e+00  3.541039724154775e+04  1.074647277529020e+03  2.271558369170647e+03  6.880227476866142e+04  1.208015275240223e+03  8.595449777475926e+01  -3.855358917335842e-03  -3.356277329187509e-03  -2.322467749769934e-05
  3.399999999999950e+00  3.507740859729447e+04  5.404132785152378e+02  1.970754791270093e+03  6.944863134856547e+04  1.230051187736085e+03  9.746250914840870e+01  -3.839790280525838e-03  -3.421745469337229e-03  -2.610593215308559e-05
  3.404999999999950e+00  3.468100799015448e+04  -4.051817225837300e+01  1.636905864573226e+03  7.009763789123208e+04  1.249027288640863e+03  1.103760824621470e+02  -3.815550929829591e-03  -3.482581630048781e-03  -2.927019539252193e-05
  3.409999999999950e+00  3.423233420150297e+04  -6.613322117717655e+02  1.274737114937160e+03  7.074079369089841e+04  1.265971427026398e+03  1.245664605219724e+02  -3.785428030788923e-03  -3.537723456035309e-03  -3.259299318314298e-05
  3.414999999999949e+00  3.372952138962816e+04  -1.315398266243052e+03  8.862262861574629e+02  7.136804369291376e+04  1.280405187926369e+03  1.399685104801657e+02  -3.751245547893464e-03  -3.585613828366004e-03  -3.623542396723736e-05
  3.419999999999949e+00  3.319567921114493e+04  -1.992591287656855e+03  4.811205406900153e+02  7.197684209608728e+04  1.293894901455383e+03  1.539164235036943e+02  -3.715301239758629e-03  -3.624865266272304e-03  -4.050066936185743e-05
  3.424999999999949e+00  3.266135264311201e+04  -2.675460757742787e+03  7.156460365231290e+01  7.256699394168278e+04  1.305760350066951e+03  1.722182515423893e+02  -3.677811717484103e-03  -3.654266399575279e-03  -4.459695629121808e-05
  3.429999999999949e+00  3.213352484548440e+04  -3.355176385554998e+03  -3.370146209374399e+02  7.313649863464755e+04  1.317194218866319e+03  1.922769499429218e+02  -3.640804145388285e-03  -3.673142298387691e-03  -4.893245881535897e-05
  3.434999999999949e+00  3.163879289689862e+04  -4.019433818346913e+03  -7.328584698473255e+02  7.368659220164467e+04  1.329343435903132e+03  2.099723007614731e+02  -3.606495527012472e-03  -3.681131729319025e-03  -5.403914125047974e-05
  3.439999999999949e+00  3.118792694534102e+04  -4.661328121262629e+03  -1.112036212207491e+03  7.421807431951440e+04  1.341243825791894e+03  2.325908737844930e+02  -3.577131633587520e-03  -3.678940799713159e-03  -5.850770682220806e-05
  3.444999999999949e+00  3.080759172121293e+04  -5.263788171556554e+03  -1.461830643334696e+03  7.473840948922058e+04  1.355145353618437e+03  2.565402745045325e+02  -3.553148823297951e-03  -3.666540786917818e-03  -6.303942104355995e-05
  3.449999999999949e+00  3.050698747943675e+04  -5.821543074662613e+03  -1.777611395378835e+03  7.524830063139905e+04  1.370291945396819e+03  2.804943377411904e+02  -3.537855377949253e-03  -3.645165340977548e-03  -6.736392644728235e-05
  3.454999999999949e+00  3.032538400210511e+04  -6.310504828562383e+03  -2.042209002569733e+03  7.575826005815796e+04  1.388898324126298e+03  3.008477954903472e+02  -3.529896204731628e-03  -3.615373110007492e-03  -7.239318496284793e-05
  3.459999999999948e+00  3.025214520451254e+04  -6.736386225035418e+03  -2.260604716778317e+03  7.627265069803654e+04  1.410504833612050e+03  3.248692537269931e+02  -3.533203912845421e-03  -3.579301526056971e-03  -7.639140992936931e-05
  3.464999999999948e+00  3.029860254574935e+04  -7.088278083057868e+03  -2.426334151248163e+03  7.679395898350840e+04  1.434468602224811e+03  3.468970417699545e+02  -3.548841975960412e-03  -3.538404070681339e-03  -7.995667699935433e-05
  3.469999999999948e+00  3.050549670180636e+04  -7.342471946747443e+03  -2.522684166536916e+03  7.733450910481215e+04  1.462825974107653e+03  3.645436180374639e+02  -3.574067927322308e-03  -3.493760851741115e-03  -8.383099182886788e-05
  3.474999999999948e+00  3.084255016691746e+04  -7.513130720388861e+03  -2.561839069819605e+03  7.789701350408526e+04  1.495208933734289e+03  3.831899363277450e+02  -3.613145209163770e-03  -3.447796257929472e-03  -8.656568477148151e-05
  3.479999999999948e+00  3.131146276304139e+04  -7.593013834622283e+03  -2.541940385545066e+03  7.848131500819833e+04  1.530271349856534e+03  3.980047454178540e+02  -3.665231621223527e-03  -3.402100491974794e-03  -8.871418377110694e-05
  3.484999999999948e+00  3.193181552808929e+04  -7.570823232130001e+03  -2.455120028066707e+03  7.909822620089783e+04  1.569945438890311e+03  4.096695886275959e+02  -3.728269036988714e-03  -3.357808907270391e-03  -9.037195379815080e-05
  3.489999999999948e+00  3.269566135557464e+04  -7.446658708279428e+03  -2.304472044504770e+03  7.974772300800346e+04  1.611891780702460e+03  4.170758722366265e+02  -3.800250522894612e-03  -3.316027379745092e-03  -9.152003273571905e-05
  3.494999999999948e+00  3.355236718473498e+04  -7.242167981979039e+03  -2.109512745735397e+03  8.042304000605863e+04  1.656719922972884e+03  4.209152079933710e+02  -3.884126374608982e-03  -3.279159707368673e-03  -9.180125794183815e-05
  3.499999999999948e+00  3.452367920794764e+04  -6.944392122508248e+03  -1.861231831524921e+03  8.113310057581683e+04  1.704575004869213e+03  4.207528977450286e+02  -3.974994790512948e-03  -3.246925498902479e-03  -9.141057892596325e-05
  3.504999999999947e+00  3.557932432140843e+04  -6.570154515701965e+03  -1.572921074107688e+03  8.187350057172090e+04  1.753259710142430e+03  4.178677484985624e+02  -4.070679386747236e-03  -3.219939997107992e-03  -9.021110485875702e-05
  3.509999999999947e+00  3.667228561628608e+04  -6.138091851069656e+03  -1.262124005475119e+03  8.263204326218122e+04  1.803795292783768e+03  4.102940979694514e+02  -4.171313283043477e-03  -3.200012073273292e-03  -8.860414515723186e-05
  3.514999999999947e+00  3.780853653598523e+04  -5.645691549262799e+03  -9.266697950473720e+02  8.341563417651468e+04  1.855058078595139e+03  3.992024620617441e+02  -4.272275991482314e-03  -3.185471252773851e-03  -8.625552191766660e-05
  3.519999999999947e+00  3.895102285698795e+04  -5.123729066250533e+03  -5.845862470219845e+02  8.422096956174159e+04  1.905127686836971e+03  3.892500959785014e+02  -4.371055156815250e-03  -3.175849724627467e-03  -8.292048430091948e-05
  3.524999999999947e+00  4.004723254342960e+04  -4.587941698369951e+03  -2.538107960850973e+02  8.502501952133953e+04  1.956170839056294e+03  3.740072598901508e+02  -4.467551902133302e-03  -3.173398220189798e-03  -7.978723962207396e-05
  3.529999999999947e+00  4.110407740259712e+04  -4.042128031101483e+03  6.652754387357709e+01  8.583841227716535e+04  2.005844508543309e+03  3.566596450746534e+02  -4.557061146180492e-03  -3.174716271292437e-03  -7.604153214312096e-05
  3.534999999999947e+00  4.206797603926442e+04  -3.525089696881983e+03  3.525771268553562e+02  8.664465693460839e+04  2.054620160727694e+03  3.392399456942535e+02  -4.639014270180220e-03  -3.180843799323063e-03  -7.238060147627362e-05
  3.539999999999947e+00  4.294417814657342e+04  -3.047340432323231e+03  6.032002335193696e+02  8.745561841240949e+04  2.100241316854399e+03  3.255360641355165e+02  -4.710722729152254e-03  -3.188027575936957e-03  -6.773450719518532e-05
  3.544999999999947e+00  4.369846079731039e+04  -2.614531048318707e+03  8.082100575096651e+02  8.824695498095140e+04  2.144521756170148e+03  3.073771508315915e+02  -4.771117461702137e-03  -3.197889755855135e-03  -6.364103368214011e-05
  3.549999999999947e+00  4.430747943703717e+04  -2.261976281931567e+03  9.532844854467219e+02  8.901710952366774e+04  2.187042976763422e+03  2.907688629874243e+02  -4.820280493395392e-03  -3.209286651971917e-03  -5.998285221572669e-05
  3.554999999999946e+00  4.478449879022330e+04  -1.996585098642972e+03  1.040044799480360e+03  8.977709557852679e+04  2.226029698736319e+03  2.786746017126684e+02  -4.857175488334761e-03  -3.218721375107157e-03  -5.571350851197491e-05
  3.559999999999946e+00  4.511509914024388e+04  -1.820093730028893e+03  1.065154247686794e+03  9.050735520562869e+04  2.262489926295056e+03  2.636571866985271e+02  -4.881705077537333e-03  -3.227503303646788e-03  -5.233395107087313e-05
  3.564999999999946e+00  4.529761379732629e+04  -1.754338392142948e+03  1.023607904204486e+03  9.121129140838992e+04  2.296656062877762e+03  2.509722035598393e+02  -4.895450105373399e-03  -3.234254122853776e-03  -4.959423110243671e-05
  3.569999999999946e+00  4.535042003518442e+04  -1.798209811357210e+03  9.205253286397624e+02  9.189246552684506e+04  2.327160645304240e+03  2.398742015750360e+02  -4.899038370328063e-03  -3.237318622950960e-03  -4.712095569978490e-05
  3.574999999999946e+00  4.527803261644390e+04  -1.959659157326088e+03  7.558578797798858e+02  9.255009282815935e+04  2.355573898734311e+03  2.332019470765268e+02  -4.894975066343335e-03  -3.236324473943635e-03  -4.487988467228712e-05
  3.579999999999946e+00  4.510746604475877e+04  -2.228597074937235e+03  5.404820134656397e+02  9.318434310872074e+04  2.381066974652094e+03  2.266266954806432e+02  -4.883795514759541e-03  -3.230798127157113e-03  -4.374334825624648e-05
  3.584999999999946e+00  4.484993442341753e+04  -2.611574377663930e+03  2.753466159001341e+02  9.379659916739012e+04  2.403406065417374e+03  2.226100352277087e+02  -4.868984501253812e-03  -3.220657061218106e-03  -4.318858824090249e-05
  3.589999999999946e+00  4.454379051021394e+04  -3.089835291303423e+03  -2.390736349268302e+01  9.439611952911409e+04  2.423681557243483e+03  2.216533204330991e+02  -4.851636675912067e-03  -3.204567659930913e-03  -4.329469671600081e-05
  3.594999999999946e+00  4.418587923046637e+04  -3.663422529130286e+03  -3.589509838867529e+02  9.497300184230565e+04  2.442768844527259e+03  2.235153937826948e+02  -4.836177191956447e-03  -3.184648135148831e-03  -4.387467556199102e-05
  3.599999999999945e+00  4.382252313727736e+04  -4.326065885395970e+03  -7.151753083522228e+02  9.554225979767040e+04  2.458676073300111e+03  2.281522782120888e+02  -4.823462147943242e-03  -3.159223481304496e-03  -4.539580320011026e-05
  3.604999999999945e+00  4.349532715629958e+04  -5.043370196406031e+03  -1.073550320055887e+03  9.611369354059421e+04  2.473092748411681e+03  2.359970998030063e+02  -4.814116387055817e-03  -3.127281013540199e-03  -4.737368115761836e-05
  3.609999999999945e+00  4.317450960958809e+04  -5.821027746181533e+03  -1.444755335522191e+03  9.666640079366771e+04  2.487238349357925e+03  2.456458222276012e+02  -4.813554903626343e-03  -3.092969897214776e-03  -4.985872285410649e-05
  3.614999999999945e+00  4.291965255278026e+04  -6.650413541690971e+03  -1.810456701146963e+03  9.722548124087001e+04  2.498499601070223e+03  2.588092594811625e+02  -4.820939622577148e-03  -3.053122160513804e-03  -5.295885520959637e-05
  3.619999999999945e+00  4.276714501521140e+04  -7.487634476015669e+03  -2.151448031517178e+03  9.779861225159289e+04  2.508668291858210e+03  2.745480763736439e+02  -4.835189821901397e-03  -3.007043278529076e-03  -5.612994963968773e-05
  3.624999999999945e+00  4.267467772651816e+04  -8.355494109381538e+03  -2.485505071108088e+03  9.836576751378529e+04  2.517456798285578e+03  2.920999555889272e+02  -4.861090713732181e-03  -2.958434521790359e-03  -5.966216133436943e-05
  3.629999999999945e+00  4.265865498212343e+04  -9.217338378699435e+03  -2.800104824388574e+03  9.892858443663221e+04  2.526197069065854e+03  3.092662488098572e+02  -4.897737199461430e-03  -2.907469843449734e-03  -6.313214668651687e-05
  3.634999999999945e+00  4.278582173694342e+04  -1.005697064715762e+04  -3.074104949374535e+03  9.951849278294086e+04  2.532808121641765e+03  3.291212124370862e+02  -4.940400632467520e-03  -2.849610899356802e-03  -6.629910111254459e-05
  3.639999999999945e+00  4.298256049988770e+04  -1.089139619921852e+04  -3.331758597289771e+03  1.001035364391288e+05  2.538334935333909e+03  3.491706177057079e+02  -4.993657980302734e-03  -2.789796621981130e-03  -6.940968290969980e-05
  3.644999999999945e+00  4.325774095022229e+04  -1.169022500443555e+04  -3.563403772759303e+03  1.006861649912438e+05  2.543596542361984e+03  3.672238002966726e+02  -5.055534117193117e-03  -2.728006645868121e-03  -7.223203732052297e-05
  3.649999999999944e+00  4.365858291831861e+04  -1.243972610991882e+04  -3.754056615969772e+03  1.012908986593124e+05  2.547873694648539e+03  3.865302334301333e+02  -5.120293517058744e-03  -2.660656857402069e-03  -7.431465766321782e-05
  3.654999999999944e+00  4.411444511528245e+04  -1.315314537466219e+04  -3.924990933937091e+03  1.018909932936722e+05  2.552053317674253e+03  4.049927176022450e+02  -5.191275500544444e-03  -2.591574626796453e-03  -7.608926793974263e-05
  3.659999999999944e+00  4.465017723964415e+04  -1.380472978448397e+04  -4.063398632031155e+03  1.024986626665717e+05  2.556692096241464e+03  4.220371572087330e+02  -5.264477488468279e-03  -2.519689112827807e-03  -7.717214417616749e-05
  3.664999999999944e+00  4.522431205577865e+04  -1.440164222214382e+04  -4.180529293362690e+03  1.030998845144299e+05  2.561914405533761e+03  4.363667539898290e+02  -5.341232327962669e-03  -2.446774913813697e-03  -7.837464329516749e-05
  3.669999999999944e+00  4.585529199804247e+04  -1.492832759875497e+04  -4.268469607988027e+03  1.037088994370897e+05  2.569256838748618e+03  4.514907755231735e+02  -5.417157062287952e-03  -2.371236313077995e-03  -7.881419032892669e-05
  3.674999999999944e+00  4.652397879623992e+04  -1.538295314275064e+04  -4.330584525971344e+03  1.043190742474485e+05  2.578748232411072e+03  4.648852354479083e+02  -5.492968118971949e-03  -2.294885670151549e-03  -7.883555041211571e-05
  3.679999999999944e+00  4.722405768569645e+04  -1.575513696307773e+04  -4.364906031465488e+03  1.049320160596988e+05  2.591653770862404e+03  4.780017416502006e+02  -5.567453919077803e-03  -2.217398848691140e-03  -7.879564739615704e-05
  3.684999999999944e+00  4.796318073603891e+04  -1.604300530925473e+04  -4.367905872689857e+03  1.055487229361047e+05  2.607186252174977e+03  4.880358873651155e+02  -5.640566301161786e-03  -2.139494885063277e-03  -7.925836013729467e-05
  3.689999999999944e+00  4.870798361319461e+04  -1.624750102650186e+04  -4.348760733856868e+03  1.061641268488659e+05  2.627457676362433e+03  4.987303129860442e+02  -5.713503078457459e-03  -2.062610718985801e-03  -7.914424077577336e-05
  3.694999999999943e+00  4.949126918475819e+04  -1.634653238069020e+04  -4.292034039659793e+03  1.067901235686298e+05  2.652967917329080e+03  5.097242399976877e+02  -5.784034290056876e-03  -1.985249476760222e-03  -7.925192929890300e-05
  3.699999999999943e+00  5.032097098632110e+04  -1.634814273727468e+04  -4.197104819037402e+03  1.074259036503583e+05  2.682239545349024e+03  5.177465111413219e+02  -5.853064467128353e-03  -1.908079794011452e-03  -8.014555469775656e-05
  3.704999999999943e+00  5.114061617605496e+04  -1.626190683621604e+04  -4.081087491803929e+03  1.080568024599370e+05  2.716847541822876e+03  5.267259603999635e+02  -5.925409572713392e-03  -1.833764611622748e-03  -8.070018864999018e-05
  3.709999999999943e+00  5.201635867051452e+04  -1.605827865644521e+04  -3.918835727007188e+03  1.087058307752723e+05  2.757073714783225e+03  5.361081042483103e+02  -5.996472585886186e-03  -1.759245971934193e-03  -8.159965019556907e-05
  3.714999999999943e+00  5.290304492680551e+04  -1.576948175813035e+04  -3.730360829338272e+03  1.093543902878889e+05  2.800996247403353e+03  5.439381552697236e+02  -6.071595593119232e-03  -1.687192182995732e-03  -8.277793666036174e-05
  3.719999999999943e+00  5.386878982931293e+04  -1.537115623306885e+04  -3.492153278037422e+03  1.100297480026364e+05  2.848972202475829e+03  5.498207322589102e+02  -6.145228572030014e-03  -1.613931891501202e-03  -8.463883495553841e-05
  3.724999999999943e+00  5.485283475512685e+04  -1.487730260798287e+04  -3.223898119531195e+03  1.107119157211538e+05  2.901374833551362e+03  5.570087014435265e+02  -6.223067924708727e-03  -1.542523127004738e-03  -8.628107365074183e-05
  3.729999999999943e+00  5.584639821331802e+04  -1.431372724701445e+04  -2.935215868228993e+03  1.113972386556126e+05  2.955844521637702e+03  5.625354307403222e+02  -6.306079030376320e-03  -1.473006944691934e-03  -8.807912350809159e-05
  3.734999999999943e+00  5.690684656069573e+04  -1.366288487196141e+04  -2.607734400333613e+03  1.121142778149463e+05  3.012698914992601e+03  5.661046371915721e+02  -6.388084252279623e-03  -1.401477962657302e-03  -9.013433674352089e-05
  3.739999999999942e+00  5.797168206995954e+04  -1.294651196969017e+04  -2.263967624085469e+03  1.128388951736817e+05  3.071280574680021e+03  5.697525892968424e+02  -6.474209931863467e-03  -1.331447483137312e-03  -9.193058942340780e-05
  3.744999999999942e+00  5.902870403080977e+04  -1.219068601551439e+04  -1.914848364182105e+03  1.135726017292365e+05  3.129938022227861e+03  5.717109506317329e+02  -6.563565222083427e-03  -1.262206540477635e-03  -9.368031762794635e-05
  3.749999999999942e+00  6.010203301291932e+04  -1.138893155487821e+04  -1.553445038071745e+03  1.143308347022719e+05  3.188617245049831e+03  5.718065812797308e+02  -6.651978819908164e-03  -1.191915388070619e-03  -9.522437123798449e-05
  3.754999999999942e+00  6.116149503868989e+04  -1.056790669467992e+04  -1.195137391670657e+03  1.151156059148800e+05  3.246532860808790e+03  5.703276985642801e+02  -6.738613304969919e-03  -1.119840278737687e-03  -9.642290917383856e-05
  3.759999999999942e+00  6.217335452738662e+04  -9.746622906774886e+03  -8.543078220093901e+02  1.159083102720278e+05  3.302752933490368e+03  5.673463373025306e+02  -6.824912677846111e-03  -1.049025168176298e-03  -9.748153652480302e-05
  3.764999999999942e+00  6.314511220248019e+04  -8.933381025489232e+03  -5.315382584482272e+02  1.167245531418742e+05  3.356501089045182e+03  5.615748620229872e+02  -6.906810193626304e-03  -9.773138526984531e-04  -9.811585252596301e-05
  3.769999999999942e+00  6.404981393952695e+04  -8.148826310820443e+03  -2.391829446854074e+02  1.175620003108050e+05  3.408166895610078e+03  5.548791323383143e+02  -6.982868591502630e-03  -9.050034425757054e-04  -9.858920967374938e-05
  3.774999999999942e+00  6.486734205515798e+04  -7.409722633453262e+03  1.370422924506987e+01  1.184253524977903e+05  3.456851637309122e+03  5.472711048060269e+02  -7.052117317046316e-03  -8.315398181875833e-04  -9.831297208548583e-05
  3.779999999999942e+00  6.559183351639127e+04  -6.731059568622645e+03  2.215850320731405e+02  1.193035885907885e+05  3.501404736110556e+03  5.363140618386770e+02  -7.113044469747519e-03  -7.587259382189292e-04  -9.800399628653202e-05
  3.784999999999942e+00  6.621465934930554e+04  -6.121023877475965e+03  3.812547488616083e+02  1.202062117654217e+05  3.543445765571294e+03  5.256089825153148e+02  -7.162815748940017e-03  -6.852238078313124e-04  -9.771659023051564e-05
  3.789999999999941e+00  6.670219037059514e+04  -5.603230198372165e+03  4.790012960085530e+02  1.211255107089213e+05  3.581298923615698e+03  5.156955438133490e+02  -7.203565926178252e-03  -6.119517356006812e-04  -9.674222246332816e-05
  3.794999999999941e+00  6.707240312132312e+04  -5.183649698552357e+03  5.184401577497197e+02  1.220602992261951e+05  3.614854996065494e+03  5.031484889815688e+02  -7.232168045836681e-03  -5.389672898281592e-04  -9.608405335174022e-05
  3.799999999999941e+00  6.732826388145299e+04  -4.860861334126036e+03  5.023837223892095e+02  1.230172150650315e+05  3.645783445905987e+03  4.923410312750094e+02  -7.247141335825755e-03  -4.651675479775797e-04  -9.575609834588978e-05
  3.804999999999941e+00  6.744569105337579e+04  -4.659260513718271e+03  4.192368198193035e+02  1.239818538557633e+05  3.672139978869466e+03  4.816198002599099e+02  -7.252068080224588e-03  -3.918713156365575e-04  -9.540031546800381e-05
  3.809999999999941e+00  6.743385155923732e+04  -4.574378668029011e+03  2.734829547957474e+02  1.249508017137295e+05  3.695034554645985e+03  4.760087828030263e+02  -7.247292693572710e-03  -3.193793164792320e-04  -9.501382239238476e-05
  3.814999999999941e+00  6.733717480736203e+04  -4.595713902799322e+03  8.068674024246542e+01  1.259371247882758e+05  3.715380078608566e+03  4.700385727167794e+02  -7.229664756812815e-03  -2.447845359157818e-04  -9.562873130187331e-05
  3.819999999999941e+00  6.713144478758451e+04  -4.741800687342090e+03  -1.695674030730946e+02  1.269195303552886e+05  3.732257616585276e+03  4.663631385871900e+02  -7.205457947435929e-03  -1.702059713983744e-04  -9.659397333590630e-05
  3.824999999999941e+00  6.686237391124792e+04  -4.989133050491557e+03  -4.588272731631591e+02  1.279052308622161e+05  3.746806930714522e+03  4.656130623628279e+02  -7.173679478539256e-03  -9.394416945394589e-05  -9.826467993491542e-05
  3.829999999999941e+00  6.652470843170407e+04  -5.344478092226871e+03  -7.906275111763421e+02  1.288717034237353e+05  3.758631886978335e+03  4.708740549382995e+02  -7.139947456190914e-03  -1.836256184991861e-05  -9.999695888883693e-05
  3.834999999999940e+00  6.616258431408874e+04  -5.792003401571318e+03  -1.147533072673873e+03  1.298347608104162e+05  3.769270464506604e+03  4.762459150455400e+02  -7.103862376949478e-03  6.034062660125148e-05  -1.027739790848531e-04
  3.839999999999940e+00  6.580818119950983e+04  -6.311254547189156e+03  -1.516959524446541e+03  1.307865879751638e+05  3.778323043252488e+03  4.836563921154518e+02  -7.068082173193793e-03  1.416847501356047e-04  -1.060386104698204e-04
  3.844999999999940e+00  6.546451853579480e+04  -6.898223988871204e+03  -1.897936598391667e+03  1.317094683231472e+05  3.786804981999309e+03  4.963520298737172e+02  -7.037165511986221e-03  2.236073239754000e-04  -1.093166304723656e-04
  3.849999999999940e+00  6.517351849501828e+04  -7.534049619354822e+03  -2.273011906340236e+03  1.326173391439205e+05  3.795294889189780e+03  5.084551037557749e+02  -7.011981099999618e-03  3.094918304761445e-04  -1.132491158721033e-04
  3.854999999999940e+00  6.496176342342443e+04  -8.197946763502610e+03  -2.631553876433741e+03  1.335027529020163e+05  3.803178609890848e+03  5.210149729880175e+02  -6.994769768620509e-03  3.986422145408350e-04  -1.170455087416098e-04
  3.859999999999940e+00  6.483518468374007e+04  -8.880112378245882e+03  -2.969552893416714e+03  1.343599682793969e+05  3.812135229585486e+03  5.352986208637568e+02  -6.987984374997436e-03  4.902441198932461e-04  -1.207484712392293e-04
  3.864999999999940e+00  6.481196938320724e+04  -9.560998613603639e+03  -3.278258683339360e+03  1.351887373191394e+05  3.822135387558877e+03  5.497026090608796e+02  -6.992531712014345e-03  5.843972073994533e-04  -1.237989810597020e-04
  3.869999999999940e+00  6.491331251724915e+04  -1.022942759845872e+04  -3.548731235120825e+03  1.359947229021086e+05  3.832051982372509e+03  5.624683905930813e+02  -7.009265545673156e-03  6.823554209442010e-04  -1.261842799842644e-04
  3.874999999999940e+00  6.513335638700768e+04  -1.087300864392223e+04  -3.780222964018531e+03  1.367753850818037e+05  3.843552943286301e+03  5.749614853896837e+02  -7.038211565462701e-03  7.828121932314065e-04  -1.278376237265263e-04
  3.879999999999939e+00  6.547261857213921e+04  -1.148098163522114e+04  -3.970102120815194e+03  1.375344380576918e+05  3.856439517525845e+03  5.843587693021187e+02  -7.078968443389178e-03  8.860786375642783e-04  -1.284449484336513e-04
  3.884999999999939e+00  6.592909059094360e+04  -1.205141309812878e+04  -4.119324525102101e+03  1.382724060570106e+05  3.869122813382961e+03  5.931468528509721e+02  -7.131373589707678e-03  9.916132311666864e-04  -1.276426047396978e-04
  3.889999999999939e+00  6.649082325733799e+04  -1.257431790469873e+04  -4.228829660389846e+03  1.389950264674313e+05  3.882824945059918e+03  6.000531853542680e+02  -7.193006022936306e-03  1.099147887283229e-03  -1.257092678894570e-04
  3.894999999999939e+00  6.713932431887445e+04  -1.305398227436686e+04  -4.305306673223404e+03  1.397028462232799e+05  3.896604402156378e+03  6.049073119061054e+02  -7.263459879637503e-03  1.208050193697521e-03  -1.222903558030913e-04
  3.899999999999939e+00  6.786634767898041e+04  -1.348461830240672e+04  -4.348799879006891e+03  1.404064418704737e+05  3.911094076106281e+03  6.042099922910072e+02  -7.339138390620493e-03  1.319048314370360e-03  -1.181070874205432e-04
  3.904999999999939e+00  6.864910559771791e+04  -1.386997160187073e+04  -4.369099661564944e+03  1.411026553899873e+05  3.924858833370234e+03  6.035272937215929e+02  -7.419098936849250e-03  1.430328776456452e-03  -1.123424077523471e-04
  3.909999999999939e+00  6.946143997433124e+04  -1.422044963706654e+04  -4.375568301430621e+03  1.417937668601248e+05  3.938286524844890e+03  6.004131624135280e+02  -7.502192669184703e-03  1.541345955311608e-03  -1.053926975166662e-04
  3.914999999999939e+00  7.030179723824837e+04  -1.452880627816724e+04  -4.367340602848267e+03  1.424896968664118e+05  3.951081739067178e+03  5.935975852616501e+02  -7.584674324606026e-03  1.652847103644523e-03  -9.752446354139530e-05
  3.919999999999939e+00  7.115550581555747e+04  -1.480665822176469e+04  -4.350813640479134e+03  1.431936917727884e+05  3.963117117161143e+03  5.805677113558611e+02  -7.665423815578365e-03  1.764812508131211e-03  -8.940740151572244e-05
  3.924999999999939e+00  7.198680987104529e+04  -1.506184145380933e+04  -4.340510037732050e+03  1.438969876421045e+05  3.974785680978931e+03  5.673956693518167e+02  -7.744951882093575e-03  1.874200579294751e-03  -8.013086506652925e-05
  3.929999999999938e+00  7.281561816610565e+04  -1.528564417233969e+04  -4.328379381927208e+03  1.446137230931623e+05  3.985659047899424e+03  5.501384816297304e+02  -7.820015128523773e-03  1.983169242868346e-03  -7.045122788445724e-05
  3.934999999999938e+00  7.363542326178508e+04  -1.548915313228519e+04  -4.318654328319501e+03  1.453442675879199e+05  3.995837791570174e+03  5.271679576149420e+02  -7.890748400718970e-03  2.091434639323141e-03  -6.116057951885115e-05
  3.939999999999938e+00  7.441752576659778e+04  -1.567795799810753e+04  -4.321919730374841e+03  1.460795313027137e+05  4.006578558357068e+03  5.039542702324138e+02  -7.958891935653523e-03  2.196204897570205e-03  -5.147379033477149e-05
  3.944999999999938e+00  7.519829771431415e+04  -1.584078534341900e+04  -4.325350473166733e+03  1.468327635265752e+05  4.017206600321466e+03  4.784330937603877e+02  -8.022694953865537e-03  2.299833054324008e-03  -4.220221661991702e-05
  3.949999999999938e+00  7.596204378431807e+04  -1.598933657369332e+04  -4.335247868657975e+03  1.475966583182996e+05  4.028643338191900e+03  4.515875294727645e+02  -8.084566659173746e-03  2.400733676487230e-03  -3.374487788002460e-05
  3.954999999999938e+00  7.675042084378464e+04  -1.611141453537262e+04  -4.338323472832480e+03  1.483787172914562e+05  4.039848101694591e+03  4.235571835557431e+02  -8.144233618496560e-03  2.500315881561275e-03  -2.657115838104105e-05
  3.959999999999938e+00  7.754500526830793e+04  -1.621291152082264e+04  -4.339394053383186e+03  1.491740032551616e+05  4.052665077355779e+03  3.992093079526990e+02  -8.204455151869575e-03  2.597390944769883e-03  -2.054624106543415e-05
  3.964999999999938e+00  7.836229171246239e+04  -1.629390741749544e+04  -4.333293179254994e+03  1.499803779894096e+05  4.066691013292703e+03  3.774118246714304e+02  -8.267080568977509e-03  2.692106830306487e-03  -1.625516796223103e-05
  3.969999999999938e+00  7.924133012296399e+04  -1.634527786440444e+04  -4.308545588456986e+03  1.507999976211315e+05  4.081186501623942e+03  3.605876905768660e+02  -8.332514504548548e-03  2.785143652649708e-03  -1.382319364380272e-05
  3.974999999999937e+00  8.016580034722213e+04  -1.637553743906622e+04  -4.268685808820032e+03  1.516300550444822e+05  4.097489723334473e+03  3.503810260138822e+02  -8.404017538464419e-03  2.876795774702400e-03  -1.353406893207118e-05
  3.979999999999937e+00  8.115767751110997e+04  -1.638105222064154e+04  -4.207301706974129e+03  1.524667876148903e+05  4.114716734591239e+03  3.456462557384008e+02  -8.482817267129093e-03  2.967408380242146e-03  -1.540391652846582e-05
  3.984999999999937e+00  8.223016080127702e+04  -1.636421874644907e+04  -4.121850449547726e+03  1.533079654036063e+05  4.132859759092069e+03  3.478724431347482e+02  -8.569851533078510e-03  3.057454177514728e-03  -1.936946312154528e-05
  3.989999999999937e+00  8.338857843394426e+04  -1.632586100825226e+04  -4.012152012316864e+03  1.541493764399892e+05  4.151391979066600e+03  3.576460927499122e+02  -8.665574859991740e-03  3.147113320705683e-03  -2.469734963644990e-05
  3.994999999999937e+00  8.463132991905155e+04  -1.627167851053800e+04  -3.878210885386273e+03  1.549889629137898e+05  4.169892455464994e+03  3.689135715561360e+02  -8.771502458424636e-03  3.238231620102507e-03  -3.187634215655110e-05
  3.999999999999937e+00  8.595271350717005e+04  -1.621045362868371e+04  -3.725661163418662e+03  1.558196021083505e+05  4.187979756588275e+03  3.815356742307451e+02  -8.887140209015721e-03  3.330315898275250e-03  -3.990652370427677e-05
