TITLE = "Temporal Signal for fault receiver number(s) and simulation(s) 2,1;"
VARIABLES = "Time" ,"SRs" ,"SRd" ,"u_n" ,"Mud" ,"StV" ,"Ts0" ,"Td0" ,"Pn0" ,"Sls" ,"Sld" ,"Vr" ,"ASl" ,"PSR" ,"RT" ,"DS" ,"P_f" ,"Tmp"
# Receiver number 2
# x1	5.1884765607843268e-21
# x2	-2.2499999926258060e+03
# x3	-3.8971143042574931e+03
# face-global-id	47083
# plus-cell-global-id	11770
# plus-face-side	3
# minus-cell-global-id	13988
# minus-face-side	3
# P_01	-3.3543475757659003e+07
# T_s1	-1.6389902743689215e-08
# T_d1	-1.8443754952225626e+07
0.0000000000000000e+00	-0.0000000000000000e+00	-0.0000000000000000e+00	0.0000000000000000e+00	6.9999999999999996e-01	0.0000000000000000e+00	-1.6389902743689215e-08	-1.8443754952225626e+07	-3.3543475757659003e+07	0.0000000000000000e+00	-0.0000000000000000e+00	0.0000000000000000e+00	0.0000000000000000e+00	0.0000000000000000e+00	0.0000000000000000e+00	0.0000000000000000e+00	0.0000000000000000e+00	0.0000000000000000e+00	
9.5217524615570951e-04	-0.0000000000000000e+00	-0.0000000000000000e+00	0.0000000000000000e+00	6.9999999999999996e-01	0.0000000000000000e+00	-1.6389902743689215e-08	-1.8443754952225626e+07	-3.3543475757659003e+07	0.0000000000000000e+00	-0.0000000000000000e+00	0.0000000000000000e+00	0.0000000000000000e+00	0.0000000000000000e+00	0.0000000000000000e+00	0.0000000000000000e+00	0.0000000000000000e+00	0.0000000000000000e+00	
1.9043504923114190e-03	-0.0000000000000000e+00	-0.0000000000000000e+00	0.0000000000000000e+00	6.9999999999999996e-01	0.0000000000000000e+00	-1.6389902743689215e-08	-1.8443754952225626e+07	-3.3543475757659003e+07	0.0000000000000000e+00	-0.0000000000000000e+00	0.0000000000000000e+00	0.0000000000000000e+00	0.0000000000000000e+00	0.0000000000000000e+00	0.0000000000000000e+00	0.0000000000000000e+00	0.0000000000000000e+00	
2.8565257384671285e-03	-0.0000000000000000e+00	-0.0000000000000000e+00	0.0000000000000000e+00	6.9999999999999996e-01	0.0000000000000000e+00	-1.6389902743689215e-08	-1.8443754952225626e+07	-3.3543475757659003e+07	0.0000000000000000e+00	-0.0000000000000000e+00	0.0000000000000000e+00	0.0000000000000000e+00	0.0000000000000000e+00	0.0000000000000000e+00	0.0000000000000000e+00	0.0000000000000000e+00	0.0000000000000000e+00	
3.8087009846228381e-03	-0.0000000000000000e+00	-0.0000000000000000e+00	0.0000000000000000e+00	6.9999999999999996e-01	0.0000000000000000e+00	-1.6389902743689215e-08	-1.8443754952225626e+07	-3.3543475757659003e+07	0.0000000000000000e+00	-0.0000000000000000e+00	0.0000000000000000e+00	0.0000000000000000e+00	0.0000000000000000e+00	0.0000000000000000e+00	0.0000000000000000e+00	0.0000000000000000e+00	0.0000000000000000e+00	
4.7608762307785480e-03	-0.0000000000000000e+00	-0.0000000000000000e+00	0.0000000000000000e+00	6.9999999999999996e-01	0.0000000000000000e+00	-1.6389902743689215e-08	-1.8443754952225626e+07	-3.3543475757659003e+07	0.0000000000000000e+00	-0.0000000000000000e+00	0.0000000000000000e+00	0.0000000000000000e+00	0.0000000000000000e+00	0.0000000000000000e+00	0.0000000000000000e+00	0.0000000000000000e+00	0.0000000000000000e+00	
5.7130514769342580e-03	-0.0000000000000000e+00	-0.0000000000000000e+00	0.0000000000000000e+00	6.9999999999999996e-01	0.0000000000000000e+00	-1.6389902743689215e-08	-1.8443754952225626e+07	-3.3543475757659003e+07	0.0000000000000000e+00	-0.0000000000000000e+00	0.0000000000000000e+00	0.0000000000000000e+00	0.0000000000000000e+00	0.0000000000000000e+00	0.0000000000000000e+00	0.0000000000000000e+00	0.0000000000000000e+00	
6.6652267230899662e-03	-0.0000000000000000e+00	-0.0000000000000000e+00	0.0000000000000000e+00	6.9999999999999996e-01	0.0000000000000000e+00	-1.6389902743689215e-08	-1.8443754952225626e+07	-3.3543475757659003e+07	0.0000000000000000e+00	-0.0000000000000000e+00	0.0000000000000000e+00	0.0000000000000000e+00	0.0000000000000000e+00	0.0000000000000000e+00	0.0000000000000000e+00	0.0000000000000000e+00	0.0000000000000000e+00	
7.6174019692456761e-03	-0.0000000000000000e+00	-0.0000000000000000e+00	0.0000000000000000e+00	6.9999999999999996e-01	0.0000000000000000e+00	-1.6389902743689215e-08	-1.8443754952225626e+07	-3.3543475757659003e+07	0.0000000000000000e+00	-0.0000000000000000e+00	0.0000000000000000e+00	0.0000000000000000e+00	0.0000000000000000e+00	0.0000000000000000e+00	0.0000000000000000e+00	0.0000000000000000e+00	0.0000000000000000e+00	
8.5695772154013861e-03	-0.0000000000000000e+00	-0.0000000000000000e+00	0.0000000000000000e+00	6.9999999999999996e-01	0.0000000000000000e+00	-1.6389902743689215e-08	-1.8443754952225626e+07	-3.3543475757659003e+07	0.0000000000000000e+00	-0.0000000000000000e+00	0.0000000000000000e+00	0.0000000000000000e+00	0.0000000000000000e+00	0.0000000000000000e+00	0.0000000000000000e+00	0.0000000000000000e+00	0.0000000000000000e+00	
9.5217524615570960e-03	-0.0000000000000000e+00	-0.0000000000000000e+00	0.0000000000000000e+00	6.9999999999999996e-01	0.0000000000000000e+00	-1.6389902743689215e-08	-1.8443754952225626e+07	-3.3543475757659003e+07	0.0000000000000000e+00	-0.0000000000000000e+00	0.0000000000000000e+00	0.0000000000000000e+00	0.0000000000000000e+00	0.0000000000000000e+00	0.0000000000000000e+00	0.0000000000000000e+00	0.0000000000000000e+00	
1.0473927707712806e-02	-0.0000000000000000e+00	-0.0000000000000000e+00	0.0000000000000000e+00	6.9999999999999996e-01	0.0000000000000000e+00	-1.6389902743689215e-08	-1.8443754952225626e+07	-3.3543475757659003e+07	0.0000000000000000e+00	-0.0000000000000000e+00	0.0000000000000000e+00	0.0000000000000000e+00	0.0000000000000000e+00	0.0000000000000000e+00	0.0000000000000000e+00	0.0000000000000000e+00	0.0000000000000000e+00	
1.1426102953868516e-02	-0.0000000000000000e+00	-0.0000000000000000e+00	0.0000000000000000e+00	6.9999999999999996e-01	0.0000000000000000e+00	-1.6389902743689215e-08	-1.8443754952225626e+07	-3.3543475757659003e+07	0.0000000000000000e+00	-0.0000000000000000e+00	0.0000000000000000e+00	0.0000000000000000e+00	0.0000000000000000e+00	0.0000000000000000e+00	0.0000000000000000e+00	0.0000000000000000e+00	0.0000000000000000e+00	
1.2378278200024226e-02	-0.0000000000000000e+00	-0.0000000000000000e+00	0.0000000000000000e+00	6.9999999999999996e-01	0.0000000000000000e+00	-1.6389902743689215e-08	-1.8443754952225626e+07	-3.3543475757659003e+07	0.0000000000000000e+00	-0.0000000000000000e+00	0.0000000000000000e+00	0.0000000000000000e+00	0.0000000000000000e+00	0.0000000000000000e+00	0.0000000000000000e+00	0.0000000000000000e+00	0.0000000000000000e+00	
1.3330453446179936e-02	-0.0000000000000000e+00	-0.0000000000000000e+00	0.0000000000000000e+00	6.9999999999999996e-01	0.0000000000000000e+00	-1.6389902743689215e-08	-1.8443754952225626e+07	-3.3543475757659003e+07	0.0000000000000000e+00	-0.0000000000000000e+00	0.0000000000000000e+00	0.0000000000000000e+00	0.0000000000000000e+00	0.0000000000000000e+00	0.0000000000000000e+00	0.0000000000000000e+00	0.0000000000000000e+00	
1.4282628692335646e-02	-0.0000000000000000e+00	-0.0000000000000000e+00	0.0000000000000000e+00	6.9999999999999996e-01	0.0000000000000000e+00	-1.6389902743689215e-08	-1.8443754952225626e+07	-3.3543475757659003e+07	0.0000000000000000e+00	-0.0000000000000000e+00	0.0000000000000000e+00	0.0000000000000000e+00	0.0000000000000000e+00	0.0000000000000000e+00	0.0000000000000000e+00	0.0000000000000000e+00	0.0000000000000000e+00	
1.5234803938491356e-02	-0.0000000000000000e+00	-0.0000000000000000e+00	0.0000000000000000e+00	6.9999999999999996e-01	0.0000000000000000e+00	-1.6389902743689215e-08	-1.8443754952225626e+07	-3.3543475757659003e+07	0.0000000000000000e+00	-0.0000000000000000e+00	0.0000000000000000e+00	0.0000000000000000e+00	0.0000000000000000e+00	0.0000000000000000e+00	0.0000000000000000e+00	0.0000000000000000e+00	0.0000000000000000e+00	
1.6186979184647066e-02	-0.0000000000000000e+00	-0.0000000000000000e+00	0.0000000000000000e+00	6.9999999999999996e-01	0.0000000000000000e+00	-1.6389902743689215e-08	-1.8443754952225626e+07	-3.3543475757659003e+07	0.0000000000000000e+00	-0.0000000000000000e+00	0.0000000000000000e+00	0.0000000000000000e+00	0.0000000000000000e+00	0.0000000000000000e+00	0.0000000000000000e+00	0.0000000000000000e+00	0.0000000000000000e+00	
1.7139154430802776e-02	-0.0000000000000000e+00	-0.0000000000000000e+00	0.0000000000000000e+00	6.9999999999999996e-01	0.0000000000000000e+00	-1.6389902743689215e-08	-1.8443754952225626e+07	-3.3543475757659003e+07	0.0000000000000000e+00	-0.0000000000000000e+00	0.0000000000000000e+00	0.0000000000000000e+00	0.0000000000000000e+00	0.0000000000000000e+00	0.0000000000000000e+00	0.0000000000000000e+00	0.0000000000000000e+00	
1.8091329676958486e-02	-0.0000000000000000e+00	-0.0000000000000000e+00	0.0000000000000000e+00	6.9999999999999996e-01	0.0000000000000000e+00	-1.6389902743689215e-08	-1.8443754952225626e+07	-3.3543475757659003e+07	0.0000000000000000e+00	-0.0000000000000000e+00	0.0000000000000000e+00	0.0000000000000000e+00	0.0000000000000000e+00	0.0000000000000000e+00	0.0000000000000000e+00	0.0000000000000000e+00	0.0000000000000000e+00	
1.9043504923114195e-02	-0.0000000000000000e+00	-0.0000000000000000e+00	0.0000000000000000e+00	6.9999999999999996e-01	0.0000000000000000e+00	-1.6389902743689215e-08	-1.8443754952225626e+07	-3.3543475757659003e+07	0.0000000000000000e+00	-0.0000000000000000e+00	0.0000000000000000e+00	0.0000000000000000e+00	0.0000000000000000e+00	0.0000000000000000e+00	0.0000000000000000e+00	0.0000000000000000e+00	0.0000000000000000e+00	
1.9995680169269905e-02	-0.0000000000000000e+00	-0.0000000000000000e+00	0.0000000000000000e+00	6.9999999999999996e-01	0.0000000000000000e+00	-1.6389902743689215e-08	-1.8443754952225626e+07	-3.3543475757659003e+07	0.0000000000000000e+00	-0.0000000000000000e+00	0.0000000000000000e+00	0.0000000000000000e+00	0.0000000000000000e+00	0.0000000000000000e+00	0.0000000000000000e+00	0.0000000000000000e+00	0.0000000000000000e+00	
2.0947855415425615e-02	-0.0000000000000000e+00	-0.0000000000000000e+00	0.0000000000000000e+00	6.9999999999999996e-01	0.0000000000000000e+00	-1.6389902743689215e-08	-1.8443754952225626e+07	-3.3543475757659003e+07	0.0000000000000000e+00	-0.0000000000000000e+00	0.0000000000000000e+00	0.0000000000000000e+00	0.0000000000000000e+00	0.0000000000000000e+00	0.0000000000000000e+00	0.0000000000000000e+00	0.0000000000000000e+00	
2.1900030661581325e-02	-0.0000000000000000e+00	-0.0000000000000000e+00	0.0000000000000000e+00	6.9999999999999996e-01	0.0000000000000000e+00	-1.6389902743689215e-08	-1.8443754952225626e+07	-3.3543475757659003e+07	0.0000000000000000e+00	-0.0000000000000000e+00	0.0000000000000000e+00	0.0000000000000000e+00	0.0000000000000000e+00	0.0000000000000000e+00	0.0000000000000000e+00	0.0000000000000000e+00	0.0000000000000000e+00	
2.2852205907737035e-02	-0.0000000000000000e+00	-0.0000000000000000e+00	0.0000000000000000e+00	6.9999999999999996e-01	0.0000000000000000e+00	-1.6389902743689215e-08	-1.8443754952225626e+07	-3.3543475757659003e+07	0.0000000000000000e+00	-0.0000000000000000e+00	0.0000000000000000e+00	0.0000000000000000e+00	0.0000000000000000e+00	0.0000000000000000e+00	0.0000000000000000e+00	0.0000000000000000e+00	0.0000000000000000e+00	
2.3804381153892745e-02	-0.0000000000000000e+00	-0.0000000000000000e+00	0.0000000000000000e+00	6.9999999999999996e-01	0.0000000000000000e+00	-1.6389902743689215e-08	-1.8443754952225626e+07	-3.3543475757659003e+07	0.0000000000000000e+00	-0.0000000000000000e+00	0.0000000000000000e+00	0.0000000000000000e+00	0.0000000000000000e+00	0.0000000000000000e+00	0.0000000000000000e+00	0.0000000000000000e+00	0.0000000000000000e+00	
2.4756556400048455e-02	-0.0000000000000000e+00	-0.0000000000000000e+00	0.0000000000000000e+00	6.9999999999999996e-01	0.0000000000000000e+00	-1.6389902743689215e-08	-1.8443754952225626e+07	-3.3543475757659003e+07	0.0000000000000000e+00	-0.0000000000000000e+00	0.0000000000000000e+00	0.0000000000000000e+00	0.0000000000000000e+00	0.0000000000000000e+00	0.0000000000000000e+00	0.0000000000000000e+00	0.0000000000000000e+00	
2.5708731646204165e-02	-0.0000000000000000e+00	-0.0000000000000000e+00	0.0000000000000000e+00	6.9999999999999996e-01	0.0000000000000000e+00	-1.6389902743689215e-08	-1.8443754952225626e+07	-3.3543475757659003e+07	0.0000000000000000e+00	-0.0000000000000000e+00	0.0000000000000000e+00	0.0000000000000000e+00	0.0000000000000000e+00	0.0000000000000000e+00	0.0000000000000000e+00	0.0000000000000000e+00	0.0000000000000000e+00	
2.6660906892359875e-02	-0.0000000000000000e+00	-0.0000000000000000e+00	0.0000000000000000e+00	6.9999999999999996e-01	0.0000000000000000e+00	-1.6389902743689215e-08	-1.8443754952225626e+07	-3.3543475757659003e+07	0.0000000000000000e+00	-0.0000000000000000e+00	0.0000000000000000e+00	0.0000000000000000e+00	0.0000000000000000e+00	0.0000000000000000e+00	0.0000000000000000e+00	0.0000000000000000e+00	0.0000000000000000e+00	
2.7613082138515585e-02	-0.0000000000000000e+00	-0.0000000000000000e+00	0.0000000000000000e+00	6.9999999999999996e-01	0.0000000000000000e+00	-1.6389902743689215e-08	-1.8443754952225626e+07	-3.3543475757659003e+07	0.0000000000000000e+00	-0.0000000000000000e+00	0.0000000000000000e+00	0.0000000000000000e+00	0.0000000000000000e+00	0.0000000000000000e+00	0.0000000000000000e+00	0.0000000000000000e+00	0.0000000000000000e+00	
2.8565257384671295e-02	-0.0000000000000000e+00	-0.0000000000000000e+00	0.0000000000000000e+00	6.9999999999999996e-01	0.0000000000000000e+00	-1.6389902743689215e-08	-1.8443754952225626e+07	-3.3543475757659003e+07	0.0000000000000000e+00	-0.0000000000000000e+00	0.0000000000000000e+00	0.0000000000000000e+00	0.0000000000000000e+00	0.0000000000000000e+00	0.0000000000000000e+00	0.0000000000000000e+00	0.0000000000000000e+00	
2.9517432630827005e-02	-0.0000000000000000e+00	-0.0000000000000000e+00	0.0000000000000000e+00	6.9999999999999996e-01	0.0000000000000000e+00	-1.6389902743689215e-08	-1.8443754952225626e+07	-3.3543475757659003e+07	0.0000000000000000e+00	-0.0000000000000000e+00	0.0000000000000000e+00	0.0000000000000000e+00	0.0000000000000000e+00	0.0000000000000000e+00	0.0000000000000000e+00	0.0000000000000000e+00	0.0000000000000000e+00	
3.0469607876982715e-02	-0.0000000000000000e+00	-0.0000000000000000e+00	0.0000000000000000e+00	6.9999999999999996e-01	0.0000000000000000e+00	-1.6389902743689215e-08	-1.8443754952225626e+07	-3.3543475757659003e+07	0.0000000000000000e+00	-0.0000000000000000e+00	0.0000000000000000e+00	0.0000000000000000e+00	0.0000000000000000e+00	0.0000000000000000e+00	0.0000000000000000e+00	0.0000000000000000e+00	0.0000000000000000e+00	
3.1421783123138425e-02	-0.0000000000000000e+00	-0.0000000000000000e+00	0.0000000000000000e+00	6.9999999999999996e-01	0.0000000000000000e+00	-1.6389902743689215e-08	-1.8443754952225626e+07	-3.3543475757659003e+07	0.0000000000000000e+00	-0.0000000000000000e+00	0.0000000000000000e+00	0.0000000000000000e+00	0.0000000000000000e+00	0.0000000000000000e+00	0.0000000000000000e+00	0.0000000000000000e+00	0.0000000000000000e+00	
3.2373958369294131e-02	-0.0000000000000000e+00	-0.0000000000000000e+00	0.0000000000000000e+00	6.9999999999999996e-01	0.0000000000000000e+00	-1.6389902743689215e-08	-1.8443754952225626e+07	-3.3543475757659003e+07	0.0000000000000000e+00	-0.0000000000000000e+00	0.0000000000000000e+00	0.0000000000000000e+00	0.0000000000000000e+00	0.0000000000000000e+00	0.0000000000000000e+00	0.0000000000000000e+00	0.0000000000000000e+00	
3.3326133615449838e-02	-0.0000000000000000e+00	-0.0000000000000000e+00	0.0000000000000000e+00	6.9999999999999996e-01	0.0000000000000000e+00	-1.6389902743689215e-08	-1.8443754952225626e+07	-3.3543475757659003e+07	0.0000000000000000e+00	-0.0000000000000000e+00	0.0000000000000000e+00	0.0000000000000000e+00	0.0000000000000000e+00	0.0000000000000000e+00	0.0000000000000000e+00	0.0000000000000000e+00	0.0000000000000000e+00	
3.4278308861605544e-02	-0.0000000000000000e+00	-0.0000000000000000e+00	0.0000000000000000e+00	6.9999999999999996e-01	0.0000000000000000e+00	-1.6389902743689215e-08	-1.8443754952225626e+07	-3.3543475757659003e+07	0.0000000000000000e+00	-0.0000000000000000e+00	0.0000000000000000e+00	0.0000000000000000e+00	0.0000000000000000e+00	0.0000000000000000e+00	0.0000000000000000e+00	0.0000000000000000e+00	0.0000000000000000e+00	
3.5230484107761258e-02	-0.0000000000000000e+00	-0.0000000000000000e+00	0.0000000000000000e+00	6.9999999999999996e-01	0.0000000000000000e+00	-1.6389902743689215e-08	-1.8443754952225626e+07	-3.3543475757659003e+07	0.0000000000000000e+00	-0.0000000000000000e+00	0.0000000000000000e+00	0.0000000000000000e+00	0.0000000000000000e+00	0.0000000000000000e+00	0.0000000000000000e+00	0.0000000000000000e+00	0.0000000000000000e+00	
3.6182659353916964e-02	-0.0000000000000000e+00	-0.0000000000000000e+00	0.0000000000000000e+00	6.9999999999999996e-01	0.0000000000000000e+00	-1.6389902743689215e-08	-1.8443754952225626e+07	-3.3543475757659003e+07	0.0000000000000000e+00	-0.0000000000000000e+00	0.0000000000000000e+00	0.0000000000000000e+00	0.0000000000000000e+00	0.0000000000000000e+00	0.0000000000000000e+00	0.0000000000000000e+00	0.0000000000000000e+00	
3.7134834600072678e-02	-0.0000000000000000e+00	-0.0000000000000000e+00	-4.5653200751709046e-21	6.9999999999999996e-01	0.0000000000000000e+00	-1.6389900381397282e-08	-1.8443754952225626e+07	-3.3543475757659003e+07	0.0000000000000000e+00	-0.0000000000000000e+00	0.0000000000000000e+00	0.0000000000000000e+00	0.0000000000000000e+00	0.0000000000000000e+00	0.0000000000000000e+00	0.0000000000000000e+00	0.0000000000000000e+00	
3.8087009846228384e-02	-0.0000000000000000e+00	-0.0000000000000000e+00	-4.5653200751709046e-21	6.9999999999999996e-01	0.0000000000000000e+00	-1.6389900381397282e-08	-1.8443754952225626e+07	-3.3543475757659003e+07	0.0000000000000000e+00	-0.0000000000000000e+00	0.0000000000000000e+00	0.0000000000000000e+00	0.0000000000000000e+00	0.0000000000000000e+00	0.0000000000000000e+00	0.0000000000000000e+00	0.0000000000000000e+00	
3.9039185092384097e-02	-0.0000000000000000e+00	-0.0000000000000000e+00	-1.5971118334845495e-20	6.9999999999999996e-01	0.0000000000000000e+00	-1.6389865948472491e-08	-1.8443754952225626e+07	-3.3543475757659003e+07	0.0000000000000000e+00	-0.0000000000000000e+00	0.0000000000000000e+00	0.0000000000000000e+00	0.0000000000000000e+00	0.0000000000000000e+00	0.0000000000000000e+00	0.0000000000000000e+00	0.0000000000000000e+00	
3.9991360338539804e-02	-0.0000000000000000e+00	-0.0000000000000000e+00	-1.5971118334845495e-20	6.9999999999999996e-01	0.0000000000000000e+00	-1.6389865948472491e-08	-1.8443754952225626e+07	-3.3543475757659003e+07	0.0000000000000000e+00	-0.0000000000000000e+00	0.0000000000000000e+00	0.0000000000000000e+00	0.0000000000000000e+00	0.0000000000000000e+00	0.0000000000000000e+00	0.0000000000000000e+00	0.0000000000000000e+00	
4.0943535584695517e-02	-0.0000000000000000e+00	-0.0000000000000000e+00	-2.3231063816863143e-19	6.9999999999999996e-01	0.0000000000000000e+00	-1.6389755253791593e-08	-1.8443754952225626e+07	-3.3543475757659003e+07	0.0000000000000000e+00	-0.0000000000000000e+00	0.0000000000000000e+00	0.0000000000000000e+00	0.0000000000000000e+00	0.0000000000000000e+00	0.0000000000000000e+00	0.0000000000000000e+00	0.0000000000000000e+00	
4.1895710830851224e-02	-0.0000000000000000e+00	-0.0000000000000000e+00	-2.3231063816863143e-19	6.9999999999999996e-01	0.0000000000000000e+00	-1.6389755253791593e-08	-1.8443754952225626e+07	-3.3543475757659003e+07	0.0000000000000000e+00	-0.0000000000000000e+00	0.0000000000000000e+00	0.0000000000000000e+00	0.0000000000000000e+00	0.0000000000000000e+00	0.0000000000000000e+00	0.0000000000000000e+00	0.0000000000000000e+00	
4.2847886077006937e-02	-0.0000000000000000e+00	-0.0000000000000000e+00	-7.5259043107588964e-19	6.9999999999999996e-01	0.0000000000000000e+00	-1.6388181018047723e-08	-1.8443754952225626e+07	-3.3543475757659003e+07	0.0000000000000000e+00	-0.0000000000000000e+00	0.0000000000000000e+00	0.0000000000000000e+00	0.0000000000000000e+00	0.0000000000000000e+00	0.0000000000000000e+00	0.0000000000000000e+00	0.0000000000000000e+00	
4.3800061323162644e-02	-0.0000000000000000e+00	-0.0000000000000000e+00	-7.5259043107588964e-19	6.9999999999999996e-01	0.0000000000000000e+00	-1.6388181018047723e-08	-1.8443754952225626e+07	-3.3543475757659003e+07	0.0000000000000000e+00	-0.0000000000000000e+00	0.0000000000000000e+00	0.0000000000000000e+00	0.0000000000000000e+00	0.0000000000000000e+00	0.0000000000000000e+00	0.0000000000000000e+00	0.0000000000000000e+00	
4.4752236569318357e-02	-0.0000000000000000e+00	-0.0000000000000000e+00	-2.9413165595922587e-18	6.9999999999999996e-01	0.0000000000000000e+00	-1.6387628020686624e-08	-1.8443754952225626e+07	-3.3543475757659003e+07	0.0000000000000000e+00	-0.0000000000000000e+00	0.0000000000000000e+00	0.0000000000000000e+00	0.0000000000000000e+00	0.0000000000000000e+00	0.0000000000000000e+00	0.0000000000000000e+00	0.0000000000000000e+00	
4.5704411815474064e-02	-0.0000000000000000e+00	-0.0000000000000000e+00	-2.9413165595922587e-18	6.9999999999999996e-01	0.0000000000000000e+00	-1.6387628020686624e-08	-1.8443754952225626e+07	-3.3543475757659003e+07	0.0000000000000000e+00	-0.0000000000000000e+00	0.0000000000000000e+00	0.0000000000000000e+00	0.0000000000000000e+00	0.0000000000000000e+00	0.0000000000000000e+00	0.0000000000000000e+00	0.0000000000000000e+00	
4.6656587061629777e-02	-0.0000000000000000e+00	-0.0000000000000000e+00	-5.8995270788023203e-18	6.9999999999999996e-01	0.0000000000000000e+00	-1.6382346482345243e-08	-1.8443754952225626e+07	-3.3543475757659003e+07	0.0000000000000000e+00	-0.0000000000000000e+00	0.0000000000000000e+00	0.0000000000000000e+00	0.0000000000000000e+00	0.0000000000000000e+00	0.0000000000000000e+00	0.0000000000000000e+00	0.0000000000000000e+00	
4.7608762307785484e-02	-0.0000000000000000e+00	-0.0000000000000000e+00	-5.8995270788023203e-18	6.9999999999999996e-01	0.0000000000000000e+00	-1.6382346482345243e-08	-1.8443754952225626e+07	-3.3543475757659003e+07	0.0000000000000000e+00	-0.0000000000000000e+00	0.0000000000000000e+00	0.0000000000000000e+00	0.0000000000000000e+00	0.0000000000000000e+00	0.0000000000000000e+00	0.0000000000000000e+00	0.0000000000000000e+00	
4.8560937553941197e-02	-0.0000000000000000e+00	-0.0000000000000000e+00	-1.1149309584454868e-17	6.9999999999999996e-01	0.0000000000000000e+00	-1.6389797669448173e-08	-1.8443754952225626e+07	-3.3543475757659003e+07	0.0000000000000000e+00	-0.0000000000000000e+00	0.0000000000000000e+00	0.0000000000000000e+00	0.0000000000000000e+00	0.0000000000000000e+00	0.0000000000000000e+00	0.0000000000000000e+00	0.0000000000000000e+00	
4.9513112800096903e-02	-0.0000000000000000e+00	-0.0000000000000000e+00	-1.1149309584454868e-17	6.9999999999999996e-01	0.0000000000000000e+00	-1.6389797669448173e-08	-1.8443754952225626e+07	-3.3543475757659003e+07	0.0000000000000000e+00	-0.0000000000000000e+00	0.0000000000000000e+00	0.0000000000000000e+00	0.0000000000000000e+00	0.0000000000000000e+00	0.0000000000000000e+00	0.0000000000000000e+00	0.0000000000000000e+00	
5.0465288046252617e-02	-0.0000000000000000e+00	-0.0000000000000000e+00	-9.5536287152811522e-18	6.9999999999999996e-01	0.0000000000000000e+00	-1.6422795449947444e-08	-1.8443754952225626e+07	-3.3543475757659003e+07	0.0000000000000000e+00	-0.0000000000000000e+00	0.0000000000000000e+00	0.0000000000000000e+00	0.0000000000000000e+00	0.0000000000000000e+00	0.0000000000000000e+00	0.0000000000000000e+00	0.0000000000000000e+00	
5.1417463292408323e-02	-0.0000000000000000e+00	-0.0000000000000000e+00	-9.5536287152811522e-18	6.9999999999999996e-01	0.0000000000000000e+00	-1.6422795449947444e-08	-1.8443754952225626e+07	-3.3543475757659003e+07	0.0000000000000000e+00	-0.0000000000000000e+00	0.0000000000000000e+00	0.0000000000000000e+00	0.0000000000000000e+00	0.0000000000000000e+00	0.0000000000000000e+00	0.0000000000000000e+00	0.0000000000000000e+00	
5.2369638538564037e-02	-0.0000000000000000e+00	-0.0000000000000000e+00	1.4068619277333071e-17	6.9999999999999996e-01	0.0000000000000000e+00	-1.6482166327509119e-08	-1.8443754952225626e+07	-3.3543475757659003e+07	0.0000000000000000e+00	-0.0000000000000000e+00	0.0000000000000000e+00	0.0000000000000000e+00	0.0000000000000000e+00	0.0000000000000000e+00	0.0000000000000000e+00	0.0000000000000000e+00	0.0000000000000000e+00	
5.3321813784719743e-02	-0.0000000000000000e+00	-0.0000000000000000e+00	1.4068619277333071e-17	6.9999999999999996e-01	0.0000000000000000e+00	-1.6482166327509119e-08	-1.8443754952225626e+07	-3.3543475757659003e+07	0.0000000000000000e+00	-0.0000000000000000e+00	0.0000000000000000e+00	0.0000000000000000e+00	0.0000000000000000e+00	0.0000000000000000e+00	0.0000000000000000e+00	0.0000000000000000e+00	0.0000000000000000e+00	
5.4273989030875457e-02	-0.0000000000000000e+00	-0.0000000000000000e+00	5.5444427432420707e-17	6.9999999999999996e-01	0.0000000000000000e+00	-1.6621141076904400e-08	-1.8443754952225626e+07	-3.3543475757659003e+07	0.0000000000000000e+00	-0.0000000000000000e+00	0.0000000000000000e+00	0.0000000000000000e+00	0.0000000000000000e+00	0.0000000000000000e+00	0.0000000000000000e+00	0.0000000000000000e+00	0.0000000000000000e+00	
5.5226164277031163e-02	-0.0000000000000000e+00	-0.0000000000000000e+00	5.5444427432420707e-17	6.9999999999999996e-01	0.0000000000000000e+00	-1.6621141076904400e-08	-1.8443754952225626e+07	-3.3543475757659003e+07	0.0000000000000000e+00	-0.0000000000000000e+00	0.0000000000000000e+00	0.0000000000000000e+00	0.0000000000000000e+00	0.0000000000000000e+00	0.0000000000000000e+00	0.0000000000000000e+00	0.0000000000000000e+00	
5.6178339523186877e-02	-0.0000000000000000e+00	-0.0000000000000000e+00	1.8169758458463480e-16	6.9999999999999996e-01	0.0000000000000000e+00	-1.6645045605909066e-08	-1.8443754952225622e+07	-3.3543475757659003e+07	0.0000000000000000e+00	-0.0000000000000000e+00	0.0000000000000000e+00	0.0000000000000000e+00	0.0000000000000000e+00	0.0000000000000000e+00	0.0000000000000000e+00	0.0000000000000000e+00	0.0000000000000000e+00	
5.7130514769342583e-02	-0.0000000000000000e+00	-0.0000000000000000e+00	1.8169758458463480e-16	6.9999999999999996e-01	0.0000000000000000e+00	-1.6645045605909066e-08	-1.8443754952225622e+07	-3.3543475757659003e+07	0.0000000000000000e+00	-0.0000000000000000e+00	0.0000000000000000e+00	0.0000000000000000e+00	0.0000000000000000e+00	0.0000000000000000e+00	0.0000000000000000e+00	0.0000000000000000e+00	0.0000000000000000e+00	
5.8082690015498296e-02	-0.0000000000000000e+00	-0.0000000000000000e+00	2.4285925642716086e-16	6.9999999999999996e-01	0.0000000000000000e+00	-1.6440822588236464e-08	-1.8443754952225622e+07	-3.3543475757659003e+07	0.0000000000000000e+00	-0.0000000000000000e+00	0.0000000000000000e+00	0.0000000000000000e+00	0.0000000000000000e+00	0.0000000000000000e+00	0.0000000000000000e+00	0.0000000000000000e+00	0.0000000000000000e+00	
5.9034865261654003e-02	-0.0000000000000000e+00	-0.0000000000000000e+00	2.4285925642716086e-16	6.9999999999999996e-01	0.0000000000000000e+00	-1.6440822588236464e-08	-1.8443754952225622e+07	-3.3543475757659003e+07	0.0000000000000000e+00	-0.0000000000000000e+00	0.0000000000000000e+00	0.0000000000000000e+00	0.0000000000000000e+00	0.0000000000000000e+00	0.0000000000000000e+00	0.0000000000000000e+00	0.0000000000000000e+00	
5.9987040507809716e-02	-0.0000000000000000e+00	-0.0000000000000000e+00	3.1642257652284820e-16	6.9999999999999996e-01	0.0000000000000000e+00	-1.5704483730647667e-08	-1.8443754952225618e+07	-3.3543475757659003e+07	0.0000000000000000e+00	-0.0000000000000000e+00	0.0000000000000000e+00	0.0000000000000000e+00	0.0000000000000000e+00	0.0000000000000000e+00	0.0000000000000000e+00	0.0000000000000000e+00	0.0000000000000000e+00	
6.0939215753965423e-02	-0.0000000000000000e+00	-0.0000000000000000e+00	3.1642257652284820e-16	6.9999999999999996e-01	0.0000000000000000e+00	-1.5704483730647667e-08	-1.8443754952225618e+07	-3.3543475757659003e+07	0.0000000000000000e+00	-0.0000000000000000e+00	0.0000000000000000e+00	0.0000000000000000e+00	0.0000000000000000e+00	0.0000000000000000e+00	0.0000000000000000e+00	0.0000000000000000e+00	0.0000000000000000e+00	
6.1891391000121136e-02	-0.0000000000000000e+00	-0.0000000000000000e+00	1.3092889134998952e-16	6.9999999999999996e-01	0.0000000000000000e+00	-1.4059881545214180e-08	-1.8443754952225622e+07	-3.3543475757659007e+07	0.0000000000000000e+00	-0.0000000000000000e+00	0.0000000000000000e+00	0.0000000000000000e+00	0.0000000000000000e+00	0.0000000000000000e+00	0.0000000000000000e+00	0.0000000000000000e+00	0.0000000000000000e+00	
6.2843566246276850e-02	-0.0000000000000000e+00	-0.0000000000000000e+00	1.3092889134998952e-16	6.9999999999999996e-01	0.0000000000000000e+00	-1.4059881545214180e-08	-1.8443754952225622e+07	-3.3543475757659007e+07	0.0000000000000000e+00	-0.0000000000000000e+00	0.0000000000000000e+00	0.0000000000000000e+00	0.0000000000000000e+00	0.0000000000000000e+00	0.0000000000000000e+00	0.0000000000000000e+00	0.0000000000000000e+00	
6.3795741492432556e-02	-0.0000000000000000e+00	-0.0000000000000000e+00	-4.8479008138967396e-16	6.9999999999999996e-01	0.0000000000000000e+00	-1.2385358873968942e-08	-1.8443754952225629e+07	-3.3543475757658999e+07	0.0000000000000000e+00	-0.0000000000000000e+00	0.0000000000000000e+00	0.0000000000000000e+00	0.0000000000000000e+00	0.0000000000000000e+00	0.0000000000000000e+00	0.0000000000000000e+00	0.0000000000000000e+00	
6.4747916738588263e-02	-0.0000000000000000e+00	-0.0000000000000000e+00	-4.8479008138967396e-16	6.9999999999999996e-01	0.0000000000000000e+00	-1.2385358873968942e-08	-1.8443754952225629e+07	-3.3543475757658999e+07	0.0000000000000000e+00	-0.0000000000000000e+00	0.0000000000000000e+00	0.0000000000000000e+00	0.0000000000000000e+00	0.0000000000000000e+00	0.0000000000000000e+00	0.0000000000000000e+00	0.0000000000000000e+00	
6.5700091984743969e-02	-0.0000000000000000e+00	-0.0000000000000000e+00	-1.1308000838762047e-15	6.9999999999999996e-01	0.0000000000000000e+00	-1.1025526423443505e-08	-1.8443754952225644e+07	-3.3543475757659003e+07	0.0000000000000000e+00	-0.0000000000000000e+00	0.0000000000000000e+00	0.0000000000000000e+00	0.0000000000000000e+00	0.0000000000000000e+00	0.0000000000000000e+00	0.0000000000000000e+00	0.0000000000000000e+00	
6.6652267230899676e-02	-0.0000000000000000e+00	-0.0000000000000000e+00	-1.1308000838762047e-15	6.9999999999999996e-01	0.0000000000000000e+00	-1.1025526423443505e-08	-1.8443754952225644e+07	-3.3543475757659003e+07	0.0000000000000000e+00	-0.0000000000000000e+00	0.0000000000000000e+00	0.0000000000000000e+00	0.0000000000000000e+00	0.0000000000000000e+00	0.0000000000000000e+00	0.0000000000000000e+00	0.0000000000000000e+00	
6.7604442477055382e-02	-0.0000000000000000e+00	-0.0000000000000000e+00	-2.4971506244596278e-15	6.9999999999999996e-01	0.0000000000000000e+00	-1.3064734729388723e-08	-1.8443754952225666e+07	-3.3543475757658992e+07	0.0000000000000000e+00	-0.0000000000000000e+00	0.0000000000000000e+00	0.0000000000000000e+00	0.0000000000000000e+00	0.0000000000000000e+00	0.0000000000000000e+00	0.0000000000000000e+00	0.0000000000000000e+00	
6.8556617723211088e-02	-0.0000000000000000e+00	-0.0000000000000000e+00	-2.4971506244596278e-15	6.9999999999999996e-01	0.0000000000000000e+00	-1.3064734729388723e-08	-1.8443754952225666e+07	-3.3543475757658992e+07	0.0000000000000000e+00	-0.0000000000000000e+00	0.0000000000000000e+00	0.0000000000000000e+00	0.0000000000000000e+00	0.0000000000000000e+00	0.0000000000000000e+00	0.0000000000000000e+00	0.0000000000000000e+00	
6.9508792969366795e-02	-0.0000000000000000e+00	-0.0000000000000000e+00	-2.6803470207795204e-15	6.9999999999999996e-01	0.0000000000000000e+00	-2.0061211383985096e-08	-1.8443754952225678e+07	-3.3543475757658992e+07	0.0000000000000000e+00	-0.0000000000000000e+00	0.0000000000000000e+00	0.0000000000000000e+00	0.0000000000000000e+00	0.0000000000000000e+00	0.0000000000000000e+00	0.0000000000000000e+00	0.0000000000000000e+00	
7.0460968215522501e-02	-0.0000000000000000e+00	-0.0000000000000000e+00	-2.6803470207795204e-15	6.9999999999999996e-01	0.0000000000000000e+00	-2.0061211383985096e-08	-1.8443754952225678e+07	-3.3543475757658992e+07	0.0000000000000000e+00	-0.0000000000000000e+00	0.0000000000000000e+00	0.0000000000000000e+00	0.0000000000000000e+00	0.0000000000000000e+00	0.0000000000000000e+00	0.0000000000000000e+00	0.0000000000000000e+00	
7.1413143461678208e-02	-0.0000000000000000e+00	-0.0000000000000000e+00	-2.6222601922866625e-15	6.9999999999999996e-01	0.0000000000000000e+00	-3.2843410981130495e-08	-1.8443754952225681e+07	-3.3543475757658985e+07	0.0000000000000000e+00	-0.0000000000000000e+00	0.0000000000000000e+00	0.0000000000000000e+00	0.0000000000000000e+00	0.0000000000000000e+00	0.0000000000000000e+00	0.0000000000000000e+00	0.0000000000000000e+00	
7.2365318707833914e-02	-0.0000000000000000e+00	-0.0000000000000000e+00	-2.6222601922866625e-15	6.9999999999999996e-01	0.0000000000000000e+00	-3.2843410981130495e-08	-1.8443754952225681e+07	-3.3543475757658985e+07	0.0000000000000000e+00	-0.0000000000000000e+00	0.0000000000000000e+00	0.0000000000000000e+00	0.0000000000000000e+00	0.0000000000000000e+00	0.0000000000000000e+00	0.0000000000000000e+00	0.0000000000000000e+00	
7.3317493953989621e-02	-0.0000000000000000e+00	-0.0000000000000000e+00	-4.4370785656378851e-16	6.9999999999999996e-01	0.0000000000000000e+00	-5.1224804583288296e-08	-1.8443754952225648e+07	-3.3543475757658977e+07	0.0000000000000000e+00	-0.0000000000000000e+00	0.0000000000000000e+00	0.0000000000000000e+00	0.0000000000000000e+00	0.0000000000000000e+00	0.0000000000000000e+00	0.0000000000000000e+00	0.0000000000000000e+00	
7.4269669200145327e-02	-0.0000000000000000e+00	-0.0000000000000000e+00	-4.4370785656378851e-16	6.9999999999999996e-01	0.0000000000000000e+00	-5.1224804583288296e-08	-1.8443754952225648e+07	-3.3543475757658977e+07	0.0000000000000000e+00	-0.0000000000000000e+00	0.0000000000000000e+00	0.0000000000000000e+00	0.0000000000000000e+00	0.0000000000000000e+00	0.0000000000000000e+00	0.0000000000000000e+00	0.0000000000000000e+00	
7.5221844446301034e-02	-0.0000000000000000e+00	-0.0000000000000000e+00	3.7336350805251058e-15	6.9999999999999996e-01	0.0000000000000000e+00	-6.4261120315246400e-08	-1.8443754952225577e+07	-3.3543475757658992e+07	0.0000000000000000e+00	-0.0000000000000000e+00	0.0000000000000000e+00	0.0000000000000000e+00	0.0000000000000000e+00	0.0000000000000000e+00	0.0000000000000000e+00	0.0000000000000000e+00	0.0000000000000000e+00	
7.6174019692456740e-02	-0.0000000000000000e+00	-0.0000000000000000e+00	3.7336350805251058e-15	6.9999999999999996e-01	0.0000000000000000e+00	-6.4261120315246400e-08	-1.8443754952225577e+07	-3.3543475757658992e+07	0.0000000000000000e+00	-0.0000000000000000e+00	0.0000000000000000e+00	0.0000000000000000e+00	0.0000000000000000e+00	0.0000000000000000e+00	0.0000000000000000e+00	0.0000000000000000e+00	0.0000000000000000e+00	
7.7126194938612447e-02	-0.0000000000000000e+00	-0.0000000000000000e+00	7.6642909915431819e-15	6.9999999999999996e-01	0.0000000000000000e+00	-6.8034312526105854e-08	-1.8443754952225499e+07	-3.3543475757658985e+07	0.0000000000000000e+00	-0.0000000000000000e+00	0.0000000000000000e+00	0.0000000000000000e+00	0.0000000000000000e+00	0.0000000000000000e+00	0.0000000000000000e+00	0.0000000000000000e+00	0.0000000000000000e+00	
7.8078370184768153e-02	-0.0000000000000000e+00	-0.0000000000000000e+00	7.6642909915431819e-15	6.9999999999999996e-01	0.0000000000000000e+00	-6.8034312526105854e-08	-1.8443754952225499e+07	-3.3543475757658985e+07	0.0000000000000000e+00	-0.0000000000000000e+00	0.0000000000000000e+00	0.0000000000000000e+00	0.0000000000000000e+00	0.0000000000000000e+00	0.0000000000000000e+00	0.0000000000000000e+00	0.0000000000000000e+00	
7.9030545430923860e-02	-0.0000000000000000e+00	-0.0000000000000000e+00	1.3761835719825675e-14	6.9999999999999996e-01	0.0000000000000000e+00	-4.1346735086360698e-08	-1.8443754952225372e+07	-3.3543475757659018e+07	0.0000000000000000e+00	-0.0000000000000000e+00	0.0000000000000000e+00	0.0000000000000000e+00	0.0000000000000000e+00	0.0000000000000000e+00	0.0000000000000000e+00	0.0000000000000000e+00	0.0000000000000000e+00	
7.9982720677079566e-02	-0.0000000000000000e+00	-0.0000000000000000e+00	1.3761835719825675e-14	6.9999999999999996e-01	0.0000000000000000e+00	-4.1346735086360698e-08	-1.8443754952225372e+07	-3.3543475757659018e+07	0.0000000000000000e+00	-0.0000000000000000e+00	0.0000000000000000e+00	0.0000000000000000e+00	0.0000000000000000e+00	0.0000000000000000e+00	0.0000000000000000e+00	0.0000000000000000e+00	0.0000000000000000e+00	
8.0934895923235273e-02	-0.0000000000000000e+00	-0.0000000000000000e+00	1.3521631427663443e-14	6.9999999999999996e-01	0.0000000000000000e+00	1.5531414734660416e-08	-1.8443754952225346e+07	-3.3543475757659033e+07	0.0000000000000000e+00	-0.0000000000000000e+00	0.0000000000000000e+00	0.0000000000000000e+00	0.0000000000000000e+00	0.0000000000000000e+00	0.0000000000000000e+00	0.0000000000000000e+00	0.0000000000000000e+00	
8.1887071169390979e-02	-0.0000000000000000e+00	-0.0000000000000000e+00	1.3521631427663443e-14	6.9999999999999996e-01	0.0000000000000000e+00	1.5531414734660416e-08	-1.8443754952225346e+07	-3.3543475757659033e+07	0.0000000000000000e+00	-0.0000000000000000e+00	0.0000000000000000e+00	0.0000000000000000e+00	0.0000000000000000e+00	0.0000000000000000e+00	0.0000000000000000e+00	0.0000000000000000e+00	0.0000000000000000e+00	
8.2839246415546686e-02	-0.0000000000000000e+00	-0.0000000000000000e+00	1.3216070516396182e-14	6.9999999999999996e-01	0.0000000000000000e+00	1.0550897426143714e-07	-1.8443754952225331e+07	-3.3543475757659074e+07	0.0000000000000000e+00	-0.0000000000000000e+00	0.0000000000000000e+00	0.0000000000000000e+00	0.0000000000000000e+00	0.0000000000000000e+00	0.0000000000000000e+00	0.0000000000000000e+00	0.0000000000000000e+00	
8.3791421661702392e-02	-0.0000000000000000e+00	-0.0000000000000000e+00	1.3216070516396182e-14	6.9999999999999996e-01	0.0000000000000000e+00	1.0550897426143714e-07	-1.8443754952225331e+07	-3.3543475757659074e+07	0.0000000000000000e+00	-0.0000000000000000e+00	0.0000000000000000e+00	0.0000000000000000e+00	0.0000000000000000e+00	0.0000000000000000e+00	0.0000000000000000e+00	0.0000000000000000e+00	0.0000000000000000e+00	
8.4743596907858099e-02	-0.0000000000000000e+00	-0.0000000000000000e+00	2.9572873811689034e-15	6.9999999999999996e-01	0.0000000000000000e+00	2.1416928078465575e-07	-1.8443754952225506e+07	-3.3543475757659137e+07	0.0000000000000000e+00	-0.0000000000000000e+00	0.0000000000000000e+00	0.0000000000000000e+00	0.0000000000000000e+00	0.0000000000000000e+00	0.0000000000000000e+00	0.0000000000000000e+00	0.0000000000000000e+00	
8.5695772154013805e-02	-0.0000000000000000e+00	-0.0000000000000000e+00	2.9572873811689034e-15	6.9999999999999996e-01	0.0000000000000000e+00	2.1416928078465575e-07	-1.8443754952225506e+07	-3.3543475757659137e+07	0.0000000000000000e+00	-0.0000000000000000e+00	0.0000000000000000e+00	0.0000000000000000e+00	0.0000000000000000e+00	0.0000000000000000e+00	0.0000000000000000e+00	0.0000000000000000e+00	0.0000000000000000e+00	
8.6647947400169512e-02	-0.0000000000000000e+00	-0.0000000000000000e+00	-9.4758742152153100e-15	6.9999999999999996e-01	0.0000000000000000e+00	2.8991691915403272e-07	-1.8443754952225760e+07	-3.3543475757659178e+07	0.0000000000000000e+00	-0.0000000000000000e+00	0.0000000000000000e+00	0.0000000000000000e+00	0.0000000000000000e+00	0.0000000000000000e+00	0.0000000000000000e+00	0.0000000000000000e+00	0.0000000000000000e+00	
8.7600122646325218e-02	-0.0000000000000000e+00	-0.0000000000000000e+00	-9.4758742152153100e-15	6.9999999999999996e-01	0.0000000000000000e+00	2.8991691915403272e-07	-1.8443754952225760e+07	-3.3543475757659178e+07	0.0000000000000000e+00	-0.0000000000000000e+00	0.0000000000000000e+00	0.0000000000000000e+00	0.0000000000000000e+00	0.0000000000000000e+00	0.0000000000000000e+00	0.0000000000000000e+00	0.0000000000000000e+00	
8.8552297892480925e-02	-0.0000000000000000e+00	-0.0000000000000000e+00	-2.4260954296516792e-14	6.9999999999999996e-01	0.0000000000000000e+00	3.1880388230420783e-07	-1.8443754952226095e+07	-3.3543475757659260e+07	0.0000000000000000e+00	-0.0000000000000000e+00	0.0000000000000000e+00	0.0000000000000000e+00	0.0000000000000000e+00	0.0000000000000000e+00	0.0000000000000000e+00	0.0000000000000000e+00	0.0000000000000000e+00	
8.9504473138636631e-02	-0.0000000000000000e+00	-0.0000000000000000e+00	-2.4260954296516792e-14	6.9999999999999996e-01	0.0000000000000000e+00	3.1880388230420783e-07	-1.8443754952226095e+07	-3.3543475757659260e+07	0.0000000000000000e+00	-0.0000000000000000e+00	0.0000000000000000e+00	0.0000000000000000e+00	0.0000000000000000e+00	0.0000000000000000e+00	0.0000000000000000e+00	0.0000000000000000e+00	0.0000000000000000e+00	
9.0456648384792337e-02	-0.0000000000000000e+00	-0.0000000000000000e+00	-4.1484064229814554e-14	6.9999999999999996e-01	0.0000000000000000e+00	2.0688191255421785e-07	-1.8443754952226505e+07	-3.3543475757659256e+07	0.0000000000000000e+00	-0.0000000000000000e+00	0.0000000000000000e+00	0.0000000000000000e+00	0.0000000000000000e+00	0.0000000000000000e+00	0.0000000000000000e+00	0.0000000000000000e+00	0.0000000000000000e+00	
9.1408823630948044e-02	-0.0000000000000000e+00	-0.0000000000000000e+00	-4.1484064229814554e-14	6.9999999999999996e-01	0.0000000000000000e+00	2.0688191255421785e-07	-1.8443754952226505e+07	-3.3543475757659256e+07	0.0000000000000000e+00	-0.0000000000000000e+00	0.0000000000000000e+00	0.0000000000000000e+00	0.0000000000000000e+00	0.0000000000000000e+00	0.0000000000000000e+00	0.0000000000000000e+00	0.0000000000000000e+00	
9.2360998877103750e-02	-0.0000000000000000e+00	-0.0000000000000000e+00	-4.2233870894454763e-14	6.9999999999999996e-01	0.0000000000000000e+00	-1.7036793678223806e-08	-1.8443754952226643e+07	-3.3543475757659238e+07	0.0000000000000000e+00	-0.0000000000000000e+00	0.0000000000000000e+00	0.0000000000000000e+00	0.0000000000000000e+00	0.0000000000000000e+00	0.0000000000000000e+00	0.0000000000000000e+00	0.0000000000000000e+00	
9.3313174123259457e-02	-0.0000000000000000e+00	-0.0000000000000000e+00	-4.2233870894454763e-14	6.9999999999999996e-01	0.0000000000000000e+00	-1.7036793678223806e-08	-1.8443754952226643e+07	-3.3543475757659238e+07	0.0000000000000000e+00	-0.0000000000000000e+00	0.0000000000000000e+00	0.0000000000000000e+00	0.0000000000000000e+00	0.0000000000000000e+00	0.0000000000000000e+00	0.0000000000000000e+00	0.0000000000000000e+00	
9.4265349369415163e-02	-0.0000000000000000e+00	-0.0000000000000000e+00	-4.6292812178161089e-14	6.9999999999999996e-01	0.0000000000000000e+00	-3.9822830468481669e-07	-1.8443754952226769e+07	-3.3543475757659063e+07	0.0000000000000000e+00	-0.0000000000000000e+00	0.0000000000000000e+00	0.0000000000000000e+00	0.0000000000000000e+00	0.0000000000000000e+00	0.0000000000000000e+00	0.0000000000000000e+00	0.0000000000000000e+00	
9.5217524615570870e-02	-0.0000000000000000e+00	-0.0000000000000000e+00	-4.6292812178161089e-14	6.9999999999999996e-01	0.0000000000000000e+00	-3.9822830468481669e-07	-1.8443754952226769e+07	-3.3543475757659063e+07	0.0000000000000000e+00	-0.0000000000000000e+00	0.0000000000000000e+00	0.0000000000000000e+00	0.0000000000000000e+00	0.0000000000000000e+00	0.0000000000000000e+00	0.0000000000000000e+00	0.0000000000000000e+00	
9.6169699861726576e-02	-0.0000000000000000e+00	-0.0000000000000000e+00	-1.8918192358047926e-14	6.9999999999999996e-01	0.0000000000000000e+00	-8.4815831655653206e-07	-1.8443754952226285e+07	-3.3543475757658802e+07	0.0000000000000000e+00	-0.0000000000000000e+00	0.0000000000000000e+00	0.0000000000000000e+00	0.0000000000000000e+00	0.0000000000000000e+00	0.0000000000000000e+00	0.0000000000000000e+00	0.0000000000000000e+00	
9.7121875107882283e-02	-0.0000000000000000e+00	-0.0000000000000000e+00	-1.8918192358047926e-14	6.9999999999999996e-01	0.0000000000000000e+00	-8.4815831655653206e-07	-1.8443754952226285e+07	-3.3543475757658802e+07	0.0000000000000000e+00	-0.0000000000000000e+00	0.0000000000000000e+00	0.0000000000000000e+00	0.0000000000000000e+00	0.0000000000000000e+00	0.0000000000000000e+00	0.0000000000000000e+00	0.0000000000000000e+00	
9.8074050354037989e-02	-0.0000000000000000e+00	-0.0000000000000000e+00	1.6720598235618157e-15	6.9999999999999996e-01	0.0000000000000000e+00	-1.2549729087197013e-06	-1.8443754952225722e+07	-3.3543475757658377e+07	0.0000000000000000e+00	-0.0000000000000000e+00	0.0000000000000000e+00	0.0000000000000000e+00	0.0000000000000000e+00	0.0000000000000000e+00	0.0000000000000000e+00	0.0000000000000000e+00	0.0000000000000000e+00	
9.9026225600193696e-02	-0.0000000000000000e+00	-0.0000000000000000e+00	1.6720598235618157e-15	6.9999999999999996e-01	0.0000000000000000e+00	-1.2549729087197013e-06	-1.8443754952225722e+07	-3.3543475757658377e+07	0.0000000000000000e+00	-0.0000000000000000e+00	0.0000000000000000e+00	0.0000000000000000e+00	0.0000000000000000e+00	0.0000000000000000e+00	0.0000000000000000e+00	0.0000000000000000e+00	0.0000000000000000e+00	
9.9978400846349402e-02	-0.0000000000000000e+00	-0.0000000000000000e+00	4.4098189621317143e-14	6.9999999999999996e-01	0.0000000000000000e+00	-1.5409912791423890e-06	-1.8443754952224698e+07	-3.3543475757657934e+07	0.0000000000000000e+00	-0.0000000000000000e+00	0.0000000000000000e+00	0.0000000000000000e+00	0.0000000000000000e+00	0.0000000000000000e+00	0.0000000000000000e+00	0.0000000000000000e+00	0.0000000000000000e+00	
1.0093057609250511e-01	-0.0000000000000000e+00	-0.0000000000000000e+00	4.4098189621317143e-14	6.9999999999999996e-01	0.0000000000000000e+00	-1.5409912791423890e-06	-1.8443754952224698e+07	-3.3543475757657934e+07	0.0000000000000000e+00	-0.0000000000000000e+00	0.0000000000000000e+00	0.0000000000000000e+00	0.0000000000000000e+00	0.0000000000000000e+00	0.0000000000000000e+00	0.0000000000000000e+00	0.0000000000000000e+00	
1.0188275133866082e-01	-0.0000000000000000e+00	-0.0000000000000000e+00	7.8569352820556469e-14	6.9999999999999996e-01	0.0000000000000000e+00	-1.4380789147691174e-06	-1.8443754952223621e+07	-3.3543475757657483e+07	0.0000000000000000e+00	-0.0000000000000000e+00	0.0000000000000000e+00	0.0000000000000000e+00	0.0000000000000000e+00	0.0000000000000000e+00	0.0000000000000000e+00	0.0000000000000000e+00	0.0000000000000000e+00	
1.0283492658481652e-01	-0.0000000000000000e+00	-0.0000000000000000e+00	7.8569352820556469e-14	6.9999999999999996e-01	0.0000000000000000e+00	-1.4380789147691174e-06	-1.8443754952223621e+07	-3.3543475757657483e+07	0.0000000000000000e+00	-0.0000000000000000e+00	0.0000000000000000e+00	0.0000000000000000e+00	0.0000000000000000e+00	0.0000000000000000e+00	0.0000000000000000e+00	0.0000000000000000e+00	0.0000000000000000e+00	
1.0378710183097223e-01	-0.0000000000000000e+00	-0.0000000000000000e+00	9.5524947337249200e-14	6.9999999999999996e-01	0.0000000000000000e+00	-1.0151153755735650e-06	-1.8443754952222891e+07	-3.3543475757657241e+07	0.0000000000000000e+00	-0.0000000000000000e+00	0.0000000000000000e+00	0.0000000000000000e+00	0.0000000000000000e+00	0.0000000000000000e+00	0.0000000000000000e+00	0.0000000000000000e+00	0.0000000000000000e+00	
1.0473927707712793e-01	-0.0000000000000000e+00	-0.0000000000000000e+00	9.5524947337249200e-14	6.9999999999999996e-01	0.0000000000000000e+00	-1.0151153755735650e-06	-1.8443754952222891e+07	-3.3543475757657241e+07	0.0000000000000000e+00	-0.0000000000000000e+00	0.0000000000000000e+00	0.0000000000000000e+00	0.0000000000000000e+00	0.0000000000000000e+00	0.0000000000000000e+00	0.0000000000000000e+00	0.0000000000000000e+00	
1.0569145232328364e-01	-0.0000000000000000e+00	-0.0000000000000000e+00	1.1379224866644553e-13	6.9999999999999996e-01	0.0000000000000000e+00	-2.2997129970887609e-08	-1.8443754952222232e+07	-3.3543475757657338e+07	0.0000000000000000e+00	-0.0000000000000000e+00	0.0000000000000000e+00	0.0000000000000000e+00	0.0000000000000000e+00	0.0000000000000000e+00	0.0000000000000000e+00	0.0000000000000000e+00	0.0000000000000000e+00	
1.0664362756943935e-01	-0.0000000000000000e+00	-0.0000000000000000e+00	1.1379224866644553e-13	6.9999999999999996e-01	0.0000000000000000e+00	-2.2997129970887609e-08	-1.8443754952222232e+07	-3.3543475757657338e+07	0.0000000000000000e+00	-0.0000000000000000e+00	0.0000000000000000e+00	0.0000000000000000e+00	0.0000000000000000e+00	0.0000000000000000e+00	0.0000000000000000e+00	0.0000000000000000e+00	0.0000000000000000e+00	
1.0759580281559505e-01	-0.0000000000000000e+00	-0.0000000000000000e+00	6.9361235579699251e-14	6.9999999999999996e-01	0.0000000000000000e+00	1.2516198549842544e-06	-1.8443754952222876e+07	-3.3543475757657796e+07	0.0000000000000000e+00	-0.0000000000000000e+00	0.0000000000000000e+00	0.0000000000000000e+00	0.0000000000000000e+00	0.0000000000000000e+00	0.0000000000000000e+00	0.0000000000000000e+00	0.0000000000000000e+00	
1.0854797806175076e-01	-0.0000000000000000e+00	-0.0000000000000000e+00	6.9361235579699251e-14	6.9999999999999996e-01	0.0000000000000000e+00	1.2516198549842544e-06	-1.8443754952222876e+07	-3.3543475757657796e+07	0.0000000000000000e+00	-0.0000000000000000e+00	0.0000000000000000e+00	0.0000000000000000e+00	0.0000000000000000e+00	0.0000000000000000e+00	0.0000000000000000e+00	0.0000000000000000e+00	0.0000000000000000e+00	
1.0950015330790647e-01	-0.0000000000000000e+00	-0.0000000000000000e+00	4.5203971288951044e-14	6.9999999999999996e-01	0.0000000000000000e+00	2.7884884213675864e-06	-1.8443754952223655e+07	-3.3543475757658932e+07	0.0000000000000000e+00	-0.0000000000000000e+00	0.0000000000000000e+00	0.0000000000000000e+00	0.0000000000000000e+00	0.0000000000000000e+00	0.0000000000000000e+00	0.0000000000000000e+00	0.0000000000000000e+00	
1.1045232855406217e-01	-0.0000000000000000e+00	-0.0000000000000000e+00	4.5203971288951044e-14	6.9999999999999996e-01	0.0000000000000000e+00	2.7884884213675864e-06	-1.8443754952223655e+07	-3.3543475757658932e+07	0.0000000000000000e+00	-0.0000000000000000e+00	0.0000000000000000e+00	0.0000000000000000e+00	0.0000000000000000e+00	0.0000000000000000e+00	0.0000000000000000e+00	0.0000000000000000e+00	0.0000000000000000e+00	
1.1140450380021788e-01	-0.0000000000000000e+00	-0.0000000000000000e+00	-5.1064935681763344e-14	6.9999999999999996e-01	0.0000000000000000e+00	4.2093029627754731e-06	-1.8443754952225916e+07	-3.3543475757660210e+07	0.0000000000000000e+00	-0.0000000000000000e+00	0.0000000000000000e+00	0.0000000000000000e+00	0.0000000000000000e+00	0.0000000000000000e+00	0.0000000000000000e+00	0.0000000000000000e+00	0.0000000000000000e+00	
1.1235667904637359e-01	-0.0000000000000000e+00	-0.0000000000000000e+00	-5.1064935681763344e-14	6.9999999999999996e-01	0.0000000000000000e+00	4.2093029627754731e-06	-1.8443754952225916e+07	-3.3543475757660210e+07	0.0000000000000000e+00	-0.0000000000000000e+00	0.0000000000000000e+00	0.0000000000000000e+00	0.0000000000000000e+00	0.0000000000000000e+00	0.0000000000000000e+00	0.0000000000000000e+00	0.0000000000000000e+00	
1.1330885429252929e-01	-0.0000000000000000e+00	-0.0000000000000000e+00	-1.1253542860318236e-13	6.9999999999999996e-01	0.0000000000000000e+00	5.1116172620779148e-06	-1.8443754952228207e+07	-3.3543475757662121e+07	0.0000000000000000e+00	-0.0000000000000000e+00	0.0000000000000000e+00	0.0000000000000000e+00	0.0000000000000000e+00	0.0000000000000000e+00	0.0000000000000000e+00	0.0000000000000000e+00	0.0000000000000000e+00	
1.1426102953868500e-01	-0.0000000000000000e+00	-0.0000000000000000e+00	-1.1253542860318236e-13	6.9999999999999996e-01	0.0000000000000000e+00	5.1116172620779148e-06	-1.8443754952228207e+07	-3.3543475757662121e+07	0.0000000000000000e+00	-0.0000000000000000e+00	0.0000000000000000e+00	0.0000000000000000e+00	0.0000000000000000e+00	0.0000000000000000e+00	0.0000000000000000e+00	0.0000000000000000e+00	0.0000000000000000e+00	
1.1521320478484071e-01	-0.0000000000000000e+00	-0.0000000000000000e+00	-1.9441731244915604e-13	6.9999999999999996e-01	0.0000000000000000e+00	5.3407237704402538e-06	-1.8443754952230792e+07	-3.3543475757663585e+07	0.0000000000000000e+00	-0.0000000000000000e+00	0.0000000000000000e+00	0.0000000000000000e+00	0.0000000000000000e+00	0.0000000000000000e+00	0.0000000000000000e+00	0.0000000000000000e+00	0.0000000000000000e+00	
1.1616538003099641e-01	-0.0000000000000000e+00	-0.0000000000000000e+00	-1.9441731244915604e-13	6.9999999999999996e-01	0.0000000000000000e+00	5.3407237704402538e-06	-1.8443754952230792e+07	-3.3543475757663585e+07	0.0000000000000000e+00	-0.0000000000000000e+00	0.0000000000000000e+00	0.0000000000000000e+00	0.0000000000000000e+00	0.0000000000000000e+00	0.0000000000000000e+00	0.0000000000000000e+00	0.0000000000000000e+00	
1.1711755527715212e-01	-0.0000000000000000e+00	-0.0000000000000000e+00	-2.4697358728496359e-13	6.9999999999999996e-01	0.0000000000000000e+00	4.2783121176010995e-06	-1.8443754952233128e+07	-3.3543475757665019e+07	0.0000000000000000e+00	-0.0000000000000000e+00	0.0000000000000000e+00	0.0000000000000000e+00	0.0000000000000000e+00	0.0000000000000000e+00	0.0000000000000000e+00	0.0000000000000000e+00	0.0000000000000000e+00	
1.1806973052330783e-01	-0.0000000000000000e+00	-0.0000000000000000e+00	-2.4697358728496359e-13	6.9999999999999996e-01	0.0000000000000000e+00	4.2783121176010995e-06	-1.8443754952233128e+07	-3.3543475757665019e+07	0.0000000000000000e+00	-0.0000000000000000e+00	0.0000000000000000e+00	0.0000000000000000e+00	0.0000000000000000e+00	0.0000000000000000e+00	0.0000000000000000e+00	0.0000000000000000e+00	0.0000000000000000e+00	
1.1902190576946353e-01	-0.0000000000000000e+00	-0.0000000000000000e+00	-2.2868447757245007e-13	6.9999999999999996e-01	0.0000000000000000e+00	2.3027621388065989e-06	-1.8443754952233754e+07	-3.3543475757665481e+07	0.0000000000000000e+00	-0.0000000000000000e+00	0.0000000000000000e+00	0.0000000000000000e+00	0.0000000000000000e+00	0.0000000000000000e+00	0.0000000000000000e+00	0.0000000000000000e+00	0.0000000000000000e+00	
1.1997408101561924e-01	-0.0000000000000000e+00	-0.0000000000000000e+00	-2.2868447757245007e-13	6.9999999999999996e-01	0.0000000000000000e+00	2.3027621388065989e-06	-1.8443754952233754e+07	-3.3543475757665481e+07	0.0000000000000000e+00	-0.0000000000000000e+00	0.0000000000000000e+00	0.0000000000000000e+00	0.0000000000000000e+00	0.0000000000000000e+00	0.0000000000000000e+00	0.0000000000000000e+00	0.0000000000000000e+00	
1.2092625626177494e-01	-0.0000000000000000e+00	-0.0000000000000000e+00	-2.0724255232591176e-13	6.9999999999999996e-01	0.0000000000000000e+00	-1.0467709409401798e-06	-1.8443754952233829e+07	-3.3543475757664882e+07	0.0000000000000000e+00	-0.0000000000000000e+00	0.0000000000000000e+00	0.0000000000000000e+00	0.0000000000000000e+00	0.0000000000000000e+00	0.0000000000000000e+00	0.0000000000000000e+00	0.0000000000000000e+00	
1.2187843150793065e-01	-0.0000000000000000e+00	-0.0000000000000000e+00	-2.0724255232591176e-13	6.9999999999999996e-01	0.0000000000000000e+00	-1.0467709409401798e-06	-1.8443754952233829e+07	-3.3543475757664882e+07	0.0000000000000000e+00	-0.0000000000000000e+00	0.0000000000000000e+00	0.0000000000000000e+00	0.0000000000000000e+00	0.0000000000000000e+00	0.0000000000000000e+00	0.0000000000000000e+00	0.0000000000000000e+00	
1.2283060675408636e-01	-0.0000000000000000e+00	-0.0000000000000000e+00	-4.9814574553012347e-14	6.9999999999999996e-01	0.0000000000000000e+00	-4.8281654698994497e-06	-1.8443754952230893e+07	-3.3543475757663365e+07	0.0000000000000000e+00	-0.0000000000000000e+00	0.0000000000000000e+00	0.0000000000000000e+00	0.0000000000000000e+00	0.0000000000000000e+00	0.0000000000000000e+00	0.0000000000000000e+00	0.0000000000000000e+00	
1.2378278200024206e-01	-0.0000000000000000e+00	-0.0000000000000000e+00	-4.9814574553012347e-14	6.9999999999999996e-01	0.0000000000000000e+00	-4.8281654698994497e-06	-1.8443754952230893e+07	-3.3543475757663365e+07	0.0000000000000000e+00	-0.0000000000000000e+00	0.0000000000000000e+00	0.0000000000000000e+00	0.0000000000000000e+00	0.0000000000000000e+00	0.0000000000000000e+00	0.0000000000000000e+00	0.0000000000000000e+00	
1.2473495724639777e-01	-0.0000000000000000e+00	-0.0000000000000000e+00	7.9133672566991347e-14	6.9999999999999996e-01	0.0000000000000000e+00	-9.0084545429801652e-06	-1.8443754952227332e+07	-3.3543475757660110e+07	0.0000000000000000e+00	-0.0000000000000000e+00	0.0000000000000000e+00	0.0000000000000000e+00	0.0000000000000000e+00	0.0000000000000000e+00	0.0000000000000000e+00	0.0000000000000000e+00	0.0000000000000000e+00	
1.2568713249255348e-01	-0.0000000000000000e+00	-0.0000000000000000e+00	7.9133672566991347e-14	6.9999999999999996e-01	0.0000000000000000e+00	-9.0084545429801652e-06	-1.8443754952227332e+07	-3.3543475757660110e+07	0.0000000000000000e+00	-0.0000000000000000e+00	0.0000000000000000e+00	0.0000000000000000e+00	0.0000000000000000e+00	0.0000000000000000e+00	0.0000000000000000e+00	0.0000000000000000e+00	0.0000000000000000e+00	
1.2663930773870918e-01	-0.0000000000000000e+00	-0.0000000000000000e+00	3.1680264937807346e-13	6.9999999999999996e-01	0.0000000000000000e+00	-1.2486075740853568e-05	-1.8443754952221595e+07	-3.3543475757656720e+07	0.0000000000000000e+00	-0.0000000000000000e+00	0.0000000000000000e+00	0.0000000000000000e+00	0.0000000000000000e+00	0.0000000000000000e+00	0.0000000000000000e+00	0.0000000000000000e+00	0.0000000000000000e+00	
1.2759148298486489e-01	-0.0000000000000000e+00	-0.0000000000000000e+00	3.1680264937807346e-13	6.9999999999999996e-01	0.0000000000000000e+00	-1.2486075740853568e-05	-1.8443754952221595e+07	-3.3543475757656720e+07	0.0000000000000000e+00	-0.0000000000000000e+00	0.0000000000000000e+00	0.0000000000000000e+00	0.0000000000000000e+00	0.0000000000000000e+00	0.0000000000000000e+00	0.0000000000000000e+00	0.0000000000000000e+00	
1.2854365823102060e-01	-0.0000000000000000e+00	-0.0000000000000000e+00	5.0389629173734273e-13	6.9999999999999996e-01	0.0000000000000000e+00	-1.4660968594367130e-05	-1.8443754952215604e+07	-3.3543475757651977e+07	0.0000000000000000e+00	-0.0000000000000000e+00	0.0000000000000000e+00	0.0000000000000000e+00	0.0000000000000000e+00	0.0000000000000000e+00	0.0000000000000000e+00	0.0000000000000000e+00	0.0000000000000000e+00	
1.2949583347717630e-01	-0.0000000000000000e+00	-0.0000000000000000e+00	5.0389629173734273e-13	6.9999999999999996e-01	0.0000000000000000e+00	-1.4660968594367130e-05	-1.8443754952215604e+07	-3.3543475757651977e+07	0.0000000000000000e+00	-0.0000000000000000e+00	0.0000000000000000e+00	0.0000000000000000e+00	0.0000000000000000e+00	0.0000000000000000e+00	0.0000000000000000e+00	0.0000000000000000e+00	0.0000000000000000e+00	
1.3044800872333201e-01	-0.0000000000000000e+00	-0.0000000000000000e+00	6.7020604082172153e-13	6.9999999999999996e-01	0.0000000000000000e+00	-1.4997361921602582e-05	-1.8443754952210400e+07	-3.3543475757648200e+07	0.0000000000000000e+00	-0.0000000000000000e+00	0.0000000000000000e+00	0.0000000000000000e+00	0.0000000000000000e+00	0.0000000000000000e+00	0.0000000000000000e+00	0.0000000000000000e+00	0.0000000000000000e+00	
1.3140018396948772e-01	-0.0000000000000000e+00	-0.0000000000000000e+00	6.7020604082172153e-13	6.9999999999999996e-01	0.0000000000000000e+00	-1.4997361921602582e-05	-1.8443754952210400e+07	-3.3543475757648200e+07	0.0000000000000000e+00	-0.0000000000000000e+00	0.0000000000000000e+00	0.0000000000000000e+00	0.0000000000000000e+00	0.0000000000000000e+00	0.0000000000000000e+00	0.0000000000000000e+00	0.0000000000000000e+00	
1.3235235921564342e-01	-0.0000000000000000e+00	-0.0000000000000000e+00	7.7433699388802869e-13	6.9999999999999996e-01	0.0000000000000000e+00	-1.2564244600194032e-05	-1.8443754952205840e+07	-3.3543475757644642e+07	0.0000000000000000e+00	-0.0000000000000000e+00	0.0000000000000000e+00	0.0000000000000000e+00	0.0000000000000000e+00	0.0000000000000000e+00	0.0000000000000000e+00	0.0000000000000000e+00	0.0000000000000000e+00	
1.3330453446179913e-01	-0.0000000000000000e+00	-0.0000000000000000e+00	7.7433699388802869e-13	6.9999999999999996e-01	0.0000000000000000e+00	-1.2564244600194032e-05	-1.8443754952205840e+07	-3.3543475757644642e+07	0.0000000000000000e+00	-0.0000000000000000e+00	0.0000000000000000e+00	0.0000000000000000e+00	0.0000000000000000e+00	0.0000000000000000e+00	0.0000000000000000e+00	0.0000000000000000e+00	0.0000000000000000e+00	
1.3425670970795484e-01	-0.0000000000000000e+00	-0.0000000000000000e+00	6.9844377446347629e-13	6.9999999999999996e-01	0.0000000000000000e+00	-8.0514682844018575e-06	-1.8443754952205382e+07	-3.3543475757642798e+07	0.0000000000000000e+00	-0.0000000000000000e+00	0.0000000000000000e+00	0.0000000000000000e+00	0.0000000000000000e+00	0.0000000000000000e+00	0.0000000000000000e+00	0.0000000000000000e+00	0.0000000000000000e+00	
1.3520888495411054e-01	-0.0000000000000000e+00	-0.0000000000000000e+00	6.9844377446347629e-13	6.9999999999999996e-01	0.0000000000000000e+00	-8.0514682844018575e-06	-1.8443754952205382e+07	-3.3543475757642798e+07	0.0000000000000000e+00	-0.0000000000000000e+00	0.0000000000000000e+00	0.0000000000000000e+00	0.0000000000000000e+00	0.0000000000000000e+00	0.0000000000000000e+00	0.0000000000000000e+00	0.0000000000000000e+00	
1.3616106020026625e-01	-0.0000000000000000e+00	-0.0000000000000000e+00	5.5302248758025270e-13	6.9999999999999996e-01	0.0000000000000000e+00	-6.0463559314921538e-07	-1.8443754952206694e+07	-3.3543475757643163e+07	0.0000000000000000e+00	-0.0000000000000000e+00	0.0000000000000000e+00	0.0000000000000000e+00	0.0000000000000000e+00	0.0000000000000000e+00	0.0000000000000000e+00	0.0000000000000000e+00	0.0000000000000000e+00	
1.3711323544642195e-01	-0.0000000000000000e+00	-0.0000000000000000e+00	5.5302248758025270e-13	6.9999999999999996e-01	0.0000000000000000e+00	-6.0463559314921538e-07	-1.8443754952206694e+07	-3.3543475757643163e+07	0.0000000000000000e+00	-0.0000000000000000e+00	0.0000000000000000e+00	0.0000000000000000e+00	0.0000000000000000e+00	0.0000000000000000e+00	0.0000000000000000e+00	0.0000000000000000e+00	0.0000000000000000e+00	
1.3806541069257766e-01	-0.0000000000000000e+00	-0.0000000000000000e+00	1.5962688258351538e-13	6.9999999999999996e-01	0.0000000000000000e+00	7.7430747624671456e-06	-1.8443754952213246e+07	-3.3543475757645197e+07	0.0000000000000000e+00	-0.0000000000000000e+00	0.0000000000000000e+00	0.0000000000000000e+00	0.0000000000000000e+00	0.0000000000000000e+00	0.0000000000000000e+00	0.0000000000000000e+00	0.0000000000000000e+00	
1.3901758593873337e-01	-0.0000000000000000e+00	-0.0000000000000000e+00	1.5962688258351538e-13	6.9999999999999996e-01	0.0000000000000000e+00	7.7430747624671456e-06	-1.8443754952213246e+07	-3.3543475757645197e+07	0.0000000000000000e+00	-0.0000000000000000e+00	0.0000000000000000e+00	0.0000000000000000e+00	0.0000000000000000e+00	0.0000000000000000e+00	0.0000000000000000e+00	0.0000000000000000e+00	0.0000000000000000e+00	
1.3996976118488907e-01	-0.0000000000000000e+00	-0.0000000000000000e+00	-2.9935432081984798e-13	6.9999999999999996e-01	0.0000000000000000e+00	1.7391745531502960e-05	-1.8443754952222250e+07	-3.3543475757650468e+07	0.0000000000000000e+00	-0.0000000000000000e+00	0.0000000000000000e+00	0.0000000000000000e+00	0.0000000000000000e+00	0.0000000000000000e+00	0.0000000000000000e+00	0.0000000000000000e+00	0.0000000000000000e+00	
1.4092193643104478e-01	-0.0000000000000000e+00	-0.0000000000000000e+00	-2.9935432081984798e-13	6.9999999999999996e-01	0.0000000000000000e+00	1.7391745531502960e-05	-1.8443754952222250e+07	-3.3543475757650468e+07	0.0000000000000000e+00	-0.0000000000000000e+00	0.0000000000000000e+00	0.0000000000000000e+00	0.0000000000000000e+00	0.0000000000000000e+00	0.0000000000000000e+00	0.0000000000000000e+00	0.0000000000000000e+00	
1.4187411167720049e-01	-0.0000000000000000e+00	-0.0000000000000000e+00	-8.9415977556465010e-13	6.9999999999999996e-01	0.0000000000000000e+00	2.5663397738873475e-05	-1.8443754952233948e+07	-3.3543475757656630e+07	0.0000000000000000e+00	-0.0000000000000000e+00	0.0000000000000000e+00	0.0000000000000000e+00	0.0000000000000000e+00	0.0000000000000000e+00	0.0000000000000000e+00	0.0000000000000000e+00	0.0000000000000000e+00	
1.4282628692335619e-01	-0.0000000000000000e+00	-0.0000000000000000e+00	-8.9415977556465010e-13	6.9999999999999996e-01	0.0000000000000000e+00	2.5663397738873475e-05	-1.8443754952233948e+07	-3.3543475757656630e+07	0.0000000000000000e+00	-0.0000000000000000e+00	0.0000000000000000e+00	0.0000000000000000e+00	0.0000000000000000e+00	0.0000000000000000e+00	0.0000000000000000e+00	0.0000000000000000e+00	0.0000000000000000e+00	
1.4377846216951190e-01	-0.0000000000000000e+00	-0.0000000000000000e+00	-1.5126044338400644e-12	6.9999999999999996e-01	0.0000000000000000e+00	3.2301998324466871e-05	-1.8443754952247545e+07	-3.3543475757664986e+07	0.0000000000000000e+00	-0.0000000000000000e+00	0.0000000000000000e+00	0.0000000000000000e+00	0.0000000000000000e+00	0.0000000000000000e+00	0.0000000000000000e+00	0.0000000000000000e+00	0.0000000000000000e+00	
1.4473063741566761e-01	-0.0000000000000000e+00	-0.0000000000000000e+00	-1.5126044338400644e-12	6.9999999999999996e-01	0.0000000000000000e+00	3.2301998324466871e-05	-1.8443754952247545e+07	-3.3543475757664986e+07	0.0000000000000000e+00	-0.0000000000000000e+00	0.0000000000000000e+00	0.0000000000000000e+00	0.0000000000000000e+00	0.0000000000000000e+00	0.0000000000000000e+00	0.0000000000000000e+00	0.0000000000000000e+00	
1.4568281266182331e-01	-0.0000000000000000e+00	-0.0000000000000000e+00	-1.9951435756736626e-12	6.9999999999999996e-01	0.0000000000000000e+00	3.5332349242141154e-05	-1.8443754952258456e+07	-3.3543475757673137e+07	0.0000000000000000e+00	-0.0000000000000000e+00	0.0000000000000000e+00	0.0000000000000000e+00	0.0000000000000000e+00	0.0000000000000000e+00	0.0000000000000000e+00	0.0000000000000000e+00	0.0000000000000000e+00	
1.4663498790797902e-01	-0.0000000000000000e+00	-0.0000000000000000e+00	-1.9951435756736626e-12	6.9999999999999996e-01	0.0000000000000000e+00	3.5332349242141154e-05	-1.8443754952258456e+07	-3.3543475757673137e+07	0.0000000000000000e+00	-0.0000000000000000e+00	0.0000000000000000e+00	0.0000000000000000e+00	0.0000000000000000e+00	0.0000000000000000e+00	0.0000000000000000e+00	0.0000000000000000e+00	0.0000000000000000e+00	
1.4758716315413473e-01	-0.0000000000000000e+00	-0.0000000000000000e+00	-2.4000188224670948e-12	6.9999999999999996e-01	0.0000000000000000e+00	3.3872030791110496e-05	-1.8443754952269163e+07	-3.3543475757680465e+07	0.0000000000000000e+00	-0.0000000000000000e+00	0.0000000000000000e+00	0.0000000000000000e+00	0.0000000000000000e+00	0.0000000000000000e+00	0.0000000000000000e+00	0.0000000000000000e+00	0.0000000000000000e+00	
1.4853933840029043e-01	-0.0000000000000000e+00	-0.0000000000000000e+00	-2.4000188224670948e-12	6.9999999999999996e-01	0.0000000000000000e+00	3.3872030791110496e-05	-1.8443754952269163e+07	-3.3543475757680465e+07	0.0000000000000000e+00	-0.0000000000000000e+00	0.0000000000000000e+00	0.0000000000000000e+00	0.0000000000000000e+00	0.0000000000000000e+00	0.0000000000000000e+00	0.0000000000000000e+00	0.0000000000000000e+00	
1.4949151364644614e-01	-0.0000000000000000e+00	-0.0000000000000000e+00	-2.3838776259310358e-12	6.9999999999999996e-01	0.0000000000000000e+00	2.8026916851710942e-05	-1.8443754952272009e+07	-3.3543475757686641e+07	0.0000000000000000e+00	-0.0000000000000000e+00	0.0000000000000000e+00	0.0000000000000000e+00	0.0000000000000000e+00	0.0000000000000000e+00	0.0000000000000000e+00	0.0000000000000000e+00	0.0000000000000000e+00	
1.5044368889260185e-01	-0.0000000000000000e+00	-0.0000000000000000e+00	-2.3838776259310358e-12	6.9999999999999996e-01	0.0000000000000000e+00	2.8026916851710942e-05	-1.8443754952272009e+07	-3.3543475757686641e+07	0.0000000000000000e+00	-0.0000000000000000e+00	0.0000000000000000e+00	0.0000000000000000e+00	0.0000000000000000e+00	0.0000000000000000e+00	0.0000000000000000e+00	0.0000000000000000e+00	0.0000000000000000e+00	
1.5139586413875755e-01	-0.0000000000000000e+00	-0.0000000000000000e+00	-2.1524152775753625e-12	6.9999999999999996e-01	0.0000000000000000e+00	1.6537114638010809e-05	-1.8443754952271648e+07	-3.3543475757688582e+07	0.0000000000000000e+00	-0.0000000000000000e+00	0.0000000000000000e+00	0.0000000000000000e+00	0.0000000000000000e+00	0.0000000000000000e+00	0.0000000000000000e+00	0.0000000000000000e+00	0.0000000000000000e+00	
1.5234803938491326e-01	-0.0000000000000000e+00	-0.0000000000000000e+00	-2.1524152775753625e-12	6.9999999999999996e-01	0.0000000000000000e+00	1.6537114638010809e-05	-1.8443754952271648e+07	-3.3543475757688582e+07	0.0000000000000000e+00	-0.0000000000000000e+00	0.0000000000000000e+00	0.0000000000000000e+00	0.0000000000000000e+00	0.0000000000000000e+00	0.0000000000000000e+00	0.0000000000000000e+00	0.0000000000000000e+00	
1.5330021463106897e-01	-0.0000000000000000e+00	-0.0000000000000000e+00	-1.4044110676722181e-12	6.9999999999999996e-01	0.0000000000000000e+00	2.2070725514278148e-06	-1.8443754952261999e+07	-3.3543475757688843e+07	0.0000000000000000e+00	-0.0000000000000000e+00	0.0000000000000000e+00	0.0000000000000000e+00	0.0000000000000000e+00	0.0000000000000000e+00	0.0000000000000000e+00	0.0000000000000000e+00	0.0000000000000000e+00	
1.5425238987722467e-01	-0.0000000000000000e+00	-0.0000000000000000e+00	-1.4044110676722181e-12	6.9999999999999996e-01	0.0000000000000000e+00	2.2070725514278148e-06	-1.8443754952261999e+07	-3.3543475757688843e+07	0.0000000000000000e+00	-0.0000000000000000e+00	0.0000000000000000e+00	0.0000000000000000e+00	0.0000000000000000e+00	0.0000000000000000e+00	0.0000000000000000e+00	0.0000000000000000e+00	0.0000000000000000e+00	
1.5520456512338038e-01	-0.0000000000000000e+00	-0.0000000000000000e+00	-3.4603425518924252e-13	6.9999999999999996e-01	0.0000000000000000e+00	-1.6197391945061263e-05	-1.8443754952246800e+07	-3.3543475757683456e+07	0.0000000000000000e+00	-0.0000000000000000e+00	0.0000000000000000e+00	0.0000000000000000e+00	0.0000000000000000e+00	0.0000000000000000e+00	0.0000000000000000e+00	0.0000000000000000e+00	0.0000000000000000e+00	
1.5615674036953608e-01	-0.0000000000000000e+00	-0.0000000000000000e+00	-3.4603425518924252e-13	6.9999999999999996e-01	0.0000000000000000e+00	-1.6197391945061263e-05	-1.8443754952246800e+07	-3.3543475757683456e+07	0.0000000000000000e+00	-0.0000000000000000e+00	0.0000000000000000e+00	0.0000000000000000e+00	0.0000000000000000e+00	0.0000000000000000e+00	0.0000000000000000e+00	0.0000000000000000e+00	0.0000000000000000e+00	
1.5710891561569179e-01	-0.0000000000000000e+00	-0.0000000000000000e+00	9.9929296567442189e-13	6.9999999999999996e-01	0.0000000000000000e+00	-3.3842219641534038e-05	-1.8443754952226520e+07	-3.3543475757676277e+07	0.0000000000000000e+00	-0.0000000000000000e+00	0.0000000000000000e+00	0.0000000000000000e+00	0.0000000000000000e+00	0.0000000000000000e+00	0.0000000000000000e+00	0.0000000000000000e+00	0.0000000000000000e+00	
1.5806109086184750e-01	-0.0000000000000000e+00	-0.0000000000000000e+00	9.9929296567442189e-13	6.9999999999999996e-01	0.0000000000000000e+00	-3.3842219641534038e-05	-1.8443754952226520e+07	-3.3543475757676277e+07	0.0000000000000000e+00	-0.0000000000000000e+00	0.0000000000000000e+00	0.0000000000000000e+00	0.0000000000000000e+00	0.0000000000000000e+00	0.0000000000000000e+00	0.0000000000000000e+00	0.0000000000000000e+00	
1.5901326610800320e-01	-0.0000000000000000e+00	-0.0000000000000000e+00	2.6138677785457270e-12	6.9999999999999996e-01	0.0000000000000000e+00	-5.1499537427575129e-05	-1.8443754952200666e+07	-3.3543475757665742e+07	0.0000000000000000e+00	-0.0000000000000000e+00	0.0000000000000000e+00	0.0000000000000000e+00	0.0000000000000000e+00	0.0000000000000000e+00	0.0000000000000000e+00	0.0000000000000000e+00	0.0000000000000000e+00	
1.5996544135415891e-01	-0.0000000000000000e+00	-0.0000000000000000e+00	2.6138677785457270e-12	6.9999999999999996e-01	0.0000000000000000e+00	-5.1499537427575129e-05	-1.8443754952200666e+07	-3.3543475757665742e+07	0.0000000000000000e+00	-0.0000000000000000e+00	0.0000000000000000e+00	0.0000000000000000e+00	0.0000000000000000e+00	0.0000000000000000e+00	0.0000000000000000e+00	0.0000000000000000e+00	0.0000000000000000e+00	
1.6091761660031462e-01	-0.0000000000000000e+00	-0.0000000000000000e+00	3.9995271892195417e-12	6.9999999999999996e-01	0.0000000000000000e+00	-6.4176272411894789e-05	-1.8443754952178303e+07	-3.3543475757653546e+07	0.0000000000000000e+00	-0.0000000000000000e+00	0.0000000000000000e+00	0.0000000000000000e+00	0.0000000000000000e+00	0.0000000000000000e+00	0.0000000000000000e+00	0.0000000000000000e+00	0.0000000000000000e+00	
1.6186979184647032e-01	-0.0000000000000000e+00	-0.0000000000000000e+00	3.9995271892195417e-12	6.9999999999999996e-01	0.0000000000000000e+00	-6.4176272411894789e-05	-1.8443754952178303e+07	-3.3543475757653546e+07	0.0000000000000000e+00	-0.0000000000000000e+00	0.0000000000000000e+00	0.0000000000000000e+00	0.0000000000000000e+00	0.0000000000000000e+00	0.0000000000000000e+00	0.0000000000000000e+00	0.0000000000000000e+00	
1.6282196709262603e-01	-0.0000000000000000e+00	-0.0000000000000000e+00	5.4421936368295915e-12	6.9999999999999996e-01	0.0000000000000000e+00	-7.1869531769005090e-05	-1.8443754952153314e+07	-3.3543475757643554e+07	0.0000000000000000e+00	-0.0000000000000000e+00	0.0000000000000000e+00	0.0000000000000000e+00	0.0000000000000000e+00	0.0000000000000000e+00	0.0000000000000000e+00	0.0000000000000000e+00	0.0000000000000000e+00	
1.6377414233878174e-01	-0.0000000000000000e+00	-0.0000000000000000e+00	5.4421936368295915e-12	6.9999999999999996e-01	0.0000000000000000e+00	-7.1869531769005090e-05	-1.8443754952153314e+07	-3.3543475757643554e+07	0.0000000000000000e+00	-0.0000000000000000e+00	0.0000000000000000e+00	0.0000000000000000e+00	0.0000000000000000e+00	0.0000000000000000e+00	0.0000000000000000e+00	0.0000000000000000e+00	0.0000000000000000e+00	
1.6472631758493744e-01	-0.0000000000000000e+00	-0.0000000000000000e+00	6.0834767061185592e-12	6.9999999999999996e-01	0.0000000000000000e+00	-7.1772883943809794e-05	-1.8443754952140685e+07	-3.3543475757632010e+07	0.0000000000000000e+00	-0.0000000000000000e+00	0.0000000000000000e+00	0.0000000000000000e+00	0.0000000000000000e+00	0.0000000000000000e+00	0.0000000000000000e+00	0.0000000000000000e+00	0.0000000000000000e+00	
1.6567849283109315e-01	-0.0000000000000000e+00	-0.0000000000000000e+00	6.0834767061185592e-12	6.9999999999999996e-01	0.0000000000000000e+00	-7.1772883943809794e-05	-1.8443754952140685e+07	-3.3543475757632010e+07	0.0000000000000000e+00	-0.0000000000000000e+00	0.0000000000000000e+00	0.0000000000000000e+00	0.0000000000000000e+00	0.0000000000000000e+00	0.0000000000000000e+00	0.0000000000000000e+00	0.0000000000000000e+00	
1.6663066807724886e-01	-0.0000000000000000e+00	-0.0000000000000000e+00	6.4700749164717535e-12	6.9999999999999996e-01	0.0000000000000000e+00	-6.3042077546788703e-05	-1.8443754952130266e+07	-3.3543475757628720e+07	0.0000000000000000e+00	-0.0000000000000000e+00	0.0000000000000000e+00	0.0000000000000000e+00	0.0000000000000000e+00	0.0000000000000000e+00	0.0000000000000000e+00	0.0000000000000000e+00	0.0000000000000000e+00	
1.6758284332340456e-01	-0.0000000000000000e+00	-0.0000000000000000e+00	6.4700749164717535e-12	6.9999999999999996e-01	0.0000000000000000e+00	-6.3042077546788703e-05	-1.8443754952130266e+07	-3.3543475757628720e+07	0.0000000000000000e+00	-0.0000000000000000e+00	0.0000000000000000e+00	0.0000000000000000e+00	0.0000000000000000e+00	0.0000000000000000e+00	0.0000000000000000e+00	0.0000000000000000e+00	0.0000000000000000e+00	
1.6853501856956027e-01	-0.0000000000000000e+00	-0.0000000000000000e+00	5.7470250226270648e-12	6.9999999999999996e-01	0.0000000000000000e+00	-4.6825445715225260e-05	-1.8443754952136461e+07	-3.3543475757623799e+07	0.0000000000000000e+00	-0.0000000000000000e+00	0.0000000000000000e+00	0.0000000000000000e+00	0.0000000000000000e+00	0.0000000000000000e+00	0.0000000000000000e+00	0.0000000000000000e+00	0.0000000000000000e+00	
1.6948719381571598e-01	-0.0000000000000000e+00	-0.0000000000000000e+00	5.7470250226270648e-12	6.9999999999999996e-01	0.0000000000000000e+00	-4.6825445715225260e-05	-1.8443754952136461e+07	-3.3543475757623799e+07	0.0000000000000000e+00	-0.0000000000000000e+00	0.0000000000000000e+00	0.0000000000000000e+00	0.0000000000000000e+00	0.0000000000000000e+00	0.0000000000000000e+00	0.0000000000000000e+00	0.0000000000000000e+00	
1.7043936906187168e-01	-0.0000000000000000e+00	-0.0000000000000000e+00	4.5124484147097154e-12	6.9999999999999996e-01	0.0000000000000000e+00	-2.1635958302537159e-05	-1.8443754952149209e+07	-3.3543475757629778e+07	0.0000000000000000e+00	-0.0000000000000000e+00	0.0000000000000000e+00	0.0000000000000000e+00	0.0000000000000000e+00	0.0000000000000000e+00	0.0000000000000000e+00	0.0000000000000000e+00	0.0000000000000000e+00	
1.7139154430802739e-01	-0.0000000000000000e+00	-0.0000000000000000e+00	4.5124484147097154e-12	6.9999999999999996e-01	0.0000000000000000e+00	-2.1635958302537159e-05	-1.8443754952149209e+07	-3.3543475757629778e+07	0.0000000000000000e+00	-0.0000000000000000e+00	0.0000000000000000e+00	0.0000000000000000e+00	0.0000000000000000e+00	0.0000000000000000e+00	0.0000000000000000e+00	0.0000000000000000e+00	0.0000000000000000e+00	
1.7234371955418309e-01	-0.0000000000000000e+00	-0.0000000000000000e+00	2.3651072527461587e-12	6.9999999999999996e-01	0.0000000000000000e+00	7.1197137545898614e-06	-1.8443754952175096e+07	-3.3543475757634036e+07	0.0000000000000000e+00	-0.0000000000000000e+00	0.0000000000000000e+00	0.0000000000000000e+00	0.0000000000000000e+00	0.0000000000000000e+00	0.0000000000000000e+00	0.0000000000000000e+00	0.0000000000000000e+00	
1.7329589480033880e-01	-0.0000000000000000e+00	-0.0000000000000000e+00	2.3651072527461587e-12	6.9999999999999996e-01	0.0000000000000000e+00	7.1197137545898614e-06	-1.8443754952175096e+07	-3.3543475757634036e+07	0.0000000000000000e+00	-0.0000000000000000e+00	0.0000000000000000e+00	0.0000000000000000e+00	0.0000000000000000e+00	0.0000000000000000e+00	0.0000000000000000e+00	0.0000000000000000e+00	0.0000000000000000e+00	
1.7424807004649451e-01	-0.0000000000000000e+00	-0.0000000000000000e+00	-3.4831659789537230e-13	6.9999999999999996e-01	0.0000000000000000e+00	4.1195622195120005e-05	-1.8443754952209115e+07	-3.3543475757645752e+07	0.0000000000000000e+00	-0.0000000000000000e+00	0.0000000000000000e+00	0.0000000000000000e+00	0.0000000000000000e+00	0.0000000000000000e+00	0.0000000000000000e+00	0.0000000000000000e+00	0.0000000000000000e+00	
1.7520024529265021e-01	-0.0000000000000000e+00	-0.0000000000000000e+00	-3.4831659789537230e-13	6.9999999999999996e-01	0.0000000000000000e+00	4.1195622195120005e-05	-1.8443754952209115e+07	-3.3543475757645752e+07	0.0000000000000000e+00	-0.0000000000000000e+00	0.0000000000000000e+00	0.0000000000000000e+00	0.0000000000000000e+00	0.0000000000000000e+00	0.0000000000000000e+00	0.0000000000000000e+00	0.0000000000000000e+00	
1.7615242053880592e-01	-0.0000000000000000e+00	-0.0000000000000000e+00	-3.2591148585900516e-12	6.9999999999999996e-01	0.0000000000000000e+00	7.2401237112311583e-05	-1.8443754952245630e+07	-3.3543475757656302e+07	0.0000000000000000e+00	-0.0000000000000000e+00	0.0000000000000000e+00	0.0000000000000000e+00	0.0000000000000000e+00	0.0000000000000000e+00	0.0000000000000000e+00	0.0000000000000000e+00	0.0000000000000000e+00	
1.7710459578496163e-01	-0.0000000000000000e+00	-0.0000000000000000e+00	-3.2591148585900516e-12	6.9999999999999996e-01	0.0000000000000000e+00	7.2401237112311583e-05	-1.8443754952245630e+07	-3.3543475757656302e+07	0.0000000000000000e+00	-0.0000000000000000e+00	0.0000000000000000e+00	0.0000000000000000e+00	0.0000000000000000e+00	0.0000000000000000e+00	0.0000000000000000e+00	0.0000000000000000e+00	0.0000000000000000e+00	
1.7805677103111733e-01	-0.0000000000000000e+00	-0.0000000000000000e+00	-6.5429370262102653e-12	6.9999999999999996e-01	0.0000000000000000e+00	1.0231761223481795e-04	-1.8443754952288311e+07	-3.3543475757665291e+07	0.0000000000000000e+00	-0.0000000000000000e+00	0.0000000000000000e+00	0.0000000000000000e+00	0.0000000000000000e+00	0.0000000000000000e+00	0.0000000000000000e+00	0.0000000000000000e+00	0.0000000000000000e+00	
1.7900894627727304e-01	-0.0000000000000000e+00	-0.0000000000000000e+00	-6.5429370262102653e-12	6.9999999999999996e-01	0.0000000000000000e+00	1.0231761223481795e-04	-1.8443754952288311e+07	-3.3543475757665291e+07	0.0000000000000000e+00	-0.0000000000000000e+00	0.0000000000000000e+00	0.0000000000000000e+00	0.0000000000000000e+00	0.0000000000000000e+00	0.0000000000000000e+00	0.0000000000000000e+00	0.0000000000000000e+00	
1.7996112152342875e-01	-0.0000000000000000e+00	-0.0000000000000000e+00	-9.0400325649733436e-12	6.9999999999999996e-01	0.0000000000000000e+00	1.2282243865396151e-04	-1.8443754952319987e+07	-3.3543475757675163e+07	0.0000000000000000e+00	-0.0000000000000000e+00	0.0000000000000000e+00	0.0000000000000000e+00	0.0000000000000000e+00	0.0000000000000000e+00	0.0000000000000000e+00	0.0000000000000000e+00	0.0000000000000000e+00	
1.8091329676958445e-01	-0.0000000000000000e+00	-0.0000000000000000e+00	-9.0400325649733436e-12	6.9999999999999996e-01	0.0000000000000000e+00	1.2282243865396151e-04	-1.8443754952319987e+07	-3.3543475757675163e+07	0.0000000000000000e+00	-0.0000000000000000e+00	0.0000000000000000e+00	0.0000000000000000e+00	0.0000000000000000e+00	0.0000000000000000e+00	0.0000000000000000e+00	0.0000000000000000e+00	0.0000000000000000e+00	
1.8186547201574016e-01	-0.0000000000000000e+00	-0.0000000000000000e+00	-1.1558588613036405e-11	6.9999999999999996e-01	0.0000000000000000e+00	1.3487669773487964e-04	-1.8443754952353556e+07	-3.3543475757672790e+07	0.0000000000000000e+00	-0.0000000000000000e+00	0.0000000000000000e+00	0.0000000000000000e+00	0.0000000000000000e+00	0.0000000000000000e+00	0.0000000000000000e+00	0.0000000000000000e+00	0.0000000000000000e+00	
1.8281764726189587e-01	-0.0000000000000000e+00	-0.0000000000000000e+00	-1.1558588613036405e-11	6.9999999999999996e-01	0.0000000000000000e+00	1.3487669773487964e-04	-1.8443754952353556e+07	-3.3543475757672790e+07	0.0000000000000000e+00	-0.0000000000000000e+00	0.0000000000000000e+00	0.0000000000000000e+00	0.0000000000000000e+00	0.0000000000000000e+00	0.0000000000000000e+00	0.0000000000000000e+00	0.0000000000000000e+00	
1.8376982250805157e-01	-0.0000000000000000e+00	-0.0000000000000000e+00	-1.2446574152255369e-11	6.9999999999999996e-01	0.0000000000000000e+00	1.3369012386578409e-04	-1.8443754952365767e+07	-3.3543475757675298e+07	0.0000000000000000e+00	-0.0000000000000000e+00	0.0000000000000000e+00	0.0000000000000000e+00	0.0000000000000000e+00	0.0000000000000000e+00	0.0000000000000000e+00	0.0000000000000000e+00	0.0000000000000000e+00	
1.8472199775420728e-01	-0.0000000000000000e+00	-0.0000000000000000e+00	-1.2446574152255369e-11	6.9999999999999996e-01	0.0000000000000000e+00	1.3369012386578409e-04	-1.8443754952365767e+07	-3.3543475757675298e+07	0.0000000000000000e+00	-0.0000000000000000e+00	0.0000000000000000e+00	0.0000000000000000e+00	0.0000000000000000e+00	0.0000000000000000e+00	0.0000000000000000e+00	0.0000000000000000e+00	0.0000000000000000e+00	
1.8567417300036299e-01	-0.0000000000000000e+00	-0.0000000000000000e+00	-1.3015059187939396e-11	6.9999999999999996e-01	0.0000000000000000e+00	1.1916668643992869e-04	-1.8443754952375721e+07	-3.3543475757658709e+07	0.0000000000000000e+00	-0.0000000000000000e+00	0.0000000000000000e+00	0.0000000000000000e+00	0.0000000000000000e+00	0.0000000000000000e+00	0.0000000000000000e+00	0.0000000000000000e+00	0.0000000000000000e+00	
1.8662634824651869e-01	-0.0000000000000000e+00	-0.0000000000000000e+00	-1.3015059187939396e-11	6.9999999999999996e-01	0.0000000000000000e+00	1.1916668643992869e-04	-1.8443754952375721e+07	-3.3543475757658709e+07	0.0000000000000000e+00	-0.0000000000000000e+00	0.0000000000000000e+00	0.0000000000000000e+00	0.0000000000000000e+00	0.0000000000000000e+00	0.0000000000000000e+00	0.0000000000000000e+00	0.0000000000000000e+00	
1.8757852349267440e-01	-0.0000000000000000e+00	-0.0000000000000000e+00	-1.1627258308573814e-11	6.9999999999999996e-01	0.0000000000000000e+00	9.2327034864881529e-05	-1.8443754952361859e+07	-3.3543475757652249e+07	0.0000000000000000e+00	-0.0000000000000000e+00	0.0000000000000000e+00	0.0000000000000000e+00	0.0000000000000000e+00	0.0000000000000000e+00	0.0000000000000000e+00	0.0000000000000000e+00	0.0000000000000000e+00	
1.8853069873883010e-01	-0.0000000000000000e+00	-0.0000000000000000e+00	-1.1627258308573814e-11	6.9999999999999996e-01	0.0000000000000000e+00	9.2327034864881529e-05	-1.8443754952361859e+07	-3.3543475757652249e+07	0.0000000000000000e+00	-0.0000000000000000e+00	0.0000000000000000e+00	0.0000000000000000e+00	0.0000000000000000e+00	0.0000000000000000e+00	0.0000000000000000e+00	0.0000000000000000e+00	0.0000000000000000e+00	
1.8948287398498581e-01	-0.0000000000000000e+00	-0.0000000000000000e+00	-9.7366425009306628e-12	6.9999999999999996e-01	0.0000000000000000e+00	5.1683758089534872e-05	-1.8443754952343736e+07	-3.3543475757627871e+07	0.0000000000000000e+00	-0.0000000000000000e+00	0.0000000000000000e+00	0.0000000000000000e+00	0.0000000000000000e+00	0.0000000000000000e+00	0.0000000000000000e+00	0.0000000000000000e+00	0.0000000000000000e+00	
1.9043504923114152e-01	-0.0000000000000000e+00	-0.0000000000000000e+00	-9.7366425009306628e-12	6.9999999999999996e-01	0.0000000000000000e+00	5.1683758089534872e-05	-1.8443754952343736e+07	-3.3543475757627871e+07	0.0000000000000000e+00	-0.0000000000000000e+00	0.0000000000000000e+00	0.0000000000000000e+00	0.0000000000000000e+00	0.0000000000000000e+00	0.0000000000000000e+00	0.0000000000000000e+00	0.0000000000000000e+00	
1.9138722447729722e-01	-0.0000000000000000e+00	-0.0000000000000000e+00	-6.2550015180330272e-12	6.9999999999999996e-01	0.0000000000000000e+00	4.7201038334096588e-06	-1.8443754952308334e+07	-3.3543475757617973e+07	0.0000000000000000e+00	-0.0000000000000000e+00	0.0000000000000000e+00	0.0000000000000000e+00	0.0000000000000000e+00	0.0000000000000000e+00	0.0000000000000000e+00	0.0000000000000000e+00	0.0000000000000000e+00	
1.9233939972345293e-01	-0.0000000000000000e+00	-0.0000000000000000e+00	-6.2550015180330272e-12	6.9999999999999996e-01	0.0000000000000000e+00	4.7201038334096588e-06	-1.8443754952308334e+07	-3.3543475757617973e+07	0.0000000000000000e+00	-0.0000000000000000e+00	0.0000000000000000e+00	0.0000000000000000e+00	0.0000000000000000e+00	0.0000000000000000e+00	0.0000000000000000e+00	0.0000000000000000e+00	0.0000000000000000e+00	
1.9329157496960864e-01	-0.0000000000000000e+00	-0.0000000000000000e+00	-2.2916526656344080e-12	6.9999999999999996e-01	0.0000000000000000e+00	-5.1418878684498969e-05	-1.8443754952269141e+07	-3.3543475757599849e+07	0.0000000000000000e+00	-0.0000000000000000e+00	0.0000000000000000e+00	0.0000000000000000e+00	0.0000000000000000e+00	0.0000000000000000e+00	0.0000000000000000e+00	0.0000000000000000e+00	0.0000000000000000e+00	
1.9424375021576434e-01	-0.0000000000000000e+00	-0.0000000000000000e+00	-2.2916526656344080e-12	6.9999999999999996e-01	0.0000000000000000e+00	-5.1418878684498969e-05	-1.8443754952269141e+07	-3.3543475757599849e+07	0.0000000000000000e+00	-0.0000000000000000e+00	0.0000000000000000e+00	0.0000000000000000e+00	0.0000000000000000e+00	0.0000000000000000e+00	0.0000000000000000e+00	0.0000000000000000e+00	0.0000000000000000e+00	
1.9519592546192005e-01	-0.0000000000000000e+00	-0.0000000000000000e+00	2.3062977460524654e-12	6.9999999999999996e-01	0.0000000000000000e+00	-1.0450499247170942e-04	-1.8443754952225205e+07	-3.3543475757596739e+07	0.0000000000000000e+00	-0.0000000000000000e+00	0.0000000000000000e+00	0.0000000000000000e+00	0.0000000000000000e+00	0.0000000000000000e+00	0.0000000000000000e+00	0.0000000000000000e+00	0.0000000000000000e+00	
1.9614810070807576e-01	-0.0000000000000000e+00	-0.0000000000000000e+00	2.3062977460524654e-12	6.9999999999999996e-01	0.0000000000000000e+00	-1.0450499247170942e-04	-1.8443754952225205e+07	-3.3543475757596739e+07	0.0000000000000000e+00	-0.0000000000000000e+00	0.0000000000000000e+00	0.0000000000000000e+00	0.0000000000000000e+00	0.0000000000000000e+00	0.0000000000000000e+00	0.0000000000000000e+00	0.0000000000000000e+00	
1.9710027595423146e-01	-0.0000000000000000e+00	-0.0000000000000000e+00	7.2191189501582975e-12	6.9999999999999996e-01	0.0000000000000000e+00	-1.5805398508281693e-04	-1.8443754952179141e+07	-3.3543475757599995e+07	0.0000000000000000e+00	-0.0000000000000000e+00	0.0000000000000000e+00	0.0000000000000000e+00	0.0000000000000000e+00	0.0000000000000000e+00	0.0000000000000000e+00	0.0000000000000000e+00	0.0000000000000000e+00	
1.9805245120038717e-01	-0.0000000000000000e+00	-0.0000000000000000e+00	7.2191189501582975e-12	6.9999999999999996e-01	0.0000000000000000e+00	-1.5805398508281693e-04	-1.8443754952179141e+07	-3.3543475757599995e+07	0.0000000000000000e+00	-0.0000000000000000e+00	0.0000000000000000e+00	0.0000000000000000e+00	0.0000000000000000e+00	0.0000000000000000e+00	0.0000000000000000e+00	0.0000000000000000e+00	0.0000000000000000e+00	
1.9900462644654288e-01	-0.0000000000000000e+00	-0.0000000000000000e+00	1.1527820451710073e-11	6.9999999999999996e-01	0.0000000000000000e+00	-1.9896849262516174e-04	-1.8443754952141449e+07	-3.3543475757612675e+07	0.0000000000000000e+00	-0.0000000000000000e+00	0.0000000000000000e+00	0.0000000000000000e+00	0.0000000000000000e+00	0.0000000000000000e+00	0.0000000000000000e+00	0.0000000000000000e+00	0.0000000000000000e+00	
1.9995680169269858e-01	-0.0000000000000000e+00	-0.0000000000000000e+00	1.1527820451710073e-11	6.9999999999999996e-01	0.0000000000000000e+00	-1.9896849262516174e-04	-1.8443754952141449e+07	-3.3543475757612675e+07	0.0000000000000000e+00	-0.0000000000000000e+00	0.0000000000000000e+00	0.0000000000000000e+00	0.0000000000000000e+00	0.0000000000000000e+00	0.0000000000000000e+00	0.0000000000000000e+00	0.0000000000000000e+00	
2.0090897693885429e-01	-0.0000000000000000e+00	-0.0000000000000000e+00	1.5943483273119893e-11	6.9999999999999996e-01	0.0000000000000000e+00	-2.2993492638482313e-04	-1.8443754952102665e+07	-3.3543475757645216e+07	0.0000000000000000e+00	-0.0000000000000000e+00	0.0000000000000000e+00	0.0000000000000000e+00	0.0000000000000000e+00	0.0000000000000000e+00	0.0000000000000000e+00	0.0000000000000000e+00	0.0000000000000000e+00	
2.0186115218501000e-01	-0.0000000000000000e+00	-0.0000000000000000e+00	1.5943483273119893e-11	6.9999999999999996e-01	0.0000000000000000e+00	-2.2993492638482313e-04	-1.8443754952102665e+07	-3.3543475757645216e+07	0.0000000000000000e+00	-0.0000000000000000e+00	0.0000000000000000e+00	0.0000000000000000e+00	0.0000000000000000e+00	0.0000000000000000e+00	0.0000000000000000e+00	0.0000000000000000e+00	0.0000000000000000e+00	
2.0281332743116570e-01	-0.0000000000000000e+00	-0.0000000000000000e+00	1.8606442395276339e-11	6.9999999999999996e-01	0.0000000000000000e+00	-2.4196669710061796e-04	-1.8443754952081136e+07	-3.3543475757675245e+07	0.0000000000000000e+00	-0.0000000000000000e+00	0.0000000000000000e+00	0.0000000000000000e+00	0.0000000000000000e+00	0.0000000000000000e+00	0.0000000000000000e+00	0.0000000000000000e+00	0.0000000000000000e+00	
2.0376550267732141e-01	-0.0000000000000000e+00	-0.0000000000000000e+00	1.8606442395276339e-11	6.9999999999999996e-01	0.0000000000000000e+00	-2.4196669710061796e-04	-1.8443754952081136e+07	-3.3543475757675245e+07	0.0000000000000000e+00	-0.0000000000000000e+00	0.0000000000000000e+00	0.0000000000000000e+00	0.0000000000000000e+00	0.0000000000000000e+00	0.0000000000000000e+00	0.0000000000000000e+00	0.0000000000000000e+00	
2.0471767792347711e-01	-0.0000000000000000e+00	-0.0000000000000000e+00	2.1207571567667223e-11	6.9999999999999996e-01	0.0000000000000000e+00	-2.3507999669113136e-04	-1.8443754952057969e+07	-3.3543475757732082e+07	0.0000000000000000e+00	-0.0000000000000000e+00	0.0000000000000000e+00	0.0000000000000000e+00	0.0000000000000000e+00	0.0000000000000000e+00	0.0000000000000000e+00	0.0000000000000000e+00	0.0000000000000000e+00	
2.0566985316963282e-01	-0.0000000000000000e+00	-0.0000000000000000e+00	2.1207571567667223e-11	6.9999999999999996e-01	0.0000000000000000e+00	-2.3507999669113136e-04	-1.8443754952057969e+07	-3.3543475757732082e+07	0.0000000000000000e+00	-0.0000000000000000e+00	0.0000000000000000e+00	0.0000000000000000e+00	0.0000000000000000e+00	0.0000000000000000e+00	0.0000000000000000e+00	0.0000000000000000e+00	0.0000000000000000e+00	
2.0662202841578853e-01	-0.0000000000000000e+00	-0.0000000000000000e+00	2.1293089116037767e-11	6.9999999999999996e-01	0.0000000000000000e+00	-2.0875302725777118e-04	-1.8443754952054895e+07	-3.3543475757770609e+07	0.0000000000000000e+00	-0.0000000000000000e+00	0.0000000000000000e+00	0.0000000000000000e+00	0.0000000000000000e+00	0.0000000000000000e+00	0.0000000000000000e+00	0.0000000000000000e+00	0.0000000000000000e+00	
2.0757420366194423e-01	-0.0000000000000000e+00	-0.0000000000000000e+00	2.1293089116037767e-11	6.9999999999999996e-01	0.0000000000000000e+00	-2.0875302725777118e-04	-1.8443754952054895e+07	-3.3543475757770609e+07	0.0000000000000000e+00	-0.0000000000000000e+00	0.0000000000000000e+00	0.0000000000000000e+00	0.0000000000000000e+00	0.0000000000000000e+00	0.0000000000000000e+00	0.0000000000000000e+00	0.0000000000000000e+00	
2.0852637890809994e-01	-0.0000000000000000e+00	-0.0000000000000000e+00	2.1215100547429057e-11	6.9999999999999996e-01	0.0000000000000000e+00	-1.5913546052586763e-04	-1.8443754952048592e+07	-3.3543475757833879e+07	0.0000000000000000e+00	-0.0000000000000000e+00	0.0000000000000000e+00	0.0000000000000000e+00	0.0000000000000000e+00	0.0000000000000000e+00	0.0000000000000000e+00	0.0000000000000000e+00	0.0000000000000000e+00	
2.0947855415425565e-01	-0.0000000000000000e+00	-0.0000000000000000e+00	2.1215100547429057e-11	6.9999999999999996e-01	0.0000000000000000e+00	-1.5913546052586763e-04	-1.8443754952048592e+07	-3.3543475757833879e+07	0.0000000000000000e+00	-0.0000000000000000e+00	0.0000000000000000e+00	0.0000000000000000e+00	0.0000000000000000e+00	0.0000000000000000e+00	0.0000000000000000e+00	0.0000000000000000e+00	0.0000000000000000e+00	
2.1043072940041135e-01	-0.0000000000000000e+00	-0.0000000000000000e+00	1.8395457573666286e-11	6.9999999999999996e-01	0.0000000000000000e+00	-9.5985752874325528e-05	-1.8443754952060893e+07	-3.3543475757863715e+07	0.0000000000000000e+00	-0.0000000000000000e+00	0.0000000000000000e+00	0.0000000000000000e+00	0.0000000000000000e+00	0.0000000000000000e+00	0.0000000000000000e+00	0.0000000000000000e+00	0.0000000000000000e+00	
2.1138290464656706e-01	-0.0000000000000000e+00	-0.0000000000000000e+00	1.8395457573666286e-11	6.9999999999999996e-01	0.0000000000000000e+00	-9.5985752874325528e-05	-1.8443754952060893e+07	-3.3543475757863715e+07	0.0000000000000000e+00	-0.0000000000000000e+00	0.0000000000000000e+00	0.0000000000000000e+00	0.0000000000000000e+00	0.0000000000000000e+00	0.0000000000000000e+00	0.0000000000000000e+00	0.0000000000000000e+00	
2.1233507989272277e-01	-0.0000000000000000e+00	-0.0000000000000000e+00	1.5378854600979237e-11	6.9999999999999996e-01	0.0000000000000000e+00	-1.2169195854715167e-05	-1.8443754952068761e+07	-3.3543475757908463e+07	0.0000000000000000e+00	-0.0000000000000000e+00	0.0000000000000000e+00	0.0000000000000000e+00	0.0000000000000000e+00	0.0000000000000000e+00	0.0000000000000000e+00	0.0000000000000000e+00	0.0000000000000000e+00	
2.1328725513887847e-01	-0.0000000000000000e+00	-0.0000000000000000e+00	1.5378854600979237e-11	6.9999999999999996e-01	0.0000000000000000e+00	-1.2169195854715167e-05	-1.8443754952068761e+07	-3.3543475757908463e+07	0.0000000000000000e+00	-0.0000000000000000e+00	0.0000000000000000e+00	0.0000000000000000e+00	0.0000000000000000e+00	0.0000000000000000e+00	0.0000000000000000e+00	0.0000000000000000e+00	0.0000000000000000e+00	
2.1423943038503418e-01	-0.0000000000000000e+00	-0.0000000000000000e+00	9.9549626596336271e-12	6.9999999999999996e-01	0.0000000000000000e+00	7.4339049104825967e-05	-1.8443754952092990e+07	-3.3543475757910382e+07	0.0000000000000000e+00	-0.0000000000000000e+00	0.0000000000000000e+00	0.0000000000000000e+00	0.0000000000000000e+00	0.0000000000000000e+00	0.0000000000000000e+00	0.0000000000000000e+00	0.0000000000000000e+00	
2.1519160563118989e-01	-0.0000000000000000e+00	-0.0000000000000000e+00	9.9549626596336271e-12	6.9999999999999996e-01	0.0000000000000000e+00	7.4339049104825967e-05	-1.8443754952092990e+07	-3.3543475757910382e+07	0.0000000000000000e+00	-0.0000000000000000e+00	0.0000000000000000e+00	0.0000000000000000e+00	0.0000000000000000e+00	0.0000000000000000e+00	0.0000000000000000e+00	0.0000000000000000e+00	0.0000000000000000e+00	
2.1614378087734559e-01	-0.0000000000000000e+00	-0.0000000000000000e+00	4.3825692750913101e-12	6.9999999999999996e-01	0.0000000000000000e+00	1.7106778546064234e-04	-1.8443754952112995e+07	-3.3543475757913459e+07	0.0000000000000000e+00	-0.0000000000000000e+00	0.0000000000000000e+00	0.0000000000000000e+00	0.0000000000000000e+00	0.0000000000000000e+00	0.0000000000000000e+00	0.0000000000000000e+00	0.0000000000000000e+00	
2.1709595612350130e-01	-0.0000000000000000e+00	-0.0000000000000000e+00	4.3825692750913101e-12	6.9999999999999996e-01	0.0000000000000000e+00	1.7106778546064234e-04	-1.8443754952112995e+07	-3.3543475757913459e+07	0.0000000000000000e+00	-0.0000000000000000e+00	0.0000000000000000e+00	0.0000000000000000e+00	0.0000000000000000e+00	0.0000000000000000e+00	0.0000000000000000e+00	0.0000000000000000e+00	0.0000000000000000e+00	
2.1804813136965701e-01	-0.0000000000000000e+00	-0.0000000000000000e+00	-2.7483945783268877e-12	6.9999999999999996e-01	0.0000000000000000e+00	2.5778248677031635e-04	-1.8443754952148959e+07	-3.3543475757873949e+07	0.0000000000000000e+00	-0.0000000000000000e+00	0.0000000000000000e+00	0.0000000000000000e+00	0.0000000000000000e+00	0.0000000000000000e+00	0.0000000000000000e+00	0.0000000000000000e+00	0.0000000000000000e+00	
2.1900030661581271e-01	-0.0000000000000000e+00	-0.0000000000000000e+00	-2.7483945783268877e-12	6.9999999999999996e-01	0.0000000000000000e+00	2.5778248677031635e-04	-1.8443754952148959e+07	-3.3543475757873949e+07	0.0000000000000000e+00	-0.0000000000000000e+00	0.0000000000000000e+00	0.0000000000000000e+00	0.0000000000000000e+00	0.0000000000000000e+00	0.0000000000000000e+00	0.0000000000000000e+00	0.0000000000000000e+00	
2.1995248186196842e-01	-0.0000000000000000e+00	-0.0000000000000000e+00	-9.8687743704457437e-12	6.9999999999999996e-01	0.0000000000000000e+00	3.3792590704971023e-04	-1.8443754952182110e+07	-3.3543475757822301e+07	0.0000000000000000e+00	-0.0000000000000000e+00	0.0000000000000000e+00	0.0000000000000000e+00	0.0000000000000000e+00	0.0000000000000000e+00	0.0000000000000000e+00	0.0000000000000000e+00	0.0000000000000000e+00	
2.2090465710812413e-01	-0.0000000000000000e+00	-0.0000000000000000e+00	-9.8687743704457437e-12	6.9999999999999996e-01	0.0000000000000000e+00	3.3792590704971023e-04	-1.8443754952182110e+07	-3.3543475757822301e+07	0.0000000000000000e+00	-0.0000000000000000e+00	0.0000000000000000e+00	0.0000000000000000e+00	0.0000000000000000e+00	0.0000000000000000e+00	0.0000000000000000e+00	0.0000000000000000e+00	0.0000000000000000e+00	
2.2185683235427983e-01	-0.0000000000000000e+00	-0.0000000000000000e+00	-1.7260639544119925e-11	6.9999999999999996e-01	0.0000000000000000e+00	3.9716375514956161e-04	-1.8443754952231944e+07	-3.3543475757739779e+07	0.0000000000000000e+00	-0.0000000000000000e+00	0.0000000000000000e+00	0.0000000000000000e+00	0.0000000000000000e+00	0.0000000000000000e+00	0.0000000000000000e+00	0.0000000000000000e+00	0.0000000000000000e+00	
2.2280900760043554e-01	-0.0000000000000000e+00	-0.0000000000000000e+00	-1.7260639544119925e-11	6.9999999999999996e-01	0.0000000000000000e+00	3.9716375514956161e-04	-1.8443754952231944e+07	-3.3543475757739779e+07	0.0000000000000000e+00	-0.0000000000000000e+00	0.0000000000000000e+00	0.0000000000000000e+00	0.0000000000000000e+00	0.0000000000000000e+00	0.0000000000000000e+00	0.0000000000000000e+00	0.0000000000000000e+00	
2.2376118284659124e-01	-0.0000000000000000e+00	-0.0000000000000000e+00	-2.4379937280685666e-11	6.9999999999999996e-01	0.0000000000000000e+00	4.3080061945567687e-04	-1.8443754952280447e+07	-3.3543475757635381e+07	0.0000000000000000e+00	-0.0000000000000000e+00	0.0000000000000000e+00	0.0000000000000000e+00	0.0000000000000000e+00	0.0000000000000000e+00	0.0000000000000000e+00	0.0000000000000000e+00	0.0000000000000000e+00	
2.2471335809274695e-01	-0.0000000000000000e+00	-0.0000000000000000e+00	-2.4379937280685666e-11	6.9999999999999996e-01	0.0000000000000000e+00	4.3080061945567687e-04	-1.8443754952280447e+07	-3.3543475757635381e+07	0.0000000000000000e+00	-0.0000000000000000e+00	0.0000000000000000e+00	0.0000000000000000e+00	0.0000000000000000e+00	0.0000000000000000e+00	0.0000000000000000e+00	0.0000000000000000e+00	0.0000000000000000e+00	
2.2566553333890266e-01	-0.0000000000000000e+00	-0.0000000000000000e+00	-3.0162615868793141e-11	6.9999999999999996e-01	0.0000000000000000e+00	4.3768946517348692e-04	-1.8443754952343322e+07	-3.3543475757523023e+07	0.0000000000000000e+00	-0.0000000000000000e+00	0.0000000000000000e+00	0.0000000000000000e+00	0.0000000000000000e+00	0.0000000000000000e+00	0.0000000000000000e+00	0.0000000000000000e+00	0.0000000000000000e+00	
2.2661770858505836e-01	-0.0000000000000000e+00	-0.0000000000000000e+00	-3.0162615868793141e-11	6.9999999999999996e-01	0.0000000000000000e+00	4.3768946517348692e-04	-1.8443754952343322e+07	-3.3543475757523023e+07	0.0000000000000000e+00	-0.0000000000000000e+00	0.0000000000000000e+00	0.0000000000000000e+00	0.0000000000000000e+00	0.0000000000000000e+00	0.0000000000000000e+00	0.0000000000000000e+00	0.0000000000000000e+00	
2.2756988383121407e-01	-0.0000000000000000e+00	-0.0000000000000000e+00	-3.5417302555515557e-11	6.9999999999999996e-01	0.0000000000000000e+00	4.0392903533529868e-04	-1.8443754952405591e+07	-3.3543475757383749e+07	0.0000000000000000e+00	-0.0000000000000000e+00	0.0000000000000000e+00	0.0000000000000000e+00	0.0000000000000000e+00	0.0000000000000000e+00	0.0000000000000000e+00	0.0000000000000000e+00	0.0000000000000000e+00	
2.2852205907736978e-01	-0.0000000000000000e+00	-0.0000000000000000e+00	-3.5417302555515557e-11	6.9999999999999996e-01	0.0000000000000000e+00	4.0392903533529868e-04	-1.8443754952405591e+07	-3.3543475757383749e+07	0.0000000000000000e+00	-0.0000000000000000e+00	0.0000000000000000e+00	0.0000000000000000e+00	0.0000000000000000e+00	0.0000000000000000e+00	0.0000000000000000e+00	0.0000000000000000e+00	0.0000000000000000e+00	
2.2947423432352548e-01	-0.0000000000000000e+00	-0.0000000000000000e+00	-3.7612756873957613e-11	6.9999999999999996e-01	0.0000000000000000e+00	3.4458285761505538e-04	-1.8443754952471554e+07	-3.3543475757268559e+07	0.0000000000000000e+00	-0.0000000000000000e+00	0.0000000000000000e+00	0.0000000000000000e+00	0.0000000000000000e+00	0.0000000000000000e+00	0.0000000000000000e+00	0.0000000000000000e+00	0.0000000000000000e+00	
2.3042640956968119e-01	-0.0000000000000000e+00	-0.0000000000000000e+00	-3.7612756873957613e-11	6.9999999999999996e-01	0.0000000000000000e+00	3.4458285761505538e-04	-1.8443754952471554e+07	-3.3543475757268559e+07	0.0000000000000000e+00	-0.0000000000000000e+00	0.0000000000000000e+00	0.0000000000000000e+00	0.0000000000000000e+00	0.0000000000000000e+00	0.0000000000000000e+00	0.0000000000000000e+00	0.0000000000000000e+00	
2.3137858481583690e-01	-0.0000000000000000e+00	-0.0000000000000000e+00	-3.9250047293006542e-11	6.9999999999999996e-01	0.0000000000000000e+00	2.4022633293507720e-04	-1.8443754952537615e+07	-3.3543475757125914e+07	0.0000000000000000e+00	-0.0000000000000000e+00	0.0000000000000000e+00	0.0000000000000000e+00	0.0000000000000000e+00	0.0000000000000000e+00	0.0000000000000000e+00	0.0000000000000000e+00	0.0000000000000000e+00	
2.3233076006199260e-01	-0.0000000000000000e+00	-0.0000000000000000e+00	-3.9250047293006542e-11	6.9999999999999996e-01	0.0000000000000000e+00	2.4022633293507720e-04	-1.8443754952537615e+07	-3.3543475757125914e+07	0.0000000000000000e+00	-0.0000000000000000e+00	0.0000000000000000e+00	0.0000000000000000e+00	0.0000000000000000e+00	0.0000000000000000e+00	0.0000000000000000e+00	0.0000000000000000e+00	0.0000000000000000e+00	
2.3328293530814831e-01	-0.0000000000000000e+00	-0.0000000000000000e+00	-3.6321967637800922e-11	6.9999999999999996e-01	0.0000000000000000e+00	1.1866296668792011e-04	-1.8443754952585466e+07	-3.3543475757044476e+07	0.0000000000000000e+00	-0.0000000000000000e+00	0.0000000000000000e+00	0.0000000000000000e+00	0.0000000000000000e+00	0.0000000000000000e+00	0.0000000000000000e+00	0.0000000000000000e+00	0.0000000000000000e+00	
2.3423511055430402e-01	-0.0000000000000000e+00	-0.0000000000000000e+00	-3.6321967637800922e-11	6.9999999999999996e-01	0.0000000000000000e+00	1.1866296668792011e-04	-1.8443754952585466e+07	-3.3543475757044476e+07	0.0000000000000000e+00	-0.0000000000000000e+00	0.0000000000000000e+00	0.0000000000000000e+00	0.0000000000000000e+00	0.0000000000000000e+00	0.0000000000000000e+00	0.0000000000000000e+00	0.0000000000000000e+00	
2.3518728580045972e-01	-0.0000000000000000e+00	-0.0000000000000000e+00	-3.3262519639523346e-11	6.9999999999999996e-01	0.0000000000000000e+00	-3.6905118946682588e-05	-1.8443754952636413e+07	-3.3543475756939068e+07	0.0000000000000000e+00	-0.0000000000000000e+00	0.0000000000000000e+00	0.0000000000000000e+00	0.0000000000000000e+00	0.0000000000000000e+00	0.0000000000000000e+00	0.0000000000000000e+00	0.0000000000000000e+00	
2.3613946104661543e-01	-0.0000000000000000e+00	-0.0000000000000000e+00	-3.3262519639523346e-11	6.9999999999999996e-01	0.0000000000000000e+00	-3.6905118946682588e-05	-1.8443754952636413e+07	-3.3543475756939068e+07	0.0000000000000000e+00	-0.0000000000000000e+00	0.0000000000000000e+00	0.0000000000000000e+00	0.0000000000000000e+00	0.0000000000000000e+00	0.0000000000000000e+00	0.0000000000000000e+00	0.0000000000000000e+00	
2.3709163629277114e-01	-0.0000000000000000e+00	-0.0000000000000000e+00	-2.4778260856863586e-11	6.9999999999999996e-01	0.0000000000000000e+00	-1.9569465722027248e-04	-1.8443754952638794e+07	-3.3543475756930336e+07	0.0000000000000000e+00	-0.0000000000000000e+00	0.0000000000000000e+00	0.0000000000000000e+00	0.0000000000000000e+00	0.0000000000000000e+00	0.0000000000000000e+00	0.0000000000000000e+00	0.0000000000000000e+00	
2.3804381153892684e-01	-0.0000000000000000e+00	-0.0000000000000000e+00	-2.4778260856863586e-11	6.9999999999999996e-01	0.0000000000000000e+00	-1.9569465722027248e-04	-1.8443754952638794e+07	-3.3543475756930336e+07	0.0000000000000000e+00	-0.0000000000000000e+00	0.0000000000000000e+00	0.0000000000000000e+00	0.0000000000000000e+00	0.0000000000000000e+00	0.0000000000000000e+00	0.0000000000000000e+00	0.0000000000000000e+00	
2.3899598678508255e-01	-0.0000000000000000e+00	-0.0000000000000000e+00	-1.7116451046108406e-11	6.9999999999999996e-01	0.0000000000000000e+00	-3.6202506575130314e-04	-1.8443754952651795e+07	-3.3543475756905124e+07	0.0000000000000000e+00	-0.0000000000000000e+00	0.0000000000000000e+00	0.0000000000000000e+00	0.0000000000000000e+00	0.0000000000000000e+00	0.0000000000000000e+00	0.0000000000000000e+00	0.0000000000000000e+00	
2.3994816203123825e-01	-0.0000000000000000e+00	-0.0000000000000000e+00	-1.7116451046108406e-11	6.9999999999999996e-01	0.0000000000000000e+00	-3.6202506575130314e-04	-1.8443754952651795e+07	-3.3543475756905124e+07	0.0000000000000000e+00	-0.0000000000000000e+00	0.0000000000000000e+00	0.0000000000000000e+00	0.0000000000000000e+00	0.0000000000000000e+00	0.0000000000000000e+00	0.0000000000000000e+00	0.0000000000000000e+00	
2.4090033727739396e-01	-0.0000000000000000e+00	-0.0000000000000000e+00	-4.2460293802615596e-12	6.9999999999999996e-01	0.0000000000000000e+00	-5.1514671932387018e-04	-1.8443754952586677e+07	-3.3543475757000290e+07	0.0000000000000000e+00	-0.0000000000000000e+00	0.0000000000000000e+00	0.0000000000000000e+00	0.0000000000000000e+00	0.0000000000000000e+00	0.0000000000000000e+00	0.0000000000000000e+00	0.0000000000000000e+00	
2.4185251252354967e-01	-0.0000000000000000e+00	-0.0000000000000000e+00	-4.2460293802615596e-12	6.9999999999999996e-01	0.0000000000000000e+00	-5.1514671932387018e-04	-1.8443754952586677e+07	-3.3543475757000290e+07	0.0000000000000000e+00	-0.0000000000000000e+00	0.0000000000000000e+00	0.0000000000000000e+00	0.0000000000000000e+00	0.0000000000000000e+00	0.0000000000000000e+00	0.0000000000000000e+00	0.0000000000000000e+00	
2.4280468776970537e-01	-0.0000000000000000e+00	-0.0000000000000000e+00	6.5650905462496368e-12	6.9999999999999996e-01	0.0000000000000000e+00	-6.3980608206906967e-04	-1.8443754952543981e+07	-3.3543475757090766e+07	0.0000000000000000e+00	-0.0000000000000000e+00	0.0000000000000000e+00	0.0000000000000000e+00	0.0000000000000000e+00	0.0000000000000000e+00	0.0000000000000000e+00	0.0000000000000000e+00	0.0000000000000000e+00	
2.4375686301586108e-01	-0.0000000000000000e+00	-0.0000000000000000e+00	6.5650905462496368e-12	6.9999999999999996e-01	0.0000000000000000e+00	-6.3980608206906967e-04	-1.8443754952543981e+07	-3.3543475757090766e+07	0.0000000000000000e+00	-0.0000000000000000e+00	0.0000000000000000e+00	0.0000000000000000e+00	0.0000000000000000e+00	0.0000000000000000e+00	0.0000000000000000e+00	0.0000000000000000e+00	0.0000000000000000e+00	
2.4470903826201679e-01	-0.0000000000000000e+00	-0.0000000000000000e+00	2.1013806045323048e-11	6.9999999999999996e-01	0.0000000000000000e+00	-7.3649871333080277e-04	-1.8443754952407762e+07	-3.3543475757300872e+07	0.0000000000000000e+00	-0.0000000000000000e+00	0.0000000000000000e+00	0.0000000000000000e+00	0.0000000000000000e+00	0.0000000000000000e+00	0.0000000000000000e+00	0.0000000000000000e+00	0.0000000000000000e+00	
2.4566121350817249e-01	-0.0000000000000000e+00	-0.0000000000000000e+00	2.1013806045323048e-11	6.9999999999999996e-01	0.0000000000000000e+00	-7.3649871333080277e-04	-1.8443754952407762e+07	-3.3543475757300872e+07	0.0000000000000000e+00	-0.0000000000000000e+00	0.0000000000000000e+00	0.0000000000000000e+00	0.0000000000000000e+00	0.0000000000000000e+00	0.0000000000000000e+00	0.0000000000000000e+00	0.0000000000000000e+00	
2.4661338875432820e-01	-0.0000000000000000e+00	-0.0000000000000000e+00	3.2450832794922531e-11	6.9999999999999996e-01	0.0000000000000000e+00	-7.7036538234467194e-04	-1.8443754952305693e+07	-3.3543475757522065e+07	0.0000000000000000e+00	-0.0000000000000000e+00	0.0000000000000000e+00	0.0000000000000000e+00	0.0000000000000000e+00	0.0000000000000000e+00	0.0000000000000000e+00	0.0000000000000000e+00	0.0000000000000000e+00	
2.4756556400048391e-01	-0.0000000000000000e+00	-0.0000000000000000e+00	3.2450832794922531e-11	6.9999999999999996e-01	0.0000000000000000e+00	-7.7036538234467194e-04	-1.8443754952305693e+07	-3.3543475757522065e+07	0.0000000000000000e+00	-0.0000000000000000e+00	0.0000000000000000e+00	0.0000000000000000e+00	0.0000000000000000e+00	0.0000000000000000e+00	0.0000000000000000e+00	0.0000000000000000e+00	0.0000000000000000e+00	
2.4851773924663961e-01	-0.0000000000000000e+00	-0.0000000000000000e+00	4.4612589695793529e-11	6.9999999999999996e-01	0.0000000000000000e+00	-7.6736067744398657e-04	-1.8443754952121381e+07	-3.3543475757825892e+07	0.0000000000000000e+00	-0.0000000000000000e+00	0.0000000000000000e+00	0.0000000000000000e+00	0.0000000000000000e+00	0.0000000000000000e+00	0.0000000000000000e+00	0.0000000000000000e+00	0.0000000000000000e+00	
2.4946991449279532e-01	-0.0000000000000000e+00	-0.0000000000000000e+00	4.4612589695793529e-11	6.9999999999999996e-01	0.0000000000000000e+00	-7.6736067744398657e-04	-1.8443754952121381e+07	-3.3543475757825892e+07	0.0000000000000000e+00	-0.0000000000000000e+00	0.0000000000000000e+00	0.0000000000000000e+00	0.0000000000000000e+00	0.0000000000000000e+00	0.0000000000000000e+00	0.0000000000000000e+00	0.0000000000000000e+00	
2.5042208973895103e-01	-0.0000000000000000e+00	-0.0000000000000000e+00	5.3789705709690528e-11	6.9999999999999996e-01	0.0000000000000000e+00	-6.8204579410658143e-04	-1.8443754951975171e+07	-3.3543475758158568e+07	0.0000000000000000e+00	-0.0000000000000000e+00	0.0000000000000000e+00	0.0000000000000000e+00	0.0000000000000000e+00	0.0000000000000000e+00	0.0000000000000000e+00	0.0000000000000000e+00	0.0000000000000000e+00	
2.5137426498510673e-01	-0.0000000000000000e+00	-0.0000000000000000e+00	5.3789705709690528e-11	6.9999999999999996e-01	0.0000000000000000e+00	-6.8204579410658143e-04	-1.8443754951975171e+07	-3.3543475758158568e+07	0.0000000000000000e+00	-0.0000000000000000e+00	0.0000000000000000e+00	0.0000000000000000e+00	0.0000000000000000e+00	0.0000000000000000e+00	0.0000000000000000e+00	0.0000000000000000e+00	0.0000000000000000e+00	
2.5232644023126244e-01	-0.0000000000000000e+00	-0.0000000000000000e+00	5.9824927602745976e-11	6.9999999999999996e-01	0.0000000000000000e+00	-5.5997236151546681e-04	-1.8443754951790623e+07	-3.3543475758495584e+07	0.0000000000000000e+00	-0.0000000000000000e+00	0.0000000000000000e+00	0.0000000000000000e+00	0.0000000000000000e+00	0.0000000000000000e+00	0.0000000000000000e+00	0.0000000000000000e+00	0.0000000000000000e+00	
2.5327861547741815e-01	-0.0000000000000000e+00	-0.0000000000000000e+00	5.9824927602745976e-11	6.9999999999999996e-01	0.0000000000000000e+00	-5.5997236151546681e-04	-1.8443754951790623e+07	-3.3543475758495584e+07	0.0000000000000000e+00	-0.0000000000000000e+00	0.0000000000000000e+00	0.0000000000000000e+00	0.0000000000000000e+00	0.0000000000000000e+00	0.0000000000000000e+00	0.0000000000000000e+00	0.0000000000000000e+00	
2.5423079072357385e-01	-0.0000000000000000e+00	-0.0000000000000000e+00	6.4354138565216610e-11	6.9999999999999996e-01	0.0000000000000000e+00	-3.6145956644278391e-04	-1.8443754951632734e+07	-3.3543475758877151e+07	0.0000000000000000e+00	-0.0000000000000000e+00	0.0000000000000000e+00	0.0000000000000000e+00	0.0000000000000000e+00	0.0000000000000000e+00	0.0000000000000000e+00	0.0000000000000000e+00	0.0000000000000000e+00	
2.5518296596972956e-01	-0.0000000000000000e+00	-0.0000000000000000e+00	6.4354138565216610e-11	6.9999999999999996e-01	0.0000000000000000e+00	-3.6145956644278391e-04	-1.8443754951632734e+07	-3.3543475758877151e+07	0.0000000000000000e+00	-0.0000000000000000e+00	0.0000000000000000e+00	0.0000000000000000e+00	0.0000000000000000e+00	0.0000000000000000e+00	0.0000000000000000e+00	0.0000000000000000e+00	0.0000000000000000e+00	
2.5613514121588526e-01	-0.0000000000000000e+00	-0.0000000000000000e+00	6.1675672311554757e-11	6.9999999999999996e-01	0.0000000000000000e+00	-1.3643160747713097e-04	-1.8443754951508164e+07	-3.3543475759151533e+07	0.0000000000000000e+00	-0.0000000000000000e+00	0.0000000000000000e+00	0.0000000000000000e+00	0.0000000000000000e+00	0.0000000000000000e+00	0.0000000000000000e+00	0.0000000000000000e+00	0.0000000000000000e+00	
2.5708731646204097e-01	-0.0000000000000000e+00	-0.0000000000000000e+00	6.1675672311554757e-11	6.9999999999999996e-01	0.0000000000000000e+00	-1.3643160747713097e-04	-1.8443754951508164e+07	-3.3543475759151533e+07	0.0000000000000000e+00	-0.0000000000000000e+00	0.0000000000000000e+00	0.0000000000000000e+00	0.0000000000000000e+00	0.0000000000000000e+00	0.0000000000000000e+00	0.0000000000000000e+00	0.0000000000000000e+00	
2.5803949170819668e-01	-0.0000000000000000e+00	-0.0000000000000000e+00	6.0328365655091508e-11	6.9999999999999996e-01	0.0000000000000000e+00	1.3082504323055330e-04	-1.8443754951380525e+07	-3.3543475759478718e+07	0.0000000000000000e+00	-0.0000000000000000e+00	0.0000000000000000e+00	0.0000000000000000e+00	0.0000000000000000e+00	0.0000000000000000e+00	0.0000000000000000e+00	0.0000000000000000e+00	0.0000000000000000e+00	
2.5899166695435238e-01	-0.0000000000000000e+00	-0.0000000000000000e+00	6.0328365655091508e-11	6.9999999999999996e-01	0.0000000000000000e+00	1.3082504323055330e-04	-1.8443754951380525e+07	-3.3543475759478718e+07	0.0000000000000000e+00	-0.0000000000000000e+00	0.0000000000000000e+00	0.0000000000000000e+00	0.0000000000000000e+00	0.0000000000000000e+00	0.0000000000000000e+00	0.0000000000000000e+00	0.0000000000000000e+00	
2.5994384220050809e-01	-0.0000000000000000e+00	-0.0000000000000000e+00	4.8521580192482963e-11	6.9999999999999996e-01	0.0000000000000000e+00	4.0580195438875017e-04	-1.8443754951369047e+07	-3.3543475759578664e+07	0.0000000000000000e+00	-0.0000000000000000e+00	0.0000000000000000e+00	0.0000000000000000e+00	0.0000000000000000e+00	0.0000000000000000e+00	0.0000000000000000e+00	0.0000000000000000e+00	0.0000000000000000e+00	
2.6089601744666380e-01	-0.0000000000000000e+00	-0.0000000000000000e+00	4.8521580192482963e-11	6.9999999999999996e-01	0.0000000000000000e+00	4.0580195438875017e-04	-1.8443754951369047e+07	-3.3543475759578664e+07	0.0000000000000000e+00	-0.0000000000000000e+00	0.0000000000000000e+00	0.0000000000000000e+00	0.0000000000000000e+00	0.0000000000000000e+00	0.0000000000000000e+00	0.0000000000000000e+00	0.0000000000000000e+00	
2.6184819269281950e-01	-0.0000000000000000e+00	-0.0000000000000000e+00	4.1444031933469859e-11	6.9999999999999996e-01	0.0000000000000000e+00	6.6754128301820459e-04	-1.8443754951311924e+07	-3.3543475759727247e+07	0.0000000000000000e+00	-0.0000000000000000e+00	0.0000000000000000e+00	0.0000000000000000e+00	0.0000000000000000e+00	0.0000000000000000e+00	0.0000000000000000e+00	0.0000000000000000e+00	0.0000000000000000e+00	
2.6280036793897521e-01	-0.0000000000000000e+00	-0.0000000000000000e+00	4.1444031933469859e-11	6.9999999999999996e-01	0.0000000000000000e+00	6.6754128301820459e-04	-1.8443754951311924e+07	-3.3543475759727247e+07	0.0000000000000000e+00	-0.0000000000000000e+00	0.0000000000000000e+00	0.0000000000000000e+00	0.0000000000000000e+00	0.0000000000000000e+00	0.0000000000000000e+00	0.0000000000000000e+00	0.0000000000000000e+00	
2.6375254318513092e-01	-0.0000000000000000e+00	-0.0000000000000000e+00	2.2543388897612642e-11	6.9999999999999996e-01	0.0000000000000000e+00	9.1385749451620231e-04	-1.8443754951440047e+07	-3.3543475759558674e+07	0.0000000000000000e+00	-0.0000000000000000e+00	0.0000000000000000e+00	0.0000000000000000e+00	0.0000000000000000e+00	0.0000000000000000e+00	0.0000000000000000e+00	0.0000000000000000e+00	0.0000000000000000e+00	
2.6470471843128662e-01	-0.0000000000000000e+00	-0.0000000000000000e+00	2.2543388897612642e-11	6.9999999999999996e-01	0.0000000000000000e+00	9.1385749451620231e-04	-1.8443754951440047e+07	-3.3543475759558674e+07	0.0000000000000000e+00	-0.0000000000000000e+00	0.0000000000000000e+00	0.0000000000000000e+00	0.0000000000000000e+00	0.0000000000000000e+00	0.0000000000000000e+00	0.0000000000000000e+00	0.0000000000000000e+00	
2.6565689367744233e-01	-0.0000000000000000e+00	-0.0000000000000000e+00	1.1019177304214157e-11	6.9999999999999996e-01	0.0000000000000000e+00	1.0863628828267238e-03	-1.8443754951480951e+07	-3.3543475759419810e+07	0.0000000000000000e+00	-0.0000000000000000e+00	0.0000000000000000e+00	0.0000000000000000e+00	0.0000000000000000e+00	0.0000000000000000e+00	0.0000000000000000e+00	0.0000000000000000e+00	0.0000000000000000e+00	
2.6660906892359804e-01	-0.0000000000000000e+00	-0.0000000000000000e+00	1.1019177304214157e-11	6.9999999999999996e-01	0.0000000000000000e+00	1.0863628828267238e-03	-1.8443754951480951e+07	-3.3543475759419810e+07	0.0000000000000000e+00	-0.0000000000000000e+00	0.0000000000000000e+00	0.0000000000000000e+00	0.0000000000000000e+00	0.0000000000000000e+00	0.0000000000000000e+00	0.0000000000000000e+00	0.0000000000000000e+00	
2.6756124416975374e-01	-0.0000000000000000e+00	-0.0000000000000000e+00	-1.0935210032160726e-11	6.9999999999999996e-01	0.0000000000000000e+00	1.2218747742415632e-03	-1.8443754951736059e+07	-3.3543475758946609e+07	0.0000000000000000e+00	-0.0000000000000000e+00	0.0000000000000000e+00	0.0000000000000000e+00	0.0000000000000000e+00	0.0000000000000000e+00	0.0000000000000000e+00	0.0000000000000000e+00	0.0000000000000000e+00	
2.6851341941590945e-01	-0.0000000000000000e+00	-0.0000000000000000e+00	-1.0935210032160726e-11	6.9999999999999996e-01	0.0000000000000000e+00	1.2218747742415632e-03	-1.8443754951736059e+07	-3.3543475758946609e+07	0.0000000000000000e+00	-0.0000000000000000e+00	0.0000000000000000e+00	0.0000000000000000e+00	0.0000000000000000e+00	0.0000000000000000e+00	0.0000000000000000e+00	0.0000000000000000e+00	0.0000000000000000e+00	
2.6946559466206516e-01	-0.0000000000000000e+00	-0.0000000000000000e+00	-2.4949838230759204e-11	6.9999999999999996e-01	0.0000000000000000e+00	1.2383812389965894e-03	-1.8443754951881394e+07	-3.3543475758471381e+07	0.0000000000000000e+00	-0.0000000000000000e+00	0.0000000000000000e+00	0.0000000000000000e+00	0.0000000000000000e+00	0.0000000000000000e+00	0.0000000000000000e+00	0.0000000000000000e+00	0.0000000000000000e+00	
2.7041776990822086e-01	-0.0000000000000000e+00	-0.0000000000000000e+00	-2.4949838230759204e-11	6.9999999999999996e-01	0.0000000000000000e+00	1.2383812389965894e-03	-1.8443754951881394e+07	-3.3543475758471381e+07	0.0000000000000000e+00	-0.0000000000000000e+00	0.0000000000000000e+00	0.0000000000000000e+00	0.0000000000000000e+00	0.0000000000000000e+00	0.0000000000000000e+00	0.0000000000000000e+00	0.0000000000000000e+00	
2.7136994515437657e-01	-0.0000000000000000e+00	-0.0000000000000000e+00	-4.4882807983849909e-11	6.9999999999999996e-01	0.0000000000000000e+00	1.2039781115104585e-03	-1.8443754952210724e+07	-3.3543475757748257e+07	0.0000000000000000e+00	-0.0000000000000000e+00	0.0000000000000000e+00	0.0000000000000000e+00	0.0000000000000000e+00	0.0000000000000000e+00	0.0000000000000000e+00	0.0000000000000000e+00	0.0000000000000000e+00	
2.7232212040053227e-01	-0.0000000000000000e+00	-0.0000000000000000e+00	-4.4882807983849909e-11	6.9999999999999996e-01	0.0000000000000000e+00	1.2039781115104585e-03	-1.8443754952210724e+07	-3.3543475757748257e+07	0.0000000000000000e+00	-0.0000000000000000e+00	0.0000000000000000e+00	0.0000000000000000e+00	0.0000000000000000e+00	0.0000000000000000e+00	0.0000000000000000e+00	0.0000000000000000e+00	0.0000000000000000e+00	
2.7327429564668798e-01	-0.0000000000000000e+00	-0.0000000000000000e+00	-5.9144693192405342e-11	6.9999999999999996e-01	0.0000000000000000e+00	1.0385224654399340e-03	-1.8443754952441636e+07	-3.3543475756985266e+07	0.0000000000000000e+00	-0.0000000000000000e+00	0.0000000000000000e+00	0.0000000000000000e+00	0.0000000000000000e+00	0.0000000000000000e+00	0.0000000000000000e+00	0.0000000000000000e+00	0.0000000000000000e+00	
2.7422647089284369e-01	-0.0000000000000000e+00	-0.0000000000000000e+00	-5.9144693192405342e-11	6.9999999999999996e-01	0.0000000000000000e+00	1.0385224654399340e-03	-1.8443754952441636e+07	-3.3543475756985266e+07	0.0000000000000000e+00	-0.0000000000000000e+00	0.0000000000000000e+00	0.0000000000000000e+00	0.0000000000000000e+00	0.0000000000000000e+00	0.0000000000000000e+00	0.0000000000000000e+00	0.0000000000000000e+00	
2.7517864613899939e-01	-0.0000000000000000e+00	-0.0000000000000000e+00	-7.2106437986329479e-11	6.9999999999999996e-01	0.0000000000000000e+00	8.2039218425829002e-04	-1.8443754952763390e+07	-3.3543475756167520e+07	0.0000000000000000e+00	-0.0000000000000000e+00	0.0000000000000000e+00	0.0000000000000000e+00	0.0000000000000000e+00	0.0000000000000000e+00	0.0000000000000000e+00	0.0000000000000000e+00	0.0000000000000000e+00	
2.7613082138515510e-01	-0.0000000000000000e+00	-0.0000000000000000e+00	-7.2106437986329479e-11	6.9999999999999996e-01	0.0000000000000000e+00	8.2039218425829002e-04	-1.8443754952763390e+07	-3.3543475756167520e+07	0.0000000000000000e+00	-0.0000000000000000e+00	0.0000000000000000e+00	0.0000000000000000e+00	0.0000000000000000e+00	0.0000000000000000e+00	0.0000000000000000e+00	0.0000000000000000e+00	0.0000000000000000e+00	
2.7708299663131081e-01	-0.0000000000000000e+00	-0.0000000000000000e+00	-8.4216104630872178e-11	6.9999999999999996e-01	0.0000000000000000e+00	5.0051961389462225e-04	-1.8443754953036398e+07	-3.3543475755276129e+07	0.0000000000000000e+00	-0.0000000000000000e+00	0.0000000000000000e+00	0.0000000000000000e+00	0.0000000000000000e+00	0.0000000000000000e+00	0.0000000000000000e+00	0.0000000000000000e+00	0.0000000000000000e+00	
2.7803517187746651e-01	-0.0000000000000000e+00	-0.0000000000000000e+00	-8.4216104630872178e-11	6.9999999999999996e-01	0.0000000000000000e+00	5.0051961389462225e-04	-1.8443754953036398e+07	-3.3543475755276129e+07	0.0000000000000000e+00	-0.0000000000000000e+00	0.0000000000000000e+00	0.0000000000000000e+00	0.0000000000000000e+00	0.0000000000000000e+00	0.0000000000000000e+00	0.0000000000000000e+00	0.0000000000000000e+00	
2.7898734712362222e-01	-0.0000000000000000e+00	-0.0000000000000000e+00	-8.6426822981457791e-11	6.9999999999999996e-01	0.0000000000000000e+00	1.3991745839271258e-04	-1.8443754953259911e+07	-3.3543475754595246e+07	0.0000000000000000e+00	-0.0000000000000000e+00	0.0000000000000000e+00	0.0000000000000000e+00	0.0000000000000000e+00	0.0000000000000000e+00	0.0000000000000000e+00	0.0000000000000000e+00	0.0000000000000000e+00	
2.7993952236977793e-01	-0.0000000000000000e+00	-0.0000000000000000e+00	-8.6426822981457791e-11	6.9999999999999996e-01	0.0000000000000000e+00	1.3991745839271258e-04	-1.8443754953259911e+07	-3.3543475754595246e+07	0.0000000000000000e+00	-0.0000000000000000e+00	0.0000000000000000e+00	0.0000000000000000e+00	0.0000000000000000e+00	0.0000000000000000e+00	0.0000000000000000e+00	0.0000000000000000e+00	0.0000000000000000e+00	
2.8089169761593363e-01	-0.0000000000000000e+00	-0.0000000000000000e+00	-9.3795326178081625e-11	6.9999999999999996e-01	0.0000000000000000e+00	-2.5707386627671992e-04	-1.8443754953512702e+07	-3.3543475753821995e+07	0.0000000000000000e+00	-0.0000000000000000e+00	0.0000000000000000e+00	0.0000000000000000e+00	0.0000000000000000e+00	0.0000000000000000e+00	0.0000000000000000e+00	0.0000000000000000e+00	0.0000000000000000e+00	
2.8184387286208934e-01	-0.0000000000000000e+00	-0.0000000000000000e+00	-9.3795326178081625e-11	6.9999999999999996e-01	0.0000000000000000e+00	-2.5707386627671992e-04	-1.8443754953512702e+07	-3.3543475753821995e+07	0.0000000000000000e+00	-0.0000000000000000e+00	0.0000000000000000e+00	0.0000000000000000e+00	0.0000000000000000e+00	0.0000000000000000e+00	0.0000000000000000e+00	0.0000000000000000e+00	0.0000000000000000e+00	
2.8279604810824505e-01	-0.0000000000000000e+00	-0.0000000000000000e+00	-8.3424278900592590e-11	6.9999999999999996e-01	0.0000000000000000e+00	-6.7102420877973774e-04	-1.8443754953562524e+07	-3.3543475753526703e+07	0.0000000000000000e+00	-0.0000000000000000e+00	0.0000000000000000e+00	0.0000000000000000e+00	0.0000000000000000e+00	0.0000000000000000e+00	0.0000000000000000e+00	0.0000000000000000e+00	0.0000000000000000e+00	
2.8374822335440075e-01	-0.0000000000000000e+00	-0.0000000000000000e+00	-8.3424278900592590e-11	6.9999999999999996e-01	0.0000000000000000e+00	-6.7102420877973774e-04	-1.8443754953562524e+07	-3.3543475753526703e+07	0.0000000000000000e+00	-0.0000000000000000e+00	0.0000000000000000e+00	0.0000000000000000e+00	0.0000000000000000e+00	0.0000000000000000e+00	0.0000000000000000e+00	0.0000000000000000e+00	0.0000000000000000e+00	
2.8470039860055646e-01	-0.0000000000000000e+00	-0.0000000000000000e+00	-8.3393543866043127e-11	6.9999999999999996e-01	0.0000000000000000e+00	-1.0380931498490341e-03	-1.8443754953725286e+07	-3.3543475753143754e+07	0.0000000000000000e+00	-0.0000000000000000e+00	0.0000000000000000e+00	0.0000000000000000e+00	0.0000000000000000e+00	0.0000000000000000e+00	0.0000000000000000e+00	0.0000000000000000e+00	0.0000000000000000e+00	
2.8565257384671217e-01	-0.0000000000000000e+00	-0.0000000000000000e+00	-8.3393543866043127e-11	6.9999999999999996e-01	0.0000000000000000e+00	-1.0380931498490341e-03	-1.8443754953725286e+07	-3.3543475753143754e+07	0.0000000000000000e+00	-0.0000000000000000e+00	0.0000000000000000e+00	0.0000000000000000e+00	0.0000000000000000e+00	0.0000000000000000e+00	0.0000000000000000e+00	0.0000000000000000e+00	0.0000000000000000e+00	
2.8660474909286787e-01	-0.0000000000000000e+00	-0.0000000000000000e+00	-6.1073447724581015e-11	6.9999999999999996e-01	0.0000000000000000e+00	-1.3913871920273073e-03	-1.8443754953563295e+07	-3.3543475753419552e+07	0.0000000000000000e+00	-0.0000000000000000e+00	0.0000000000000000e+00	0.0000000000000000e+00	0.0000000000000000e+00	0.0000000000000000e+00	0.0000000000000000e+00	0.0000000000000000e+00	0.0000000000000000e+00	
2.8755692433902358e-01	-0.0000000000000000e+00	-0.0000000000000000e+00	-6.1073447724581015e-11	6.9999999999999996e-01	0.0000000000000000e+00	-1.3913871920273073e-03	-1.8443754953563295e+07	-3.3543475753419552e+07	0.0000000000000000e+00	-0.0000000000000000e+00	0.0000000000000000e+00	0.0000000000000000e+00	0.0000000000000000e+00	0.0000000000000000e+00	0.0000000000000000e+00	0.0000000000000000e+00	0.0000000000000000e+00	
2.8850909958517928e-01	-0.0000000000000000e+00	-0.0000000000000000e+00	-5.1520617572391026e-11	6.9999999999999996e-01	0.0000000000000000e+00	-1.6221062952773019e-03	-1.8443754953575369e+07	-3.3543475753638607e+07	0.0000000000000000e+00	-0.0000000000000000e+00	0.0000000000000000e+00	0.0000000000000000e+00	0.0000000000000000e+00	0.0000000000000000e+00	0.0000000000000000e+00	0.0000000000000000e+00	0.0000000000000000e+00	
2.8946127483133499e-01	-0.0000000000000000e+00	-0.0000000000000000e+00	-5.1520617572391026e-11	6.9999999999999996e-01	0.0000000000000000e+00	-1.6221062952773019e-03	-1.8443754953575369e+07	-3.3543475753638607e+07	0.0000000000000000e+00	-0.0000000000000000e+00	0.0000000000000000e+00	0.0000000000000000e+00	0.0000000000000000e+00	0.0000000000000000e+00	0.0000000000000000e+00	0.0000000000000000e+00	0.0000000000000000e+00	
2.9041345007749070e-01	-0.0000000000000000e+00	-0.0000000000000000e+00	-2.0633024040355585e-11	6.9999999999999996e-01	0.0000000000000000e+00	-1.8079816881704227e-03	-1.8443754953215744e+07	-3.3543475754530318e+07	0.0000000000000000e+00	-0.0000000000000000e+00	0.0000000000000000e+00	0.0000000000000000e+00	0.0000000000000000e+00	0.0000000000000000e+00	0.0000000000000000e+00	0.0000000000000000e+00	0.0000000000000000e+00	
2.9136562532364640e-01	-0.0000000000000000e+00	-0.0000000000000000e+00	-2.0633024040355585e-11	6.9999999999999996e-01	0.0000000000000000e+00	-1.8079816881704227e-03	-1.8443754953215744e+07	-3.3543475754530318e+07	0.0000000000000000e+00	-0.0000000000000000e+00	0.0000000000000000e+00	0.0000000000000000e+00	0.0000000000000000e+00	0.0000000000000000e+00	0.0000000000000000e+00	0.0000000000000000e+00	0.0000000000000000e+00	
2.9231780056980211e-01	-0.0000000000000000e+00	-0.0000000000000000e+00	-1.1200428893703400e-12	6.9999999999999996e-01	0.0000000000000000e+00	-1.8276126168031072e-03	-1.8443754953045223e+07	-3.3543475755417872e+07	0.0000000000000000e+00	-0.0000000000000000e+00	0.0000000000000000e+00	0.0000000000000000e+00	0.0000000000000000e+00	0.0000000000000000e+00	0.0000000000000000e+00	0.0000000000000000e+00	0.0000000000000000e+00	
2.9326997581595782e-01	-0.0000000000000000e+00	-0.0000000000000000e+00	-1.1200428893703400e-12	6.9999999999999996e-01	0.0000000000000000e+00	-1.8276126168031072e-03	-1.8443754953045223e+07	-3.3543475755417872e+07	0.0000000000000000e+00	-0.0000000000000000e+00	0.0000000000000000e+00	0.0000000000000000e+00	0.0000000000000000e+00	0.0000000000000000e+00	0.0000000000000000e+00	0.0000000000000000e+00	0.0000000000000000e+00	
2.9422215106211352e-01	-0.0000000000000000e+00	-0.0000000000000000e+00	3.2221664219819542e-11	6.9999999999999996e-01	0.0000000000000000e+00	-1.7779018339865297e-03	-1.8443754952558279e+07	-3.3543475756783843e+07	0.0000000000000000e+00	-0.0000000000000000e+00	0.0000000000000000e+00	0.0000000000000000e+00	0.0000000000000000e+00	0.0000000000000000e+00	0.0000000000000000e+00	0.0000000000000000e+00	0.0000000000000000e+00	
2.9517432630826923e-01	-0.0000000000000000e+00	-0.0000000000000000e+00	3.2221664219819542e-11	6.9999999999999996e-01	0.0000000000000000e+00	-1.7779018339865297e-03	-1.8443754952558279e+07	-3.3543475756783843e+07	0.0000000000000000e+00	-0.0000000000000000e+00	0.0000000000000000e+00	0.0000000000000000e+00	0.0000000000000000e+00	0.0000000000000000e+00	0.0000000000000000e+00	0.0000000000000000e+00	0.0000000000000000e+00	
2.9612650155442494e-01	-0.0000000000000000e+00	-0.0000000000000000e+00	5.9138296223569304e-11	6.9999999999999996e-01	0.0000000000000000e+00	-1.5652870842657585e-03	-1.8443754952219486e+07	-3.3543475758208510e+07	0.0000000000000000e+00	-0.0000000000000000e+00	0.0000000000000000e+00	0.0000000000000000e+00	0.0000000000000000e+00	0.0000000000000000e+00	0.0000000000000000e+00	0.0000000000000000e+00	0.0000000000000000e+00	
2.9707867680058064e-01	-0.0000000000000000e+00	-0.0000000000000000e+00	5.9138296223569304e-11	6.9999999999999996e-01	0.0000000000000000e+00	-1.5652870842657585e-03	-1.8443754952219486e+07	-3.3543475758208510e+07	0.0000000000000000e+00	-0.0000000000000000e+00	0.0000000000000000e+00	0.0000000000000000e+00	0.0000000000000000e+00	0.0000000000000000e+00	0.0000000000000000e+00	0.0000000000000000e+00	0.0000000000000000e+00	
2.9803085204673635e-01	-0.0000000000000000e+00	-0.0000000000000000e+00	8.6645148892310290e-11	6.9999999999999996e-01	0.0000000000000000e+00	-1.2712827088632039e-03	-1.8443754951721903e+07	-3.3543475759729240e+07	0.0000000000000000e+00	-0.0000000000000000e+00	0.0000000000000000e+00	0.0000000000000000e+00	0.0000000000000000e+00	0.0000000000000000e+00	0.0000000000000000e+00	0.0000000000000000e+00	0.0000000000000000e+00	
2.9898302729289206e-01	-0.0000000000000000e+00	-0.0000000000000000e+00	8.6645148892310290e-11	6.9999999999999996e-01	0.0000000000000000e+00	-1.2712827088632039e-03	-1.8443754951721903e+07	-3.3543475759729240e+07	0.0000000000000000e+00	-0.0000000000000000e+00	0.0000000000000000e+00	0.0000000000000000e+00	0.0000000000000000e+00	0.0000000000000000e+00	0.0000000000000000e+00	0.0000000000000000e+00	0.0000000000000000e+00	
2.9993520253904776e-01	-0.0000000000000000e+00	-0.0000000000000000e+00	1.1470747984423370e-10	6.9999999999999996e-01	0.0000000000000000e+00	-8.6495090867149478e-04	-1.8443754951283459e+07	-3.3543475761365991e+07	0.0000000000000000e+00	-0.0000000000000000e+00	0.0000000000000000e+00	0.0000000000000000e+00	0.0000000000000000e+00	0.0000000000000000e+00	0.0000000000000000e+00	0.0000000000000000e+00	0.0000000000000000e+00	
3.0088737778520347e-01	-0.0000000000000000e+00	-0.0000000000000000e+00	1.1470747984423370e-10	6.9999999999999996e-01	0.0000000000000000e+00	-8.6495090867149478e-04	-1.8443754951283459e+07	-3.3543475761365991e+07	0.0000000000000000e+00	-0.0000000000000000e+00	0.0000000000000000e+00	0.0000000000000000e+00	0.0000000000000000e+00	0.0000000000000000e+00	0.0000000000000000e+00	0.0000000000000000e+00	0.0000000000000000e+00	
3.0183955303135918e-01	-0.0000000000000000e+00	-0.0000000000000000e+00	1.2730302887823379e-10	6.9999999999999996e-01	0.0000000000000000e+00	-3.8161315411401982e-04	-1.8443754950914562e+07	-3.3543475762614425e+07	0.0000000000000000e+00	-0.0000000000000000e+00	0.0000000000000000e+00	0.0000000000000000e+00	0.0000000000000000e+00	0.0000000000000000e+00	0.0000000000000000e+00	0.0000000000000000e+00	0.0000000000000000e+00	
3.0279172827751488e-01	-0.0000000000000000e+00	-0.0000000000000000e+00	1.2730302887823379e-10	6.9999999999999996e-01	0.0000000000000000e+00	-3.8161315411401982e-04	-1.8443754950914562e+07	-3.3543475762614425e+07	0.0000000000000000e+00	-0.0000000000000000e+00	0.0000000000000000e+00	0.0000000000000000e+00	0.0000000000000000e+00	0.0000000000000000e+00	0.0000000000000000e+00	0.0000000000000000e+00	0.0000000000000000e+00	
3.0374390352367059e-01	-0.0000000000000000e+00	-0.0000000000000000e+00	1.4726056050072924e-10	6.9999999999999996e-01	0.0000000000000000e+00	1.3100776852095926e-04	-1.8443754950491130e+07	-3.3543475764014468e+07	0.0000000000000000e+00	-0.0000000000000000e+00	0.0000000000000000e+00	0.0000000000000000e+00	0.0000000000000000e+00	0.0000000000000000e+00	0.0000000000000000e+00	0.0000000000000000e+00	0.0000000000000000e+00	
3.0469607876982630e-01	-0.0000000000000000e+00	-0.0000000000000000e+00	1.4726056050072924e-10	6.9999999999999996e-01	0.0000000000000000e+00	1.3100776852095926e-04	-1.8443754950491130e+07	-3.3543475764014468e+07	0.0000000000000000e+00	-0.0000000000000000e+00	0.0000000000000000e+00	0.0000000000000000e+00	0.0000000000000000e+00	0.0000000000000000e+00	0.0000000000000000e+00	0.0000000000000000e+00	0.0000000000000000e+00	
3.0564825401598200e-01	-0.0000000000000000e+00	-0.0000000000000000e+00	1.3741130801277286e-10	6.9999999999999996e-01	0.0000000000000000e+00	6.9821477617398474e-04	-1.8443754950377986e+07	-3.3543475764574468e+07	0.0000000000000000e+00	-0.0000000000000000e+00	0.0000000000000000e+00	0.0000000000000000e+00	0.0000000000000000e+00	0.0000000000000000e+00	0.0000000000000000e+00	0.0000000000000000e+00	0.0000000000000000e+00	
3.0660042926213771e-01	-0.0000000000000000e+00	-0.0000000000000000e+00	1.3741130801277286e-10	6.9999999999999996e-01	0.0000000000000000e+00	6.9821477617398474e-04	-1.8443754950377986e+07	-3.3543475764574468e+07	0.0000000000000000e+00	-0.0000000000000000e+00	0.0000000000000000e+00	0.0000000000000000e+00	0.0000000000000000e+00	0.0000000000000000e+00	0.0000000000000000e+00	0.0000000000000000e+00	0.0000000000000000e+00	
3.0755260450829341e-01	-0.0000000000000000e+00	-0.0000000000000000e+00	1.3953275641899678e-10	6.9999999999999996e-01	0.0000000000000000e+00	1.2039767769996892e-03	-1.8443754950102977e+07	-3.3543475765287708e+07	0.0000000000000000e+00	-0.0000000000000000e+00	0.0000000000000000e+00	0.0000000000000000e+00	0.0000000000000000e+00	0.0000000000000000e+00	0.0000000000000000e+00	0.0000000000000000e+00	0.0000000000000000e+00	
3.0850477975444912e-01	-0.0000000000000000e+00	-0.0000000000000000e+00	1.3953275641899678e-10	6.9999999999999996e-01	0.0000000000000000e+00	1.2039767769996892e-03	-1.8443754950102977e+07	-3.3543475765287708e+07	0.0000000000000000e+00	-0.0000000000000000e+00	0.0000000000000000e+00	0.0000000000000000e+00	0.0000000000000000e+00	0.0000000000000000e+00	0.0000000000000000e+00	0.0000000000000000e+00	0.0000000000000000e+00	
3.0945695500060483e-01	-0.0000000000000000e+00	-0.0000000000000000e+00	1.0419374575645261e-10	6.9999999999999996e-01	0.0000000000000000e+00	1.7249803335316106e-03	-1.8443754950320996e+07	-3.3543475764888234e+07	0.0000000000000000e+00	-0.0000000000000000e+00	0.0000000000000000e+00	0.0000000000000000e+00	0.0000000000000000e+00	0.0000000000000000e+00	0.0000000000000000e+00	0.0000000000000000e+00	0.0000000000000000e+00	
3.1040913024676053e-01	-0.0000000000000000e+00	-0.0000000000000000e+00	1.0419374575645261e-10	6.9999999999999996e-01	0.0000000000000000e+00	1.7249803335316106e-03	-1.8443754950320996e+07	-3.3543475764888234e+07	0.0000000000000000e+00	-0.0000000000000000e+00	0.0000000000000000e+00	0.0000000000000000e+00	0.0000000000000000e+00	0.0000000000000000e+00	0.0000000000000000e+00	0.0000000000000000e+00	0.0000000000000000e+00	
3.1136130549291624e-01	-0.0000000000000000e+00	-0.0000000000000000e+00	8.2161434301133762e-11	6.9999999999999996e-01	0.0000000000000000e+00	2.1126007372220782e-03	-1.8443754950304504e+07	-3.3543475764605042e+07	0.0000000000000000e+00	-0.0000000000000000e+00	0.0000000000000000e+00	0.0000000000000000e+00	0.0000000000000000e+00	0.0000000000000000e+00	0.0000000000000000e+00	0.0000000000000000e+00	0.0000000000000000e+00	
3.1231348073907195e-01	-0.0000000000000000e+00	-0.0000000000000000e+00	8.2161434301133762e-11	6.9999999999999996e-01	0.0000000000000000e+00	2.1126007372220782e-03	-1.8443754950304504e+07	-3.3543475764605042e+07	0.0000000000000000e+00	-0.0000000000000000e+00	0.0000000000000000e+00	0.0000000000000000e+00	0.0000000000000000e+00	0.0000000000000000e+00	0.0000000000000000e+00	0.0000000000000000e+00	0.0000000000000000e+00	
3.1326565598522765e-01	-0.0000000000000000e+00	-0.0000000000000000e+00	2.5473903477577174e-11	6.9999999999999996e-01	0.0000000000000000e+00	2.4634043367418043e-03	-1.8443754950843945e+07	-3.3543475763227586e+07	0.0000000000000000e+00	-0.0000000000000000e+00	0.0000000000000000e+00	0.0000000000000000e+00	0.0000000000000000e+00	0.0000000000000000e+00	0.0000000000000000e+00	0.0000000000000000e+00	0.0000000000000000e+00	
3.1421783123138336e-01	-0.0000000000000000e+00	-0.0000000000000000e+00	2.5473903477577174e-11	6.9999999999999996e-01	0.0000000000000000e+00	2.4634043367418043e-03	-1.8443754950843945e+07	-3.3543475763227586e+07	0.0000000000000000e+00	-0.0000000000000000e+00	0.0000000000000000e+00	0.0000000000000000e+00	0.0000000000000000e+00	0.0000000000000000e+00	0.0000000000000000e+00	0.0000000000000000e+00	0.0000000000000000e+00	
3.1517000647753907e-01	-0.0000000000000000e+00	-0.0000000000000000e+00	-1.9638974694174137e-11	6.9999999999999996e-01	0.0000000000000000e+00	2.6471849773286472e-03	-1.8443754951128241e+07	-3.3543475761895381e+07	0.0000000000000000e+00	-0.0000000000000000e+00	0.0000000000000000e+00	0.0000000000000000e+00	0.0000000000000000e+00	0.0000000000000000e+00	0.0000000000000000e+00	0.0000000000000000e+00	0.0000000000000000e+00	
3.1612218172369477e-01	-0.0000000000000000e+00	-0.0000000000000000e+00	-1.9638974694174137e-11	6.9999999999999996e-01	0.0000000000000000e+00	2.6471849773286472e-03	-1.8443754951128241e+07	-3.3543475761895381e+07	0.0000000000000000e+00	-0.0000000000000000e+00	0.0000000000000000e+00	0.0000000000000000e+00	0.0000000000000000e+00	0.0000000000000000e+00	0.0000000000000000e+00	0.0000000000000000e+00	0.0000000000000000e+00	
3.1707435696985048e-01	-0.0000000000000000e+00	-0.0000000000000000e+00	-8.5123070787524528e-11	6.9999999999999996e-01	0.0000000000000000e+00	2.7370353239812959e-03	-1.8443754951878820e+07	-3.3543475759815458e+07	0.0000000000000000e+00	-0.0000000000000000e+00	0.0000000000000000e+00	0.0000000000000000e+00	0.0000000000000000e+00	0.0000000000000000e+00	0.0000000000000000e+00	0.0000000000000000e+00	0.0000000000000000e+00	
3.1802653221600619e-01	-0.0000000000000000e+00	-0.0000000000000000e+00	-8.5123070787524528e-11	6.9999999999999996e-01	0.0000000000000000e+00	2.7370353239812959e-03	-1.8443754951878820e+07	-3.3543475759815458e+07	0.0000000000000000e+00	-0.0000000000000000e+00	0.0000000000000000e+00	0.0000000000000000e+00	0.0000000000000000e+00	0.0000000000000000e+00	0.0000000000000000e+00	0.0000000000000000e+00	0.0000000000000000e+00	
3.1897870746216189e-01	-0.0000000000000000e+00	-0.0000000000000000e+00	-1.4260315576300494e-10	6.9999999999999996e-01	0.0000000000000000e+00	2.6711544030267611e-03	-1.8443754952408463e+07	-3.3543475757688537e+07	0.0000000000000000e+00	-0.0000000000000000e+00	0.0000000000000000e+00	0.0000000000000000e+00	0.0000000000000000e+00	0.0000000000000000e+00	0.0000000000000000e+00	0.0000000000000000e+00	0.0000000000000000e+00	
3.1993088270831760e-01	-0.0000000000000000e+00	-0.0000000000000000e+00	-1.4260315576300494e-10	6.9999999999999996e-01	0.0000000000000000e+00	2.6711544030267611e-03	-1.8443754952408463e+07	-3.3543475757688537e+07	0.0000000000000000e+00	-0.0000000000000000e+00	0.0000000000000000e+00	0.0000000000000000e+00	0.0000000000000000e+00	0.0000000000000000e+00	0.0000000000000000e+00	0.0000000000000000e+00	0.0000000000000000e+00	
3.2088305795447331e-01	-0.0000000000000000e+00	-0.0000000000000000e+00	-1.9730452378267037e-10	6.9999999999999996e-01	0.0000000000000000e+00	2.4601857796709746e-03	-1.8443754953171983e+07	-3.3543475755429201e+07	0.0000000000000000e+00	-0.0000000000000000e+00	0.0000000000000000e+00	0.0000000000000000e+00	0.0000000000000000e+00	0.0000000000000000e+00	0.0000000000000000e+00	0.0000000000000000e+00	0.0000000000000000e+00	
3.2183523320062901e-01	-0.0000000000000000e+00	-0.0000000000000000e+00	-1.9730452378267037e-10	6.9999999999999996e-01	0.0000000000000000e+00	2.4601857796709746e-03	-1.8443754953171983e+07	-3.3543475755429201e+07	0.0000000000000000e+00	-0.0000000000000000e+00	0.0000000000000000e+00	0.0000000000000000e+00	0.0000000000000000e+00	0.0000000000000000e+00	0.0000000000000000e+00	0.0000000000000000e+00	0.0000000000000000e+00	
3.2278740844678472e-01	-0.0000000000000000e+00	-0.0000000000000000e+00	-2.4787553352729605e-10	6.9999999999999996e-01	0.0000000000000000e+00	2.1422802174279119e-03	-1.8443754953794211e+07	-3.3543475753027618e+07	0.0000000000000000e+00	-0.0000000000000000e+00	0.0000000000000000e+00	0.0000000000000000e+00	0.0000000000000000e+00	0.0000000000000000e+00	0.0000000000000000e+00	0.0000000000000000e+00	0.0000000000000000e+00	
3.2373958369294042e-01	-0.0000000000000000e+00	-0.0000000000000000e+00	-2.4787553352729605e-10	6.9999999999999996e-01	0.0000000000000000e+00	2.1422802174279119e-03	-1.8443754953794211e+07	-3.3543475753027618e+07	0.0000000000000000e+00	-0.0000000000000000e+00	0.0000000000000000e+00	0.0000000000000000e+00	0.0000000000000000e+00	0.0000000000000000e+00	0.0000000000000000e+00	0.0000000000000000e+00	0.0000000000000000e+00	
3.2469175893909613e-01	-0.0000000000000000e+00	-0.0000000000000000e+00	-2.6964659300081946e-10	6.9999999999999996e-01	0.0000000000000000e+00	1.6473926093197296e-03	-1.8443754954328485e+07	-3.3543475751229361e+07	0.0000000000000000e+00	-0.0000000000000000e+00	0.0000000000000000e+00	0.0000000000000000e+00	0.0000000000000000e+00	0.0000000000000000e+00	0.0000000000000000e+00	0.0000000000000000e+00	0.0000000000000000e+00	
3.2564393418525184e-01	-0.0000000000000000e+00	-0.0000000000000000e+00	-2.6964659300081946e-10	6.9999999999999996e-01	0.0000000000000000e+00	1.6473926093197296e-03	-1.8443754954328485e+07	-3.3543475751229361e+07	0.0000000000000000e+00	-0.0000000000000000e+00	0.0000000000000000e+00	0.0000000000000000e+00	0.0000000000000000e+00	0.0000000000000000e+00	0.0000000000000000e+00	0.0000000000000000e+00	0.0000000000000000e+00	
3.2659610943140754e-01	-0.0000000000000000e+00	-0.0000000000000000e+00	-2.9046351396113729e-10	6.9999999999999996e-01	0.0000000000000000e+00	1.1140267960075318e-03	-1.8443754954830781e+07	-3.3543475749209974e+07	0.0000000000000000e+00	-0.0000000000000000e+00	0.0000000000000000e+00	0.0000000000000000e+00	0.0000000000000000e+00	0.0000000000000000e+00	0.0000000000000000e+00	0.0000000000000000e+00	0.0000000000000000e+00	
3.2754828467756325e-01	-0.0000000000000000e+00	-0.0000000000000000e+00	-2.9046351396113729e-10	6.9999999999999996e-01	0.0000000000000000e+00	1.1140267960075318e-03	-1.8443754954830781e+07	-3.3543475749209974e+07	0.0000000000000000e+00	-0.0000000000000000e+00	0.0000000000000000e+00	0.0000000000000000e+00	0.0000000000000000e+00	0.0000000000000000e+00	0.0000000000000000e+00	0.0000000000000000e+00	0.0000000000000000e+00	
3.2850045992371896e-01	-0.0000000000000000e+00	-0.0000000000000000e+00	-2.6148473170466956e-10	6.9999999999999996e-01	0.0000000000000000e+00	4.0432213643416077e-04	-1.8443754954917800e+07	-3.3543475748448964e+07	0.0000000000000000e+00	-0.0000000000000000e+00	0.0000000000000000e+00	0.0000000000000000e+00	0.0000000000000000e+00	0.0000000000000000e+00	0.0000000000000000e+00	0.0000000000000000e+00	0.0000000000000000e+00	
3.2945263516987466e-01	-0.0000000000000000e+00	-0.0000000000000000e+00	-2.6148473170466956e-10	6.9999999999999996e-01	0.0000000000000000e+00	4.0432213643416077e-04	-1.8443754954917800e+07	-3.3543475748448964e+07	0.0000000000000000e+00	-0.0000000000000000e+00	0.0000000000000000e+00	0.0000000000000000e+00	0.0000000000000000e+00	0.0000000000000000e+00	0.0000000000000000e+00	0.0000000000000000e+00	0.0000000000000000e+00	
3.3040481041603037e-01	-0.0000000000000000e+00	-0.0000000000000000e+00	-2.3410756542879372e-10	6.9999999999999996e-01	0.0000000000000000e+00	-2.7705614465254892e-04	-1.8443754955096066e+07	-3.3543475747420795e+07	0.0000000000000000e+00	-0.0000000000000000e+00	0.0000000000000000e+00	0.0000000000000000e+00	0.0000000000000000e+00	0.0000000000000000e+00	0.0000000000000000e+00	0.0000000000000000e+00	0.0000000000000000e+00	
3.3135698566218608e-01	-0.0000000000000000e+00	-0.0000000000000000e+00	-2.3410756542879372e-10	6.9999999999999996e-01	0.0000000000000000e+00	-2.7705614465254892e-04	-1.8443754955096066e+07	-3.3543475747420795e+07	0.0000000000000000e+00	-0.0000000000000000e+00	0.0000000000000000e+00	0.0000000000000000e+00	0.0000000000000000e+00	0.0000000000000000e+00	0.0000000000000000e+00	0.0000000000000000e+00	0.0000000000000000e+00	
3.3230916090834178e-01	-0.0000000000000000e+00	-0.0000000000000000e+00	-1.4840274778189991e-10	6.9999999999999996e-01	0.0000000000000000e+00	-1.0918241964805965e-03	-1.8443754954617240e+07	-3.3543475748027310e+07	0.0000000000000000e+00	-0.0000000000000000e+00	0.0000000000000000e+00	0.0000000000000000e+00	0.0000000000000000e+00	0.0000000000000000e+00	0.0000000000000000e+00	0.0000000000000000e+00	0.0000000000000000e+00	
3.3326133615449749e-01	-0.0000000000000000e+00	-0.0000000000000000e+00	-1.4840274778189991e-10	6.9999999999999996e-01	0.0000000000000000e+00	-1.0918241964805965e-03	-1.8443754954617240e+07	-3.3543475748027310e+07	0.0000000000000000e+00	-0.0000000000000000e+00	0.0000000000000000e+00	0.0000000000000000e+00	0.0000000000000000e+00	0.0000000000000000e+00	0.0000000000000000e+00	0.0000000000000000e+00	0.0000000000000000e+00	
3.3421351140065320e-01	-0.0000000000000000e+00	-0.0000000000000000e+00	-6.7336391239399111e-11	6.9999999999999996e-01	0.0000000000000000e+00	-1.8305132582770193e-03	-1.8443754954354353e+07	-3.3543475748364057e+07	0.0000000000000000e+00	-0.0000000000000000e+00	0.0000000000000000e+00	0.0000000000000000e+00	0.0000000000000000e+00	0.0000000000000000e+00	0.0000000000000000e+00	0.0000000000000000e+00	0.0000000000000000e+00	
3.3516568664680890e-01	-0.0000000000000000e+00	-0.0000000000000000e+00	-6.7336391239399111e-11	6.9999999999999996e-01	0.0000000000000000e+00	-1.8305132582770193e-03	-1.8443754954354353e+07	-3.3543475748364057e+07	0.0000000000000000e+00	-0.0000000000000000e+00	0.0000000000000000e+00	0.0000000000000000e+00	0.0000000000000000e+00	0.0000000000000000e+00	0.0000000000000000e+00	0.0000000000000000e+00	0.0000000000000000e+00	
3.3611786189296461e-01	-0.0000000000000000e+00	-0.0000000000000000e+00	6.3677304537016046e-11	6.9999999999999996e-01	0.0000000000000000e+00	-2.6149932325605454e-03	-1.8443754953349140e+07	-3.3543475750297531e+07	0.0000000000000000e+00	-0.0000000000000000e+00	0.0000000000000000e+00	0.0000000000000000e+00	0.0000000000000000e+00	0.0000000000000000e+00	0.0000000000000000e+00	0.0000000000000000e+00	0.0000000000000000e+00	
3.3707003713912032e-01	-0.0000000000000000e+00	-0.0000000000000000e+00	6.3677304537016046e-11	6.9999999999999996e-01	0.0000000000000000e+00	-2.6149932325605454e-03	-1.8443754953349140e+07	-3.3543475750297531e+07	0.0000000000000000e+00	-0.0000000000000000e+00	0.0000000000000000e+00	0.0000000000000000e+00	0.0000000000000000e+00	0.0000000000000000e+00	0.0000000000000000e+00	0.0000000000000000e+00	0.0000000000000000e+00	
3.3802221238527602e-01	-0.0000000000000000e+00	-0.0000000000000000e+00	1.8510424384939446e-10	6.9999999999999996e-01	0.0000000000000000e+00	-3.3029926425781351e-03	-1.8443754952675730e+07	-3.3543475752005421e+07	0.0000000000000000e+00	-0.0000000000000000e+00	0.0000000000000000e+00	0.0000000000000000e+00	0.0000000000000000e+00	0.0000000000000000e+00	0.0000000000000000e+00	0.0000000000000000e+00	0.0000000000000000e+00	
3.3897438763143173e-01	-0.0000000000000000e+00	-0.0000000000000000e+00	1.8510424384939446e-10	6.9999999999999996e-01	0.0000000000000000e+00	-3.3029926425781351e-03	-1.8443754952675730e+07	-3.3543475752005421e+07	0.0000000000000000e+00	-0.0000000000000000e+00	0.0000000000000000e+00	0.0000000000000000e+00	0.0000000000000000e+00	0.0000000000000000e+00	0.0000000000000000e+00	0.0000000000000000e+00	0.0000000000000000e+00	
3.3992656287758743e-01	-0.0000000000000000e+00	-0.0000000000000000e+00	3.3157304251092921e-10	6.9999999999999996e-01	0.0000000000000000e+00	-3.9128367900011620e-03	-1.8443754951360598e+07	-3.3543475754829504e+07	0.0000000000000000e+00	-0.0000000000000000e+00	0.0000000000000000e+00	0.0000000000000000e+00	0.0000000000000000e+00	0.0000000000000000e+00	0.0000000000000000e+00	0.0000000000000000e+00	0.0000000000000000e+00	
3.4087873812374314e-01	-0.0000000000000000e+00	-0.0000000000000000e+00	3.3157304251092921e-10	6.9999999999999996e-01	0.0000000000000000e+00	-3.9128367900011620e-03	-1.8443754951360598e+07	-3.3543475754829504e+07	0.0000000000000000e+00	-0.0000000000000000e+00	0.0000000000000000e+00	0.0000000000000000e+00	0.0000000000000000e+00	0.0000000000000000e+00	0.0000000000000000e+00	0.0000000000000000e+00	0.0000000000000000e+00	
3.4183091336989885e-01	-0.0000000000000000e+00	-0.0000000000000000e+00	4.6091101999124311e-10	6.9999999999999996e-01	0.0000000000000000e+00	-4.4311296680141386e-03	-1.8443754950471435e+07	-3.3543475757515475e+07	0.0000000000000000e+00	-0.0000000000000000e+00	0.0000000000000000e+00	0.0000000000000000e+00	0.0000000000000000e+00	0.0000000000000000e+00	0.0000000000000000e+00	0.0000000000000000e+00	0.0000000000000000e+00	
3.4278308861605455e-01	-0.0000000000000000e+00	-0.0000000000000000e+00	4.6091101999124311e-10	6.9999999999999996e-01	0.0000000000000000e+00	-4.4311296680141386e-03	-1.8443754950471435e+07	-3.3543475757515475e+07	0.0000000000000000e+00	-0.0000000000000000e+00	0.0000000000000000e+00	0.0000000000000000e+00	0.0000000000000000e+00	0.0000000000000000e+00	0.0000000000000000e+00	0.0000000000000000e+00	0.0000000000000000e+00	
3.4373526386221026e-01	-0.0000000000000000e+00	-0.0000000000000000e+00	5.7953209467402269e-10	6.9999999999999996e-01	0.0000000000000000e+00	-4.7310645920033067e-03	-1.8443754949204899e+07	-3.3543475760488704e+07	0.0000000000000000e+00	-0.0000000000000000e+00	0.0000000000000000e+00	0.0000000000000000e+00	0.0000000000000000e+00	0.0000000000000000e+00	0.0000000000000000e+00	0.0000000000000000e+00	0.0000000000000000e+00	
3.4468743910836597e-01	-0.0000000000000000e+00	-0.0000000000000000e+00	5.7953209467402269e-10	6.9999999999999996e-01	0.0000000000000000e+00	-4.7310645920033067e-03	-1.8443754949204899e+07	-3.3543475760488704e+07	0.0000000000000000e+00	-0.0000000000000000e+00	0.0000000000000000e+00	0.0000000000000000e+00	0.0000000000000000e+00	0.0000000000000000e+00	0.0000000000000000e+00	0.0000000000000000e+00	0.0000000000000000e+00	
3.4563961435452167e-01	-0.0000000000000000e+00	-0.0000000000000000e+00	6.7191731546593525e-10	6.9999999999999996e-01	0.0000000000000000e+00	-4.9600826092972500e-03	-1.8443754948416278e+07	-3.3543475763445754e+07	0.0000000000000000e+00	-0.0000000000000000e+00	0.0000000000000000e+00	0.0000000000000000e+00	0.0000000000000000e+00	0.0000000000000000e+00	0.0000000000000000e+00	0.0000000000000000e+00	0.0000000000000000e+00	
3.4659178960067738e-01	-0.0000000000000000e+00	-0.0000000000000000e+00	6.7191731546593525e-10	6.9999999999999996e-01	0.0000000000000000e+00	-4.9600826092972500e-03	-1.8443754948416278e+07	-3.3543475763445754e+07	0.0000000000000000e+00	-0.0000000000000000e+00	0.0000000000000000e+00	0.0000000000000000e+00	0.0000000000000000e+00	0.0000000000000000e+00	0.0000000000000000e+00	0.0000000000000000e+00	0.0000000000000000e+00	
3.4754396484683309e-01	-0.0000000000000000e+00	-0.0000000000000000e+00	7.1667161537760467e-10	6.9999999999999996e-01	0.0000000000000000e+00	-4.8441095682122794e-03	-1.8443754947611198e+07	-3.3543475765709359e+07	0.0000000000000000e+00	-0.0000000000000000e+00	0.0000000000000000e+00	0.0000000000000000e+00	0.0000000000000000e+00	0.0000000000000000e+00	0.0000000000000000e+00	0.0000000000000000e+00	0.0000000000000000e+00	
3.4849614009298879e-01	-0.0000000000000000e+00	-0.0000000000000000e+00	7.1667161537760467e-10	6.9999999999999996e-01	0.0000000000000000e+00	-4.8441095682122794e-03	-1.8443754947611198e+07	-3.3543475765709359e+07	0.0000000000000000e+00	-0.0000000000000000e+00	0.0000000000000000e+00	0.0000000000000000e+00	0.0000000000000000e+00	0.0000000000000000e+00	0.0000000000000000e+00	0.0000000000000000e+00	0.0000000000000000e+00	
3.4944831533914450e-01	-0.0000000000000000e+00	-0.0000000000000000e+00	7.2762745149971703e-10	6.9999999999999996e-01	0.0000000000000000e+00	-4.6813874362059919e-03	-1.8443754947264519e+07	-3.3543475768101033e+07	0.0000000000000000e+00	-0.0000000000000000e+00	0.0000000000000000e+00	0.0000000000000000e+00	0.0000000000000000e+00	0.0000000000000000e+00	0.0000000000000000e+00	0.0000000000000000e+00	0.0000000000000000e+00	
3.5040049058530021e-01	-0.0000000000000000e+00	-0.0000000000000000e+00	7.2762745149971703e-10	6.9999999999999996e-01	0.0000000000000000e+00	-4.6813874362059919e-03	-1.8443754947264519e+07	-3.3543475768101033e+07	0.0000000000000000e+00	-0.0000000000000000e+00	0.0000000000000000e+00	0.0000000000000000e+00	0.0000000000000000e+00	0.0000000000000000e+00	0.0000000000000000e+00	0.0000000000000000e+00	0.0000000000000000e+00	
3.5135266583145591e-01	-0.0000000000000000e+00	-0.0000000000000000e+00	6.6388308220196788e-10	6.9999999999999996e-01	0.0000000000000000e+00	-4.0946044936876081e-03	-1.8443754947267264e+07	-3.3543475768915616e+07	0.0000000000000000e+00	-0.0000000000000000e+00	0.0000000000000000e+00	0.0000000000000000e+00	0.0000000000000000e+00	0.0000000000000000e+00	0.0000000000000000e+00	0.0000000000000000e+00	0.0000000000000000e+00	
3.5230484107761162e-01	-0.0000000000000000e+00	-0.0000000000000000e+00	6.6388308220196788e-10	6.9999999999999996e-01	0.0000000000000000e+00	-4.0946044936876081e-03	-1.8443754947267264e+07	-3.3543475768915616e+07	0.0000000000000000e+00	-0.0000000000000000e+00	0.0000000000000000e+00	0.0000000000000000e+00	0.0000000000000000e+00	0.0000000000000000e+00	0.0000000000000000e+00	0.0000000000000000e+00	0.0000000000000000e+00	
3.5325701632376733e-01	-0.0000000000000000e+00	-0.0000000000000000e+00	5.6487763029178683e-10	6.9999999999999996e-01	0.0000000000000000e+00	-3.4792048259845534e-03	-1.8443754947605330e+07	-3.3543475770010851e+07	0.0000000000000000e+00	-0.0000000000000000e+00	0.0000000000000000e+00	0.0000000000000000e+00	0.0000000000000000e+00	0.0000000000000000e+00	0.0000000000000000e+00	0.0000000000000000e+00	0.0000000000000000e+00	
3.5420919156992303e-01	-0.0000000000000000e+00	-0.0000000000000000e+00	5.6487763029178683e-10	6.9999999999999996e-01	0.0000000000000000e+00	-3.4792048259845534e-03	-1.8443754947605330e+07	-3.3543475770010851e+07	0.0000000000000000e+00	-0.0000000000000000e+00	0.0000000000000000e+00	0.0000000000000000e+00	0.0000000000000000e+00	0.0000000000000000e+00	0.0000000000000000e+00	0.0000000000000000e+00	0.0000000000000000e+00	
3.5516136681607874e-01	-0.0000000000000000e+00	-0.0000000000000000e+00	3.8283715815674010e-10	6.9999999999999996e-01	0.0000000000000000e+00	-2.4382344374671069e-03	-1.8443754948576216e+07	-3.3543475768977139e+07	0.0000000000000000e+00	-0.0000000000000000e+00	0.0000000000000000e+00	0.0000000000000000e+00	0.0000000000000000e+00	0.0000000000000000e+00	0.0000000000000000e+00	0.0000000000000000e+00	0.0000000000000000e+00	
3.5611354206223444e-01	-0.0000000000000000e+00	-0.0000000000000000e+00	3.8283715815674010e-10	6.9999999999999996e-01	0.0000000000000000e+00	-2.4382344374671069e-03	-1.8443754948576216e+07	-3.3543475768977139e+07	0.0000000000000000e+00	-0.0000000000000000e+00	0.0000000000000000e+00	0.0000000000000000e+00	0.0000000000000000e+00	0.0000000000000000e+00	0.0000000000000000e+00	0.0000000000000000e+00	0.0000000000000000e+00	
3.5706571730839015e-01	-0.0000000000000000e+00	-0.0000000000000000e+00	1.7464385051866139e-10	6.9999999999999996e-01	0.0000000000000000e+00	-1.3769309478078775e-03	-1.8443754949633937e+07	-3.3543475768369567e+07	0.0000000000000000e+00	-0.0000000000000000e+00	0.0000000000000000e+00	0.0000000000000000e+00	0.0000000000000000e+00	0.0000000000000000e+00	0.0000000000000000e+00	0.0000000000000000e+00	0.0000000000000000e+00	
3.5801789255454586e-01	-0.0000000000000000e+00	-0.0000000000000000e+00	1.7464385051866139e-10	6.9999999999999996e-01	0.0000000000000000e+00	-1.3769309478078775e-03	-1.8443754949633937e+07	-3.3543475768369567e+07	0.0000000000000000e+00	-0.0000000000000000e+00	0.0000000000000000e+00	0.0000000000000000e+00	0.0000000000000000e+00	0.0000000000000000e+00	0.0000000000000000e+00	0.0000000000000000e+00	0.0000000000000000e+00	
3.5897006780070156e-01	-0.0000000000000000e+00	-0.0000000000000000e+00	-1.0240387188827383e-10	6.9999999999999996e-01	0.0000000000000000e+00	1.6538146031076076e-05	-1.8443754951468728e+07	-3.3543475765570428e+07	0.0000000000000000e+00	-0.0000000000000000e+00	0.0000000000000000e+00	0.0000000000000000e+00	0.0000000000000000e+00	0.0000000000000000e+00	0.0000000000000000e+00	0.0000000000000000e+00	0.0000000000000000e+00	
3.5992224304685727e-01	-0.0000000000000000e+00	-0.0000000000000000e+00	-1.0240387188827383e-10	6.9999999999999996e-01	0.0000000000000000e+00	1.6538146031076076e-05	-1.8443754951468728e+07	-3.3543475765570428e+07	0.0000000000000000e+00	-0.0000000000000000e+00	0.0000000000000000e+00	0.0000000000000000e+00	0.0000000000000000e+00	0.0000000000000000e+00	0.0000000000000000e+00	0.0000000000000000e+00	0.0000000000000000e+00	
3.6087441829301298e-01	-0.0000000000000000e+00	-0.0000000000000000e+00	-3.8357144902485409e-10	6.9999999999999996e-01	0.0000000000000000e+00	1.4295896714316169e-03	-1.8443754953021538e+07	-3.3543475763317954e+07	0.0000000000000000e+00	-0.0000000000000000e+00	0.0000000000000000e+00	0.0000000000000000e+00	0.0000000000000000e+00	0.0000000000000000e+00	0.0000000000000000e+00	0.0000000000000000e+00	0.0000000000000000e+00	
3.6182659353916868e-01	-0.0000000000000000e+00	-0.0000000000000000e+00	-3.8357144902485409e-10	6.9999999999999996e-01	0.0000000000000000e+00	1.4295896714316169e-03	-1.8443754953021538e+07	-3.3543475763317954e+07	0.0000000000000000e+00	-0.0000000000000000e+00	0.0000000000000000e+00	0.0000000000000000e+00	0.0000000000000000e+00	0.0000000000000000e+00	0.0000000000000000e+00	0.0000000000000000e+00	0.0000000000000000e+00	
3.6277876878532439e-01	-0.0000000000000000e+00	-0.0000000000000000e+00	-6.9974263301303902e-10	6.9999999999999996e-01	0.0000000000000000e+00	2.9882989237897781e-03	-1.8443754955345411e+07	-3.3543475759338189e+07	0.0000000000000000e+00	-0.0000000000000000e+00	0.0000000000000000e+00	0.0000000000000000e+00	0.0000000000000000e+00	0.0000000000000000e+00	0.0000000000000000e+00	0.0000000000000000e+00	0.0000000000000000e+00	
3.6373094403148010e-01	-0.0000000000000000e+00	-0.0000000000000000e+00	-6.9974263301303902e-10	6.9999999999999996e-01	0.0000000000000000e+00	2.9882989237897781e-03	-1.8443754955345411e+07	-3.3543475759338189e+07	0.0000000000000000e+00	-0.0000000000000000e+00	0.0000000000000000e+00	0.0000000000000000e+00	0.0000000000000000e+00	0.0000000000000000e+00	0.0000000000000000e+00	0.0000000000000000e+00	0.0000000000000000e+00	
3.6468311927763580e-01	-0.0000000000000000e+00	-0.0000000000000000e+00	-9.8661177987026917e-10	6.9999999999999996e-01	0.0000000000000000e+00	4.5670758539957529e-03	-1.8443754956943613e+07	-3.3543475755979028e+07	0.0000000000000000e+00	-0.0000000000000000e+00	0.0000000000000000e+00	0.0000000000000000e+00	0.0000000000000000e+00	0.0000000000000000e+00	0.0000000000000000e+00	0.0000000000000000e+00	0.0000000000000000e+00	
3.6563529452379151e-01	-0.0000000000000000e+00	-0.0000000000000000e+00	-9.8661177987026917e-10	6.9999999999999996e-01	0.0000000000000000e+00	4.5670758539957529e-03	-1.8443754956943613e+07	-3.3543475755979028e+07	0.0000000000000000e+00	-0.0000000000000000e+00	0.0000000000000000e+00	0.0000000000000000e+00	0.0000000000000000e+00	0.0000000000000000e+00	0.0000000000000000e+00	0.0000000000000000e+00	0.0000000000000000e+00	
3.6658746976994722e-01	-0.0000000000000000e+00	-0.0000000000000000e+00	-1.2638430437327689e-09	6.9999999999999996e-01	0.0000000000000000e+00	6.0351415719511765e-03	-1.8443754959188234e+07	-3.3543475751790915e+07	0.0000000000000000e+00	-0.0000000000000000e+00	0.0000000000000000e+00	0.0000000000000000e+00	0.0000000000000000e+00	0.0000000000000000e+00	0.0000000000000000e+00	0.0000000000000000e+00	0.0000000000000000e+00	
3.6753964501610292e-01	-0.0000000000000000e+00	-0.0000000000000000e+00	-1.2638430437327689e-09	6.9999999999999996e-01	0.0000000000000000e+00	6.0351415719511765e-03	-1.8443754959188234e+07	-3.3543475751790915e+07	0.0000000000000000e+00	-0.0000000000000000e+00	0.0000000000000000e+00	0.0000000000000000e+00	0.0000000000000000e+00	0.0000000000000000e+00	0.0000000000000000e+00	0.0000000000000000e+00	0.0000000000000000e+00	
3.6849182026225863e-01	-0.0000000000000000e+00	-0.0000000000000000e+00	-1.4731417141388182e-09	6.9999999999999996e-01	0.0000000000000000e+00	7.5180777942004205e-03	-1.8443754960277282e+07	-3.3543475748225182e+07	0.0000000000000000e+00	-0.0000000000000000e+00	0.0000000000000000e+00	0.0000000000000000e+00	0.0000000000000000e+00	0.0000000000000000e+00	0.0000000000000000e+00	0.0000000000000000e+00	0.0000000000000000e+00	
3.6944399550841434e-01	-0.0000000000000000e+00	-0.0000000000000000e+00	-1.4731417141388182e-09	6.9999999999999996e-01	0.0000000000000000e+00	7.5180777942004205e-03	-1.8443754960277282e+07	-3.3543475748225182e+07	0.0000000000000000e+00	-0.0000000000000000e+00	0.0000000000000000e+00	0.0000000000000000e+00	0.0000000000000000e+00	0.0000000000000000e+00	0.0000000000000000e+00	0.0000000000000000e+00	0.0000000000000000e+00	
3.7039617075457004e-01	-0.0000000000000000e+00	-0.0000000000000000e+00	-1.6296618228651534e-09	6.9999999999999996e-01	0.0000000000000000e+00	8.6059628589759043e-03	-1.8443754961824313e+07	-3.3543475744962756e+07	0.0000000000000000e+00	-0.0000000000000000e+00	0.0000000000000000e+00	0.0000000000000000e+00	0.0000000000000000e+00	0.0000000000000000e+00	0.0000000000000000e+00	0.0000000000000000e+00	0.0000000000000000e+00	
3.7134834600072575e-01	-0.0000000000000000e+00	-0.0000000000000000e+00	-1.6296618228651534e-09	6.9999999999999996e-01	0.0000000000000000e+00	8.6059628589759043e-03	-1.8443754961824313e+07	-3.3543475744962756e+07	0.0000000000000000e+00	-0.0000000000000000e+00	0.0000000000000000e+00	0.0000000000000000e+00	0.0000000000000000e+00	0.0000000000000000e+00	0.0000000000000000e+00	0.0000000000000000e+00	0.0000000000000000e+00	
3.7230052124688146e-01	-0.0000000000000000e+00	-0.0000000000000000e+00	-1.6844691360541326e-09	6.9999999999999996e-01	0.0000000000000000e+00	9.6935305517813191e-03	-1.8443754961919110e+07	-3.3543475742225423e+07	0.0000000000000000e+00	-0.0000000000000000e+00	0.0000000000000000e+00	0.0000000000000000e+00	0.0000000000000000e+00	0.0000000000000000e+00	0.0000000000000000e+00	0.0000000000000000e+00	0.0000000000000000e+00	
3.7325269649303716e-01	-0.0000000000000000e+00	-0.0000000000000000e+00	-1.6844691360541326e-09	6.9999999999999996e-01	0.0000000000000000e+00	9.6935305517813191e-03	-1.8443754961919110e+07	-3.3543475742225423e+07	0.0000000000000000e+00	-0.0000000000000000e+00	0.0000000000000000e+00	0.0000000000000000e+00	0.0000000000000000e+00	0.0000000000000000e+00	0.0000000000000000e+00	0.0000000000000000e+00	0.0000000000000000e+00	
3.7420487173919287e-01	-0.0000000000000000e+00	-0.0000000000000000e+00	-1.6567305103215846e-09	6.9999999999999996e-01	0.0000000000000000e+00	1.0127132804776008e-02	-1.8443754962269846e+07	-3.3543475740900200e+07	0.0000000000000000e+00	-0.0000000000000000e+00	0.0000000000000000e+00	0.0000000000000000e+00	0.0000000000000000e+00	0.0000000000000000e+00	0.0000000000000000e+00	0.0000000000000000e+00	0.0000000000000000e+00	
3.7515704698534857e-01	-0.0000000000000000e+00	-0.0000000000000000e+00	-1.6567305103215846e-09	6.9999999999999996e-01	0.0000000000000000e+00	1.0127132804776008e-02	-1.8443754962269846e+07	-3.3543475740900200e+07	0.0000000000000000e+00	-0.0000000000000000e+00	0.0000000000000000e+00	0.0000000000000000e+00	0.0000000000000000e+00	0.0000000000000000e+00	0.0000000000000000e+00	0.0000000000000000e+00	0.0000000000000000e+00	
3.7610922223150428e-01	-0.0000000000000000e+00	-0.0000000000000000e+00	-1.5099960614713810e-09	6.9999999999999996e-01	0.0000000000000000e+00	1.0535560116783700e-02	-1.8443754961127840e+07	-3.3543475739882041e+07	0.0000000000000000e+00	-0.0000000000000000e+00	0.0000000000000000e+00	0.0000000000000000e+00	0.0000000000000000e+00	0.0000000000000000e+00	0.0000000000000000e+00	0.0000000000000000e+00	0.0000000000000000e+00	
3.7706139747765999e-01	-0.0000000000000000e+00	-0.0000000000000000e+00	-1.5099960614713810e-09	6.9999999999999996e-01	0.0000000000000000e+00	1.0535560116783700e-02	-1.8443754961127840e+07	-3.3543475739882041e+07	0.0000000000000000e+00	-0.0000000000000000e+00	0.0000000000000000e+00	0.0000000000000000e+00	0.0000000000000000e+00	0.0000000000000000e+00	0.0000000000000000e+00	0.0000000000000000e+00	0.0000000000000000e+00	
3.7801357272381569e-01	-0.0000000000000000e+00	-0.0000000000000000e+00	-1.2720274410803076e-09	6.9999999999999996e-01	0.0000000000000000e+00	1.0111694452288466e-02	-1.8443754960048057e+07	-3.3543475741110288e+07	0.0000000000000000e+00	-0.0000000000000000e+00	0.0000000000000000e+00	0.0000000000000000e+00	0.0000000000000000e+00	0.0000000000000000e+00	0.0000000000000000e+00	0.0000000000000000e+00	0.0000000000000000e+00	
3.7896574796997140e-01	-0.0000000000000000e+00	-0.0000000000000000e+00	-1.2720274410803076e-09	6.9999999999999996e-01	0.0000000000000000e+00	1.0111694452288466e-02	-1.8443754960048057e+07	-3.3543475741110288e+07	0.0000000000000000e+00	-0.0000000000000000e+00	0.0000000000000000e+00	0.0000000000000000e+00	0.0000000000000000e+00	0.0000000000000000e+00	0.0000000000000000e+00	0.0000000000000000e+00	0.0000000000000000e+00	
3.7991792321612711e-01	-0.0000000000000000e+00	-0.0000000000000000e+00	-9.2422344760948701e-10	6.9999999999999996e-01	0.0000000000000000e+00	9.6332379865064176e-03	-1.8443754957781494e+07	-3.3543475742300112e+07	0.0000000000000000e+00	-0.0000000000000000e+00	0.0000000000000000e+00	0.0000000000000000e+00	0.0000000000000000e+00	0.0000000000000000e+00	0.0000000000000000e+00	0.0000000000000000e+00	0.0000000000000000e+00	
3.8087009846228281e-01	-0.0000000000000000e+00	-0.0000000000000000e+00	-9.2422344760948701e-10	6.9999999999999996e-01	0.0000000000000000e+00	9.6332379865064176e-03	-1.8443754957781494e+07	-3.3543475742300112e+07	0.0000000000000000e+00	-0.0000000000000000e+00	0.0000000000000000e+00	0.0000000000000000e+00	0.0000000000000000e+00	0.0000000000000000e+00	0.0000000000000000e+00	0.0000000000000000e+00	0.0000000000000000e+00	
3.8182227370843852e-01	-0.0000000000000000e+00	-0.0000000000000000e+00	-4.9874830523681401e-10	6.9999999999999996e-01	0.0000000000000000e+00	8.2713406689054886e-03	-1.8443754955377337e+07	-3.3543475746112037e+07	0.0000000000000000e+00	-0.0000000000000000e+00	0.0000000000000000e+00	0.0000000000000000e+00	0.0000000000000000e+00	0.0000000000000000e+00	0.0000000000000000e+00	0.0000000000000000e+00	0.0000000000000000e+00	
3.8277444895459423e-01	-0.0000000000000000e+00	-0.0000000000000000e+00	-4.9874830523681401e-10	6.9999999999999996e-01	0.0000000000000000e+00	8.2713406689054886e-03	-1.8443754955377337e+07	-3.3543475746112037e+07	0.0000000000000000e+00	-0.0000000000000000e+00	0.0000000000000000e+00	0.0000000000000000e+00	0.0000000000000000e+00	0.0000000000000000e+00	0.0000000000000000e+00	0.0000000000000000e+00	0.0000000000000000e+00	
3.8372662420074993e-01	-0.0000000000000000e+00	-0.0000000000000000e+00	-3.8996895623336895e-12	6.9999999999999996e-01	0.0000000000000000e+00	6.8290895637096180e-03	-1.8443754952462018e+07	-3.3543475749431752e+07	0.0000000000000000e+00	-0.0000000000000000e+00	0.0000000000000000e+00	0.0000000000000000e+00	0.0000000000000000e+00	0.0000000000000000e+00	0.0000000000000000e+00	0.0000000000000000e+00	0.0000000000000000e+00	
3.8467879944690564e-01	-0.0000000000000000e+00	-0.0000000000000000e+00	-3.8996895623336895e-12	6.9999999999999996e-01	0.0000000000000000e+00	6.8290895637096180e-03	-1.8443754952462018e+07	-3.3543475749431752e+07	0.0000000000000000e+00	-0.0000000000000000e+00	0.0000000000000000e+00	0.0000000000000000e+00	0.0000000000000000e+00	0.0000000000000000e+00	0.0000000000000000e+00	0.0000000000000000e+00	0.0000000000000000e+00	
3.8563097469306135e-01	-0.0000000000000000e+00	-0.0000000000000000e+00	5.3834160202499099e-10	6.9999999999999996e-01	0.0000000000000000e+00	4.6082498309303306e-03	-1.8443754949164823e+07	-3.3543475755215805e+07	0.0000000000000000e+00	-0.0000000000000000e+00	0.0000000000000000e+00	0.0000000000000000e+00	0.0000000000000000e+00	0.0000000000000000e+00	0.0000000000000000e+00	0.0000000000000000e+00	0.0000000000000000e+00	
3.8658314993921705e-01	-0.0000000000000000e+00	-0.0000000000000000e+00	5.3834160202499099e-10	6.9999999999999996e-01	0.0000000000000000e+00	4.6082498309303306e-03	-1.8443754949164823e+07	-3.3543475755215805e+07	0.0000000000000000e+00	-0.0000000000000000e+00	0.0000000000000000e+00	0.0000000000000000e+00	0.0000000000000000e+00	0.0000000000000000e+00	0.0000000000000000e+00	0.0000000000000000e+00	0.0000000000000000e+00	
3.8753532518537276e-01	-0.0000000000000000e+00	-0.0000000000000000e+00	1.0808824997994648e-09	6.9999999999999996e-01	0.0000000000000000e+00	2.2930434802951494e-03	-1.8443754946335230e+07	-3.3543475759998463e+07	0.0000000000000000e+00	-0.0000000000000000e+00	0.0000000000000000e+00	0.0000000000000000e+00	0.0000000000000000e+00	0.0000000000000000e+00	0.0000000000000000e+00	0.0000000000000000e+00	0.0000000000000000e+00	
3.8848750043152847e-01	-0.0000000000000000e+00	-0.0000000000000000e+00	1.0808824997994648e-09	6.9999999999999996e-01	0.0000000000000000e+00	2.2930434802951494e-03	-1.8443754946335230e+07	-3.3543475759998463e+07	0.0000000000000000e+00	-0.0000000000000000e+00	0.0000000000000000e+00	0.0000000000000000e+00	0.0000000000000000e+00	0.0000000000000000e+00	0.0000000000000000e+00	0.0000000000000000e+00	0.0000000000000000e+00	
3.8943967567768417e-01	-0.0000000000000000e+00	-0.0000000000000000e+00	1.6340160020351475e-09	6.9999999999999996e-01	0.0000000000000000e+00	-5.3559834571828644e-04	-1.8443754942801032e+07	-3.3543475766601555e+07	0.0000000000000000e+00	-0.0000000000000000e+00	0.0000000000000000e+00	0.0000000000000000e+00	0.0000000000000000e+00	0.0000000000000000e+00	0.0000000000000000e+00	0.0000000000000000e+00	0.0000000000000000e+00	
3.9039185092383988e-01	-0.0000000000000000e+00	-0.0000000000000000e+00	1.6340160020351475e-09	6.9999999999999996e-01	0.0000000000000000e+00	-5.3559834571828644e-04	-1.8443754942801032e+07	-3.3543475766601555e+07	0.0000000000000000e+00	-0.0000000000000000e+00	0.0000000000000000e+00	0.0000000000000000e+00	0.0000000000000000e+00	0.0000000000000000e+00	0.0000000000000000e+00	0.0000000000000000e+00	0.0000000000000000e+00	
3.9134402616999558e-01	-0.0000000000000000e+00	-0.0000000000000000e+00	2.1007010987864023e-09	6.9999999999999996e-01	0.0000000000000000e+00	-3.4563222102893154e-03	-1.8443754940858148e+07	-3.3543475771726027e+07	0.0000000000000000e+00	-0.0000000000000000e+00	0.0000000000000000e+00	0.0000000000000000e+00	0.0000000000000000e+00	0.0000000000000000e+00	0.0000000000000000e+00	0.0000000000000000e+00	0.0000000000000000e+00	
3.9229620141615129e-01	-0.0000000000000000e+00	-0.0000000000000000e+00	2.1007010987864023e-09	6.9999999999999996e-01	0.0000000000000000e+00	-3.4563222102893154e-03	-1.8443754940858148e+07	-3.3543475771726027e+07	0.0000000000000000e+00	-0.0000000000000000e+00	0.0000000000000000e+00	0.0000000000000000e+00	0.0000000000000000e+00	0.0000000000000000e+00	0.0000000000000000e+00	0.0000000000000000e+00	0.0000000000000000e+00	
3.9324837666230700e-01	-0.0000000000000000e+00	-0.0000000000000000e+00	2.5459659398182355e-09	6.9999999999999996e-01	0.0000000000000000e+00	-6.4885535427367316e-03	-1.8443754937812325e+07	-3.3543475777691294e+07	0.0000000000000000e+00	-0.0000000000000000e+00	0.0000000000000000e+00	0.0000000000000000e+00	0.0000000000000000e+00	0.0000000000000000e+00	0.0000000000000000e+00	0.0000000000000000e+00	0.0000000000000000e+00	
3.9420055190846270e-01	-0.0000000000000000e+00	-0.0000000000000000e+00	2.5459659398182355e-09	6.9999999999999996e-01	0.0000000000000000e+00	-6.4885535427367316e-03	-1.8443754937812325e+07	-3.3543475777691294e+07	0.0000000000000000e+00	-0.0000000000000000e+00	0.0000000000000000e+00	0.0000000000000000e+00	0.0000000000000000e+00	0.0000000000000000e+00	0.0000000000000000e+00	0.0000000000000000e+00	0.0000000000000000e+00	
3.9515272715461841e-01	-0.0000000000000000e+00	-0.0000000000000000e+00	2.8180516689617771e-09	6.9999999999999996e-01	0.0000000000000000e+00	-9.5955255466449296e-03	-1.8443754937398221e+07	-3.3543475781844381e+07	0.0000000000000000e+00	-0.0000000000000000e+00	0.0000000000000000e+00	0.0000000000000000e+00	0.0000000000000000e+00	0.0000000000000000e+00	0.0000000000000000e+00	0.0000000000000000e+00	0.0000000000000000e+00	
3.9610490240077412e-01	-0.0000000000000000e+00	-0.0000000000000000e+00	2.8180516689617771e-09	6.9999999999999996e-01	0.0000000000000000e+00	-9.5955255466449296e-03	-1.8443754937398221e+07	-3.3543475781844381e+07	0.0000000000000000e+00	-0.0000000000000000e+00	0.0000000000000000e+00	0.0000000000000000e+00	0.0000000000000000e+00	0.0000000000000000e+00	0.0000000000000000e+00	0.0000000000000000e+00	0.0000000000000000e+00	
3.9705707764692982e-01	-0.0000000000000000e+00	-0.0000000000000000e+00	3.0500911379521728e-09	6.9999999999999996e-01	0.0000000000000000e+00	-1.2325750040380681e-02	-1.8443754935469106e+07	-3.3543475785732340e+07	0.0000000000000000e+00	-0.0000000000000000e+00	0.0000000000000000e+00	0.0000000000000000e+00	0.0000000000000000e+00	0.0000000000000000e+00	0.0000000000000000e+00	0.0000000000000000e+00	0.0000000000000000e+00	
3.9800925289308553e-01	-0.0000000000000000e+00	-0.0000000000000000e+00	3.0500911379521728e-09	6.9999999999999996e-01	0.0000000000000000e+00	-1.2325750040380681e-02	-1.8443754935469106e+07	-3.3543475785732340e+07	0.0000000000000000e+00	-0.0000000000000000e+00	0.0000000000000000e+00	0.0000000000000000e+00	0.0000000000000000e+00	0.0000000000000000e+00	0.0000000000000000e+00	0.0000000000000000e+00	0.0000000000000000e+00	
3.9896142813924124e-01	-0.0000000000000000e+00	-0.0000000000000000e+00	3.0431484492150500e-09	6.9999999999999996e-01	0.0000000000000000e+00	-1.5105032013582482e-02	-1.8443754936873890e+07	-3.3543475787732843e+07	0.0000000000000000e+00	-0.0000000000000000e+00	0.0000000000000000e+00	0.0000000000000000e+00	0.0000000000000000e+00	0.0000000000000000e+00	0.0000000000000000e+00	0.0000000000000000e+00	0.0000000000000000e+00	
3.9991360338539694e-01	-0.0000000000000000e+00	-0.0000000000000000e+00	3.0431484492150500e-09	6.9999999999999996e-01	0.0000000000000000e+00	-1.5105032013582482e-02	-1.8443754936873890e+07	-3.3543475787732843e+07	0.0000000000000000e+00	-0.0000000000000000e+00	0.0000000000000000e+00	0.0000000000000000e+00	0.0000000000000000e+00	0.0000000000000000e+00	0.0000000000000000e+00	0.0000000000000000e+00	0.0000000000000000e+00	
4.0086577863155265e-01	-0.0000000000000000e+00	-0.0000000000000000e+00	2.9939667470895575e-09	6.9999999999999996e-01	0.0000000000000000e+00	-1.7005013579736491e-02	-1.8443754936459560e+07	-3.3543475788450316e+07	0.0000000000000000e+00	-0.0000000000000000e+00	0.0000000000000000e+00	0.0000000000000000e+00	0.0000000000000000e+00	0.0000000000000000e+00	0.0000000000000000e+00	0.0000000000000000e+00	0.0000000000000000e+00	
4.0181795387770836e-01	-0.0000000000000000e+00	-0.0000000000000000e+00	2.9939667470895575e-09	6.9999999999999996e-01	0.0000000000000000e+00	-1.7005013579736491e-02	-1.8443754936459560e+07	-3.3543475788450316e+07	0.0000000000000000e+00	-0.0000000000000000e+00	0.0000000000000000e+00	0.0000000000000000e+00	0.0000000000000000e+00	0.0000000000000000e+00	0.0000000000000000e+00	0.0000000000000000e+00	0.0000000000000000e+00	
4.0277012912386406e-01	-0.0000000000000000e+00	-0.0000000000000000e+00	2.6802193678313764e-09	6.9999999999999996e-01	0.0000000000000000e+00	-1.8929357090179514e-02	-1.8443754939518373e+07	-3.3543475787551701e+07	0.0000000000000000e+00	-0.0000000000000000e+00	0.0000000000000000e+00	0.0000000000000000e+00	0.0000000000000000e+00	0.0000000000000000e+00	0.0000000000000000e+00	0.0000000000000000e+00	0.0000000000000000e+00	
4.0372230437001977e-01	-0.0000000000000000e+00	-0.0000000000000000e+00	2.6802193678313764e-09	6.9999999999999996e-01	0.0000000000000000e+00	-1.8929357090179514e-02	-1.8443754939518373e+07	-3.3543475787551701e+07	0.0000000000000000e+00	-0.0000000000000000e+00	0.0000000000000000e+00	0.0000000000000000e+00	0.0000000000000000e+00	0.0000000000000000e+00	0.0000000000000000e+00	0.0000000000000000e+00	0.0000000000000000e+00	
4.0467447961617548e-01	-0.0000000000000000e+00	-0.0000000000000000e+00	2.3350364953762994e-09	6.9999999999999996e-01	0.0000000000000000e+00	-1.9541787236434217e-02	-1.8443754940718949e+07	-3.3543475784611560e+07	0.0000000000000000e+00	-0.0000000000000000e+00	0.0000000000000000e+00	0.0000000000000000e+00	0.0000000000000000e+00	0.0000000000000000e+00	0.0000000000000000e+00	0.0000000000000000e+00	0.0000000000000000e+00	
4.0562665486233118e-01	-0.0000000000000000e+00	-0.0000000000000000e+00	2.3350364953762994e-09	6.9999999999999996e-01	0.0000000000000000e+00	-1.9541787236434217e-02	-1.8443754940718949e+07	-3.3543475784611560e+07	0.0000000000000000e+00	-0.0000000000000000e+00	0.0000000000000000e+00	0.0000000000000000e+00	0.0000000000000000e+00	0.0000000000000000e+00	0.0000000000000000e+00	0.0000000000000000e+00	0.0000000000000000e+00	
4.0657883010848689e-01	-0.0000000000000000e+00	-0.0000000000000000e+00	1.7526510843584144e-09	6.9999999999999996e-01	0.0000000000000000e+00	-2.0162748178491806e-02	-1.8443754944832396e+07	-3.3543475780705933e+07	0.0000000000000000e+00	-0.0000000000000000e+00	0.0000000000000000e+00	0.0000000000000000e+00	0.0000000000000000e+00	0.0000000000000000e+00	0.0000000000000000e+00	0.0000000000000000e+00	0.0000000000000000e+00	
4.0753100535464259e-01	-0.0000000000000000e+00	-0.0000000000000000e+00	1.7526510843584144e-09	6.9999999999999996e-01	0.0000000000000000e+00	-2.0162748178491806e-02	-1.8443754944832396e+07	-3.3543475780705933e+07	0.0000000000000000e+00	-0.0000000000000000e+00	0.0000000000000000e+00	0.0000000000000000e+00	0.0000000000000000e+00	0.0000000000000000e+00	0.0000000000000000e+00	0.0000000000000000e+00	0.0000000000000000e+00	
4.0848318060079830e-01	-0.0000000000000000e+00	-0.0000000000000000e+00	1.1540209415307252e-09	6.9999999999999996e-01	0.0000000000000000e+00	-1.9193298940921831e-02	-1.8443754947459839e+07	-3.3543475774358816e+07	0.0000000000000000e+00	-0.0000000000000000e+00	0.0000000000000000e+00	0.0000000000000000e+00	0.0000000000000000e+00	0.0000000000000000e+00	0.0000000000000000e+00	0.0000000000000000e+00	0.0000000000000000e+00	
4.0943535584695401e-01	-0.0000000000000000e+00	-0.0000000000000000e+00	1.1540209415307252e-09	6.9999999999999996e-01	0.0000000000000000e+00	-1.9193298940921831e-02	-1.8443754947459839e+07	-3.3543475774358816e+07	0.0000000000000000e+00	-0.0000000000000000e+00	0.0000000000000000e+00	0.0000000000000000e+00	0.0000000000000000e+00	0.0000000000000000e+00	0.0000000000000000e+00	0.0000000000000000e+00	0.0000000000000000e+00	
4.1038753109310971e-01	-0.0000000000000000e+00	-0.0000000000000000e+00	4.0090649348106537e-10	6.9999999999999996e-01	0.0000000000000000e+00	-1.8228512207729714e-02	-1.8443754951736115e+07	-3.3543475768032022e+07	0.0000000000000000e+00	-0.0000000000000000e+00	0.0000000000000000e+00	0.0000000000000000e+00	0.0000000000000000e+00	0.0000000000000000e+00	0.0000000000000000e+00	0.0000000000000000e+00	0.0000000000000000e+00	
4.1133970633926542e-01	-0.0000000000000000e+00	-0.0000000000000000e+00	4.0090649348106537e-10	6.9999999999999996e-01	0.0000000000000000e+00	-1.8228512207729714e-02	-1.8443754951736115e+07	-3.3543475768032022e+07	0.0000000000000000e+00	-0.0000000000000000e+00	0.0000000000000000e+00	0.0000000000000000e+00	0.0000000000000000e+00	0.0000000000000000e+00	0.0000000000000000e+00	0.0000000000000000e+00	0.0000000000000000e+00	
4.1229188158542113e-01	-0.0000000000000000e+00	-0.0000000000000000e+00	-3.5947081601116131e-10	6.9999999999999996e-01	0.0000000000000000e+00	-1.5619340190274271e-02	-1.8443754955389570e+07	-3.3543475759241823e+07	0.0000000000000000e+00	-0.0000000000000000e+00	0.0000000000000000e+00	0.0000000000000000e+00	0.0000000000000000e+00	0.0000000000000000e+00	0.0000000000000000e+00	0.0000000000000000e+00	0.0000000000000000e+00	
4.1324405683157683e-01	-0.0000000000000000e+00	-0.0000000000000000e+00	-3.5947081601116131e-10	6.9999999999999996e-01	0.0000000000000000e+00	-1.5619340190274271e-02	-1.8443754955389570e+07	-3.3543475759241823e+07	0.0000000000000000e+00	-0.0000000000000000e+00	0.0000000000000000e+00	0.0000000000000000e+00	0.0000000000000000e+00	0.0000000000000000e+00	0.0000000000000000e+00	0.0000000000000000e+00	0.0000000000000000e+00	
4.1419623207773254e-01	-0.0000000000000000e+00	-0.0000000000000000e+00	-1.1457326647552225e-09	6.9999999999999996e-01	0.0000000000000000e+00	-1.3020118107507301e-02	-1.8443754958870269e+07	-3.3543475751667276e+07	0.0000000000000000e+00	-0.0000000000000000e+00	0.0000000000000000e+00	0.0000000000000000e+00	0.0000000000000000e+00	0.0000000000000000e+00	0.0000000000000000e+00	0.0000000000000000e+00	0.0000000000000000e+00	
4.1514840732388825e-01	-0.0000000000000000e+00	-0.0000000000000000e+00	-1.1457326647552225e-09	6.9999999999999996e-01	0.0000000000000000e+00	-1.3020118107507301e-02	-1.8443754958870269e+07	-3.3543475751667276e+07	0.0000000000000000e+00	-0.0000000000000000e+00	0.0000000000000000e+00	0.0000000000000000e+00	0.0000000000000000e+00	0.0000000000000000e+00	0.0000000000000000e+00	0.0000000000000000e+00	0.0000000000000000e+00	
4.1610058257004395e-01	-0.0000000000000000e+00	-0.0000000000000000e+00	-1.9449962337388044e-09	6.9999999999999996e-01	0.0000000000000000e+00	-8.9902099103476192e-03	-1.8443754963045061e+07	-3.3543475741936788e+07	0.0000000000000000e+00	-0.0000000000000000e+00	0.0000000000000000e+00	0.0000000000000000e+00	0.0000000000000000e+00	0.0000000000000000e+00	0.0000000000000000e+00	0.0000000000000000e+00	0.0000000000000000e+00	
4.1705275781619966e-01	-0.0000000000000000e+00	-0.0000000000000000e+00	-1.9449962337388044e-09	6.9999999999999996e-01	0.0000000000000000e+00	-8.9902099103476192e-03	-1.8443754963045061e+07	-3.3543475741936788e+07	0.0000000000000000e+00	-0.0000000000000000e+00	0.0000000000000000e+00	0.0000000000000000e+00	0.0000000000000000e+00	0.0000000000000000e+00	0.0000000000000000e+00	0.0000000000000000e+00	0.0000000000000000e+00	
4.1800493306235537e-01	-0.0000000000000000e+00	-0.0000000000000000e+00	-2.6159674964784180e-09	6.9999999999999996e-01	0.0000000000000000e+00	-4.9770232568619593e-03	-1.8443754964950606e+07	-3.3543475734633327e+07	0.0000000000000000e+00	-0.0000000000000000e+00	0.0000000000000000e+00	0.0000000000000000e+00	0.0000000000000000e+00	0.0000000000000000e+00	0.0000000000000000e+00	0.0000000000000000e+00	0.0000000000000000e+00	
4.1895710830851107e-01	-0.0000000000000000e+00	-0.0000000000000000e+00	-2.6159674964784180e-09	6.9999999999999996e-01	0.0000000000000000e+00	-4.9770232568619593e-03	-1.8443754964950606e+07	-3.3543475734633327e+07	0.0000000000000000e+00	-0.0000000000000000e+00	0.0000000000000000e+00	0.0000000000000000e+00	0.0000000000000000e+00	0.0000000000000000e+00	0.0000000000000000e+00	0.0000000000000000e+00	0.0000000000000000e+00	
4.1990928355466678e-01	-0.0000000000000000e+00	-0.0000000000000000e+00	-3.3231965625846828e-09	6.9999999999999996e-01	0.0000000000000000e+00	-1.9053178173903930e-05	-1.8443754969140649e+07	-3.3543475725717183e+07	0.0000000000000000e+00	-0.0000000000000000e+00	0.0000000000000000e+00	0.0000000000000000e+00	0.0000000000000000e+00	0.0000000000000000e+00	0.0000000000000000e+00	0.0000000000000000e+00	0.0000000000000000e+00	
4.2086145880082249e-01	-0.0000000000000000e+00	-0.0000000000000000e+00	-3.3231965625846828e-09	6.9999999999999996e-01	0.0000000000000000e+00	-1.9053178173903930e-05	-1.8443754969140649e+07	-3.3543475725717183e+07	0.0000000000000000e+00	-0.0000000000000000e+00	0.0000000000000000e+00	0.0000000000000000e+00	0.0000000000000000e+00	0.0000000000000000e+00	0.0000000000000000e+00	0.0000000000000000e+00	0.0000000000000000e+00	
4.2181363404697819e-01	-0.0000000000000000e+00	-0.0000000000000000e+00	-3.7500685806231751e-09	6.9999999999999996e-01	0.0000000000000000e+00	4.9240952023516223e-03	-1.8443754969064169e+07	-3.3543475720225129e+07	0.0000000000000000e+00	-0.0000000000000000e+00	0.0000000000000000e+00	0.0000000000000000e+00	0.0000000000000000e+00	0.0000000000000000e+00	0.0000000000000000e+00	0.0000000000000000e+00	0.0000000000000000e+00	
4.2276580929313390e-01	-0.0000000000000000e+00	-0.0000000000000000e+00	-3.7500685806231751e-09	6.9999999999999996e-01	0.0000000000000000e+00	4.9240952023516223e-03	-1.8443754969064169e+07	-3.3543475720225129e+07	0.0000000000000000e+00	-0.0000000000000000e+00	0.0000000000000000e+00	0.0000000000000000e+00	0.0000000000000000e+00	0.0000000000000000e+00	0.0000000000000000e+00	0.0000000000000000e+00	0.0000000000000000e+00	
4.2371798453928960e-01	-0.0000000000000000e+00	-0.0000000000000000e+00	-4.2491292323434513e-09	6.9999999999999996e-01	0.0000000000000000e+00	1.0095099981341733e-02	-1.8443754972824693e+07	-3.3543475713789504e+07	0.0000000000000000e+00	-0.0000000000000000e+00	0.0000000000000000e+00	0.0000000000000000e+00	0.0000000000000000e+00	0.0000000000000000e+00	0.0000000000000000e+00	0.0000000000000000e+00	0.0000000000000000e+00	
4.2467015978544531e-01	-0.0000000000000000e+00	-0.0000000000000000e+00	-4.2491292323434513e-09	6.9999999999999996e-01	0.0000000000000000e+00	1.0095099981341733e-02	-1.8443754972824693e+07	-3.3543475713789504e+07	0.0000000000000000e+00	-0.0000000000000000e+00	0.0000000000000000e+00	0.0000000000000000e+00	0.0000000000000000e+00	0.0000000000000000e+00	0.0000000000000000e+00	0.0000000000000000e+00	0.0000000000000000e+00	
4.2562233503160102e-01	-0.0000000000000000e+00	-0.0000000000000000e+00	-4.3478111214079079e-09	6.9999999999999996e-01	0.0000000000000000e+00	1.5271907613824636e-02	-1.8443754970819034e+07	-3.3543475711336486e+07	0.0000000000000000e+00	-0.0000000000000000e+00	0.0000000000000000e+00	0.0000000000000000e+00	0.0000000000000000e+00	0.0000000000000000e+00	0.0000000000000000e+00	0.0000000000000000e+00	0.0000000000000000e+00	
4.2657451027775672e-01	-0.0000000000000000e+00	-0.0000000000000000e+00	-4.3478111214079079e-09	6.9999999999999996e-01	0.0000000000000000e+00	1.5271907613824636e-02	-1.8443754970819034e+07	-3.3543475711336486e+07	0.0000000000000000e+00	-0.0000000000000000e+00	0.0000000000000000e+00	0.0000000000000000e+00	0.0000000000000000e+00	0.0000000000000000e+00	0.0000000000000000e+00	0.0000000000000000e+00	0.0000000000000000e+00	
4.2752668552391243e-01	-0.0000000000000000e+00	-0.0000000000000000e+00	-4.5553868948669400e-09	6.9999999999999996e-01	0.0000000000000000e+00	1.9815985733132462e-02	-1.8443754973777086e+07	-3.3543475708635859e+07	0.0000000000000000e+00	-0.0000000000000000e+00	0.0000000000000000e+00	0.0000000000000000e+00	0.0000000000000000e+00	0.0000000000000000e+00	0.0000000000000000e+00	0.0000000000000000e+00	0.0000000000000000e+00	
4.2847886077006814e-01	-0.0000000000000000e+00	-0.0000000000000000e+00	-4.5553868948669400e-09	6.9999999999999996e-01	0.0000000000000000e+00	1.9815985733132462e-02	-1.8443754973777086e+07	-3.3543475708635859e+07	0.0000000000000000e+00	-0.0000000000000000e+00	0.0000000000000000e+00	0.0000000000000000e+00	0.0000000000000000e+00	0.0000000000000000e+00	0.0000000000000000e+00	0.0000000000000000e+00	0.0000000000000000e+00	
4.2943103601622384e-01	-0.0000000000000000e+00	-0.0000000000000000e+00	-4.3009727067914096e-09	6.9999999999999996e-01	0.0000000000000000e+00	2.4412635170529051e-02	-1.8443754970313031e+07	-3.3543475709866665e+07	0.0000000000000000e+00	-0.0000000000000000e+00	0.0000000000000000e+00	0.0000000000000000e+00	0.0000000000000000e+00	0.0000000000000000e+00	0.0000000000000000e+00	0.0000000000000000e+00	0.0000000000000000e+00	
4.3038321126237955e-01	-0.0000000000000000e+00	-0.0000000000000000e+00	-4.3009727067914096e-09	6.9999999999999996e-01	0.0000000000000000e+00	2.4412635170529051e-02	-1.8443754970313031e+07	-3.3543475709866665e+07	0.0000000000000000e+00	-0.0000000000000000e+00	0.0000000000000000e+00	0.0000000000000000e+00	0.0000000000000000e+00	0.0000000000000000e+00	0.0000000000000000e+00	0.0000000000000000e+00	0.0000000000000000e+00	
4.3133538650853526e-01	-0.0000000000000000e+00	-0.0000000000000000e+00	-4.1770698341530267e-09	6.9999999999999996e-01	0.0000000000000000e+00	2.7498013326437743e-02	-1.8443754972138565e+07	-3.3543475711504884e+07	0.0000000000000000e+00	-0.0000000000000000e+00	0.0000000000000000e+00	0.0000000000000000e+00	0.0000000000000000e+00	0.0000000000000000e+00	0.0000000000000000e+00	0.0000000000000000e+00	0.0000000000000000e+00	
4.3228756175469096e-01	-0.0000000000000000e+00	-0.0000000000000000e+00	-4.1770698341530267e-09	6.9999999999999996e-01	0.0000000000000000e+00	2.7498013326437743e-02	-1.8443754972138565e+07	-3.3543475711504884e+07	0.0000000000000000e+00	-0.0000000000000000e+00	0.0000000000000000e+00	0.0000000000000000e+00	0.0000000000000000e+00	0.0000000000000000e+00	0.0000000000000000e+00	0.0000000000000000e+00	0.0000000000000000e+00	
4.3323973700084667e-01	-0.0000000000000000e+00	-0.0000000000000000e+00	-3.6054485245320467e-09	6.9999999999999996e-01	0.0000000000000000e+00	3.0711286377954207e-02	-1.8443754967952631e+07	-3.3543475716337055e+07	0.0000000000000000e+00	-0.0000000000000000e+00	0.0000000000000000e+00	0.0000000000000000e+00	0.0000000000000000e+00	0.0000000000000000e+00	0.0000000000000000e+00	0.0000000000000000e+00	0.0000000000000000e+00	
4.3419191224700238e-01	-0.0000000000000000e+00	-0.0000000000000000e+00	-3.6054485245320467e-09	6.9999999999999996e-01	0.0000000000000000e+00	3.0711286377954207e-02	-1.8443754967952631e+07	-3.3543475716337055e+07	0.0000000000000000e+00	-0.0000000000000000e+00	0.0000000000000000e+00	0.0000000000000000e+00	0.0000000000000000e+00	0.0000000000000000e+00	0.0000000000000000e+00	0.0000000000000000e+00	0.0000000000000000e+00	
4.3514408749315808e-01	-0.0000000000000000e+00	-0.0000000000000000e+00	-3.1558300240921418e-09	6.9999999999999996e-01	0.0000000000000000e+00	3.1664115903773792e-02	-1.8443754968321998e+07	-3.3543475722161870e+07	0.0000000000000000e+00	-0.0000000000000000e+00	0.0000000000000000e+00	0.0000000000000000e+00	0.0000000000000000e+00	0.0000000000000000e+00	0.0000000000000000e+00	0.0000000000000000e+00	0.0000000000000000e+00	
4.3609626273931379e-01	-0.0000000000000000e+00	-0.0000000000000000e+00	-3.1558300240921418e-09	6.9999999999999996e-01	0.0000000000000000e+00	3.1664115903773792e-02	-1.8443754968321998e+07	-3.3543475722161870e+07	0.0000000000000000e+00	-0.0000000000000000e+00	0.0000000000000000e+00	0.0000000000000000e+00	0.0000000000000000e+00	0.0000000000000000e+00	0.0000000000000000e+00	0.0000000000000000e+00	0.0000000000000000e+00	
4.3704843798546950e-01	-0.0000000000000000e+00	-0.0000000000000000e+00	-2.3534587356713870e-09	6.9999999999999996e-01	0.0000000000000000e+00	3.2843779109507948e-02	-1.8443754964205097e+07	-3.3543475729800403e+07	0.0000000000000000e+00	-0.0000000000000000e+00	0.0000000000000000e+00	0.0000000000000000e+00	0.0000000000000000e+00	0.0000000000000000e+00	0.0000000000000000e+00	0.0000000000000000e+00	0.0000000000000000e+00	
4.3800061323162520e-01	-0.0000000000000000e+00	-0.0000000000000000e+00	-2.3534587356713870e-09	6.9999999999999996e-01	0.0000000000000000e+00	3.2843779109507948e-02	-1.8443754964205097e+07	-3.3543475729800403e+07	0.0000000000000000e+00	-0.0000000000000000e+00	0.0000000000000000e+00	0.0000000000000000e+00	0.0000000000000000e+00	0.0000000000000000e+00	0.0000000000000000e+00	0.0000000000000000e+00	0.0000000000000000e+00	
4.3895278847778091e-01	-0.0000000000000000e+00	-0.0000000000000000e+00	-1.6252811389301694e-09	6.9999999999999996e-01	0.0000000000000000e+00	3.1288110831879559e-02	-1.8443754962793037e+07	-3.3543475738950089e+07	0.0000000000000000e+00	-0.0000000000000000e+00	0.0000000000000000e+00	0.0000000000000000e+00	0.0000000000000000e+00	0.0000000000000000e+00	0.0000000000000000e+00	0.0000000000000000e+00	0.0000000000000000e+00	
4.3990496372393662e-01	-0.0000000000000000e+00	-0.0000000000000000e+00	-1.6252811389301694e-09	6.9999999999999996e-01	0.0000000000000000e+00	3.1288110831879559e-02	-1.8443754962793037e+07	-3.3543475738950089e+07	0.0000000000000000e+00	-0.0000000000000000e+00	0.0000000000000000e+00	0.0000000000000000e+00	0.0000000000000000e+00	0.0000000000000000e+00	0.0000000000000000e+00	0.0000000000000000e+00	0.0000000000000000e+00	
4.4085713897009232e-01	-0.0000000000000000e+00	-0.0000000000000000e+00	-7.1071877726160829e-10	6.9999999999999996e-01	0.0000000000000000e+00	3.0068209178958073e-02	-1.8443754959386099e+07	-3.3543475748056836e+07	0.0000000000000000e+00	-0.0000000000000000e+00	0.0000000000000000e+00	0.0000000000000000e+00	0.0000000000000000e+00	0.0000000000000000e+00	0.0000000000000000e+00	0.0000000000000000e+00	0.0000000000000000e+00	
4.4180931421624803e-01	-0.0000000000000000e+00	-0.0000000000000000e+00	-7.1071877726160829e-10	6.9999999999999996e-01	0.0000000000000000e+00	3.0068209178958073e-02	-1.8443754959386099e+07	-3.3543475748056836e+07	0.0000000000000000e+00	-0.0000000000000000e+00	0.0000000000000000e+00	0.0000000000000000e+00	0.0000000000000000e+00	0.0000000000000000e+00	0.0000000000000000e+00	0.0000000000000000e+00	0.0000000000000000e+00	
4.4276148946240373e-01	-0.0000000000000000e+00	-0.0000000000000000e+00	2.1630484016957083e-10	6.9999999999999996e-01	0.0000000000000000e+00	2.6027076807747386e-02	-1.8443754955910750e+07	-3.3543475759142596e+07	0.0000000000000000e+00	-0.0000000000000000e+00	0.0000000000000000e+00	0.0000000000000000e+00	0.0000000000000000e+00	0.0000000000000000e+00	0.0000000000000000e+00	0.0000000000000000e+00	0.0000000000000000e+00	
4.4371366470855944e-01	-0.0000000000000000e+00	-0.0000000000000000e+00	2.1630484016957083e-10	6.9999999999999996e-01	0.0000000000000000e+00	2.6027076807747386e-02	-1.8443754955910750e+07	-3.3543475759142596e+07	0.0000000000000000e+00	-0.0000000000000000e+00	0.0000000000000000e+00	0.0000000000000000e+00	0.0000000000000000e+00	0.0000000000000000e+00	0.0000000000000000e+00	0.0000000000000000e+00	0.0000000000000000e+00	
4.4466583995471515e-01	-0.0000000000000000e+00	-0.0000000000000000e+00	1.1141397094857129e-09	6.9999999999999996e-01	0.0000000000000000e+00	2.2418846387819873e-02	-1.8443754953566995e+07	-3.3543475768118393e+07	0.0000000000000000e+00	-0.0000000000000000e+00	0.0000000000000000e+00	0.0000000000000000e+00	0.0000000000000000e+00	0.0000000000000000e+00	0.0000000000000000e+00	0.0000000000000000e+00	0.0000000000000000e+00	
4.4561801520087085e-01	-0.0000000000000000e+00	-0.0000000000000000e+00	1.1141397094857129e-09	6.9999999999999996e-01	0.0000000000000000e+00	2.2418846387819873e-02	-1.8443754953566995e+07	-3.3543475768118393e+07	0.0000000000000000e+00	-0.0000000000000000e+00	0.0000000000000000e+00	0.0000000000000000e+00	0.0000000000000000e+00	0.0000000000000000e+00	0.0000000000000000e+00	0.0000000000000000e+00	0.0000000000000000e+00	
4.4657019044702656e-01	-0.0000000000000000e+00	-0.0000000000000000e+00	2.1384955264421628e-09	6.9999999999999996e-01	0.0000000000000000e+00	1.6350863615318213e-02	-1.8443754947890125e+07	-3.3543475779497068e+07	0.0000000000000000e+00	-0.0000000000000000e+00	0.0000000000000000e+00	0.0000000000000000e+00	0.0000000000000000e+00	0.0000000000000000e+00	0.0000000000000000e+00	0.0000000000000000e+00	0.0000000000000000e+00	
4.4752236569318227e-01	-0.0000000000000000e+00	-0.0000000000000000e+00	2.1384955264421628e-09	6.9999999999999996e-01	0.0000000000000000e+00	1.6350863615318213e-02	-1.8443754947890125e+07	-3.3543475779497068e+07	0.0000000000000000e+00	-0.0000000000000000e+00	0.0000000000000000e+00	0.0000000000000000e+00	0.0000000000000000e+00	0.0000000000000000e+00	0.0000000000000000e+00	0.0000000000000000e+00	0.0000000000000000e+00	
4.4847454093933797e-01	-0.0000000000000000e+00	-0.0000000000000000e+00	2.9004815793018442e-09	6.9999999999999996e-01	0.0000000000000000e+00	1.0774178276297180e-02	-1.8443754946639828e+07	-3.3543475786810778e+07	0.0000000000000000e+00	-0.0000000000000000e+00	0.0000000000000000e+00	0.0000000000000000e+00	0.0000000000000000e+00	0.0000000000000000e+00	0.0000000000000000e+00	0.0000000000000000e+00	0.0000000000000000e+00	
4.4942671618549368e-01	-0.0000000000000000e+00	-0.0000000000000000e+00	2.9004815793018442e-09	6.9999999999999996e-01	0.0000000000000000e+00	1.0774178276297180e-02	-1.8443754946639828e+07	-3.3543475786810778e+07	0.0000000000000000e+00	-0.0000000000000000e+00	0.0000000000000000e+00	0.0000000000000000e+00	0.0000000000000000e+00	0.0000000000000000e+00	0.0000000000000000e+00	0.0000000000000000e+00	0.0000000000000000e+00	
4.5037889143164939e-01	-0.0000000000000000e+00	-0.0000000000000000e+00	3.9094742251832576e-09	6.9999999999999996e-01	0.0000000000000000e+00	3.5303048266012698e-03	-1.8443754938900519e+07	-3.3543475796887610e+07	0.0000000000000000e+00	-0.0000000000000000e+00	0.0000000000000000e+00	0.0000000000000000e+00	0.0000000000000000e+00	0.0000000000000000e+00	0.0000000000000000e+00	0.0000000000000000e+00	0.0000000000000000e+00	
4.5133106667780509e-01	-0.0000000000000000e+00	-0.0000000000000000e+00	3.9094742251832576e-09	6.9999999999999996e-01	0.0000000000000000e+00	3.5303048266012698e-03	-1.8443754938900519e+07	-3.3543475796887610e+07	0.0000000000000000e+00	-0.0000000000000000e+00	0.0000000000000000e+00	0.0000000000000000e+00	0.0000000000000000e+00	0.0000000000000000e+00	0.0000000000000000e+00	0.0000000000000000e+00	0.0000000000000000e+00	
4.5228324192396080e-01	-0.0000000000000000e+00	-0.0000000000000000e+00	4.4413194627864652e-09	6.9999999999999996e-01	0.0000000000000000e+00	-3.2299328469277528e-03	-1.8443754938521218e+07	-3.3543475801381890e+07	0.0000000000000000e+00	-0.0000000000000000e+00	0.0000000000000000e+00	0.0000000000000000e+00	0.0000000000000000e+00	0.0000000000000000e+00	0.0000000000000000e+00	0.0000000000000000e+00	0.0000000000000000e+00	
4.5323541717011651e-01	-0.0000000000000000e+00	-0.0000000000000000e+00	4.4413194627864652e-09	6.9999999999999996e-01	0.0000000000000000e+00	-3.2299328469277528e-03	-1.8443754938521218e+07	-3.3543475801381890e+07	0.0000000000000000e+00	-0.0000000000000000e+00	0.0000000000000000e+00	0.0000000000000000e+00	0.0000000000000000e+00	0.0000000000000000e+00	0.0000000000000000e+00	0.0000000000000000e+00	0.0000000000000000e+00	
4.5418759241627221e-01	-0.0000000000000000e+00	-0.0000000000000000e+00	5.3204565098779152e-09	6.9999999999999996e-01	0.0000000000000000e+00	-1.0529832252651264e-02	-1.8443754929262374e+07	-3.3543475808883801e+07	0.0000000000000000e+00	-0.0000000000000000e+00	0.0000000000000000e+00	0.0000000000000000e+00	0.0000000000000000e+00	0.0000000000000000e+00	0.0000000000000000e+00	0.0000000000000000e+00	0.0000000000000000e+00	
4.5513976766242792e-01	-0.0000000000000000e+00	-0.0000000000000000e+00	5.3204565098779152e-09	6.9999999999999996e-01	0.0000000000000000e+00	-1.0529832252651264e-02	-1.8443754929262374e+07	-3.3543475808883801e+07	0.0000000000000000e+00	-0.0000000000000000e+00	0.0000000000000000e+00	0.0000000000000000e+00	0.0000000000000000e+00	0.0000000000000000e+00	0.0000000000000000e+00	0.0000000000000000e+00	0.0000000000000000e+00	
4.5609194290858363e-01	-0.0000000000000000e+00	-0.0000000000000000e+00	5.5610238230091532e-09	6.9999999999999996e-01	0.0000000000000000e+00	-1.7442507890024633e-02	-1.8443754929425463e+07	-3.3543475809999462e+07	0.0000000000000000e+00	-0.0000000000000000e+00	0.0000000000000000e+00	0.0000000000000000e+00	0.0000000000000000e+00	0.0000000000000000e+00	0.0000000000000000e+00	0.0000000000000000e+00	0.0000000000000000e+00	
4.5704411815473933e-01	-0.0000000000000000e+00	-0.0000000000000000e+00	5.5610238230091532e-09	6.9999999999999996e-01	0.0000000000000000e+00	-1.7442507890024633e-02	-1.8443754929425463e+07	-3.3543475809999462e+07	0.0000000000000000e+00	-0.0000000000000000e+00	0.0000000000000000e+00	0.0000000000000000e+00	0.0000000000000000e+00	0.0000000000000000e+00	0.0000000000000000e+00	0.0000000000000000e+00	0.0000000000000000e+00	
4.5799629340089504e-01	-0.0000000000000000e+00	-0.0000000000000000e+00	6.2021044271161154e-09	6.9999999999999996e-01	0.0000000000000000e+00	-2.3596896030186401e-02	-1.8443754919664446e+07	-3.3543475814171143e+07	0.0000000000000000e+00	-0.0000000000000000e+00	0.0000000000000000e+00	0.0000000000000000e+00	0.0000000000000000e+00	0.0000000000000000e+00	0.0000000000000000e+00	0.0000000000000000e+00	0.0000000000000000e+00	
4.5894846864705074e-01	-0.0000000000000000e+00	-0.0000000000000000e+00	6.2021044271161154e-09	6.9999999999999996e-01	0.0000000000000000e+00	-2.3596896030186401e-02	-1.8443754919664446e+07	-3.3543475814171143e+07	0.0000000000000000e+00	-0.0000000000000000e+00	0.0000000000000000e+00	0.0000000000000000e+00	0.0000000000000000e+00	0.0000000000000000e+00	0.0000000000000000e+00	0.0000000000000000e+00	0.0000000000000000e+00	
4.5990064389320645e-01	-0.0000000000000000e+00	-0.0000000000000000e+00	6.1252972861280239e-09	6.9999999999999996e-01	0.0000000000000000e+00	-2.9562658919239461e-02	-1.8443754920108456e+07	-3.3543475812050637e+07	0.0000000000000000e+00	-0.0000000000000000e+00	0.0000000000000000e+00	0.0000000000000000e+00	0.0000000000000000e+00	0.0000000000000000e+00	0.0000000000000000e+00	0.0000000000000000e+00	0.0000000000000000e+00	
4.6085281913936216e-01	-0.0000000000000000e+00	-0.0000000000000000e+00	6.1252972861280239e-09	6.9999999999999996e-01	0.0000000000000000e+00	-2.9562658919239461e-02	-1.8443754920108456e+07	-3.3543475812050637e+07	0.0000000000000000e+00	-0.0000000000000000e+00	0.0000000000000000e+00	0.0000000000000000e+00	0.0000000000000000e+00	0.0000000000000000e+00	0.0000000000000000e+00	0.0000000000000000e+00	0.0000000000000000e+00	
4.6180499438551786e-01	-0.0000000000000000e+00	-0.0000000000000000e+00	6.4338867367650020e-09	6.9999999999999996e-01	0.0000000000000000e+00	-3.3507190945545232e-02	-1.8443754911309093e+07	-3.3543475812740687e+07	0.0000000000000000e+00	-0.0000000000000000e+00	0.0000000000000000e+00	0.0000000000000000e+00	0.0000000000000000e+00	0.0000000000000000e+00	0.0000000000000000e+00	0.0000000000000000e+00	0.0000000000000000e+00	
4.6275716963167357e-01	-0.0000000000000000e+00	-0.0000000000000000e+00	6.4338867367650020e-09	6.9999999999999996e-01	0.0000000000000000e+00	-3.3507190945545232e-02	-1.8443754911309093e+07	-3.3543475812740687e+07	0.0000000000000000e+00	-0.0000000000000000e+00	0.0000000000000000e+00	0.0000000000000000e+00	0.0000000000000000e+00	0.0000000000000000e+00	0.0000000000000000e+00	0.0000000000000000e+00	0.0000000000000000e+00	
4.6370934487782928e-01	-0.0000000000000000e+00	-0.0000000000000000e+00	6.0455230220919197e-09	6.9999999999999996e-01	0.0000000000000000e+00	-3.7564311698852999e-02	-1.8443754911984805e+07	-3.3543475808187172e+07	0.0000000000000000e+00	-0.0000000000000000e+00	0.0000000000000000e+00	0.0000000000000000e+00	0.0000000000000000e+00	0.0000000000000000e+00	0.0000000000000000e+00	0.0000000000000000e+00	0.0000000000000000e+00	
4.6466152012398498e-01	-0.0000000000000000e+00	-0.0000000000000000e+00	6.0455230220919197e-09	6.9999999999999996e-01	0.0000000000000000e+00	-3.7564311698852999e-02	-1.8443754911984805e+07	-3.3543475808187172e+07	0.0000000000000000e+00	-0.0000000000000000e+00	0.0000000000000000e+00	0.0000000000000000e+00	0.0000000000000000e+00	0.0000000000000000e+00	0.0000000000000000e+00	0.0000000000000000e+00	0.0000000000000000e+00	
4.6561369537014069e-01	-0.0000000000000000e+00	-0.0000000000000000e+00	5.9486719063635828e-09	6.9999999999999996e-01	0.0000000000000000e+00	-3.8579870615793856e-02	-1.8443754905906368e+07	-3.3543475805806063e+07	0.0000000000000000e+00	-0.0000000000000000e+00	0.0000000000000000e+00	0.0000000000000000e+00	0.0000000000000000e+00	0.0000000000000000e+00	0.0000000000000000e+00	0.0000000000000000e+00	0.0000000000000000e+00	
4.6656587061629640e-01	-0.0000000000000000e+00	-0.0000000000000000e+00	5.9486719063635828e-09	6.9999999999999996e-01	0.0000000000000000e+00	-3.8579870615793856e-02	-1.8443754905906368e+07	-3.3543475805806063e+07	0.0000000000000000e+00	-0.0000000000000000e+00	0.0000000000000000e+00	0.0000000000000000e+00	0.0000000000000000e+00	0.0000000000000000e+00	0.0000000000000000e+00	0.0000000000000000e+00	0.0000000000000000e+00	
4.6751804586245210e-01	-0.0000000000000000e+00	-0.0000000000000000e+00	5.2804480635445826e-09	6.9999999999999996e-01	0.0000000000000000e+00	-4.0095177121251546e-02	-1.8443754907047939e+07	-3.3543475800092205e+07	0.0000000000000000e+00	-0.0000000000000000e+00	0.0000000000000000e+00	0.0000000000000000e+00	0.0000000000000000e+00	0.0000000000000000e+00	0.0000000000000000e+00	0.0000000000000000e+00	0.0000000000000000e+00	
4.6847022110860781e-01	-0.0000000000000000e+00	-0.0000000000000000e+00	5.2804480635445826e-09	6.9999999999999996e-01	0.0000000000000000e+00	-4.0095177121251546e-02	-1.8443754907047939e+07	-3.3543475800092205e+07	0.0000000000000000e+00	-0.0000000000000000e+00	0.0000000000000000e+00	0.0000000000000000e+00	0.0000000000000000e+00	0.0000000000000000e+00	0.0000000000000000e+00	0.0000000000000000e+00	0.0000000000000000e+00	
4.6942239635476352e-01	-0.0000000000000000e+00	-0.0000000000000000e+00	4.7352650631051556e-09	6.9999999999999996e-01	0.0000000000000000e+00	-3.7960062224969948e-02	-1.8443754905474078e+07	-3.3543475795441899e+07	0.0000000000000000e+00	-0.0000000000000000e+00	0.0000000000000000e+00	0.0000000000000000e+00	0.0000000000000000e+00	0.0000000000000000e+00	0.0000000000000000e+00	0.0000000000000000e+00	0.0000000000000000e+00	
4.7037457160091922e-01	-0.0000000000000000e+00	-0.0000000000000000e+00	4.7352650631051556e-09	6.9999999999999996e-01	0.0000000000000000e+00	-3.7960062224969948e-02	-1.8443754905474078e+07	-3.3543475795441899e+07	0.0000000000000000e+00	-0.0000000000000000e+00	0.0000000000000000e+00	0.0000000000000000e+00	0.0000000000000000e+00	0.0000000000000000e+00	0.0000000000000000e+00	0.0000000000000000e+00	0.0000000000000000e+00	
4.7132674684707493e-01	-0.0000000000000000e+00	-0.0000000000000000e+00	3.8381538843713368e-09	6.9999999999999996e-01	0.0000000000000000e+00	-3.6760961797022082e-02	-1.8443754907566816e+07	-3.3543475789986987e+07	0.0000000000000000e+00	-0.0000000000000000e+00	0.0000000000000000e+00	0.0000000000000000e+00	0.0000000000000000e+00	0.0000000000000000e+00	0.0000000000000000e+00	0.0000000000000000e+00	0.0000000000000000e+00	
4.7227892209323064e-01	-0.0000000000000000e+00	-0.0000000000000000e+00	3.8381538843713368e-09	6.9999999999999996e-01	0.0000000000000000e+00	-3.6760961797022082e-02	-1.8443754907566816e+07	-3.3543475789986987e+07	0.0000000000000000e+00	-0.0000000000000000e+00	0.0000000000000000e+00	0.0000000000000000e+00	0.0000000000000000e+00	0.0000000000000000e+00	0.0000000000000000e+00	0.0000000000000000e+00	0.0000000000000000e+00	
4.7323109733938634e-01	-0.0000000000000000e+00	-0.0000000000000000e+00	2.8411618164978289e-09	6.9999999999999996e-01	0.0000000000000000e+00	-3.1810876179881042e-02	-1.8443754911947154e+07	-3.3543475783988427e+07	0.0000000000000000e+00	-0.0000000000000000e+00	0.0000000000000000e+00	0.0000000000000000e+00	0.0000000000000000e+00	0.0000000000000000e+00	0.0000000000000000e+00	0.0000000000000000e+00	0.0000000000000000e+00	
4.7418327258554205e-01	-0.0000000000000000e+00	-0.0000000000000000e+00	2.8411618164978289e-09	6.9999999999999996e-01	0.0000000000000000e+00	-3.1810876179881042e-02	-1.8443754911947154e+07	-3.3543475783988427e+07	0.0000000000000000e+00	-0.0000000000000000e+00	0.0000000000000000e+00	0.0000000000000000e+00	0.0000000000000000e+00	0.0000000000000000e+00	0.0000000000000000e+00	0.0000000000000000e+00	0.0000000000000000e+00	
4.7513544783169775e-01	-0.0000000000000000e+00	-0.0000000000000000e+00	1.7804940040248501e-09	6.9999999999999996e-01	0.0000000000000000e+00	-2.8224072478515050e-02	-1.8443754915586125e+07	-3.3543475779959634e+07	0.0000000000000000e+00	-0.0000000000000000e+00	0.0000000000000000e+00	0.0000000000000000e+00	0.0000000000000000e+00	0.0000000000000000e+00	0.0000000000000000e+00	0.0000000000000000e+00	0.0000000000000000e+00	
4.7608762307785346e-01	-0.0000000000000000e+00	-0.0000000000000000e+00	1.7804940040248501e-09	6.9999999999999996e-01	0.0000000000000000e+00	-2.8224072478515050e-02	-1.8443754915586125e+07	-3.3543475779959634e+07	0.0000000000000000e+00	-0.0000000000000000e+00	0.0000000000000000e+00	0.0000000000000000e+00	0.0000000000000000e+00	0.0000000000000000e+00	0.0000000000000000e+00	0.0000000000000000e+00	0.0000000000000000e+00	
4.7703979832400917e-01	-0.0000000000000000e+00	-0.0000000000000000e+00	3.7677798613306335e-10	6.9999999999999996e-01	0.0000000000000000e+00	-2.1301652878888674e-02	-1.8443754926651925e+07	-3.3543475773339074e+07	0.0000000000000000e+00	-0.0000000000000000e+00	0.0000000000000000e+00	0.0000000000000000e+00	0.0000000000000000e+00	0.0000000000000000e+00	0.0000000000000000e+00	0.0000000000000000e+00	0.0000000000000000e+00	
4.7799197357016487e-01	-0.0000000000000000e+00	-0.0000000000000000e+00	3.7677798613306335e-10	6.9999999999999996e-01	0.0000000000000000e+00	-2.1301652878888674e-02	-1.8443754926651925e+07	-3.3543475773339074e+07	0.0000000000000000e+00	-0.0000000000000000e+00	0.0000000000000000e+00	0.0000000000000000e+00	0.0000000000000000e+00	0.0000000000000000e+00	0.0000000000000000e+00	0.0000000000000000e+00	0.0000000000000000e+00	
4.7894414881632058e-01	-0.0000000000000000e+00	-0.0000000000000000e+00	-7.6964090566936028e-10	6.9999999999999996e-01	0.0000000000000000e+00	-1.6085405886676750e-02	-1.8443754932314750e+07	-3.3543475771271445e+07	0.0000000000000000e+00	-0.0000000000000000e+00	0.0000000000000000e+00	0.0000000000000000e+00	0.0000000000000000e+00	0.0000000000000000e+00	0.0000000000000000e+00	0.0000000000000000e+00	0.0000000000000000e+00	
4.7989632406247629e-01	-0.0000000000000000e+00	-0.0000000000000000e+00	-7.6964090566936028e-10	6.9999999999999996e-01	0.0000000000000000e+00	-1.6085405886676750e-02	-1.8443754932314750e+07	-3.3543475771271445e+07	0.0000000000000000e+00	-0.0000000000000000e+00	0.0000000000000000e+00	0.0000000000000000e+00	0.0000000000000000e+00	0.0000000000000000e+00	0.0000000000000000e+00	0.0000000000000000e+00	0.0000000000000000e+00	
4.8084849930863199e-01	-0.0000000000000000e+00	-0.0000000000000000e+00	-2.4795698782038325e-09	6.9999999999999996e-01	0.0000000000000000e+00	-8.3861771690291083e-03	-1.8443754949750666e+07	-3.3543475764296249e+07	0.0000000000000000e+00	-0.0000000000000000e+00	0.0000000000000000e+00	0.0000000000000000e+00	0.0000000000000000e+00	0.0000000000000000e+00	0.0000000000000000e+00	0.0000000000000000e+00	0.0000000000000000e+00	
4.8180067455478770e-01	-0.0000000000000000e+00	-0.0000000000000000e+00	-2.4795698782038325e-09	6.9999999999999996e-01	0.0000000000000000e+00	-8.3861771690291083e-03	-1.8443754949750666e+07	-3.3543475764296249e+07	0.0000000000000000e+00	-0.0000000000000000e+00	0.0000000000000000e+00	0.0000000000000000e+00	0.0000000000000000e+00	0.0000000000000000e+00	0.0000000000000000e+00	0.0000000000000000e+00	0.0000000000000000e+00	
4.8275284980094341e-01	-0.0000000000000000e+00	-0.0000000000000000e+00	-3.6205055065095654e-09	6.9999999999999996e-01	0.0000000000000000e+00	-2.5693753029990729e-03	-1.8443754957538038e+07	-3.3543475763848923e+07	0.0000000000000000e+00	-0.0000000000000000e+00	0.0000000000000000e+00	0.0000000000000000e+00	0.0000000000000000e+00	0.0000000000000000e+00	0.0000000000000000e+00	0.0000000000000000e+00	0.0000000000000000e+00	
4.8370502504709911e-01	-0.0000000000000000e+00	-0.0000000000000000e+00	-3.6205055065095654e-09	6.9999999999999996e-01	0.0000000000000000e+00	-2.5693753029990729e-03	-1.8443754957538038e+07	-3.3543475763848923e+07	0.0000000000000000e+00	-0.0000000000000000e+00	0.0000000000000000e+00	0.0000000000000000e+00	0.0000000000000000e+00	0.0000000000000000e+00	0.0000000000000000e+00	0.0000000000000000e+00	0.0000000000000000e+00	
4.8465720029325482e-01	-0.0000000000000000e+00	-0.0000000000000000e+00	-5.4789938176775126e-09	6.9999999999999996e-01	0.0000000000000000e+00	4.5842981416795714e-03	-1.8443754979796592e+07	-3.3543475756211348e+07	0.0000000000000000e+00	-0.0000000000000000e+00	0.0000000000000000e+00	0.0000000000000000e+00	0.0000000000000000e+00	0.0000000000000000e+00	0.0000000000000000e+00	0.0000000000000000e+00	0.0000000000000000e+00	
4.8560937553941053e-01	-0.0000000000000000e+00	-0.0000000000000000e+00	-5.4789938176775126e-09	6.9999999999999996e-01	0.0000000000000000e+00	4.5842981416795714e-03	-1.8443754979796592e+07	-3.3543475756211348e+07	0.0000000000000000e+00	-0.0000000000000000e+00	0.0000000000000000e+00	0.0000000000000000e+00	0.0000000000000000e+00	0.0000000000000000e+00	0.0000000000000000e+00	0.0000000000000000e+00	0.0000000000000000e+00	
4.8656155078556623e-01	-0.0000000000000000e+00	-0.0000000000000000e+00	-6.5079958340659195e-09	6.9999999999999996e-01	0.0000000000000000e+00	9.9196461297978294e-03	-1.8443754989214621e+07	-3.3543475756164309e+07	0.0000000000000000e+00	-0.0000000000000000e+00	0.0000000000000000e+00	0.0000000000000000e+00	0.0000000000000000e+00	0.0000000000000000e+00	0.0000000000000000e+00	0.0000000000000000e+00	0.0000000000000000e+00	
4.8751372603172194e-01	-0.0000000000000000e+00	-0.0000000000000000e+00	-6.5079958340659195e-09	6.9999999999999996e-01	0.0000000000000000e+00	9.9196461297978294e-03	-1.8443754989214621e+07	-3.3543475756164309e+07	0.0000000000000000e+00	-0.0000000000000000e+00	0.0000000000000000e+00	0.0000000000000000e+00	0.0000000000000000e+00	0.0000000000000000e+00	0.0000000000000000e+00	0.0000000000000000e+00	0.0000000000000000e+00	
4.8846590127787765e-01	-0.0000000000000000e+00	-0.0000000000000000e+00	-8.3066494844619154e-09	6.9999999999999996e-01	0.0000000000000000e+00	1.5328979261815310e-02	-1.8443755013543874e+07	-3.3543475747085508e+07	0.0000000000000000e+00	-0.0000000000000000e+00	0.0000000000000000e+00	0.0000000000000000e+00	0.0000000000000000e+00	0.0000000000000000e+00	0.0000000000000000e+00	0.0000000000000000e+00	0.0000000000000000e+00	
4.8941807652403335e-01	-0.0000000000000000e+00	-0.0000000000000000e+00	-8.3066494844619154e-09	6.9999999999999996e-01	0.0000000000000000e+00	1.5328979261815310e-02	-1.8443755013543874e+07	-3.3543475747085508e+07	0.0000000000000000e+00	-0.0000000000000000e+00	0.0000000000000000e+00	0.0000000000000000e+00	0.0000000000000000e+00	0.0000000000000000e+00	0.0000000000000000e+00	0.0000000000000000e+00	0.0000000000000000e+00	
4.9037025177018906e-01	-0.0000000000000000e+00	-0.0000000000000000e+00	-9.1029499984309288e-09	6.9999999999999996e-01	0.0000000000000000e+00	1.9272705392660350e-02	-1.8443755023405470e+07	-3.3543475745622303e+07	0.0000000000000000e+00	-0.0000000000000000e+00	0.0000000000000000e+00	0.0000000000000000e+00	0.0000000000000000e+00	0.0000000000000000e+00	0.0000000000000000e+00	0.0000000000000000e+00	0.0000000000000000e+00	
4.9132242701634476e-01	-0.0000000000000000e+00	-0.0000000000000000e+00	-9.1029499984309288e-09	6.9999999999999996e-01	0.0000000000000000e+00	1.9272705392660350e-02	-1.8443755023405470e+07	-3.3543475745622303e+07	0.0000000000000000e+00	-0.0000000000000000e+00	0.0000000000000000e+00	0.0000000000000000e+00	0.0000000000000000e+00	0.0000000000000000e+00	0.0000000000000000e+00	0.0000000000000000e+00	0.0000000000000000e+00	
4.9227460226250047e-01	-0.0000000000000000e+00	-0.0000000000000000e+00	-1.0599435079569391e-08	6.9999999999999996e-01	0.0000000000000000e+00	2.2086594583876067e-02	-1.8443755046125453e+07	-3.3543475734186441e+07	0.0000000000000000e+00	-0.0000000000000000e+00	0.0000000000000000e+00	0.0000000000000000e+00	0.0000000000000000e+00	0.0000000000000000e+00	0.0000000000000000e+00	0.0000000000000000e+00	0.0000000000000000e+00	
4.9322677750865618e-01	-0.0000000000000000e+00	-0.0000000000000000e+00	-1.0599435079569391e-08	6.9999999999999996e-01	0.0000000000000000e+00	2.2086594583876067e-02	-1.8443755046125453e+07	-3.3543475734186441e+07	0.0000000000000000e+00	-0.0000000000000000e+00	0.0000000000000000e+00	0.0000000000000000e+00	0.0000000000000000e+00	0.0000000000000000e+00	0.0000000000000000e+00	0.0000000000000000e+00	0.0000000000000000e+00	
4.9417895275481188e-01	-0.0000000000000000e+00	-0.0000000000000000e+00	-1.1035329634155166e-08	6.9999999999999996e-01	0.0000000000000000e+00	2.4087223147217753e-02	-1.8443755054631662e+07	-3.3543475729420826e+07	0.0000000000000000e+00	-0.0000000000000000e+00	0.0000000000000000e+00	0.0000000000000000e+00	0.0000000000000000e+00	0.0000000000000000e+00	0.0000000000000000e+00	0.0000000000000000e+00	0.0000000000000000e+00	
4.9513112800096759e-01	-0.0000000000000000e+00	-0.0000000000000000e+00	-1.1035329634155166e-08	6.9999999999999996e-01	0.0000000000000000e+00	2.4087223147217753e-02	-1.8443755054631662e+07	-3.3543475729420826e+07	0.0000000000000000e+00	-0.0000000000000000e+00	0.0000000000000000e+00	0.0000000000000000e+00	0.0000000000000000e+00	0.0000000000000000e+00	0.0000000000000000e+00	0.0000000000000000e+00	0.0000000000000000e+00	
4.9608330324712330e-01	-0.0000000000000000e+00	-0.0000000000000000e+00	-1.1981041925455117e-08	6.9999999999999996e-01	0.0000000000000000e+00	2.3959863655507146e-02	-1.8443755071647733e+07	-3.3543475715069193e+07	0.0000000000000000e+00	-0.0000000000000000e+00	0.0000000000000000e+00	0.0000000000000000e+00	0.0000000000000000e+00	0.0000000000000000e+00	0.0000000000000000e+00	0.0000000000000000e+00	0.0000000000000000e+00	
4.9703547849327900e-01	-0.0000000000000000e+00	-0.0000000000000000e+00	-1.1981041925455117e-08	6.9999999999999996e-01	0.0000000000000000e+00	2.3959863655507146e-02	-1.8443755071647733e+07	-3.3543475715069193e+07	0.0000000000000000e+00	-0.0000000000000000e+00	0.0000000000000000e+00	0.0000000000000000e+00	0.0000000000000000e+00	0.0000000000000000e+00	0.0000000000000000e+00	0.0000000000000000e+00	0.0000000000000000e+00	
4.9798765373943471e-01	-0.0000000000000000e+00	-0.0000000000000000e+00	-1.1937908293976320e-08	6.9999999999999996e-01	0.0000000000000000e+00	2.3939732723340670e-02	-1.8443755076667935e+07	-3.3543475705688003e+07	0.0000000000000000e+00	-0.0000000000000000e+00	0.0000000000000000e+00	0.0000000000000000e+00	0.0000000000000000e+00	0.0000000000000000e+00	0.0000000000000000e+00	0.0000000000000000e+00	0.0000000000000000e+00	
4.9893982898559042e-01	-0.0000000000000000e+00	-0.0000000000000000e+00	-1.1937908293976320e-08	6.9999999999999996e-01	0.0000000000000000e+00	2.3939732723340670e-02	-1.8443755076667935e+07	-3.3543475705688003e+07	0.0000000000000000e+00	-0.0000000000000000e+00	0.0000000000000000e+00	0.0000000000000000e+00	0.0000000000000000e+00	0.0000000000000000e+00	0.0000000000000000e+00	0.0000000000000000e+00	0.0000000000000000e+00	
4.9989200423174612e-01	-0.0000000000000000e+00	-0.0000000000000000e+00	-1.2114144850724135e-08	6.9999999999999996e-01	0.0000000000000000e+00	2.1096207836401513e-02	-1.8443755084151819e+07	-3.3543475688731425e+07	0.0000000000000000e+00	-0.0000000000000000e+00	0.0000000000000000e+00	0.0000000000000000e+00	0.0000000000000000e+00	0.0000000000000000e+00	0.0000000000000000e+00	0.0000000000000000e+00	0.0000000000000000e+00	
5.0084417947790183e-01	-0.0000000000000000e+00	-0.0000000000000000e+00	-1.2114144850724135e-08	6.9999999999999996e-01	0.0000000000000000e+00	2.1096207836401513e-02	-1.8443755084151819e+07	-3.3543475688731425e+07	0.0000000000000000e+00	-0.0000000000000000e+00	0.0000000000000000e+00	0.0000000000000000e+00	0.0000000000000000e+00	0.0000000000000000e+00	0.0000000000000000e+00	0.0000000000000000e+00	0.0000000000000000e+00	
5.0179635472405759e-01	-0.0000000000000000e+00	-0.0000000000000000e+00	-1.1505269856890881e-08	6.9999999999999996e-01	0.0000000000000000e+00	1.9476484333743591e-02	-1.8443755083657686e+07	-3.3543475674583010e+07	0.0000000000000000e+00	-0.0000000000000000e+00	0.0000000000000000e+00	0.0000000000000000e+00	0.0000000000000000e+00	0.0000000000000000e+00	0.0000000000000000e+00	0.0000000000000000e+00	0.0000000000000000e+00	
5.0274852997021335e-01	-0.0000000000000000e+00	-0.0000000000000000e+00	-1.1505269856890881e-08	6.9999999999999996e-01	0.0000000000000000e+00	1.9476484333743591e-02	-1.8443755083657686e+07	-3.3543475674583010e+07	0.0000000000000000e+00	-0.0000000000000000e+00	0.0000000000000000e+00	0.0000000000000000e+00	0.0000000000000000e+00	0.0000000000000000e+00	0.0000000000000000e+00	0.0000000000000000e+00	0.0000000000000000e+00	
5.0370070521636900e-01	-0.0000000000000000e+00	-0.0000000000000000e+00	-1.0762049873392662e-08	6.9999999999999996e-01	0.0000000000000000e+00	1.4675671876803874e-02	-1.8443755078771669e+07	-3.3543475656563263e+07	0.0000000000000000e+00	-0.0000000000000000e+00	0.0000000000000000e+00	0.0000000000000000e+00	0.0000000000000000e+00	0.0000000000000000e+00	0.0000000000000000e+00	0.0000000000000000e+00	0.0000000000000000e+00	
5.0465288046252477e-01	-0.0000000000000000e+00	-0.0000000000000000e+00	-1.0762049873392662e-08	6.9999999999999996e-01	0.0000000000000000e+00	1.4675671876803874e-02	-1.8443755078771669e+07	-3.3543475656563263e+07	0.0000000000000000e+00	-0.0000000000000000e+00	0.0000000000000000e+00	0.0000000000000000e+00	0.0000000000000000e+00	0.0000000000000000e+00	0.0000000000000000e+00	0.0000000000000000e+00	0.0000000000000000e+00	
5.0560505570868042e-01	-0.0000000000000000e+00	-0.0000000000000000e+00	-9.5561757058627115e-09	6.9999999999999996e-01	0.0000000000000000e+00	1.2302900505797630e-02	-1.8443755071312491e+07	-3.3543475639030389e+07	0.0000000000000000e+00	-0.0000000000000000e+00	0.0000000000000000e+00	0.0000000000000000e+00	0.0000000000000000e+00	0.0000000000000000e+00	0.0000000000000000e+00	0.0000000000000000e+00	0.0000000000000000e+00	
5.0655723095483618e-01	-0.0000000000000000e+00	-0.0000000000000000e+00	-9.5561757058627115e-09	6.9999999999999996e-01	0.0000000000000000e+00	1.2302900505797630e-02	-1.8443755071312491e+07	-3.3543475639030389e+07	0.0000000000000000e+00	-0.0000000000000000e+00	0.0000000000000000e+00	0.0000000000000000e+00	0.0000000000000000e+00	0.0000000000000000e+00	0.0000000000000000e+00	0.0000000000000000e+00	0.0000000000000000e+00	
5.0750940620099183e-01	-0.0000000000000000e+00	-0.0000000000000000e+00	-7.8456549794099364e-09	6.9999999999999996e-01	0.0000000000000000e+00	6.6988498923770002e-03	-1.8443755052820563e+07	-3.3543475622790605e+07	0.0000000000000000e+00	-0.0000000000000000e+00	0.0000000000000000e+00	0.0000000000000000e+00	0.0000000000000000e+00	0.0000000000000000e+00	0.0000000000000000e+00	0.0000000000000000e+00	0.0000000000000000e+00	
5.0846158144714759e-01	-0.0000000000000000e+00	-0.0000000000000000e+00	-7.8456549794099364e-09	6.9999999999999996e-01	0.0000000000000000e+00	6.6988498923770002e-03	-1.8443755052820563e+07	-3.3543475622790605e+07	0.0000000000000000e+00	-0.0000000000000000e+00	0.0000000000000000e+00	0.0000000000000000e+00	0.0000000000000000e+00	0.0000000000000000e+00	0.0000000000000000e+00	0.0000000000000000e+00	0.0000000000000000e+00	
5.0941375669330324e-01	-0.0000000000000000e+00	-0.0000000000000000e+00	-6.0833728452472083e-09	6.9999999999999996e-01	0.0000000000000000e+00	4.6758342898476340e-03	-1.8443755037899785e+07	-3.3543475604840402e+07	0.0000000000000000e+00	-0.0000000000000000e+00	0.0000000000000000e+00	0.0000000000000000e+00	0.0000000000000000e+00	0.0000000000000000e+00	0.0000000000000000e+00	0.0000000000000000e+00	0.0000000000000000e+00	
5.1036593193945901e-01	-0.0000000000000000e+00	-0.0000000000000000e+00	-6.0833728452472083e-09	6.9999999999999996e-01	0.0000000000000000e+00	4.6758342898476340e-03	-1.8443755037899785e+07	-3.3543475604840402e+07	0.0000000000000000e+00	-0.0000000000000000e+00	0.0000000000000000e+00	0.0000000000000000e+00	0.0000000000000000e+00	0.0000000000000000e+00	0.0000000000000000e+00	0.0000000000000000e+00	0.0000000000000000e+00	
5.1131810718561466e-01	-0.0000000000000000e+00	-0.0000000000000000e+00	-3.4804150612734311e-09	6.9999999999999996e-01	0.0000000000000000e+00	-4.0591794425111122e-04	-1.8443755006528407e+07	-3.3543475594240729e+07	0.0000000000000000e+00	-0.0000000000000000e+00	0.0000000000000000e+00	0.0000000000000000e+00	0.0000000000000000e+00	0.0000000000000000e+00	0.0000000000000000e+00	0.0000000000000000e+00	0.0000000000000000e+00	
5.1227028243177042e-01	-0.0000000000000000e+00	-0.0000000000000000e+00	-3.4804150612734311e-09	6.9999999999999996e-01	0.0000000000000000e+00	-4.0591794425111122e-04	-1.8443755006528407e+07	-3.3543475594240729e+07	0.0000000000000000e+00	-0.0000000000000000e+00	0.0000000000000000e+00	0.0000000000000000e+00	0.0000000000000000e+00	0.0000000000000000e+00	0.0000000000000000e+00	0.0000000000000000e+00	0.0000000000000000e+00	
5.1322245767792607e-01	-0.0000000000000000e+00	-0.0000000000000000e+00	-1.2782157929964777e-09	6.9999999999999996e-01	0.0000000000000000e+00	-9.6532080200173486e-04	-1.8443754984780587e+07	-3.3543475580111258e+07	0.0000000000000000e+00	-0.0000000000000000e+00	0.0000000000000000e+00	0.0000000000000000e+00	0.0000000000000000e+00	0.0000000000000000e+00	0.0000000000000000e+00	0.0000000000000000e+00	0.0000000000000000e+00	
5.1417463292408183e-01	-0.0000000000000000e+00	-0.0000000000000000e+00	-1.2782157929964777e-09	6.9999999999999996e-01	0.0000000000000000e+00	-9.6532080200173486e-04	-1.8443754984780587e+07	-3.3543475580111258e+07	0.0000000000000000e+00	-0.0000000000000000e+00	0.0000000000000000e+00	0.0000000000000000e+00	0.0000000000000000e+00	0.0000000000000000e+00	0.0000000000000000e+00	0.0000000000000000e+00	0.0000000000000000e+00	
5.1512680817023748e-01	-0.0000000000000000e+00	-0.0000000000000000e+00	2.0157422499945102e-09	6.9999999999999996e-01	0.0000000000000000e+00	-4.3000515934580935e-03	-1.8443754943261765e+07	-3.3543475579416171e+07	0.0000000000000000e+00	-0.0000000000000000e+00	0.0000000000000000e+00	0.0000000000000000e+00	0.0000000000000000e+00	0.0000000000000000e+00	0.0000000000000000e+00	0.0000000000000000e+00	0.0000000000000000e+00	
5.1607898341639324e-01	-0.0000000000000000e+00	-0.0000000000000000e+00	2.0157422499945102e-09	6.9999999999999996e-01	0.0000000000000000e+00	-4.3000515934580935e-03	-1.8443754943261765e+07	-3.3543475579416171e+07	0.0000000000000000e+00	-0.0000000000000000e+00	0.0000000000000000e+00	0.0000000000000000e+00	0.0000000000000000e+00	0.0000000000000000e+00	0.0000000000000000e+00	0.0000000000000000e+00	0.0000000000000000e+00	
5.1703115866254890e-01	-0.0000000000000000e+00	-0.0000000000000000e+00	4.4733787330584888e-09	6.9999999999999996e-01	0.0000000000000000e+00	-2.5490635374295972e-03	-1.8443754916419595e+07	-3.3543475573961478e+07	0.0000000000000000e+00	-0.0000000000000000e+00	0.0000000000000000e+00	0.0000000000000000e+00	0.0000000000000000e+00	0.0000000000000000e+00	0.0000000000000000e+00	0.0000000000000000e+00	0.0000000000000000e+00	
5.1798333390870466e-01	-0.0000000000000000e+00	-0.0000000000000000e+00	4.4733787330584888e-09	6.9999999999999996e-01	0.0000000000000000e+00	-2.5490635374295972e-03	-1.8443754916419595e+07	-3.3543475573961478e+07	0.0000000000000000e+00	-0.0000000000000000e+00	0.0000000000000000e+00	0.0000000000000000e+00	0.0000000000000000e+00	0.0000000000000000e+00	0.0000000000000000e+00	0.0000000000000000e+00	0.0000000000000000e+00	
5.1893550915486031e-01	-0.0000000000000000e+00	-0.0000000000000000e+00	8.1425858428509146e-09	6.9999999999999996e-01	0.0000000000000000e+00	-3.2780209369550886e-03	-1.8443754869237173e+07	-3.3543475587000113e+07	0.0000000000000000e+00	-0.0000000000000000e+00	0.0000000000000000e+00	0.0000000000000000e+00	0.0000000000000000e+00	0.0000000000000000e+00	0.0000000000000000e+00	0.0000000000000000e+00	0.0000000000000000e+00	
5.1988768440101607e-01	-0.0000000000000000e+00	-0.0000000000000000e+00	8.1425858428509146e-09	6.9999999999999996e-01	0.0000000000000000e+00	-3.2780209369550886e-03	-1.8443754869237173e+07	-3.3543475587000113e+07	0.0000000000000000e+00	-0.0000000000000000e+00	0.0000000000000000e+00	0.0000000000000000e+00	0.0000000000000000e+00	0.0000000000000000e+00	0.0000000000000000e+00	0.0000000000000000e+00	0.0000000000000000e+00	
5.2083985964717172e-01	-0.0000000000000000e+00	-0.0000000000000000e+00	1.0618228411865710e-08	6.9999999999999996e-01	0.0000000000000000e+00	1.1162808186237897e-03	-1.8443754839962106e+07	-3.3543475594775368e+07	0.0000000000000000e+00	-0.0000000000000000e+00	0.0000000000000000e+00	0.0000000000000000e+00	0.0000000000000000e+00	0.0000000000000000e+00	0.0000000000000000e+00	0.0000000000000000e+00	0.0000000000000000e+00	
5.2179203489332748e-01	-0.0000000000000000e+00	-0.0000000000000000e+00	1.0618228411865710e-08	6.9999999999999996e-01	0.0000000000000000e+00	1.1162808186237897e-03	-1.8443754839962106e+07	-3.3543475594775368e+07	0.0000000000000000e+00	-0.0000000000000000e+00	0.0000000000000000e+00	0.0000000000000000e+00	0.0000000000000000e+00	0.0000000000000000e+00	0.0000000000000000e+00	0.0000000000000000e+00	0.0000000000000000e+00	
5.2274421013948313e-01	-0.0000000000000000e+00	-0.0000000000000000e+00	1.4257843173454119e-08	6.9999999999999996e-01	0.0000000000000000e+00	3.2922038546067262e-03	-1.8443754792883720e+07	-3.3543475624028243e+07	0.0000000000000000e+00	-0.0000000000000000e+00	0.0000000000000000e+00	0.0000000000000000e+00	0.0000000000000000e+00	0.0000000000000000e+00	0.0000000000000000e+00	0.0000000000000000e+00	0.0000000000000000e+00	
5.2369638538563890e-01	-0.0000000000000000e+00	-0.0000000000000000e+00	1.4257843173454119e-08	6.9999999999999996e-01	0.0000000000000000e+00	3.2922038546067262e-03	-1.8443754792883720e+07	-3.3543475624028243e+07	0.0000000000000000e+00	-0.0000000000000000e+00	0.0000000000000000e+00	0.0000000000000000e+00	0.0000000000000000e+00	0.0000000000000000e+00	0.0000000000000000e+00	0.0000000000000000e+00	0.0000000000000000e+00	
5.2464856063179455e-01	-0.0000000000000000e+00	-0.0000000000000000e+00	1.6478022153998866e-08	6.9999999999999996e-01	0.0000000000000000e+00	9.9993634045326615e-03	-1.8443754764554888e+07	-3.3543475648256704e+07	0.0000000000000000e+00	-0.0000000000000000e+00	0.0000000000000000e+00	0.0000000000000000e+00	0.0000000000000000e+00	0.0000000000000000e+00	0.0000000000000000e+00	0.0000000000000000e+00	0.0000000000000000e+00	
5.2560073587795031e-01	-0.0000000000000000e+00	-0.0000000000000000e+00	1.6478022153998866e-08	6.9999999999999996e-01	0.0000000000000000e+00	9.9993634045326615e-03	-1.8443754764554888e+07	-3.3543475648256704e+07	0.0000000000000000e+00	-0.0000000000000000e+00	0.0000000000000000e+00	0.0000000000000000e+00	0.0000000000000000e+00	0.0000000000000000e+00	0.0000000000000000e+00	0.0000000000000000e+00	0.0000000000000000e+00	
5.2655291112410596e-01	-0.0000000000000000e+00	-0.0000000000000000e+00	1.9629263974668833e-08	6.9999999999999996e-01	0.0000000000000000e+00	1.4747549286070813e-02	-1.8443754724039320e+07	-3.3543475694047511e+07	0.0000000000000000e+00	-0.0000000000000000e+00	0.0000000000000000e+00	0.0000000000000000e+00	0.0000000000000000e+00	0.0000000000000000e+00	0.0000000000000000e+00	0.0000000000000000e+00	0.0000000000000000e+00	
5.2750508637026172e-01	-0.0000000000000000e+00	-0.0000000000000000e+00	1.9629263974668833e-08	6.9999999999999996e-01	0.0000000000000000e+00	1.4747549286070813e-02	-1.8443754724039320e+07	-3.3543475694047511e+07	0.0000000000000000e+00	-0.0000000000000000e+00	0.0000000000000000e+00	0.0000000000000000e+00	0.0000000000000000e+00	0.0000000000000000e+00	0.0000000000000000e+00	0.0000000000000000e+00	0.0000000000000000e+00	
5.2845726161641737e-01	-0.0000000000000000e+00	-0.0000000000000000e+00	2.1301527715048130e-08	6.9999999999999996e-01	0.0000000000000000e+00	2.2766057447440615e-02	-1.8443754700550832e+07	-3.3543475735661365e+07	0.0000000000000000e+00	-0.0000000000000000e+00	0.0000000000000000e+00	0.0000000000000000e+00	0.0000000000000000e+00	0.0000000000000000e+00	0.0000000000000000e+00	0.0000000000000000e+00	0.0000000000000000e+00	
5.2940943686257314e-01	-0.0000000000000000e+00	-0.0000000000000000e+00	2.1301527715048130e-08	6.9999999999999996e-01	0.0000000000000000e+00	2.2766057447440615e-02	-1.8443754700550832e+07	-3.3543475735661365e+07	0.0000000000000000e+00	-0.0000000000000000e+00	0.0000000000000000e+00	0.0000000000000000e+00	0.0000000000000000e+00	0.0000000000000000e+00	0.0000000000000000e+00	0.0000000000000000e+00	0.0000000000000000e+00	
5.3036161210872879e-01	-0.0000000000000000e+00	-0.0000000000000000e+00	2.3495540990292619e-08	6.9999999999999996e-01	0.0000000000000000e+00	2.9189099251215541e-02	-1.8443754673088599e+07	-3.3543475795625336e+07	0.0000000000000000e+00	-0.0000000000000000e+00	0.0000000000000000e+00	0.0000000000000000e+00	0.0000000000000000e+00	0.0000000000000000e+00	0.0000000000000000e+00	0.0000000000000000e+00	0.0000000000000000e+00	
5.3131378735488455e-01	-0.0000000000000000e+00	-0.0000000000000000e+00	2.3495540990292619e-08	6.9999999999999996e-01	0.0000000000000000e+00	2.9189099251215541e-02	-1.8443754673088599e+07	-3.3543475795625336e+07	0.0000000000000000e+00	-0.0000000000000000e+00	0.0000000000000000e+00	0.0000000000000000e+00	0.0000000000000000e+00	0.0000000000000000e+00	0.0000000000000000e+00	0.0000000000000000e+00	0.0000000000000000e+00	
5.3226596260104020e-01	-0.0000000000000000e+00	-0.0000000000000000e+00	2.4328282840470191e-08	6.9999999999999996e-01	0.0000000000000000e+00	3.6984638993273360e-02	-1.8443754658627722e+07	-3.3543475852580681e+07	0.0000000000000000e+00	-0.0000000000000000e+00	0.0000000000000000e+00	0.0000000000000000e+00	0.0000000000000000e+00	0.0000000000000000e+00	0.0000000000000000e+00	0.0000000000000000e+00	0.0000000000000000e+00	
5.3321813784719596e-01	-0.0000000000000000e+00	-0.0000000000000000e+00	2.4328282840470191e-08	6.9999999999999996e-01	0.0000000000000000e+00	3.6984638993273360e-02	-1.8443754658627722e+07	-3.3543475852580681e+07	0.0000000000000000e+00	-0.0000000000000000e+00	0.0000000000000000e+00	0.0000000000000000e+00	0.0000000000000000e+00	0.0000000000000000e+00	0.0000000000000000e+00	0.0000000000000000e+00	0.0000000000000000e+00	
5.3417031309335161e-01	-0.0000000000000000e+00	-0.0000000000000000e+00	2.5138634670388620e-08	6.9999999999999996e-01	0.0000000000000000e+00	4.3801617172225603e-02	-1.8443754650029339e+07	-3.3543475921529021e+07	0.0000000000000000e+00	-0.0000000000000000e+00	0.0000000000000000e+00	0.0000000000000000e+00	0.0000000000000000e+00	0.0000000000000000e+00	0.0000000000000000e+00	0.0000000000000000e+00	0.0000000000000000e+00	
5.3512248833950737e-01	-0.0000000000000000e+00	-0.0000000000000000e+00	2.5138634670388620e-08	6.9999999999999996e-01	0.0000000000000000e+00	4.3801617172225603e-02	-1.8443754650029339e+07	-3.3543475921529021e+07	0.0000000000000000e+00	-0.0000000000000000e+00	0.0000000000000000e+00	0.0000000000000000e+00	0.0000000000000000e+00	0.0000000000000000e+00	0.0000000000000000e+00	0.0000000000000000e+00	0.0000000000000000e+00	
5.3607466358566302e-01	-0.0000000000000000e+00	-0.0000000000000000e+00	2.4868903488708227e-08	6.9999999999999996e-01	0.0000000000000000e+00	4.9556669919983025e-02	-1.8443754648747228e+07	-3.3543475988553822e+07	0.0000000000000000e+00	-0.0000000000000000e+00	0.0000000000000000e+00	0.0000000000000000e+00	0.0000000000000000e+00	0.0000000000000000e+00	0.0000000000000000e+00	0.0000000000000000e+00	0.0000000000000000e+00	
5.3702683883181879e-01	-0.0000000000000000e+00	-0.0000000000000000e+00	2.4868903488708227e-08	6.9999999999999996e-01	0.0000000000000000e+00	4.9556669919983025e-02	-1.8443754648747228e+07	-3.3543475988553822e+07	0.0000000000000000e+00	-0.0000000000000000e+00	0.0000000000000000e+00	0.0000000000000000e+00	0.0000000000000000e+00	0.0000000000000000e+00	0.0000000000000000e+00	0.0000000000000000e+00	0.0000000000000000e+00	
5.3797901407797444e-01	-0.0000000000000000e+00	-0.0000000000000000e+00	2.3971878915587180e-08	6.9999999999999996e-01	0.0000000000000000e+00	5.5343616966743434e-02	-1.8443754663372412e+07	-3.3543476058772966e+07	0.0000000000000000e+00	-0.0000000000000000e+00	0.0000000000000000e+00	0.0000000000000000e+00	0.0000000000000000e+00	0.0000000000000000e+00	0.0000000000000000e+00	0.0000000000000000e+00	0.0000000000000000e+00	
5.3893118932413020e-01	-0.0000000000000000e+00	-0.0000000000000000e+00	2.3971878915587180e-08	6.9999999999999996e-01	0.0000000000000000e+00	5.5343616966743434e-02	-1.8443754663372412e+07	-3.3543476058772966e+07	0.0000000000000000e+00	-0.0000000000000000e+00	0.0000000000000000e+00	0.0000000000000000e+00	0.0000000000000000e+00	0.0000000000000000e+00	0.0000000000000000e+00	0.0000000000000000e+00	0.0000000000000000e+00	
5.3988336457028585e-01	-0.0000000000000000e+00	-0.0000000000000000e+00	2.2405307100295540e-08	6.9999999999999996e-01	0.0000000000000000e+00	5.7259494021713570e-02	-1.8443754678848580e+07	-3.3543476127627894e+07	0.0000000000000000e+00	-0.0000000000000000e+00	0.0000000000000000e+00	0.0000000000000000e+00	0.0000000000000000e+00	0.0000000000000000e+00	0.0000000000000000e+00	0.0000000000000000e+00	0.0000000000000000e+00	
5.4083553981644161e-01	-0.0000000000000000e+00	-0.0000000000000000e+00	2.2405307100295540e-08	6.9999999999999996e-01	0.0000000000000000e+00	5.7259494021713570e-02	-1.8443754678848580e+07	-3.3543476127627894e+07	0.0000000000000000e+00	-0.0000000000000000e+00	0.0000000000000000e+00	0.0000000000000000e+00	0.0000000000000000e+00	0.0000000000000000e+00	0.0000000000000000e+00	0.0000000000000000e+00	0.0000000000000000e+00	
5.4178771506259726e-01	-0.0000000000000000e+00	-0.0000000000000000e+00	1.9644042244518520e-08	6.9999999999999996e-01	0.0000000000000000e+00	6.0683849966723505e-02	-1.8443754718785424e+07	-3.3543476189571232e+07	0.0000000000000000e+00	-0.0000000000000000e+00	0.0000000000000000e+00	0.0000000000000000e+00	0.0000000000000000e+00	0.0000000000000000e+00	0.0000000000000000e+00	0.0000000000000000e+00	0.0000000000000000e+00	
5.4273989030875303e-01	-0.0000000000000000e+00	-0.0000000000000000e+00	1.9644042244518520e-08	6.9999999999999996e-01	0.0000000000000000e+00	6.0683849966723505e-02	-1.8443754718785424e+07	-3.3543476189571232e+07	0.0000000000000000e+00	-0.0000000000000000e+00	0.0000000000000000e+00	0.0000000000000000e+00	0.0000000000000000e+00	0.0000000000000000e+00	0.0000000000000000e+00	0.0000000000000000e+00	0.0000000000000000e+00	
5.4369206555490868e-01	-0.0000000000000000e+00	-0.0000000000000000e+00	1.6706286357509869e-08	6.9999999999999996e-01	0.0000000000000000e+00	5.7272945818375512e-02	-1.8443754753242549e+07	-3.3543476249819621e+07	0.0000000000000000e+00	-0.0000000000000000e+00	0.0000000000000000e+00	0.0000000000000000e+00	0.0000000000000000e+00	0.0000000000000000e+00	0.0000000000000000e+00	0.0000000000000000e+00	0.0000000000000000e+00	
5.4464424080106444e-01	-0.0000000000000000e+00	-0.0000000000000000e+00	1.6706286357509869e-08	6.9999999999999996e-01	0.0000000000000000e+00	5.7272945818375512e-02	-1.8443754753242549e+07	-3.3543476249819621e+07	0.0000000000000000e+00	-0.0000000000000000e+00	0.0000000000000000e+00	0.0000000000000000e+00	0.0000000000000000e+00	0.0000000000000000e+00	0.0000000000000000e+00	0.0000000000000000e+00	0.0000000000000000e+00	
5.4559641604722009e-01	-0.0000000000000000e+00	-0.0000000000000000e+00	1.2149978206535042e-08	6.9999999999999996e-01	0.0000000000000000e+00	5.7270047676451823e-02	-1.8443754817502700e+07	-3.3543476293102469e+07	0.0000000000000000e+00	-0.0000000000000000e+00	0.0000000000000000e+00	0.0000000000000000e+00	0.0000000000000000e+00	0.0000000000000000e+00	0.0000000000000000e+00	0.0000000000000000e+00	0.0000000000000000e+00	
5.4654859129337585e-01	-0.0000000000000000e+00	-0.0000000000000000e+00	1.2149978206535042e-08	6.9999999999999996e-01	0.0000000000000000e+00	5.7270047676451823e-02	-1.8443754817502700e+07	-3.3543476293102469e+07	0.0000000000000000e+00	-0.0000000000000000e+00	0.0000000000000000e+00	0.0000000000000000e+00	0.0000000000000000e+00	0.0000000000000000e+00	0.0000000000000000e+00	0.0000000000000000e+00	0.0000000000000000e+00	
5.4750076653953150e-01	-0.0000000000000000e+00	-0.0000000000000000e+00	7.9411287538492290e-09	6.9999999999999996e-01	0.0000000000000000e+00	4.7592420341541410e-02	-1.8443754870852392e+07	-3.3543476333315410e+07	0.0000000000000000e+00	-0.0000000000000000e+00	0.0000000000000000e+00	0.0000000000000000e+00	0.0000000000000000e+00	0.0000000000000000e+00	0.0000000000000000e+00	0.0000000000000000e+00	0.0000000000000000e+00	
5.4845294178568726e-01	-0.0000000000000000e+00	-0.0000000000000000e+00	7.9411287538492290e-09	6.9999999999999996e-01	0.0000000000000000e+00	4.7592420341541410e-02	-1.8443754870852392e+07	-3.3543476333315410e+07	0.0000000000000000e+00	-0.0000000000000000e+00	0.0000000000000000e+00	0.0000000000000000e+00	0.0000000000000000e+00	0.0000000000000000e+00	0.0000000000000000e+00	0.0000000000000000e+00	0.0000000000000000e+00	
5.4940511703184292e-01	-0.0000000000000000e+00	-0.0000000000000000e+00	1.9251206999805347e-09	6.9999999999999996e-01	0.0000000000000000e+00	4.3465333500676807e-02	-1.8443754954741530e+07	-3.3543476347921088e+07	0.0000000000000000e+00	-0.0000000000000000e+00	0.0000000000000000e+00	0.0000000000000000e+00	0.0000000000000000e+00	0.0000000000000000e+00	0.0000000000000000e+00	0.0000000000000000e+00	0.0000000000000000e+00	
5.5035729227799868e-01	-0.0000000000000000e+00	-0.0000000000000000e+00	1.9251206999805347e-09	6.9999999999999996e-01	0.0000000000000000e+00	4.3465333500676807e-02	-1.8443754954741530e+07	-3.3543476347921088e+07	0.0000000000000000e+00	-0.0000000000000000e+00	0.0000000000000000e+00	0.0000000000000000e+00	0.0000000000000000e+00	0.0000000000000000e+00	0.0000000000000000e+00	0.0000000000000000e+00	0.0000000000000000e+00	
5.5130946752415433e-01	-0.0000000000000000e+00	-0.0000000000000000e+00	-3.2398423456896100e-09	6.9999999999999996e-01	0.0000000000000000e+00	2.7294086097544051e-02	-1.8443755023699507e+07	-3.3543476357202582e+07	0.0000000000000000e+00	-0.0000000000000000e+00	0.0000000000000000e+00	0.0000000000000000e+00	0.0000000000000000e+00	0.0000000000000000e+00	0.0000000000000000e+00	0.0000000000000000e+00	0.0000000000000000e+00	
5.5226164277031009e-01	-0.0000000000000000e+00	-0.0000000000000000e+00	-3.2398423456896100e-09	6.9999999999999996e-01	0.0000000000000000e+00	2.7294086097544051e-02	-1.8443755023699507e+07	-3.3543476357202582e+07	0.0000000000000000e+00	-0.0000000000000000e+00	0.0000000000000000e+00	0.0000000000000000e+00	0.0000000000000000e+00	0.0000000000000000e+00	0.0000000000000000e+00	0.0000000000000000e+00	0.0000000000000000e+00	
5.5321381801646574e-01	-0.0000000000000000e+00	-0.0000000000000000e+00	-1.0110486286334816e-08	6.9999999999999996e-01	0.0000000000000000e+00	1.8759121442949007e-02	-1.8443755118610688e+07	-3.3543476334829282e+07	0.0000000000000000e+00	-0.0000000000000000e+00	0.0000000000000000e+00	0.0000000000000000e+00	0.0000000000000000e+00	0.0000000000000000e+00	0.0000000000000000e+00	0.0000000000000000e+00	0.0000000000000000e+00	
5.5416599326262150e-01	-0.0000000000000000e+00	-0.0000000000000000e+00	-1.0110486286334816e-08	6.9999999999999996e-01	0.0000000000000000e+00	1.8759121442949007e-02	-1.8443755118610688e+07	-3.3543476334829282e+07	0.0000000000000000e+00	-0.0000000000000000e+00	0.0000000000000000e+00	0.0000000000000000e+00	0.0000000000000000e+00	0.0000000000000000e+00	0.0000000000000000e+00	0.0000000000000000e+00	0.0000000000000000e+00	
5.5511816850877715e-01	-0.0000000000000000e+00	-0.0000000000000000e+00	-1.5695236051244231e-08	6.9999999999999996e-01	0.0000000000000000e+00	-3.3102172999242489e-03	-1.8443755196228907e+07	-3.3543476304539032e+07	0.0000000000000000e+00	-0.0000000000000000e+00	0.0000000000000000e+00	0.0000000000000000e+00	0.0000000000000000e+00	0.0000000000000000e+00	0.0000000000000000e+00	0.0000000000000000e+00	0.0000000000000000e+00	
5.5607034375493292e-01	-0.0000000000000000e+00	-0.0000000000000000e+00	-1.5695236051244231e-08	6.9999999999999996e-01	0.0000000000000000e+00	-3.3102172999242489e-03	-1.8443755196228907e+07	-3.3543476304539032e+07	0.0000000000000000e+00	-0.0000000000000000e+00	0.0000000000000000e+00	0.0000000000000000e+00	0.0000000000000000e+00	0.0000000000000000e+00	0.0000000000000000e+00	0.0000000000000000e+00	0.0000000000000000e+00	
5.5702251900108857e-01	-0.0000000000000000e+00	-0.0000000000000000e+00	-2.2592826099797773e-08	6.9999999999999996e-01	0.0000000000000000e+00	-1.6082820084727556e-02	-1.8443755290123813e+07	-3.3543476240034793e+07	0.0000000000000000e+00	-0.0000000000000000e+00	0.0000000000000000e+00	0.0000000000000000e+00	0.0000000000000000e+00	0.0000000000000000e+00	0.0000000000000000e+00	0.0000000000000000e+00	0.0000000000000000e+00	
5.5797469424724433e-01	-0.0000000000000000e+00	-0.0000000000000000e+00	-2.2592826099797773e-08	6.9999999999999996e-01	0.0000000000000000e+00	-1.6082820084727556e-02	-1.8443755290123813e+07	-3.3543476240034793e+07	0.0000000000000000e+00	-0.0000000000000000e+00	0.0000000000000000e+00	0.0000000000000000e+00	0.0000000000000000e+00	0.0000000000000000e+00	0.0000000000000000e+00	0.0000000000000000e+00	0.0000000000000000e+00	
5.5892686949339998e-01	-0.0000000000000000e+00	-0.0000000000000000e+00	-2.7882277059732998e-08	6.9999999999999996e-01	0.0000000000000000e+00	-4.2558333690674403e-02	-1.8443755366074670e+07	-3.3543476165569242e+07	0.0000000000000000e+00	-0.0000000000000000e+00	0.0000000000000000e+00	0.0000000000000000e+00	0.0000000000000000e+00	0.0000000000000000e+00	0.0000000000000000e+00	0.0000000000000000e+00	0.0000000000000000e+00	
5.5987904473955574e-01	-0.0000000000000000e+00	-0.0000000000000000e+00	-2.7882277059732998e-08	6.9999999999999996e-01	0.0000000000000000e+00	-4.2558333690674403e-02	-1.8443755366074670e+07	-3.3543476165569242e+07	0.0000000000000000e+00	-0.0000000000000000e+00	0.0000000000000000e+00	0.0000000000000000e+00	0.0000000000000000e+00	0.0000000000000000e+00	0.0000000000000000e+00	0.0000000000000000e+00	0.0000000000000000e+00	
5.6083121998571139e-01	-0.0000000000000000e+00	-0.0000000000000000e+00	-3.3857935545096956e-08	6.9999999999999996e-01	0.0000000000000000e+00	-5.8872718075124397e-02	-1.8443755444811333e+07	-3.3543476058365509e+07	0.0000000000000000e+00	-0.0000000000000000e+00	0.0000000000000000e+00	0.0000000000000000e+00	0.0000000000000000e+00	0.0000000000000000e+00	0.0000000000000000e+00	0.0000000000000000e+00	0.0000000000000000e+00	
5.6178339523186716e-01	-0.0000000000000000e+00	-0.0000000000000000e+00	-3.3857935545096956e-08	6.9999999999999996e-01	0.0000000000000000e+00	-5.8872718075124397e-02	-1.8443755444811333e+07	-3.3543476058365509e+07	0.0000000000000000e+00	-0.0000000000000000e+00	0.0000000000000000e+00	0.0000000000000000e+00	0.0000000000000000e+00	0.0000000000000000e+00	0.0000000000000000e+00	0.0000000000000000e+00	0.0000000000000000e+00	
5.6273557047802281e-01	-0.0000000000000000e+00	-0.0000000000000000e+00	-3.8053295540997549e-08	6.9999999999999996e-01	0.0000000000000000e+00	-8.7333908805072108e-02	-1.8443755506607957e+07	-3.3543475940781206e+07	0.0000000000000000e+00	-0.0000000000000000e+00	0.0000000000000000e+00	0.0000000000000000e+00	0.0000000000000000e+00	0.0000000000000000e+00	0.0000000000000000e+00	0.0000000000000000e+00	0.0000000000000000e+00	
5.6368774572417857e-01	-0.0000000000000000e+00	-0.0000000000000000e+00	-3.8053295540997549e-08	6.9999999999999996e-01	0.0000000000000000e+00	-8.7333908805072108e-02	-1.8443755506607957e+07	-3.3543475940781206e+07	0.0000000000000000e+00	-0.0000000000000000e+00	0.0000000000000000e+00	0.0000000000000000e+00	0.0000000000000000e+00	0.0000000000000000e+00	0.0000000000000000e+00	0.0000000000000000e+00	0.0000000000000000e+00	
5.6463992097033422e-01	-0.0000000000000000e+00	-0.0000000000000000e+00	-4.2181327745756342e-08	6.9999999999999996e-01	0.0000000000000000e+00	-1.0587758301692383e-01	-1.8443755556048594e+07	-3.3543475796121769e+07	0.0000000000000000e+00	-0.0000000000000000e+00	0.0000000000000000e+00	0.0000000000000000e+00	0.0000000000000000e+00	0.0000000000000000e+00	0.0000000000000000e+00	0.0000000000000000e+00	0.0000000000000000e+00	
5.6559209621648998e-01	-0.0000000000000000e+00	-0.0000000000000000e+00	-4.2181327745756342e-08	6.9999999999999996e-01	0.0000000000000000e+00	-1.0587758301692383e-01	-1.8443755556048594e+07	-3.3543475796121769e+07	0.0000000000000000e+00	-0.0000000000000000e+00	0.0000000000000000e+00	0.0000000000000000e+00	0.0000000000000000e+00	0.0000000000000000e+00	0.0000000000000000e+00	0.0000000000000000e+00	0.0000000000000000e+00	
5.6654427146264563e-01	-0.0000000000000000e+00	-0.0000000000000000e+00	-4.4535844736816536e-08	6.9999999999999996e-01	0.0000000000000000e+00	-1.3303019514545839e-01	-1.8443755591117360e+07	-3.3543475643263672e+07	0.0000000000000000e+00	-0.0000000000000000e+00	0.0000000000000000e+00	0.0000000000000000e+00	0.0000000000000000e+00	0.0000000000000000e+00	0.0000000000000000e+00	0.0000000000000000e+00	0.0000000000000000e+00	
5.6749644670880139e-01	-0.0000000000000000e+00	-0.0000000000000000e+00	-4.4535844736816536e-08	6.9999999999999996e-01	0.0000000000000000e+00	-1.3303019514545839e-01	-1.8443755591117360e+07	-3.3543475643263672e+07	0.0000000000000000e+00	-0.0000000000000000e+00	0.0000000000000000e+00	0.0000000000000000e+00	0.0000000000000000e+00	0.0000000000000000e+00	0.0000000000000000e+00	0.0000000000000000e+00	0.0000000000000000e+00	
5.6844862195495705e-01	-0.0000000000000000e+00	-0.0000000000000000e+00	-4.6075111459208073e-08	6.9999999999999996e-01	0.0000000000000000e+00	-1.5182562099013433e-01	-1.8443755599674858e+07	-3.3543475472889721e+07	0.0000000000000000e+00	-0.0000000000000000e+00	0.0000000000000000e+00	0.0000000000000000e+00	0.0000000000000000e+00	0.0000000000000000e+00	0.0000000000000000e+00	0.0000000000000000e+00	0.0000000000000000e+00	
5.6940079720111281e-01	-0.0000000000000000e+00	-0.0000000000000000e+00	-4.6075111459208073e-08	6.9999999999999996e-01	0.0000000000000000e+00	-1.5182562099013433e-01	-1.8443755599674858e+07	-3.3543475472889721e+07	0.0000000000000000e+00	-0.0000000000000000e+00	0.0000000000000000e+00	0.0000000000000000e+00	0.0000000000000000e+00	0.0000000000000000e+00	0.0000000000000000e+00	0.0000000000000000e+00	0.0000000000000000e+00	
5.7035297244726846e-01	-0.0000000000000000e+00	-0.0000000000000000e+00	-4.6043203684137069e-08	6.9999999999999996e-01	0.0000000000000000e+00	-1.7370869566570973e-01	-1.8443755597883839e+07	-3.3543475299622133e+07	0.0000000000000000e+00	-0.0000000000000000e+00	0.0000000000000000e+00	0.0000000000000000e+00	0.0000000000000000e+00	0.0000000000000000e+00	0.0000000000000000e+00	0.0000000000000000e+00	0.0000000000000000e+00	
5.7130514769342422e-01	-0.0000000000000000e+00	-0.0000000000000000e+00	-4.6043203684137069e-08	6.9999999999999996e-01	0.0000000000000000e+00	-1.7370869566570973e-01	-1.8443755597883839e+07	-3.3543475299622133e+07	0.0000000000000000e+00	-0.0000000000000000e+00	0.0000000000000000e+00	0.0000000000000000e+00	0.0000000000000000e+00	0.0000000000000000e+00	0.0000000000000000e+00	0.0000000000000000e+00	0.0000000000000000e+00	
5.7225732293957987e-01	-0.0000000000000000e+00	-0.0000000000000000e+00	-4.4579936758598008e-08	6.9999999999999996e-01	0.0000000000000000e+00	-1.9018770787226982e-01	-1.8443755558950529e+07	-3.3543475121530671e+07	0.0000000000000000e+00	-0.0000000000000000e+00	0.0000000000000000e+00	0.0000000000000000e+00	0.0000000000000000e+00	0.0000000000000000e+00	0.0000000000000000e+00	0.0000000000000000e+00	0.0000000000000000e+00	
5.7320949818573563e-01	-0.0000000000000000e+00	-0.0000000000000000e+00	-4.4579936758598008e-08	6.9999999999999996e-01	0.0000000000000000e+00	-1.9018770787226982e-01	-1.8443755558950529e+07	-3.3543475121530671e+07	0.0000000000000000e+00	-0.0000000000000000e+00	0.0000000000000000e+00	0.0000000000000000e+00	0.0000000000000000e+00	0.0000000000000000e+00	0.0000000000000000e+00	0.0000000000000000e+00	0.0000000000000000e+00	
5.7416167343189128e-01	-0.0000000000000000e+00	-0.0000000000000000e+00	-4.1941497985058238e-08	6.9999999999999996e-01	0.0000000000000000e+00	-2.0258146502240712e-01	-1.8443755514969308e+07	-3.3543474948756289e+07	0.0000000000000000e+00	-0.0000000000000000e+00	0.0000000000000000e+00	0.0000000000000000e+00	0.0000000000000000e+00	0.0000000000000000e+00	0.0000000000000000e+00	0.0000000000000000e+00	0.0000000000000000e+00	
5.7511384867804705e-01	-0.0000000000000000e+00	-0.0000000000000000e+00	-4.1941497985058238e-08	6.9999999999999996e-01	0.0000000000000000e+00	-2.0258146502240712e-01	-1.8443755514969308e+07	-3.3543474948756289e+07	0.0000000000000000e+00	-0.0000000000000000e+00	0.0000000000000000e+00	0.0000000000000000e+00	0.0000000000000000e+00	0.0000000000000000e+00	0.0000000000000000e+00	0.0000000000000000e+00	0.0000000000000000e+00	
5.7606602392420270e-01	-0.0000000000000000e+00	-0.0000000000000000e+00	-3.7477125884003893e-08	6.9999999999999996e-01	0.0000000000000000e+00	-2.1383933525201293e-01	-1.8443755428613156e+07	-3.3543474785762843e+07	0.0000000000000000e+00	-0.0000000000000000e+00	0.0000000000000000e+00	0.0000000000000000e+00	0.0000000000000000e+00	0.0000000000000000e+00	0.0000000000000000e+00	0.0000000000000000e+00	0.0000000000000000e+00	
5.7701819917035846e-01	-0.0000000000000000e+00	-0.0000000000000000e+00	-3.7477125884003893e-08	6.9999999999999996e-01	0.0000000000000000e+00	-2.1383933525201293e-01	-1.8443755428613156e+07	-3.3543474785762843e+07	0.0000000000000000e+00	-0.0000000000000000e+00	0.0000000000000000e+00	0.0000000000000000e+00	0.0000000000000000e+00	0.0000000000000000e+00	0.0000000000000000e+00	0.0000000000000000e+00	0.0000000000000000e+00	
5.7797037441651411e-01	-0.0000000000000000e+00	-0.0000000000000000e+00	-3.2400419353242521e-08	6.9999999999999996e-01	0.0000000000000000e+00	-2.1287569867708214e-01	-1.8443755343459856e+07	-3.3543474638141923e+07	0.0000000000000000e+00	-0.0000000000000000e+00	0.0000000000000000e+00	0.0000000000000000e+00	0.0000000000000000e+00	0.0000000000000000e+00	0.0000000000000000e+00	0.0000000000000000e+00	0.0000000000000000e+00	
5.7892254966266987e-01	-0.0000000000000000e+00	-0.0000000000000000e+00	-3.2400419353242521e-08	6.9999999999999996e-01	0.0000000000000000e+00	-2.1287569867708214e-01	-1.8443755343459856e+07	-3.3543474638141923e+07	0.0000000000000000e+00	-0.0000000000000000e+00	0.0000000000000000e+00	0.0000000000000000e+00	0.0000000000000000e+00	0.0000000000000000e+00	0.0000000000000000e+00	0.0000000000000000e+00	0.0000000000000000e+00	
5.7987472490882552e-01	-0.0000000000000000e+00	-0.0000000000000000e+00	-2.5360175044161571e-08	6.9999999999999996e-01	0.0000000000000000e+00	-2.1610606660052503e-01	-1.8443755216928426e+07	-3.3543474515222620e+07	0.0000000000000000e+00	-0.0000000000000000e+00	0.0000000000000000e+00	0.0000000000000000e+00	0.0000000000000000e+00	0.0000000000000000e+00	0.0000000000000000e+00	0.0000000000000000e+00	0.0000000000000000e+00	
5.8082690015498128e-01	-0.0000000000000000e+00	-0.0000000000000000e+00	-2.5360175044161571e-08	6.9999999999999996e-01	0.0000000000000000e+00	-2.1610606660052503e-01	-1.8443755216928426e+07	-3.3543474515222620e+07	0.0000000000000000e+00	-0.0000000000000000e+00	0.0000000000000000e+00	0.0000000000000000e+00	0.0000000000000000e+00	0.0000000000000000e+00	0.0000000000000000e+00	0.0000000000000000e+00	0.0000000000000000e+00	
5.8177907540113694e-01	-0.0000000000000000e+00	-0.0000000000000000e+00	-1.8383620264215297e-08	6.9999999999999996e-01	0.0000000000000000e+00	-1.9901462781774218e-01	-1.8443755098277852e+07	-3.3543474417809039e+07	0.0000000000000000e+00	-0.0000000000000000e+00	0.0000000000000000e+00	0.0000000000000000e+00	0.0000000000000000e+00	0.0000000000000000e+00	0.0000000000000000e+00	0.0000000000000000e+00	0.0000000000000000e+00	
5.8273125064729270e-01	-0.0000000000000000e+00	-0.0000000000000000e+00	-1.8383620264215297e-08	6.9999999999999996e-01	0.0000000000000000e+00	-1.9901462781774218e-01	-1.8443755098277852e+07	-3.3543474417809039e+07	0.0000000000000000e+00	-0.0000000000000000e+00	0.0000000000000000e+00	0.0000000000000000e+00	0.0000000000000000e+00	0.0000000000000000e+00	0.0000000000000000e+00	0.0000000000000000e+00	0.0000000000000000e+00	
5.8368342589344835e-01	-0.0000000000000000e+00	-0.0000000000000000e+00	-9.5457732277379538e-09	6.9999999999999996e-01	0.0000000000000000e+00	-1.9205189465804379e-01	-1.8443754945190035e+07	-3.3543474358508214e+07	0.0000000000000000e+00	-0.0000000000000000e+00	0.0000000000000000e+00	0.0000000000000000e+00	0.0000000000000000e+00	0.0000000000000000e+00	0.0000000000000000e+00	0.0000000000000000e+00	0.0000000000000000e+00	
5.8463560113960411e-01	-0.0000000000000000e+00	-0.0000000000000000e+00	-9.5457732277379538e-09	6.9999999999999996e-01	0.0000000000000000e+00	-1.9205189465804379e-01	-1.8443754945190035e+07	-3.3543474358508214e+07	0.0000000000000000e+00	-0.0000000000000000e+00	0.0000000000000000e+00	0.0000000000000000e+00	0.0000000000000000e+00	0.0000000000000000e+00	0.0000000000000000e+00	0.0000000000000000e+00	0.0000000000000000e+00	
5.8558777638575976e-01	-0.0000000000000000e+00	-0.0000000000000000e+00	-1.4854919181880787e-09	6.9999999999999996e-01	0.0000000000000000e+00	-1.5789900683673155e-01	-1.8443754806386869e+07	-3.3543474332821116e+07	0.0000000000000000e+00	-0.0000000000000000e+00	0.0000000000000000e+00	0.0000000000000000e+00	0.0000000000000000e+00	0.0000000000000000e+00	0.0000000000000000e+00	0.0000000000000000e+00	0.0000000000000000e+00	
5.8653995163191552e-01	-0.0000000000000000e+00	-0.0000000000000000e+00	-1.4854919181880787e-09	6.9999999999999996e-01	0.0000000000000000e+00	-1.5789900683673155e-01	-1.8443754806386869e+07	-3.3543474332821116e+07	0.0000000000000000e+00	-0.0000000000000000e+00	0.0000000000000000e+00	0.0000000000000000e+00	0.0000000000000000e+00	0.0000000000000000e+00	0.0000000000000000e+00	0.0000000000000000e+00	0.0000000000000000e+00	
5.8749212687807117e-01	-0.0000000000000000e+00	-0.0000000000000000e+00	8.1430301009614587e-09	6.9999999999999996e-01	0.0000000000000000e+00	-1.3973279404883726e-01	-1.8443754644880418e+07	-3.3543474355307478e+07	0.0000000000000000e+00	-0.0000000000000000e+00	0.0000000000000000e+00	0.0000000000000000e+00	0.0000000000000000e+00	0.0000000000000000e+00	0.0000000000000000e+00	0.0000000000000000e+00	0.0000000000000000e+00	
5.8844430212422694e-01	-0.0000000000000000e+00	-0.0000000000000000e+00	8.1430301009614587e-09	6.9999999999999996e-01	0.0000000000000000e+00	-1.3973279404883726e-01	-1.8443754644880418e+07	-3.3543474355307478e+07	0.0000000000000000e+00	-0.0000000000000000e+00	0.0000000000000000e+00	0.0000000000000000e+00	0.0000000000000000e+00	0.0000000000000000e+00	0.0000000000000000e+00	0.0000000000000000e+00	0.0000000000000000e+00	
5.8939647737038259e-01	-0.0000000000000000e+00	-0.0000000000000000e+00	1.6329009718764081e-08	6.9999999999999996e-01	0.0000000000000000e+00	-8.9957958315517339e-02	-1.8443754502982855e+07	-3.3543474415566493e+07	0.0000000000000000e+00	-0.0000000000000000e+00	0.0000000000000000e+00	0.0000000000000000e+00	0.0000000000000000e+00	0.0000000000000000e+00	0.0000000000000000e+00	0.0000000000000000e+00	0.0000000000000000e+00	
5.9034865261653835e-01	-0.0000000000000000e+00	-0.0000000000000000e+00	1.6329009718764081e-08	6.9999999999999996e-01	0.0000000000000000e+00	-8.9957958315517339e-02	-1.8443754502982855e+07	-3.3543474415566493e+07	0.0000000000000000e+00	-0.0000000000000000e+00	0.0000000000000000e+00	0.0000000000000000e+00	0.0000000000000000e+00	0.0000000000000000e+00	0.0000000000000000e+00	0.0000000000000000e+00	0.0000000000000000e+00	
5.9130082786269400e-01	-0.0000000000000000e+00	-0.0000000000000000e+00	2.5651862557059142e-08	6.9999999999999996e-01	0.0000000000000000e+00	-6.1070196511627574e-02	-1.8443754353332508e+07	-3.3543474529099680e+07	0.0000000000000000e+00	-0.0000000000000000e+00	0.0000000000000000e+00	0.0000000000000000e+00	0.0000000000000000e+00	0.0000000000000000e+00	0.0000000000000000e+00	0.0000000000000000e+00	0.0000000000000000e+00	
5.9225300310884976e-01	-0.0000000000000000e+00	-0.0000000000000000e+00	2.5651862557059142e-08	6.9999999999999996e-01	0.0000000000000000e+00	-6.1070196511627574e-02	-1.8443754353332508e+07	-3.3543474529099680e+07	0.0000000000000000e+00	-0.0000000000000000e+00	0.0000000000000000e+00	0.0000000000000000e+00	0.0000000000000000e+00	0.0000000000000000e+00	0.0000000000000000e+00	0.0000000000000000e+00	0.0000000000000000e+00	
5.9320517835500541e-01	-0.0000000000000000e+00	-0.0000000000000000e+00	3.3003206132178513e-08	6.9999999999999996e-01	0.0000000000000000e+00	3.6783366856706941e-04	-1.8443754226724997e+07	-3.3543474679372489e+07	0.0000000000000000e+00	-0.0000000000000000e+00	0.0000000000000000e+00	0.0000000000000000e+00	0.0000000000000000e+00	0.0000000000000000e+00	0.0000000000000000e+00	0.0000000000000000e+00	0.0000000000000000e+00	
5.9415735360116118e-01	-0.0000000000000000e+00	-0.0000000000000000e+00	3.3003206132178513e-08	6.9999999999999996e-01	0.0000000000000000e+00	3.6783366856706941e-04	-1.8443754226724997e+07	-3.3543474679372489e+07	0.0000000000000000e+00	-0.0000000000000000e+00	0.0000000000000000e+00	0.0000000000000000e+00	0.0000000000000000e+00	0.0000000000000000e+00	0.0000000000000000e+00	0.0000000000000000e+00	0.0000000000000000e+00	
5.9510952884731683e-01	-0.0000000000000000e+00	-0.0000000000000000e+00	4.0957743700371505e-08	6.9999999999999996e-01	0.0000000000000000e+00	3.7940985775772131e-02	-1.8443754108922262e+07	-3.3543474881908040e+07	0.0000000000000000e+00	-0.0000000000000000e+00	0.0000000000000000e+00	0.0000000000000000e+00	0.0000000000000000e+00	0.0000000000000000e+00	0.0000000000000000e+00	0.0000000000000000e+00	0.0000000000000000e+00	
5.9606170409347259e-01	-0.0000000000000000e+00	-0.0000000000000000e+00	4.0957743700371505e-08	6.9999999999999996e-01	0.0000000000000000e+00	3.7940985775772131e-02	-1.8443754108922262e+07	-3.3543474881908040e+07	0.0000000000000000e+00	-0.0000000000000000e+00	0.0000000000000000e+00	0.0000000000000000e+00	0.0000000000000000e+00	0.0000000000000000e+00	0.0000000000000000e+00	0.0000000000000000e+00	0.0000000000000000e+00	
5.9701387933962824e-01	-0.0000000000000000e+00	-0.0000000000000000e+00	4.6627445519863597e-08	6.9999999999999996e-01	0.0000000000000000e+00	1.0489917202207896e-01	-1.8443754014965814e+07	-3.3543475114720386e+07	0.0000000000000000e+00	-0.0000000000000000e+00	0.0000000000000000e+00	0.0000000000000000e+00	0.0000000000000000e+00	0.0000000000000000e+00	0.0000000000000000e+00	0.0000000000000000e+00	0.0000000000000000e+00	
5.9796605458578400e-01	-0.0000000000000000e+00	-0.0000000000000000e+00	4.6627445519863597e-08	6.9999999999999996e-01	0.0000000000000000e+00	1.0489917202207896e-01	-1.8443754014965814e+07	-3.3543475114720386e+07	0.0000000000000000e+00	-0.0000000000000000e+00	0.0000000000000000e+00	0.0000000000000000e+00	0.0000000000000000e+00	0.0000000000000000e+00	0.0000000000000000e+00	0.0000000000000000e+00	0.0000000000000000e+00	
5.9891822983193965e-01	-0.0000000000000000e+00	-0.0000000000000000e+00	5.2282957671531865e-08	6.9999999999999996e-01	0.0000000000000000e+00	1.4778086056017431e-01	-1.8443753946507785e+07	-3.3543475392137710e+07	0.0000000000000000e+00	-0.0000000000000000e+00	0.0000000000000000e+00	0.0000000000000000e+00	0.0000000000000000e+00	0.0000000000000000e+00	0.0000000000000000e+00	0.0000000000000000e+00	0.0000000000000000e+00	
5.9987040507809541e-01	-0.0000000000000000e+00	-0.0000000000000000e+00	5.2282957671531865e-08	6.9999999999999996e-01	0.0000000000000000e+00	1.4778086056017431e-01	-1.8443753946507785e+07	-3.3543475392137710e+07	0.0000000000000000e+00	-0.0000000000000000e+00	0.0000000000000000e+00	0.0000000000000000e+00	0.0000000000000000e+00	0.0000000000000000e+00	0.0000000000000000e+00	0.0000000000000000e+00	0.0000000000000000e+00	
6.0082258032425107e-01	-0.0000000000000000e+00	-0.0000000000000000e+00	5.5624069729948702e-08	6.9999999999999996e-01	0.0000000000000000e+00	2.1269113808045551e-01	-1.8443753899448279e+07	-3.3543475688757930e+07	0.0000000000000000e+00	-0.0000000000000000e+00	0.0000000000000000e+00	0.0000000000000000e+00	0.0000000000000000e+00	0.0000000000000000e+00	0.0000000000000000e+00	0.0000000000000000e+00	0.0000000000000000e+00	
6.0177475557040683e-01	-0.0000000000000000e+00	-0.0000000000000000e+00	5.5624069729948702e-08	6.9999999999999996e-01	0.0000000000000000e+00	2.1269113808045551e-01	-1.8443753899448279e+07	-3.3543475688757930e+07	0.0000000000000000e+00	-0.0000000000000000e+00	0.0000000000000000e+00	0.0000000000000000e+00	0.0000000000000000e+00	0.0000000000000000e+00	0.0000000000000000e+00	0.0000000000000000e+00	0.0000000000000000e+00	
6.0272693081656248e-01	-0.0000000000000000e+00	-0.0000000000000000e+00	5.8266860620874677e-08	6.9999999999999996e-01	0.0000000000000000e+00	2.5656537528100742e-01	-1.8443753893322874e+07	-3.3543476015833482e+07	0.0000000000000000e+00	-0.0000000000000000e+00	0.0000000000000000e+00	0.0000000000000000e+00	0.0000000000000000e+00	0.0000000000000000e+00	0.0000000000000000e+00	0.0000000000000000e+00	0.0000000000000000e+00	
6.0367910606271824e-01	-0.0000000000000000e+00	-0.0000000000000000e+00	5.8266860620874677e-08	6.9999999999999996e-01	0.0000000000000000e+00	2.5656537528100742e-01	-1.8443753893322874e+07	-3.3543476015833482e+07	0.0000000000000000e+00	-0.0000000000000000e+00	0.0000000000000000e+00	0.0000000000000000e+00	0.0000000000000000e+00	0.0000000000000000e+00	0.0000000000000000e+00	0.0000000000000000e+00	0.0000000000000000e+00	
6.0463128130887389e-01	-0.0000000000000000e+00	-0.0000000000000000e+00	5.8899722060432911e-08	6.9999999999999996e-01	0.0000000000000000e+00	3.1143659001185547e-01	-1.8443753902478848e+07	-3.3543476348062873e+07	0.0000000000000000e+00	-0.0000000000000000e+00	0.0000000000000000e+00	0.0000000000000000e+00	0.0000000000000000e+00	0.0000000000000000e+00	0.0000000000000000e+00	0.0000000000000000e+00	0.0000000000000000e+00	
6.0558345655502965e-01	-0.0000000000000000e+00	-0.0000000000000000e+00	5.8899722060432911e-08	6.9999999999999996e-01	0.0000000000000000e+00	3.1143659001185547e-01	-1.8443753902478848e+07	-3.3543476348062873e+07	0.0000000000000000e+00	-0.0000000000000000e+00	0.0000000000000000e+00	0.0000000000000000e+00	0.0000000000000000e+00	0.0000000000000000e+00	0.0000000000000000e+00	0.0000000000000000e+00	0.0000000000000000e+00	
6.0653563180118530e-01	-0.0000000000000000e+00	-0.0000000000000000e+00	5.8119228995057804e-08	6.9999999999999996e-01	0.0000000000000000e+00	3.5152827521536145e-01	-1.8443753965264045e+07	-3.3543476690961421e+07	0.0000000000000000e+00	-0.0000000000000000e+00	0.0000000000000000e+00	0.0000000000000000e+00	0.0000000000000000e+00	0.0000000000000000e+00	0.0000000000000000e+00	0.0000000000000000e+00	0.0000000000000000e+00	
6.0748780704734107e-01	-0.0000000000000000e+00	-0.0000000000000000e+00	5.8119228995057804e-08	6.9999999999999996e-01	0.0000000000000000e+00	3.5152827521536145e-01	-1.8443753965264045e+07	-3.3543476690961421e+07	0.0000000000000000e+00	-0.0000000000000000e+00	0.0000000000000000e+00	0.0000000000000000e+00	0.0000000000000000e+00	0.0000000000000000e+00	0.0000000000000000e+00	0.0000000000000000e+00	0.0000000000000000e+00	
6.0843998229349672e-01	-0.0000000000000000e+00	-0.0000000000000000e+00	5.5983264915092657e-08	6.9999999999999996e-01	0.0000000000000000e+00	3.8899426423250877e-01	-1.8443754033544138e+07	-3.3543477023987964e+07	0.0000000000000000e+00	-0.0000000000000000e+00	0.0000000000000000e+00	0.0000000000000000e+00	0.0000000000000000e+00	0.0000000000000000e+00	0.0000000000000000e+00	0.0000000000000000e+00	0.0000000000000000e+00	
6.0939215753965248e-01	-0.0000000000000000e+00	-0.0000000000000000e+00	5.5983264915092657e-08	6.9999999999999996e-01	0.0000000000000000e+00	3.8899426423250877e-01	-1.8443754033544138e+07	-3.3543477023987964e+07	0.0000000000000000e+00	-0.0000000000000000e+00	0.0000000000000000e+00	0.0000000000000000e+00	0.0000000000000000e+00	0.0000000000000000e+00	0.0000000000000000e+00	0.0000000000000000e+00	0.0000000000000000e+00	
6.1034433278580813e-01	-0.0000000000000000e+00	-0.0000000000000000e+00	5.1754507368047040e-08	6.9999999999999996e-01	0.0000000000000000e+00	4.2057971203286793e-01	-1.8443754163747869e+07	-3.3543477343846079e+07	0.0000000000000000e+00	-0.0000000000000000e+00	0.0000000000000000e+00	0.0000000000000000e+00	0.0000000000000000e+00	0.0000000000000000e+00	0.0000000000000000e+00	0.0000000000000000e+00	0.0000000000000000e+00	
6.1129650803196389e-01	-0.0000000000000000e+00	-0.0000000000000000e+00	5.1754507368047040e-08	6.9999999999999996e-01	0.0000000000000000e+00	4.2057971203286793e-01	-1.8443754163747869e+07	-3.3543477343846079e+07	0.0000000000000000e+00	-0.0000000000000000e+00	0.0000000000000000e+00	0.0000000000000000e+00	0.0000000000000000e+00	0.0000000000000000e+00	0.0000000000000000e+00	0.0000000000000000e+00	0.0000000000000000e+00	
6.1224868327811954e-01	-0.0000000000000000e+00	-0.0000000000000000e+00	4.7129129570448390e-08	6.9999999999999996e-01	0.0000000000000000e+00	4.3486782553261205e-01	-1.8443754286748413e+07	-3.3543477639662649e+07	0.0000000000000000e+00	-0.0000000000000000e+00	0.0000000000000000e+00	0.0000000000000000e+00	0.0000000000000000e+00	0.0000000000000000e+00	0.0000000000000000e+00	0.0000000000000000e+00	0.0000000000000000e+00	
6.1320085852427531e-01	-0.0000000000000000e+00	-0.0000000000000000e+00	4.7129129570448390e-08	6.9999999999999996e-01	0.0000000000000000e+00	4.3486782553261205e-01	-1.8443754286748413e+07	-3.3543477639662649e+07	0.0000000000000000e+00	-0.0000000000000000e+00	0.0000000000000000e+00	0.0000000000000000e+00	0.0000000000000000e+00	0.0000000000000000e+00	0.0000000000000000e+00	0.0000000000000000e+00	0.0000000000000000e+00	
6.1415303377043096e-01	-0.0000000000000000e+00	-0.0000000000000000e+00	3.9860573597272400e-08	6.9999999999999996e-01	0.0000000000000000e+00	4.5383843685747943e-01	-1.8443754473852802e+07	-3.3543477896823019e+07	0.0000000000000000e+00	-0.0000000000000000e+00	0.0000000000000000e+00	0.0000000000000000e+00	0.0000000000000000e+00	0.0000000000000000e+00	0.0000000000000000e+00	0.0000000000000000e+00	0.0000000000000000e+00	
6.1510520901658672e-01	-0.0000000000000000e+00	-0.0000000000000000e+00	3.9860573597272400e-08	6.9999999999999996e-01	0.0000000000000000e+00	4.5383843685747943e-01	-1.8443754473852802e+07	-3.3543477896823019e+07	0.0000000000000000e+00	-0.0000000000000000e+00	0.0000000000000000e+00	0.0000000000000000e+00	0.0000000000000000e+00	0.0000000000000000e+00	0.0000000000000000e+00	0.0000000000000000e+00	0.0000000000000000e+00	
6.1605738426274237e-01	-0.0000000000000000e+00	-0.0000000000000000e+00	3.3329637708334791e-08	6.9999999999999996e-01	0.0000000000000000e+00	4.4160459279723441e-01	-1.8443754639926851e+07	-3.3543478117897131e+07	0.0000000000000000e+00	-0.0000000000000000e+00	0.0000000000000000e+00	0.0000000000000000e+00	0.0000000000000000e+00	0.0000000000000000e+00	0.0000000000000000e+00	0.0000000000000000e+00	0.0000000000000000e+00	
6.1700955950889813e-01	-0.0000000000000000e+00	-0.0000000000000000e+00	3.3329637708334791e-08	6.9999999999999996e-01	0.0000000000000000e+00	4.4160459279723441e-01	-1.8443754639926851e+07	-3.3543478117897131e+07	0.0000000000000000e+00	-0.0000000000000000e+00	0.0000000000000000e+00	0.0000000000000000e+00	0.0000000000000000e+00	0.0000000000000000e+00	0.0000000000000000e+00	0.0000000000000000e+00	0.0000000000000000e+00	
6.1796173475505378e-01	-0.0000000000000000e+00	-0.0000000000000000e+00	2.3838133281903074e-08	6.9999999999999996e-01	0.0000000000000000e+00	4.4509295177577918e-01	-1.8443754864752702e+07	-3.3543478276431963e+07	0.0000000000000000e+00	-0.0000000000000000e+00	0.0000000000000000e+00	0.0000000000000000e+00	0.0000000000000000e+00	0.0000000000000000e+00	0.0000000000000000e+00	0.0000000000000000e+00	0.0000000000000000e+00	
6.1891391000120954e-01	-0.0000000000000000e+00	-0.0000000000000000e+00	2.3838133281903074e-08	6.9999999999999996e-01	0.0000000000000000e+00	4.4509295177577918e-01	-1.8443754864752702e+07	-3.3543478276431963e+07	0.0000000000000000e+00	-0.0000000000000000e+00	0.0000000000000000e+00	0.0000000000000000e+00	0.0000000000000000e+00	0.0000000000000000e+00	0.0000000000000000e+00	0.0000000000000000e+00	0.0000000000000000e+00	
6.1986608524736519e-01	-0.0000000000000000e+00	-0.0000000000000000e+00	1.6187171868982254e-08	6.9999999999999996e-01	0.0000000000000000e+00	4.0604821269953761e-01	-1.8443755056310043e+07	-3.3543478389517359e+07	0.0000000000000000e+00	-0.0000000000000000e+00	0.0000000000000000e+00	0.0000000000000000e+00	0.0000000000000000e+00	0.0000000000000000e+00	0.0000000000000000e+00	0.0000000000000000e+00	0.0000000000000000e+00	
6.2081826049352096e-01	-0.0000000000000000e+00	-0.0000000000000000e+00	1.6187171868982254e-08	6.9999999999999996e-01	0.0000000000000000e+00	4.0604821269953761e-01	-1.8443755056310043e+07	-3.3543478389517359e+07	0.0000000000000000e+00	-0.0000000000000000e+00	0.0000000000000000e+00	0.0000000000000000e+00	0.0000000000000000e+00	0.0000000000000000e+00	0.0000000000000000e+00	0.0000000000000000e+00	0.0000000000000000e+00	
6.2177043573967661e-01	-0.0000000000000000e+00	-0.0000000000000000e+00	5.5860182221263522e-09	6.9999999999999996e-01	0.0000000000000000e+00	3.9299892757296218e-01	-1.8443755293040145e+07	-3.3543478421666037e+07	0.0000000000000000e+00	-0.0000000000000000e+00	0.0000000000000000e+00	0.0000000000000000e+00	0.0000000000000000e+00	0.0000000000000000e+00	0.0000000000000000e+00	0.0000000000000000e+00	0.0000000000000000e+00	
6.2272261098583237e-01	-0.0000000000000000e+00	-0.0000000000000000e+00	5.5860182221263522e-09	6.9999999999999996e-01	0.0000000000000000e+00	3.9299892757296218e-01	-1.8443755293040145e+07	-3.3543478421666037e+07	0.0000000000000000e+00	-0.0000000000000000e+00	0.0000000000000000e+00	0.0000000000000000e+00	0.0000000000000000e+00	0.0000000000000000e+00	0.0000000000000000e+00	0.0000000000000000e+00	0.0000000000000000e+00	
6.2367478623198802e-01	-0.0000000000000000e+00	-0.0000000000000000e+00	-2.3429134278436939e-09	6.9999999999999996e-01	0.0000000000000000e+00	3.3016284744326757e-01	-1.8443755488917571e+07	-3.3543478401650015e+07	0.0000000000000000e+00	-0.0000000000000000e+00	0.0000000000000000e+00	0.0000000000000000e+00	0.0000000000000000e+00	0.0000000000000000e+00	0.0000000000000000e+00	0.0000000000000000e+00	0.0000000000000000e+00	
6.2462696147814378e-01	-0.0000000000000000e+00	-0.0000000000000000e+00	-2.3429134278436939e-09	6.9999999999999996e-01	0.0000000000000000e+00	3.3016284744326757e-01	-1.8443755488917571e+07	-3.3543478401650015e+07	0.0000000000000000e+00	-0.0000000000000000e+00	0.0000000000000000e+00	0.0000000000000000e+00	0.0000000000000000e+00	0.0000000000000000e+00	0.0000000000000000e+00	0.0000000000000000e+00	0.0000000000000000e+00	
6.2557913672429943e-01	-0.0000000000000000e+00	-0.0000000000000000e+00	-1.2814401595578606e-08	6.9999999999999996e-01	0.0000000000000000e+00	3.0159710040425602e-01	-1.8443755708512649e+07	-3.3543478291669957e+07	0.0000000000000000e+00	-0.0000000000000000e+00	0.0000000000000000e+00	0.0000000000000000e+00	0.0000000000000000e+00	0.0000000000000000e+00	0.0000000000000000e+00	0.0000000000000000e+00	0.0000000000000000e+00	
6.2653131197045520e-01	-0.0000000000000000e+00	-0.0000000000000000e+00	-1.2814401595578606e-08	6.9999999999999996e-01	0.0000000000000000e+00	3.0159710040425602e-01	-1.8443755708512649e+07	-3.3543478291669957e+07	0.0000000000000000e+00	-0.0000000000000000e+00	0.0000000000000000e+00	0.0000000000000000e+00	0.0000000000000000e+00	0.0000000000000000e+00	0.0000000000000000e+00	0.0000000000000000e+00	0.0000000000000000e+00	
6.2748348721661085e-01	-0.0000000000000000e+00	-0.0000000000000000e+00	-2.0254206446948045e-08	6.9999999999999996e-01	0.0000000000000000e+00	2.2096981457484050e-01	-1.8443755886792220e+07	-3.3543478125180401e+07	0.0000000000000000e+00	-0.0000000000000000e+00	0.0000000000000000e+00	0.0000000000000000e+00	0.0000000000000000e+00	0.0000000000000000e+00	0.0000000000000000e+00	0.0000000000000000e+00	0.0000000000000000e+00	
6.2843566246276661e-01	-0.0000000000000000e+00	-0.0000000000000000e+00	-2.0254206446948045e-08	6.9999999999999996e-01	0.0000000000000000e+00	2.2096981457484050e-01	-1.8443755886792220e+07	-3.3543478125180401e+07	0.0000000000000000e+00	-0.0000000000000000e+00	0.0000000000000000e+00	0.0000000000000000e+00	0.0000000000000000e+00	0.0000000000000000e+00	0.0000000000000000e+00	0.0000000000000000e+00	0.0000000000000000e+00	
6.2938783770892226e-01	-0.0000000000000000e+00	-0.0000000000000000e+00	-2.9402037647573913e-08	6.9999999999999996e-01	0.0000000000000000e+00	1.7969898288593858e-01	-1.8443756060998309e+07	-3.3543477872044507e+07	0.0000000000000000e+00	-0.0000000000000000e+00	0.0000000000000000e+00	0.0000000000000000e+00	0.0000000000000000e+00	0.0000000000000000e+00	0.0000000000000000e+00	0.0000000000000000e+00	0.0000000000000000e+00	
6.3034001295507802e-01	-0.0000000000000000e+00	-0.0000000000000000e+00	-2.9402037647573913e-08	6.9999999999999996e-01	0.0000000000000000e+00	1.7969898288593858e-01	-1.8443756060998309e+07	-3.3543477872044507e+07	0.0000000000000000e+00	-0.0000000000000000e+00	0.0000000000000000e+00	0.0000000000000000e+00	0.0000000000000000e+00	0.0000000000000000e+00	0.0000000000000000e+00	0.0000000000000000e+00	0.0000000000000000e+00	
6.3129218820123367e-01	-0.0000000000000000e+00	-0.0000000000000000e+00	-3.5723893242044646e-08	6.9999999999999996e-01	0.0000000000000000e+00	8.9242077810886319e-02	-1.8443756201514170e+07	-3.3543477560365051e+07	0.0000000000000000e+00	-0.0000000000000000e+00	0.0000000000000000e+00	0.0000000000000000e+00	0.0000000000000000e+00	0.0000000000000000e+00	0.0000000000000000e+00	0.0000000000000000e+00	0.0000000000000000e+00	
6.3224436344738943e-01	-0.0000000000000000e+00	-0.0000000000000000e+00	-3.5723893242044646e-08	6.9999999999999996e-01	0.0000000000000000e+00	8.9242077810886319e-02	-1.8443756201514170e+07	-3.3543477560365051e+07	0.0000000000000000e+00	-0.0000000000000000e+00	0.0000000000000000e+00	0.0000000000000000e+00	0.0000000000000000e+00	0.0000000000000000e+00	0.0000000000000000e+00	0.0000000000000000e+00	0.0000000000000000e+00	
6.3319653869354509e-01	-0.0000000000000000e+00	-0.0000000000000000e+00	-4.2519111098443993e-08	6.9999999999999996e-01	0.0000000000000000e+00	3.8982237165675657e-02	-1.8443756306515694e+07	-3.3543477178847119e+07	0.0000000000000000e+00	-0.0000000000000000e+00	0.0000000000000000e+00	0.0000000000000000e+00	0.0000000000000000e+00	0.0000000000000000e+00	0.0000000000000000e+00	0.0000000000000000e+00	0.0000000000000000e+00	
6.3414871393970085e-01	-0.0000000000000000e+00	-0.0000000000000000e+00	-4.2519111098443993e-08	6.9999999999999996e-01	0.0000000000000000e+00	3.8982237165675657e-02	-1.8443756306515694e+07	-3.3543477178847119e+07	0.0000000000000000e+00	-0.0000000000000000e+00	0.0000000000000000e+00	0.0000000000000000e+00	0.0000000000000000e+00	0.0000000000000000e+00	0.0000000000000000e+00	0.0000000000000000e+00	0.0000000000000000e+00	
6.3510088918585650e-01	-0.0000000000000000e+00	-0.0000000000000000e+00	-4.7211468245429903e-08	6.9999999999999996e-01	0.0000000000000000e+00	-5.2942137311829895e-02	-1.8443756392590456e+07	-3.3543476739617243e+07	0.0000000000000000e+00	-0.0000000000000000e+00	0.0000000000000000e+00	0.0000000000000000e+00	0.0000000000000000e+00	0.0000000000000000e+00	0.0000000000000000e+00	0.0000000000000000e+00	0.0000000000000000e+00	
6.3605306443201226e-01	-0.0000000000000000e+00	-0.0000000000000000e+00	-4.7211468245429903e-08	6.9999999999999996e-01	0.0000000000000000e+00	-5.2942137311829895e-02	-1.8443756392590456e+07	-3.3543476739617243e+07	0.0000000000000000e+00	-0.0000000000000000e+00	0.0000000000000000e+00	0.0000000000000000e+00	0.0000000000000000e+00	0.0000000000000000e+00	0.0000000000000000e+00	0.0000000000000000e+00	0.0000000000000000e+00	
6.3700523967816791e-01	-0.0000000000000000e+00	-0.0000000000000000e+00	-5.0843456073694355e-08	6.9999999999999996e-01	0.0000000000000000e+00	-1.0878286845864277e-01	-1.8443756411685165e+07	-3.3543476259573024e+07	0.0000000000000000e+00	-0.0000000000000000e+00	0.0000000000000000e+00	0.0000000000000000e+00	0.0000000000000000e+00	0.0000000000000000e+00	0.0000000000000000e+00	0.0000000000000000e+00	0.0000000000000000e+00	
6.3795741492432367e-01	-0.0000000000000000e+00	-0.0000000000000000e+00	-5.0843456073694355e-08	6.9999999999999996e-01	0.0000000000000000e+00	-1.0878286845864277e-01	-1.8443756411685165e+07	-3.3543476259573024e+07	0.0000000000000000e+00	-0.0000000000000000e+00	0.0000000000000000e+00	0.0000000000000000e+00	0.0000000000000000e+00	0.0000000000000000e+00	0.0000000000000000e+00	0.0000000000000000e+00	0.0000000000000000e+00	
6.3890959017047932e-01	-0.0000000000000000e+00	-0.0000000000000000e+00	-5.3446783207002652e-08	6.9999999999999996e-01	0.0000000000000000e+00	-1.9508268755180019e-01	-1.8443756431164403e+07	-3.3543475726783320e+07	0.0000000000000000e+00	-0.0000000000000000e+00	0.0000000000000000e+00	0.0000000000000000e+00	0.0000000000000000e+00	0.0000000000000000e+00	0.0000000000000000e+00	0.0000000000000000e+00	0.0000000000000000e+00	
6.3986176541663509e-01	-0.0000000000000000e+00	-0.0000000000000000e+00	-5.3446783207002652e-08	6.9999999999999996e-01	0.0000000000000000e+00	-1.9508268755180019e-01	-1.8443756431164403e+07	-3.3543475726783320e+07	0.0000000000000000e+00	-0.0000000000000000e+00	0.0000000000000000e+00	0.0000000000000000e+00	0.0000000000000000e+00	0.0000000000000000e+00	0.0000000000000000e+00	0.0000000000000000e+00	0.0000000000000000e+00	
6.4081394066279074e-01	-0.0000000000000000e+00	-0.0000000000000000e+00	-5.3343161488510581e-08	6.9999999999999996e-01	0.0000000000000000e+00	-2.5441813717527528e-01	-1.8443756356387872e+07	-3.3543475190714296e+07	0.0000000000000000e+00	-0.0000000000000000e+00	0.0000000000000000e+00	0.0000000000000000e+00	0.0000000000000000e+00	0.0000000000000000e+00	0.0000000000000000e+00	0.0000000000000000e+00	0.0000000000000000e+00	
6.4176611590894650e-01	-0.0000000000000000e+00	-0.0000000000000000e+00	-5.3343161488510581e-08	6.9999999999999996e-01	0.0000000000000000e+00	-2.5441813717527528e-01	-1.8443756356387872e+07	-3.3543475190714296e+07	0.0000000000000000e+00	-0.0000000000000000e+00	0.0000000000000000e+00	0.0000000000000000e+00	0.0000000000000000e+00	0.0000000000000000e+00	0.0000000000000000e+00	0.0000000000000000e+00	0.0000000000000000e+00	
6.4271829115510215e-01	-0.0000000000000000e+00	-0.0000000000000000e+00	-5.3417149810902485e-08	6.9999999999999996e-01	0.0000000000000000e+00	-3.3045443173971484e-01	-1.8443756302478228e+07	-3.3543474612664074e+07	0.0000000000000000e+00	-0.0000000000000000e+00	0.0000000000000000e+00	0.0000000000000000e+00	0.0000000000000000e+00	0.0000000000000000e+00	0.0000000000000000e+00	0.0000000000000000e+00	0.0000000000000000e+00	
6.4367046640125791e-01	-0.0000000000000000e+00	-0.0000000000000000e+00	-5.3417149810902485e-08	6.9999999999999996e-01	0.0000000000000000e+00	-3.3045443173971484e-01	-1.8443756302478228e+07	-3.3543474612664074e+07	0.0000000000000000e+00	-0.0000000000000000e+00	0.0000000000000000e+00	0.0000000000000000e+00	0.0000000000000000e+00	0.0000000000000000e+00	0.0000000000000000e+00	0.0000000000000000e+00	0.0000000000000000e+00	
6.4462264164741356e-01	-0.0000000000000000e+00	-0.0000000000000000e+00	-4.9288229535223392e-08	6.9999999999999996e-01	0.0000000000000000e+00	-3.9278535627000394e-01	-1.8443756135556433e+07	-3.3543474071867194e+07	0.0000000000000000e+00	-0.0000000000000000e+00	0.0000000000000000e+00	0.0000000000000000e+00	0.0000000000000000e+00	0.0000000000000000e+00	0.0000000000000000e+00	0.0000000000000000e+00	0.0000000000000000e+00	
6.4557481689356933e-01	-0.0000000000000000e+00	-0.0000000000000000e+00	-4.9288229535223392e-08	6.9999999999999996e-01	0.0000000000000000e+00	-3.9278535627000394e-01	-1.8443756135556433e+07	-3.3543474071867194e+07	0.0000000000000000e+00	-0.0000000000000000e+00	0.0000000000000000e+00	0.0000000000000000e+00	0.0000000000000000e+00	0.0000000000000000e+00	0.0000000000000000e+00	0.0000000000000000e+00	0.0000000000000000e+00	
6.4652699213972498e-01	-0.0000000000000000e+00	-0.0000000000000000e+00	-4.6480942748828972e-08	6.9999999999999996e-01	0.0000000000000000e+00	-4.5658233919567276e-01	-1.8443756008004993e+07	-3.3543473507029060e+07	0.0000000000000000e+00	-0.0000000000000000e+00	0.0000000000000000e+00	0.0000000000000000e+00	0.0000000000000000e+00	0.0000000000000000e+00	0.0000000000000000e+00	0.0000000000000000e+00	0.0000000000000000e+00	
6.4747916738588074e-01	-0.0000000000000000e+00	-0.0000000000000000e+00	-4.6480942748828972e-08	6.9999999999999996e-01	0.0000000000000000e+00	-4.5658233919567276e-01	-1.8443756008004993e+07	-3.3543473507029060e+07	0.0000000000000000e+00	-0.0000000000000000e+00	0.0000000000000000e+00	0.0000000000000000e+00	0.0000000000000000e+00	0.0000000000000000e+00	0.0000000000000000e+00	0.0000000000000000e+00	0.0000000000000000e+00	
6.4843134263203639e-01	-0.0000000000000000e+00	-0.0000000000000000e+00	-3.8428728390083645e-08	6.9999999999999996e-01	0.0000000000000000e+00	-5.2223718645415773e-01	-1.8443755761029672e+07	-3.3543473016743451e+07	0.0000000000000000e+00	-0.0000000000000000e+00	0.0000000000000000e+00	0.0000000000000000e+00	0.0000000000000000e+00	0.0000000000000000e+00	0.0000000000000000e+00	0.0000000000000000e+00	0.0000000000000000e+00	
6.4938351787819215e-01	-0.0000000000000000e+00	-0.0000000000000000e+00	-3.8428728390083645e-08	6.9999999999999996e-01	0.0000000000000000e+00	-5.2223718645415773e-01	-1.8443755761029672e+07	-3.3543473016743451e+07	0.0000000000000000e+00	-0.0000000000000000e+00	0.0000000000000000e+00	0.0000000000000000e+00	0.0000000000000000e+00	0.0000000000000000e+00	0.0000000000000000e+00	0.0000000000000000e+00	0.0000000000000000e+00	
6.5033569312434780e-01	-0.0000000000000000e+00	-0.0000000000000000e+00	-3.2658482324944439e-08	6.9999999999999996e-01	0.0000000000000000e+00	-5.7355972283427148e-01	-1.8443755567700434e+07	-3.3543472527887996e+07	0.0000000000000000e+00	-0.0000000000000000e+00	0.0000000000000000e+00	0.0000000000000000e+00	0.0000000000000000e+00	0.0000000000000000e+00	0.0000000000000000e+00	0.0000000000000000e+00	0.0000000000000000e+00	
6.5128786837050356e-01	-0.0000000000000000e+00	-0.0000000000000000e+00	-3.2658482324944439e-08	6.9999999999999996e-01	0.0000000000000000e+00	-5.7355972283427148e-01	-1.8443755567700434e+07	-3.3543472527887996e+07	0.0000000000000000e+00	-0.0000000000000000e+00	0.0000000000000000e+00	0.0000000000000000e+00	0.0000000000000000e+00	0.0000000000000000e+00	0.0000000000000000e+00	0.0000000000000000e+00	0.0000000000000000e+00	
6.5224004361665922e-01	-0.0000000000000000e+00	-0.0000000000000000e+00	-2.1328976461121855e-08	6.9999999999999996e-01	0.0000000000000000e+00	-6.4206518239903831e-01	-1.8443755263373110e+07	-3.3543472141821675e+07	0.0000000000000000e+00	-0.0000000000000000e+00	0.0000000000000000e+00	0.0000000000000000e+00	0.0000000000000000e+00	0.0000000000000000e+00	0.0000000000000000e+00	0.0000000000000000e+00	0.0000000000000000e+00	
6.5319221886281498e-01	-0.0000000000000000e+00	-0.0000000000000000e+00	-2.1328976461121855e-08	6.9999999999999996e-01	0.0000000000000000e+00	-6.4206518239903831e-01	-1.8443755263373110e+07	-3.3543472141821675e+07	0.0000000000000000e+00	-0.0000000000000000e+00	0.0000000000000000e+00	0.0000000000000000e+00	0.0000000000000000e+00	0.0000000000000000e+00	0.0000000000000000e+00	0.0000000000000000e+00	0.0000000000000000e+00	
6.5414439410897063e-01	-0.0000000000000000e+00	-0.0000000000000000e+00	-1.3009917270131936e-08	6.9999999999999996e-01	0.0000000000000000e+00	-6.8061216452105311e-01	-1.8443755021431729e+07	-3.3543471788998514e+07	0.0000000000000000e+00	-0.0000000000000000e+00	0.0000000000000000e+00	0.0000000000000000e+00	0.0000000000000000e+00	0.0000000000000000e+00	0.0000000000000000e+00	0.0000000000000000e+00	0.0000000000000000e+00	
6.5509656935512639e-01	-0.0000000000000000e+00	-0.0000000000000000e+00	-1.3009917270131936e-08	6.9999999999999996e-01	0.0000000000000000e+00	-6.8061216452105311e-01	-1.8443755021431729e+07	-3.3543471788998514e+07	0.0000000000000000e+00	-0.0000000000000000e+00	0.0000000000000000e+00	0.0000000000000000e+00	0.0000000000000000e+00	0.0000000000000000e+00	0.0000000000000000e+00	0.0000000000000000e+00	0.0000000000000000e+00	
6.5604874460128204e-01	-0.0000000000000000e+00	-0.0000000000000000e+00	2.9070957263134499e-10	6.9999999999999996e-01	0.0000000000000000e+00	-7.4873545008819875e-01	-1.8443754692103818e+07	-3.3543471553591810e+07	0.0000000000000000e+00	-0.0000000000000000e+00	0.0000000000000000e+00	0.0000000000000000e+00	0.0000000000000000e+00	0.0000000000000000e+00	0.0000000000000000e+00	0.0000000000000000e+00	0.0000000000000000e+00	
6.5700091984743780e-01	-0.0000000000000000e+00	-0.0000000000000000e+00	2.9070957263134499e-10	6.9999999999999996e-01	0.0000000000000000e+00	-7.4873545008819875e-01	-1.8443754692103818e+07	-3.3543471553591810e+07	0.0000000000000000e+00	-0.0000000000000000e+00	0.0000000000000000e+00	0.0000000000000000e+00	0.0000000000000000e+00	0.0000000000000000e+00	0.0000000000000000e+00	0.0000000000000000e+00	0.0000000000000000e+00	
6.5795309509359345e-01	-0.0000000000000000e+00	-0.0000000000000000e+00	1.0093898024800334e-08	6.9999999999999996e-01	0.0000000000000000e+00	-7.7202846435630712e-01	-1.8443754427611064e+07	-3.3543471386753976e+07	0.0000000000000000e+00	-0.0000000000000000e+00	0.0000000000000000e+00	0.0000000000000000e+00	0.0000000000000000e+00	0.0000000000000000e+00	0.0000000000000000e+00	0.0000000000000000e+00	0.0000000000000000e+00	
6.5890527033974922e-01	-0.0000000000000000e+00	-0.0000000000000000e+00	1.0093898024800334e-08	6.9999999999999996e-01	0.0000000000000000e+00	-7.7202846435630712e-01	-1.8443754427611064e+07	-3.3543471386753976e+07	0.0000000000000000e+00	-0.0000000000000000e+00	0.0000000000000000e+00	0.0000000000000000e+00	0.0000000000000000e+00	0.0000000000000000e+00	0.0000000000000000e+00	0.0000000000000000e+00	0.0000000000000000e+00	
6.5985744558590487e-01	-0.0000000000000000e+00	-0.0000000000000000e+00	2.3405169467996246e-08	6.9999999999999996e-01	0.0000000000000000e+00	-8.3221956114021856e-01	-1.8443754112478457e+07	-3.3543471335799895e+07	0.0000000000000000e+00	-0.0000000000000000e+00	0.0000000000000000e+00	0.0000000000000000e+00	0.0000000000000000e+00	0.0000000000000000e+00	0.0000000000000000e+00	0.0000000000000000e+00	0.0000000000000000e+00	
6.6080962083206063e-01	-0.0000000000000000e+00	-0.0000000000000000e+00	2.3405169467996246e-08	6.9999999999999996e-01	0.0000000000000000e+00	-8.3221956114021856e-01	-1.8443754112478457e+07	-3.3543471335799895e+07	0.0000000000000000e+00	-0.0000000000000000e+00	0.0000000000000000e+00	0.0000000000000000e+00	0.0000000000000000e+00	0.0000000000000000e+00	0.0000000000000000e+00	0.0000000000000000e+00	0.0000000000000000e+00	
6.6176179607821628e-01	-0.0000000000000000e+00	-0.0000000000000000e+00	3.2984443058674043e-08	6.9999999999999996e-01	0.0000000000000000e+00	-8.3396429740940958e-01	-1.8443753857796051e+07	-3.3543471388125464e+07	0.0000000000000000e+00	-0.0000000000000000e+00	0.0000000000000000e+00	0.0000000000000000e+00	0.0000000000000000e+00	0.0000000000000000e+00	0.0000000000000000e+00	0.0000000000000000e+00	0.0000000000000000e+00	
6.6271397132437204e-01	-0.0000000000000000e+00	-0.0000000000000000e+00	3.2984443058674043e-08	6.9999999999999996e-01	0.0000000000000000e+00	-8.3396429740940958e-01	-1.8443753857796051e+07	-3.3543471388125464e+07	0.0000000000000000e+00	-0.0000000000000000e+00	0.0000000000000000e+00	0.0000000000000000e+00	0.0000000000000000e+00	0.0000000000000000e+00	0.0000000000000000e+00	0.0000000000000000e+00	0.0000000000000000e+00	
6.6366614657052769e-01	-0.0000000000000000e+00	-0.0000000000000000e+00	4.3864107986320599e-08	6.9999999999999996e-01	0.0000000000000000e+00	-8.7392577218959111e-01	-1.8443753598441564e+07	-3.3543471538652495e+07	0.0000000000000000e+00	-0.0000000000000000e+00	0.0000000000000000e+00	0.0000000000000000e+00	0.0000000000000000e+00	0.0000000000000000e+00	0.0000000000000000e+00	0.0000000000000000e+00	0.0000000000000000e+00	
6.6461832181668345e-01	-0.0000000000000000e+00	-0.0000000000000000e+00	4.3864107986320599e-08	6.9999999999999996e-01	0.0000000000000000e+00	-8.7392577218959111e-01	-1.8443753598441564e+07	-3.3543471538652495e+07	0.0000000000000000e+00	-0.0000000000000000e+00	0.0000000000000000e+00	0.0000000000000000e+00	0.0000000000000000e+00	0.0000000000000000e+00	0.0000000000000000e+00	0.0000000000000000e+00	0.0000000000000000e+00	
6.6557049706283911e-01	-0.0000000000000000e+00	-0.0000000000000000e+00	5.1072062103336037e-08	6.9999999999999996e-01	0.0000000000000000e+00	-8.4369068436881012e-01	-1.8443753387872763e+07	-3.3543471821773466e+07	0.0000000000000000e+00	-0.0000000000000000e+00	0.0000000000000000e+00	0.0000000000000000e+00	0.0000000000000000e+00	0.0000000000000000e+00	0.0000000000000000e+00	0.0000000000000000e+00	0.0000000000000000e+00	
6.6652267230899487e-01	-0.0000000000000000e+00	-0.0000000000000000e+00	5.1072062103336037e-08	6.9999999999999996e-01	0.0000000000000000e+00	-8.4369068436881012e-01	-1.8443753387872763e+07	-3.3543471821773466e+07	0.0000000000000000e+00	-0.0000000000000000e+00	0.0000000000000000e+00	0.0000000000000000e+00	0.0000000000000000e+00	0.0000000000000000e+00	0.0000000000000000e+00	0.0000000000000000e+00	0.0000000000000000e+00	
6.6747484755515052e-01	-0.0000000000000000e+00	-0.0000000000000000e+00	5.6936888239288078e-08	6.9999999999999996e-01	0.0000000000000000e+00	-8.4767651547211187e-01	-1.8443753222958673e+07	-3.3543472171913516e+07	0.0000000000000000e+00	-0.0000000000000000e+00	0.0000000000000000e+00	0.0000000000000000e+00	0.0000000000000000e+00	0.0000000000000000e+00	0.0000000000000000e+00	0.0000000000000000e+00	0.0000000000000000e+00	
6.6842702280130628e-01	-0.0000000000000000e+00	-0.0000000000000000e+00	5.6936888239288078e-08	6.9999999999999996e-01	0.0000000000000000e+00	-8.4767651547211187e-01	-1.8443753222958673e+07	-3.3543472171913516e+07	0.0000000000000000e+00	-0.0000000000000000e+00	0.0000000000000000e+00	0.0000000000000000e+00	0.0000000000000000e+00	0.0000000000000000e+00	0.0000000000000000e+00	0.0000000000000000e+00	0.0000000000000000e+00	
6.6937919804746193e-01	-0.0000000000000000e+00	-0.0000000000000000e+00	5.9576668450685748e-08	6.9999999999999996e-01	0.0000000000000000e+00	-7.7256646604109369e-01	-1.8443753087551884e+07	-3.3543472673919864e+07	0.0000000000000000e+00	-0.0000000000000000e+00	0.0000000000000000e+00	0.0000000000000000e+00	0.0000000000000000e+00	0.0000000000000000e+00	0.0000000000000000e+00	0.0000000000000000e+00	0.0000000000000000e+00	
6.7033137329361769e-01	-0.0000000000000000e+00	-0.0000000000000000e+00	5.9576668450685748e-08	6.9999999999999996e-01	0.0000000000000000e+00	-7.7256646604109369e-01	-1.8443753087551884e+07	-3.3543472673919864e+07	0.0000000000000000e+00	-0.0000000000000000e+00	0.0000000000000000e+00	0.0000000000000000e+00	0.0000000000000000e+00	0.0000000000000000e+00	0.0000000000000000e+00	0.0000000000000000e+00	0.0000000000000000e+00	
6.7128354853977334e-01	-0.0000000000000000e+00	-0.0000000000000000e+00	5.8182388461894070e-08	6.9999999999999996e-01	0.0000000000000000e+00	-7.2465027949149152e-01	-1.8443753047416929e+07	-3.3543473202885777e+07	0.0000000000000000e+00	-0.0000000000000000e+00	0.0000000000000000e+00	0.0000000000000000e+00	0.0000000000000000e+00	0.0000000000000000e+00	0.0000000000000000e+00	0.0000000000000000e+00	0.0000000000000000e+00	
6.7223572378592911e-01	-0.0000000000000000e+00	-0.0000000000000000e+00	5.8182388461894070e-08	6.9999999999999996e-01	0.0000000000000000e+00	-7.2465027949149152e-01	-1.8443753047416929e+07	-3.3543473202885777e+07	0.0000000000000000e+00	-0.0000000000000000e+00	0.0000000000000000e+00	0.0000000000000000e+00	0.0000000000000000e+00	0.0000000000000000e+00	0.0000000000000000e+00	0.0000000000000000e+00	0.0000000000000000e+00	
6.7318789903208476e-01	-0.0000000000000000e+00	-0.0000000000000000e+00	5.4520060143800519e-08	6.9999999999999996e-01	0.0000000000000000e+00	-5.9311805963220599e-01	-1.8443753009860899e+07	-3.3543473889120765e+07	0.0000000000000000e+00	-0.0000000000000000e+00	0.0000000000000000e+00	0.0000000000000000e+00	0.0000000000000000e+00	0.0000000000000000e+00	0.0000000000000000e+00	0.0000000000000000e+00	0.0000000000000000e+00	
6.7414007427824052e-01	-0.0000000000000000e+00	-0.0000000000000000e+00	5.4520060143800519e-08	6.9999999999999996e-01	0.0000000000000000e+00	-5.9311805963220599e-01	-1.8443753009860899e+07	-3.3543473889120765e+07	0.0000000000000000e+00	-0.0000000000000000e+00	0.0000000000000000e+00	0.0000000000000000e+00	0.0000000000000000e+00	0.0000000000000000e+00	0.0000000000000000e+00	0.0000000000000000e+00	0.0000000000000000e+00	
6.7509224952439617e-01	-0.0000000000000000e+00	-0.0000000000000000e+00	4.4504491733841890e-08	6.9999999999999996e-01	0.0000000000000000e+00	-4.8198778915130203e-01	-1.8443753111601733e+07	-3.3543474558960058e+07	0.0000000000000000e+00	-0.0000000000000000e+00	0.0000000000000000e+00	0.0000000000000000e+00	0.0000000000000000e+00	0.0000000000000000e+00	0.0000000000000000e+00	0.0000000000000000e+00	0.0000000000000000e+00	
6.7604442477055193e-01	-0.0000000000000000e+00	-0.0000000000000000e+00	4.4504491733841890e-08	6.9999999999999996e-01	0.0000000000000000e+00	-4.8198778915130203e-01	-1.8443753111601733e+07	-3.3543474558960058e+07	0.0000000000000000e+00	-0.0000000000000000e+00	0.0000000000000000e+00	0.0000000000000000e+00	0.0000000000000000e+00	0.0000000000000000e+00	0.0000000000000000e+00	0.0000000000000000e+00	0.0000000000000000e+00	
6.7699660001670758e-01	-0.0000000000000000e+00	-0.0000000000000000e+00	3.3776738615782789e-08	6.9999999999999996e-01	0.0000000000000000e+00	-2.8899633724814644e-01	-1.8443753182235610e+07	-3.3543475375049621e+07	0.0000000000000000e+00	-0.0000000000000000e+00	0.0000000000000000e+00	0.0000000000000000e+00	0.0000000000000000e+00	0.0000000000000000e+00	0.0000000000000000e+00	0.0000000000000000e+00	0.0000000000000000e+00	
6.7794877526286335e-01	-0.0000000000000000e+00	-0.0000000000000000e+00	3.3776738615782789e-08	6.9999999999999996e-01	0.0000000000000000e+00	-2.8899633724814644e-01	-1.8443753182235610e+07	-3.3543475375049621e+07	0.0000000000000000e+00	-0.0000000000000000e+00	0.0000000000000000e+00	0.0000000000000000e+00	0.0000000000000000e+00	0.0000000000000000e+00	0.0000000000000000e+00	0.0000000000000000e+00	0.0000000000000000e+00	
6.7890095050901900e-01	-0.0000000000000000e+00	-0.0000000000000000e+00	1.5139804403385408e-08	6.9999999999999996e-01	0.0000000000000000e+00	-1.1300068095387240e-01	-1.8443753425986007e+07	-3.3543476133888301e+07	0.0000000000000000e+00	-0.0000000000000000e+00	0.0000000000000000e+00	0.0000000000000000e+00	0.0000000000000000e+00	0.0000000000000000e+00	0.0000000000000000e+00	0.0000000000000000e+00	0.0000000000000000e+00	
6.7985312575517476e-01	-0.0000000000000000e+00	-0.0000000000000000e+00	1.5139804403385408e-08	6.9999999999999996e-01	0.0000000000000000e+00	-1.1300068095387240e-01	-1.8443753425986007e+07	-3.3543476133888301e+07	0.0000000000000000e+00	-0.0000000000000000e+00	0.0000000000000000e+00	0.0000000000000000e+00	0.0000000000000000e+00	0.0000000000000000e+00	0.0000000000000000e+00	0.0000000000000000e+00	0.0000000000000000e+00	
6.8080530100133041e-01	-0.0000000000000000e+00	-0.0000000000000000e+00	-2.0968916321976545e-09	6.9999999999999996e-01	0.0000000000000000e+00	1.3503634918613164e-01	-1.8443753600875899e+07	-3.3543477010428559e+07	0.0000000000000000e+00	-0.0000000000000000e+00	0.0000000000000000e+00	0.0000000000000000e+00	0.0000000000000000e+00	0.0000000000000000e+00	0.0000000000000000e+00	0.0000000000000000e+00	0.0000000000000000e+00	
6.8175747624748617e-01	-0.0000000000000000e+00	-0.0000000000000000e+00	-2.0968916321976545e-09	6.9999999999999996e-01	0.0000000000000000e+00	1.3503634918613164e-01	-1.8443753600875899e+07	-3.3543477010428559e+07	0.0000000000000000e+00	-0.0000000000000000e+00	0.0000000000000000e+00	0.0000000000000000e+00	0.0000000000000000e+00	0.0000000000000000e+00	0.0000000000000000e+00	0.0000000000000000e+00	0.0000000000000000e+00	
6.8270965149364182e-01	-0.0000000000000000e+00	-0.0000000000000000e+00	-2.7705424058582531e-08	6.9999999999999996e-01	0.0000000000000000e+00	3.6426882873648081e-01	-1.8443753967945807e+07	-3.3543477796993982e+07	0.0000000000000000e+00	-0.0000000000000000e+00	0.0000000000000000e+00	0.0000000000000000e+00	0.0000000000000000e+00	0.0000000000000000e+00	0.0000000000000000e+00	0.0000000000000000e+00	0.0000000000000000e+00	
6.8366182673979758e-01	-0.0000000000000000e+00	-0.0000000000000000e+00	-2.7705424058582531e-08	6.9999999999999996e-01	0.0000000000000000e+00	3.6426882873648081e-01	-1.8443753967945807e+07	-3.3543477796993982e+07	0.0000000000000000e+00	-0.0000000000000000e+00	0.0000000000000000e+00	0.0000000000000000e+00	0.0000000000000000e+00	0.0000000000000000e+00	0.0000000000000000e+00	0.0000000000000000e+00	0.0000000000000000e+00	
6.8461400198595324e-01	-0.0000000000000000e+00	-0.0000000000000000e+00	-4.9472272184410172e-08	6.9999999999999996e-01	0.0000000000000000e+00	6.4652586592820138e-01	-1.8443754229230501e+07	-3.3543478655499354e+07	0.0000000000000000e+00	-0.0000000000000000e+00	0.0000000000000000e+00	0.0000000000000000e+00	0.0000000000000000e+00	0.0000000000000000e+00	0.0000000000000000e+00	0.0000000000000000e+00	0.0000000000000000e+00	
6.8556617723210900e-01	-0.0000000000000000e+00	-0.0000000000000000e+00	-4.9472272184410172e-08	6.9999999999999996e-01	0.0000000000000000e+00	6.4652586592820138e-01	-1.8443754229230501e+07	-3.3543478655499354e+07	0.0000000000000000e+00	-0.0000000000000000e+00	0.0000000000000000e+00	0.0000000000000000e+00	0.0000000000000000e+00	0.0000000000000000e+00	0.0000000000000000e+00	0.0000000000000000e+00	0.0000000000000000e+00	
6.8651835247826465e-01	-0.0000000000000000e+00	-0.0000000000000000e+00	-7.8721010481705272e-08	6.9999999999999996e-01	0.0000000000000000e+00	9.0328099909177895e-01	-1.8443754682234328e+07	-3.3543479404386535e+07	0.0000000000000000e+00	-0.0000000000000000e+00	0.0000000000000000e+00	0.0000000000000000e+00	0.0000000000000000e+00	0.0000000000000000e+00	0.0000000000000000e+00	0.0000000000000000e+00	0.0000000000000000e+00	
6.8747052772442041e-01	-0.0000000000000000e+00	-0.0000000000000000e+00	-7.8721010481705272e-08	6.9999999999999996e-01	0.0000000000000000e+00	9.0328099909177895e-01	-1.8443754682234328e+07	-3.3543479404386535e+07	0.0000000000000000e+00	-0.0000000000000000e+00	0.0000000000000000e+00	0.0000000000000000e+00	0.0000000000000000e+00	0.0000000000000000e+00	0.0000000000000000e+00	0.0000000000000000e+00	0.0000000000000000e+00	
6.8842270297057606e-01	-0.0000000000000000e+00	-0.0000000000000000e+00	-1.0174443406875238e-07	6.9999999999999996e-01	0.0000000000000000e+00	1.1847690524994567e+00	-1.8443754999898680e+07	-3.3543480163970437e+07	0.0000000000000000e+00	-0.0000000000000000e+00	0.0000000000000000e+00	0.0000000000000000e+00	0.0000000000000000e+00	0.0000000000000000e+00	0.0000000000000000e+00	0.0000000000000000e+00	0.0000000000000000e+00	
6.8937487821673182e-01	-0.0000000000000000e+00	-0.0000000000000000e+00	-1.0174443406875238e-07	6.9999999999999996e-01	0.0000000000000000e+00	1.1847690524994567e+00	-1.8443754999898680e+07	-3.3543480163970437e+07	0.0000000000000000e+00	-0.0000000000000000e+00	0.0000000000000000e+00	0.0000000000000000e+00	0.0000000000000000e+00	0.0000000000000000e+00	0.0000000000000000e+00	0.0000000000000000e+00	0.0000000000000000e+00	
6.9032705346288747e-01	-0.0000000000000000e+00	-0.0000000000000000e+00	-1.2984326332122100e-07	6.9999999999999996e-01	0.0000000000000000e+00	1.4318410315586008e+00	-1.8443755484583933e+07	-3.3543480810630795e+07	0.0000000000000000e+00	-0.0000000000000000e+00	0.0000000000000000e+00	0.0000000000000000e+00	0.0000000000000000e+00	0.0000000000000000e+00	0.0000000000000000e+00	0.0000000000000000e+00	0.0000000000000000e+00	
6.9127922870904324e-01	-0.0000000000000000e+00	-0.0000000000000000e+00	-1.2984326332122100e-07	6.9999999999999996e-01	0.0000000000000000e+00	1.4318410315586008e+00	-1.8443755484583933e+07	-3.3543480810630795e+07	0.0000000000000000e+00	-0.0000000000000000e+00	0.0000000000000000e+00	0.0000000000000000e+00	0.0000000000000000e+00	0.0000000000000000e+00	0.0000000000000000e+00	0.0000000000000000e+00	0.0000000000000000e+00	
6.9223140395519889e-01	-0.0000000000000000e+00	-0.0000000000000000e+00	-1.4984819910279453e-07	6.9999999999999996e-01	0.0000000000000000e+00	1.6673317614634191e+00	-1.8443755818656076e+07	-3.3543481394769646e+07	0.0000000000000000e+00	-0.0000000000000000e+00	0.0000000000000000e+00	0.0000000000000000e+00	0.0000000000000000e+00	0.0000000000000000e+00	0.0000000000000000e+00	0.0000000000000000e+00	0.0000000000000000e+00	
6.9318357920135465e-01	-0.0000000000000000e+00	-0.0000000000000000e+00	-1.4984819910279453e-07	6.9999999999999996e-01	0.0000000000000000e+00	1.6673317614634191e+00	-1.8443755818656076e+07	-3.3543481394769646e+07	0.0000000000000000e+00	-0.0000000000000000e+00	0.0000000000000000e+00	0.0000000000000000e+00	0.0000000000000000e+00	0.0000000000000000e+00	0.0000000000000000e+00	0.0000000000000000e+00	0.0000000000000000e+00	
6.9413575444751030e-01	-0.0000000000000000e+00	-0.0000000000000000e+00	-1.7102354452429912e-07	6.9999999999999996e-01	0.0000000000000000e+00	1.8618064761919146e+00	-1.8443756267623533e+07	-3.3543481879334811e+07	0.0000000000000000e+00	-0.0000000000000000e+00	0.0000000000000000e+00	0.0000000000000000e+00	0.0000000000000000e+00	0.0000000000000000e+00	0.0000000000000000e+00	0.0000000000000000e+00	0.0000000000000000e+00	
6.9508792969366606e-01	-0.0000000000000000e+00	-0.0000000000000000e+00	-1.7102354452429912e-07	6.9999999999999996e-01	0.0000000000000000e+00	1.8618064761919146e+00	-1.8443756267623533e+07	-3.3543481879334811e+07	0.0000000000000000e+00	-0.0000000000000000e+00	0.0000000000000000e+00	0.0000000000000000e+00	0.0000000000000000e+00	0.0000000000000000e+00	0.0000000000000000e+00	0.0000000000000000e+00	0.0000000000000000e+00	
6.9604010493982171e-01	-0.0000000000000000e+00	-0.0000000000000000e+00	-1.8318248591746495e-07	6.9999999999999996e-01	0.0000000000000000e+00	2.0031733295662257e+00	-1.8443756570870426e+07	-3.3543482222202707e+07	0.0000000000000000e+00	-0.0000000000000000e+00	0.0000000000000000e+00	0.0000000000000000e+00	0.0000000000000000e+00	0.0000000000000000e+00	0.0000000000000000e+00	0.0000000000000000e+00	0.0000000000000000e+00	
6.9699228018597748e-01	-0.0000000000000000e+00	-0.0000000000000000e+00	-1.8318248591746495e-07	6.9999999999999996e-01	0.0000000000000000e+00	2.0031733295662257e+00	-1.8443756570870426e+07	-3.3543482222202707e+07	0.0000000000000000e+00	-0.0000000000000000e+00	0.0000000000000000e+00	0.0000000000000000e+00	0.0000000000000000e+00	0.0000000000000000e+00	0.0000000000000000e+00	0.0000000000000000e+00	0.0000000000000000e+00	
6.9794445543213313e-01	-0.0000000000000000e+00	-0.0000000000000000e+00	-1.9144474566438065e-07	6.9999999999999996e-01	0.0000000000000000e+00	2.1045742321473417e+00	-1.8443756910321392e+07	-3.3543482492076259e+07	0.0000000000000000e+00	-0.0000000000000000e+00	0.0000000000000000e+00	0.0000000000000000e+00	0.0000000000000000e+00	0.0000000000000000e+00	0.0000000000000000e+00	0.0000000000000000e+00	0.0000000000000000e+00	
6.9889663067828889e-01	-0.0000000000000000e+00	-0.0000000000000000e+00	-1.9144474566438065e-07	6.9999999999999996e-01	0.0000000000000000e+00	2.1045742321473417e+00	-1.8443756910321392e+07	-3.3543482492076259e+07	0.0000000000000000e+00	-0.0000000000000000e+00	0.0000000000000000e+00	0.0000000000000000e+00	0.0000000000000000e+00	0.0000000000000000e+00	0.0000000000000000e+00	0.0000000000000000e+00	0.0000000000000000e+00	
6.9984880592444454e-01	-0.0000000000000000e+00	-0.0000000000000000e+00	-1.9105500188050101e-07	6.9999999999999996e-01	0.0000000000000000e+00	2.1106490625729082e+00	-1.8443757132883299e+07	-3.3543482544145700e+07	0.0000000000000000e+00	-0.0000000000000000e+00	0.0000000000000000e+00	0.0000000000000000e+00	0.0000000000000000e+00	0.0000000000000000e+00	0.0000000000000000e+00	0.0000000000000000e+00	0.0000000000000000e+00	
7.0080098117060030e-01	-0.0000000000000000e+00	-0.0000000000000000e+00	-1.9105500188050101e-07	6.9999999999999996e-01	0.0000000000000000e+00	2.1106490625729082e+00	-1.8443757132883299e+07	-3.3543482544145700e+07	0.0000000000000000e+00	-0.0000000000000000e+00	0.0000000000000000e+00	0.0000000000000000e+00	0.0000000000000000e+00	0.0000000000000000e+00	0.0000000000000000e+00	0.0000000000000000e+00	0.0000000000000000e+00	
7.0175315641675595e-01	-0.0000000000000000e+00	-0.0000000000000000e+00	-1.8129606100033327e-07	6.9999999999999996e-01	0.0000000000000000e+00	2.0900873018016686e+00	-1.8443757293711752e+07	-3.3543482556272622e+07	0.0000000000000000e+00	-0.0000000000000000e+00	0.0000000000000000e+00	0.0000000000000000e+00	0.0000000000000000e+00	0.0000000000000000e+00	0.0000000000000000e+00	0.0000000000000000e+00	0.0000000000000000e+00	
7.0270533166291171e-01	-0.0000000000000000e+00	-0.0000000000000000e+00	-1.8129606100033327e-07	6.9999999999999996e-01	0.0000000000000000e+00	2.0900873018016686e+00	-1.8443757293711752e+07	-3.3543482556272622e+07	0.0000000000000000e+00	-0.0000000000000000e+00	0.0000000000000000e+00	0.0000000000000000e+00	0.0000000000000000e+00	0.0000000000000000e+00	0.0000000000000000e+00	0.0000000000000000e+00	0.0000000000000000e+00	
7.0365750690906737e-01	-0.0000000000000000e+00	-0.0000000000000000e+00	-1.6474820942667554e-07	6.9999999999999996e-01	0.0000000000000000e+00	1.9374052971265057e+00	-1.8443757391257208e+07	-3.3543482289067820e+07	0.0000000000000000e+00	-0.0000000000000000e+00	0.0000000000000000e+00	0.0000000000000000e+00	0.0000000000000000e+00	0.0000000000000000e+00	0.0000000000000000e+00	0.0000000000000000e+00	0.0000000000000000e+00	
7.0460968215522313e-01	-0.0000000000000000e+00	-0.0000000000000000e+00	-1.6474820942667554e-07	6.9999999999999996e-01	0.0000000000000000e+00	1.9374052971265057e+00	-1.8443757391257208e+07	-3.3543482289067820e+07	0.0000000000000000e+00	-0.0000000000000000e+00	0.0000000000000000e+00	0.0000000000000000e+00	0.0000000000000000e+00	0.0000000000000000e+00	0.0000000000000000e+00	0.0000000000000000e+00	0.0000000000000000e+00	
7.0556185740137878e-01	-0.0000000000000000e+00	-0.0000000000000000e+00	-1.3409197427193333e-07	6.9999999999999996e-01	0.0000000000000000e+00	1.7858446512026009e+00	-1.8443757324378788e+07	-3.3543482013428319e+07	0.0000000000000000e+00	-0.0000000000000000e+00	0.0000000000000000e+00	0.0000000000000000e+00	0.0000000000000000e+00	0.0000000000000000e+00	0.0000000000000000e+00	0.0000000000000000e+00	0.0000000000000000e+00	
7.0651403264753454e-01	-0.0000000000000000e+00	-0.0000000000000000e+00	-1.3409197427193333e-07	6.9999999999999996e-01	0.0000000000000000e+00	1.7858446512026009e+00	-1.8443757324378788e+07	-3.3543482013428319e+07	0.0000000000000000e+00	-0.0000000000000000e+00	0.0000000000000000e+00	0.0000000000000000e+00	0.0000000000000000e+00	0.0000000000000000e+00	0.0000000000000000e+00	0.0000000000000000e+00	0.0000000000000000e+00	
7.0746620789369019e-01	-0.0000000000000000e+00	-0.0000000000000000e+00	-1.0002733567292073e-07	6.9999999999999996e-01	0.0000000000000000e+00	1.4776612355302021e+00	-1.8443757269386895e+07	-3.3543481423763104e+07	0.0000000000000000e+00	-0.0000000000000000e+00	0.0000000000000000e+00	0.0000000000000000e+00	0.0000000000000000e+00	0.0000000000000000e+00	0.0000000000000000e+00	0.0000000000000000e+00	0.0000000000000000e+00	
7.0841838313984595e-01	-0.0000000000000000e+00	-0.0000000000000000e+00	-1.0002733567292073e-07	6.9999999999999996e-01	0.0000000000000000e+00	1.4776612355302021e+00	-1.8443757269386895e+07	-3.3543481423763104e+07	0.0000000000000000e+00	-0.0000000000000000e+00	0.0000000000000000e+00	0.0000000000000000e+00	0.0000000000000000e+00	0.0000000000000000e+00	0.0000000000000000e+00	0.0000000000000000e+00	0.0000000000000000e+00	
7.0937055838600160e-01	-0.0000000000000000e+00	-0.0000000000000000e+00	-4.9134049417953056e-08	6.9999999999999996e-01	0.0000000000000000e+00	1.2109120406358596e+00	-1.8443756962086294e+07	-3.3543480849280067e+07	0.0000000000000000e+00	-0.0000000000000000e+00	0.0000000000000000e+00	0.0000000000000000e+00	0.0000000000000000e+00	0.0000000000000000e+00	0.0000000000000000e+00	0.0000000000000000e+00	0.0000000000000000e+00	
7.1032273363215737e-01	-0.0000000000000000e+00	-0.0000000000000000e+00	-4.9134049417953056e-08	6.9999999999999996e-01	0.0000000000000000e+00	1.2109120406358596e+00	-1.8443756962086294e+07	-3.3543480849280067e+07	0.0000000000000000e+00	-0.0000000000000000e+00	0.0000000000000000e+00	0.0000000000000000e+00	0.0000000000000000e+00	0.0000000000000000e+00	0.0000000000000000e+00	0.0000000000000000e+00	0.0000000000000000e+00	
7.1127490887831302e-01	-0.0000000000000000e+00	-0.0000000000000000e+00	5.6046663699328280e-10	6.9999999999999996e-01	0.0000000000000000e+00	7.8123276440987699e-01	-1.8443756754630633e+07	-3.3543479963259313e+07	0.0000000000000000e+00	-0.0000000000000000e+00	0.0000000000000000e+00	0.0000000000000000e+00	0.0000000000000000e+00	0.0000000000000000e+00	0.0000000000000000e+00	0.0000000000000000e+00	0.0000000000000000e+00	
7.1222708412446878e-01	-0.0000000000000000e+00	-0.0000000000000000e+00	5.6046663699328280e-10	6.9999999999999996e-01	0.0000000000000000e+00	7.8123276440987699e-01	-1.8443756754630633e+07	-3.3543479963259313e+07	0.0000000000000000e+00	-0.0000000000000000e+00	0.0000000000000000e+00	0.0000000000000000e+00	0.0000000000000000e+00	0.0000000000000000e+00	0.0000000000000000e+00	0.0000000000000000e+00	0.0000000000000000e+00	
7.1317925937062443e-01	-0.0000000000000000e+00	-0.0000000000000000e+00	6.6742490967209168e-08	6.9999999999999996e-01	0.0000000000000000e+00	4.3932192050651969e-01	-1.8443756241503667e+07	-3.3543479105491061e+07	0.0000000000000000e+00	-0.0000000000000000e+00	0.0000000000000000e+00	0.0000000000000000e+00	0.0000000000000000e+00	0.0000000000000000e+00	0.0000000000000000e+00	0.0000000000000000e+00	0.0000000000000000e+00	
7.1413143461678019e-01	-0.0000000000000000e+00	-0.0000000000000000e+00	6.6742490967209168e-08	6.9999999999999996e-01	0.0000000000000000e+00	4.3932192050651969e-01	-1.8443756241503667e+07	-3.3543479105491061e+07	0.0000000000000000e+00	-0.0000000000000000e+00	0.0000000000000000e+00	0.0000000000000000e+00	0.0000000000000000e+00	0.0000000000000000e+00	0.0000000000000000e+00	0.0000000000000000e+00	0.0000000000000000e+00	
7.1508360986293584e-01	-0.0000000000000000e+00	-0.0000000000000000e+00	1.2658207156327663e-07	6.9999999999999996e-01	0.0000000000000000e+00	-5.0817440548863488e-02	-1.8443755913798485e+07	-3.3543477980910074e+07	0.0000000000000000e+00	-0.0000000000000000e+00	0.0000000000000000e+00	0.0000000000000000e+00	0.0000000000000000e+00	0.0000000000000000e+00	0.0000000000000000e+00	0.0000000000000000e+00	0.0000000000000000e+00	
7.1603578510909160e-01	-0.0000000000000000e+00	-0.0000000000000000e+00	1.2658207156327663e-07	6.9999999999999996e-01	0.0000000000000000e+00	-5.0817440548863488e-02	-1.8443755913798485e+07	-3.3543477980910074e+07	0.0000000000000000e+00	-0.0000000000000000e+00	0.0000000000000000e+00	0.0000000000000000e+00	0.0000000000000000e+00	0.0000000000000000e+00	0.0000000000000000e+00	0.0000000000000000e+00	0.0000000000000000e+00	
7.1698796035524726e-01	-0.0000000000000000e+00	-0.0000000000000000e+00	1.9911630689220298e-07	6.9999999999999996e-01	0.0000000000000000e+00	-4.1123724916574045e-01	-1.8443755275128622e+07	-3.3543476888217784e+07	0.0000000000000000e+00	-0.0000000000000000e+00	0.0000000000000000e+00	0.0000000000000000e+00	0.0000000000000000e+00	0.0000000000000000e+00	0.0000000000000000e+00	0.0000000000000000e+00	0.0000000000000000e+00	
7.1794013560140302e-01	-0.0000000000000000e+00	-0.0000000000000000e+00	1.9911630689220298e-07	6.9999999999999996e-01	0.0000000000000000e+00	-4.1123724916574045e-01	-1.8443755275128622e+07	-3.3543476888217784e+07	0.0000000000000000e+00	-0.0000000000000000e+00	0.0000000000000000e+00	0.0000000000000000e+00	0.0000000000000000e+00	0.0000000000000000e+00	0.0000000000000000e+00	0.0000000000000000e+00	0.0000000000000000e+00	
7.1889231084755867e-01	-0.0000000000000000e+00	-0.0000000000000000e+00	2.6065035218127882e-07	6.9999999999999996e-01	0.0000000000000000e+00	-8.8584381931718681e-01	-1.8443754885479804e+07	-3.3543475612441562e+07	0.0000000000000000e+00	-0.0000000000000000e+00	0.0000000000000000e+00	0.0000000000000000e+00	0.0000000000000000e+00	0.0000000000000000e+00	0.0000000000000000e+00	0.0000000000000000e+00	0.0000000000000000e+00	
7.1984448609371443e-01	-0.0000000000000000e+00	-0.0000000000000000e+00	2.6065035218127882e-07	6.9999999999999996e-01	0.0000000000000000e+00	-8.8584381931718681e-01	-1.8443754885479804e+07	-3.3543475612441562e+07	0.0000000000000000e+00	-0.0000000000000000e+00	0.0000000000000000e+00	0.0000000000000000e+00	0.0000000000000000e+00	0.0000000000000000e+00	0.0000000000000000e+00	0.0000000000000000e+00	0.0000000000000000e+00	
7.2079666133987008e-01	-0.0000000000000000e+00	-0.0000000000000000e+00	3.2812250446321885e-07	6.9999999999999996e-01	0.0000000000000000e+00	-1.2049830526165024e+00	-1.8443754230029523e+07	-3.3543474366709229e+07	0.0000000000000000e+00	-0.0000000000000000e+00	0.0000000000000000e+00	0.0000000000000000e+00	0.0000000000000000e+00	0.0000000000000000e+00	0.0000000000000000e+00	0.0000000000000000e+00	0.0000000000000000e+00	
7.2174883658602584e-01	-0.0000000000000000e+00	-0.0000000000000000e+00	3.2812250446321885e-07	6.9999999999999996e-01	0.0000000000000000e+00	-1.2049830526165024e+00	-1.8443754230029523e+07	-3.3543474366709229e+07	0.0000000000000000e+00	-0.0000000000000000e+00	0.0000000000000000e+00	0.0000000000000000e+00	0.0000000000000000e+00	0.0000000000000000e+00	0.0000000000000000e+00	0.0000000000000000e+00	0.0000000000000000e+00	
7.2270101183218149e-01	-0.0000000000000000e+00	-0.0000000000000000e+00	3.8147847477543296e-07	6.9999999999999996e-01	0.0000000000000000e+00	-1.5908195384517703e+00	-1.8443753847063150e+07	-3.3543473048703626e+07	0.0000000000000000e+00	-0.0000000000000000e+00	0.0000000000000000e+00	0.0000000000000000e+00	0.0000000000000000e+00	0.0000000000000000e+00	0.0000000000000000e+00	0.0000000000000000e+00	0.0000000000000000e+00	
7.2365318707833726e-01	-0.0000000000000000e+00	-0.0000000000000000e+00	3.8147847477543296e-07	6.9999999999999996e-01	0.0000000000000000e+00	-1.5908195384517703e+00	-1.8443753847063150e+07	-3.3543473048703626e+07	0.0000000000000000e+00	-0.0000000000000000e+00	0.0000000000000000e+00	0.0000000000000000e+00	0.0000000000000000e+00	0.0000000000000000e+00	0.0000000000000000e+00	0.0000000000000000e+00	0.0000000000000000e+00	
7.2460536232449291e-01	-0.0000000000000000e+00	-0.0000000000000000e+00	4.3231548250911897e-07	6.9999999999999996e-01	0.0000000000000000e+00	-1.8210707890517843e+00	-1.8443753284183554e+07	-3.3543471759666760e+07	0.0000000000000000e+00	-0.0000000000000000e+00	0.0000000000000000e+00	0.0000000000000000e+00	0.0000000000000000e+00	0.0000000000000000e+00	0.0000000000000000e+00	0.0000000000000000e+00	0.0000000000000000e+00	
7.2555753757064867e-01	-0.0000000000000000e+00	-0.0000000000000000e+00	4.3231548250911897e-07	6.9999999999999996e-01	0.0000000000000000e+00	-1.8210707890517843e+00	-1.8443753284183554e+07	-3.3543471759666760e+07	0.0000000000000000e+00	-0.0000000000000000e+00	0.0000000000000000e+00	0.0000000000000000e+00	0.0000000000000000e+00	0.0000000000000000e+00	0.0000000000000000e+00	0.0000000000000000e+00	0.0000000000000000e+00	
7.2650971281680432e-01	-0.0000000000000000e+00	-0.0000000000000000e+00	4.6813295308014876e-07	6.9999999999999996e-01	0.0000000000000000e+00	-2.0652669160044854e+00	-1.8443752968337096e+07	-3.3543470519225173e+07	0.0000000000000000e+00	-0.0000000000000000e+00	0.0000000000000000e+00	0.0000000000000000e+00	0.0000000000000000e+00	0.0000000000000000e+00	0.0000000000000000e+00	0.0000000000000000e+00	0.0000000000000000e+00	
7.2746188806296008e-01	-0.0000000000000000e+00	-0.0000000000000000e+00	4.6813295308014876e-07	6.9999999999999996e-01	0.0000000000000000e+00	-2.0652669160044854e+00	-1.8443752968337096e+07	-3.3543470519225173e+07	0.0000000000000000e+00	-0.0000000000000000e+00	0.0000000000000000e+00	0.0000000000000000e+00	0.0000000000000000e+00	0.0000000000000000e+00	0.0000000000000000e+00	0.0000000000000000e+00	0.0000000000000000e+00	
7.2841406330911573e-01	-0.0000000000000000e+00	-0.0000000000000000e+00	4.9291573482548451e-07	6.9999999999999996e-01	0.0000000000000000e+00	-2.1826406369680980e+00	-1.8443752580846380e+07	-3.3543469315203447e+07	0.0000000000000000e+00	-0.0000000000000000e+00	0.0000000000000000e+00	0.0000000000000000e+00	0.0000000000000000e+00	0.0000000000000000e+00	0.0000000000000000e+00	0.0000000000000000e+00	0.0000000000000000e+00	
7.2936623855527150e-01	-0.0000000000000000e+00	-0.0000000000000000e+00	4.9291573482548451e-07	6.9999999999999996e-01	0.0000000000000000e+00	-2.1826406369680980e+00	-1.8443752580846380e+07	-3.3543469315203447e+07	0.0000000000000000e+00	-0.0000000000000000e+00	0.0000000000000000e+00	0.0000000000000000e+00	0.0000000000000000e+00	0.0000000000000000e+00	0.0000000000000000e+00	0.0000000000000000e+00	0.0000000000000000e+00	
7.3031841380142715e-01	-0.0000000000000000e+00	-0.0000000000000000e+00	5.0399362465119789e-07	6.9999999999999996e-01	0.0000000000000000e+00	-2.2640067761562470e+00	-1.8443752372010618e+07	-3.3543468274321966e+07	0.0000000000000000e+00	-0.0000000000000000e+00	0.0000000000000000e+00	0.0000000000000000e+00	0.0000000000000000e+00	0.0000000000000000e+00	0.0000000000000000e+00	0.0000000000000000e+00	0.0000000000000000e+00	
7.3127058904758291e-01	-0.0000000000000000e+00	-0.0000000000000000e+00	5.0399362465119789e-07	6.9999999999999996e-01	0.0000000000000000e+00	-2.2640067761562470e+00	-1.8443752372010618e+07	-3.3543468274321966e+07	0.0000000000000000e+00	-0.0000000000000000e+00	0.0000000000000000e+00	0.0000000000000000e+00	0.0000000000000000e+00	0.0000000000000000e+00	0.0000000000000000e+00	0.0000000000000000e+00	0.0000000000000000e+00	
7.3222276429373856e-01	-0.0000000000000000e+00	-0.0000000000000000e+00	4.9698869400209602e-07	6.9999999999999996e-01	0.0000000000000000e+00	-2.2713375322858118e+00	-1.8443752201355979e+07	-3.3543467292276815e+07	0.0000000000000000e+00	-0.0000000000000000e+00	0.0000000000000000e+00	0.0000000000000000e+00	0.0000000000000000e+00	0.0000000000000000e+00	0.0000000000000000e+00	0.0000000000000000e+00	0.0000000000000000e+00	
7.3317493953989432e-01	-0.0000000000000000e+00	-0.0000000000000000e+00	4.9698869400209602e-07	6.9999999999999996e-01	0.0000000000000000e+00	-2.2713375322858118e+00	-1.8443752201355979e+07	-3.3543467292276815e+07	0.0000000000000000e+00	-0.0000000000000000e+00	0.0000000000000000e+00	0.0000000000000000e+00	0.0000000000000000e+00	0.0000000000000000e+00	0.0000000000000000e+00	0.0000000000000000e+00	0.0000000000000000e+00	
7.3412711478604997e-01	-0.0000000000000000e+00	-0.0000000000000000e+00	4.7922432645679888e-07	6.9999999999999996e-01	0.0000000000000000e+00	-2.2017990162947161e+00	-1.8443752117556382e+07	-3.3543466570040949e+07	0.0000000000000000e+00	-0.0000000000000000e+00	0.0000000000000000e+00	0.0000000000000000e+00	0.0000000000000000e+00	0.0000000000000000e+00	0.0000000000000000e+00	0.0000000000000000e+00	0.0000000000000000e+00	
7.3507929003220573e-01	-0.0000000000000000e+00	-0.0000000000000000e+00	4.7922432645679888e-07	6.9999999999999996e-01	0.0000000000000000e+00	-2.2017990162947161e+00	-1.8443752117556382e+07	-3.3543466570040949e+07	0.0000000000000000e+00	-0.0000000000000000e+00	0.0000000000000000e+00	0.0000000000000000e+00	0.0000000000000000e+00	0.0000000000000000e+00	0.0000000000000000e+00	0.0000000000000000e+00	0.0000000000000000e+00	
7.3603146527836139e-01	-0.0000000000000000e+00	-0.0000000000000000e+00	4.3882427632551376e-07	6.9999999999999996e-01	0.0000000000000000e+00	-2.1230166346312513e+00	-1.8443752166233506e+07	-3.3543465944273558e+07	0.0000000000000000e+00	-0.0000000000000000e+00	0.0000000000000000e+00	0.0000000000000000e+00	0.0000000000000000e+00	0.0000000000000000e+00	0.0000000000000000e+00	0.0000000000000000e+00	0.0000000000000000e+00	
7.3698364052451715e-01	-0.0000000000000000e+00	-0.0000000000000000e+00	4.3882427632551376e-07	6.9999999999999996e-01	0.0000000000000000e+00	-2.1230166346312513e+00	-1.8443752166233506e+07	-3.3543465944273558e+07	0.0000000000000000e+00	-0.0000000000000000e+00	0.0000000000000000e+00	0.0000000000000000e+00	0.0000000000000000e+00	0.0000000000000000e+00	0.0000000000000000e+00	0.0000000000000000e+00	0.0000000000000000e+00	
7.3793581577067280e-01	-0.0000000000000000e+00	-0.0000000000000000e+00	3.9143637509260341e-07	6.9999999999999996e-01	0.0000000000000000e+00	-1.9395030114845511e+00	-1.8443752212064695e+07	-3.3543465650461990e+07	0.0000000000000000e+00	-0.0000000000000000e+00	0.0000000000000000e+00	0.0000000000000000e+00	0.0000000000000000e+00	0.0000000000000000e+00	0.0000000000000000e+00	0.0000000000000000e+00	0.0000000000000000e+00	
7.3888799101682856e-01	-0.0000000000000000e+00	-0.0000000000000000e+00	3.9143637509260341e-07	6.9999999999999996e-01	0.0000000000000000e+00	-1.9395030114845511e+00	-1.8443752212064695e+07	-3.3543465650461990e+07	0.0000000000000000e+00	-0.0000000000000000e+00	0.0000000000000000e+00	0.0000000000000000e+00	0.0000000000000000e+00	0.0000000000000000e+00	0.0000000000000000e+00	0.0000000000000000e+00	0.0000000000000000e+00	
7.3984016626298421e-01	-0.0000000000000000e+00	-0.0000000000000000e+00	3.1974247251001960e-07	6.9999999999999996e-01	0.0000000000000000e+00	-1.8078739369310730e+00	-1.8443752459821444e+07	-3.3543465496237993e+07	0.0000000000000000e+00	-0.0000000000000000e+00	0.0000000000000000e+00	0.0000000000000000e+00	0.0000000000000000e+00	0.0000000000000000e+00	0.0000000000000000e+00	0.0000000000000000e+00	0.0000000000000000e+00	
7.4079234150913997e-01	-0.0000000000000000e+00	-0.0000000000000000e+00	3.1974247251001960e-07	6.9999999999999996e-01	0.0000000000000000e+00	-1.8078739369310730e+00	-1.8443752459821444e+07	-3.3543465496237993e+07	0.0000000000000000e+00	-0.0000000000000000e+00	0.0000000000000000e+00	0.0000000000000000e+00	0.0000000000000000e+00	0.0000000000000000e+00	0.0000000000000000e+00	0.0000000000000000e+00	0.0000000000000000e+00	
7.4174451675529562e-01	-0.0000000000000000e+00	-0.0000000000000000e+00	2.4505725722450275e-07	6.9999999999999996e-01	0.0000000000000000e+00	-1.5581766704533162e+00	-1.8443752638846755e+07	-3.3543465716783933e+07	0.0000000000000000e+00	-0.0000000000000000e+00	0.0000000000000000e+00	0.0000000000000000e+00	0.0000000000000000e+00	0.0000000000000000e+00	0.0000000000000000e+00	0.0000000000000000e+00	0.0000000000000000e+00	
7.4269669200145139e-01	-0.0000000000000000e+00	-0.0000000000000000e+00	2.4505725722450275e-07	6.9999999999999996e-01	0.0000000000000000e+00	-1.5581766704533162e+00	-1.8443752638846755e+07	-3.3543465716783933e+07	0.0000000000000000e+00	-0.0000000000000000e+00	0.0000000000000000e+00	0.0000000000000000e+00	0.0000000000000000e+00	0.0000000000000000e+00	0.0000000000000000e+00	0.0000000000000000e+00	0.0000000000000000e+00	
7.4364886724760704e-01	-0.0000000000000000e+00	-0.0000000000000000e+00	1.4715106661440259e-07	6.9999999999999996e-01	0.0000000000000000e+00	-1.4034967553363618e+00	-1.8443753063032225e+07	-3.3543466106694087e+07	0.0000000000000000e+00	-0.0000000000000000e+00	0.0000000000000000e+00	0.0000000000000000e+00	0.0000000000000000e+00	0.0000000000000000e+00	0.0000000000000000e+00	0.0000000000000000e+00	0.0000000000000000e+00	
7.4460104249376280e-01	-0.0000000000000000e+00	-0.0000000000000000e+00	1.4715106661440259e-07	6.9999999999999996e-01	0.0000000000000000e+00	-1.4034967553363618e+00	-1.8443753063032225e+07	-3.3543466106694087e+07	0.0000000000000000e+00	-0.0000000000000000e+00	0.0000000000000000e+00	0.0000000000000000e+00	0.0000000000000000e+00	0.0000000000000000e+00	0.0000000000000000e+00	0.0000000000000000e+00	0.0000000000000000e+00	
7.4555321773991845e-01	-0.0000000000000000e+00	-0.0000000000000000e+00	5.0372220936864524e-08	6.9999999999999996e-01	0.0000000000000000e+00	-1.1312939469848815e+00	-1.8443753385518711e+07	-3.3543466879754245e+07	0.0000000000000000e+00	-0.0000000000000000e+00	0.0000000000000000e+00	0.0000000000000000e+00	0.0000000000000000e+00	0.0000000000000000e+00	0.0000000000000000e+00	0.0000000000000000e+00	0.0000000000000000e+00	
7.4650539298607421e-01	-0.0000000000000000e+00	-0.0000000000000000e+00	5.0372220936864524e-08	6.9999999999999996e-01	0.0000000000000000e+00	-1.1312939469848815e+00	-1.8443753385518711e+07	-3.3543466879754245e+07	0.0000000000000000e+00	-0.0000000000000000e+00	0.0000000000000000e+00	0.0000000000000000e+00	0.0000000000000000e+00	0.0000000000000000e+00	0.0000000000000000e+00	0.0000000000000000e+00	0.0000000000000000e+00	
7.4745756823222986e-01	-0.0000000000000000e+00	-0.0000000000000000e+00	-6.6150275453873193e-08	6.9999999999999996e-01	0.0000000000000000e+00	-9.7113754241353045e-01	-1.8443753973318934e+07	-3.3543467816538792e+07	0.0000000000000000e+00	-0.0000000000000000e+00	0.0000000000000000e+00	0.0000000000000000e+00	0.0000000000000000e+00	0.0000000000000000e+00	0.0000000000000000e+00	0.0000000000000000e+00	0.0000000000000000e+00	
7.4840974347838563e-01	-0.0000000000000000e+00	-0.0000000000000000e+00	-6.6150275453873193e-08	6.9999999999999996e-01	0.0000000000000000e+00	-9.7113754241353045e-01	-1.8443753973318934e+07	-3.3543467816538792e+07	0.0000000000000000e+00	-0.0000000000000000e+00	0.0000000000000000e+00	0.0000000000000000e+00	0.0000000000000000e+00	0.0000000000000000e+00	0.0000000000000000e+00	0.0000000000000000e+00	0.0000000000000000e+00	
7.4936191872454128e-01	-0.0000000000000000e+00	-0.0000000000000000e+00	-1.7690428234286906e-07	6.9999999999999996e-01	0.0000000000000000e+00	-7.0536130897923244e-01	-1.8443754451635398e+07	-3.3543469105538446e+07	0.0000000000000000e+00	-0.0000000000000000e+00	0.0000000000000000e+00	0.0000000000000000e+00	0.0000000000000000e+00	0.0000000000000000e+00	0.0000000000000000e+00	0.0000000000000000e+00	0.0000000000000000e+00	
7.5031409397069704e-01	-0.0000000000000000e+00	-0.0000000000000000e+00	-1.7690428234286906e-07	6.9999999999999996e-01	0.0000000000000000e+00	-7.0536130897923244e-01	-1.8443754451635398e+07	-3.3543469105538446e+07	0.0000000000000000e+00	-0.0000000000000000e+00	0.0000000000000000e+00	0.0000000000000000e+00	0.0000000000000000e+00	0.0000000000000000e+00	0.0000000000000000e+00	0.0000000000000000e+00	0.0000000000000000e+00	
7.5126626921685269e-01	-0.0000000000000000e+00	-0.0000000000000000e+00	-3.0188447526727519e-07	6.9999999999999996e-01	0.0000000000000000e+00	-5.4391170936983546e-01	-1.8443755194977287e+07	-3.3543470500684481e+07	0.0000000000000000e+00	-0.0000000000000000e+00	0.0000000000000000e+00	0.0000000000000000e+00	0.0000000000000000e+00	0.0000000000000000e+00	0.0000000000000000e+00	0.0000000000000000e+00	0.0000000000000000e+00	
7.5221844446300845e-01	-0.0000000000000000e+00	-0.0000000000000000e+00	-3.0188447526727519e-07	6.9999999999999996e-01	0.0000000000000000e+00	-5.4391170936983546e-01	-1.8443755194977287e+07	-3.3543470500684481e+07	0.0000000000000000e+00	-0.0000000000000000e+00	0.0000000000000000e+00	0.0000000000000000e+00	0.0000000000000000e+00	0.0000000000000000e+00	0.0000000000000000e+00	0.0000000000000000e+00	0.0000000000000000e+00	
7.5317061970916410e-01	-0.0000000000000000e+00	-0.0000000000000000e+00	-4.1540050313890959e-07	6.9999999999999996e-01	0.0000000000000000e+00	-2.9579227942297875e-01	-1.8443755825141586e+07	-3.3543472175457411e+07	0.0000000000000000e+00	-0.0000000000000000e+00	0.0000000000000000e+00	0.0000000000000000e+00	0.0000000000000000e+00	0.0000000000000000e+00	0.0000000000000000e+00	0.0000000000000000e+00	0.0000000000000000e+00	
7.5412279495531986e-01	-0.0000000000000000e+00	-0.0000000000000000e+00	-4.1540050313890959e-07	6.9999999999999996e-01	0.0000000000000000e+00	-2.9579227942297875e-01	-1.8443755825141586e+07	-3.3543472175457411e+07	0.0000000000000000e+00	-0.0000000000000000e+00	0.0000000000000000e+00	0.0000000000000000e+00	0.0000000000000000e+00	0.0000000000000000e+00	0.0000000000000000e+00	0.0000000000000000e+00	0.0000000000000000e+00	
7.5507497020147551e-01	-0.0000000000000000e+00	-0.0000000000000000e+00	-5.3585848385361597e-07	6.9999999999999996e-01	0.0000000000000000e+00	-1.3053160729000460e-01	-1.8443756698289473e+07	-3.3543473845359918e+07	0.0000000000000000e+00	-0.0000000000000000e+00	0.0000000000000000e+00	0.0000000000000000e+00	0.0000000000000000e+00	0.0000000000000000e+00	0.0000000000000000e+00	0.0000000000000000e+00	0.0000000000000000e+00	
7.5602714544763128e-01	-0.0000000000000000e+00	-0.0000000000000000e+00	-5.3585848385361597e-07	6.9999999999999996e-01	0.0000000000000000e+00	-1.3053160729000460e-01	-1.8443756698289473e+07	-3.3543473845359918e+07	0.0000000000000000e+00	-0.0000000000000000e+00	0.0000000000000000e+00	0.0000000000000000e+00	0.0000000000000000e+00	0.0000000000000000e+00	0.0000000000000000e+00	0.0000000000000000e+00	0.0000000000000000e+00	
7.5697932069378693e-01	-0.0000000000000000e+00	-0.0000000000000000e+00	-6.3802587827630927e-07	6.9999999999999996e-01	0.0000000000000000e+00	1.0123085329237935e-01	-1.8443757434683736e+07	-3.3543475684239652e+07	0.0000000000000000e+00	-0.0000000000000000e+00	0.0000000000000000e+00	0.0000000000000000e+00	0.0000000000000000e+00	0.0000000000000000e+00	0.0000000000000000e+00	0.0000000000000000e+00	0.0000000000000000e+00	
7.5793149593994269e-01	-0.0000000000000000e+00	-0.0000000000000000e+00	-6.3802587827630927e-07	6.9999999999999996e-01	0.0000000000000000e+00	1.0123085329237935e-01	-1.8443757434683736e+07	-3.3543475684239652e+07	0.0000000000000000e+00	-0.0000000000000000e+00	0.0000000000000000e+00	0.0000000000000000e+00	0.0000000000000000e+00	0.0000000000000000e+00	0.0000000000000000e+00	0.0000000000000000e+00	0.0000000000000000e+00	
7.5888367118609834e-01	-0.0000000000000000e+00	-0.0000000000000000e+00	-7.3841630582323932e-07	6.9999999999999996e-01	0.0000000000000000e+00	2.6873582721556877e-01	-1.8443758365261439e+07	-3.3543477373221442e+07	0.0000000000000000e+00	-0.0000000000000000e+00	0.0000000000000000e+00	0.0000000000000000e+00	0.0000000000000000e+00	0.0000000000000000e+00	0.0000000000000000e+00	0.0000000000000000e+00	0.0000000000000000e+00	
7.5983584643225410e-01	-0.0000000000000000e+00	-0.0000000000000000e+00	-7.3841630582323932e-07	6.9999999999999996e-01	0.0000000000000000e+00	2.6873582721556877e-01	-1.8443758365261439e+07	-3.3543477373221442e+07	0.0000000000000000e+00	-0.0000000000000000e+00	0.0000000000000000e+00	0.0000000000000000e+00	0.0000000000000000e+00	0.0000000000000000e+00	0.0000000000000000e+00	0.0000000000000000e+00	0.0000000000000000e+00	
7.6078802167840975e-01	-0.0000000000000000e+00	-0.0000000000000000e+00	-8.1345749990349808e-07	6.9999999999999996e-01	0.0000000000000000e+00	4.8792971824372999e-01	-1.8443759102736048e+07	-3.3543479095455006e+07	0.0000000000000000e+00	-0.0000000000000000e+00	0.0000000000000000e+00	0.0000000000000000e+00	0.0000000000000000e+00	0.0000000000000000e+00	0.0000000000000000e+00	0.0000000000000000e+00	0.0000000000000000e+00	
7.6174019692456552e-01	-0.0000000000000000e+00	-0.0000000000000000e+00	-8.1345749990349808e-07	6.9999999999999996e-01	0.0000000000000000e+00	4.8792971824372999e-01	-1.8443759102736048e+07	-3.3543479095455006e+07	0.0000000000000000e+00	-0.0000000000000000e+00	0.0000000000000000e+00	0.0000000000000000e+00	0.0000000000000000e+00	0.0000000000000000e+00	0.0000000000000000e+00	0.0000000000000000e+00	0.0000000000000000e+00	
7.6269237217072117e-01	-0.0000000000000000e+00	-0.0000000000000000e+00	-8.7718367246693539e-07	6.9999999999999996e-01	0.0000000000000000e+00	6.4415765687501370e-01	-1.8443759953563079e+07	-3.3543480526876219e+07	0.0000000000000000e+00	-0.0000000000000000e+00	0.0000000000000000e+00	0.0000000000000000e+00	0.0000000000000000e+00	0.0000000000000000e+00	0.0000000000000000e+00	0.0000000000000000e+00	0.0000000000000000e+00	
7.6364454741687693e-01	-0.0000000000000000e+00	-0.0000000000000000e+00	-8.7718367246693539e-07	6.9999999999999996e-01	0.0000000000000000e+00	6.4415765687501370e-01	-1.8443759953563079e+07	-3.3543480526876219e+07	0.0000000000000000e+00	-0.0000000000000000e+00	0.0000000000000000e+00	0.0000000000000000e+00	0.0000000000000000e+00	0.0000000000000000e+00	0.0000000000000000e+00	0.0000000000000000e+00	0.0000000000000000e+00	
7.6459672266303258e-01	-0.0000000000000000e+00	-0.0000000000000000e+00	-9.1023438634332892e-07	6.9999999999999996e-01	0.0000000000000000e+00	8.4871980982412987e-01	-1.8443760529862490e+07	-3.3543481855680700e+07	0.0000000000000000e+00	-0.0000000000000000e+00	0.0000000000000000e+00	0.0000000000000000e+00	0.0000000000000000e+00	0.0000000000000000e+00	0.0000000000000000e+00	0.0000000000000000e+00	0.0000000000000000e+00	
7.6554889790918834e-01	-0.0000000000000000e+00	-0.0000000000000000e+00	-9.1023438634332892e-07	6.9999999999999996e-01	0.0000000000000000e+00	8.4871980982412987e-01	-1.8443760529862490e+07	-3.3543481855680700e+07	0.0000000000000000e+00	-0.0000000000000000e+00	0.0000000000000000e+00	0.0000000000000000e+00	0.0000000000000000e+00	0.0000000000000000e+00	0.0000000000000000e+00	0.0000000000000000e+00	0.0000000000000000e+00	
7.6650107315534399e-01	-0.0000000000000000e+00	-0.0000000000000000e+00	-9.2278382110780395e-07	6.9999999999999996e-01	0.0000000000000000e+00	9.7034464712565882e-01	-1.8443761108698905e+07	-3.3543482802167304e+07	0.0000000000000000e+00	-0.0000000000000000e+00	0.0000000000000000e+00	0.0000000000000000e+00	0.0000000000000000e+00	0.0000000000000000e+00	0.0000000000000000e+00	0.0000000000000000e+00	0.0000000000000000e+00	
7.6745324840149975e-01	-0.0000000000000000e+00	-0.0000000000000000e+00	-9.2278382110780395e-07	6.9999999999999996e-01	0.0000000000000000e+00	9.7034464712565882e-01	-1.8443761108698905e+07	-3.3543482802167304e+07	0.0000000000000000e+00	-0.0000000000000000e+00	0.0000000000000000e+00	0.0000000000000000e+00	0.0000000000000000e+00	0.0000000000000000e+00	0.0000000000000000e+00	0.0000000000000000e+00	0.0000000000000000e+00	
7.6840542364765541e-01	-0.0000000000000000e+00	-0.0000000000000000e+00	-9.0356312400904248e-07	6.9999999999999996e-01	0.0000000000000000e+00	1.1520398823706217e+00	-1.8443761334164020e+07	-3.3543483544467300e+07	0.0000000000000000e+00	-0.0000000000000000e+00	0.0000000000000000e+00	0.0000000000000000e+00	0.0000000000000000e+00	0.0000000000000000e+00	0.0000000000000000e+00	0.0000000000000000e+00	0.0000000000000000e+00	
7.6935759889381117e-01	-0.0000000000000000e+00	-0.0000000000000000e+00	-9.0356312400904248e-07	6.9999999999999996e-01	0.0000000000000000e+00	1.1520398823706217e+00	-1.8443761334164020e+07	-3.3543483544467300e+07	0.0000000000000000e+00	-0.0000000000000000e+00	0.0000000000000000e+00	0.0000000000000000e+00	0.0000000000000000e+00	0.0000000000000000e+00	0.0000000000000000e+00	0.0000000000000000e+00	0.0000000000000000e+00	
7.7030977413996682e-01	-0.0000000000000000e+00	-0.0000000000000000e+00	-8.5683510868335863e-07	6.9999999999999996e-01	0.0000000000000000e+00	1.2194903797981580e+00	-1.8443761439453568e+07	-3.3543483897129823e+07	0.0000000000000000e+00	-0.0000000000000000e+00	0.0000000000000000e+00	0.0000000000000000e+00	0.0000000000000000e+00	0.0000000000000000e+00	0.0000000000000000e+00	0.0000000000000000e+00	0.0000000000000000e+00	
7.7126194938612258e-01	-0.0000000000000000e+00	-0.0000000000000000e+00	-8.5683510868335863e-07	6.9999999999999996e-01	0.0000000000000000e+00	1.2194903797981580e+00	-1.8443761439453568e+07	-3.3543483897129823e+07	0.0000000000000000e+00	-0.0000000000000000e+00	0.0000000000000000e+00	0.0000000000000000e+00	0.0000000000000000e+00	0.0000000000000000e+00	0.0000000000000000e+00	0.0000000000000000e+00	0.0000000000000000e+00	
7.7221412463227823e-01	-0.0000000000000000e+00	-0.0000000000000000e+00	-7.8353308351400039e-07	6.9999999999999996e-01	0.0000000000000000e+00	1.3726401746377033e+00	-1.8443761152973361e+07	-3.3543484009427547e+07	0.0000000000000000e+00	-0.0000000000000000e+00	0.0000000000000000e+00	0.0000000000000000e+00	0.0000000000000000e+00	0.0000000000000000e+00	0.0000000000000000e+00	0.0000000000000000e+00	0.0000000000000000e+00	
7.7316629987843399e-01	-0.0000000000000000e+00	-0.0000000000000000e+00	-7.8353308351400039e-07	6.9999999999999996e-01	0.0000000000000000e+00	1.3726401746377033e+00	-1.8443761152973361e+07	-3.3543484009427547e+07	0.0000000000000000e+00	-0.0000000000000000e+00	0.0000000000000000e+00	0.0000000000000000e+00	0.0000000000000000e+00	0.0000000000000000e+00	0.0000000000000000e+00	0.0000000000000000e+00	0.0000000000000000e+00	
7.7411847512458964e-01	-0.0000000000000000e+00	-0.0000000000000000e+00	-6.7985522504265800e-07	6.9999999999999996e-01	0.0000000000000000e+00	1.3876511456739467e+00	-1.8443760645409435e+07	-3.3543483818611283e+07	0.0000000000000000e+00	-0.0000000000000000e+00	0.0000000000000000e+00	0.0000000000000000e+00	0.0000000000000000e+00	0.0000000000000000e+00	0.0000000000000000e+00	0.0000000000000000e+00	0.0000000000000000e+00	
7.7507065037074541e-01	-0.0000000000000000e+00	-0.0000000000000000e+00	-6.7985522504265800e-07	6.9999999999999996e-01	0.0000000000000000e+00	1.3876511456739467e+00	-1.8443760645409435e+07	-3.3543483818611283e+07	0.0000000000000000e+00	-0.0000000000000000e+00	0.0000000000000000e+00	0.0000000000000000e+00	0.0000000000000000e+00	0.0000000000000000e+00	0.0000000000000000e+00	0.0000000000000000e+00	0.0000000000000000e+00	
7.7602282561690106e-01	-0.0000000000000000e+00	-0.0000000000000000e+00	-5.6150888644178452e-07	6.9999999999999996e-01	0.0000000000000000e+00	1.5192499088855749e+00	-1.8443759779344197e+07	-3.3543483427347958e+07	0.0000000000000000e+00	-0.0000000000000000e+00	0.0000000000000000e+00	0.0000000000000000e+00	0.0000000000000000e+00	0.0000000000000000e+00	0.0000000000000000e+00	0.0000000000000000e+00	0.0000000000000000e+00	
7.7697500086305682e-01	-0.0000000000000000e+00	-0.0000000000000000e+00	-5.6150888644178452e-07	6.9999999999999996e-01	0.0000000000000000e+00	1.5192499088855749e+00	-1.8443759779344197e+07	-3.3543483427347958e+07	0.0000000000000000e+00	-0.0000000000000000e+00	0.0000000000000000e+00	0.0000000000000000e+00	0.0000000000000000e+00	0.0000000000000000e+00	0.0000000000000000e+00	0.0000000000000000e+00	0.0000000000000000e+00	
7.7792717610921247e-01	-0.0000000000000000e+00	-0.0000000000000000e+00	-4.1504943898013171e-07	6.9999999999999996e-01	0.0000000000000000e+00	1.5133172366673655e+00	-1.8443758648296632e+07	-3.3543482892397914e+07	0.0000000000000000e+00	-0.0000000000000000e+00	0.0000000000000000e+00	0.0000000000000000e+00	0.0000000000000000e+00	0.0000000000000000e+00	0.0000000000000000e+00	0.0000000000000000e+00	0.0000000000000000e+00	
7.7887935135536823e-01	-0.0000000000000000e+00	-0.0000000000000000e+00	-4.1504943898013171e-07	6.9999999999999996e-01	0.0000000000000000e+00	1.5133172366673655e+00	-1.8443758648296632e+07	-3.3543482892397914e+07	0.0000000000000000e+00	-0.0000000000000000e+00	0.0000000000000000e+00	0.0000000000000000e+00	0.0000000000000000e+00	0.0000000000000000e+00	0.0000000000000000e+00	0.0000000000000000e+00	0.0000000000000000e+00	
7.7983152660152388e-01	-0.0000000000000000e+00	-0.0000000000000000e+00	-2.7049404436089389e-07	6.9999999999999996e-01	0.0000000000000000e+00	1.6429066730371458e+00	-1.8443757271343544e+07	-3.3543482252979800e+07	0.0000000000000000e+00	-0.0000000000000000e+00	0.0000000000000000e+00	0.0000000000000000e+00	0.0000000000000000e+00	0.0000000000000000e+00	0.0000000000000000e+00	0.0000000000000000e+00	0.0000000000000000e+00	
7.8078370184767965e-01	-0.0000000000000000e+00	-0.0000000000000000e+00	-2.7049404436089389e-07	6.9999999999999996e-01	0.0000000000000000e+00	1.6429066730371458e+00	-1.8443757271343544e+07	-3.3543482252979800e+07	0.0000000000000000e+00	-0.0000000000000000e+00	0.0000000000000000e+00	0.0000000000000000e+00	0.0000000000000000e+00	0.0000000000000000e+00	0.0000000000000000e+00	0.0000000000000000e+00	0.0000000000000000e+00	
7.8173587709383530e-01	-0.0000000000000000e+00	-0.0000000000000000e+00	-1.0435538112313890e-07	6.9999999999999996e-01	0.0000000000000000e+00	1.6665024982330674e+00	-1.8443755659262616e+07	-3.3543481655600339e+07	0.0000000000000000e+00	-0.0000000000000000e+00	0.0000000000000000e+00	0.0000000000000000e+00	0.0000000000000000e+00	0.0000000000000000e+00	0.0000000000000000e+00	0.0000000000000000e+00	0.0000000000000000e+00	
7.8268805233999106e-01	-0.0000000000000000e+00	-0.0000000000000000e+00	-1.0435538112313890e-07	6.9999999999999996e-01	0.0000000000000000e+00	1.6665024982330674e+00	-1.8443755659262616e+07	-3.3543481655600339e+07	0.0000000000000000e+00	-0.0000000000000000e+00	0.0000000000000000e+00	0.0000000000000000e+00	0.0000000000000000e+00	0.0000000000000000e+00	0.0000000000000000e+00	0.0000000000000000e+00	0.0000000000000000e+00	
7.8364022758614671e-01	-0.0000000000000000e+00	-0.0000000000000000e+00	4.2814803389566887e-08	6.9999999999999996e-01	0.0000000000000000e+00	1.8099952965132662e+00	-1.8443753971030075e+07	-3.3543481058341894e+07	0.0000000000000000e+00	-0.0000000000000000e+00	0.0000000000000000e+00	0.0000000000000000e+00	0.0000000000000000e+00	0.0000000000000000e+00	0.0000000000000000e+00	0.0000000000000000e+00	0.0000000000000000e+00	
7.8459240283230247e-01	-0.0000000000000000e+00	-0.0000000000000000e+00	4.2814803389566887e-08	6.9999999999999996e-01	0.0000000000000000e+00	1.8099952965132662e+00	-1.8443753971030075e+07	-3.3543481058341894e+07	0.0000000000000000e+00	-0.0000000000000000e+00	0.0000000000000000e+00	0.0000000000000000e+00	0.0000000000000000e+00	0.0000000000000000e+00	0.0000000000000000e+00	0.0000000000000000e+00	0.0000000000000000e+00	
7.8554457807845812e-01	-0.0000000000000000e+00	-0.0000000000000000e+00	2.0325228878475272e-07	6.9999999999999996e-01	0.0000000000000000e+00	1.9041653689563163e+00	-1.8443752140299369e+07	-3.3543480659290820e+07	0.0000000000000000e+00	-0.0000000000000000e+00	0.0000000000000000e+00	0.0000000000000000e+00	0.0000000000000000e+00	0.0000000000000000e+00	0.0000000000000000e+00	0.0000000000000000e+00	0.0000000000000000e+00	
7.8649675332461388e-01	-0.0000000000000000e+00	-0.0000000000000000e+00	2.0325228878475272e-07	6.9999999999999996e-01	0.0000000000000000e+00	1.9041653689563163e+00	-1.8443752140299369e+07	-3.3543480659290820e+07	0.0000000000000000e+00	-0.0000000000000000e+00	0.0000000000000000e+00	0.0000000000000000e+00	0.0000000000000000e+00	0.0000000000000000e+00	0.0000000000000000e+00	0.0000000000000000e+00	0.0000000000000000e+00	
7.8744892857076954e-01	-0.0000000000000000e+00	-0.0000000000000000e+00	3.3196769077434742e-07	6.9999999999999996e-01	0.0000000000000000e+00	2.0491181015637951e+00	-1.8443750417544890e+07	-3.3543480318115830e+07	0.0000000000000000e+00	-0.0000000000000000e+00	0.0000000000000000e+00	0.0000000000000000e+00	0.0000000000000000e+00	0.0000000000000000e+00	0.0000000000000000e+00	0.0000000000000000e+00	0.0000000000000000e+00	
7.8840110381692530e-01	-0.0000000000000000e+00	-0.0000000000000000e+00	3.3196769077434742e-07	6.9999999999999996e-01	0.0000000000000000e+00	2.0491181015637951e+00	-1.8443750417544890e+07	-3.3543480318115830e+07	0.0000000000000000e+00	-0.0000000000000000e+00	0.0000000000000000e+00	0.0000000000000000e+00	0.0000000000000000e+00	0.0000000000000000e+00	0.0000000000000000e+00	0.0000000000000000e+00	0.0000000000000000e+00	
7.8935327906308095e-01	-0.0000000000000000e+00	-0.0000000000000000e+00	4.6646923004313810e-07	6.9999999999999996e-01	0.0000000000000000e+00	2.2154411936598013e+00	-1.8443748678403471e+07	-3.3543480258390941e+07	0.0000000000000000e+00	-0.0000000000000000e+00	0.0000000000000000e+00	0.0000000000000000e+00	0.0000000000000000e+00	0.0000000000000000e+00	0.0000000000000000e+00	0.0000000000000000e+00	0.0000000000000000e+00	
7.9030545430923671e-01	-0.0000000000000000e+00	-0.0000000000000000e+00	4.6646923004313810e-07	6.9999999999999996e-01	0.0000000000000000e+00	2.2154411936598013e+00	-1.8443748678403471e+07	-3.3543480258390941e+07	0.0000000000000000e+00	-0.0000000000000000e+00	0.0000000000000000e+00	0.0000000000000000e+00	0.0000000000000000e+00	0.0000000000000000e+00	0.0000000000000000e+00	0.0000000000000000e+00	0.0000000000000000e+00	
7.9125762955539236e-01	-0.0000000000000000e+00	-0.0000000000000000e+00	5.6421900633411633e-07	6.9999999999999996e-01	0.0000000000000000e+00	2.3067820797624532e+00	-1.8443747202717256e+07	-3.3543480231080186e+07	0.0000000000000000e+00	-0.0000000000000000e+00	0.0000000000000000e+00	0.0000000000000000e+00	0.0000000000000000e+00	0.0000000000000000e+00	0.0000000000000000e+00	0.0000000000000000e+00	0.0000000000000000e+00	
7.9220980480154812e-01	-0.0000000000000000e+00	-0.0000000000000000e+00	5.6421900633411633e-07	6.9999999999999996e-01	0.0000000000000000e+00	2.3067820797624532e+00	-1.8443747202717256e+07	-3.3543480231080186e+07	0.0000000000000000e+00	-0.0000000000000000e+00	0.0000000000000000e+00	0.0000000000000000e+00	0.0000000000000000e+00	0.0000000000000000e+00	0.0000000000000000e+00	0.0000000000000000e+00	0.0000000000000000e+00	
7.9316198004770377e-01	-0.0000000000000000e+00	-0.0000000000000000e+00	6.6216277448796038e-07	6.9999999999999996e-01	0.0000000000000000e+00	2.4968459885530740e+00	-1.8443745841901496e+07	-3.3543480480222411e+07	0.0000000000000000e+00	-0.0000000000000000e+00	0.0000000000000000e+00	0.0000000000000000e+00	0.0000000000000000e+00	0.0000000000000000e+00	0.0000000000000000e+00	0.0000000000000000e+00	0.0000000000000000e+00	
7.9411415529385954e-01	-0.0000000000000000e+00	-0.0000000000000000e+00	6.6216277448796038e-07	6.9999999999999996e-01	0.0000000000000000e+00	2.4968459885530740e+00	-1.8443745841901496e+07	-3.3543480480222411e+07	0.0000000000000000e+00	-0.0000000000000000e+00	0.0000000000000000e+00	0.0000000000000000e+00	0.0000000000000000e+00	0.0000000000000000e+00	0.0000000000000000e+00	0.0000000000000000e+00	0.0000000000000000e+00	
7.9506633054001519e-01	-0.0000000000000000e+00	-0.0000000000000000e+00	7.2652944996599231e-07	6.9999999999999996e-01	0.0000000000000000e+00	2.4509469089126386e+00	-1.8443744847847305e+07	-3.3543480653214015e+07	0.0000000000000000e+00	-0.0000000000000000e+00	0.0000000000000000e+00	0.0000000000000000e+00	0.0000000000000000e+00	0.0000000000000000e+00	0.0000000000000000e+00	0.0000000000000000e+00	0.0000000000000000e+00	
7.9601850578617095e-01	-0.0000000000000000e+00	-0.0000000000000000e+00	7.2652944996599231e-07	6.9999999999999996e-01	0.0000000000000000e+00	2.4509469089126386e+00	-1.8443744847847305e+07	-3.3543480653214015e+07	0.0000000000000000e+00	-0.0000000000000000e+00	0.0000000000000000e+00	0.0000000000000000e+00	0.0000000000000000e+00	0.0000000000000000e+00	0.0000000000000000e+00	0.0000000000000000e+00	0.0000000000000000e+00	
7.9697068103232660e-01	-0.0000000000000000e+00	-0.0000000000000000e+00	7.8629295963047761e-07	6.9999999999999996e-01	0.0000000000000000e+00	2.5862455168758616e+00	-1.8443744090443604e+07	-3.3543481025425158e+07	0.0000000000000000e+00	-0.0000000000000000e+00	0.0000000000000000e+00	0.0000000000000000e+00	0.0000000000000000e+00	0.0000000000000000e+00	0.0000000000000000e+00	0.0000000000000000e+00	0.0000000000000000e+00	
7.9792285627848236e-01	-0.0000000000000000e+00	-0.0000000000000000e+00	7.8629295963047761e-07	6.9999999999999996e-01	0.0000000000000000e+00	2.5862455168758616e+00	-1.8443744090443604e+07	-3.3543481025425158e+07	0.0000000000000000e+00	-0.0000000000000000e+00	0.0000000000000000e+00	0.0000000000000000e+00	0.0000000000000000e+00	0.0000000000000000e+00	0.0000000000000000e+00	0.0000000000000000e+00	0.0000000000000000e+00	
7.9887503152463801e-01	-0.0000000000000000e+00	-0.0000000000000000e+00	8.2133273414480931e-07	6.9999999999999996e-01	0.0000000000000000e+00	2.3338017409179881e+00	-1.8443743751883447e+07	-3.3543481163698677e+07	0.0000000000000000e+00	-0.0000000000000000e+00	0.0000000000000000e+00	0.0000000000000000e+00	0.0000000000000000e+00	0.0000000000000000e+00	0.0000000000000000e+00	0.0000000000000000e+00	0.0000000000000000e+00	
7.9982720677079377e-01	-0.0000000000000000e+00	-0.0000000000000000e+00	8.2133273414480931e-07	6.9999999999999996e-01	0.0000000000000000e+00	2.3338017409179881e+00	-1.8443743751883447e+07	-3.3543481163698677e+07	0.0000000000000000e+00	-0.0000000000000000e+00	0.0000000000000000e+00	0.0000000000000000e+00	0.0000000000000000e+00	0.0000000000000000e+00	0.0000000000000000e+00	0.0000000000000000e+00	0.0000000000000000e+00	
8.0077938201694943e-01	-0.0000000000000000e+00	-0.0000000000000000e+00	8.4566485356416523e-07	6.9999999999999996e-01	0.0000000000000000e+00	2.3465725588355411e+00	-1.8443743757930152e+07	-3.3543481389934916e+07	0.0000000000000000e+00	-0.0000000000000000e+00	0.0000000000000000e+00	0.0000000000000000e+00	0.0000000000000000e+00	0.0000000000000000e+00	0.0000000000000000e+00	0.0000000000000000e+00	0.0000000000000000e+00	
8.0173155726310519e-01	-0.0000000000000000e+00	-0.0000000000000000e+00	8.4566485356416523e-07	6.9999999999999996e-01	0.0000000000000000e+00	2.3465725588355411e+00	-1.8443743757930152e+07	-3.3543481389934916e+07	0.0000000000000000e+00	-0.0000000000000000e+00	0.0000000000000000e+00	0.0000000000000000e+00	0.0000000000000000e+00	0.0000000000000000e+00	0.0000000000000000e+00	0.0000000000000000e+00	0.0000000000000000e+00	
8.0268373250926084e-01	-0.0000000000000000e+00	-0.0000000000000000e+00	8.5588984103943428e-07	6.9999999999999996e-01	0.0000000000000000e+00	1.8816102319839385e+00	-1.8443744196133628e+07	-3.3543481224192798e+07	0.0000000000000000e+00	-0.0000000000000000e+00	0.0000000000000000e+00	0.0000000000000000e+00	0.0000000000000000e+00	0.0000000000000000e+00	0.0000000000000000e+00	0.0000000000000000e+00	0.0000000000000000e+00	
8.0363590775541660e-01	-0.0000000000000000e+00	-0.0000000000000000e+00	8.5588984103943428e-07	6.9999999999999996e-01	0.0000000000000000e+00	1.8816102319839385e+00	-1.8443744196133628e+07	-3.3543481224192798e+07	0.0000000000000000e+00	-0.0000000000000000e+00	0.0000000000000000e+00	0.0000000000000000e+00	0.0000000000000000e+00	0.0000000000000000e+00	0.0000000000000000e+00	0.0000000000000000e+00	0.0000000000000000e+00	
8.0458808300157225e-01	-0.0000000000000000e+00	-0.0000000000000000e+00	8.4710431213489908e-07	6.9999999999999996e-01	0.0000000000000000e+00	1.7508184039832571e+00	-1.8443745061984763e+07	-3.3543481044470068e+07	0.0000000000000000e+00	-0.0000000000000000e+00	0.0000000000000000e+00	0.0000000000000000e+00	0.0000000000000000e+00	0.0000000000000000e+00	0.0000000000000000e+00	0.0000000000000000e+00	0.0000000000000000e+00	
8.0554025824772801e-01	-0.0000000000000000e+00	-0.0000000000000000e+00	8.4710431213489908e-07	6.9999999999999996e-01	0.0000000000000000e+00	1.7508184039832571e+00	-1.8443745061984763e+07	-3.3543481044470068e+07	0.0000000000000000e+00	-0.0000000000000000e+00	0.0000000000000000e+00	0.0000000000000000e+00	0.0000000000000000e+00	0.0000000000000000e+00	0.0000000000000000e+00	0.0000000000000000e+00	0.0000000000000000e+00	
8.0649243349388366e-01	-0.0000000000000000e+00	-0.0000000000000000e+00	8.3334184279213408e-07	6.9999999999999996e-01	0.0000000000000000e+00	1.1529301316641003e+00	-1.8443746342580117e+07	-3.3543480354167417e+07	0.0000000000000000e+00	-0.0000000000000000e+00	0.0000000000000000e+00	0.0000000000000000e+00	0.0000000000000000e+00	0.0000000000000000e+00	0.0000000000000000e+00	0.0000000000000000e+00	0.0000000000000000e+00	
8.0744460874003943e-01	-0.0000000000000000e+00	-0.0000000000000000e+00	8.3334184279213408e-07	6.9999999999999996e-01	0.0000000000000000e+00	1.1529301316641003e+00	-1.8443746342580117e+07	-3.3543480354167417e+07	0.0000000000000000e+00	-0.0000000000000000e+00	0.0000000000000000e+00	0.0000000000000000e+00	0.0000000000000000e+00	0.0000000000000000e+00	0.0000000000000000e+00	0.0000000000000000e+00	0.0000000000000000e+00	
8.0839678398619508e-01	-0.0000000000000000e+00	-0.0000000000000000e+00	7.9221771593988290e-07	6.9999999999999996e-01	0.0000000000000000e+00	9.0976824072030293e-01	-1.8443748073623136e+07	-3.3543479591645356e+07	0.0000000000000000e+00	-0.0000000000000000e+00	0.0000000000000000e+00	0.0000000000000000e+00	0.0000000000000000e+00	0.0000000000000000e+00	0.0000000000000000e+00	0.0000000000000000e+00	0.0000000000000000e+00	
8.0934895923235084e-01	-0.0000000000000000e+00	-0.0000000000000000e+00	7.9221771593988290e-07	6.9999999999999996e-01	0.0000000000000000e+00	9.0976824072030293e-01	-1.8443748073623136e+07	-3.3543479591645356e+07	0.0000000000000000e+00	-0.0000000000000000e+00	0.0000000000000000e+00	0.0000000000000000e+00	0.0000000000000000e+00	0.0000000000000000e+00	0.0000000000000000e+00	0.0000000000000000e+00	0.0000000000000000e+00	
8.1030113447850649e-01	-0.0000000000000000e+00	-0.0000000000000000e+00	7.5204258564168904e-07	6.9999999999999996e-01	0.0000000000000000e+00	3.1868219307079454e-01	-1.8443750173125099e+07	-3.3543478250998836e+07	0.0000000000000000e+00	-0.0000000000000000e+00	0.0000000000000000e+00	0.0000000000000000e+00	0.0000000000000000e+00	0.0000000000000000e+00	0.0000000000000000e+00	0.0000000000000000e+00	0.0000000000000000e+00	
8.1125330972466225e-01	-0.0000000000000000e+00	-0.0000000000000000e+00	7.5204258564168904e-07	6.9999999999999996e-01	0.0000000000000000e+00	3.1868219307079454e-01	-1.8443750173125099e+07	-3.3543478250998836e+07	0.0000000000000000e+00	-0.0000000000000000e+00	0.0000000000000000e+00	0.0000000000000000e+00	0.0000000000000000e+00	0.0000000000000000e+00	0.0000000000000000e+00	0.0000000000000000e+00	0.0000000000000000e+00	
8.1220548497081790e-01	-0.0000000000000000e+00	-0.0000000000000000e+00	6.8148760269425158e-07	6.9999999999999996e-01	0.0000000000000000e+00	1.4171348308588128e-02	-1.8443752621362485e+07	-3.3543476847168706e+07	0.0000000000000000e+00	-0.0000000000000000e+00	0.0000000000000000e+00	0.0000000000000000e+00	0.0000000000000000e+00	0.0000000000000000e+00	0.0000000000000000e+00	0.0000000000000000e+00	0.0000000000000000e+00	
8.1315766021697367e-01	-0.0000000000000000e+00	-0.0000000000000000e+00	6.8148760269425158e-07	6.9999999999999996e-01	0.0000000000000000e+00	1.4171348308588128e-02	-1.8443752621362485e+07	-3.3543476847168706e+07	0.0000000000000000e+00	-0.0000000000000000e+00	0.0000000000000000e+00	0.0000000000000000e+00	0.0000000000000000e+00	0.0000000000000000e+00	0.0000000000000000e+00	0.0000000000000000e+00	0.0000000000000000e+00	
8.1410983546312932e-01	-0.0000000000000000e+00	-0.0000000000000000e+00	6.1399692399856315e-07	6.9999999999999996e-01	0.0000000000000000e+00	-4.3691824343050611e-01	-1.8443755367564421e+07	-3.3543474833425649e+07	0.0000000000000000e+00	-0.0000000000000000e+00	0.0000000000000000e+00	0.0000000000000000e+00	0.0000000000000000e+00	0.0000000000000000e+00	0.0000000000000000e+00	0.0000000000000000e+00	0.0000000000000000e+00	
8.1506201070928508e-01	-0.0000000000000000e+00	-0.0000000000000000e+00	6.1399692399856315e-07	6.9999999999999996e-01	0.0000000000000000e+00	-4.3691824343050611e-01	-1.8443755367564421e+07	-3.3543474833425649e+07	0.0000000000000000e+00	-0.0000000000000000e+00	0.0000000000000000e+00	0.0000000000000000e+00	0.0000000000000000e+00	0.0000000000000000e+00	0.0000000000000000e+00	0.0000000000000000e+00	0.0000000000000000e+00	
8.1601418595544073e-01	-0.0000000000000000e+00	-0.0000000000000000e+00	5.2486828684091334e-07	6.9999999999999996e-01	0.0000000000000000e+00	-7.8368856451442515e-01	-1.8443758165255796e+07	-3.3543472853342336e+07	0.0000000000000000e+00	-0.0000000000000000e+00	0.0000000000000000e+00	0.0000000000000000e+00	0.0000000000000000e+00	0.0000000000000000e+00	0.0000000000000000e+00	0.0000000000000000e+00	0.0000000000000000e+00	
8.1696636120159649e-01	-0.0000000000000000e+00	-0.0000000000000000e+00	5.2486828684091334e-07	6.9999999999999996e-01	0.0000000000000000e+00	-7.8368856451442515e-01	-1.8443758165255796e+07	-3.3543472853342336e+07	0.0000000000000000e+00	-0.0000000000000000e+00	0.0000000000000000e+00	0.0000000000000000e+00	0.0000000000000000e+00	0.0000000000000000e+00	0.0000000000000000e+00	0.0000000000000000e+00	0.0000000000000000e+00	
8.1791853644775214e-01	-0.0000000000000000e+00	-0.0000000000000000e+00	4.3702442464448909e-07	6.9999999999999996e-01	0.0000000000000000e+00	-1.0444574878361352e+00	-1.8443761179096382e+07	-3.3543470250152055e+07	0.0000000000000000e+00	-0.0000000000000000e+00	0.0000000000000000e+00	0.0000000000000000e+00	0.0000000000000000e+00	0.0000000000000000e+00	0.0000000000000000e+00	0.0000000000000000e+00	0.0000000000000000e+00	
8.1887071169390790e-01	-0.0000000000000000e+00	-0.0000000000000000e+00	4.3702442464448909e-07	6.9999999999999996e-01	0.0000000000000000e+00	-1.0444574878361352e+00	-1.8443761179096382e+07	-3.3543470250152055e+07	0.0000000000000000e+00	-0.0000000000000000e+00	0.0000000000000000e+00	0.0000000000000000e+00	0.0000000000000000e+00	0.0000000000000000e+00	0.0000000000000000e+00	0.0000000000000000e+00	0.0000000000000000e+00	
8.1982288694006356e-01	-0.0000000000000000e+00	-0.0000000000000000e+00	3.5153174408286936e-07	6.9999999999999996e-01	0.0000000000000000e+00	-1.4832307983226825e+00	-1.8443763721751250e+07	-3.3543467881267849e+07	0.0000000000000000e+00	-0.0000000000000000e+00	0.0000000000000000e+00	0.0000000000000000e+00	0.0000000000000000e+00	0.0000000000000000e+00	0.0000000000000000e+00	0.0000000000000000e+00	0.0000000000000000e+00	
8.2077506218621932e-01	-0.0000000000000000e+00	-0.0000000000000000e+00	3.5153174408286936e-07	6.9999999999999996e-01	0.0000000000000000e+00	-1.4832307983226825e+00	-1.8443763721751250e+07	-3.3543467881267849e+07	0.0000000000000000e+00	-0.0000000000000000e+00	0.0000000000000000e+00	0.0000000000000000e+00	0.0000000000000000e+00	0.0000000000000000e+00	0.0000000000000000e+00	0.0000000000000000e+00	0.0000000000000000e+00	
8.2172723743237497e-01	-0.0000000000000000e+00	-0.0000000000000000e+00	2.6228884742359684e-07	6.9999999999999996e-01	0.0000000000000000e+00	-1.6308146283989020e+00	-1.8443766401318621e+07	-3.3543464912079178e+07	0.0000000000000000e+00	-0.0000000000000000e+00	0.0000000000000000e+00	0.0000000000000000e+00	0.0000000000000000e+00	0.0000000000000000e+00	0.0000000000000000e+00	0.0000000000000000e+00	0.0000000000000000e+00	
8.2267941267853073e-01	-0.0000000000000000e+00	-0.0000000000000000e+00	2.6228884742359684e-07	6.9999999999999996e-01	0.0000000000000000e+00	-1.6308146283989020e+00	-1.8443766401318621e+07	-3.3543464912079178e+07	0.0000000000000000e+00	-0.0000000000000000e+00	0.0000000000000000e+00	0.0000000000000000e+00	0.0000000000000000e+00	0.0000000000000000e+00	0.0000000000000000e+00	0.0000000000000000e+00	0.0000000000000000e+00	
8.2363158792468638e-01	-0.0000000000000000e+00	-0.0000000000000000e+00	2.1129782600676816e-07	6.9999999999999996e-01	0.0000000000000000e+00	-2.2726776390849257e+00	-1.8443767922788564e+07	-3.3543462468013536e+07	0.0000000000000000e+00	-0.0000000000000000e+00	0.0000000000000000e+00	0.0000000000000000e+00	0.0000000000000000e+00	0.0000000000000000e+00	0.0000000000000000e+00	0.0000000000000000e+00	0.0000000000000000e+00	
8.2458376317084214e-01	-0.0000000000000000e+00	-0.0000000000000000e+00	2.1129782600676816e-07	6.9999999999999996e-01	0.0000000000000000e+00	-2.2726776390849257e+00	-1.8443767922788564e+07	-3.3543462468013536e+07	0.0000000000000000e+00	-0.0000000000000000e+00	0.0000000000000000e+00	0.0000000000000000e+00	0.0000000000000000e+00	0.0000000000000000e+00	0.0000000000000000e+00	0.0000000000000000e+00	0.0000000000000000e+00	
8.2553593841699779e-01	-0.0000000000000000e+00	-0.0000000000000000e+00	1.4974635980157952e-07	6.9999999999999996e-01	0.0000000000000000e+00	-2.4934423197659279e+00	-1.8443769513860501e+07	-3.3543459550035778e+07	0.0000000000000000e+00	-0.0000000000000000e+00	0.0000000000000000e+00	0.0000000000000000e+00	0.0000000000000000e+00	0.0000000000000000e+00	0.0000000000000000e+00	0.0000000000000000e+00	0.0000000000000000e+00	
8.2648811366315356e-01	-0.0000000000000000e+00	-0.0000000000000000e+00	1.4974635980157952e-07	6.9999999999999996e-01	0.0000000000000000e+00	-2.4934423197659279e+00	-1.8443769513860501e+07	-3.3543459550035778e+07	0.0000000000000000e+00	-0.0000000000000000e+00	0.0000000000000000e+00	0.0000000000000000e+00	0.0000000000000000e+00	0.0000000000000000e+00	0.0000000000000000e+00	0.0000000000000000e+00	0.0000000000000000e+00	
8.2744028890930921e-01	-0.0000000000000000e+00	-0.0000000000000000e+00	1.6259604149485772e-07	6.9999999999999996e-01	0.0000000000000000e+00	-3.4511143509303928e+00	-1.8443769270813089e+07	-3.3543457467427101e+07	0.0000000000000000e+00	-0.0000000000000000e+00	0.0000000000000000e+00	0.0000000000000000e+00	0.0000000000000000e+00	0.0000000000000000e+00	0.0000000000000000e+00	0.0000000000000000e+00	0.0000000000000000e+00	
8.2839246415546497e-01	-0.0000000000000000e+00	-0.0000000000000000e+00	1.6259604149485772e-07	6.9999999999999996e-01	0.0000000000000000e+00	-3.4511143509303928e+00	-1.8443769270813089e+07	-3.3543457467427101e+07	0.0000000000000000e+00	-0.0000000000000000e+00	0.0000000000000000e+00	0.0000000000000000e+00	0.0000000000000000e+00	0.0000000000000000e+00	0.0000000000000000e+00	0.0000000000000000e+00	0.0000000000000000e+00	
8.2934463940162062e-01	-0.0000000000000000e+00	-0.0000000000000000e+00	1.5768043227449532e-07	6.9999999999999996e-01	0.0000000000000000e+00	-3.9563323597265234e+00	-1.8443769057963390e+07	-3.3543455230612617e+07	0.0000000000000000e+00	-0.0000000000000000e+00	0.0000000000000000e+00	0.0000000000000000e+00	0.0000000000000000e+00	0.0000000000000000e+00	0.0000000000000000e+00	0.0000000000000000e+00	0.0000000000000000e+00	
8.3029681464777638e-01	-0.0000000000000000e+00	-0.0000000000000000e+00	1.5768043227449532e-07	6.9999999999999996e-01	0.0000000000000000e+00	-3.9563323597265234e+00	-1.8443769057963390e+07	-3.3543455230612617e+07	0.0000000000000000e+00	-0.0000000000000000e+00	0.0000000000000000e+00	0.0000000000000000e+00	0.0000000000000000e+00	0.0000000000000000e+00	0.0000000000000000e+00	0.0000000000000000e+00	0.0000000000000000e+00	
8.3124898989393203e-01	-0.0000000000000000e+00	-0.0000000000000000e+00	2.4624595320922800e-07	6.9999999999999996e-01	0.0000000000000000e+00	-5.2525589379738751e+00	-1.8443766605815362e+07	-3.3543454033991076e+07	0.0000000000000000e+00	-0.0000000000000000e+00	0.0000000000000000e+00	0.0000000000000000e+00	0.0000000000000000e+00	0.0000000000000000e+00	0.0000000000000000e+00	0.0000000000000000e+00	0.0000000000000000e+00	
8.3220116514008780e-01	-0.0000000000000000e+00	-0.0000000000000000e+00	2.4624595320922800e-07	6.9999999999999996e-01	0.0000000000000000e+00	-5.2525589379738751e+00	-1.8443766605815362e+07	-3.3543454033991076e+07	0.0000000000000000e+00	-0.0000000000000000e+00	0.0000000000000000e+00	0.0000000000000000e+00	0.0000000000000000e+00	0.0000000000000000e+00	0.0000000000000000e+00	0.0000000000000000e+00	0.0000000000000000e+00	
8.3315334038624345e-01	-0.0000000000000000e+00	-0.0000000000000000e+00	3.0995798947322091e-07	6.9999999999999996e-01	0.0000000000000000e+00	-6.1569363272397810e+00	-1.8443764202604953e+07	-3.3543453252051216e+07	0.0000000000000000e+00	-0.0000000000000000e+00	0.0000000000000000e+00	0.0000000000000000e+00	0.0000000000000000e+00	0.0000000000000000e+00	0.0000000000000000e+00	0.0000000000000000e+00	0.0000000000000000e+00	
8.3410551563239921e-01	-0.0000000000000000e+00	-0.0000000000000000e+00	3.0995798947322091e-07	6.9999999999999996e-01	0.0000000000000000e+00	-6.1569363272397810e+00	-1.8443764202604953e+07	-3.3543453252051216e+07	0.0000000000000000e+00	-0.0000000000000000e+00	0.0000000000000000e+00	0.0000000000000000e+00	0.0000000000000000e+00	0.0000000000000000e+00	0.0000000000000000e+00	0.0000000000000000e+00	0.0000000000000000e+00	
8.3505769087855486e-01	-0.0000000000000000e+00	-0.0000000000000000e+00	4.5291350390028840e-07	6.9999999999999996e-01	0.0000000000000000e+00	-7.6423438845590468e+00	-1.8443759685529973e+07	-3.3543453470515851e+07	0.0000000000000000e+00	-0.0000000000000000e+00	0.0000000000000000e+00	0.0000000000000000e+00	0.0000000000000000e+00	0.0000000000000000e+00	0.0000000000000000e+00	0.0000000000000000e+00	0.0000000000000000e+00	
8.3600986612471062e-01	-0.0000000000000000e+00	-0.0000000000000000e+00	4.5291350390028840e-07	6.9999999999999996e-01	0.0000000000000000e+00	-7.6423438845590468e+00	-1.8443759685529973e+07	-3.3543453470515851e+07	0.0000000000000000e+00	-0.0000000000000000e+00	0.0000000000000000e+00	0.0000000000000000e+00	0.0000000000000000e+00	0.0000000000000000e+00	0.0000000000000000e+00	0.0000000000000000e+00	0.0000000000000000e+00	
8.3696204137086627e-01	-0.0000000000000000e+00	-0.0000000000000000e+00	5.6432795955572374e-07	6.9999999999999996e-01	0.0000000000000000e+00	-8.8553573637794223e+00	-1.8443755319923274e+07	-3.3543454887451388e+07	0.0000000000000000e+00	-0.0000000000000000e+00	0.0000000000000000e+00	0.0000000000000000e+00	0.0000000000000000e+00	0.0000000000000000e+00	0.0000000000000000e+00	0.0000000000000000e+00	0.0000000000000000e+00	
8.3791421661702203e-01	-0.0000000000000000e+00	-0.0000000000000000e+00	5.6432795955572374e-07	6.9999999999999996e-01	0.0000000000000000e+00	-8.8553573637794223e+00	-1.8443755319923274e+07	-3.3543454887451388e+07	0.0000000000000000e+00	-0.0000000000000000e+00	0.0000000000000000e+00	0.0000000000000000e+00	0.0000000000000000e+00	0.0000000000000000e+00	0.0000000000000000e+00	0.0000000000000000e+00	0.0000000000000000e+00	
8.3886639186317769e-01	-0.0000000000000000e+00	-0.0000000000000000e+00	7.0053193813954235e-07	6.9999999999999996e-01	0.0000000000000000e+00	-1.0180685600148383e+01	-1.8443749642348271e+07	-3.3543456927523091e+07	0.0000000000000000e+00	-0.0000000000000000e+00	0.0000000000000000e+00	0.0000000000000000e+00	0.0000000000000000e+00	0.0000000000000000e+00	0.0000000000000000e+00	0.0000000000000000e+00	0.0000000000000000e+00	
8.3981856710933345e-01	-0.0000000000000000e+00	-0.0000000000000000e+00	7.0053193813954235e-07	6.9999999999999996e-01	0.0000000000000000e+00	-1.0180685600148383e+01	-1.8443749642348271e+07	-3.3543456927523091e+07	0.0000000000000000e+00	-0.0000000000000000e+00	0.0000000000000000e+00	0.0000000000000000e+00	0.0000000000000000e+00	0.0000000000000000e+00	0.0000000000000000e+00	0.0000000000000000e+00	0.0000000000000000e+00	
8.4077074235548910e-01	-0.0000000000000000e+00	-0.0000000000000000e+00	8.0029802839425395e-07	6.9999999999999996e-01	0.0000000000000000e+00	-1.1362529394271620e+01	-1.8443744291693643e+07	-3.3543461004659370e+07	0.0000000000000000e+00	-0.0000000000000000e+00	0.0000000000000000e+00	0.0000000000000000e+00	0.0000000000000000e+00	0.0000000000000000e+00	0.0000000000000000e+00	0.0000000000000000e+00	0.0000000000000000e+00	
8.4172291760164486e-01	-0.0000000000000000e+00	-0.0000000000000000e+00	8.0029802839425395e-07	6.9999999999999996e-01	0.0000000000000000e+00	-1.1362529394271620e+01	-1.8443744291693643e+07	-3.3543461004659370e+07	0.0000000000000000e+00	-0.0000000000000000e+00	0.0000000000000000e+00	0.0000000000000000e+00	0.0000000000000000e+00	0.0000000000000000e+00	0.0000000000000000e+00	0.0000000000000000e+00	0.0000000000000000e+00	
8.4267509284780051e-01	-0.0000000000000000e+00	-0.0000000000000000e+00	8.3888475126382840e-07	6.9999999999999996e-01	0.0000000000000000e+00	-1.2033519760552933e+01	-1.8443739040504862e+07	-3.3543465001979467e+07	0.0000000000000000e+00	-0.0000000000000000e+00	0.0000000000000000e+00	0.0000000000000000e+00	0.0000000000000000e+00	0.0000000000000000e+00	0.0000000000000000e+00	0.0000000000000000e+00	0.0000000000000000e+00	
8.4362726809395627e-01	-0.0000000000000000e+00	-0.0000000000000000e+00	8.3888475126382840e-07	6.9999999999999996e-01	0.0000000000000000e+00	-1.2033519760552933e+01	-1.8443739040504862e+07	-3.3543465001979467e+07	0.0000000000000000e+00	-0.0000000000000000e+00	0.0000000000000000e+00	0.0000000000000000e+00	0.0000000000000000e+00	0.0000000000000000e+00	0.0000000000000000e+00	0.0000000000000000e+00	0.0000000000000000e+00	
8.4457944334011192e-01	-0.0000000000000000e+00	-0.0000000000000000e+00	8.4093927632747525e-07	6.9999999999999996e-01	0.0000000000000000e+00	-1.2649811940986142e+01	-1.8443734300772537e+07	-3.3543471654104941e+07	0.0000000000000000e+00	-0.0000000000000000e+00	0.0000000000000000e+00	0.0000000000000000e+00	0.0000000000000000e+00	0.0000000000000000e+00	0.0000000000000000e+00	0.0000000000000000e+00	0.0000000000000000e+00	
8.4553161858626769e-01	-0.0000000000000000e+00	-0.0000000000000000e+00	8.4093927632747525e-07	6.9999999999999996e-01	0.0000000000000000e+00	-1.2649811940986142e+01	-1.8443734300772537e+07	-3.3543471654104941e+07	0.0000000000000000e+00	-0.0000000000000000e+00	0.0000000000000000e+00	0.0000000000000000e+00	0.0000000000000000e+00	0.0000000000000000e+00	0.0000000000000000e+00	0.0000000000000000e+00	0.0000000000000000e+00	
8.4648379383242334e-01	-0.0000000000000000e+00	-0.0000000000000000e+00	6.8930593002776842e-07	6.9999999999999996e-01	0.0000000000000000e+00	-1.2161823222071867e+01	-1.8443731367783055e+07	-3.3543477345557120e+07	0.0000000000000000e+00	-0.0000000000000000e+00	0.0000000000000000e+00	0.0000000000000000e+00	0.0000000000000000e+00	0.0000000000000000e+00	0.0000000000000000e+00	0.0000000000000000e+00	0.0000000000000000e+00	
8.4743596907857910e-01	-0.0000000000000000e+00	-0.0000000000000000e+00	6.8930593002776842e-07	6.9999999999999996e-01	0.0000000000000000e+00	-1.2161823222071867e+01	-1.8443731367783055e+07	-3.3543477345557120e+07	0.0000000000000000e+00	-0.0000000000000000e+00	0.0000000000000000e+00	0.0000000000000000e+00	0.0000000000000000e+00	0.0000000000000000e+00	0.0000000000000000e+00	0.0000000000000000e+00	0.0000000000000000e+00	
8.4838814432473475e-01	-0.0000000000000000e+00	-0.0000000000000000e+00	5.0959599446286765e-07	6.9999999999999996e-01	0.0000000000000000e+00	-1.1636798915796017e+01	-1.8443729037356973e+07	-3.3543485772924192e+07	0.0000000000000000e+00	-0.0000000000000000e+00	0.0000000000000000e+00	0.0000000000000000e+00	0.0000000000000000e+00	0.0000000000000000e+00	0.0000000000000000e+00	0.0000000000000000e+00	0.0000000000000000e+00	
8.4934031957089051e-01	-0.0000000000000000e+00	-0.0000000000000000e+00	5.0959599446286765e-07	6.9999999999999996e-01	0.0000000000000000e+00	-1.1636798915796017e+01	-1.8443729037356973e+07	-3.3543485772924192e+07	0.0000000000000000e+00	-0.0000000000000000e+00	0.0000000000000000e+00	0.0000000000000000e+00	0.0000000000000000e+00	0.0000000000000000e+00	0.0000000000000000e+00	0.0000000000000000e+00	0.0000000000000000e+00	
8.5029249481704616e-01	-0.0000000000000000e+00	-0.0000000000000000e+00	1.1166634778398063e-07	6.9999999999999996e-01	0.0000000000000000e+00	-9.6521144224829634e+00	-1.8443730022473268e+07	-3.3543492443934347e+07	0.0000000000000000e+00	-0.0000000000000000e+00	0.0000000000000000e+00	0.0000000000000000e+00	0.0000000000000000e+00	0.0000000000000000e+00	0.0000000000000000e+00	0.0000000000000000e+00	0.0000000000000000e+00	
8.5124467006320192e-01	-0.0000000000000000e+00	-0.0000000000000000e+00	1.1166634778398063e-07	6.9999999999999996e-01	0.0000000000000000e+00	-9.6521144224829634e+00	-1.8443730022473268e+07	-3.3543492443934347e+07	0.0000000000000000e+00	-0.0000000000000000e+00	0.0000000000000000e+00	0.0000000000000000e+00	0.0000000000000000e+00	0.0000000000000000e+00	0.0000000000000000e+00	0.0000000000000000e+00	0.0000000000000000e+00	
8.5219684530935758e-01	-0.0000000000000000e+00	-0.0000000000000000e+00	-2.9493135912582745e-07	6.9999999999999996e-01	0.0000000000000000e+00	-7.5794388535248292e+00	-1.8443731509474270e+07	-3.3543501158433285e+07	0.0000000000000000e+00	-0.0000000000000000e+00	0.0000000000000000e+00	0.0000000000000000e+00	0.0000000000000000e+00	0.0000000000000000e+00	0.0000000000000000e+00	0.0000000000000000e+00	0.0000000000000000e+00	
8.5314902055551334e-01	-0.0000000000000000e+00	-0.0000000000000000e+00	-2.9493135912582745e-07	6.9999999999999996e-01	0.0000000000000000e+00	-7.5794388535248292e+00	-1.8443731509474270e+07	-3.3543501158433285e+07	0.0000000000000000e+00	-0.0000000000000000e+00	0.0000000000000000e+00	0.0000000000000000e+00	0.0000000000000000e+00	0.0000000000000000e+00	0.0000000000000000e+00	0.0000000000000000e+00	0.0000000000000000e+00	
8.5410119580166899e-01	-0.0000000000000000e+00	-0.0000000000000000e+00	-9.2464588047114873e-07	6.9999999999999996e-01	0.0000000000000000e+00	-4.0881406774612126e+00	-1.8443737104761463e+07	-3.3543507704099759e+07	0.0000000000000000e+00	-0.0000000000000000e+00	0.0000000000000000e+00	0.0000000000000000e+00	0.0000000000000000e+00	0.0000000000000000e+00	0.0000000000000000e+00	0.0000000000000000e+00	0.0000000000000000e+00	
8.5505337104782475e-01	-0.0000000000000000e+00	-0.0000000000000000e+00	-9.2464588047114873e-07	6.9999999999999996e-01	0.0000000000000000e+00	-4.0881406774612126e+00	-1.8443737104761463e+07	-3.3543507704099759e+07	0.0000000000000000e+00	-0.0000000000000000e+00	0.0000000000000000e+00	0.0000000000000000e+00	0.0000000000000000e+00	0.0000000000000000e+00	0.0000000000000000e+00	0.0000000000000000e+00	0.0000000000000000e+00	
8.5600554629398040e-01	-0.0000000000000000e+00	-0.0000000000000000e+00	-1.5336055250705835e-06	6.9999999999999996e-01	0.0000000000000000e+00	-4.3007168637425858e-01	-1.8443742865243435e+07	-3.3543514782824479e+07	0.0000000000000000e+00	-0.0000000000000000e+00	0.0000000000000000e+00	0.0000000000000000e+00	0.0000000000000000e+00	0.0000000000000000e+00	0.0000000000000000e+00	0.0000000000000000e+00	0.0000000000000000e+00	
8.5695772154013616e-01	-0.0000000000000000e+00	-0.0000000000000000e+00	-1.5336055250705835e-06	6.9999999999999996e-01	0.0000000000000000e+00	-4.3007168637425858e-01	-1.8443742865243435e+07	-3.3543514782824479e+07	0.0000000000000000e+00	-0.0000000000000000e+00	0.0000000000000000e+00	0.0000000000000000e+00	0.0000000000000000e+00	0.0000000000000000e+00	0.0000000000000000e+00	0.0000000000000000e+00	0.0000000000000000e+00	
8.5790989678629181e-01	-0.0000000000000000e+00	-0.0000000000000000e+00	-2.2952181008725346e-06	6.9999999999999996e-01	0.0000000000000000e+00	4.1642379717542530e+00	-1.8443752458049156e+07	-3.3543519876538590e+07	0.0000000000000000e+00	-0.0000000000000000e+00	0.0000000000000000e+00	0.0000000000000000e+00	0.0000000000000000e+00	0.0000000000000000e+00	0.0000000000000000e+00	0.0000000000000000e+00	0.0000000000000000e+00	
8.5886207203244758e-01	-0.0000000000000000e+00	-0.0000000000000000e+00	-2.2952181008725346e-06	6.9999999999999996e-01	0.0000000000000000e+00	4.1642379717542530e+00	-1.8443752458049156e+07	-3.3543519876538590e+07	0.0000000000000000e+00	-0.0000000000000000e+00	0.0000000000000000e+00	0.0000000000000000e+00	0.0000000000000000e+00	0.0000000000000000e+00	0.0000000000000000e+00	0.0000000000000000e+00	0.0000000000000000e+00	
8.5981424727860323e-01	-0.0000000000000000e+00	-0.0000000000000000e+00	-3.0004053361603412e-06	6.9999999999999996e-01	0.0000000000000000e+00	8.9602554152911420e+00	-1.8443761665697470e+07	-3.3543523397909511e+07	0.0000000000000000e+00	-0.0000000000000000e+00	0.0000000000000000e+00	0.0000000000000000e+00	0.0000000000000000e+00	0.0000000000000000e+00	0.0000000000000000e+00	0.0000000000000000e+00	0.0000000000000000e+00	
8.6076642252475899e-01	-0.0000000000000000e+00	-0.0000000000000000e+00	-3.0004053361603412e-06	6.9999999999999996e-01	0.0000000000000000e+00	8.9602554152911420e+00	-1.8443761665697470e+07	-3.3543523397909511e+07	0.0000000000000000e+00	-0.0000000000000000e+00	0.0000000000000000e+00	0.0000000000000000e+00	0.0000000000000000e+00	0.0000000000000000e+00	0.0000000000000000e+00	0.0000000000000000e+00	0.0000000000000000e+00	
8.6171859777091464e-01	-0.0000000000000000e+00	-0.0000000000000000e+00	-3.7215726356526474e-06	6.9999999999999996e-01	0.0000000000000000e+00	1.3865041067686164e+01	-1.8443773325051662e+07	-3.3543525722290717e+07	0.0000000000000000e+00	-0.0000000000000000e+00	0.0000000000000000e+00	0.0000000000000000e+00	0.0000000000000000e+00	0.0000000000000000e+00	0.0000000000000000e+00	0.0000000000000000e+00	0.0000000000000000e+00	
8.6267077301707040e-01	-0.0000000000000000e+00	-0.0000000000000000e+00	-3.7215726356526474e-06	6.9999999999999996e-01	0.0000000000000000e+00	1.3865041067686164e+01	-1.8443773325051662e+07	-3.3543525722290717e+07	0.0000000000000000e+00	-0.0000000000000000e+00	0.0000000000000000e+00	0.0000000000000000e+00	0.0000000000000000e+00	0.0000000000000000e+00	0.0000000000000000e+00	0.0000000000000000e+00	0.0000000000000000e+00	
8.6362294826322605e-01	-0.0000000000000000e+00	-0.0000000000000000e+00	-4.3484939984544311e-06	6.9999999999999996e-01	0.0000000000000000e+00	1.8880980634580862e+01	-1.8443783898272116e+07	-3.3543524268956147e+07	0.0000000000000000e+00	-0.0000000000000000e+00	0.0000000000000000e+00	0.0000000000000000e+00	0.0000000000000000e+00	0.0000000000000000e+00	0.0000000000000000e+00	0.0000000000000000e+00	0.0000000000000000e+00	
8.6457512350938182e-01	-0.0000000000000000e+00	-0.0000000000000000e+00	-4.3484939984544311e-06	6.9999999999999996e-01	0.0000000000000000e+00	1.8880980634580862e+01	-1.8443783898272116e+07	-3.3543524268956147e+07	0.0000000000000000e+00	-0.0000000000000000e+00	0.0000000000000000e+00	0.0000000000000000e+00	0.0000000000000000e+00	0.0000000000000000e+00	0.0000000000000000e+00	0.0000000000000000e+00	0.0000000000000000e+00	
8.6552729875553747e-01	-0.0000000000000000e+00	-0.0000000000000000e+00	-4.8238229634346734e-06	6.9999999999999996e-01	0.0000000000000000e+00	2.3052099828139006e+01	-1.8443794773569934e+07	-3.3543522752110384e+07	0.0000000000000000e+00	-0.0000000000000000e+00	0.0000000000000000e+00	0.0000000000000000e+00	0.0000000000000000e+00	0.0000000000000000e+00	0.0000000000000000e+00	0.0000000000000000e+00	0.0000000000000000e+00	
8.6647947400169323e-01	-0.0000000000000000e+00	-0.0000000000000000e+00	-4.8238229634346734e-06	6.9999999999999996e-01	0.0000000000000000e+00	2.3052099828139006e+01	-1.8443794773569934e+07	-3.3543522752110384e+07	0.0000000000000000e+00	-0.0000000000000000e+00	0.0000000000000000e+00	0.0000000000000000e+00	0.0000000000000000e+00	0.0000000000000000e+00	0.0000000000000000e+00	0.0000000000000000e+00	0.0000000000000000e+00	
8.6743164924784888e-01	-0.0000000000000000e+00	-0.0000000000000000e+00	-5.1692896669195248e-06	6.9999999999999996e-01	0.0000000000000000e+00	2.7063732828024833e+01	-1.8443803813675106e+07	-3.3543515806681201e+07	0.0000000000000000e+00	-0.0000000000000000e+00	0.0000000000000000e+00	0.0000000000000000e+00	0.0000000000000000e+00	0.0000000000000000e+00	0.0000000000000000e+00	0.0000000000000000e+00	0.0000000000000000e+00	
8.6838382449400464e-01	-0.0000000000000000e+00	-0.0000000000000000e+00	-5.1692896669195248e-06	6.9999999999999996e-01	0.0000000000000000e+00	2.7063732828024833e+01	-1.8443803813675106e+07	-3.3543515806681201e+07	0.0000000000000000e+00	-0.0000000000000000e+00	0.0000000000000000e+00	0.0000000000000000e+00	0.0000000000000000e+00	0.0000000000000000e+00	0.0000000000000000e+00	0.0000000000000000e+00	0.0000000000000000e+00	
8.6933599974016029e-01	-0.0000000000000000e+00	-0.0000000000000000e+00	-5.2186609892953091e-06	6.9999999999999996e-01	0.0000000000000000e+00	2.9432074794727434e+01	-1.8443810891627345e+07	-3.3543509840804566e+07	0.0000000000000000e+00	-0.0000000000000000e+00	0.0000000000000000e+00	0.0000000000000000e+00	0.0000000000000000e+00	0.0000000000000000e+00	0.0000000000000000e+00	0.0000000000000000e+00	0.0000000000000000e+00	
8.7028817498631605e-01	-0.0000000000000000e+00	-0.0000000000000000e+00	-5.2186609892953091e-06	6.9999999999999996e-01	0.0000000000000000e+00	2.9432074794727434e+01	-1.8443810891627345e+07	-3.3543509840804566e+07	0.0000000000000000e+00	-0.0000000000000000e+00	0.0000000000000000e+00	0.0000000000000000e+00	0.0000000000000000e+00	0.0000000000000000e+00	0.0000000000000000e+00	0.0000000000000000e+00	0.0000000000000000e+00	
8.7124035023247171e-01	-0.0000000000000000e+00	-0.0000000000000000e+00	-5.1115328962138343e-06	6.9999999999999996e-01	0.0000000000000000e+00	3.1195507574724335e+01	-1.8443815509696007e+07	-3.3543497953874916e+07	0.0000000000000000e+00	-0.0000000000000000e+00	0.0000000000000000e+00	0.0000000000000000e+00	0.0000000000000000e+00	0.0000000000000000e+00	0.0000000000000000e+00	0.0000000000000000e+00	0.0000000000000000e+00	
8.7219252547862747e-01	-0.0000000000000000e+00	-0.0000000000000000e+00	-5.1115328962138343e-06	6.9999999999999996e-01	0.0000000000000000e+00	3.1195507574724335e+01	-1.8443815509696007e+07	-3.3543497953874916e+07	0.0000000000000000e+00	-0.0000000000000000e+00	0.0000000000000000e+00	0.0000000000000000e+00	0.0000000000000000e+00	0.0000000000000000e+00	0.0000000000000000e+00	0.0000000000000000e+00	0.0000000000000000e+00	
8.7314470072478312e-01	-0.0000000000000000e+00	-0.0000000000000000e+00	-4.6416699803670870e-06	6.9999999999999996e-01	0.0000000000000000e+00	3.0928761384100316e+01	-1.8443816552065432e+07	-3.3543487584362533e+07	0.0000000000000000e+00	-0.0000000000000000e+00	0.0000000000000000e+00	0.0000000000000000e+00	0.0000000000000000e+00	0.0000000000000000e+00	0.0000000000000000e+00	0.0000000000000000e+00	0.0000000000000000e+00	
8.7409687597093888e-01	-0.0000000000000000e+00	-0.0000000000000000e+00	-4.6416699803670870e-06	6.9999999999999996e-01	0.0000000000000000e+00	3.0928761384100316e+01	-1.8443816552065432e+07	-3.3543487584362533e+07	0.0000000000000000e+00	-0.0000000000000000e+00	0.0000000000000000e+00	0.0000000000000000e+00	0.0000000000000000e+00	0.0000000000000000e+00	0.0000000000000000e+00	0.0000000000000000e+00	0.0000000000000000e+00	
8.7504905121709453e-01	-0.0000000000000000e+00	-0.0000000000000000e+00	-4.0062105468216361e-06	6.9999999999999996e-01	0.0000000000000000e+00	2.9513423092640558e+01	-1.8443814854409795e+07	-3.3543472303904165e+07	0.0000000000000000e+00	-0.0000000000000000e+00	0.0000000000000000e+00	0.0000000000000000e+00	0.0000000000000000e+00	0.0000000000000000e+00	0.0000000000000000e+00	0.0000000000000000e+00	0.0000000000000000e+00	
8.7600122646325029e-01	-0.0000000000000000e+00	-0.0000000000000000e+00	-4.0062105468216361e-06	6.9999999999999996e-01	0.0000000000000000e+00	2.9513423092640558e+01	-1.8443814854409795e+07	-3.3543472303904165e+07	0.0000000000000000e+00	-0.0000000000000000e+00	0.0000000000000000e+00	0.0000000000000000e+00	0.0000000000000000e+00	0.0000000000000000e+00	0.0000000000000000e+00	0.0000000000000000e+00	0.0000000000000000e+00	
8.7695340170940594e-01	-0.0000000000000000e+00	-0.0000000000000000e+00	-3.0511341882374240e-06	6.9999999999999996e-01	0.0000000000000000e+00	2.6241387026507287e+01	-1.8443809147853438e+07	-3.3543458344009347e+07	0.0000000000000000e+00	-0.0000000000000000e+00	0.0000000000000000e+00	0.0000000000000000e+00	0.0000000000000000e+00	0.0000000000000000e+00	0.0000000000000000e+00	0.0000000000000000e+00	0.0000000000000000e+00	
8.7790557695556171e-01	-0.0000000000000000e+00	-0.0000000000000000e+00	-3.0511341882374240e-06	6.9999999999999996e-01	0.0000000000000000e+00	2.6241387026507287e+01	-1.8443809147853438e+07	-3.3543458344009347e+07	0.0000000000000000e+00	-0.0000000000000000e+00	0.0000000000000000e+00	0.0000000000000000e+00	0.0000000000000000e+00	0.0000000000000000e+00	0.0000000000000000e+00	0.0000000000000000e+00	0.0000000000000000e+00	
8.7885775220171736e-01	-0.0000000000000000e+00	-0.0000000000000000e+00	-1.9460425004938555e-06	6.9999999999999996e-01	0.0000000000000000e+00	2.1322819185582912e+01	-1.8443800946106259e+07	-3.3543441960738771e+07	0.0000000000000000e+00	-0.0000000000000000e+00	0.0000000000000000e+00	0.0000000000000000e+00	0.0000000000000000e+00	0.0000000000000000e+00	0.0000000000000000e+00	0.0000000000000000e+00	0.0000000000000000e+00	
8.7980992744787312e-01	-0.0000000000000000e+00	-0.0000000000000000e+00	-1.9460425004938555e-06	6.9999999999999996e-01	0.0000000000000000e+00	2.1322819185582912e+01	-1.8443800946106259e+07	-3.3543441960738771e+07	0.0000000000000000e+00	-0.0000000000000000e+00	0.0000000000000000e+00	0.0000000000000000e+00	0.0000000000000000e+00	0.0000000000000000e+00	0.0000000000000000e+00	0.0000000000000000e+00	0.0000000000000000e+00	
8.8076210269402877e-01	-0.0000000000000000e+00	-0.0000000000000000e+00	-6.6896841987320136e-07	6.9999999999999996e-01	0.0000000000000000e+00	1.5276214909074499e+01	-1.8443789547219072e+07	-3.3543426025829878e+07	0.0000000000000000e+00	-0.0000000000000000e+00	0.0000000000000000e+00	0.0000000000000000e+00	0.0000000000000000e+00	0.0000000000000000e+00	0.0000000000000000e+00	0.0000000000000000e+00	0.0000000000000000e+00	
8.8171427794018453e-01	-0.0000000000000000e+00	-0.0000000000000000e+00	-6.6896841987320136e-07	6.9999999999999996e-01	0.0000000000000000e+00	1.5276214909074499e+01	-1.8443789547219072e+07	-3.3543426025829878e+07	0.0000000000000000e+00	-0.0000000000000000e+00	0.0000000000000000e+00	0.0000000000000000e+00	0.0000000000000000e+00	0.0000000000000000e+00	0.0000000000000000e+00	0.0000000000000000e+00	0.0000000000000000e+00	
8.8266645318634018e-01	-0.0000000000000000e+00	-0.0000000000000000e+00	7.1482119568762308e-07	6.9999999999999996e-01	0.0000000000000000e+00	7.3176532389489246e+00	-1.8443776488834284e+07	-3.3543411247660730e+07	0.0000000000000000e+00	-0.0000000000000000e+00	0.0000000000000000e+00	0.0000000000000000e+00	0.0000000000000000e+00	0.0000000000000000e+00	0.0000000000000000e+00	0.0000000000000000e+00	0.0000000000000000e+00	
8.8361862843249595e-01	-0.0000000000000000e+00	-0.0000000000000000e+00	7.1482119568762308e-07	6.9999999999999996e-01	0.0000000000000000e+00	7.3176532389489246e+00	-1.8443776488834284e+07	-3.3543411247660730e+07	0.0000000000000000e+00	-0.0000000000000000e+00	0.0000000000000000e+00	0.0000000000000000e+00	0.0000000000000000e+00	0.0000000000000000e+00	0.0000000000000000e+00	0.0000000000000000e+00	0.0000000000000000e+00	
8.8457080367865160e-01	-0.0000000000000000e+00	-0.0000000000000000e+00	2.0581279763310176e-06	6.9999999999999996e-01	0.0000000000000000e+00	-6.3831126952361616e-01	-1.8443761922553126e+07	-3.3543395720822565e+07	0.0000000000000000e+00	-0.0000000000000000e+00	0.0000000000000000e+00	0.0000000000000000e+00	0.0000000000000000e+00	0.0000000000000000e+00	0.0000000000000000e+00	0.0000000000000000e+00	0.0000000000000000e+00	
8.8552297892480736e-01	-0.0000000000000000e+00	-0.0000000000000000e+00	2.0581279763310176e-06	6.9999999999999996e-01	0.0000000000000000e+00	-6.3831126952361616e-01	-1.8443761922553126e+07	-3.3543395720822565e+07	0.0000000000000000e+00	-0.0000000000000000e+00	0.0000000000000000e+00	0.0000000000000000e+00	0.0000000000000000e+00	0.0000000000000000e+00	0.0000000000000000e+00	0.0000000000000000e+00	0.0000000000000000e+00	
8.8647515417096301e-01	-0.0000000000000000e+00	-0.0000000000000000e+00	3.4391753989452256e-06	6.9999999999999996e-01	0.0000000000000000e+00	-1.0357897329123610e+01	-1.8443747054036416e+07	-3.3543385329964258e+07	0.0000000000000000e+00	-0.0000000000000000e+00	0.0000000000000000e+00	0.0000000000000000e+00	0.0000000000000000e+00	0.0000000000000000e+00	0.0000000000000000e+00	0.0000000000000000e+00	0.0000000000000000e+00	
8.8742732941711877e-01	-0.0000000000000000e+00	-0.0000000000000000e+00	3.4391753989452256e-06	6.9999999999999996e-01	0.0000000000000000e+00	-1.0357897329123610e+01	-1.8443747054036416e+07	-3.3543385329964258e+07	0.0000000000000000e+00	-0.0000000000000000e+00	0.0000000000000000e+00	0.0000000000000000e+00	0.0000000000000000e+00	0.0000000000000000e+00	0.0000000000000000e+00	0.0000000000000000e+00	0.0000000000000000e+00	
8.8837950466327442e-01	-0.0000000000000000e+00	-0.0000000000000000e+00	4.5632447456695243e-06	6.9999999999999996e-01	0.0000000000000000e+00	-1.8803770820676327e+01	-1.8443732625202257e+07	-3.3543373180518262e+07	0.0000000000000000e+00	-0.0000000000000000e+00	0.0000000000000000e+00	0.0000000000000000e+00	0.0000000000000000e+00	0.0000000000000000e+00	0.0000000000000000e+00	0.0000000000000000e+00	0.0000000000000000e+00	
8.8933167990943018e-01	-0.0000000000000000e+00	-0.0000000000000000e+00	4.5632447456695243e-06	6.9999999999999996e-01	0.0000000000000000e+00	-1.8803770820676327e+01	-1.8443732625202257e+07	-3.3543373180518262e+07	0.0000000000000000e+00	-0.0000000000000000e+00	0.0000000000000000e+00	0.0000000000000000e+00	0.0000000000000000e+00	0.0000000000000000e+00	0.0000000000000000e+00	0.0000000000000000e+00	0.0000000000000000e+00	
8.9028385515558583e-01	-0.0000000000000000e+00	-0.0000000000000000e+00	5.6385357188955388e-06	6.9999999999999996e-01	0.0000000000000000e+00	-2.8343558744696562e+01	-1.8443719568326246e+07	-3.3543369634597138e+07	0.0000000000000000e+00	-0.0000000000000000e+00	0.0000000000000000e+00	0.0000000000000000e+00	0.0000000000000000e+00	0.0000000000000000e+00	0.0000000000000000e+00	0.0000000000000000e+00	0.0000000000000000e+00	
8.9123603040174160e-01	-0.0000000000000000e+00	-0.0000000000000000e+00	5.6385357188955388e-06	6.9999999999999996e-01	0.0000000000000000e+00	-2.8343558744696562e+01	-1.8443719568326246e+07	-3.3543369634597138e+07	0.0000000000000000e+00	-0.0000000000000000e+00	0.0000000000000000e+00	0.0000000000000000e+00	0.0000000000000000e+00	0.0000000000000000e+00	0.0000000000000000e+00	0.0000000000000000e+00	0.0000000000000000e+00	
8.9218820564789725e-01	-0.0000000000000000e+00	-0.0000000000000000e+00	6.3018924468807183e-06	6.9999999999999996e-01	0.0000000000000000e+00	-3.5519638016819528e+01	-1.8443708471570924e+07	-3.3543363964127470e+07	0.0000000000000000e+00	-0.0000000000000000e+00	0.0000000000000000e+00	0.0000000000000000e+00	0.0000000000000000e+00	0.0000000000000000e+00	0.0000000000000000e+00	0.0000000000000000e+00	0.0000000000000000e+00	
8.9314038089405301e-01	-0.0000000000000000e+00	-0.0000000000000000e+00	6.3018924468807183e-06	6.9999999999999996e-01	0.0000000000000000e+00	-3.5519638016819528e+01	-1.8443708471570924e+07	-3.3543363964127470e+07	0.0000000000000000e+00	-0.0000000000000000e+00	0.0000000000000000e+00	0.0000000000000000e+00	0.0000000000000000e+00	0.0000000000000000e+00	0.0000000000000000e+00	0.0000000000000000e+00	0.0000000000000000e+00	
8.9409255614020866e-01	-0.0000000000000000e+00	-0.0000000000000000e+00	6.8278601700849731e-06	6.9999999999999996e-01	0.0000000000000000e+00	-4.2634749151092123e+01	-1.8443700403341476e+07	-3.3543368912352923e+07	0.0000000000000000e+00	-0.0000000000000000e+00	0.0000000000000000e+00	0.0000000000000000e+00	0.0000000000000000e+00	0.0000000000000000e+00	0.0000000000000000e+00	0.0000000000000000e+00	0.0000000000000000e+00	
8.9504473138636442e-01	-0.0000000000000000e+00	-0.0000000000000000e+00	6.8278601700849731e-06	6.9999999999999996e-01	0.0000000000000000e+00	-4.2634749151092123e+01	-1.8443700403341476e+07	-3.3543368912352923e+07	0.0000000000000000e+00	-0.0000000000000000e+00	0.0000000000000000e+00	0.0000000000000000e+00	0.0000000000000000e+00	0.0000000000000000e+00	0.0000000000000000e+00	0.0000000000000000e+00	0.0000000000000000e+00	
8.9599690663252007e-01	-0.0000000000000000e+00	-0.0000000000000000e+00	6.9012296809710870e-06	6.9999999999999996e-01	0.0000000000000000e+00	-4.6802765547473271e+01	-1.8443694810990393e+07	-3.3543372215676934e+07	0.0000000000000000e+00	-0.0000000000000000e+00	0.0000000000000000e+00	0.0000000000000000e+00	0.0000000000000000e+00	0.0000000000000000e+00	0.0000000000000000e+00	0.0000000000000000e+00	0.0000000000000000e+00	
8.9694908187867584e-01	-0.0000000000000000e+00	-0.0000000000000000e+00	6.9012296809710870e-06	6.9999999999999996e-01	0.0000000000000000e+00	-4.6802765547473271e+01	-1.8443694810990393e+07	-3.3543372215676934e+07	0.0000000000000000e+00	-0.0000000000000000e+00	0.0000000000000000e+00	0.0000000000000000e+00	0.0000000000000000e+00	0.0000000000000000e+00	0.0000000000000000e+00	0.0000000000000000e+00	0.0000000000000000e+00	
8.9790125712483149e-01	-0.0000000000000000e+00	-0.0000000000000000e+00	6.7718379004354359e-06	6.9999999999999996e-01	0.0000000000000000e+00	-4.9487630341305966e+01	-1.8443693409073003e+07	-3.3543386071153536e+07	0.0000000000000000e+00	-0.0000000000000000e+00	0.0000000000000000e+00	0.0000000000000000e+00	0.0000000000000000e+00	0.0000000000000000e+00	0.0000000000000000e+00	0.0000000000000000e+00	0.0000000000000000e+00	
8.9885343237098725e-01	-0.0000000000000000e+00	-0.0000000000000000e+00	6.7718379004354359e-06	6.9999999999999996e-01	0.0000000000000000e+00	-4.9487630341305966e+01	-1.8443693409073003e+07	-3.3543386071153536e+07	0.0000000000000000e+00	-0.0000000000000000e+00	0.0000000000000000e+00	0.0000000000000000e+00	0.0000000000000000e+00	0.0000000000000000e+00	0.0000000000000000e+00	0.0000000000000000e+00	0.0000000000000000e+00	
8.9980560761714290e-01	-0.0000000000000000e+00	-0.0000000000000000e+00	6.2841059165275190e-06	6.9999999999999996e-01	0.0000000000000000e+00	-4.9386524668503149e+01	-1.8443693720554110e+07	-3.3543399387890790e+07	0.0000000000000000e+00	-0.0000000000000000e+00	0.0000000000000000e+00	0.0000000000000000e+00	0.0000000000000000e+00	0.0000000000000000e+00	0.0000000000000000e+00	0.0000000000000000e+00	0.0000000000000000e+00	
9.0075778286329866e-01	-0.0000000000000000e+00	-0.0000000000000000e+00	6.2841059165275190e-06	6.9999999999999996e-01	0.0000000000000000e+00	-4.9386524668503149e+01	-1.8443693720554110e+07	-3.3543399387890790e+07	0.0000000000000000e+00	-0.0000000000000000e+00	0.0000000000000000e+00	0.0000000000000000e+00	0.0000000000000000e+00	0.0000000000000000e+00	0.0000000000000000e+00	0.0000000000000000e+00	0.0000000000000000e+00	
9.0170995810945431e-01	-0.0000000000000000e+00	-0.0000000000000000e+00	5.5798404002108938e-06	6.9999999999999996e-01	0.0000000000000000e+00	-4.6447559306966625e+01	-1.8443698384689942e+07	-3.3543421075800661e+07	0.0000000000000000e+00	-0.0000000000000000e+00	0.0000000000000000e+00	0.0000000000000000e+00	0.0000000000000000e+00	0.0000000000000000e+00	0.0000000000000000e+00	0.0000000000000000e+00	0.0000000000000000e+00	
9.0266213335561007e-01	-0.0000000000000000e+00	-0.0000000000000000e+00	5.5798404002108938e-06	6.9999999999999996e-01	0.0000000000000000e+00	-4.6447559306966625e+01	-1.8443698384689942e+07	-3.3543421075800661e+07	0.0000000000000000e+00	-0.0000000000000000e+00	0.0000000000000000e+00	0.0000000000000000e+00	0.0000000000000000e+00	0.0000000000000000e+00	0.0000000000000000e+00	0.0000000000000000e+00	0.0000000000000000e+00	
9.0361430860176573e-01	-0.0000000000000000e+00	-0.0000000000000000e+00	4.7142305122398114e-06	6.9999999999999996e-01	0.0000000000000000e+00	-4.1694544429410357e+01	-1.8443703083114900e+07	-3.3543443448637564e+07	0.0000000000000000e+00	-0.0000000000000000e+00	0.0000000000000000e+00	0.0000000000000000e+00	0.0000000000000000e+00	0.0000000000000000e+00	0.0000000000000000e+00	0.0000000000000000e+00	0.0000000000000000e+00	
9.0456648384792149e-01	-0.0000000000000000e+00	-0.0000000000000000e+00	4.7142305122398114e-06	6.9999999999999996e-01	0.0000000000000000e+00	-4.1694544429410357e+01	-1.8443703083114900e+07	-3.3543443448637564e+07	0.0000000000000000e+00	-0.0000000000000000e+00	0.0000000000000000e+00	0.0000000000000000e+00	0.0000000000000000e+00	0.0000000000000000e+00	0.0000000000000000e+00	0.0000000000000000e+00	0.0000000000000000e+00	
9.0551865909407714e-01	-0.0000000000000000e+00	-0.0000000000000000e+00	3.6846346833651906e-06	6.9999999999999996e-01	0.0000000000000000e+00	-3.3156654274049004e+01	-1.8443711056378838e+07	-3.3543470463175379e+07	0.0000000000000000e+00	-0.0000000000000000e+00	0.0000000000000000e+00	0.0000000000000000e+00	0.0000000000000000e+00	0.0000000000000000e+00	0.0000000000000000e+00	0.0000000000000000e+00	0.0000000000000000e+00	
9.0647083434023290e-01	-0.0000000000000000e+00	-0.0000000000000000e+00	3.6846346833651906e-06	6.9999999999999996e-01	0.0000000000000000e+00	-3.3156654274049004e+01	-1.8443711056378838e+07	-3.3543470463175379e+07	0.0000000000000000e+00	-0.0000000000000000e+00	0.0000000000000000e+00	0.0000000000000000e+00	0.0000000000000000e+00	0.0000000000000000e+00	0.0000000000000000e+00	0.0000000000000000e+00	0.0000000000000000e+00	
9.0742300958638855e-01	-0.0000000000000000e+00	-0.0000000000000000e+00	2.7222395895583005e-06	6.9999999999999996e-01	0.0000000000000000e+00	-2.4421557421951949e+01	-1.8443717317071978e+07	-3.3543498853657488e+07	0.0000000000000000e+00	-0.0000000000000000e+00	0.0000000000000000e+00	0.0000000000000000e+00	0.0000000000000000e+00	0.0000000000000000e+00	0.0000000000000000e+00	0.0000000000000000e+00	0.0000000000000000e+00	
9.0837518483254431e-01	-0.0000000000000000e+00	-0.0000000000000000e+00	2.7222395895583005e-06	6.9999999999999996e-01	0.0000000000000000e+00	-2.4421557421951949e+01	-1.8443717317071978e+07	-3.3543498853657488e+07	0.0000000000000000e+00	-0.0000000000000000e+00	0.0000000000000000e+00	0.0000000000000000e+00	0.0000000000000000e+00	0.0000000000000000e+00	0.0000000000000000e+00	0.0000000000000000e+00	0.0000000000000000e+00	
9.0932736007869996e-01	-0.0000000000000000e+00	-0.0000000000000000e+00	1.7121766025860068e-06	6.9999999999999996e-01	0.0000000000000000e+00	-1.1585874483336429e+01	-1.8443724602376707e+07	-3.3543527589417316e+07	0.0000000000000000e+00	-0.0000000000000000e+00	0.0000000000000000e+00	0.0000000000000000e+00	0.0000000000000000e+00	0.0000000000000000e+00	0.0000000000000000e+00	0.0000000000000000e+00	0.0000000000000000e+00	
9.1027953532485573e-01	-0.0000000000000000e+00	-0.0000000000000000e+00	1.7121766025860068e-06	6.9999999999999996e-01	0.0000000000000000e+00	-1.1585874483336429e+01	-1.8443724602376707e+07	-3.3543527589417316e+07	0.0000000000000000e+00	-0.0000000000000000e+00	0.0000000000000000e+00	0.0000000000000000e+00	0.0000000000000000e+00	0.0000000000000000e+00	0.0000000000000000e+00	0.0000000000000000e+00	0.0000000000000000e+00	
9.1123171057101138e-01	-0.0000000000000000e+00	-0.0000000000000000e+00	9.4397353947317783e-07	6.9999999999999996e-01	0.0000000000000000e+00	-4.2978772335669735e-01	-1.8443729402127985e+07	-3.3543557328737240e+07	0.0000000000000000e+00	-0.0000000000000000e+00	0.0000000000000000e+00	0.0000000000000000e+00	0.0000000000000000e+00	0.0000000000000000e+00	0.0000000000000000e+00	0.0000000000000000e+00	0.0000000000000000e+00	
9.1218388581716714e-01	-0.0000000000000000e+00	-0.0000000000000000e+00	9.4397353947317783e-07	6.9999999999999996e-01	0.0000000000000000e+00	-4.2978772335669735e-01	-1.8443729402127985e+07	-3.3543557328737240e+07	0.0000000000000000e+00	-0.0000000000000000e+00	0.0000000000000000e+00	0.0000000000000000e+00	0.0000000000000000e+00	0.0000000000000000e+00	0.0000000000000000e+00	0.0000000000000000e+00	0.0000000000000000e+00	
9.1313606106332279e-01	-0.0000000000000000e+00	-0.0000000000000000e+00	2.8823470812227404e-07	6.9999999999999996e-01	0.0000000000000000e+00	1.4459013143344984e+01	-1.8443732127508599e+07	-3.3543583649125483e+07	0.0000000000000000e+00	-0.0000000000000000e+00	0.0000000000000000e+00	0.0000000000000000e+00	0.0000000000000000e+00	0.0000000000000000e+00	0.0000000000000000e+00	0.0000000000000000e+00	0.0000000000000000e+00	
9.1408823630947855e-01	-0.0000000000000000e+00	-0.0000000000000000e+00	2.8823470812227404e-07	6.9999999999999996e-01	0.0000000000000000e+00	1.4459013143344984e+01	-1.8443732127508599e+07	-3.3543583649125483e+07	0.0000000000000000e+00	-0.0000000000000000e+00	0.0000000000000000e+00	0.0000000000000000e+00	0.0000000000000000e+00	0.0000000000000000e+00	0.0000000000000000e+00	0.0000000000000000e+00	0.0000000000000000e+00	
9.1504041155563420e-01	-0.0000000000000000e+00	-0.0000000000000000e+00	-8.0036319491788463e-08	6.9999999999999996e-01	0.0000000000000000e+00	2.6040310473825656e+01	-1.8443733505634557e+07	-3.3543609437070094e+07	0.0000000000000000e+00	-0.0000000000000000e+00	0.0000000000000000e+00	0.0000000000000000e+00	0.0000000000000000e+00	0.0000000000000000e+00	0.0000000000000000e+00	0.0000000000000000e+00	0.0000000000000000e+00	
9.1599258680178997e-01	-0.0000000000000000e+00	-0.0000000000000000e+00	-8.0036319491788463e-08	6.9999999999999996e-01	0.0000000000000000e+00	2.6040310473825656e+01	-1.8443733505634557e+07	-3.3543609437070094e+07	0.0000000000000000e+00	-0.0000000000000000e+00	0.0000000000000000e+00	0.0000000000000000e+00	0.0000000000000000e+00	0.0000000000000000e+00	0.0000000000000000e+00	0.0000000000000000e+00	0.0000000000000000e+00	
9.1694476204794562e-01	-0.0000000000000000e+00	-0.0000000000000000e+00	-1.7147128055171271e-07	6.9999999999999996e-01	0.0000000000000000e+00	4.0394985963672447e+01	-1.8443729445423398e+07	-3.3543629335037936e+07	0.0000000000000000e+00	-0.0000000000000000e+00	0.0000000000000000e+00	0.0000000000000000e+00	0.0000000000000000e+00	0.0000000000000000e+00	0.0000000000000000e+00	0.0000000000000000e+00	0.0000000000000000e+00	
9.1789693729410138e-01	-0.0000000000000000e+00	-0.0000000000000000e+00	-1.7147128055171271e-07	6.9999999999999996e-01	0.0000000000000000e+00	4.0394985963672447e+01	-1.8443729445423398e+07	-3.3543629335037936e+07	0.0000000000000000e+00	-0.0000000000000000e+00	0.0000000000000000e+00	0.0000000000000000e+00	0.0000000000000000e+00	0.0000000000000000e+00	0.0000000000000000e+00	0.0000000000000000e+00	0.0000000000000000e+00	
9.1884911254025703e-01	-0.0000000000000000e+00	-0.0000000000000000e+00	-8.8973832155218152e-08	6.9999999999999996e-01	0.0000000000000000e+00	5.0529032458571727e+01	-1.8443727358197387e+07	-3.3543646451823298e+07	0.0000000000000000e+00	-0.0000000000000000e+00	0.0000000000000000e+00	0.0000000000000000e+00	0.0000000000000000e+00	0.0000000000000000e+00	0.0000000000000000e+00	0.0000000000000000e+00	0.0000000000000000e+00	
9.1980128778641279e-01	-0.0000000000000000e+00	-0.0000000000000000e+00	-8.8973832155218152e-08	6.9999999999999996e-01	0.0000000000000000e+00	5.0529032458571727e+01	-1.8443727358197387e+07	-3.3543646451823298e+07	0.0000000000000000e+00	-0.0000000000000000e+00	0.0000000000000000e+00	0.0000000000000000e+00	0.0000000000000000e+00	0.0000000000000000e+00	0.0000000000000000e+00	0.0000000000000000e+00	0.0000000000000000e+00	
9.2075346303256844e-01	-0.0000000000000000e+00	-0.0000000000000000e+00	3.8527512543843433e-07	6.9999999999999996e-01	0.0000000000000000e+00	6.2056086112514919e+01	-1.8443716956284527e+07	-3.3543656621410277e+07	0.0000000000000000e+00	-0.0000000000000000e+00	0.0000000000000000e+00	0.0000000000000000e+00	0.0000000000000000e+00	0.0000000000000000e+00	0.0000000000000000e+00	0.0000000000000000e+00	0.0000000000000000e+00	
9.2170563827872420e-01	-0.0000000000000000e+00	-0.0000000000000000e+00	3.8527512543843433e-07	6.9999999999999996e-01	0.0000000000000000e+00	6.2056086112514919e+01	-1.8443716956284527e+07	-3.3543656621410277e+07	0.0000000000000000e+00	-0.0000000000000000e+00	0.0000000000000000e+00	0.0000000000000000e+00	0.0000000000000000e+00	0.0000000000000000e+00	0.0000000000000000e+00	0.0000000000000000e+00	0.0000000000000000e+00	
9.2265781352487986e-01	-0.0000000000000000e+00	-0.0000000000000000e+00	7.9749226668573330e-07	6.9999999999999996e-01	0.0000000000000000e+00	6.9393829274819794e+01	-1.8443713242612477e+07	-3.3543662022898685e+07	0.0000000000000000e+00	-0.0000000000000000e+00	0.0000000000000000e+00	0.0000000000000000e+00	0.0000000000000000e+00	0.0000000000000000e+00	0.0000000000000000e+00	0.0000000000000000e+00	0.0000000000000000e+00	
9.2360998877103562e-01	-0.0000000000000000e+00	-0.0000000000000000e+00	7.9749226668573330e-07	6.9999999999999996e-01	0.0000000000000000e+00	6.9393829274819794e+01	-1.8443713242612477e+07	-3.3543662022898685e+07	0.0000000000000000e+00	-0.0000000000000000e+00	0.0000000000000000e+00	0.0000000000000000e+00	0.0000000000000000e+00	0.0000000000000000e+00	0.0000000000000000e+00	0.0000000000000000e+00	0.0000000000000000e+00	
9.2456216401719127e-01	-0.0000000000000000e+00	-0.0000000000000000e+00	1.6152273211456515e-06	6.9999999999999996e-01	0.0000000000000000e+00	7.6486936161896892e+01	-1.8443699566414855e+07	-3.3543660390524291e+07	0.0000000000000000e+00	-0.0000000000000000e+00	0.0000000000000000e+00	0.0000000000000000e+00	0.0000000000000000e+00	0.0000000000000000e+00	0.0000000000000000e+00	0.0000000000000000e+00	0.0000000000000000e+00	
9.2551433926334703e-01	-0.0000000000000000e+00	-0.0000000000000000e+00	1.6152273211456515e-06	6.9999999999999996e-01	0.0000000000000000e+00	7.6486936161896892e+01	-1.8443699566414855e+07	-3.3543660390524291e+07	0.0000000000000000e+00	-0.0000000000000000e+00	0.0000000000000000e+00	0.0000000000000000e+00	0.0000000000000000e+00	0.0000000000000000e+00	0.0000000000000000e+00	0.0000000000000000e+00	0.0000000000000000e+00	
9.2646651450950268e-01	-0.0000000000000000e+00	-0.0000000000000000e+00	2.1032600143263629e-06	6.9999999999999996e-01	0.0000000000000000e+00	8.0265955617287631e+01	-1.8443697098131794e+07	-3.3543653543527786e+07	0.0000000000000000e+00	-0.0000000000000000e+00	0.0000000000000000e+00	0.0000000000000000e+00	0.0000000000000000e+00	0.0000000000000000e+00	0.0000000000000000e+00	0.0000000000000000e+00	0.0000000000000000e+00	
9.2741868975565844e-01	-0.0000000000000000e+00	-0.0000000000000000e+00	2.1032600143263629e-06	6.9999999999999996e-01	0.0000000000000000e+00	8.0265955617287631e+01	-1.8443697098131794e+07	-3.3543653543527786e+07	0.0000000000000000e+00	-0.0000000000000000e+00	0.0000000000000000e+00	0.0000000000000000e+00	0.0000000000000000e+00	0.0000000000000000e+00	0.0000000000000000e+00	0.0000000000000000e+00	0.0000000000000000e+00	
9.2837086500181409e-01	-0.0000000000000000e+00	-0.0000000000000000e+00	2.8791762281398808e-06	6.9999999999999996e-01	0.0000000000000000e+00	8.2004076446509572e+01	-1.8443684837148953e+07	-3.3543639840301037e+07	0.0000000000000000e+00	-0.0000000000000000e+00	0.0000000000000000e+00	0.0000000000000000e+00	0.0000000000000000e+00	0.0000000000000000e+00	0.0000000000000000e+00	0.0000000000000000e+00	0.0000000000000000e+00	
9.2932304024796986e-01	-0.0000000000000000e+00	-0.0000000000000000e+00	2.8791762281398808e-06	6.9999999999999996e-01	0.0000000000000000e+00	8.2004076446509572e+01	-1.8443684837148953e+07	-3.3543639840301037e+07	0.0000000000000000e+00	-0.0000000000000000e+00	0.0000000000000000e+00	0.0000000000000000e+00	0.0000000000000000e+00	0.0000000000000000e+00	0.0000000000000000e+00	0.0000000000000000e+00	0.0000000000000000e+00	
9.3027521549412551e-01	-0.0000000000000000e+00	-0.0000000000000000e+00	3.1424551345404749e-06	6.9999999999999996e-01	0.0000000000000000e+00	8.1813398134313800e+01	-1.8443686213787112e+07	-3.3543622974175647e+07	0.0000000000000000e+00	-0.0000000000000000e+00	0.0000000000000000e+00	0.0000000000000000e+00	0.0000000000000000e+00	0.0000000000000000e+00	0.0000000000000000e+00	0.0000000000000000e+00	0.0000000000000000e+00	
9.3122739074028127e-01	-0.0000000000000000e+00	-0.0000000000000000e+00	3.1424551345404749e-06	6.9999999999999996e-01	0.0000000000000000e+00	8.1813398134313800e+01	-1.8443686213787112e+07	-3.3543622974175647e+07	0.0000000000000000e+00	-0.0000000000000000e+00	0.0000000000000000e+00	0.0000000000000000e+00	0.0000000000000000e+00	0.0000000000000000e+00	0.0000000000000000e+00	0.0000000000000000e+00	0.0000000000000000e+00	
9.3217956598643692e-01	-0.0000000000000000e+00	-0.0000000000000000e+00	3.4514580082709693e-06	6.9999999999999996e-01	0.0000000000000000e+00	7.7694611782554517e+01	-1.8443680071357965e+07	-3.3543599074661907e+07	0.0000000000000000e+00	-0.0000000000000000e+00	0.0000000000000000e+00	0.0000000000000000e+00	0.0000000000000000e+00	0.0000000000000000e+00	0.0000000000000000e+00	0.0000000000000000e+00	0.0000000000000000e+00	
9.3313174123259268e-01	-0.0000000000000000e+00	-0.0000000000000000e+00	3.4514580082709693e-06	6.9999999999999996e-01	0.0000000000000000e+00	7.7694611782554517e+01	-1.8443680071357965e+07	-3.3543599074661907e+07	0.0000000000000000e+00	-0.0000000000000000e+00	0.0000000000000000e+00	0.0000000000000000e+00	0.0000000000000000e+00	0.0000000000000000e+00	0.0000000000000000e+00	0.0000000000000000e+00	0.0000000000000000e+00	
9.3408391647874833e-01	-0.0000000000000000e+00	-0.0000000000000000e+00	3.2508345379310397e-06	6.9999999999999996e-01	0.0000000000000000e+00	7.3163349857506901e+01	-1.8443686365706492e+07	-3.3543576554618496e+07	0.0000000000000000e+00	-0.0000000000000000e+00	0.0000000000000000e+00	0.0000000000000000e+00	0.0000000000000000e+00	0.0000000000000000e+00	0.0000000000000000e+00	0.0000000000000000e+00	0.0000000000000000e+00	
9.3503609172490409e-01	-0.0000000000000000e+00	-0.0000000000000000e+00	3.2508345379310397e-06	6.9999999999999996e-01	0.0000000000000000e+00	7.3163349857506901e+01	-1.8443686365706492e+07	-3.3543576554618496e+07	0.0000000000000000e+00	-0.0000000000000000e+00	0.0000000000000000e+00	0.0000000000000000e+00	0.0000000000000000e+00	0.0000000000000000e+00	0.0000000000000000e+00	0.0000000000000000e+00	0.0000000000000000e+00	
9.3598826697105975e-01	-0.0000000000000000e+00	-0.0000000000000000e+00	2.7725665549147528e-06	6.9999999999999996e-01	0.0000000000000000e+00	6.2860623086608932e+01	-1.8443689444847364e+07	-3.3543546178486995e+07	0.0000000000000000e+00	-0.0000000000000000e+00	0.0000000000000000e+00	0.0000000000000000e+00	0.0000000000000000e+00	0.0000000000000000e+00	0.0000000000000000e+00	0.0000000000000000e+00	0.0000000000000000e+00	
9.3694044221721551e-01	-0.0000000000000000e+00	-0.0000000000000000e+00	2.7725665549147528e-06	6.9999999999999996e-01	0.0000000000000000e+00	6.2860623086608932e+01	-1.8443689444847364e+07	-3.3543546178486995e+07	0.0000000000000000e+00	-0.0000000000000000e+00	0.0000000000000000e+00	0.0000000000000000e+00	0.0000000000000000e+00	0.0000000000000000e+00	0.0000000000000000e+00	0.0000000000000000e+00	0.0000000000000000e+00	
9.3789261746337116e-01	-0.0000000000000000e+00	-0.0000000000000000e+00	2.0161393725061227e-06	6.9999999999999996e-01	0.0000000000000000e+00	5.3524888308253352e+01	-1.8443699613489754e+07	-3.3543523078613028e+07	0.0000000000000000e+00	-0.0000000000000000e+00	0.0000000000000000e+00	0.0000000000000000e+00	0.0000000000000000e+00	0.0000000000000000e+00	0.0000000000000000e+00	0.0000000000000000e+00	0.0000000000000000e+00	
9.3884479270952692e-01	-0.0000000000000000e+00	-0.0000000000000000e+00	2.0161393725061227e-06	6.9999999999999996e-01	0.0000000000000000e+00	5.3524888308253352e+01	-1.8443699613489754e+07	-3.3543523078613028e+07	0.0000000000000000e+00	-0.0000000000000000e+00	0.0000000000000000e+00	0.0000000000000000e+00	0.0000000000000000e+00	0.0000000000000000e+00	0.0000000000000000e+00	0.0000000000000000e+00	0.0000000000000000e+00	
9.3979696795568257e-01	-0.0000000000000000e+00	-0.0000000000000000e+00	6.3916153718262399e-07	6.9999999999999996e-01	0.0000000000000000e+00	3.6902137038608579e+01	-1.8443712559290994e+07	-3.3543490821641132e+07	0.0000000000000000e+00	-0.0000000000000000e+00	0.0000000000000000e+00	0.0000000000000000e+00	0.0000000000000000e+00	0.0000000000000000e+00	0.0000000000000000e+00	0.0000000000000000e+00	0.0000000000000000e+00	
9.4074914320183833e-01	-0.0000000000000000e+00	-0.0000000000000000e+00	6.3916153718262399e-07	6.9999999999999996e-01	0.0000000000000000e+00	3.6902137038608579e+01	-1.8443712559290994e+07	-3.3543490821641132e+07	0.0000000000000000e+00	-0.0000000000000000e+00	0.0000000000000000e+00	0.0000000000000000e+00	0.0000000000000000e+00	0.0000000000000000e+00	0.0000000000000000e+00	0.0000000000000000e+00	0.0000000000000000e+00	
9.4170131844799398e-01	-0.0000000000000000e+00	-0.0000000000000000e+00	-5.9811132196382198e-07	6.9999999999999996e-01	0.0000000000000000e+00	2.2392318222007983e+01	-1.8443724035827126e+07	-3.3543471316739328e+07	0.0000000000000000e+00	-0.0000000000000000e+00	0.0000000000000000e+00	0.0000000000000000e+00	0.0000000000000000e+00	0.0000000000000000e+00	0.0000000000000000e+00	0.0000000000000000e+00	0.0000000000000000e+00	
9.4265349369414975e-01	-0.0000000000000000e+00	-0.0000000000000000e+00	-5.9811132196382198e-07	6.9999999999999996e-01	0.0000000000000000e+00	2.2392318222007983e+01	-1.8443724035827126e+07	-3.3543471316739328e+07	0.0000000000000000e+00	-0.0000000000000000e+00	0.0000000000000000e+00	0.0000000000000000e+00	0.0000000000000000e+00	0.0000000000000000e+00	0.0000000000000000e+00	0.0000000000000000e+00	0.0000000000000000e+00	
9.4360566894030540e-01	-0.0000000000000000e+00	-0.0000000000000000e+00	-2.7554786180859983e-06	6.9999999999999996e-01	0.0000000000000000e+00	-2.0170877939345008e-01	-1.8443745441329882e+07	-3.3543441508757904e+07	0.0000000000000000e+00	-0.0000000000000000e+00	0.0000000000000000e+00	0.0000000000000000e+00	0.0000000000000000e+00	0.0000000000000000e+00	0.0000000000000000e+00	0.0000000000000000e+00	0.0000000000000000e+00	
9.4455784418646116e-01	-0.0000000000000000e+00	-0.0000000000000000e+00	-2.7554786180859983e-06	6.9999999999999996e-01	0.0000000000000000e+00	-2.0170877939345008e-01	-1.8443745441329882e+07	-3.3543441508757904e+07	0.0000000000000000e+00	-0.0000000000000000e+00	0.0000000000000000e+00	0.0000000000000000e+00	0.0000000000000000e+00	0.0000000000000000e+00	0.0000000000000000e+00	0.0000000000000000e+00	0.0000000000000000e+00	
9.4551001943261681e-01	-0.0000000000000000e+00	-0.0000000000000000e+00	-4.2828345007929407e-06	6.9999999999999996e-01	0.0000000000000000e+00	-1.9734712027095441e+01	-1.8443755804355849e+07	-3.3543427762513719e+07	0.0000000000000000e+00	-0.0000000000000000e+00	0.0000000000000000e+00	0.0000000000000000e+00	0.0000000000000000e+00	0.0000000000000000e+00	0.0000000000000000e+00	0.0000000000000000e+00	0.0000000000000000e+00	
9.4646219467877257e-01	-0.0000000000000000e+00	-0.0000000000000000e+00	-4.2828345007929407e-06	6.9999999999999996e-01	0.0000000000000000e+00	-1.9734712027095441e+01	-1.8443755804355849e+07	-3.3543427762513719e+07	0.0000000000000000e+00	-0.0000000000000000e+00	0.0000000000000000e+00	0.0000000000000000e+00	0.0000000000000000e+00	0.0000000000000000e+00	0.0000000000000000e+00	0.0000000000000000e+00	0.0000000000000000e+00	
9.4741436992492822e-01	-0.0000000000000000e+00	-0.0000000000000000e+00	-6.9278527893404513e-06	6.9999999999999996e-01	0.0000000000000000e+00	-4.7028908140204912e+01	-1.8443783618240580e+07	-3.3543403557656392e+07	0.0000000000000000e+00	-0.0000000000000000e+00	0.0000000000000000e+00	0.0000000000000000e+00	0.0000000000000000e+00	0.0000000000000000e+00	0.0000000000000000e+00	0.0000000000000000e+00	0.0000000000000000e+00	
9.4836654517108399e-01	-0.0000000000000000e+00	-0.0000000000000000e+00	-6.9278527893404513e-06	6.9999999999999996e-01	0.0000000000000000e+00	-4.7028908140204912e+01	-1.8443783618240580e+07	-3.3543403557656392e+07	0.0000000000000000e+00	-0.0000000000000000e+00	0.0000000000000000e+00	0.0000000000000000e+00	0.0000000000000000e+00	0.0000000000000000e+00	0.0000000000000000e+00	0.0000000000000000e+00	0.0000000000000000e+00	
9.4931872041723964e-01	-0.0000000000000000e+00	-0.0000000000000000e+00	-8.5121333442734985e-06	6.9999999999999996e-01	0.0000000000000000e+00	-7.0418411713696841e+01	-1.8443792237495273e+07	-3.3543395282349862e+07	0.0000000000000000e+00	-0.0000000000000000e+00	0.0000000000000000e+00	0.0000000000000000e+00	0.0000000000000000e+00	0.0000000000000000e+00	0.0000000000000000e+00	0.0000000000000000e+00	0.0000000000000000e+00	
9.5027089566339540e-01	-0.0000000000000000e+00	-0.0000000000000000e+00	-8.5121333442734985e-06	6.9999999999999996e-01	0.0000000000000000e+00	-7.0418411713696841e+01	-1.8443792237495273e+07	-3.3543395282349862e+07	0.0000000000000000e+00	-0.0000000000000000e+00	0.0000000000000000e+00	0.0000000000000000e+00	0.0000000000000000e+00	0.0000000000000000e+00	0.0000000000000000e+00	0.0000000000000000e+00	0.0000000000000000e+00	
9.5122307090955105e-01	-0.0000000000000000e+00	-0.0000000000000000e+00	-1.1262763592474956e-05	6.9999999999999996e-01	0.0000000000000000e+00	-9.9782878934906407e+01	-1.8443825078413066e+07	-3.3543378004995678e+07	0.0000000000000000e+00	-0.0000000000000000e+00	0.0000000000000000e+00	0.0000000000000000e+00	0.0000000000000000e+00	0.0000000000000000e+00	0.0000000000000000e+00	0.0000000000000000e+00	0.0000000000000000e+00	
9.5217524615570681e-01	-0.0000000000000000e+00	-0.0000000000000000e+00	-1.1262763592474956e-05	6.9999999999999996e-01	0.0000000000000000e+00	-9.9782878934906407e+01	-1.8443825078413066e+07	-3.3543378004995678e+07	0.0000000000000000e+00	-0.0000000000000000e+00	0.0000000000000000e+00	0.0000000000000000e+00	0.0000000000000000e+00	0.0000000000000000e+00	0.0000000000000000e+00	0.0000000000000000e+00	0.0000000000000000e+00	
9.5312742140186246e-01	-0.0000000000000000e+00	-0.0000000000000000e+00	-1.2686136192117439e-05	6.9999999999999996e-01	0.0000000000000000e+00	-1.2447938746285730e+02	-1.8443833799258154e+07	-3.3543372773280550e+07	0.0000000000000000e+00	-0.0000000000000000e+00	0.0000000000000000e+00	0.0000000000000000e+00	0.0000000000000000e+00	0.0000000000000000e+00	0.0000000000000000e+00	0.0000000000000000e+00	0.0000000000000000e+00	
9.5407959664801822e-01	-0.0000000000000000e+00	-0.0000000000000000e+00	-1.2686136192117439e-05	6.9999999999999996e-01	0.0000000000000000e+00	-1.2447938746285730e+02	-1.8443833799258154e+07	-3.3543372773280550e+07	0.0000000000000000e+00	-0.0000000000000000e+00	0.0000000000000000e+00	0.0000000000000000e+00	0.0000000000000000e+00	0.0000000000000000e+00	0.0000000000000000e+00	0.0000000000000000e+00	0.0000000000000000e+00	
9.5503177189417388e-01	-0.0000000000000000e+00	-0.0000000000000000e+00	-1.5134463661460112e-05	6.9999999999999996e-01	0.0000000000000000e+00	-1.5184505045053194e+02	-1.8443871198749177e+07	-3.3543361931466732e+07	0.0000000000000000e+00	-0.0000000000000000e+00	0.0000000000000000e+00	0.0000000000000000e+00	0.0000000000000000e+00	0.0000000000000000e+00	0.0000000000000000e+00	0.0000000000000000e+00	0.0000000000000000e+00	
9.5598394714032964e-01	-0.0000000000000000e+00	-0.0000000000000000e+00	-1.5134463661460112e-05	6.9999999999999996e-01	0.0000000000000000e+00	-1.5184505045053194e+02	-1.8443871198749177e+07	-3.3543361931466732e+07	0.0000000000000000e+00	-0.0000000000000000e+00	0.0000000000000000e+00	0.0000000000000000e+00	0.0000000000000000e+00	0.0000000000000000e+00	0.0000000000000000e+00	0.0000000000000000e+00	0.0000000000000000e+00	
9.5693612238648529e-01	-0.0000000000000000e+00	-0.0000000000000000e+00	-1.6214877720233094e-05	6.9999999999999996e-01	0.0000000000000000e+00	-1.7399386204481513e+02	-1.8443883683988858e+07	-3.3543356243311577e+07	0.0000000000000000e+00	-0.0000000000000000e+00	0.0000000000000000e+00	0.0000000000000000e+00	0.0000000000000000e+00	0.0000000000000000e+00	0.0000000000000000e+00	0.0000000000000000e+00	0.0000000000000000e+00	
9.5788829763264105e-01	-0.0000000000000000e+00	-0.0000000000000000e+00	-1.6214877720233094e-05	6.9999999999999996e-01	0.0000000000000000e+00	-1.7399386204481513e+02	-1.8443883683988858e+07	-3.3543356243311577e+07	0.0000000000000000e+00	-0.0000000000000000e+00	0.0000000000000000e+00	0.0000000000000000e+00	0.0000000000000000e+00	0.0000000000000000e+00	0.0000000000000000e+00	0.0000000000000000e+00	0.0000000000000000e+00	
9.5884047287879670e-01	-0.0000000000000000e+00	-0.0000000000000000e+00	-1.7954151183511996e-05	6.9999999999999996e-01	0.0000000000000000e+00	-1.9438538811923166e+02	-1.8443925134194281e+07	-3.3543350166432384e+07	0.0000000000000000e+00	-0.0000000000000000e+00	0.0000000000000000e+00	0.0000000000000000e+00	0.0000000000000000e+00	0.0000000000000000e+00	0.0000000000000000e+00	0.0000000000000000e+00	0.0000000000000000e+00	
9.5979264812495246e-01	-0.0000000000000000e+00	-0.0000000000000000e+00	-1.7954151183511996e-05	6.9999999999999996e-01	0.0000000000000000e+00	-1.9438538811923166e+02	-1.8443925134194281e+07	-3.3543350166432384e+07	0.0000000000000000e+00	-0.0000000000000000e+00	0.0000000000000000e+00	0.0000000000000000e+00	0.0000000000000000e+00	0.0000000000000000e+00	0.0000000000000000e+00	0.0000000000000000e+00	0.0000000000000000e+00	
9.6074482337110811e-01	-0.0000000000000000e+00	-0.0000000000000000e+00	-1.8522910700532774e-05	6.9999999999999996e-01	0.0000000000000000e+00	-2.0949493343246044e+02	-1.8443944907299478e+07	-3.3543340681050178e+07	0.0000000000000000e+00	-0.0000000000000000e+00	0.0000000000000000e+00	0.0000000000000000e+00	0.0000000000000000e+00	0.0000000000000000e+00	0.0000000000000000e+00	0.0000000000000000e+00	0.0000000000000000e+00	
9.6169699861726388e-01	-0.0000000000000000e+00	-0.0000000000000000e+00	-1.8522910700532774e-05	6.9999999999999996e-01	0.0000000000000000e+00	-2.0949493343246044e+02	-1.8443944907299478e+07	-3.3543340681050178e+07	0.0000000000000000e+00	-0.0000000000000000e+00	0.0000000000000000e+00	0.0000000000000000e+00	0.0000000000000000e+00	0.0000000000000000e+00	0.0000000000000000e+00	0.0000000000000000e+00	0.0000000000000000e+00	
9.6264917386341953e-01	-0.0000000000000000e+00	-0.0000000000000000e+00	-1.9150959279670409e-05	6.9999999999999996e-01	0.0000000000000000e+00	-2.1807399803875734e+02	-1.8443988122270685e+07	-3.3543337207674827e+07	0.0000000000000000e+00	-0.0000000000000000e+00	0.0000000000000000e+00	0.0000000000000000e+00	0.0000000000000000e+00	0.0000000000000000e+00	0.0000000000000000e+00	0.0000000000000000e+00	0.0000000000000000e+00	
9.6360134910957529e-01	-0.0000000000000000e+00	-0.0000000000000000e+00	-1.9150959279670409e-05	6.9999999999999996e-01	0.0000000000000000e+00	-2.1807399803875734e+02	-1.8443988122270685e+07	-3.3543337207674827e+07	0.0000000000000000e+00	-0.0000000000000000e+00	0.0000000000000000e+00	0.0000000000000000e+00	0.0000000000000000e+00	0.0000000000000000e+00	0.0000000000000000e+00	0.0000000000000000e+00	0.0000000000000000e+00	
9.6455352435573094e-01	-0.0000000000000000e+00	-0.0000000000000000e+00	-1.9007328759400335e-05	6.9999999999999996e-01	0.0000000000000000e+00	-2.2204253562526009e+02	-1.8444015795341779e+07	-3.3543321543205600e+07	0.0000000000000000e+00	-0.0000000000000000e+00	0.0000000000000000e+00	0.0000000000000000e+00	0.0000000000000000e+00	0.0000000000000000e+00	0.0000000000000000e+00	0.0000000000000000e+00	0.0000000000000000e+00	
9.6550569960188670e-01	-0.0000000000000000e+00	-0.0000000000000000e+00	-1.9007328759400335e-05	6.9999999999999996e-01	0.0000000000000000e+00	-2.2204253562526009e+02	-1.8444015795341779e+07	-3.3543321543205600e+07	0.0000000000000000e+00	-0.0000000000000000e+00	0.0000000000000000e+00	0.0000000000000000e+00	0.0000000000000000e+00	0.0000000000000000e+00	0.0000000000000000e+00	0.0000000000000000e+00	0.0000000000000000e+00	
9.6645787484804235e-01	-0.0000000000000000e+00	-0.0000000000000000e+00	-1.8129491905544403e-05	6.9999999999999996e-01	0.0000000000000000e+00	-2.1533776796641493e+02	-1.8444054783753350e+07	-3.3543318750956405e+07	0.0000000000000000e+00	-0.0000000000000000e+00	0.0000000000000000e+00	0.0000000000000000e+00	0.0000000000000000e+00	0.0000000000000000e+00	0.0000000000000000e+00	0.0000000000000000e+00	0.0000000000000000e+00	
9.6741005009419812e-01	-0.0000000000000000e+00	-0.0000000000000000e+00	-1.8129491905544403e-05	6.9999999999999996e-01	0.0000000000000000e+00	-2.1533776796641493e+02	-1.8444054783753350e+07	-3.3543318750956405e+07	0.0000000000000000e+00	-0.0000000000000000e+00	0.0000000000000000e+00	0.0000000000000000e+00	0.0000000000000000e+00	0.0000000000000000e+00	0.0000000000000000e+00	0.0000000000000000e+00	0.0000000000000000e+00	
9.6836222534035377e-01	-0.0000000000000000e+00	-0.0000000000000000e+00	-1.7033696048025577e-05	6.9999999999999996e-01	0.0000000000000000e+00	-2.0548973729259291e+02	-1.8444085911312494e+07	-3.3543296253275760e+07	0.0000000000000000e+00	-0.0000000000000000e+00	0.0000000000000000e+00	0.0000000000000000e+00	0.0000000000000000e+00	0.0000000000000000e+00	0.0000000000000000e+00	0.0000000000000000e+00	0.0000000000000000e+00	
9.6931440058650953e-01	-0.0000000000000000e+00	-0.0000000000000000e+00	-1.7033696048025577e-05	6.9999999999999996e-01	0.0000000000000000e+00	-2.0548973729259291e+02	-1.8444085911312494e+07	-3.3543296253275760e+07	0.0000000000000000e+00	-0.0000000000000000e+00	0.0000000000000000e+00	0.0000000000000000e+00	0.0000000000000000e+00	0.0000000000000000e+00	0.0000000000000000e+00	0.0000000000000000e+00	0.0000000000000000e+00	
9.7026657583266518e-01	-0.0000000000000000e+00	-0.0000000000000000e+00	-1.4334193304064377e-05	6.9999999999999996e-01	0.0000000000000000e+00	-1.8234466677273289e+02	-1.8444110557011288e+07	-3.3543293383884095e+07	0.0000000000000000e+00	-0.0000000000000000e+00	0.0000000000000000e+00	0.0000000000000000e+00	0.0000000000000000e+00	0.0000000000000000e+00	0.0000000000000000e+00	0.0000000000000000e+00	0.0000000000000000e+00	
9.7121875107882094e-01	-0.0000000000000000e+00	-0.0000000000000000e+00	-1.4334193304064377e-05	6.9999999999999996e-01	0.0000000000000000e+00	-1.8234466677273289e+02	-1.8444110557011288e+07	-3.3543293383884095e+07	0.0000000000000000e+00	-0.0000000000000000e+00	0.0000000000000000e+00	0.0000000000000000e+00	0.0000000000000000e+00	0.0000000000000000e+00	0.0000000000000000e+00	0.0000000000000000e+00	0.0000000000000000e+00	
9.7217092632497659e-01	-0.0000000000000000e+00	-0.0000000000000000e+00	-1.2081248030189047e-05	6.9999999999999996e-01	0.0000000000000000e+00	-1.5815877330522250e+02	-1.8444135605435517e+07	-3.3543265988503762e+07	0.0000000000000000e+00	-0.0000000000000000e+00	0.0000000000000000e+00	0.0000000000000000e+00	0.0000000000000000e+00	0.0000000000000000e+00	0.0000000000000000e+00	0.0000000000000000e+00	0.0000000000000000e+00	
9.7312310157113235e-01	-0.0000000000000000e+00	-0.0000000000000000e+00	-1.2081248030189047e-05	6.9999999999999996e-01	0.0000000000000000e+00	-1.5815877330522250e+02	-1.8444135605435517e+07	-3.3543265988503762e+07	0.0000000000000000e+00	-0.0000000000000000e+00	0.0000000000000000e+00	0.0000000000000000e+00	0.0000000000000000e+00	0.0000000000000000e+00	0.0000000000000000e+00	0.0000000000000000e+00	0.0000000000000000e+00	
9.7407527681728800e-01	-0.0000000000000000e+00	-0.0000000000000000e+00	-7.4675201221039733e-06	6.9999999999999996e-01	0.0000000000000000e+00	-1.2007010127927475e+02	-1.8444133665048182e+07	-3.3543264244944189e+07	0.0000000000000000e+00	-0.0000000000000000e+00	0.0000000000000000e+00	0.0000000000000000e+00	0.0000000000000000e+00	0.0000000000000000e+00	0.0000000000000000e+00	0.0000000000000000e+00	0.0000000000000000e+00	
9.7502745206344377e-01	-0.0000000000000000e+00	-0.0000000000000000e+00	-7.4675201221039733e-06	6.9999999999999996e-01	0.0000000000000000e+00	-1.2007010127927475e+02	-1.8444133665048182e+07	-3.3543264244944189e+07	0.0000000000000000e+00	-0.0000000000000000e+00	0.0000000000000000e+00	0.0000000000000000e+00	0.0000000000000000e+00	0.0000000000000000e+00	0.0000000000000000e+00	0.0000000000000000e+00	0.0000000000000000e+00	
9.7597962730959942e-01	-0.0000000000000000e+00	-0.0000000000000000e+00	-4.0111650802894957e-06	6.9999999999999996e-01	0.0000000000000000e+00	-8.3410938064970310e+01	-1.8444140352363806e+07	-3.3543236924880311e+07	0.0000000000000000e+00	-0.0000000000000000e+00	0.0000000000000000e+00	0.0000000000000000e+00	0.0000000000000000e+00	0.0000000000000000e+00	0.0000000000000000e+00	0.0000000000000000e+00	0.0000000000000000e+00	
9.7693180255575518e-01	-0.0000000000000000e+00	-0.0000000000000000e+00	-4.0111650802894957e-06	6.9999999999999996e-01	0.0000000000000000e+00	-8.3410938064970310e+01	-1.8444140352363806e+07	-3.3543236924880311e+07	0.0000000000000000e+00	-0.0000000000000000e+00	0.0000000000000000e+00	0.0000000000000000e+00	0.0000000000000000e+00	0.0000000000000000e+00	0.0000000000000000e+00	0.0000000000000000e+00	0.0000000000000000e+00	
9.7788397780191083e-01	-0.0000000000000000e+00	-0.0000000000000000e+00	2.2496326962819676e-06	6.9999999999999996e-01	0.0000000000000000e+00	-3.4246152255013165e+01	-1.8444101098788299e+07	-3.3543239696847335e+07	0.0000000000000000e+00	-0.0000000000000000e+00	0.0000000000000000e+00	0.0000000000000000e+00	0.0000000000000000e+00	0.0000000000000000e+00	0.0000000000000000e+00	0.0000000000000000e+00	0.0000000000000000e+00	
9.7883615304806659e-01	-0.0000000000000000e+00	-0.0000000000000000e+00	2.2496326962819676e-06	6.9999999999999996e-01	0.0000000000000000e+00	-3.4246152255013165e+01	-1.8444101098788299e+07	-3.3543239696847335e+07	0.0000000000000000e+00	-0.0000000000000000e+00	0.0000000000000000e+00	0.0000000000000000e+00	0.0000000000000000e+00	0.0000000000000000e+00	0.0000000000000000e+00	0.0000000000000000e+00	0.0000000000000000e+00	
9.7978832829422224e-01	-0.0000000000000000e+00	-0.0000000000000000e+00	6.6930298240078536e-06	6.9999999999999996e-01	0.0000000000000000e+00	1.0952777015901640e+01	-1.8444078163394567e+07	-3.3543220014690109e+07	0.0000000000000000e+00	-0.0000000000000000e+00	0.0000000000000000e+00	0.0000000000000000e+00	0.0000000000000000e+00	0.0000000000000000e+00	0.0000000000000000e+00	0.0000000000000000e+00	0.0000000000000000e+00	
9.8074050354037801e-01	-0.0000000000000000e+00	-0.0000000000000000e+00	6.6930298240078536e-06	6.9999999999999996e-01	0.0000000000000000e+00	1.0952777015901640e+01	-1.8444078163394567e+07	-3.3543220014690109e+07	0.0000000000000000e+00	-0.0000000000000000e+00	0.0000000000000000e+00	0.0000000000000000e+00	0.0000000000000000e+00	0.0000000000000000e+00	0.0000000000000000e+00	0.0000000000000000e+00	0.0000000000000000e+00	
9.8169267878653366e-01	-0.0000000000000000e+00	-0.0000000000000000e+00	1.3921283112122690e-05	6.9999999999999996e-01	0.0000000000000000e+00	6.5716243585948362e+01	-1.8443996261183660e+07	-3.3543232274331663e+07	0.0000000000000000e+00	-0.0000000000000000e+00	0.0000000000000000e+00	0.0000000000000000e+00	0.0000000000000000e+00	0.0000000000000000e+00	0.0000000000000000e+00	0.0000000000000000e+00	0.0000000000000000e+00	
9.8264485403268942e-01	-0.0000000000000000e+00	-0.0000000000000000e+00	1.3921283112122690e-05	6.9999999999999996e-01	0.0000000000000000e+00	6.5716243585948362e+01	-1.8443996261183660e+07	-3.3543232274331663e+07	0.0000000000000000e+00	-0.0000000000000000e+00	0.0000000000000000e+00	0.0000000000000000e+00	0.0000000000000000e+00	0.0000000000000000e+00	0.0000000000000000e+00	0.0000000000000000e+00	0.0000000000000000e+00	
9.8359702927884507e-01	-0.0000000000000000e+00	-0.0000000000000000e+00	1.8836265635613783e-05	6.9999999999999996e-01	0.0000000000000000e+00	1.1424537083089231e+02	-1.8443937367960222e+07	-3.3543228985127799e+07	0.0000000000000000e+00	-0.0000000000000000e+00	0.0000000000000000e+00	0.0000000000000000e+00	0.0000000000000000e+00	0.0000000000000000e+00	0.0000000000000000e+00	0.0000000000000000e+00	0.0000000000000000e+00	
9.8454920452500083e-01	-0.0000000000000000e+00	-0.0000000000000000e+00	1.8836265635613783e-05	6.9999999999999996e-01	0.0000000000000000e+00	1.1424537083089231e+02	-1.8443937367960222e+07	-3.3543228985127799e+07	0.0000000000000000e+00	-0.0000000000000000e+00	0.0000000000000000e+00	0.0000000000000000e+00	0.0000000000000000e+00	0.0000000000000000e+00	0.0000000000000000e+00	0.0000000000000000e+00	0.0000000000000000e+00	
9.8550137977115648e-01	-0.0000000000000000e+00	-0.0000000000000000e+00	2.5995435267903989e-05	6.9999999999999996e-01	0.0000000000000000e+00	1.6851671188642803e+02	-1.8443815773670193e+07	-3.3543256041500058e+07	0.0000000000000000e+00	-0.0000000000000000e+00	0.0000000000000000e+00	0.0000000000000000e+00	0.0000000000000000e+00	0.0000000000000000e+00	0.0000000000000000e+00	0.0000000000000000e+00	0.0000000000000000e+00	
9.8645355501731224e-01	-0.0000000000000000e+00	-0.0000000000000000e+00	2.5995435267903989e-05	6.9999999999999996e-01	0.0000000000000000e+00	1.6851671188642803e+02	-1.8443815773670193e+07	-3.3543256041500058e+07	0.0000000000000000e+00	-0.0000000000000000e+00	0.0000000000000000e+00	0.0000000000000000e+00	0.0000000000000000e+00	0.0000000000000000e+00	0.0000000000000000e+00	0.0000000000000000e+00	0.0000000000000000e+00	
9.8740573026346790e-01	-0.0000000000000000e+00	-0.0000000000000000e+00	3.0605896619559803e-05	6.9999999999999996e-01	0.0000000000000000e+00	2.1492613699917857e+02	-1.8443722571156170e+07	-3.3543277140449315e+07	0.0000000000000000e+00	-0.0000000000000000e+00	0.0000000000000000e+00	0.0000000000000000e+00	0.0000000000000000e+00	0.0000000000000000e+00	0.0000000000000000e+00	0.0000000000000000e+00	0.0000000000000000e+00	
9.8835790550962366e-01	-0.0000000000000000e+00	-0.0000000000000000e+00	3.0605896619559803e-05	6.9999999999999996e-01	0.0000000000000000e+00	2.1492613699917857e+02	-1.8443722571156170e+07	-3.3543277140449315e+07	0.0000000000000000e+00	-0.0000000000000000e+00	0.0000000000000000e+00	0.0000000000000000e+00	0.0000000000000000e+00	0.0000000000000000e+00	0.0000000000000000e+00	0.0000000000000000e+00	0.0000000000000000e+00	
9.8931008075577931e-01	-0.0000000000000000e+00	-0.0000000000000000e+00	3.6441059156416960e-05	6.9999999999999996e-01	0.0000000000000000e+00	2.6300756572642740e+02	-1.8443573968691647e+07	-3.3543322946551748e+07	0.0000000000000000e+00	-0.0000000000000000e+00	0.0000000000000000e+00	0.0000000000000000e+00	0.0000000000000000e+00	0.0000000000000000e+00	0.0000000000000000e+00	0.0000000000000000e+00	0.0000000000000000e+00	
9.9026225600193507e-01	-0.0000000000000000e+00	-0.0000000000000000e+00	3.6441059156416960e-05	6.9999999999999996e-01	0.0000000000000000e+00	2.6300756572642740e+02	-1.8443573968691647e+07	-3.3543322946551748e+07	0.0000000000000000e+00	-0.0000000000000000e+00	0.0000000000000000e+00	0.0000000000000000e+00	0.0000000000000000e+00	0.0000000000000000e+00	0.0000000000000000e+00	0.0000000000000000e+00	0.0000000000000000e+00	
9.9121443124809072e-01	-0.0000000000000000e+00	-0.0000000000000000e+00	3.9816060731628724e-05	6.9999999999999996e-01	0.0000000000000000e+00	3.0255862237135540e+02	-1.8443457594504435e+07	-3.3543373507853638e+07	0.0000000000000000e+00	-0.0000000000000000e+00	0.0000000000000000e+00	0.0000000000000000e+00	0.0000000000000000e+00	0.0000000000000000e+00	0.0000000000000000e+00	0.0000000000000000e+00	0.0000000000000000e+00	
9.9216660649424648e-01	-0.0000000000000000e+00	-0.0000000000000000e+00	3.9816060731628724e-05	6.9999999999999996e-01	0.0000000000000000e+00	3.0255862237135540e+02	-1.8443457594504435e+07	-3.3543373507853638e+07	0.0000000000000000e+00	-0.0000000000000000e+00	0.0000000000000000e+00	0.0000000000000000e+00	0.0000000000000000e+00	0.0000000000000000e+00	0.0000000000000000e+00	0.0000000000000000e+00	0.0000000000000000e+00	
9.9311878174040213e-01	-0.0000000000000000e+00	-0.0000000000000000e+00	4.3064210949057281e-05	6.9999999999999996e-01	0.0000000000000000e+00	3.3987685186765185e+02	-1.8443303794666056e+07	-3.3543438917792216e+07	0.0000000000000000e+00	-0.0000000000000000e+00	0.0000000000000000e+00	0.0000000000000000e+00	0.0000000000000000e+00	0.0000000000000000e+00	0.0000000000000000e+00	0.0000000000000000e+00	0.0000000000000000e+00	
9.9407095698655790e-01	-0.0000000000000000e+00	-0.0000000000000000e+00	4.3064210949057281e-05	6.9999999999999996e-01	0.0000000000000000e+00	3.3987685186765185e+02	-1.8443303794666056e+07	-3.3543438917792216e+07	0.0000000000000000e+00	-0.0000000000000000e+00	0.0000000000000000e+00	0.0000000000000000e+00	0.0000000000000000e+00	0.0000000000000000e+00	0.0000000000000000e+00	0.0000000000000000e+00	0.0000000000000000e+00	
9.9502313223271355e-01	-0.0000000000000000e+00	-0.0000000000000000e+00	4.4301472554001844e-05	6.9999999999999996e-01	0.0000000000000000e+00	3.6910453861327431e+02	-1.8443183890307263e+07	-3.3543519013001990e+07	0.0000000000000000e+00	-0.0000000000000000e+00	0.0000000000000000e+00	0.0000000000000000e+00	0.0000000000000000e+00	0.0000000000000000e+00	0.0000000000000000e+00	0.0000000000000000e+00	0.0000000000000000e+00	
9.9597530747886931e-01	-0.0000000000000000e+00	-0.0000000000000000e+00	4.4301472554001844e-05	6.9999999999999996e-01	0.0000000000000000e+00	3.6910453861327431e+02	-1.8443183890307263e+07	-3.3543519013001990e+07	0.0000000000000000e+00	-0.0000000000000000e+00	0.0000000000000000e+00	0.0000000000000000e+00	0.0000000000000000e+00	0.0000000000000000e+00	0.0000000000000000e+00	0.0000000000000000e+00	0.0000000000000000e+00	
9.9692748272502496e-01	-0.0000000000000000e+00	-0.0000000000000000e+00	4.3955677247091024e-05	6.9999999999999996e-01	0.0000000000000000e+00	3.9256109432836024e+02	-1.8443052660961367e+07	-3.3543600148064185e+07	0.0000000000000000e+00	-0.0000000000000000e+00	0.0000000000000000e+00	0.0000000000000000e+00	0.0000000000000000e+00	0.0000000000000000e+00	0.0000000000000000e+00	0.0000000000000000e+00	0.0000000000000000e+00	
9.9787965797118072e-01	-0.0000000000000000e+00	-0.0000000000000000e+00	4.3955677247091024e-05	6.9999999999999996e-01	0.0000000000000000e+00	3.9256109432836024e+02	-1.8443052660961367e+07	-3.3543600148064185e+07	0.0000000000000000e+00	-0.0000000000000000e+00	0.0000000000000000e+00	0.0000000000000000e+00	0.0000000000000000e+00	0.0000000000000000e+00	0.0000000000000000e+00	0.0000000000000000e+00	0.0000000000000000e+00	
9.9883183321733637e-01	-0.0000000000000000e+00	-0.0000000000000000e+00	4.2421298231208215e-05	6.9999999999999996e-01	0.0000000000000000e+00	4.0936302672607502e+02	-1.8442953551608808e+07	-3.3543703265982199e+07	0.0000000000000000e+00	-0.0000000000000000e+00	0.0000000000000000e+00	0.0000000000000000e+00	0.0000000000000000e+00	0.0000000000000000e+00	0.0000000000000000e+00	0.0000000000000000e+00	0.0000000000000000e+00	
9.9978400846349214e-01	-0.0000000000000000e+00	-0.0000000000000000e+00	4.2421298231208215e-05	6.9999999999999996e-01	0.0000000000000000e+00	4.0936302672607502e+02	-1.8442953551608808e+07	-3.3543703265982199e+07	0.0000000000000000e+00	-0.0000000000000000e+00	0.0000000000000000e+00	0.0000000000000000e+00	0.0000000000000000e+00	0.0000000000000000e+00	0.0000000000000000e+00	0.0000000000000000e+00	0.0000000000000000e+00	
1.0000000000000000e+00	-0.0000000000000000e+00	-0.0000000000000000e+00	3.8001176699310759e-05	6.9999999999999996e-01	0.0000000000000000e+00	4.1725667562111448e+02	-1.8442873070182972e+07	-3.3543790531042606e+07	0.0000000000000000e+00	-0.0000000000000000e+00	0.0000000000000000e+00	0.0000000000000000e+00	0.0000000000000000e+00	0.0000000000000000e+00	0.0000000000000000e+00	0.0000000000000000e+00	0.0000000000000000e+00	
1.0009521752461557e+00	-0.0000000000000000e+00	-0.0000000000000000e+00	3.7250813624656815e-05	6.9999999999999996e-01	0.0000000000000000e+00	4.1912143871663943e+02	-1.8442868875706833e+07	-3.3543807429708257e+07	0.0000000000000000e+00	-0.0000000000000000e+00	0.0000000000000000e+00	0.0000000000000000e+00	0.0000000000000000e+00	0.0000000000000000e+00	0.0000000000000000e+00	0.0000000000000000e+00	0.0000000000000000e+00	
1.0019043504923113e+00	-0.0000000000000000e+00	-0.0000000000000000e+00	3.7250813624656815e-05	6.9999999999999996e-01	0.0000000000000000e+00	4.1912143871663943e+02	-1.8442868875706833e+07	-3.3543807429708257e+07	0.0000000000000000e+00	-0.0000000000000000e+00	0.0000000000000000e+00	0.0000000000000000e+00	0.0000000000000000e+00	0.0000000000000000e+00	0.0000000000000000e+00	0.0000000000000000e+00	0.0000000000000000e+00	
1.0028565257384672e+00	-0.0000000000000000e+00	-0.0000000000000000e+00	3.1157369758506853e-05	6.9999999999999996e-01	0.0000000000000000e+00	4.1794535627370556e+02	-1.8442822305597920e+07	-3.3543900871814586e+07	0.0000000000000000e+00	-0.0000000000000000e+00	0.0000000000000000e+00	0.0000000000000000e+00	0.0000000000000000e+00	0.0000000000000000e+00	0.0000000000000000e+00	0.0000000000000000e+00	0.0000000000000000e+00	
1.0038087009846228e+00	-0.0000000000000000e+00	-0.0000000000000000e+00	3.1157369758506853e-05	6.9999999999999996e-01	0.0000000000000000e+00	4.1794535627370556e+02	-1.8442822305597920e+07	-3.3543900871814586e+07	0.0000000000000000e+00	-0.0000000000000000e+00	0.0000000000000000e+00	0.0000000000000000e+00	0.0000000000000000e+00	0.0000000000000000e+00	0.0000000000000000e+00	0.0000000000000000e+00	0.0000000000000000e+00	
1.0047608762307787e+00	-0.0000000000000000e+00	-0.0000000000000000e+00	2.5857715976883832e-05	6.9999999999999996e-01	0.0000000000000000e+00	4.1502575988188551e+02	-1.8442791965926901e+07	-3.3544014849095520e+07	0.0000000000000000e+00	-0.0000000000000000e+00	0.0000000000000000e+00	0.0000000000000000e+00	0.0000000000000000e+00	0.0000000000000000e+00	0.0000000000000000e+00	0.0000000000000000e+00	0.0000000000000000e+00	
1.0057130514769343e+00	-0.0000000000000000e+00	-0.0000000000000000e+00	2.5857715976883832e-05	6.9999999999999996e-01	0.0000000000000000e+00	4.1502575988188551e+02	-1.8442791965926901e+07	-3.3544014849095520e+07	0.0000000000000000e+00	-0.0000000000000000e+00	0.0000000000000000e+00	0.0000000000000000e+00	0.0000000000000000e+00	0.0000000000000000e+00	0.0000000000000000e+00	0.0000000000000000e+00	0.0000000000000000e+00	
1.0066652267230902e+00	-0.0000000000000000e+00	-0.0000000000000000e+00	1.5938009807882786e-05	6.9999999999999996e-01	0.0000000000000000e+00	3.9604231568506640e+02	-1.8442827817554660e+07	-3.3544077963842846e+07	0.0000000000000000e+00	-0.0000000000000000e+00	0.0000000000000000e+00	0.0000000000000000e+00	0.0000000000000000e+00	0.0000000000000000e+00	0.0000000000000000e+00	0.0000000000000000e+00	0.0000000000000000e+00	
1.0076174019692459e+00	-0.0000000000000000e+00	-0.0000000000000000e+00	1.5938009807882786e-05	6.9999999999999996e-01	0.0000000000000000e+00	3.9604231568506640e+02	-1.8442827817554660e+07	-3.3544077963842846e+07	0.0000000000000000e+00	-0.0000000000000000e+00	0.0000000000000000e+00	0.0000000000000000e+00	0.0000000000000000e+00	0.0000000000000000e+00	0.0000000000000000e+00	0.0000000000000000e+00	0.0000000000000000e+00	
1.0085695772154017e+00	-0.0000000000000000e+00	-0.0000000000000000e+00	7.9445003773918501e-06	6.9999999999999996e-01	0.0000000000000000e+00	3.7533023286390971e+02	-1.8442873539356876e+07	-3.3544169135496266e+07	0.0000000000000000e+00	-0.0000000000000000e+00	0.0000000000000000e+00	0.0000000000000000e+00	0.0000000000000000e+00	0.0000000000000000e+00	0.0000000000000000e+00	0.0000000000000000e+00	0.0000000000000000e+00	
1.0095217524615574e+00	-0.0000000000000000e+00	-0.0000000000000000e+00	7.9445003773918501e-06	6.9999999999999996e-01	0.0000000000000000e+00	3.7533023286390971e+02	-1.8442873539356876e+07	-3.3544169135496266e+07	0.0000000000000000e+00	-0.0000000000000000e+00	0.0000000000000000e+00	0.0000000000000000e+00	0.0000000000000000e+00	0.0000000000000000e+00	0.0000000000000000e+00	0.0000000000000000e+00	0.0000000000000000e+00	
1.0104739277077133e+00	-0.0000000000000000e+00	-0.0000000000000000e+00	-4.0736869145179041e-06	6.9999999999999996e-01	0.0000000000000000e+00	3.3821852132677014e+02	-1.8442999277320307e+07	-3.3544204082351603e+07	0.0000000000000000e+00	-0.0000000000000000e+00	0.0000000000000000e+00	0.0000000000000000e+00	0.0000000000000000e+00	0.0000000000000000e+00	0.0000000000000000e+00	0.0000000000000000e+00	0.0000000000000000e+00	
1.0114261029538689e+00	-0.0000000000000000e+00	-0.0000000000000000e+00	-4.0736869145179041e-06	6.9999999999999996e-01	0.0000000000000000e+00	3.3821852132677014e+02	-1.8442999277320307e+07	-3.3544204082351603e+07	0.0000000000000000e+00	-0.0000000000000000e+00	0.0000000000000000e+00	0.0000000000000000e+00	0.0000000000000000e+00	0.0000000000000000e+00	0.0000000000000000e+00	0.0000000000000000e+00	0.0000000000000000e+00	
1.0123782782000248e+00	-0.0000000000000000e+00	-0.0000000000000000e+00	-1.2496850877457016e-05	6.9999999999999996e-01	0.0000000000000000e+00	3.0116259355645985e+02	-1.8443107554677300e+07	-3.3544258877259642e+07	0.0000000000000000e+00	-0.0000000000000000e+00	0.0000000000000000e+00	0.0000000000000000e+00	0.0000000000000000e+00	0.0000000000000000e+00	0.0000000000000000e+00	0.0000000000000000e+00	0.0000000000000000e+00	
1.0133304534461804e+00	-0.0000000000000000e+00	-0.0000000000000000e+00	-1.2496850877457016e-05	6.9999999999999996e-01	0.0000000000000000e+00	3.0116259355645985e+02	-1.8443107554677300e+07	-3.3544258877259642e+07	0.0000000000000000e+00	-0.0000000000000000e+00	0.0000000000000000e+00	0.0000000000000000e+00	0.0000000000000000e+00	0.0000000000000000e+00	0.0000000000000000e+00	0.0000000000000000e+00	0.0000000000000000e+00	
1.0142826286923363e+00	-0.0000000000000000e+00	-0.0000000000000000e+00	-2.4495532090086484e-05	6.9999999999999996e-01	0.0000000000000000e+00	2.4801241153253494e+02	-1.8443301173968900e+07	-3.3544242819652986e+07	0.0000000000000000e+00	-0.0000000000000000e+00	0.0000000000000000e+00	0.0000000000000000e+00	0.0000000000000000e+00	0.0000000000000000e+00	0.0000000000000000e+00	0.0000000000000000e+00	0.0000000000000000e+00	
1.0152348039384920e+00	-0.0000000000000000e+00	-0.0000000000000000e+00	-2.4495532090086484e-05	6.9999999999999996e-01	0.0000000000000000e+00	2.4801241153253494e+02	-1.8443301173968900e+07	-3.3544242819652986e+07	0.0000000000000000e+00	-0.0000000000000000e+00	0.0000000000000000e+00	0.0000000000000000e+00	0.0000000000000000e+00	0.0000000000000000e+00	0.0000000000000000e+00	0.0000000000000000e+00	0.0000000000000000e+00	
1.0161869791846478e+00	-0.0000000000000000e+00	-0.0000000000000000e+00	-3.1685900168215757e-05	6.9999999999999996e-01	0.0000000000000000e+00	1.9369787406304437e+02	-1.8443451304642953e+07	-3.3544243446710173e+07	0.0000000000000000e+00	-0.0000000000000000e+00	0.0000000000000000e+00	0.0000000000000000e+00	0.0000000000000000e+00	0.0000000000000000e+00	0.0000000000000000e+00	0.0000000000000000e+00	0.0000000000000000e+00	
1.0171391544308035e+00	-0.0000000000000000e+00	-0.0000000000000000e+00	-3.1685900168215757e-05	6.9999999999999996e-01	0.0000000000000000e+00	1.9369787406304437e+02	-1.8443451304642953e+07	-3.3544243446710173e+07	0.0000000000000000e+00	-0.0000000000000000e+00	0.0000000000000000e+00	0.0000000000000000e+00	0.0000000000000000e+00	0.0000000000000000e+00	0.0000000000000000e+00	0.0000000000000000e+00	0.0000000000000000e+00	
1.0180913296769594e+00	-0.0000000000000000e+00	-0.0000000000000000e+00	-4.1573074646861104e-05	6.9999999999999996e-01	0.0000000000000000e+00	1.2046980579265460e+02	-1.8443682456587296e+07	-3.3544171554150332e+07	0.0000000000000000e+00	-0.0000000000000000e+00	0.0000000000000000e+00	0.0000000000000000e+00	0.0000000000000000e+00	0.0000000000000000e+00	0.0000000000000000e+00	0.0000000000000000e+00	0.0000000000000000e+00	
1.0190435049231150e+00	-0.0000000000000000e+00	-0.0000000000000000e+00	-4.1573074646861104e-05	6.9999999999999996e-01	0.0000000000000000e+00	1.2046980579265460e+02	-1.8443682456587296e+07	-3.3544171554150332e+07	0.0000000000000000e+00	-0.0000000000000000e+00	0.0000000000000000e+00	0.0000000000000000e+00	0.0000000000000000e+00	0.0000000000000000e+00	0.0000000000000000e+00	0.0000000000000000e+00	0.0000000000000000e+00	
1.0199956801692709e+00	-0.0000000000000000e+00	-0.0000000000000000e+00	-4.6013720520906625e-05	6.9999999999999996e-01	0.0000000000000000e+00	4.5251943643333490e+01	-1.8443849181848541e+07	-3.3544114526443820e+07	0.0000000000000000e+00	-0.0000000000000000e+00	0.0000000000000000e+00	0.0000000000000000e+00	0.0000000000000000e+00	0.0000000000000000e+00	0.0000000000000000e+00	0.0000000000000000e+00	0.0000000000000000e+00	
1.0209478554154265e+00	-0.0000000000000000e+00	-0.0000000000000000e+00	-4.6013720520906625e-05	6.9999999999999996e-01	0.0000000000000000e+00	4.5251943643333490e+01	-1.8443849181848541e+07	-3.3544114526443820e+07	0.0000000000000000e+00	-0.0000000000000000e+00	0.0000000000000000e+00	0.0000000000000000e+00	0.0000000000000000e+00	0.0000000000000000e+00	0.0000000000000000e+00	0.0000000000000000e+00	0.0000000000000000e+00	
1.0219000306615824e+00	-0.0000000000000000e+00	-0.0000000000000000e+00	-5.1815136834393742e-05	6.9999999999999996e-01	0.0000000000000000e+00	-4.9462827369828112e+01	-1.8444082444438424e+07	-3.3543991694730505e+07	0.0000000000000000e+00	-0.0000000000000000e+00	0.0000000000000000e+00	0.0000000000000000e+00	0.0000000000000000e+00	0.0000000000000000e+00	0.0000000000000000e+00	0.0000000000000000e+00	0.0000000000000000e+00	
1.0228522059077381e+00	-0.0000000000000000e+00	-0.0000000000000000e+00	-5.1815136834393742e-05	6.9999999999999996e-01	0.0000000000000000e+00	-4.9462827369828112e+01	-1.8444082444438424e+07	-3.3543991694730505e+07	0.0000000000000000e+00	-0.0000000000000000e+00	0.0000000000000000e+00	0.0000000000000000e+00	0.0000000000000000e+00	0.0000000000000000e+00	0.0000000000000000e+00	0.0000000000000000e+00	0.0000000000000000e+00	
1.0238043811538939e+00	-0.0000000000000000e+00	-0.0000000000000000e+00	-5.2229698040693598e-05	6.9999999999999996e-01	0.0000000000000000e+00	-1.4513434745809346e+02	-1.8444236198381305e+07	-3.3543881014591940e+07	0.0000000000000000e+00	-0.0000000000000000e+00	0.0000000000000000e+00	0.0000000000000000e+00	0.0000000000000000e+00	0.0000000000000000e+00	0.0000000000000000e+00	0.0000000000000000e+00	0.0000000000000000e+00	
1.0247565564000496e+00	-0.0000000000000000e+00	-0.0000000000000000e+00	-5.2229698040693598e-05	6.9999999999999996e-01	0.0000000000000000e+00	-1.4513434745809346e+02	-1.8444236198381305e+07	-3.3543881014591940e+07	0.0000000000000000e+00	-0.0000000000000000e+00	0.0000000000000000e+00	0.0000000000000000e+00	0.0000000000000000e+00	0.0000000000000000e+00	0.0000000000000000e+00	0.0000000000000000e+00	0.0000000000000000e+00	
1.0257087316462055e+00	-0.0000000000000000e+00	-0.0000000000000000e+00	-5.2437982349381120e-05	6.9999999999999996e-01	0.0000000000000000e+00	-2.5681430737418538e+02	-1.8444432329035416e+07	-3.3543719357917603e+07	0.0000000000000000e+00	-0.0000000000000000e+00	0.0000000000000000e+00	0.0000000000000000e+00	0.0000000000000000e+00	0.0000000000000000e+00	0.0000000000000000e+00	0.0000000000000000e+00	0.0000000000000000e+00	
1.0266609068923611e+00	-0.0000000000000000e+00	-0.0000000000000000e+00	-5.2437982349381120e-05	6.9999999999999996e-01	0.0000000000000000e+00	-2.5681430737418538e+02	-1.8444432329035416e+07	-3.3543719357917603e+07	0.0000000000000000e+00	-0.0000000000000000e+00	0.0000000000000000e+00	0.0000000000000000e+00	0.0000000000000000e+00	0.0000000000000000e+00	0.0000000000000000e+00	0.0000000000000000e+00	0.0000000000000000e+00	
1.0276130821385170e+00	-0.0000000000000000e+00	-0.0000000000000000e+00	-4.8254086778557128e-05	6.9999999999999996e-01	0.0000000000000000e+00	-3.6657590810587249e+02	-1.8444543870318547e+07	-3.3543565779315054e+07	0.0000000000000000e+00	-0.0000000000000000e+00	0.0000000000000000e+00	0.0000000000000000e+00	0.0000000000000000e+00	0.0000000000000000e+00	0.0000000000000000e+00	0.0000000000000000e+00	0.0000000000000000e+00	
1.0285652573846726e+00	-0.0000000000000000e+00	-0.0000000000000000e+00	-4.8254086778557128e-05	6.9999999999999996e-01	0.0000000000000000e+00	-3.6657590810587249e+02	-1.8444543870318547e+07	-3.3543565779315054e+07	0.0000000000000000e+00	-0.0000000000000000e+00	0.0000000000000000e+00	0.0000000000000000e+00	0.0000000000000000e+00	0.0000000000000000e+00	0.0000000000000000e+00	0.0000000000000000e+00	0.0000000000000000e+00	
1.0295174326308285e+00	-0.0000000000000000e+00	-0.0000000000000000e+00	-4.2430045154935325e-05	6.9999999999999996e-01	0.0000000000000000e+00	-4.8459632901254838e+02	-1.8444668581599858e+07	-3.3543383435985647e+07	0.0000000000000000e+00	-0.0000000000000000e+00	0.0000000000000000e+00	0.0000000000000000e+00	0.0000000000000000e+00	0.0000000000000000e+00	0.0000000000000000e+00	0.0000000000000000e+00	0.0000000000000000e+00	
1.0304696078769842e+00	-0.0000000000000000e+00	-0.0000000000000000e+00	-4.2430045154935325e-05	6.9999999999999996e-01	0.0000000000000000e+00	-4.8459632901254838e+02	-1.8444668581599858e+07	-3.3543383435985647e+07	0.0000000000000000e+00	-0.0000000000000000e+00	0.0000000000000000e+00	0.0000000000000000e+00	0.0000000000000000e+00	0.0000000000000000e+00	0.0000000000000000e+00	0.0000000000000000e+00	0.0000000000000000e+00	
1.0314217831231400e+00	-0.0000000000000000e+00	-0.0000000000000000e+00	-3.4176198982190364e-05	6.9999999999999996e-01	0.0000000000000000e+00	-5.9635076024471266e+02	-1.8444717488244239e+07	-3.3543203626965370e+07	0.0000000000000000e+00	-0.0000000000000000e+00	0.0000000000000000e+00	0.0000000000000000e+00	0.0000000000000000e+00	0.0000000000000000e+00	0.0000000000000000e+00	0.0000000000000000e+00	0.0000000000000000e+00	
1.0323739583692957e+00	-0.0000000000000000e+00	-0.0000000000000000e+00	-3.4176198982190364e-05	6.9999999999999996e-01	0.0000000000000000e+00	-5.9635076024471266e+02	-1.8444717488244239e+07	-3.3543203626965370e+07	0.0000000000000000e+00	-0.0000000000000000e+00	0.0000000000000000e+00	0.0000000000000000e+00	0.0000000000000000e+00	0.0000000000000000e+00	0.0000000000000000e+00	0.0000000000000000e+00	0.0000000000000000e+00	
1.0333261336154516e+00	-0.0000000000000000e+00	-0.0000000000000000e+00	-2.3213560795300811e-05	6.9999999999999996e-01	0.0000000000000000e+00	-7.0489454962164598e+02	-1.8444750618530344e+07	-3.3543022997812323e+07	0.0000000000000000e+00	-0.0000000000000000e+00	0.0000000000000000e+00	0.0000000000000000e+00	0.0000000000000000e+00	0.0000000000000000e+00	0.0000000000000000e+00	0.0000000000000000e+00	0.0000000000000000e+00	
1.0342783088616072e+00	-0.0000000000000000e+00	-0.0000000000000000e+00	-2.3213560795300811e-05	6.9999999999999996e-01	0.0000000000000000e+00	-7.0489454962164598e+02	-1.8444750618530344e+07	-3.3543022997812323e+07	0.0000000000000000e+00	-0.0000000000000000e+00	0.0000000000000000e+00	0.0000000000000000e+00	0.0000000000000000e+00	0.0000000000000000e+00	0.0000000000000000e+00	0.0000000000000000e+00	0.0000000000000000e+00	
1.0352304841077631e+00	-0.0000000000000000e+00	-0.0000000000000000e+00	-1.2534551885606698e-05	6.9999999999999996e-01	0.0000000000000000e+00	-8.0197351754327281e+02	-1.8444731813479163e+07	-3.3542837964868303e+07	0.0000000000000000e+00	-0.0000000000000000e+00	0.0000000000000000e+00	0.0000000000000000e+00	0.0000000000000000e+00	0.0000000000000000e+00	0.0000000000000000e+00	0.0000000000000000e+00	0.0000000000000000e+00	
1.0361826593539187e+00	-0.0000000000000000e+00	-0.0000000000000000e+00	-1.2534551885606698e-05	6.9999999999999996e-01	0.0000000000000000e+00	-8.0197351754327281e+02	-1.8444731813479163e+07	-3.3542837964868303e+07	0.0000000000000000e+00	-0.0000000000000000e+00	0.0000000000000000e+00	0.0000000000000000e+00	0.0000000000000000e+00	0.0000000000000000e+00	0.0000000000000000e+00	0.0000000000000000e+00	0.0000000000000000e+00	
1.0371348346000746e+00	-0.0000000000000000e+00	-0.0000000000000000e+00	1.4557104146403588e-06	6.9999999999999996e-01	0.0000000000000000e+00	-8.8180959819574048e+02	-1.8444672611788571e+07	-3.3542683153292548e+07	0.0000000000000000e+00	-0.0000000000000000e+00	0.0000000000000000e+00	0.0000000000000000e+00	0.0000000000000000e+00	0.0000000000000000e+00	0.0000000000000000e+00	0.0000000000000000e+00	0.0000000000000000e+00	
1.0380870098462303e+00	-0.0000000000000000e+00	-0.0000000000000000e+00	1.4557104146403588e-06	6.9999999999999996e-01	0.0000000000000000e+00	-8.8180959819574048e+02	-1.8444672611788571e+07	-3.3542683153292548e+07	0.0000000000000000e+00	-0.0000000000000000e+00	0.0000000000000000e+00	0.0000000000000000e+00	0.0000000000000000e+00	0.0000000000000000e+00	0.0000000000000000e+00	0.0000000000000000e+00	0.0000000000000000e+00	
1.0390391850923861e+00	-0.0000000000000000e+00	-0.0000000000000000e+00	1.2090821232607670e-05	6.9999999999999996e-01	0.0000000000000000e+00	-9.4513808479727493e+02	-1.8444598297297962e+07	-3.3542515997129604e+07	0.0000000000000000e+00	-0.0000000000000000e+00	0.0000000000000000e+00	0.0000000000000000e+00	0.0000000000000000e+00	0.0000000000000000e+00	0.0000000000000000e+00	0.0000000000000000e+00	0.0000000000000000e+00	
1.0399913603385418e+00	-0.0000000000000000e+00	-0.0000000000000000e+00	1.2090821232607670e-05	6.9999999999999996e-01	0.0000000000000000e+00	-9.4513808479727493e+02	-1.8444598297297962e+07	-3.3542515997129604e+07	0.0000000000000000e+00	-0.0000000000000000e+00	0.0000000000000000e+00	0.0000000000000000e+00	0.0000000000000000e+00	0.0000000000000000e+00	0.0000000000000000e+00	0.0000000000000000e+00	0.0000000000000000e+00	
1.0409435355846977e+00	-0.0000000000000000e+00	-0.0000000000000000e+00	2.6144832397605602e-05	6.9999999999999996e-01	0.0000000000000000e+00	-9.7682361221707276e+02	-1.8444465985706866e+07	-3.3542410015643954e+07	0.0000000000000000e+00	-0.0000000000000000e+00	0.0000000000000000e+00	0.0000000000000000e+00	0.0000000000000000e+00	0.0000000000000000e+00	0.0000000000000000e+00	0.0000000000000000e+00	0.0000000000000000e+00	
1.0418957108308533e+00	-0.0000000000000000e+00	-0.0000000000000000e+00	2.6144832397605602e-05	6.9999999999999996e-01	0.0000000000000000e+00	-9.7682361221707276e+02	-1.8444465985706866e+07	-3.3542410015643954e+07	0.0000000000000000e+00	-0.0000000000000000e+00	0.0000000000000000e+00	0.0000000000000000e+00	0.0000000000000000e+00	0.0000000000000000e+00	0.0000000000000000e+00	0.0000000000000000e+00	0.0000000000000000e+00	
1.0428478860770092e+00	-0.0000000000000000e+00	-0.0000000000000000e+00	3.3914424687915329e-05	6.9999999999999996e-01	0.0000000000000000e+00	-9.8837825294382662e+02	-1.8444362906648207e+07	-3.3542283616557453e+07	0.0000000000000000e+00	-0.0000000000000000e+00	0.0000000000000000e+00	0.0000000000000000e+00	0.0000000000000000e+00	0.0000000000000000e+00	0.0000000000000000e+00	0.0000000000000000e+00	0.0000000000000000e+00	
1.0438000613231648e+00	-0.0000000000000000e+00	-0.0000000000000000e+00	3.3914424687915329e-05	6.9999999999999996e-01	0.0000000000000000e+00	-9.8837825294382662e+02	-1.8444362906648207e+07	-3.3542283616557453e+07	0.0000000000000000e+00	-0.0000000000000000e+00	0.0000000000000000e+00	0.0000000000000000e+00	0.0000000000000000e+00	0.0000000000000000e+00	0.0000000000000000e+00	0.0000000000000000e+00	0.0000000000000000e+00	
1.0447522365693207e+00	-0.0000000000000000e+00	-0.0000000000000000e+00	4.4784929997718182e-05	6.9999999999999996e-01	0.0000000000000000e+00	-9.5665713539636397e+02	-1.8444191832756296e+07	-3.3542246122053966e+07	0.0000000000000000e+00	-0.0000000000000000e+00	0.0000000000000000e+00	0.0000000000000000e+00	0.0000000000000000e+00	0.0000000000000000e+00	0.0000000000000000e+00	0.0000000000000000e+00	0.0000000000000000e+00	
1.0457044118154764e+00	-0.0000000000000000e+00	-0.0000000000000000e+00	4.4784929997718182e-05	6.9999999999999996e-01	0.0000000000000000e+00	-9.5665713539636397e+02	-1.8444191832756296e+07	-3.3542246122053966e+07	0.0000000000000000e+00	-0.0000000000000000e+00	0.0000000000000000e+00	0.0000000000000000e+00	0.0000000000000000e+00	0.0000000000000000e+00	0.0000000000000000e+00	0.0000000000000000e+00	0.0000000000000000e+00	
1.0466565870616322e+00	-0.0000000000000000e+00	-0.0000000000000000e+00	4.7098937508476357e-05	6.9999999999999996e-01	0.0000000000000000e+00	-9.0379165024531471e+02	-1.8444094306273483e+07	-3.3542180904002856e+07	0.0000000000000000e+00	-0.0000000000000000e+00	0.0000000000000000e+00	0.0000000000000000e+00	0.0000000000000000e+00	0.0000000000000000e+00	0.0000000000000000e+00	0.0000000000000000e+00	0.0000000000000000e+00	
1.0476087623077879e+00	-0.0000000000000000e+00	-0.0000000000000000e+00	4.7098937508476357e-05	6.9999999999999996e-01	0.0000000000000000e+00	-9.0379165024531471e+02	-1.8444094306273483e+07	-3.3542180904002856e+07	0.0000000000000000e+00	-0.0000000000000000e+00	0.0000000000000000e+00	0.0000000000000000e+00	0.0000000000000000e+00	0.0000000000000000e+00	0.0000000000000000e+00	0.0000000000000000e+00	0.0000000000000000e+00	
1.0485609375539438e+00	-0.0000000000000000e+00	-0.0000000000000000e+00	5.1920769868900846e-05	6.9999999999999996e-01	0.0000000000000000e+00	-8.0216345950492121e+02	-1.8443925559093904e+07	-3.3542226072823316e+07	0.0000000000000000e+00	-0.0000000000000000e+00	0.0000000000000000e+00	0.0000000000000000e+00	0.0000000000000000e+00	0.0000000000000000e+00	0.0000000000000000e+00	0.0000000000000000e+00	0.0000000000000000e+00	
1.0495131128000994e+00	-0.0000000000000000e+00	-0.0000000000000000e+00	5.1920769868900846e-05	6.9999999999999996e-01	0.0000000000000000e+00	-8.0216345950492121e+02	-1.8443925559093904e+07	-3.3542226072823316e+07	0.0000000000000000e+00	-0.0000000000000000e+00	0.0000000000000000e+00	0.0000000000000000e+00	0.0000000000000000e+00	0.0000000000000000e+00	0.0000000000000000e+00	0.0000000000000000e+00	0.0000000000000000e+00	
1.0504652880462553e+00	-0.0000000000000000e+00	-0.0000000000000000e+00	4.7000097511272789e-05	6.9999999999999996e-01	0.0000000000000000e+00	-6.8170701044664929e+02	-1.8443866753611628e+07	-3.3542237450293541e+07	0.0000000000000000e+00	-0.0000000000000000e+00	0.0000000000000000e+00	0.0000000000000000e+00	0.0000000000000000e+00	0.0000000000000000e+00	0.0000000000000000e+00	0.0000000000000000e+00	0.0000000000000000e+00	
1.0514174632924109e+00	-0.0000000000000000e+00	-0.0000000000000000e+00	4.7000097511272789e-05	6.9999999999999996e-01	0.0000000000000000e+00	-6.8170701044664929e+02	-1.8443866753611628e+07	-3.3542237450293541e+07	0.0000000000000000e+00	-0.0000000000000000e+00	0.0000000000000000e+00	0.0000000000000000e+00	0.0000000000000000e+00	0.0000000000000000e+00	0.0000000000000000e+00	0.0000000000000000e+00	0.0000000000000000e+00	
1.0523696385385668e+00	-0.0000000000000000e+00	-0.0000000000000000e+00	4.3914448340748302e-05	6.9999999999999996e-01	0.0000000000000000e+00	-5.1529361055748336e+02	-1.8443738571955223e+07	-3.3542371599937767e+07	0.0000000000000000e+00	-0.0000000000000000e+00	0.0000000000000000e+00	0.0000000000000000e+00	0.0000000000000000e+00	0.0000000000000000e+00	0.0000000000000000e+00	0.0000000000000000e+00	0.0000000000000000e+00	
1.0533218137847224e+00	-0.0000000000000000e+00	-0.0000000000000000e+00	4.3914448340748302e-05	6.9999999999999996e-01	0.0000000000000000e+00	-5.1529361055748336e+02	-1.8443738571955223e+07	-3.3542371599937767e+07	0.0000000000000000e+00	-0.0000000000000000e+00	0.0000000000000000e+00	0.0000000000000000e+00	0.0000000000000000e+00	0.0000000000000000e+00	0.0000000000000000e+00	0.0000000000000000e+00	0.0000000000000000e+00	
1.0542739890308783e+00	-0.0000000000000000e+00	-0.0000000000000000e+00	3.1242181645152292e-05	6.9999999999999996e-01	0.0000000000000000e+00	-3.3566322320964014e+02	-1.8443742328343652e+07	-3.3542466956675757e+07	0.0000000000000000e+00	-0.0000000000000000e+00	0.0000000000000000e+00	0.0000000000000000e+00	0.0000000000000000e+00	0.0000000000000000e+00	0.0000000000000000e+00	0.0000000000000000e+00	0.0000000000000000e+00	
1.0552261642770340e+00	-0.0000000000000000e+00	-0.0000000000000000e+00	3.1242181645152292e-05	6.9999999999999996e-01	0.0000000000000000e+00	-3.3566322320964014e+02	-1.8443742328343652e+07	-3.3542466956675757e+07	0.0000000000000000e+00	-0.0000000000000000e+00	0.0000000000000000e+00	0.0000000000000000e+00	0.0000000000000000e+00	0.0000000000000000e+00	0.0000000000000000e+00	0.0000000000000000e+00	0.0000000000000000e+00	
1.0561783395231898e+00	-0.0000000000000000e+00	-0.0000000000000000e+00	1.9818433148295615e-05	6.9999999999999996e-01	0.0000000000000000e+00	-1.2110325811299093e+02	-1.8443682036141105e+07	-3.3542685748293292e+07	0.0000000000000000e+00	-0.0000000000000000e+00	0.0000000000000000e+00	0.0000000000000000e+00	0.0000000000000000e+00	0.0000000000000000e+00	0.0000000000000000e+00	0.0000000000000000e+00	0.0000000000000000e+00	
1.0571305147693455e+00	-0.0000000000000000e+00	-0.0000000000000000e+00	1.9818433148295615e-05	6.9999999999999996e-01	0.0000000000000000e+00	-1.2110325811299093e+02	-1.8443682036141105e+07	-3.3542685748293292e+07	0.0000000000000000e+00	-0.0000000000000000e+00	0.0000000000000000e+00	0.0000000000000000e+00	0.0000000000000000e+00	0.0000000000000000e+00	0.0000000000000000e+00	0.0000000000000000e+00	0.0000000000000000e+00	
1.0580826900155014e+00	-0.0000000000000000e+00	-0.0000000000000000e+00	3.1762166447279787e-07	6.9999999999999996e-01	0.0000000000000000e+00	9.8547862194682821e+01	-1.8443758036104728e+07	-3.3542861998308305e+07	0.0000000000000000e+00	-0.0000000000000000e+00	0.0000000000000000e+00	0.0000000000000000e+00	0.0000000000000000e+00	0.0000000000000000e+00	0.0000000000000000e+00	0.0000000000000000e+00	0.0000000000000000e+00	
1.0590348652616570e+00	-0.0000000000000000e+00	-0.0000000000000000e+00	3.1762166447279787e-07	6.9999999999999996e-01	0.0000000000000000e+00	9.8547862194682821e+01	-1.8443758036104728e+07	-3.3542861998308305e+07	0.0000000000000000e+00	-0.0000000000000000e+00	0.0000000000000000e+00	0.0000000000000000e+00	0.0000000000000000e+00	0.0000000000000000e+00	0.0000000000000000e+00	0.0000000000000000e+00	0.0000000000000000e+00	
1.0599870405078129e+00	-0.0000000000000000e+00	-0.0000000000000000e+00	-1.8297479203382051e-05	6.9999999999999996e-01	0.0000000000000000e+00	3.3555966110046393e+02	-1.8443777447370771e+07	-3.3543148834570546e+07	0.0000000000000000e+00	-0.0000000000000000e+00	0.0000000000000000e+00	0.0000000000000000e+00	0.0000000000000000e+00	0.0000000000000000e+00	0.0000000000000000e+00	0.0000000000000000e+00	0.0000000000000000e+00	
1.0609392157539685e+00	-0.0000000000000000e+00	-0.0000000000000000e+00	-1.8297479203382051e-05	6.9999999999999996e-01	0.0000000000000000e+00	3.3555966110046393e+02	-1.8443777447370771e+07	-3.3543148834570546e+07	0.0000000000000000e+00	-0.0000000000000000e+00	0.0000000000000000e+00	0.0000000000000000e+00	0.0000000000000000e+00	0.0000000000000000e+00	0.0000000000000000e+00	0.0000000000000000e+00	0.0000000000000000e+00	
1.0618913910001244e+00	-0.0000000000000000e+00	-0.0000000000000000e+00	-4.2358057793761960e-05	6.9999999999999996e-01	0.0000000000000000e+00	5.6830229665747970e+02	-1.8443920518346418e+07	-3.3543391322689369e+07	0.0000000000000000e+00	-0.0000000000000000e+00	0.0000000000000000e+00	0.0000000000000000e+00	0.0000000000000000e+00	0.0000000000000000e+00	0.0000000000000000e+00	0.0000000000000000e+00	0.0000000000000000e+00	
1.0628435662462801e+00	-0.0000000000000000e+00	-0.0000000000000000e+00	-4.2358057793761960e-05	6.9999999999999996e-01	0.0000000000000000e+00	5.6830229665747970e+02	-1.8443920518346418e+07	-3.3543391322689369e+07	0.0000000000000000e+00	-0.0000000000000000e+00	0.0000000000000000e+00	0.0000000000000000e+00	0.0000000000000000e+00	0.0000000000000000e+00	0.0000000000000000e+00	0.0000000000000000e+00	0.0000000000000000e+00	
1.0637957414924359e+00	-0.0000000000000000e+00	-0.0000000000000000e+00	-6.5538377052515765e-05	6.9999999999999996e-01	0.0000000000000000e+00	7.9681306881549040e+02	-1.8444014671439629e+07	-3.3543717550749280e+07	0.0000000000000000e+00	-0.0000000000000000e+00	0.0000000000000000e+00	0.0000000000000000e+00	0.0000000000000000e+00	0.0000000000000000e+00	0.0000000000000000e+00	0.0000000000000000e+00	0.0000000000000000e+00	
1.0647479167385916e+00	-0.0000000000000000e+00	-0.0000000000000000e+00	-6.5538377052515765e-05	6.9999999999999996e-01	0.0000000000000000e+00	7.9681306881549040e+02	-1.8444014671439629e+07	-3.3543717550749280e+07	0.0000000000000000e+00	-0.0000000000000000e+00	0.0000000000000000e+00	0.0000000000000000e+00	0.0000000000000000e+00	0.0000000000000000e+00	0.0000000000000000e+00	0.0000000000000000e+00	0.0000000000000000e+00	
1.0657000919847475e+00	-0.0000000000000000e+00	-0.0000000000000000e+00	-9.0806518105379370e-05	6.9999999999999996e-01	0.0000000000000000e+00	1.0120168788905872e+03	-1.8444205852463383e+07	-3.3543999987642154e+07	0.0000000000000000e+00	-0.0000000000000000e+00	0.0000000000000000e+00	0.0000000000000000e+00	0.0000000000000000e+00	0.0000000000000000e+00	0.0000000000000000e+00	0.0000000000000000e+00	0.0000000000000000e+00	
1.0666522672309031e+00	-0.0000000000000000e+00	-0.0000000000000000e+00	-9.0806518105379370e-05	6.9999999999999996e-01	0.0000000000000000e+00	1.0120168788905872e+03	-1.8444205852463383e+07	-3.3543999987642154e+07	0.0000000000000000e+00	-0.0000000000000000e+00	0.0000000000000000e+00	0.0000000000000000e+00	0.0000000000000000e+00	0.0000000000000000e+00	0.0000000000000000e+00	0.0000000000000000e+00	0.0000000000000000e+00	
1.0676044424770590e+00	-0.0000000000000000e+00	-0.0000000000000000e+00	-1.1477604777453680e-04	6.9999999999999996e-01	0.0000000000000000e+00	1.2002368322168893e+03	-1.8444353437566515e+07	-3.3544326584569864e+07	0.0000000000000000e+00	-0.0000000000000000e+00	0.0000000000000000e+00	0.0000000000000000e+00	0.0000000000000000e+00	0.0000000000000000e+00	0.0000000000000000e+00	0.0000000000000000e+00	0.0000000000000000e+00	
1.0685566177232146e+00	-0.0000000000000000e+00	-0.0000000000000000e+00	-1.1477604777453680e-04	6.9999999999999996e-01	0.0000000000000000e+00	1.2002368322168893e+03	-1.8444353437566515e+07	-3.3544326584569864e+07	0.0000000000000000e+00	-0.0000000000000000e+00	0.0000000000000000e+00	0.0000000000000000e+00	0.0000000000000000e+00	0.0000000000000000e+00	0.0000000000000000e+00	0.0000000000000000e+00	0.0000000000000000e+00	
1.0695087929693705e+00	-0.0000000000000000e+00	-0.0000000000000000e+00	-1.3722737722976356e-04	6.9999999999999996e-01	0.0000000000000000e+00	1.3679919116733784e+03	-1.8444561345941514e+07	-3.3544612273341294e+07	0.0000000000000000e+00	-0.0000000000000000e+00	0.0000000000000000e+00	0.0000000000000000e+00	0.0000000000000000e+00	0.0000000000000000e+00	0.0000000000000000e+00	0.0000000000000000e+00	0.0000000000000000e+00	
1.0704609682155262e+00	-0.0000000000000000e+00	-0.0000000000000000e+00	-1.3722737722976356e-04	6.9999999999999996e-01	0.0000000000000000e+00	1.3679919116733784e+03	-1.8444561345941514e+07	-3.3544612273341294e+07	0.0000000000000000e+00	-0.0000000000000000e+00	0.0000000000000000e+00	0.0000000000000000e+00	0.0000000000000000e+00	0.0000000000000000e+00	0.0000000000000000e+00	0.0000000000000000e+00	0.0000000000000000e+00	
1.0714131434616820e+00	-0.0000000000000000e+00	-0.0000000000000000e+00	-1.5762153620902660e-04	6.9999999999999996e-01	0.0000000000000000e+00	1.4874457664105203e+03	-1.8444726896239437e+07	-3.3544893255273364e+07	0.0000000000000000e+00	-0.0000000000000000e+00	0.0000000000000000e+00	0.0000000000000000e+00	0.0000000000000000e+00	0.0000000000000000e+00	0.0000000000000000e+00	0.0000000000000000e+00	0.0000000000000000e+00	
1.0723653187078377e+00	-0.0000000000000000e+00	-0.0000000000000000e+00	-1.5762153620902660e-04	6.9999999999999996e-01	0.0000000000000000e+00	1.4874457664105203e+03	-1.8444726896239437e+07	-3.3544893255273364e+07	0.0000000000000000e+00	-0.0000000000000000e+00	0.0000000000000000e+00	0.0000000000000000e+00	0.0000000000000000e+00	0.0000000000000000e+00	0.0000000000000000e+00	0.0000000000000000e+00	0.0000000000000000e+00	
1.0733174939539936e+00	-0.0000000000000000e+00	-0.0000000000000000e+00	-1.7311315404585229e-04	6.9999999999999996e-01	0.0000000000000000e+00	1.5824522408761420e+03	-1.8444909972944755e+07	-3.3545138276342817e+07	0.0000000000000000e+00	-0.0000000000000000e+00	0.0000000000000000e+00	0.0000000000000000e+00	0.0000000000000000e+00	0.0000000000000000e+00	0.0000000000000000e+00	0.0000000000000000e+00	0.0000000000000000e+00	
1.0742696692001492e+00	-0.0000000000000000e+00	-0.0000000000000000e+00	-1.7311315404585229e-04	6.9999999999999996e-01	0.0000000000000000e+00	1.5824522408761420e+03	-1.8444909972944755e+07	-3.3545138276342817e+07	0.0000000000000000e+00	-0.0000000000000000e+00	0.0000000000000000e+00	0.0000000000000000e+00	0.0000000000000000e+00	0.0000000000000000e+00	0.0000000000000000e+00	0.0000000000000000e+00	0.0000000000000000e+00	
1.0752218444463051e+00	-0.0000000000000000e+00	-0.0000000000000000e+00	-1.8572207178297668e-04	6.9999999999999996e-01	0.0000000000000000e+00	1.6113153089784953e+03	-1.8445048832472041e+07	-3.3545325992232066e+07	0.0000000000000000e+00	-0.0000000000000000e+00	0.0000000000000000e+00	0.0000000000000000e+00	0.0000000000000000e+00	0.0000000000000000e+00	0.0000000000000000e+00	0.0000000000000000e+00	0.0000000000000000e+00	
1.0761740196924607e+00	-0.0000000000000000e+00	-0.0000000000000000e+00	-1.8572207178297668e-04	6.9999999999999996e-01	0.0000000000000000e+00	1.6113153089784953e+03	-1.8445048832472041e+07	-3.3545325992232066e+07	0.0000000000000000e+00	-0.0000000000000000e+00	0.0000000000000000e+00	0.0000000000000000e+00	0.0000000000000000e+00	0.0000000000000000e+00	0.0000000000000000e+00	0.0000000000000000e+00	0.0000000000000000e+00	
1.0771261949386166e+00	-0.0000000000000000e+00	-0.0000000000000000e+00	-1.9065321128170366e-04	6.9999999999999996e-01	0.0000000000000000e+00	1.6156891479233514e+03	-1.8445160005332515e+07	-3.3545484883901116e+07	0.0000000000000000e+00	-0.0000000000000000e+00	0.0000000000000000e+00	0.0000000000000000e+00	0.0000000000000000e+00	0.0000000000000000e+00	0.0000000000000000e+00	0.0000000000000000e+00	0.0000000000000000e+00	
1.0780783701847723e+00	-0.0000000000000000e+00	-0.0000000000000000e+00	-1.9065321128170366e-04	6.9999999999999996e-01	0.0000000000000000e+00	1.6156891479233514e+03	-1.8445160005332515e+07	-3.3545484883901116e+07	0.0000000000000000e+00	-0.0000000000000000e+00	0.0000000000000000e+00	0.0000000000000000e+00	0.0000000000000000e+00	0.0000000000000000e+00	0.0000000000000000e+00	0.0000000000000000e+00	0.0000000000000000e+00	
1.0790305454309281e+00	-0.0000000000000000e+00	-0.0000000000000000e+00	-1.9219929113165301e-04	6.9999999999999996e-01	0.0000000000000000e+00	1.5411679707614217e+03	-1.8445226171813726e+07	-3.3545537735298049e+07	0.0000000000000000e+00	-0.0000000000000000e+00	0.0000000000000000e+00	0.0000000000000000e+00	0.0000000000000000e+00	0.0000000000000000e+00	0.0000000000000000e+00	0.0000000000000000e+00	0.0000000000000000e+00	
1.0799827206770838e+00	-0.0000000000000000e+00	-0.0000000000000000e+00	-1.9219929113165301e-04	6.9999999999999996e-01	0.0000000000000000e+00	1.5411679707614217e+03	-1.8445226171813726e+07	-3.3545537735298049e+07	0.0000000000000000e+00	-0.0000000000000000e+00	0.0000000000000000e+00	0.0000000000000000e+00	0.0000000000000000e+00	0.0000000000000000e+00	0.0000000000000000e+00	0.0000000000000000e+00	0.0000000000000000e+00	
1.0809348959232397e+00	-0.0000000000000000e+00	-0.0000000000000000e+00	-1.8416491485161569e-04	6.9999999999999996e-01	0.0000000000000000e+00	1.4461862992837696e+03	-1.8445220413392037e+07	-3.3545571509023640e+07	0.0000000000000000e+00	-0.0000000000000000e+00	0.0000000000000000e+00	0.0000000000000000e+00	0.0000000000000000e+00	0.0000000000000000e+00	0.0000000000000000e+00	0.0000000000000000e+00	0.0000000000000000e+00	
1.0818870711693953e+00	-0.0000000000000000e+00	-0.0000000000000000e+00	-1.8416491485161569e-04	6.9999999999999996e-01	0.0000000000000000e+00	1.4461862992837696e+03	-1.8445220413392037e+07	-3.3545571509023640e+07	0.0000000000000000e+00	-0.0000000000000000e+00	0.0000000000000000e+00	0.0000000000000000e+00	0.0000000000000000e+00	0.0000000000000000e+00	0.0000000000000000e+00	0.0000000000000000e+00	0.0000000000000000e+00	
1.0828392464155512e+00	-0.0000000000000000e+00	-0.0000000000000000e+00	-1.7288749411190977e-04	6.9999999999999996e-01	0.0000000000000000e+00	1.2662075898579872e+03	-1.8445173309959177e+07	-3.3545462781405319e+07	0.0000000000000000e+00	-0.0000000000000000e+00	0.0000000000000000e+00	0.0000000000000000e+00	0.0000000000000000e+00	0.0000000000000000e+00	0.0000000000000000e+00	0.0000000000000000e+00	0.0000000000000000e+00	
1.0837914216617068e+00	-0.0000000000000000e+00	-0.0000000000000000e+00	-1.7288749411190977e-04	6.9999999999999996e-01	0.0000000000000000e+00	1.2662075898579872e+03	-1.8445173309959177e+07	-3.3545462781405319e+07	0.0000000000000000e+00	-0.0000000000000000e+00	0.0000000000000000e+00	0.0000000000000000e+00	0.0000000000000000e+00	0.0000000000000000e+00	0.0000000000000000e+00	0.0000000000000000e+00	0.0000000000000000e+00	
1.0847435969078627e+00	-0.0000000000000000e+00	-0.0000000000000000e+00	-1.5112871004816194e-04	6.9999999999999996e-01	0.0000000000000000e+00	1.0733025166465507e+03	-1.8445013186208352e+07	-3.3545346205568053e+07	0.0000000000000000e+00	-0.0000000000000000e+00	0.0000000000000000e+00	0.0000000000000000e+00	0.0000000000000000e+00	0.0000000000000000e+00	0.0000000000000000e+00	0.0000000000000000e+00	0.0000000000000000e+00	
1.0856957721540184e+00	-0.0000000000000000e+00	-0.0000000000000000e+00	-1.5112871004816194e-04	6.9999999999999996e-01	0.0000000000000000e+00	1.0733025166465507e+03	-1.8445013186208352e+07	-3.3545346205568053e+07	0.0000000000000000e+00	-0.0000000000000000e+00	0.0000000000000000e+00	0.0000000000000000e+00	0.0000000000000000e+00	0.0000000000000000e+00	0.0000000000000000e+00	0.0000000000000000e+00	0.0000000000000000e+00	
1.0866479474001742e+00	-0.0000000000000000e+00	-0.0000000000000000e+00	-1.2749843827146342e-04	6.9999999999999996e-01	0.0000000000000000e+00	7.9763602774973197e+02	-1.8444830955819160e+07	-3.3545067822744101e+07	0.0000000000000000e+00	-0.0000000000000000e+00	0.0000000000000000e+00	0.0000000000000000e+00	0.0000000000000000e+00	0.0000000000000000e+00	0.0000000000000000e+00	0.0000000000000000e+00	0.0000000000000000e+00	
1.0876001226463299e+00	-0.0000000000000000e+00	-0.0000000000000000e+00	-1.2749843827146342e-04	6.9999999999999996e-01	0.0000000000000000e+00	7.9763602774973197e+02	-1.8444830955819160e+07	-3.3545067822744101e+07	0.0000000000000000e+00	-0.0000000000000000e+00	0.0000000000000000e+00	0.0000000000000000e+00	0.0000000000000000e+00	0.0000000000000000e+00	0.0000000000000000e+00	0.0000000000000000e+00	0.0000000000000000e+00	
1.0885522978924858e+00	-0.0000000000000000e+00	-0.0000000000000000e+00	-9.3795150154333268e-05	6.9999999999999996e-01	0.0000000000000000e+00	5.2139294242160531e+02	-1.8444509301163275e+07	-3.3544800460079428e+07	0.0000000000000000e+00	-0.0000000000000000e+00	0.0000000000000000e+00	0.0000000000000000e+00	0.0000000000000000e+00	0.0000000000000000e+00	0.0000000000000000e+00	0.0000000000000000e+00	0.0000000000000000e+00	
1.0895044731386414e+00	-0.0000000000000000e+00	-0.0000000000000000e+00	-9.3795150154333268e-05	6.9999999999999996e-01	0.0000000000000000e+00	5.2139294242160531e+02	-1.8444509301163275e+07	-3.3544800460079428e+07	0.0000000000000000e+00	-0.0000000000000000e+00	0.0000000000000000e+00	0.0000000000000000e+00	0.0000000000000000e+00	0.0000000000000000e+00	0.0000000000000000e+00	0.0000000000000000e+00	0.0000000000000000e+00	
1.0904566483847973e+00	-0.0000000000000000e+00	-0.0000000000000000e+00	-6.0315235062386847e-05	6.9999999999999996e-01	0.0000000000000000e+00	1.7210062008002288e+02	-1.8444204177616268e+07	-3.3544375416869871e+07	0.0000000000000000e+00	-0.0000000000000000e+00	0.0000000000000000e+00	0.0000000000000000e+00	0.0000000000000000e+00	0.0000000000000000e+00	0.0000000000000000e+00	0.0000000000000000e+00	0.0000000000000000e+00	
1.0914088236309529e+00	-0.0000000000000000e+00	-0.0000000000000000e+00	-6.0315235062386847e-05	6.9999999999999996e-01	0.0000000000000000e+00	1.7210062008002288e+02	-1.8444204177616268e+07	-3.3544375416869871e+07	0.0000000000000000e+00	-0.0000000000000000e+00	0.0000000000000000e+00	0.0000000000000000e+00	0.0000000000000000e+00	0.0000000000000000e+00	0.0000000000000000e+00	0.0000000000000000e+00	0.0000000000000000e+00	
1.0923609988771088e+00	-0.0000000000000000e+00	-0.0000000000000000e+00	-1.8403724246245956e-05	6.9999999999999996e-01	0.0000000000000000e+00	-1.6251975131819489e+02	-1.8443751354532305e+07	-3.3543984273038462e+07	0.0000000000000000e+00	-0.0000000000000000e+00	0.0000000000000000e+00	0.0000000000000000e+00	0.0000000000000000e+00	0.0000000000000000e+00	0.0000000000000000e+00	0.0000000000000000e+00	0.0000000000000000e+00	
1.0933131741232645e+00	-0.0000000000000000e+00	-0.0000000000000000e+00	-1.8403724246245956e-05	6.9999999999999996e-01	0.0000000000000000e+00	-1.6251975131819489e+02	-1.8443751354532305e+07	-3.3543984273038462e+07	0.0000000000000000e+00	-0.0000000000000000e+00	0.0000000000000000e+00	0.0000000000000000e+00	0.0000000000000000e+00	0.0000000000000000e+00	0.0000000000000000e+00	0.0000000000000000e+00	0.0000000000000000e+00	
1.0942653493694203e+00	-0.0000000000000000e+00	-0.0000000000000000e+00	2.1874562036007274e-05	6.9999999999999996e-01	0.0000000000000000e+00	-5.5389707014147734e+02	-1.8443356299516920e+07	-3.3543470912410766e+07	0.0000000000000000e+00	-0.0000000000000000e+00	0.0000000000000000e+00	0.0000000000000000e+00	0.0000000000000000e+00	0.0000000000000000e+00	0.0000000000000000e+00	0.0000000000000000e+00	0.0000000000000000e+00	
1.0952175246155760e+00	-0.0000000000000000e+00	-0.0000000000000000e+00	2.1874562036007274e-05	6.9999999999999996e-01	0.0000000000000000e+00	-5.5389707014147734e+02	-1.8443356299516920e+07	-3.3543470912410766e+07	0.0000000000000000e+00	-0.0000000000000000e+00	0.0000000000000000e+00	0.0000000000000000e+00	0.0000000000000000e+00	0.0000000000000000e+00	0.0000000000000000e+00	0.0000000000000000e+00	0.0000000000000000e+00	
1.0961696998617318e+00	-0.0000000000000000e+00	-0.0000000000000000e+00	6.7654857437009780e-05	6.9999999999999996e-01	0.0000000000000000e+00	-9.1622871471172436e+02	-1.8442816378927603e+07	-3.3543002451046363e+07	0.0000000000000000e+00	-0.0000000000000000e+00	0.0000000000000000e+00	0.0000000000000000e+00	0.0000000000000000e+00	0.0000000000000000e+00	0.0000000000000000e+00	0.0000000000000000e+00	0.0000000000000000e+00	
1.0971218751078875e+00	-0.0000000000000000e+00	-0.0000000000000000e+00	6.7654857437009780e-05	6.9999999999999996e-01	0.0000000000000000e+00	-9.1622871471172436e+02	-1.8442816378927603e+07	-3.3543002451046363e+07	0.0000000000000000e+00	-0.0000000000000000e+00	0.0000000000000000e+00	0.0000000000000000e+00	0.0000000000000000e+00	0.0000000000000000e+00	0.0000000000000000e+00	0.0000000000000000e+00	0.0000000000000000e+00	
1.0980740503540434e+00	-0.0000000000000000e+00	-0.0000000000000000e+00	1.1098488774672309e-04	6.9999999999999996e-01	0.0000000000000000e+00	-1.3083453596890224e+03	-1.8442370770681042e+07	-3.3542477921092130e+07	0.0000000000000000e+00	-0.0000000000000000e+00	0.0000000000000000e+00	0.0000000000000000e+00	0.0000000000000000e+00	0.0000000000000000e+00	0.0000000000000000e+00	0.0000000000000000e+00	0.0000000000000000e+00	
1.0990262256001990e+00	-0.0000000000000000e+00	-0.0000000000000000e+00	1.1098488774672309e-04	6.9999999999999996e-01	0.0000000000000000e+00	-1.3083453596890224e+03	-1.8442370770681042e+07	-3.3542477921092130e+07	0.0000000000000000e+00	-0.0000000000000000e+00	0.0000000000000000e+00	0.0000000000000000e+00	0.0000000000000000e+00	0.0000000000000000e+00	0.0000000000000000e+00	0.0000000000000000e+00	0.0000000000000000e+00	
1.0999784008463549e+00	-0.0000000000000000e+00	-0.0000000000000000e+00	1.5478294248262239e-04	6.9999999999999996e-01	0.0000000000000000e+00	-1.6586063092940133e+03	-1.8441804558928929e+07	-3.3541992532587983e+07	0.0000000000000000e+00	-0.0000000000000000e+00	0.0000000000000000e+00	0.0000000000000000e+00	0.0000000000000000e+00	0.0000000000000000e+00	0.0000000000000000e+00	0.0000000000000000e+00	0.0000000000000000e+00	
1.1009305760925105e+00	-0.0000000000000000e+00	-0.0000000000000000e+00	1.5478294248262239e-04	6.9999999999999996e-01	0.0000000000000000e+00	-1.6586063092940133e+03	-1.8441804558928929e+07	-3.3541992532587983e+07	0.0000000000000000e+00	-0.0000000000000000e+00	0.0000000000000000e+00	0.0000000000000000e+00	0.0000000000000000e+00	0.0000000000000000e+00	0.0000000000000000e+00	0.0000000000000000e+00	0.0000000000000000e+00	
1.1018827513386664e+00	-0.0000000000000000e+00	-0.0000000000000000e+00	1.9484234677785288e-04	6.9999999999999996e-01	0.0000000000000000e+00	-1.9982673630359795e+03	-1.8441370102399521e+07	-3.3541532773853227e+07	0.0000000000000000e+00	-0.0000000000000000e+00	0.0000000000000000e+00	0.0000000000000000e+00	0.0000000000000000e+00	0.0000000000000000e+00	0.0000000000000000e+00	0.0000000000000000e+00	0.0000000000000000e+00	
1.1028349265848221e+00	-0.0000000000000000e+00	-0.0000000000000000e+00	1.9484234677785288e-04	6.9999999999999996e-01	0.0000000000000000e+00	-1.9982673630359795e+03	-1.8441370102399521e+07	-3.3541532773853227e+07	0.0000000000000000e+00	-0.0000000000000000e+00	0.0000000000000000e+00	0.0000000000000000e+00	0.0000000000000000e+00	0.0000000000000000e+00	0.0000000000000000e+00	0.0000000000000000e+00	0.0000000000000000e+00	
1.1037871018309779e+00	-0.0000000000000000e+00	-0.0000000000000000e+00	2.2813790107208967e-04	6.9999999999999996e-01	0.0000000000000000e+00	-2.2853739578738241e+03	-1.8440873932590641e+07	-3.3541095073469255e+07	0.0000000000000000e+00	-0.0000000000000000e+00	0.0000000000000000e+00	0.0000000000000000e+00	0.0000000000000000e+00	0.0000000000000000e+00	0.0000000000000000e+00	0.0000000000000000e+00	0.0000000000000000e+00	
1.1047392770771336e+00	-0.0000000000000000e+00	-0.0000000000000000e+00	2.2813790107208967e-04	6.9999999999999996e-01	0.0000000000000000e+00	-2.2853739578738241e+03	-1.8440873932590641e+07	-3.3541095073469255e+07	0.0000000000000000e+00	-0.0000000000000000e+00	0.0000000000000000e+00	0.0000000000000000e+00	0.0000000000000000e+00	0.0000000000000000e+00	0.0000000000000000e+00	0.0000000000000000e+00	0.0000000000000000e+00	
1.1056914523232895e+00	-0.0000000000000000e+00	-0.0000000000000000e+00	2.5531829230600794e-04	6.9999999999999996e-01	0.0000000000000000e+00	-2.5118511797546130e+03	-1.8440552502415720e+07	-3.3540756100624070e+07	0.0000000000000000e+00	-0.0000000000000000e+00	0.0000000000000000e+00	0.0000000000000000e+00	0.0000000000000000e+00	0.0000000000000000e+00	0.0000000000000000e+00	0.0000000000000000e+00	0.0000000000000000e+00	
1.1066436275694451e+00	-0.0000000000000000e+00	-0.0000000000000000e+00	2.5531829230600794e-04	6.9999999999999996e-01	0.0000000000000000e+00	-2.5118511797546130e+03	-1.8440552502415720e+07	-3.3540756100624070e+07	0.0000000000000000e+00	-0.0000000000000000e+00	0.0000000000000000e+00	0.0000000000000000e+00	0.0000000000000000e+00	0.0000000000000000e+00	0.0000000000000000e+00	0.0000000000000000e+00	0.0000000000000000e+00	
1.1075958028156010e+00	-0.0000000000000000e+00	-0.0000000000000000e+00	2.6771608348970678e-04	6.9999999999999996e-01	0.0000000000000000e+00	-2.6805911913971695e+03	-1.8440257879338294e+07	-3.3540421459590327e+07	0.0000000000000000e+00	-0.0000000000000000e+00	0.0000000000000000e+00	0.0000000000000000e+00	0.0000000000000000e+00	0.0000000000000000e+00	0.0000000000000000e+00	0.0000000000000000e+00	0.0000000000000000e+00	
1.1085479780617566e+00	-0.0000000000000000e+00	-0.0000000000000000e+00	2.6771608348970678e-04	6.9999999999999996e-01	0.0000000000000000e+00	-2.6805911913971695e+03	-1.8440257879338294e+07	-3.3540421459590327e+07	0.0000000000000000e+00	-0.0000000000000000e+00	0.0000000000000000e+00	0.0000000000000000e+00	0.0000000000000000e+00	0.0000000000000000e+00	0.0000000000000000e+00	0.0000000000000000e+00	0.0000000000000000e+00	
1.1095001533079125e+00	-0.0000000000000000e+00	-0.0000000000000000e+00	2.7104378078702195e-04	6.9999999999999996e-01	0.0000000000000000e+00	-2.7382419059361582e+03	-1.8440179919642083e+07	-3.3540235648562521e+07	0.0000000000000000e+00	-0.0000000000000000e+00	0.0000000000000000e+00	0.0000000000000000e+00	0.0000000000000000e+00	0.0000000000000000e+00	0.0000000000000000e+00	0.0000000000000000e+00	0.0000000000000000e+00	
1.1104523285540682e+00	-0.0000000000000000e+00	-0.0000000000000000e+00	2.7104378078702195e-04	6.9999999999999996e-01	0.0000000000000000e+00	-2.7382419059361582e+03	-1.8440179919642083e+07	-3.3540235648562521e+07	0.0000000000000000e+00	-0.0000000000000000e+00	0.0000000000000000e+00	0.0000000000000000e+00	0.0000000000000000e+00	0.0000000000000000e+00	0.0000000000000000e+00	0.0000000000000000e+00	0.0000000000000000e+00	
1.1114045038002240e+00	-0.0000000000000000e+00	-0.0000000000000000e+00	2.5281205134828250e-04	6.9999999999999996e-01	0.0000000000000000e+00	-2.7430650655859504e+03	-1.8440224795494221e+07	-3.3540047307000868e+07	0.0000000000000000e+00	-0.0000000000000000e+00	0.0000000000000000e+00	0.0000000000000000e+00	0.0000000000000000e+00	0.0000000000000000e+00	0.0000000000000000e+00	0.0000000000000000e+00	0.0000000000000000e+00	
1.1123566790463797e+00	-0.0000000000000000e+00	-0.0000000000000000e+00	2.5281205134828250e-04	6.9999999999999996e-01	0.0000000000000000e+00	-2.7430650655859504e+03	-1.8440224795494221e+07	-3.3540047307000868e+07	0.0000000000000000e+00	-0.0000000000000000e+00	0.0000000000000000e+00	0.0000000000000000e+00	0.0000000000000000e+00	0.0000000000000000e+00	0.0000000000000000e+00	0.0000000000000000e+00	0.0000000000000000e+00	
1.1133088542925356e+00	-0.0000000000000000e+00	-0.0000000000000000e+00	2.2273926062353337e-04	6.9999999999999996e-01	0.0000000000000000e+00	-2.5951228397102423e+03	-1.8440515462547943e+07	-3.3540032224695582e+07	0.0000000000000000e+00	-0.0000000000000000e+00	0.0000000000000000e+00	0.0000000000000000e+00	0.0000000000000000e+00	0.0000000000000000e+00	0.0000000000000000e+00	0.0000000000000000e+00	0.0000000000000000e+00	
1.1142610295386912e+00	-0.0000000000000000e+00	-0.0000000000000000e+00	2.2273926062353337e-04	6.9999999999999996e-01	0.0000000000000000e+00	-2.5951228397102423e+03	-1.8440515462547943e+07	-3.3540032224695582e+07	0.0000000000000000e+00	-0.0000000000000000e+00	0.0000000000000000e+00	0.0000000000000000e+00	0.0000000000000000e+00	0.0000000000000000e+00	0.0000000000000000e+00	0.0000000000000000e+00	0.0000000000000000e+00	
1.1152132047848471e+00	-0.0000000000000000e+00	-0.0000000000000000e+00	1.6721812078975381e-04	6.9999999999999996e-01	0.0000000000000000e+00	-2.4120706985737229e+03	-1.8441010354112960e+07	-3.3540027016915586e+07	0.0000000000000000e+00	-0.0000000000000000e+00	0.0000000000000000e+00	0.0000000000000000e+00	0.0000000000000000e+00	0.0000000000000000e+00	0.0000000000000000e+00	0.0000000000000000e+00	0.0000000000000000e+00	
1.1161653800310027e+00	-0.0000000000000000e+00	-0.0000000000000000e+00	1.6721812078975381e-04	6.9999999999999996e-01	0.0000000000000000e+00	-2.4120706985737229e+03	-1.8441010354112960e+07	-3.3540027016915586e+07	0.0000000000000000e+00	-0.0000000000000000e+00	0.0000000000000000e+00	0.0000000000000000e+00	0.0000000000000000e+00	0.0000000000000000e+00	0.0000000000000000e+00	0.0000000000000000e+00	0.0000000000000000e+00	
1.1171175552771586e+00	-0.0000000000000000e+00	-0.0000000000000000e+00	9.7819028226574147e-05	6.9999999999999996e-01	0.0000000000000000e+00	-2.0526802775149113e+03	-1.8441755100316696e+07	-3.3540189802931063e+07	0.0000000000000000e+00	-0.0000000000000000e+00	0.0000000000000000e+00	0.0000000000000000e+00	0.0000000000000000e+00	0.0000000000000000e+00	0.0000000000000000e+00	0.0000000000000000e+00	0.0000000000000000e+00	
1.1180697305233143e+00	-0.0000000000000000e+00	-0.0000000000000000e+00	9.7819028226574147e-05	6.9999999999999996e-01	0.0000000000000000e+00	-2.0526802775149113e+03	-1.8441755100316696e+07	-3.3540189802931063e+07	0.0000000000000000e+00	-0.0000000000000000e+00	0.0000000000000000e+00	0.0000000000000000e+00	0.0000000000000000e+00	0.0000000000000000e+00	0.0000000000000000e+00	0.0000000000000000e+00	0.0000000000000000e+00	
1.1190219057694701e+00	-0.0000000000000000e+00	-0.0000000000000000e+00	3.1355758174721230e-06	6.9999999999999996e-01	0.0000000000000000e+00	-1.6879394580476501e+03	-1.8442752850726213e+07	-3.3540395610665593e+07	0.0000000000000000e+00	-0.0000000000000000e+00	0.0000000000000000e+00	0.0000000000000000e+00	0.0000000000000000e+00	0.0000000000000000e+00	0.0000000000000000e+00	0.0000000000000000e+00	0.0000000000000000e+00	
1.1199740810156258e+00	-0.0000000000000000e+00	-0.0000000000000000e+00	3.1355758174721230e-06	6.9999999999999996e-01	0.0000000000000000e+00	-1.6879394580476501e+03	-1.8442752850726213e+07	-3.3540395610665593e+07	0.0000000000000000e+00	-0.0000000000000000e+00	0.0000000000000000e+00	0.0000000000000000e+00	0.0000000000000000e+00	0.0000000000000000e+00	0.0000000000000000e+00	0.0000000000000000e+00	0.0000000000000000e+00	
1.1209262562617817e+00	-0.0000000000000000e+00	-0.0000000000000000e+00	-1.0680382311580724e-04	6.9999999999999996e-01	0.0000000000000000e+00	-1.1436327347035306e+03	-1.8443977864502102e+07	-3.3540722016814426e+07	0.0000000000000000e+00	-0.0000000000000000e+00	0.0000000000000000e+00	0.0000000000000000e+00	0.0000000000000000e+00	0.0000000000000000e+00	0.0000000000000000e+00	0.0000000000000000e+00	0.0000000000000000e+00	
1.1218784315079373e+00	-0.0000000000000000e+00	-0.0000000000000000e+00	-1.0680382311580724e-04	6.9999999999999996e-01	0.0000000000000000e+00	-1.1436327347035306e+03	-1.8443977864502102e+07	-3.3540722016814426e+07	0.0000000000000000e+00	-0.0000000000000000e+00	0.0000000000000000e+00	0.0000000000000000e+00	0.0000000000000000e+00	0.0000000000000000e+00	0.0000000000000000e+00	0.0000000000000000e+00	0.0000000000000000e+00	
1.1228306067540932e+00	-0.0000000000000000e+00	-0.0000000000000000e+00	-2.3697460465659667e-04	6.9999999999999996e-01	0.0000000000000000e+00	-6.3396697837754891e+02	-1.8445458273963120e+07	-3.3541144869520951e+07	0.0000000000000000e+00	-0.0000000000000000e+00	0.0000000000000000e+00	0.0000000000000000e+00	0.0000000000000000e+00	0.0000000000000000e+00	0.0000000000000000e+00	0.0000000000000000e+00	0.0000000000000000e+00	
1.1237827820002488e+00	-0.0000000000000000e+00	-0.0000000000000000e+00	-2.3697460465659667e-04	6.9999999999999996e-01	0.0000000000000000e+00	-6.3396697837754891e+02	-1.8445458273963120e+07	-3.3541144869520951e+07	0.0000000000000000e+00	-0.0000000000000000e+00	0.0000000000000000e+00	0.0000000000000000e+00	0.0000000000000000e+00	0.0000000000000000e+00	0.0000000000000000e+00	0.0000000000000000e+00	0.0000000000000000e+00	
1.1247349572464047e+00	-0.0000000000000000e+00	-0.0000000000000000e+00	-3.8261456252812020e-04	6.9999999999999996e-01	0.0000000000000000e+00	3.4969665472472634e+01	-1.8447111522692204e+07	-3.3541601019785423e+07	0.0000000000000000e+00	-0.0000000000000000e+00	0.0000000000000000e+00	0.0000000000000000e+00	0.0000000000000000e+00	0.0000000000000000e+00	0.0000000000000000e+00	0.0000000000000000e+00	0.0000000000000000e+00	
1.1256871324925604e+00	-0.0000000000000000e+00	-0.0000000000000000e+00	-3.8261456252812020e-04	6.9999999999999996e-01	0.0000000000000000e+00	3.4969665472472634e+01	-1.8447111522692204e+07	-3.3541601019785423e+07	0.0000000000000000e+00	-0.0000000000000000e+00	0.0000000000000000e+00	0.0000000000000000e+00	0.0000000000000000e+00	0.0000000000000000e+00	0.0000000000000000e+00	0.0000000000000000e+00	0.0000000000000000e+00	
1.1266393077387162e+00	-0.0000000000000000e+00	-0.0000000000000000e+00	-5.3853164578794577e-04	6.9999999999999996e-01	0.0000000000000000e+00	6.2313995450025379e+02	-1.8448970775073830e+07	-3.3542219493106086e+07	0.0000000000000000e+00	-0.0000000000000000e+00	0.0000000000000000e+00	0.0000000000000000e+00	0.0000000000000000e+00	0.0000000000000000e+00	0.0000000000000000e+00	0.0000000000000000e+00	0.0000000000000000e+00	
1.1275914829848719e+00	-0.0000000000000000e+00	-0.0000000000000000e+00	-5.3853164578794577e-04	6.9999999999999996e-01	0.0000000000000000e+00	6.2313995450025379e+02	-1.8448970775073830e+07	-3.3542219493106086e+07	0.0000000000000000e+00	-0.0000000000000000e+00	0.0000000000000000e+00	0.0000000000000000e+00	0.0000000000000000e+00	0.0000000000000000e+00	0.0000000000000000e+00	0.0000000000000000e+00	0.0000000000000000e+00	
1.1285436582310278e+00	-0.0000000000000000e+00	-0.0000000000000000e+00	-7.0892601254054577e-04	6.9999999999999996e-01	0.0000000000000000e+00	1.3264698646019081e+03	-1.8450923259933490e+07	-3.3542755648892529e+07	0.0000000000000000e+00	-0.0000000000000000e+00	0.0000000000000000e+00	0.0000000000000000e+00	0.0000000000000000e+00	0.0000000000000000e+00	0.0000000000000000e+00	0.0000000000000000e+00	0.0000000000000000e+00	
1.1294958334771834e+00	-0.0000000000000000e+00	-0.0000000000000000e+00	-7.0892601254054577e-04	6.9999999999999996e-01	0.0000000000000000e+00	1.3264698646019081e+03	-1.8450923259933490e+07	-3.3542755648892529e+07	0.0000000000000000e+00	-0.0000000000000000e+00	0.0000000000000000e+00	0.0000000000000000e+00	0.0000000000000000e+00	0.0000000000000000e+00	0.0000000000000000e+00	0.0000000000000000e+00	0.0000000000000000e+00	
1.1304480087233393e+00	-0.0000000000000000e+00	-0.0000000000000000e+00	-8.7553124110361280e-04	6.9999999999999996e-01	0.0000000000000000e+00	1.9044066128745435e+03	-1.8452984787587065e+07	-3.3543522610158123e+07	0.0000000000000000e+00	-0.0000000000000000e+00	0.0000000000000000e+00	0.0000000000000000e+00	0.0000000000000000e+00	0.0000000000000000e+00	0.0000000000000000e+00	0.0000000000000000e+00	0.0000000000000000e+00	
1.1314001839694949e+00	-0.0000000000000000e+00	-0.0000000000000000e+00	-8.7553124110361280e-04	6.9999999999999996e-01	0.0000000000000000e+00	1.9044066128745435e+03	-1.8452984787587065e+07	-3.3543522610158123e+07	0.0000000000000000e+00	-0.0000000000000000e+00	0.0000000000000000e+00	0.0000000000000000e+00	0.0000000000000000e+00	0.0000000000000000e+00	0.0000000000000000e+00	0.0000000000000000e+00	0.0000000000000000e+00	
1.1323523592156508e+00	-0.0000000000000000e+00	-0.0000000000000000e+00	-1.0548242257893052e-03	6.9999999999999996e-01	0.0000000000000000e+00	2.5355018729712619e+03	-1.8455052315347310e+07	-3.3544078647051007e+07	0.0000000000000000e+00	-0.0000000000000000e+00	0.0000000000000000e+00	0.0000000000000000e+00	0.0000000000000000e+00	0.0000000000000000e+00	0.0000000000000000e+00	0.0000000000000000e+00	0.0000000000000000e+00	
1.1333045344618065e+00	-0.0000000000000000e+00	-0.0000000000000000e+00	-1.0548242257893052e-03	6.9999999999999996e-01	0.0000000000000000e+00	2.5355018729712619e+03	-1.8455052315347310e+07	-3.3544078647051007e+07	0.0000000000000000e+00	-0.0000000000000000e+00	0.0000000000000000e+00	0.0000000000000000e+00	0.0000000000000000e+00	0.0000000000000000e+00	0.0000000000000000e+00	0.0000000000000000e+00	0.0000000000000000e+00	
1.1342567097079623e+00	-0.0000000000000000e+00	-0.0000000000000000e+00	-1.2138854070135030e-03	6.9999999999999996e-01	0.0000000000000000e+00	3.0084288489209107e+03	-1.8457105107493635e+07	-3.3544939295987897e+07	0.0000000000000000e+00	-0.0000000000000000e+00	0.0000000000000000e+00	0.0000000000000000e+00	0.0000000000000000e+00	0.0000000000000000e+00	0.0000000000000000e+00	0.0000000000000000e+00	0.0000000000000000e+00	
1.1352088849541180e+00	-0.0000000000000000e+00	-0.0000000000000000e+00	-1.2138854070135030e-03	6.9999999999999996e-01	0.0000000000000000e+00	3.0084288489209107e+03	-1.8457105107493635e+07	-3.3544939295987897e+07	0.0000000000000000e+00	-0.0000000000000000e+00	0.0000000000000000e+00	0.0000000000000000e+00	0.0000000000000000e+00	0.0000000000000000e+00	0.0000000000000000e+00	0.0000000000000000e+00	0.0000000000000000e+00	
1.1361610602002739e+00	-0.0000000000000000e+00	-0.0000000000000000e+00	-1.3830166003549599e-03	6.9999999999999996e-01	0.0000000000000000e+00	3.4647285409010992e+03	-1.8459083053214021e+07	-3.3545458306220926e+07	0.0000000000000000e+00	-0.0000000000000000e+00	0.0000000000000000e+00	0.0000000000000000e+00	0.0000000000000000e+00	0.0000000000000000e+00	0.0000000000000000e+00	0.0000000000000000e+00	0.0000000000000000e+00	
1.1371132354464295e+00	-0.0000000000000000e+00	-0.0000000000000000e+00	-1.3830166003549599e-03	6.9999999999999996e-01	0.0000000000000000e+00	3.4647285409010992e+03	-1.8459083053214021e+07	-3.3545458306220926e+07	0.0000000000000000e+00	-0.0000000000000000e+00	0.0000000000000000e+00	0.0000000000000000e+00	0.0000000000000000e+00	0.0000000000000000e+00	0.0000000000000000e+00	0.0000000000000000e+00	0.0000000000000000e+00	
1.1380654106925854e+00	-0.0000000000000000e+00	-0.0000000000000000e+00	-1.5146392276239105e-03	6.9999999999999996e-01	0.0000000000000000e+00	3.7479247110136885e+03	-1.8460910469043881e+07	-3.3546352993648529e+07	0.0000000000000000e+00	-0.0000000000000000e+00	0.0000000000000000e+00	0.0000000000000000e+00	0.0000000000000000e+00	0.0000000000000000e+00	0.0000000000000000e+00	0.0000000000000000e+00	0.0000000000000000e+00	
1.1390175859387410e+00	-0.0000000000000000e+00	-0.0000000000000000e+00	-1.5146392276239105e-03	6.9999999999999996e-01	0.0000000000000000e+00	3.7479247110136885e+03	-1.8460910469043881e+07	-3.3546352993648529e+07	0.0000000000000000e+00	-0.0000000000000000e+00	0.0000000000000000e+00	0.0000000000000000e+00	0.0000000000000000e+00	0.0000000000000000e+00	0.0000000000000000e+00	0.0000000000000000e+00	0.0000000000000000e+00	
1.1399697611848969e+00	-0.0000000000000000e+00	-0.0000000000000000e+00	-1.6522824615315898e-03	6.9999999999999996e-01	0.0000000000000000e+00	3.9483676904975155e+03	-1.8462584525632575e+07	-3.3546782398836065e+07	0.0000000000000000e+00	-0.0000000000000000e+00	0.0000000000000000e+00	0.0000000000000000e+00	0.0000000000000000e+00	0.0000000000000000e+00	0.0000000000000000e+00	0.0000000000000000e+00	0.0000000000000000e+00	
1.1409219364310526e+00	-0.0000000000000000e+00	-0.0000000000000000e+00	-1.6522824615315898e-03	6.9999999999999996e-01	0.0000000000000000e+00	3.9483676904975155e+03	-1.8462584525632575e+07	-3.3546782398836065e+07	0.0000000000000000e+00	-0.0000000000000000e+00	0.0000000000000000e+00	0.0000000000000000e+00	0.0000000000000000e+00	0.0000000000000000e+00	0.0000000000000000e+00	0.0000000000000000e+00	0.0000000000000000e+00	
1.1418741116772084e+00	-0.0000000000000000e+00	-0.0000000000000000e+00	-1.7360063710218842e-03	6.9999999999999996e-01	0.0000000000000000e+00	3.9817479589552495e+03	-1.8463966515568938e+07	-3.3547635516575541e+07	0.0000000000000000e+00	-0.0000000000000000e+00	0.0000000000000000e+00	0.0000000000000000e+00	0.0000000000000000e+00	0.0000000000000000e+00	0.0000000000000000e+00	0.0000000000000000e+00	0.0000000000000000e+00	
1.1428262869233641e+00	-0.0000000000000000e+00	-0.0000000000000000e+00	-1.7360063710218842e-03	6.9999999999999996e-01	0.0000000000000000e+00	3.9817479589552495e+03	-1.8463966515568938e+07	-3.3547635516575541e+07	0.0000000000000000e+00	-0.0000000000000000e+00	0.0000000000000000e+00	0.0000000000000000e+00	0.0000000000000000e+00	0.0000000000000000e+00	0.0000000000000000e+00	0.0000000000000000e+00	0.0000000000000000e+00	
1.1437784621695199e+00	-0.0000000000000000e+00	-0.0000000000000000e+00	-1.8210335600126815e-03	6.9999999999999996e-01	0.0000000000000000e+00	3.8850338553442994e+03	-1.8465125641132906e+07	-3.3547912820542034e+07	0.0000000000000000e+00	-0.0000000000000000e+00	0.0000000000000000e+00	0.0000000000000000e+00	0.0000000000000000e+00	0.0000000000000000e+00	0.0000000000000000e+00	0.0000000000000000e+00	0.0000000000000000e+00	
1.1447306374156756e+00	-0.0000000000000000e+00	-0.0000000000000000e+00	-1.8210335600126815e-03	6.9999999999999996e-01	0.0000000000000000e+00	3.8850338553442994e+03	-1.8465125641132906e+07	-3.3547912820542034e+07	0.0000000000000000e+00	-0.0000000000000000e+00	0.0000000000000000e+00	0.0000000000000000e+00	0.0000000000000000e+00	0.0000000000000000e+00	0.0000000000000000e+00	0.0000000000000000e+00	0.0000000000000000e+00	
1.1456828126618315e+00	-0.0000000000000000e+00	-0.0000000000000000e+00	-1.8387639470498281e-03	6.9999999999999996e-01	0.0000000000000000e+00	3.6509659067064254e+03	-1.8465857628032252e+07	-3.3548630176635534e+07	0.0000000000000000e+00	-0.0000000000000000e+00	0.0000000000000000e+00	0.0000000000000000e+00	0.0000000000000000e+00	0.0000000000000000e+00	0.0000000000000000e+00	0.0000000000000000e+00	0.0000000000000000e+00	
1.1466349879079871e+00	-0.0000000000000000e+00	-0.0000000000000000e+00	-1.8387639470498281e-03	6.9999999999999996e-01	0.0000000000000000e+00	3.6509659067064254e+03	-1.8465857628032252e+07	-3.3548630176635534e+07	0.0000000000000000e+00	-0.0000000000000000e+00	0.0000000000000000e+00	0.0000000000000000e+00	0.0000000000000000e+00	0.0000000000000000e+00	0.0000000000000000e+00	0.0000000000000000e+00	0.0000000000000000e+00	
1.1475871631541430e+00	-0.0000000000000000e+00	-0.0000000000000000e+00	-1.8536682762249467e-03	6.9999999999999996e-01	0.0000000000000000e+00	3.2680962142121343e+03	-1.8466322170405235e+07	-3.3548690608130500e+07	0.0000000000000000e+00	-0.0000000000000000e+00	0.0000000000000000e+00	0.0000000000000000e+00	0.0000000000000000e+00	0.0000000000000000e+00	0.0000000000000000e+00	0.0000000000000000e+00	0.0000000000000000e+00	
1.1485393384002986e+00	-0.0000000000000000e+00	-0.0000000000000000e+00	-1.8536682762249467e-03	6.9999999999999996e-01	0.0000000000000000e+00	3.2680962142121343e+03	-1.8466322170405235e+07	-3.3548690608130500e+07	0.0000000000000000e+00	-0.0000000000000000e+00	0.0000000000000000e+00	0.0000000000000000e+00	0.0000000000000000e+00	0.0000000000000000e+00	0.0000000000000000e+00	0.0000000000000000e+00	0.0000000000000000e+00	
1.1494915136464545e+00	-0.0000000000000000e+00	-0.0000000000000000e+00	-1.7929786180153325e-03	6.9999999999999996e-01	0.0000000000000000e+00	2.7977986014474013e+03	-1.8466247631369948e+07	-3.3549172373028480e+07	0.0000000000000000e+00	-0.0000000000000000e+00	0.0000000000000000e+00	0.0000000000000000e+00	0.0000000000000000e+00	0.0000000000000000e+00	0.0000000000000000e+00	0.0000000000000000e+00	0.0000000000000000e+00	
1.1504436888926102e+00	-0.0000000000000000e+00	-0.0000000000000000e+00	-1.7929786180153325e-03	6.9999999999999996e-01	0.0000000000000000e+00	2.7977986014474013e+03	-1.8466247631369948e+07	-3.3549172373028480e+07	0.0000000000000000e+00	-0.0000000000000000e+00	0.0000000000000000e+00	0.0000000000000000e+00	0.0000000000000000e+00	0.0000000000000000e+00	0.0000000000000000e+00	0.0000000000000000e+00	0.0000000000000000e+00	
1.1513958641387660e+00	-0.0000000000000000e+00	-0.0000000000000000e+00	-1.7260693359834830e-03	6.9999999999999996e-01	0.0000000000000000e+00	2.1876175401881119e+03	-1.8465894543561663e+07	-3.3548969781726625e+07	0.0000000000000000e+00	-0.0000000000000000e+00	0.0000000000000000e+00	0.0000000000000000e+00	0.0000000000000000e+00	0.0000000000000000e+00	0.0000000000000000e+00	0.0000000000000000e+00	0.0000000000000000e+00	
1.1523480393849217e+00	-0.0000000000000000e+00	-0.0000000000000000e+00	-1.7260693359834830e-03	6.9999999999999996e-01	0.0000000000000000e+00	2.1876175401881119e+03	-1.8465894543561663e+07	-3.3548969781726625e+07	0.0000000000000000e+00	-0.0000000000000000e+00	0.0000000000000000e+00	0.0000000000000000e+00	0.0000000000000000e+00	0.0000000000000000e+00	0.0000000000000000e+00	0.0000000000000000e+00	0.0000000000000000e+00	
1.1533002146310776e+00	-0.0000000000000000e+00	-0.0000000000000000e+00	-1.5819789836532432e-03	6.9999999999999996e-01	0.0000000000000000e+00	1.5525310867899191e+03	-1.8464929128777117e+07	-3.3549132279249903e+07	0.0000000000000000e+00	-0.0000000000000000e+00	0.0000000000000000e+00	0.0000000000000000e+00	0.0000000000000000e+00	0.0000000000000000e+00	0.0000000000000000e+00	0.0000000000000000e+00	0.0000000000000000e+00	
1.1542523898772332e+00	-0.0000000000000000e+00	-0.0000000000000000e+00	-1.5819789836532432e-03	6.9999999999999996e-01	0.0000000000000000e+00	1.5525310867899191e+03	-1.8464929128777117e+07	-3.3549132279249903e+07	0.0000000000000000e+00	-0.0000000000000000e+00	0.0000000000000000e+00	0.0000000000000000e+00	0.0000000000000000e+00	0.0000000000000000e+00	0.0000000000000000e+00	0.0000000000000000e+00	0.0000000000000000e+00	
1.1552045651233891e+00	-0.0000000000000000e+00	-0.0000000000000000e+00	-1.4278202046739217e-03	6.9999999999999996e-01	0.0000000000000000e+00	8.0618261043350503e+02	-1.8463699146654829e+07	-3.3548662419307683e+07	0.0000000000000000e+00	-0.0000000000000000e+00	0.0000000000000000e+00	0.0000000000000000e+00	0.0000000000000000e+00	0.0000000000000000e+00	0.0000000000000000e+00	0.0000000000000000e+00	0.0000000000000000e+00	
1.1561567403695447e+00	-0.0000000000000000e+00	-0.0000000000000000e+00	-1.4278202046739217e-03	6.9999999999999996e-01	0.0000000000000000e+00	8.0618261043350503e+02	-1.8463699146654829e+07	-3.3548662419307683e+07	0.0000000000000000e+00	-0.0000000000000000e+00	0.0000000000000000e+00	0.0000000000000000e+00	0.0000000000000000e+00	0.0000000000000000e+00	0.0000000000000000e+00	0.0000000000000000e+00	0.0000000000000000e+00	
1.1571089156157006e+00	-0.0000000000000000e+00	-0.0000000000000000e+00	-1.2028909819425729e-03	6.9999999999999996e-01	0.0000000000000000e+00	1.0102044302231931e+02	-1.8461831775308769e+07	-3.3548449850971106e+07	0.0000000000000000e+00	-0.0000000000000000e+00	0.0000000000000000e+00	0.0000000000000000e+00	0.0000000000000000e+00	0.0000000000000000e+00	0.0000000000000000e+00	0.0000000000000000e+00	0.0000000000000000e+00	
1.1580610908618563e+00	-0.0000000000000000e+00	-0.0000000000000000e+00	-1.2028909819425729e-03	6.9999999999999996e-01	0.0000000000000000e+00	1.0102044302231931e+02	-1.8461831775308769e+07	-3.3548449850971106e+07	0.0000000000000000e+00	-0.0000000000000000e+00	0.0000000000000000e+00	0.0000000000000000e+00	0.0000000000000000e+00	0.0000000000000000e+00	0.0000000000000000e+00	0.0000000000000000e+00	0.0000000000000000e+00	
1.1590132661080121e+00	-0.0000000000000000e+00	-0.0000000000000000e+00	-9.6237851157149161e-04	6.9999999999999996e-01	0.0000000000000000e+00	-6.7858759305266187e+02	-1.8459728213613480e+07	-3.3547760144123092e+07	0.0000000000000000e+00	-0.0000000000000000e+00	0.0000000000000000e+00	0.0000000000000000e+00	0.0000000000000000e+00	0.0000000000000000e+00	0.0000000000000000e+00	0.0000000000000000e+00	0.0000000000000000e+00	
1.1599654413541678e+00	-0.0000000000000000e+00	-0.0000000000000000e+00	-9.6237851157149161e-04	6.9999999999999996e-01	0.0000000000000000e+00	-6.7858759305266187e+02	-1.8459728213613480e+07	-3.3547760144123092e+07	0.0000000000000000e+00	-0.0000000000000000e+00	0.0000000000000000e+00	0.0000000000000000e+00	0.0000000000000000e+00	0.0000000000000000e+00	0.0000000000000000e+00	0.0000000000000000e+00	0.0000000000000000e+00	
1.1609176166003237e+00	-0.0000000000000000e+00	-0.0000000000000000e+00	-6.6657694819744579e-04	6.9999999999999996e-01	0.0000000000000000e+00	-1.3559760614021250e+03	-1.8457019884788372e+07	-3.3547148966808733e+07	0.0000000000000000e+00	-0.0000000000000000e+00	0.0000000000000000e+00	0.0000000000000000e+00	0.0000000000000000e+00	0.0000000000000000e+00	0.0000000000000000e+00	0.0000000000000000e+00	0.0000000000000000e+00	
1.1618697918464793e+00	-0.0000000000000000e+00	-0.0000000000000000e+00	-6.6657694819744579e-04	6.9999999999999996e-01	0.0000000000000000e+00	-1.3559760614021250e+03	-1.8457019884788372e+07	-3.3547148966808733e+07	0.0000000000000000e+00	-0.0000000000000000e+00	0.0000000000000000e+00	0.0000000000000000e+00	0.0000000000000000e+00	0.0000000000000000e+00	0.0000000000000000e+00	0.0000000000000000e+00	0.0000000000000000e+00	
1.1628219670926352e+00	-0.0000000000000000e+00	-0.0000000000000000e+00	-3.4725345734130708e-04	6.9999999999999996e-01	0.0000000000000000e+00	-2.0733311616024484e+03	-1.8454104684606533e+07	-3.3546338052968118e+07	0.0000000000000000e+00	-0.0000000000000000e+00	0.0000000000000000e+00	0.0000000000000000e+00	0.0000000000000000e+00	0.0000000000000000e+00	0.0000000000000000e+00	0.0000000000000000e+00	0.0000000000000000e+00	
1.1637741423387908e+00	-0.0000000000000000e+00	-0.0000000000000000e+00	-3.4725345734130708e-04	6.9999999999999996e-01	0.0000000000000000e+00	-2.0733311616024484e+03	-1.8454104684606533e+07	-3.3546338052968118e+07	0.0000000000000000e+00	-0.0000000000000000e+00	0.0000000000000000e+00	0.0000000000000000e+00	0.0000000000000000e+00	0.0000000000000000e+00	0.0000000000000000e+00	0.0000000000000000e+00	0.0000000000000000e+00	
1.1647263175849467e+00	-0.0000000000000000e+00	-0.0000000000000000e+00	1.7401989015208075e-06	6.9999999999999996e-01	0.0000000000000000e+00	-2.6379653928015273e+03	-1.8450684484266758e+07	-3.3545339810322244e+07	0.0000000000000000e+00	-0.0000000000000000e+00	0.0000000000000000e+00	0.0000000000000000e+00	0.0000000000000000e+00	0.0000000000000000e+00	0.0000000000000000e+00	0.0000000000000000e+00	0.0000000000000000e+00	
1.1656784928311024e+00	-0.0000000000000000e+00	-0.0000000000000000e+00	1.7401989015208075e-06	6.9999999999999996e-01	0.0000000000000000e+00	-2.6379653928015273e+03	-1.8450684484266758e+07	-3.3545339810322244e+07	0.0000000000000000e+00	-0.0000000000000000e+00	0.0000000000000000e+00	0.0000000000000000e+00	0.0000000000000000e+00	0.0000000000000000e+00	0.0000000000000000e+00	0.0000000000000000e+00	0.0000000000000000e+00	
1.1666306680772582e+00	-0.0000000000000000e+00	-0.0000000000000000e+00	3.8453463780491204e-04	6.9999999999999996e-01	0.0000000000000000e+00	-3.2157931332694484e+03	-1.8447072757633753e+07	-3.3544549050129861e+07	0.0000000000000000e+00	-0.0000000000000000e+00	0.0000000000000000e+00	0.0000000000000000e+00	0.0000000000000000e+00	0.0000000000000000e+00	0.0000000000000000e+00	0.0000000000000000e+00	0.0000000000000000e+00	
1.1675828433234139e+00	-0.0000000000000000e+00	-0.0000000000000000e+00	3.8453463780491204e-04	6.9999999999999996e-01	0.0000000000000000e+00	-3.2157931332694484e+03	-1.8447072757633753e+07	-3.3544549050129861e+07	0.0000000000000000e+00	-0.0000000000000000e+00	0.0000000000000000e+00	0.0000000000000000e+00	0.0000000000000000e+00	0.0000000000000000e+00	0.0000000000000000e+00	0.0000000000000000e+00	0.0000000000000000e+00	
1.1685350185695698e+00	-0.0000000000000000e+00	-0.0000000000000000e+00	7.6033833432471076e-04	6.9999999999999996e-01	0.0000000000000000e+00	-3.5959955426204551e+03	-1.8443144329399168e+07	-3.3543210122020073e+07	0.0000000000000000e+00	-0.0000000000000000e+00	0.0000000000000000e+00	0.0000000000000000e+00	0.0000000000000000e+00	0.0000000000000000e+00	0.0000000000000000e+00	0.0000000000000000e+00	0.0000000000000000e+00	
1.1694871938157254e+00	-0.0000000000000000e+00	-0.0000000000000000e+00	7.6033833432471076e-04	6.9999999999999996e-01	0.0000000000000000e+00	-3.5959955426204551e+03	-1.8443144329399168e+07	-3.3543210122020073e+07	0.0000000000000000e+00	-0.0000000000000000e+00	0.0000000000000000e+00	0.0000000000000000e+00	0.0000000000000000e+00	0.0000000000000000e+00	0.0000000000000000e+00	0.0000000000000000e+00	0.0000000000000000e+00	
1.1704393690618813e+00	-0.0000000000000000e+00	-0.0000000000000000e+00	1.1813177947713187e-03	6.9999999999999996e-01	0.0000000000000000e+00	-3.9708897533670120e+03	-1.8439031545218647e+07	-3.3542592169977903e+07	0.0000000000000000e+00	-0.0000000000000000e+00	0.0000000000000000e+00	0.0000000000000000e+00	0.0000000000000000e+00	0.0000000000000000e+00	0.0000000000000000e+00	0.0000000000000000e+00	0.0000000000000000e+00	
1.1713915443080369e+00	-0.0000000000000000e+00	-0.0000000000000000e+00	1.1813177947713187e-03	6.9999999999999996e-01	0.0000000000000000e+00	-3.9708897533670120e+03	-1.8439031545218647e+07	-3.3542592169977903e+07	0.0000000000000000e+00	-0.0000000000000000e+00	0.0000000000000000e+00	0.0000000000000000e+00	0.0000000000000000e+00	0.0000000000000000e+00	0.0000000000000000e+00	0.0000000000000000e+00	0.0000000000000000e+00	
1.1723437195541928e+00	-0.0000000000000000e+00	-0.0000000000000000e+00	1.5486521830333163e-03	6.9999999999999996e-01	0.0000000000000000e+00	-4.1061681608470872e+03	-1.8434895955719050e+07	-3.3540983381559771e+07	0.0000000000000000e+00	-0.0000000000000000e+00	0.0000000000000000e+00	0.0000000000000000e+00	0.0000000000000000e+00	0.0000000000000000e+00	0.0000000000000000e+00	0.0000000000000000e+00	0.0000000000000000e+00	
1.1732958948003485e+00	-0.0000000000000000e+00	-0.0000000000000000e+00	1.5486521830333163e-03	6.9999999999999996e-01	0.0000000000000000e+00	-4.1061681608470872e+03	-1.8434895955719050e+07	-3.3540983381559771e+07	0.0000000000000000e+00	-0.0000000000000000e+00	0.0000000000000000e+00	0.0000000000000000e+00	0.0000000000000000e+00	0.0000000000000000e+00	0.0000000000000000e+00	0.0000000000000000e+00	0.0000000000000000e+00	
1.1742480700465043e+00	-0.0000000000000000e+00	-0.0000000000000000e+00	1.9734437417622220e-03	6.9999999999999996e-01	0.0000000000000000e+00	-4.2342696109936142e+03	-1.8430563590733603e+07	-3.3540672592597794e+07	0.0000000000000000e+00	-0.0000000000000000e+00	0.0000000000000000e+00	0.0000000000000000e+00	0.0000000000000000e+00	0.0000000000000000e+00	0.0000000000000000e+00	0.0000000000000000e+00	0.0000000000000000e+00	
1.1752002452926600e+00	-0.0000000000000000e+00	-0.0000000000000000e+00	1.9734437417622220e-03	6.9999999999999996e-01	0.0000000000000000e+00	-4.2342696109936142e+03	-1.8430563590733603e+07	-3.3540672592597794e+07	0.0000000000000000e+00	-0.0000000000000000e+00	0.0000000000000000e+00	0.0000000000000000e+00	0.0000000000000000e+00	0.0000000000000000e+00	0.0000000000000000e+00	0.0000000000000000e+00	0.0000000000000000e+00	
1.1761524205388159e+00	-0.0000000000000000e+00	-0.0000000000000000e+00	2.2914649029959532e-03	6.9999999999999996e-01	0.0000000000000000e+00	-4.0824505938488010e+03	-1.8426591768045586e+07	-3.3538871381524500e+07	0.0000000000000000e+00	-0.0000000000000000e+00	0.0000000000000000e+00	0.0000000000000000e+00	0.0000000000000000e+00	0.0000000000000000e+00	0.0000000000000000e+00	0.0000000000000000e+00	0.0000000000000000e+00	
1.1771045957849715e+00	-0.0000000000000000e+00	-0.0000000000000000e+00	2.2914649029959532e-03	6.9999999999999996e-01	0.0000000000000000e+00	-4.0824505938488010e+03	-1.8426591768045586e+07	-3.3538871381524500e+07	0.0000000000000000e+00	-0.0000000000000000e+00	0.0000000000000000e+00	0.0000000000000000e+00	0.0000000000000000e+00	0.0000000000000000e+00	0.0000000000000000e+00	0.0000000000000000e+00	0.0000000000000000e+00	
1.1780567710311274e+00	-0.0000000000000000e+00	-0.0000000000000000e+00	2.6815969612820024e-03	6.9999999999999996e-01	0.0000000000000000e+00	-3.9389665249714676e+03	-1.8422410568527527e+07	-3.3538994391400974e+07	0.0000000000000000e+00	-0.0000000000000000e+00	0.0000000000000000e+00	0.0000000000000000e+00	0.0000000000000000e+00	0.0000000000000000e+00	0.0000000000000000e+00	0.0000000000000000e+00	0.0000000000000000e+00	
1.1790089462772830e+00	-0.0000000000000000e+00	-0.0000000000000000e+00	2.6815969612820024e-03	6.9999999999999996e-01	0.0000000000000000e+00	-3.9389665249714676e+03	-1.8422410568527527e+07	-3.3538994391400974e+07	0.0000000000000000e+00	-0.0000000000000000e+00	0.0000000000000000e+00	0.0000000000000000e+00	0.0000000000000000e+00	0.0000000000000000e+00	0.0000000000000000e+00	0.0000000000000000e+00	0.0000000000000000e+00	
1.1799611215234389e+00	-0.0000000000000000e+00	-0.0000000000000000e+00	2.9083617660628715e-03	6.9999999999999996e-01	0.0000000000000000e+00	-3.4839043909083916e+03	-1.8419004105462357e+07	-3.3537103771333352e+07	0.0000000000000000e+00	-0.0000000000000000e+00	0.0000000000000000e+00	0.0000000000000000e+00	0.0000000000000000e+00	0.0000000000000000e+00	0.0000000000000000e+00	0.0000000000000000e+00	0.0000000000000000e+00	
1.1809132967695946e+00	-0.0000000000000000e+00	-0.0000000000000000e+00	2.9083617660628715e-03	6.9999999999999996e-01	0.0000000000000000e+00	-3.4839043909083916e+03	-1.8419004105462357e+07	-3.3537103771333352e+07	0.0000000000000000e+00	-0.0000000000000000e+00	0.0000000000000000e+00	0.0000000000000000e+00	0.0000000000000000e+00	0.0000000000000000e+00	0.0000000000000000e+00	0.0000000000000000e+00	0.0000000000000000e+00	
1.1818654720157504e+00	-0.0000000000000000e+00	-0.0000000000000000e+00	3.2192823590505540e-03	6.9999999999999996e-01	0.0000000000000000e+00	-3.0599492893436855e+03	-1.8415332619560134e+07	-3.3537700740732510e+07	0.0000000000000000e+00	-0.0000000000000000e+00	0.0000000000000000e+00	0.0000000000000000e+00	0.0000000000000000e+00	0.0000000000000000e+00	0.0000000000000000e+00	0.0000000000000000e+00	0.0000000000000000e+00	
1.1828176472619061e+00	-0.0000000000000000e+00	-0.0000000000000000e+00	3.2192823590505540e-03	6.9999999999999996e-01	0.0000000000000000e+00	-3.0599492893436855e+03	-1.8415332619560134e+07	-3.3537700740732510e+07	0.0000000000000000e+00	-0.0000000000000000e+00	0.0000000000000000e+00	0.0000000000000000e+00	0.0000000000000000e+00	0.0000000000000000e+00	0.0000000000000000e+00	0.0000000000000000e+00	0.0000000000000000e+00	
1.1837698225080620e+00	-0.0000000000000000e+00	-0.0000000000000000e+00	3.3060646442265246e-03	6.9999999999999996e-01	0.0000000000000000e+00	-2.2833339227721185e+03	-1.8412970141236879e+07	-3.3535640408160813e+07	0.0000000000000000e+00	-0.0000000000000000e+00	0.0000000000000000e+00	0.0000000000000000e+00	0.0000000000000000e+00	0.0000000000000000e+00	0.0000000000000000e+00	0.0000000000000000e+00	0.0000000000000000e+00	
1.1847219977542176e+00	-0.0000000000000000e+00	-0.0000000000000000e+00	3.3060646442265246e-03	6.9999999999999996e-01	0.0000000000000000e+00	-2.2833339227721185e+03	-1.8412970141236879e+07	-3.3535640408160813e+07	0.0000000000000000e+00	-0.0000000000000000e+00	0.0000000000000000e+00	0.0000000000000000e+00	0.0000000000000000e+00	0.0000000000000000e+00	0.0000000000000000e+00	0.0000000000000000e+00	0.0000000000000000e+00	
1.1856741730003735e+00	-0.0000000000000000e+00	-0.0000000000000000e+00	3.4690558242273413e-03	6.9999999999999996e-01	0.0000000000000000e+00	-1.5426418724807836e+03	-1.8410208471983641e+07	-3.3536213187897921e+07	0.0000000000000000e+00	-0.0000000000000000e+00	0.0000000000000000e+00	0.0000000000000000e+00	0.0000000000000000e+00	0.0000000000000000e+00	0.0000000000000000e+00	0.0000000000000000e+00	0.0000000000000000e+00	
1.1866263482465291e+00	-0.0000000000000000e+00	-0.0000000000000000e+00	3.4690558242273413e-03	6.9999999999999996e-01	0.0000000000000000e+00	-1.5426418724807836e+03	-1.8410208471983641e+07	-3.3536213187897921e+07	0.0000000000000000e+00	-0.0000000000000000e+00	0.0000000000000000e+00	0.0000000000000000e+00	0.0000000000000000e+00	0.0000000000000000e+00	0.0000000000000000e+00	0.0000000000000000e+00	0.0000000000000000e+00	
1.1875785234926850e+00	-0.0000000000000000e+00	-0.0000000000000000e+00	3.3575497022151441e-03	6.9999999999999996e-01	0.0000000000000000e+00	-4.3357226190438706e+02	-1.8409344786407113e+07	-3.3533605399247650e+07	0.0000000000000000e+00	-0.0000000000000000e+00	0.0000000000000000e+00	0.0000000000000000e+00	0.0000000000000000e+00	0.0000000000000000e+00	0.0000000000000000e+00	0.0000000000000000e+00	0.0000000000000000e+00	
1.1885306987388407e+00	-0.0000000000000000e+00	-0.0000000000000000e+00	3.3575497022151441e-03	6.9999999999999996e-01	0.0000000000000000e+00	-4.3357226190438706e+02	-1.8409344786407113e+07	-3.3533605399247650e+07	0.0000000000000000e+00	-0.0000000000000000e+00	0.0000000000000000e+00	0.0000000000000000e+00	0.0000000000000000e+00	0.0000000000000000e+00	0.0000000000000000e+00	0.0000000000000000e+00	0.0000000000000000e+00	
1.1894828739849965e+00	-0.0000000000000000e+00	-0.0000000000000000e+00	3.3063022944353768e-03	6.9999999999999996e-01	0.0000000000000000e+00	5.9168749827877730e+02	-1.8407928899084613e+07	-3.3533610668383960e+07	0.0000000000000000e+00	-0.0000000000000000e+00	0.0000000000000000e+00	0.0000000000000000e+00	0.0000000000000000e+00	0.0000000000000000e+00	0.0000000000000000e+00	0.0000000000000000e+00	0.0000000000000000e+00	
1.1904350492311522e+00	-0.0000000000000000e+00	-0.0000000000000000e+00	3.3063022944353768e-03	6.9999999999999996e-01	0.0000000000000000e+00	5.9168749827877730e+02	-1.8407928899084613e+07	-3.3533610668383960e+07	0.0000000000000000e+00	-0.0000000000000000e+00	0.0000000000000000e+00	0.0000000000000000e+00	0.0000000000000000e+00	0.0000000000000000e+00	0.0000000000000000e+00	0.0000000000000000e+00	0.0000000000000000e+00	
1.1913872244773080e+00	-0.0000000000000000e+00	-0.0000000000000000e+00	2.9561369972674750e-03	6.9999999999999996e-01	0.0000000000000000e+00	1.9774160583569321e+03	-1.8408991603416860e+07	-3.3530302549064547e+07	0.0000000000000000e+00	-0.0000000000000000e+00	0.0000000000000000e+00	0.0000000000000000e+00	0.0000000000000000e+00	0.0000000000000000e+00	0.0000000000000000e+00	0.0000000000000000e+00	0.0000000000000000e+00	
1.1923393997234637e+00	-0.0000000000000000e+00	-0.0000000000000000e+00	2.9561369972674750e-03	6.9999999999999996e-01	0.0000000000000000e+00	1.9774160583569321e+03	-1.8408991603416860e+07	-3.3530302549064547e+07	0.0000000000000000e+00	-0.0000000000000000e+00	0.0000000000000000e+00	0.0000000000000000e+00	0.0000000000000000e+00	0.0000000000000000e+00	0.0000000000000000e+00	0.0000000000000000e+00	0.0000000000000000e+00	
1.1932915749696196e+00	-0.0000000000000000e+00	-0.0000000000000000e+00	2.6488426665359703e-03	6.9999999999999996e-01	0.0000000000000000e+00	3.2084775055215605e+03	-1.8409301216806244e+07	-3.3529486087970342e+07	0.0000000000000000e+00	-0.0000000000000000e+00	0.0000000000000000e+00	0.0000000000000000e+00	0.0000000000000000e+00	0.0000000000000000e+00	0.0000000000000000e+00	0.0000000000000000e+00	0.0000000000000000e+00	
1.1942437502157752e+00	-0.0000000000000000e+00	-0.0000000000000000e+00	2.6488426665359703e-03	6.9999999999999996e-01	0.0000000000000000e+00	3.2084775055215605e+03	-1.8409301216806244e+07	-3.3529486087970342e+07	0.0000000000000000e+00	-0.0000000000000000e+00	0.0000000000000000e+00	0.0000000000000000e+00	0.0000000000000000e+00	0.0000000000000000e+00	0.0000000000000000e+00	0.0000000000000000e+00	0.0000000000000000e+00	
1.1951959254619311e+00	-0.0000000000000000e+00	-0.0000000000000000e+00	2.0668095700968800e-03	6.9999999999999996e-01	0.0000000000000000e+00	4.7280436659023862e+03	-1.8412474282004599e+07	-3.3525917707821012e+07	0.0000000000000000e+00	-0.0000000000000000e+00	0.0000000000000000e+00	0.0000000000000000e+00	0.0000000000000000e+00	0.0000000000000000e+00	0.0000000000000000e+00	0.0000000000000000e+00	0.0000000000000000e+00	
1.1961481007080867e+00	-0.0000000000000000e+00	-0.0000000000000000e+00	2.0668095700968800e-03	6.9999999999999996e-01	0.0000000000000000e+00	4.7280436659023862e+03	-1.8412474282004599e+07	-3.3525917707821012e+07	0.0000000000000000e+00	-0.0000000000000000e+00	0.0000000000000000e+00	0.0000000000000000e+00	0.0000000000000000e+00	0.0000000000000000e+00	0.0000000000000000e+00	0.0000000000000000e+00	0.0000000000000000e+00	
1.1971002759542426e+00	-0.0000000000000000e+00	-0.0000000000000000e+00	1.5292631575732987e-03	6.9999999999999996e-01	0.0000000000000000e+00	6.0009637544378311e+03	-1.8414702117160216e+07	-3.3524916903343644e+07	0.0000000000000000e+00	-0.0000000000000000e+00	0.0000000000000000e+00	0.0000000000000000e+00	0.0000000000000000e+00	0.0000000000000000e+00	0.0000000000000000e+00	0.0000000000000000e+00	0.0000000000000000e+00	
1.1980524512003983e+00	-0.0000000000000000e+00	-0.0000000000000000e+00	1.5292631575732987e-03	6.9999999999999996e-01	0.0000000000000000e+00	6.0009637544378311e+03	-1.8414702117160216e+07	-3.3524916903343644e+07	0.0000000000000000e+00	-0.0000000000000000e+00	0.0000000000000000e+00	0.0000000000000000e+00	0.0000000000000000e+00	0.0000000000000000e+00	0.0000000000000000e+00	0.0000000000000000e+00	0.0000000000000000e+00	
1.1990046264465541e+00	-0.0000000000000000e+00	-0.0000000000000000e+00	7.8138027764742602e-04	6.9999999999999996e-01	0.0000000000000000e+00	7.4031015628885752e+03	-1.8419817760309111e+07	-3.3522237716119681e+07	0.0000000000000000e+00	-0.0000000000000000e+00	0.0000000000000000e+00	0.0000000000000000e+00	0.0000000000000000e+00	0.0000000000000000e+00	0.0000000000000000e+00	0.0000000000000000e+00	0.0000000000000000e+00	
1.1999568016927098e+00	-0.0000000000000000e+00	-0.0000000000000000e+00	7.8138027764742602e-04	6.9999999999999996e-01	0.0000000000000000e+00	7.4031015628885752e+03	-1.8419817760309111e+07	-3.3522237716119681e+07	0.0000000000000000e+00	-0.0000000000000000e+00	0.0000000000000000e+00	0.0000000000000000e+00	0.0000000000000000e+00	0.0000000000000000e+00	0.0000000000000000e+00	0.0000000000000000e+00	0.0000000000000000e+00	
1.2009089769388657e+00	-0.0000000000000000e+00	-0.0000000000000000e+00	7.9250219175347415e-05	6.9999999999999996e-01	0.0000000000000000e+00	8.4249355998239971e+03	-1.8423830642401323e+07	-3.3522056212073337e+07	0.0000000000000000e+00	-0.0000000000000000e+00	0.0000000000000000e+00	0.0000000000000000e+00	0.0000000000000000e+00	0.0000000000000000e+00	0.0000000000000000e+00	0.0000000000000000e+00	0.0000000000000000e+00	
1.2018611521850213e+00	-0.0000000000000000e+00	-0.0000000000000000e+00	7.9250219175347415e-05	6.9999999999999996e-01	0.0000000000000000e+00	8.4249355998239971e+03	-1.8423830642401323e+07	-3.3522056212073337e+07	0.0000000000000000e+00	-0.0000000000000000e+00	0.0000000000000000e+00	0.0000000000000000e+00	0.0000000000000000e+00	0.0000000000000000e+00	0.0000000000000000e+00	0.0000000000000000e+00	0.0000000000000000e+00	
1.2028133274311772e+00	-0.0000000000000000e+00	-0.0000000000000000e+00	-7.4324790917014373e-04	6.9999999999999996e-01	0.0000000000000000e+00	9.3792689462652179e+03	-1.8430427423387960e+07	-3.3521500981020994e+07	0.0000000000000000e+00	-0.0000000000000000e+00	0.0000000000000000e+00	0.0000000000000000e+00	0.0000000000000000e+00	0.0000000000000000e+00	0.0000000000000000e+00	0.0000000000000000e+00	0.0000000000000000e+00	
1.2037655026773328e+00	-0.0000000000000000e+00	-0.0000000000000000e+00	-7.4324790917014373e-04	6.9999999999999996e-01	0.0000000000000000e+00	9.3792689462652179e+03	-1.8430427423387960e+07	-3.3521500981020994e+07	0.0000000000000000e+00	-0.0000000000000000e+00	0.0000000000000000e+00	0.0000000000000000e+00	0.0000000000000000e+00	0.0000000000000000e+00	0.0000000000000000e+00	0.0000000000000000e+00	0.0000000000000000e+00	
1.2047176779234887e+00	-0.0000000000000000e+00	-0.0000000000000000e+00	-1.5448006210728570e-03	6.9999999999999996e-01	0.0000000000000000e+00	9.8178718084531010e+03	-1.8435860609255631e+07	-3.3522788230182938e+07	0.0000000000000000e+00	-0.0000000000000000e+00	0.0000000000000000e+00	0.0000000000000000e+00	0.0000000000000000e+00	0.0000000000000000e+00	0.0000000000000000e+00	0.0000000000000000e+00	0.0000000000000000e+00	
1.2056698531696444e+00	-0.0000000000000000e+00	-0.0000000000000000e+00	-1.5448006210728570e-03	6.9999999999999996e-01	0.0000000000000000e+00	9.8178718084531010e+03	-1.8435860609255631e+07	-3.3522788230182938e+07	0.0000000000000000e+00	-0.0000000000000000e+00	0.0000000000000000e+00	0.0000000000000000e+00	0.0000000000000000e+00	0.0000000000000000e+00	0.0000000000000000e+00	0.0000000000000000e+00	0.0000000000000000e+00	
1.2066220284158002e+00	-0.0000000000000000e+00	-0.0000000000000000e+00	-2.3538419361995170e-03	6.9999999999999996e-01	0.0000000000000000e+00	1.0035883770727485e+04	-1.8443381502055120e+07	-3.3525195709891304e+07	0.0000000000000000e+00	-0.0000000000000000e+00	0.0000000000000000e+00	0.0000000000000000e+00	0.0000000000000000e+00	0.0000000000000000e+00	0.0000000000000000e+00	0.0000000000000000e+00	0.0000000000000000e+00	
1.2075742036619559e+00	-0.0000000000000000e+00	-0.0000000000000000e+00	-2.3538419361995170e-03	6.9999999999999996e-01	0.0000000000000000e+00	1.0035883770727485e+04	-1.8443381502055120e+07	-3.3525195709891304e+07	0.0000000000000000e+00	-0.0000000000000000e+00	0.0000000000000000e+00	0.0000000000000000e+00	0.0000000000000000e+00	0.0000000000000000e+00	0.0000000000000000e+00	0.0000000000000000e+00	0.0000000000000000e+00	
1.2085263789081118e+00	-0.0000000000000000e+00	-0.0000000000000000e+00	-3.1692317621106920e-03	6.9999999999999996e-01	0.0000000000000000e+00	9.6318128197522146e+03	-1.8450011810741331e+07	-3.3528604419498086e+07	0.0000000000000000e+00	-0.0000000000000000e+00	0.0000000000000000e+00	0.0000000000000000e+00	0.0000000000000000e+00	0.0000000000000000e+00	0.0000000000000000e+00	0.0000000000000000e+00	0.0000000000000000e+00	
1.2094785541542674e+00	-0.0000000000000000e+00	-0.0000000000000000e+00	-3.1692317621106920e-03	6.9999999999999996e-01	0.0000000000000000e+00	9.6318128197522146e+03	-1.8450011810741331e+07	-3.3528604419498086e+07	0.0000000000000000e+00	-0.0000000000000000e+00	0.0000000000000000e+00	0.0000000000000000e+00	0.0000000000000000e+00	0.0000000000000000e+00	0.0000000000000000e+00	0.0000000000000000e+00	0.0000000000000000e+00	
1.2104307294004233e+00	-0.0000000000000000e+00	-0.0000000000000000e+00	-3.8691386274731258e-03	6.9999999999999996e-01	0.0000000000000000e+00	8.8926625554087532e+03	-1.8457934911335535e+07	-3.3534624848840669e+07	0.0000000000000000e+00	-0.0000000000000000e+00	0.0000000000000000e+00	0.0000000000000000e+00	0.0000000000000000e+00	0.0000000000000000e+00	0.0000000000000000e+00	0.0000000000000000e+00	0.0000000000000000e+00	
1.2113829046465789e+00	-0.0000000000000000e+00	-0.0000000000000000e+00	-3.8691386274731258e-03	6.9999999999999996e-01	0.0000000000000000e+00	8.8926625554087532e+03	-1.8457934911335535e+07	-3.3534624848840669e+07	0.0000000000000000e+00	-0.0000000000000000e+00	0.0000000000000000e+00	0.0000000000000000e+00	0.0000000000000000e+00	0.0000000000000000e+00	0.0000000000000000e+00	0.0000000000000000e+00	0.0000000000000000e+00	
1.2123350798927348e+00	-0.0000000000000000e+00	-0.0000000000000000e+00	-4.6022977102460347e-03	6.9999999999999996e-01	0.0000000000000000e+00	7.4150902878945662e+03	-1.8465398389503401e+07	-3.3540673440346412e+07	0.0000000000000000e+00	-0.0000000000000000e+00	0.0000000000000000e+00	0.0000000000000000e+00	0.0000000000000000e+00	0.0000000000000000e+00	0.0000000000000000e+00	0.0000000000000000e+00	0.0000000000000000e+00	
1.2132872551388905e+00	-0.0000000000000000e+00	-0.0000000000000000e+00	-4.6022977102460347e-03	6.9999999999999996e-01	0.0000000000000000e+00	7.4150902878945662e+03	-1.8465398389503401e+07	-3.3540673440346412e+07	0.0000000000000000e+00	-0.0000000000000000e+00	0.0000000000000000e+00	0.0000000000000000e+00	0.0000000000000000e+00	0.0000000000000000e+00	0.0000000000000000e+00	0.0000000000000000e+00	0.0000000000000000e+00	
1.2142394303850463e+00	-0.0000000000000000e+00	-0.0000000000000000e+00	-5.1051069271232929e-03	6.9999999999999996e-01	0.0000000000000000e+00	5.5456414247457051e+03	-1.8473092555656608e+07	-3.3550545903263405e+07	0.0000000000000000e+00	-0.0000000000000000e+00	0.0000000000000000e+00	0.0000000000000000e+00	0.0000000000000000e+00	0.0000000000000000e+00	0.0000000000000000e+00	0.0000000000000000e+00	0.0000000000000000e+00	
1.2151916056312020e+00	-0.0000000000000000e+00	-0.0000000000000000e+00	-5.1051069271232929e-03	6.9999999999999996e-01	0.0000000000000000e+00	5.5456414247457051e+03	-1.8473092555656608e+07	-3.3550545903263405e+07	0.0000000000000000e+00	-0.0000000000000000e+00	0.0000000000000000e+00	0.0000000000000000e+00	0.0000000000000000e+00	0.0000000000000000e+00	0.0000000000000000e+00	0.0000000000000000e+00	0.0000000000000000e+00	
1.2161437808773579e+00	-0.0000000000000000e+00	-0.0000000000000000e+00	-5.6908619267498376e-03	6.9999999999999996e-01	0.0000000000000000e+00	2.8455657633294700e+03	-1.8480638975539133e+07	-3.3558991722434342e+07	0.0000000000000000e+00	-0.0000000000000000e+00	0.0000000000000000e+00	0.0000000000000000e+00	0.0000000000000000e+00	0.0000000000000000e+00	0.0000000000000000e+00	0.0000000000000000e+00	0.0000000000000000e+00	
1.2170959561235135e+00	-0.0000000000000000e+00	-0.0000000000000000e+00	-5.6908619267498376e-03	6.9999999999999996e-01	0.0000000000000000e+00	2.8455657633294700e+03	-1.8480638975539133e+07	-3.3558991722434342e+07	0.0000000000000000e+00	-0.0000000000000000e+00	0.0000000000000000e+00	0.0000000000000000e+00	0.0000000000000000e+00	0.0000000000000000e+00	0.0000000000000000e+00	0.0000000000000000e+00	0.0000000000000000e+00	
1.2180481313696694e+00	-0.0000000000000000e+00	-0.0000000000000000e+00	-5.9479992943340552e-03	6.9999999999999996e-01	0.0000000000000000e+00	-1.6545069847920092e+02	-1.8487432310533594e+07	-3.3572103114696488e+07	0.0000000000000000e+00	-0.0000000000000000e+00	0.0000000000000000e+00	0.0000000000000000e+00	0.0000000000000000e+00	0.0000000000000000e+00	0.0000000000000000e+00	0.0000000000000000e+00	0.0000000000000000e+00	
1.2190003066158250e+00	-0.0000000000000000e+00	-0.0000000000000000e+00	-5.9479992943340552e-03	6.9999999999999996e-01	0.0000000000000000e+00	-1.6545069847920092e+02	-1.8487432310533594e+07	-3.3572103114696488e+07	0.0000000000000000e+00	-0.0000000000000000e+00	0.0000000000000000e+00	0.0000000000000000e+00	0.0000000000000000e+00	0.0000000000000000e+00	0.0000000000000000e+00	0.0000000000000000e+00	0.0000000000000000e+00	
1.2199524818619809e+00	-0.0000000000000000e+00	-0.0000000000000000e+00	-6.3517480568843340e-03	6.9999999999999996e-01	0.0000000000000000e+00	-3.9624477135468965e+03	-1.8494457462656789e+07	-3.3582008299689852e+07	0.0000000000000000e+00	-0.0000000000000000e+00	0.0000000000000000e+00	0.0000000000000000e+00	0.0000000000000000e+00	0.0000000000000000e+00	0.0000000000000000e+00	0.0000000000000000e+00	0.0000000000000000e+00	
1.2209046571081366e+00	-0.0000000000000000e+00	-0.0000000000000000e+00	-6.3517480568843340e-03	6.9999999999999996e-01	0.0000000000000000e+00	-3.9624477135468965e+03	-1.8494457462656789e+07	-3.3582008299689852e+07	0.0000000000000000e+00	-0.0000000000000000e+00	0.0000000000000000e+00	0.0000000000000000e+00	0.0000000000000000e+00	0.0000000000000000e+00	0.0000000000000000e+00	0.0000000000000000e+00	0.0000000000000000e+00	
1.2218568323542924e+00	-0.0000000000000000e+00	-0.0000000000000000e+00	-6.3467661205692458e-03	6.9999999999999996e-01	0.0000000000000000e+00	-7.8772147262007238e+03	-1.8499825232489321e+07	-3.3597123378352277e+07	0.0000000000000000e+00	-0.0000000000000000e+00	0.0000000000000000e+00	0.0000000000000000e+00	0.0000000000000000e+00	0.0000000000000000e+00	0.0000000000000000e+00	0.0000000000000000e+00	0.0000000000000000e+00	
1.2228090076004481e+00	-0.0000000000000000e+00	-0.0000000000000000e+00	-6.3467661205692458e-03	6.9999999999999996e-01	0.0000000000000000e+00	-7.8772147262007238e+03	-1.8499825232489321e+07	-3.3597123378352277e+07	0.0000000000000000e+00	-0.0000000000000000e+00	0.0000000000000000e+00	0.0000000000000000e+00	0.0000000000000000e+00	0.0000000000000000e+00	0.0000000000000000e+00	0.0000000000000000e+00	0.0000000000000000e+00	
1.2237611828466040e+00	-0.0000000000000000e+00	-0.0000000000000000e+00	-6.5590579492810774e-03	6.9999999999999996e-01	0.0000000000000000e+00	-1.2369387231232964e+04	-1.8505798825827837e+07	-3.3607196628259093e+07	0.0000000000000000e+00	-0.0000000000000000e+00	0.0000000000000000e+00	0.0000000000000000e+00	0.0000000000000000e+00	0.0000000000000000e+00	0.0000000000000000e+00	0.0000000000000000e+00	0.0000000000000000e+00	
1.2247133580927596e+00	-0.0000000000000000e+00	-0.0000000000000000e+00	-6.5590579492810774e-03	6.9999999999999996e-01	0.0000000000000000e+00	-1.2369387231232964e+04	-1.8505798825827837e+07	-3.3607196628259093e+07	0.0000000000000000e+00	-0.0000000000000000e+00	0.0000000000000000e+00	0.0000000000000000e+00	0.0000000000000000e+00	0.0000000000000000e+00	0.0000000000000000e+00	0.0000000000000000e+00	0.0000000000000000e+00	
1.2256655333389155e+00	-0.0000000000000000e+00	-0.0000000000000000e+00	-6.3149925060400416e-03	6.9999999999999996e-01	0.0000000000000000e+00	-1.6691379505933372e+04	-1.8509447736883406e+07	-3.3622604449812859e+07	0.0000000000000000e+00	-0.0000000000000000e+00	0.0000000000000000e+00	0.0000000000000000e+00	0.0000000000000000e+00	0.0000000000000000e+00	0.0000000000000000e+00	0.0000000000000000e+00	0.0000000000000000e+00	
1.2266177085850711e+00	-0.0000000000000000e+00	-0.0000000000000000e+00	-6.3149925060400416e-03	6.9999999999999996e-01	0.0000000000000000e+00	-1.6691379505933372e+04	-1.8509447736883406e+07	-3.3622604449812859e+07	0.0000000000000000e+00	-0.0000000000000000e+00	0.0000000000000000e+00	0.0000000000000000e+00	0.0000000000000000e+00	0.0000000000000000e+00	0.0000000000000000e+00	0.0000000000000000e+00	0.0000000000000000e+00	
1.2275698838312270e+00	-0.0000000000000000e+00	-0.0000000000000000e+00	-6.3367332684611819e-03	6.9999999999999996e-01	0.0000000000000000e+00	-2.1330052599604136e+04	-1.8514383797579437e+07	-3.3631635182145193e+07	0.0000000000000000e+00	-0.0000000000000000e+00	0.0000000000000000e+00	0.0000000000000000e+00	0.0000000000000000e+00	0.0000000000000000e+00	0.0000000000000000e+00	0.0000000000000000e+00	0.0000000000000000e+00	
1.2285220590773827e+00	-0.0000000000000000e+00	-0.0000000000000000e+00	-6.3367332684611819e-03	6.9999999999999996e-01	0.0000000000000000e+00	-2.1330052599604136e+04	-1.8514383797579437e+07	-3.3631635182145193e+07	0.0000000000000000e+00	-0.0000000000000000e+00	0.0000000000000000e+00	0.0000000000000000e+00	0.0000000000000000e+00	0.0000000000000000e+00	0.0000000000000000e+00	0.0000000000000000e+00	0.0000000000000000e+00	
1.2294742343235385e+00	-0.0000000000000000e+00	-0.0000000000000000e+00	-5.9014149909320697e-03	6.9999999999999996e-01	0.0000000000000000e+00	-2.5524896737559604e+04	-1.8516288829252712e+07	-3.3645572230578803e+07	0.0000000000000000e+00	-0.0000000000000000e+00	0.0000000000000000e+00	0.0000000000000000e+00	0.0000000000000000e+00	0.0000000000000000e+00	0.0000000000000000e+00	0.0000000000000000e+00	0.0000000000000000e+00	
1.2304264095696942e+00	-0.0000000000000000e+00	-0.0000000000000000e+00	-5.9014149909320697e-03	6.9999999999999996e-01	0.0000000000000000e+00	-2.5524896737559604e+04	-1.8516288829252712e+07	-3.3645572230578803e+07	0.0000000000000000e+00	-0.0000000000000000e+00	0.0000000000000000e+00	0.0000000000000000e+00	0.0000000000000000e+00	0.0000000000000000e+00	0.0000000000000000e+00	0.0000000000000000e+00	0.0000000000000000e+00	
1.2313785848158501e+00	-0.0000000000000000e+00	-0.0000000000000000e+00	-5.7718782446450206e-03	6.9999999999999996e-01	0.0000000000000000e+00	-2.9742456392562199e+04	-1.8520103471204270e+07	-3.3652065928740904e+07	0.0000000000000000e+00	-0.0000000000000000e+00	0.0000000000000000e+00	0.0000000000000000e+00	0.0000000000000000e+00	0.0000000000000000e+00	0.0000000000000000e+00	0.0000000000000000e+00	0.0000000000000000e+00	
1.2323307600620057e+00	-0.0000000000000000e+00	-0.0000000000000000e+00	-5.7718782446450206e-03	6.9999999999999996e-01	0.0000000000000000e+00	-2.9742456392562199e+04	-1.8520103471204270e+07	-3.3652065928740904e+07	0.0000000000000000e+00	-0.0000000000000000e+00	0.0000000000000000e+00	0.0000000000000000e+00	0.0000000000000000e+00	0.0000000000000000e+00	0.0000000000000000e+00	0.0000000000000000e+00	0.0000000000000000e+00	
1.2332829353081616e+00	-0.0000000000000000e+00	-0.0000000000000000e+00	-5.2391518309498012e-03	6.9999999999999996e-01	0.0000000000000000e+00	-3.3219117372023022e+04	-1.8520331761949472e+07	-3.3662405208597332e+07	0.0000000000000000e+00	-0.0000000000000000e+00	0.0000000000000000e+00	0.0000000000000000e+00	0.0000000000000000e+00	0.0000000000000000e+00	0.0000000000000000e+00	0.0000000000000000e+00	0.0000000000000000e+00	
1.2342351105543172e+00	-0.0000000000000000e+00	-0.0000000000000000e+00	-5.2391518309498012e-03	6.9999999999999996e-01	0.0000000000000000e+00	-3.3219117372023022e+04	-1.8520331761949472e+07	-3.3662405208597332e+07	0.0000000000000000e+00	-0.0000000000000000e+00	0.0000000000000000e+00	0.0000000000000000e+00	0.0000000000000000e+00	0.0000000000000000e+00	0.0000000000000000e+00	0.0000000000000000e+00	0.0000000000000000e+00	
1.2351872858004731e+00	-0.0000000000000000e+00	-0.0000000000000000e+00	-5.0352847893665618e-03	6.9999999999999996e-01	0.0000000000000000e+00	-3.6362165256378379e+04	-1.8523220718081042e+07	-3.3664692441309795e+07	0.0000000000000000e+00	-0.0000000000000000e+00	0.0000000000000000e+00	0.0000000000000000e+00	0.0000000000000000e+00	0.0000000000000000e+00	0.0000000000000000e+00	0.0000000000000000e+00	0.0000000000000000e+00	
1.2361394610466288e+00	-0.0000000000000000e+00	-0.0000000000000000e+00	-5.0352847893665618e-03	6.9999999999999996e-01	0.0000000000000000e+00	-3.6362165256378379e+04	-1.8523220718081042e+07	-3.3664692441309795e+07	0.0000000000000000e+00	-0.0000000000000000e+00	0.0000000000000000e+00	0.0000000000000000e+00	0.0000000000000000e+00	0.0000000000000000e+00	0.0000000000000000e+00	0.0000000000000000e+00	0.0000000000000000e+00	
1.2370916362927846e+00	-0.0000000000000000e+00	-0.0000000000000000e+00	-4.5292907930863284e-03	6.9999999999999996e-01	0.0000000000000000e+00	-3.8478104622260900e+04	-1.8522120388789736e+07	-3.3669261530435763e+07	0.0000000000000000e+00	-0.0000000000000000e+00	0.0000000000000000e+00	0.0000000000000000e+00	0.0000000000000000e+00	0.0000000000000000e+00	0.0000000000000000e+00	0.0000000000000000e+00	0.0000000000000000e+00	
1.2380438115389403e+00	-0.0000000000000000e+00	-0.0000000000000000e+00	-4.5292907930863284e-03	6.9999999999999996e-01	0.0000000000000000e+00	-3.8478104622260900e+04	-1.8522120388789736e+07	-3.3669261530435763e+07	0.0000000000000000e+00	-0.0000000000000000e+00	0.0000000000000000e+00	0.0000000000000000e+00	0.0000000000000000e+00	0.0000000000000000e+00	0.0000000000000000e+00	0.0000000000000000e+00	0.0000000000000000e+00	
1.2389959867850961e+00	-0.0000000000000000e+00	-0.0000000000000000e+00	-4.3655913473551102e-03	6.9999999999999996e-01	0.0000000000000000e+00	-3.9902142256816762e+04	-1.8524262063626256e+07	-3.3665549700902946e+07	0.0000000000000000e+00	-0.0000000000000000e+00	0.0000000000000000e+00	0.0000000000000000e+00	0.0000000000000000e+00	0.0000000000000000e+00	0.0000000000000000e+00	0.0000000000000000e+00	0.0000000000000000e+00	
1.2399481620312518e+00	-0.0000000000000000e+00	-0.0000000000000000e+00	-4.3655913473551102e-03	6.9999999999999996e-01	0.0000000000000000e+00	-3.9902142256816762e+04	-1.8524262063626256e+07	-3.3665549700902946e+07	0.0000000000000000e+00	-0.0000000000000000e+00	0.0000000000000000e+00	0.0000000000000000e+00	0.0000000000000000e+00	0.0000000000000000e+00	0.0000000000000000e+00	0.0000000000000000e+00	0.0000000000000000e+00	
1.2409003372774077e+00	-0.0000000000000000e+00	-0.0000000000000000e+00	-4.0255544721419147e-03	6.9999999999999996e-01	0.0000000000000000e+00	-4.0037694672339334e+04	-1.8522375257627934e+07	-3.3662305319535062e+07	0.0000000000000000e+00	-0.0000000000000000e+00	0.0000000000000000e+00	0.0000000000000000e+00	0.0000000000000000e+00	0.0000000000000000e+00	0.0000000000000000e+00	0.0000000000000000e+00	0.0000000000000000e+00	
1.2418525125235633e+00	-0.0000000000000000e+00	-0.0000000000000000e+00	-4.0255544721419147e-03	6.9999999999999996e-01	0.0000000000000000e+00	-4.0037694672339334e+04	-1.8522375257627934e+07	-3.3662305319535062e+07	0.0000000000000000e+00	-0.0000000000000000e+00	0.0000000000000000e+00	0.0000000000000000e+00	0.0000000000000000e+00	0.0000000000000000e+00	0.0000000000000000e+00	0.0000000000000000e+00	0.0000000000000000e+00	
1.2428046877697192e+00	-0.0000000000000000e+00	-0.0000000000000000e+00	-4.0269901940705299e-03	6.9999999999999996e-01	0.0000000000000000e+00	-3.9082043809302733e+04	-1.8524231519418273e+07	-3.3650848460205384e+07	0.0000000000000000e+00	-0.0000000000000000e+00	0.0000000000000000e+00	0.0000000000000000e+00	0.0000000000000000e+00	0.0000000000000000e+00	0.0000000000000000e+00	0.0000000000000000e+00	0.0000000000000000e+00	
1.2437568630158748e+00	-0.0000000000000000e+00	-0.0000000000000000e+00	-4.0269901940705299e-03	6.9999999999999996e-01	0.0000000000000000e+00	-3.9082043809302733e+04	-1.8524231519418273e+07	-3.3650848460205384e+07	0.0000000000000000e+00	-0.0000000000000000e+00	0.0000000000000000e+00	0.0000000000000000e+00	0.0000000000000000e+00	0.0000000000000000e+00	0.0000000000000000e+00	0.0000000000000000e+00	0.0000000000000000e+00	
1.2447090382620307e+00	-0.0000000000000000e+00	-0.0000000000000000e+00	-3.9692296924685403e-03	6.9999999999999996e-01	0.0000000000000000e+00	-3.6687120044567702e+04	-1.8522231838969301e+07	-3.3638266704648882e+07	0.0000000000000000e+00	-0.0000000000000000e+00	0.0000000000000000e+00	0.0000000000000000e+00	0.0000000000000000e+00	0.0000000000000000e+00	0.0000000000000000e+00	0.0000000000000000e+00	0.0000000000000000e+00	
1.2456612135081864e+00	-0.0000000000000000e+00	-0.0000000000000000e+00	-3.9692296924685403e-03	6.9999999999999996e-01	0.0000000000000000e+00	-3.6687120044567702e+04	-1.8522231838969301e+07	-3.3638266704648882e+07	0.0000000000000000e+00	-0.0000000000000000e+00	0.0000000000000000e+00	0.0000000000000000e+00	0.0000000000000000e+00	0.0000000000000000e+00	0.0000000000000000e+00	0.0000000000000000e+00	0.0000000000000000e+00	
1.2466133887543422e+00	-0.0000000000000000e+00	-0.0000000000000000e+00	-4.2086653374640223e-03	6.9999999999999996e-01	0.0000000000000000e+00	-3.2890347334390950e+04	-1.8524043954302583e+07	-3.3618338957860015e+07	0.0000000000000000e+00	-0.0000000000000000e+00	0.0000000000000000e+00	0.0000000000000000e+00	0.0000000000000000e+00	0.0000000000000000e+00	0.0000000000000000e+00	0.0000000000000000e+00	0.0000000000000000e+00	
1.2475655640004979e+00	-0.0000000000000000e+00	-0.0000000000000000e+00	-4.2086653374640223e-03	6.9999999999999996e-01	0.0000000000000000e+00	-3.2890347334390950e+04	-1.8524043954302583e+07	-3.3618338957860015e+07	0.0000000000000000e+00	-0.0000000000000000e+00	0.0000000000000000e+00	0.0000000000000000e+00	0.0000000000000000e+00	0.0000000000000000e+00	0.0000000000000000e+00	0.0000000000000000e+00	0.0000000000000000e+00	
1.2485177392466538e+00	-0.0000000000000000e+00	-0.0000000000000000e+00	-4.4764316929596761e-03	6.9999999999999996e-01	0.0000000000000000e+00	-2.7741437095401237e+04	-1.8522253369700123e+07	-3.3596281857285157e+07	0.0000000000000000e+00	-0.0000000000000000e+00	0.0000000000000000e+00	0.0000000000000000e+00	0.0000000000000000e+00	0.0000000000000000e+00	0.0000000000000000e+00	0.0000000000000000e+00	0.0000000000000000e+00	
1.2494699144928094e+00	-0.0000000000000000e+00	-0.0000000000000000e+00	-4.4764316929596761e-03	6.9999999999999996e-01	0.0000000000000000e+00	-2.7741437095401237e+04	-1.8522253369700123e+07	-3.3596281857285157e+07	0.0000000000000000e+00	-0.0000000000000000e+00	0.0000000000000000e+00	0.0000000000000000e+00	0.0000000000000000e+00	0.0000000000000000e+00	0.0000000000000000e+00	0.0000000000000000e+00	0.0000000000000000e+00	
1.2504220897389653e+00	-0.0000000000000000e+00	-0.0000000000000000e+00	-4.9431631923824758e-03	6.9999999999999996e-01	0.0000000000000000e+00	-2.1042581046728537e+04	-1.8524030168714061e+07	-3.3568747944499396e+07	0.0000000000000000e+00	-0.0000000000000000e+00	0.0000000000000000e+00	0.0000000000000000e+00	0.0000000000000000e+00	0.0000000000000000e+00	0.0000000000000000e+00	0.0000000000000000e+00	0.0000000000000000e+00	
1.2513742649851209e+00	-0.0000000000000000e+00	-0.0000000000000000e+00	-4.9431631923824758e-03	6.9999999999999996e-01	0.0000000000000000e+00	-2.1042581046728537e+04	-1.8524030168714061e+07	-3.3568747944499396e+07	0.0000000000000000e+00	-0.0000000000000000e+00	0.0000000000000000e+00	0.0000000000000000e+00	0.0000000000000000e+00	0.0000000000000000e+00	0.0000000000000000e+00	0.0000000000000000e+00	0.0000000000000000e+00	
1.2523264402312768e+00	-0.0000000000000000e+00	-0.0000000000000000e+00	-5.4873907131908718e-03	6.9999999999999996e-01	0.0000000000000000e+00	-1.3382678050251947e+04	-1.8522351232945643e+07	-3.3538799812159181e+07	0.0000000000000000e+00	-0.0000000000000000e+00	0.0000000000000000e+00	0.0000000000000000e+00	0.0000000000000000e+00	0.0000000000000000e+00	0.0000000000000000e+00	0.0000000000000000e+00	0.0000000000000000e+00	
1.2532786154774325e+00	-0.0000000000000000e+00	-0.0000000000000000e+00	-5.4873907131908718e-03	6.9999999999999996e-01	0.0000000000000000e+00	-1.3382678050251947e+04	-1.8522351232945643e+07	-3.3538799812159181e+07	0.0000000000000000e+00	-0.0000000000000000e+00	0.0000000000000000e+00	0.0000000000000000e+00	0.0000000000000000e+00	0.0000000000000000e+00	0.0000000000000000e+00	0.0000000000000000e+00	0.0000000000000000e+00	
1.2542307907235883e+00	-0.0000000000000000e+00	-0.0000000000000000e+00	-6.0841428755686339e-03	6.9999999999999996e-01	0.0000000000000000e+00	-4.2200293154430028e+03	-1.8523685291552752e+07	-3.3506090949325942e+07	0.0000000000000000e+00	-0.0000000000000000e+00	0.0000000000000000e+00	0.0000000000000000e+00	0.0000000000000000e+00	0.0000000000000000e+00	0.0000000000000000e+00	0.0000000000000000e+00	0.0000000000000000e+00	
1.2551829659697440e+00	-0.0000000000000000e+00	-0.0000000000000000e+00	-6.0841428755686339e-03	6.9999999999999996e-01	0.0000000000000000e+00	-4.2200293154430028e+03	-1.8523685291552752e+07	-3.3506090949325942e+07	0.0000000000000000e+00	-0.0000000000000000e+00	0.0000000000000000e+00	0.0000000000000000e+00	0.0000000000000000e+00	0.0000000000000000e+00	0.0000000000000000e+00	0.0000000000000000e+00	0.0000000000000000e+00	
1.2561351412158999e+00	-0.0000000000000000e+00	-0.0000000000000000e+00	-6.7741107128962081e-03	6.9999999999999996e-01	0.0000000000000000e+00	5.2621538447324947e+03	-1.8521530685234398e+07	-3.3471269866582349e+07	0.0000000000000000e+00	-0.0000000000000000e+00	0.0000000000000000e+00	0.0000000000000000e+00	0.0000000000000000e+00	0.0000000000000000e+00	0.0000000000000000e+00	0.0000000000000000e+00	0.0000000000000000e+00	
1.2570873164620555e+00	-0.0000000000000000e+00	-0.0000000000000000e+00	-6.7741107128962081e-03	6.9999999999999996e-01	0.0000000000000000e+00	5.2621538447324947e+03	-1.8521530685234398e+07	-3.3471269866582349e+07	0.0000000000000000e+00	-0.0000000000000000e+00	0.0000000000000000e+00	0.0000000000000000e+00	0.0000000000000000e+00	0.0000000000000000e+00	0.0000000000000000e+00	0.0000000000000000e+00	0.0000000000000000e+00	
1.2580394917082114e+00	-0.0000000000000000e+00	-0.0000000000000000e+00	-7.3220788945360400e-03	6.9999999999999996e-01	0.0000000000000000e+00	1.6007870967588189e+04	-1.8521628580835301e+07	-3.3437149592193231e+07	0.0000000000000000e+00	-0.0000000000000000e+00	0.0000000000000000e+00	0.0000000000000000e+00	0.0000000000000000e+00	0.0000000000000000e+00	0.0000000000000000e+00	0.0000000000000000e+00	0.0000000000000000e+00	
1.2589916669543670e+00	-0.0000000000000000e+00	-0.0000000000000000e+00	-7.3220788945360400e-03	6.9999999999999996e-01	0.0000000000000000e+00	1.6007870967588189e+04	-1.8521628580835301e+07	-3.3437149592193231e+07	0.0000000000000000e+00	-0.0000000000000000e+00	0.0000000000000000e+00	0.0000000000000000e+00	0.0000000000000000e+00	0.0000000000000000e+00	0.0000000000000000e+00	0.0000000000000000e+00	0.0000000000000000e+00	
1.2599438422005229e+00	-0.0000000000000000e+00	-0.0000000000000000e+00	-7.9622911135418199e-03	6.9999999999999996e-01	0.0000000000000000e+00	2.6230732666566724e+04	-1.8517907983840726e+07	-3.3401544213480353e+07	0.0000000000000000e+00	-0.0000000000000000e+00	0.0000000000000000e+00	0.0000000000000000e+00	0.0000000000000000e+00	0.0000000000000000e+00	0.0000000000000000e+00	0.0000000000000000e+00	0.0000000000000000e+00	
1.2608960174466786e+00	-0.0000000000000000e+00	-0.0000000000000000e+00	-7.9622911135418199e-03	6.9999999999999996e-01	0.0000000000000000e+00	2.6230732666566724e+04	-1.8517907983840726e+07	-3.3401544213480353e+07	0.0000000000000000e+00	-0.0000000000000000e+00	0.0000000000000000e+00	0.0000000000000000e+00	0.0000000000000000e+00	0.0000000000000000e+00	0.0000000000000000e+00	0.0000000000000000e+00	0.0000000000000000e+00	
1.2618481926928344e+00	-0.0000000000000000e+00	-0.0000000000000000e+00	-8.2454064552758746e-03	6.9999999999999996e-01	0.0000000000000000e+00	3.7355866199536838e+04	-1.8515385705952782e+07	-3.3370435278291684e+07	0.0000000000000000e+00	-0.0000000000000000e+00	0.0000000000000000e+00	0.0000000000000000e+00	0.0000000000000000e+00	0.0000000000000000e+00	0.0000000000000000e+00	0.0000000000000000e+00	0.0000000000000000e+00	
1.2628003679389901e+00	-0.0000000000000000e+00	-0.0000000000000000e+00	-8.2454064552758746e-03	6.9999999999999996e-01	0.0000000000000000e+00	3.7355866199536838e+04	-1.8515385705952782e+07	-3.3370435278291684e+07	0.0000000000000000e+00	-0.0000000000000000e+00	0.0000000000000000e+00	0.0000000000000000e+00	0.0000000000000000e+00	0.0000000000000000e+00	0.0000000000000000e+00	0.0000000000000000e+00	0.0000000000000000e+00	
1.2637525431851460e+00	-0.0000000000000000e+00	-0.0000000000000000e+00	-8.6257657171982596e-03	6.9999999999999996e-01	0.0000000000000000e+00	4.7015488482720604e+04	-1.8508733939645916e+07	-3.3338447465192053e+07	0.0000000000000000e+00	-0.0000000000000000e+00	0.0000000000000000e+00	0.0000000000000000e+00	0.0000000000000000e+00	0.0000000000000000e+00	0.0000000000000000e+00	0.0000000000000000e+00	0.0000000000000000e+00	
1.2647047184313016e+00	-0.0000000000000000e+00	-0.0000000000000000e+00	-8.6257657171982596e-03	6.9999999999999996e-01	0.0000000000000000e+00	4.7015488482720604e+04	-1.8508733939645916e+07	-3.3338447465192053e+07	0.0000000000000000e+00	-0.0000000000000000e+00	0.0000000000000000e+00	0.0000000000000000e+00	0.0000000000000000e+00	0.0000000000000000e+00	0.0000000000000000e+00	0.0000000000000000e+00	0.0000000000000000e+00	
1.2656568936774575e+00	-0.0000000000000000e+00	-0.0000000000000000e+00	-8.4739323828906549e-03	6.9999999999999996e-01	0.0000000000000000e+00	5.7223004995331619e+04	-1.8501850286976520e+07	-3.3314181138722815e+07	0.0000000000000000e+00	-0.0000000000000000e+00	0.0000000000000000e+00	0.0000000000000000e+00	0.0000000000000000e+00	0.0000000000000000e+00	0.0000000000000000e+00	0.0000000000000000e+00	0.0000000000000000e+00	
1.2666090689236131e+00	-0.0000000000000000e+00	-0.0000000000000000e+00	-8.4739323828906549e-03	6.9999999999999996e-01	0.0000000000000000e+00	5.7223004995331619e+04	-1.8501850286976520e+07	-3.3314181138722815e+07	0.0000000000000000e+00	-0.0000000000000000e+00	0.0000000000000000e+00	0.0000000000000000e+00	0.0000000000000000e+00	0.0000000000000000e+00	0.0000000000000000e+00	0.0000000000000000e+00	0.0000000000000000e+00	
1.2675612441697690e+00	-0.0000000000000000e+00	-0.0000000000000000e+00	-8.4409732815995623e-03	6.9999999999999996e-01	0.0000000000000000e+00	6.5159414693461207e+04	-1.8491100302714664e+07	-3.3289466853188898e+07	0.0000000000000000e+00	-0.0000000000000000e+00	0.0000000000000000e+00	0.0000000000000000e+00	0.0000000000000000e+00	0.0000000000000000e+00	0.0000000000000000e+00	0.0000000000000000e+00	0.0000000000000000e+00	
1.2685134194159247e+00	-0.0000000000000000e+00	-0.0000000000000000e+00	-8.4409732815995623e-03	6.9999999999999996e-01	0.0000000000000000e+00	6.5159414693461207e+04	-1.8491100302714664e+07	-3.3289466853188898e+07	0.0000000000000000e+00	-0.0000000000000000e+00	0.0000000000000000e+00	0.0000000000000000e+00	0.0000000000000000e+00	0.0000000000000000e+00	0.0000000000000000e+00	0.0000000000000000e+00	0.0000000000000000e+00	
1.2694655946620805e+00	-0.0000000000000000e+00	-0.0000000000000000e+00	-7.7375517553410871e-03	6.9999999999999996e-01	0.0000000000000000e+00	7.3379442823279591e+04	-1.8478823448467769e+07	-3.3275291391510088e+07	0.0000000000000000e+00	-0.0000000000000000e+00	0.0000000000000000e+00	0.0000000000000000e+00	0.0000000000000000e+00	0.0000000000000000e+00	0.0000000000000000e+00	0.0000000000000000e+00	0.0000000000000000e+00	
1.2704177699082362e+00	-0.0000000000000000e+00	-0.0000000000000000e+00	-7.7375517553410871e-03	6.9999999999999996e-01	0.0000000000000000e+00	7.3379442823279591e+04	-1.8478823448467769e+07	-3.3275291391510088e+07	0.0000000000000000e+00	-0.0000000000000000e+00	0.0000000000000000e+00	0.0000000000000000e+00	0.0000000000000000e+00	0.0000000000000000e+00	0.0000000000000000e+00	0.0000000000000000e+00	0.0000000000000000e+00	
1.2713699451543921e+00	-0.0000000000000000e+00	-0.0000000000000000e+00	-7.1935775619921963e-03	6.9999999999999996e-01	0.0000000000000000e+00	7.8709312987922007e+04	-1.8463161385237087e+07	-3.3260913818424445e+07	0.0000000000000000e+00	-0.0000000000000000e+00	0.0000000000000000e+00	0.0000000000000000e+00	0.0000000000000000e+00	0.0000000000000000e+00	0.0000000000000000e+00	0.0000000000000000e+00	0.0000000000000000e+00	
1.2723221204005477e+00	-0.0000000000000000e+00	-0.0000000000000000e+00	-7.1935775619921963e-03	6.9999999999999996e-01	0.0000000000000000e+00	7.8709312987922007e+04	-1.8463161385237087e+07	-3.3260913818424445e+07	0.0000000000000000e+00	-0.0000000000000000e+00	0.0000000000000000e+00	0.0000000000000000e+00	0.0000000000000000e+00	0.0000000000000000e+00	0.0000000000000000e+00	0.0000000000000000e+00	0.0000000000000000e+00	
1.2732742956467036e+00	-0.0000000000000000e+00	-0.0000000000000000e+00	-5.9112321496940781e-03	6.9999999999999996e-01	0.0000000000000000e+00	8.4090356541475820e+04	-1.8444914947697371e+07	-3.3259100621260323e+07	0.0000000000000000e+00	-0.0000000000000000e+00	0.0000000000000000e+00	0.0000000000000000e+00	0.0000000000000000e+00	0.0000000000000000e+00	0.0000000000000000e+00	0.0000000000000000e+00	0.0000000000000000e+00	
1.2742264708928592e+00	-0.0000000000000000e+00	-0.0000000000000000e+00	-5.9112321496940781e-03	6.9999999999999996e-01	0.0000000000000000e+00	8.4090356541475820e+04	-1.8444914947697371e+07	-3.3259100621260323e+07	0.0000000000000000e+00	-0.0000000000000000e+00	0.0000000000000000e+00	0.0000000000000000e+00	0.0000000000000000e+00	0.0000000000000000e+00	0.0000000000000000e+00	0.0000000000000000e+00	0.0000000000000000e+00	
1.2751786461390151e+00	-0.0000000000000000e+00	-0.0000000000000000e+00	-4.8626302933999560e-03	6.9999999999999996e-01	0.0000000000000000e+00	8.6246223341850986e+04	-1.8423972583028976e+07	-3.3256882498800181e+07	0.0000000000000000e+00	-0.0000000000000000e+00	0.0000000000000000e+00	0.0000000000000000e+00	0.0000000000000000e+00	0.0000000000000000e+00	0.0000000000000000e+00	0.0000000000000000e+00	0.0000000000000000e+00	
1.2761308213851708e+00	-0.0000000000000000e+00	-0.0000000000000000e+00	-4.8626302933999560e-03	6.9999999999999996e-01	0.0000000000000000e+00	8.6246223341850986e+04	-1.8423972583028976e+07	-3.3256882498800181e+07	0.0000000000000000e+00	-0.0000000000000000e+00	0.0000000000000000e+00	0.0000000000000000e+00	0.0000000000000000e+00	0.0000000000000000e+00	0.0000000000000000e+00	0.0000000000000000e+00	0.0000000000000000e+00	
1.2770829966313266e+00	-0.0000000000000000e+00	-0.0000000000000000e+00	-3.1206267822354670e-03	6.9999999999999996e-01	0.0000000000000000e+00	8.8336168868629407e+04	-1.8399499445655327e+07	-3.3267811285987783e+07	0.0000000000000000e+00	-0.0000000000000000e+00	0.0000000000000000e+00	0.0000000000000000e+00	0.0000000000000000e+00	0.0000000000000000e+00	0.0000000000000000e+00	0.0000000000000000e+00	0.0000000000000000e+00	
1.2780351718774823e+00	-0.0000000000000000e+00	-0.0000000000000000e+00	-3.1206267822354670e-03	6.9999999999999996e-01	0.0000000000000000e+00	8.8336168868629407e+04	-1.8399499445655327e+07	-3.3267811285987783e+07	0.0000000000000000e+00	-0.0000000000000000e+00	0.0000000000000000e+00	0.0000000000000000e+00	0.0000000000000000e+00	0.0000000000000000e+00	0.0000000000000000e+00	0.0000000000000000e+00	0.0000000000000000e+00	
1.2789873471236382e+00	-0.0000000000000000e+00	-0.0000000000000000e+00	-1.7099147446944455e-03	6.9999217993113438e-01	0.0000000000000000e+00	8.7208358340844585e+04	-1.8373725177376840e+07	-3.3277732519328814e+07	0.0000000000000000e+00	-0.0000000000000000e+00	0.0000000000000000e+00	-6.5167240546644169e-06	0.0000000000000000e+00	0.0000000000000000e+00	0.0000000000000000e+00	0.0000000000000000e+00	0.0000000000000000e+00	
1.2799395223697938e+00	-0.0000000000000000e+00	-0.0000000000000000e+00	-1.7099147446944455e-03	6.9999217993113438e-01	0.0000000000000000e+00	8.7208358340844585e+04	-1.8373725177376840e+07	-3.3277732519328814e+07	0.0000000000000000e+00	-0.0000000000000000e+00	0.0000000000000000e+00	-6.5167240546644169e-06	0.0000000000000000e+00	0.0000000000000000e+00	0.0000000000000000e+00	0.0000000000000000e+00	0.0000000000000000e+00	
1.2808916976159497e+00	-0.0000000000000000e+00	-0.0000000000000000e+00	2.8617999254629701e-04	6.9996077769544474e-01	0.0000000000000000e+00	8.5934582941118642e+04	-1.8344239915779635e+07	-3.3300625400570124e+07	0.0000000000000000e+00	-0.0000000000000000e+00	0.0000000000000000e+00	-3.2685253796036815e-05	0.0000000000000000e+00	0.0000000000000000e+00	0.0000000000000000e+00	0.0000000000000000e+00	0.0000000000000000e+00	
1.2818438728621053e+00	-0.0000000000000000e+00	-0.0000000000000000e+00	2.8617999254629701e-04	6.9996077769544474e-01	0.0000000000000000e+00	8.5934582941118642e+04	-1.8344239915779635e+07	-3.3300625400570124e+07	0.0000000000000000e+00	-0.0000000000000000e+00	0.0000000000000000e+00	-3.2685253796036815e-05	0.0000000000000000e+00	0.0000000000000000e+00	0.0000000000000000e+00	0.0000000000000000e+00	0.0000000000000000e+00	
1.2827960481082612e+00	-0.0000000000000000e+00	-0.0000000000000000e+00	1.8434573707592104e-03	6.9990447896814012e-01	0.0000000000000000e+00	8.1701484690525671e+04	-1.8315484630586192e+07	-3.3321461536163472e+07	0.0000000000000000e+00	-0.0000000000000000e+00	0.0000000000000000e+00	-7.9600859883194620e-05	0.0000000000000000e+00	0.0000000000000000e+00	0.0000000000000000e+00	0.0000000000000000e+00	0.0000000000000000e+00	
1.2837482233544169e+00	-0.0000000000000000e+00	-0.0000000000000000e+00	1.8434573707592104e-03	6.9990447896814012e-01	0.0000000000000000e+00	8.1701484690525671e+04	-1.8315484630586192e+07	-3.3321461536163472e+07	0.0000000000000000e+00	-0.0000000000000000e+00	0.0000000000000000e+00	-7.9600859883194620e-05	0.0000000000000000e+00	0.0000000000000000e+00	0.0000000000000000e+00	0.0000000000000000e+00	0.0000000000000000e+00	
1.2847003986005727e+00	-0.0000000000000000e+00	-0.0000000000000000e+00	3.8509857017650882e-03	6.9982082529468514e-01	0.0000000000000000e+00	7.7089922930768385e+04	-1.8285021060087323e+07	-3.3354215871706545e+07	0.0000000000000000e+00	-0.0000000000000000e+00	0.0000000000000000e+00	-1.4931225442896498e-04	0.0000000000000000e+00	0.0000000000000000e+00	0.0000000000000000e+00	0.0000000000000000e+00	0.0000000000000000e+00	
1.2856525738467284e+00	-0.0000000000000000e+00	-0.0000000000000000e+00	3.8509857017650882e-03	6.9982082529468514e-01	0.0000000000000000e+00	7.7089922930768385e+04	-1.8285021060087323e+07	-3.3354215871706545e+07	0.0000000000000000e+00	-0.0000000000000000e+00	0.0000000000000000e+00	-1.4931225442896498e-04	0.0000000000000000e+00	0.0000000000000000e+00	0.0000000000000000e+00	0.0000000000000000e+00	0.0000000000000000e+00	
1.2866047490928842e+00	-0.0000000000000000e+00	-0.0000000000000000e+00	5.2940205285199752e-03	6.9970690458342588e-01	0.0000000000000000e+00	7.0004366323421666e+04	-1.8259243633247752e+07	-3.3382725578127343e+07	0.0000000000000000e+00	-0.0000000000000000e+00	0.0000000000000000e+00	-2.4424618047835599e-04	0.0000000000000000e+00	0.0000000000000000e+00	0.0000000000000000e+00	0.0000000000000000e+00	0.0000000000000000e+00	
1.2875569243390399e+00	-0.0000000000000000e+00	-0.0000000000000000e+00	5.2940205285199752e-03	6.9970690458342588e-01	0.0000000000000000e+00	7.0004366323421666e+04	-1.8259243633247752e+07	-3.3382725578127343e+07	0.0000000000000000e+00	-0.0000000000000000e+00	0.0000000000000000e+00	-2.4424618047835599e-04	0.0000000000000000e+00	0.0000000000000000e+00	0.0000000000000000e+00	0.0000000000000000e+00	0.0000000000000000e+00	
1.2885090995851958e+00	-0.0000000000000000e+00	-0.0000000000000000e+00	7.0513557797882067e-03	6.9954778493784042e-01	0.0000000000000000e+00	6.2149589649513247e+04	-1.8232751503215995e+07	-3.3421146100979231e+07	0.0000000000000000e+00	-0.0000000000000000e+00	0.0000000000000000e+00	-3.7684588513298302e-04	0.0000000000000000e+00	0.0000000000000000e+00	0.0000000000000000e+00	0.0000000000000000e+00	0.0000000000000000e+00	
1.2894612748313514e+00	-0.0000000000000000e+00	-0.0000000000000000e+00	7.0513557797882067e-03	6.9954778493784042e-01	0.0000000000000000e+00	6.2149589649513247e+04	-1.8232751503215995e+07	-3.3421146100979231e+07	0.0000000000000000e+00	-0.0000000000000000e+00	0.0000000000000000e+00	-3.7684588513298302e-04	0.0000000000000000e+00	0.0000000000000000e+00	0.0000000000000000e+00	0.0000000000000000e+00	0.0000000000000000e+00	
1.2904134500775073e+00	-0.0000000000000000e+00	-0.0000000000000000e+00	8.1377915895025875e-03	6.9934214810141759e-01	0.0000000000000000e+00	5.2556226143965643e+04	-1.8214289701545663e+07	-3.3452658096707832e+07	0.0000000000000000e+00	-0.0000000000000000e+00	0.0000000000000000e+00	-5.4820991548531692e-04	0.0000000000000000e+00	0.0000000000000000e+00	0.0000000000000000e+00	0.0000000000000000e+00	0.0000000000000000e+00	
1.2913656253236629e+00	-0.0000000000000000e+00	-0.0000000000000000e+00	8.1377915895025875e-03	6.9934214810141759e-01	0.0000000000000000e+00	5.2556226143965643e+04	-1.8214289701545663e+07	-3.3452658096707832e+07	0.0000000000000000e+00	-0.0000000000000000e+00	0.0000000000000000e+00	-5.4820991548531692e-04	0.0000000000000000e+00	0.0000000000000000e+00	0.0000000000000000e+00	0.0000000000000000e+00	0.0000000000000000e+00	
1.2923178005698188e+00	-0.0000000000000000e+00	-0.0000000000000000e+00	9.3622765356487676e-03	6.9908736330487908e-01	0.0000000000000000e+00	4.1871142158745803e+04	-1.8196043170270007e+07	-3.3492546379753456e+07	0.0000000000000000e+00	-0.0000000000000000e+00	0.0000000000000000e+00	-7.6053057926736025e-04	0.0000000000000000e+00	0.0000000000000000e+00	0.0000000000000000e+00	0.0000000000000000e+00	0.0000000000000000e+00	
1.2932699758159745e+00	-0.0000000000000000e+00	-0.0000000000000000e+00	9.3622765356487676e-03	6.9908736330487908e-01	0.0000000000000000e+00	4.1871142158745803e+04	-1.8196043170270007e+07	-3.3492546379753456e+07	0.0000000000000000e+00	-0.0000000000000000e+00	0.0000000000000000e+00	-7.6053057926736025e-04	0.0000000000000000e+00	0.0000000000000000e+00	0.0000000000000000e+00	0.0000000000000000e+00	0.0000000000000000e+00	
1.2942221510621303e+00	-0.0000000000000000e+00	-0.0000000000000000e+00	9.7935270214460166e-03	6.9878317121723554e-01	0.0000000000000000e+00	3.0385636807150433e+04	-1.8188667742960751e+07	-3.3523818264830586e+07	0.0000000000000000e+00	-0.0000000000000000e+00	0.0000000000000000e+00	-1.0140239856369652e-03	0.0000000000000000e+00	0.0000000000000000e+00	0.0000000000000000e+00	0.0000000000000000e+00	0.0000000000000000e+00	
1.2951743263082860e+00	-0.0000000000000000e+00	-0.0000000000000000e+00	9.7935270214460166e-03	6.9878317121723554e-01	0.0000000000000000e+00	3.0385636807150433e+04	-1.8188667742960751e+07	-3.3523818264830586e+07	0.0000000000000000e+00	-0.0000000000000000e+00	0.0000000000000000e+00	-1.0140239856369652e-03	0.0000000000000000e+00	0.0000000000000000e+00	0.0000000000000000e+00	0.0000000000000000e+00	0.0000000000000000e+00	
1.2961265015544419e+00	-0.0000000000000000e+00	-0.0000000000000000e+00	1.0204648626838748e-02	6.9842823220238448e-01	0.0000000000000000e+00	1.7513118058961711e+04	-1.8182582544996046e+07	-3.3561697207006536e+07	0.0000000000000000e+00	-0.0000000000000000e+00	0.0000000000000000e+00	-1.3098064980129119e-03	0.0000000000000000e+00	0.0000000000000000e+00	0.0000000000000000e+00	0.0000000000000000e+00	0.0000000000000000e+00	
1.2970786768005975e+00	-0.0000000000000000e+00	-0.0000000000000000e+00	1.0204648626838748e-02	6.9842823220238448e-01	0.0000000000000000e+00	1.7513118058961711e+04	-1.8182582544996046e+07	-3.3561697207006536e+07	0.0000000000000000e+00	-0.0000000000000000e+00	0.0000000000000000e+00	-1.3098064980129119e-03	0.0000000000000000e+00	0.0000000000000000e+00	0.0000000000000000e+00	0.0000000000000000e+00	0.0000000000000000e+00	
1.2980308520467534e+00	-0.0000000000000000e+00	-0.0000000000000000e+00	9.7627740694495625e-03	6.9803696707236040e-01	0.0000000000000000e+00	4.8327167031294894e+03	-1.8189601099335916e+07	-3.3589516477818906e+07	0.0000000000000000e+00	-0.0000000000000000e+00	0.0000000000000000e+00	-1.6358607730329563e-03	0.0000000000000000e+00	0.0000000000000000e+00	0.0000000000000000e+00	0.0000000000000000e+00	0.0000000000000000e+00	
1.2989830272929090e+00	-0.0000000000000000e+00	-0.0000000000000000e+00	9.7627740694495625e-03	6.9803696707236040e-01	0.0000000000000000e+00	4.8327167031294894e+03	-1.8189601099335916e+07	-3.3589516477818906e+07	0.0000000000000000e+00	-0.0000000000000000e+00	0.0000000000000000e+00	-1.6358607730329563e-03	0.0000000000000000e+00	0.0000000000000000e+00	0.0000000000000000e+00	0.0000000000000000e+00	0.0000000000000000e+00	
1.2999352025390649e+00	-0.0000000000000000e+00	-0.0000000000000000e+00	9.1719131308897351e-03	6.9762922800364602e-01	0.0000000000000000e+00	-9.4707451673924043e+03	-1.8197754034374945e+07	-3.3621918570991658e+07	0.0000000000000000e+00	-0.0000000000000000e+00	0.0000000000000000e+00	-1.9756433302949542e-03	0.0000000000000000e+00	0.0000000000000000e+00	0.0000000000000000e+00	0.0000000000000000e+00	0.0000000000000000e+00	
1.3008873777852206e+00	-0.0000000000000000e+00	-0.0000000000000000e+00	9.1719131308897351e-03	6.9762922800364602e-01	0.0000000000000000e+00	-9.4707451673924043e+03	-1.8197754034374945e+07	-3.3621918570991658e+07	0.0000000000000000e+00	-0.0000000000000000e+00	0.0000000000000000e+00	-1.9756433302949542e-03	0.0000000000000000e+00	0.0000000000000000e+00	0.0000000000000000e+00	0.0000000000000000e+00	0.0000000000000000e+00	
1.3018395530313764e+00	-0.0000000000000000e+00	-0.0000000000000000e+00	7.7651849156576665e-03	6.9721388817704844e-01	0.0000000000000000e+00	-2.2577326935769001e+04	-1.8221222952578995e+07	-3.3643987450379603e+07	0.0000000000000000e+00	-0.0000000000000000e+00	0.0000000000000000e+00	-2.3217598524596186e-03	0.0000000000000000e+00	0.0000000000000000e+00	0.0000000000000000e+00	0.0000000000000000e+00	0.0000000000000000e+00	
1.3027917282775321e+00	-0.0000000000000000e+00	-0.0000000000000000e+00	7.7651849156576665e-03	6.9721388817704844e-01	0.0000000000000000e+00	-2.2577326935769001e+04	-1.8221222952578995e+07	-3.3643987450379603e+07	0.0000000000000000e+00	-0.0000000000000000e+00	0.0000000000000000e+00	-2.3217598524596186e-03	0.0000000000000000e+00	0.0000000000000000e+00	0.0000000000000000e+00	0.0000000000000000e+00	0.0000000000000000e+00	
1.3037439035236880e+00	-0.0000000000000000e+00	-0.0000000000000000e+00	6.1120540746524401e-03	6.9680148395175090e-01	0.0000000000000000e+00	-3.7445753799401034e+04	-1.8246476691530380e+07	-3.3668444141788229e+07	0.0000000000000000e+00	-0.0000000000000000e+00	0.0000000000000000e+00	-2.6654300402075455e-03	0.0000000000000000e+00	0.0000000000000000e+00	0.0000000000000000e+00	0.0000000000000000e+00	0.0000000000000000e+00	
1.3046960787698436e+00	-0.0000000000000000e+00	-0.0000000000000000e+00	6.1120540746524401e-03	6.9680148395175090e-01	0.0000000000000000e+00	-3.7445753799401034e+04	-1.8246476691530380e+07	-3.3668444141788229e+07	0.0000000000000000e+00	-0.0000000000000000e+00	0.0000000000000000e+00	-2.6654300402075455e-03	0.0000000000000000e+00	0.0000000000000000e+00	0.0000000000000000e+00	0.0000000000000000e+00	0.0000000000000000e+00	
1.3056482540159995e+00	-0.0000000000000000e+00	-0.0000000000000000e+00	3.7846843268278837e-03	6.9641316831091571e-01	0.0000000000000000e+00	-5.0059285144465917e+04	-1.8289507558315914e+07	-3.3683317088973895e+07	0.0000000000000000e+00	-0.0000000000000000e+00	0.0000000000000000e+00	-2.9890264075702485e-03	0.0000000000000000e+00	0.0000000000000000e+00	0.0000000000000000e+00	0.0000000000000000e+00	0.0000000000000000e+00	
1.3066004292621551e+00	-0.0000000000000000e+00	-0.0000000000000000e+00	3.7846843268278837e-03	6.9641316831091571e-01	0.0000000000000000e+00	-5.0059285144465917e+04	-1.8289507558315914e+07	-3.3683317088973895e+07	0.0000000000000000e+00	-0.0000000000000000e+00	0.0000000000000000e+00	-2.9890264075702485e-03	0.0000000000000000e+00	0.0000000000000000e+00	0.0000000000000000e+00	0.0000000000000000e+00	0.0000000000000000e+00	
1.3075526045083110e+00	-0.0000000000000000e+00	-0.0000000000000000e+00	1.1782568809767316e-03	6.9605775818692794e-01	0.0000000000000000e+00	-6.4461662430207973e+04	-1.8335008532653190e+07	-3.3698386331760257e+07	0.0000000000000000e+00	-0.0000000000000000e+00	0.0000000000000000e+00	-3.2852015108933825e-03	0.0000000000000000e+00	0.0000000000000000e+00	0.0000000000000000e+00	0.0000000000000000e+00	0.0000000000000000e+00	
1.3085047797544667e+00	-0.0000000000000000e+00	-0.0000000000000000e+00	1.1782568809767316e-03	6.9605775818692794e-01	0.0000000000000000e+00	-6.4461662430207973e+04	-1.8335008532653190e+07	-3.3698386331760257e+07	0.0000000000000000e+00	-0.0000000000000000e+00	0.0000000000000000e+00	-3.2852015108933825e-03	0.0000000000000000e+00	0.0000000000000000e+00	0.0000000000000000e+00	0.0000000000000000e+00	0.0000000000000000e+00	
1.3094569550006225e+00	-0.0000000000000000e+00	-0.0000000000000000e+00	-1.9040148184055513e-03	6.9574230146350224e-01	0.0000000000000000e+00	-7.5622307810407656e+04	-1.8399466388018742e+07	-3.3705986777456634e+07	0.0000000000000000e+00	-0.0000000000000000e+00	0.0000000000000000e+00	-3.5480821137481131e-03	0.0000000000000000e+00	0.0000000000000000e+00	0.0000000000000000e+00	0.0000000000000000e+00	0.0000000000000000e+00	
1.3104091302467782e+00	-0.0000000000000000e+00	-0.0000000000000000e+00	-1.9040148184055513e-03	6.9574230146350224e-01	0.0000000000000000e+00	-7.5622307810407656e+04	-1.8399466388018742e+07	-3.3705986777456634e+07	0.0000000000000000e+00	-0.0000000000000000e+00	0.0000000000000000e+00	-3.5480821137481131e-03	0.0000000000000000e+00	0.0000000000000000e+00	0.0000000000000000e+00	0.0000000000000000e+00	0.0000000000000000e+00	
1.3113613054929341e+00	-0.0000000000000000e+00	-0.0000000000000000e+00	-5.2535990177779860e-03	6.9547501216314944e-01	0.0000000000000000e+00	-8.8548980420886641e+04	-1.8466087852306332e+07	-3.3712913058790281e+07	0.0000000000000000e+00	-0.0000000000000000e+00	0.0000000000000000e+00	-3.7708231973754476e-03	0.0000000000000000e+00	0.0000000000000000e+00	0.0000000000000000e+00	0.0000000000000000e+00	0.0000000000000000e+00	
1.3123134807390897e+00	-0.0000000000000000e+00	-0.0000000000000000e+00	-5.2535990177779860e-03	6.9547501216314944e-01	0.0000000000000000e+00	-8.8548980420886641e+04	-1.8466087852306332e+07	-3.3712913058790281e+07	0.0000000000000000e+00	-0.0000000000000000e+00	0.0000000000000000e+00	-3.7708231973754476e-03	0.0000000000000000e+00	0.0000000000000000e+00	0.0000000000000000e+00	0.0000000000000000e+00	0.0000000000000000e+00	
1.3132656559852456e+00	-0.0000000000000000e+00	-0.0000000000000000e+00	-8.8282297643242774e-03	6.9526220893946922e-01	0.0000000000000000e+00	-9.7405831865458982e+04	-1.8551264366050862e+07	-3.3714903832457386e+07	0.0000000000000000e+00	-0.0000000000000000e+00	0.0000000000000000e+00	-3.9481592171089356e-03	0.0000000000000000e+00	0.0000000000000000e+00	0.0000000000000000e+00	0.0000000000000000e+00	0.0000000000000000e+00	
1.3142178312314012e+00	-0.0000000000000000e+00	-0.0000000000000000e+00	-8.8282297643242774e-03	6.9526220893946922e-01	0.0000000000000000e+00	-9.7405831865458982e+04	-1.8551264366050862e+07	-3.3714903832457386e+07	0.0000000000000000e+00	-0.0000000000000000e+00	0.0000000000000000e+00	-3.9481592171089356e-03	0.0000000000000000e+00	0.0000000000000000e+00	0.0000000000000000e+00	0.0000000000000000e+00	0.0000000000000000e+00	
1.3151700064775571e+00	-0.0000000000000000e+00	-0.0000000000000000e+00	-1.2608876047992186e-02	6.9511626247035418e-01	0.0000000000000000e+00	-1.0789230842209246e+05	-1.8637982178694822e+07	-3.3715565639034957e+07	0.0000000000000000e+00	-0.0000000000000000e+00	0.0000000000000000e+00	-4.0697812747047856e-03	0.0000000000000000e+00	0.0000000000000000e+00	0.0000000000000000e+00	0.0000000000000000e+00	0.0000000000000000e+00	
1.3161221817237128e+00	-0.0000000000000000e+00	-0.0000000000000000e+00	-1.2608876047992186e-02	6.9511626247035418e-01	0.0000000000000000e+00	-1.0789230842209246e+05	-1.8637982178694822e+07	-3.3715565639034957e+07	0.0000000000000000e+00	-0.0000000000000000e+00	0.0000000000000000e+00	-4.0697812747047856e-03	0.0000000000000000e+00	0.0000000000000000e+00	0.0000000000000000e+00	0.0000000000000000e+00	0.0000000000000000e+00	
1.3170743569698686e+00	-0.0000000000000000e+00	-0.0000000000000000e+00	-1.6364759936206473e-02	6.9504757195451039e-01	0.0000000000000000e+00	-1.1358115292738074e+05	-1.8741357296545282e+07	-3.3714475147271782e+07	0.0000000000000000e+00	-0.0000000000000000e+00	0.0000000000000000e+00	-4.1270233712412917e-03	0.0000000000000000e+00	0.0000000000000000e+00	0.0000000000000000e+00	0.0000000000000000e+00	0.0000000000000000e+00	
1.3180265322160243e+00	-0.0000000000000000e+00	-0.0000000000000000e+00	-1.6364759936206473e-02	6.9504757195451039e-01	0.0000000000000000e+00	-1.1358115292738074e+05	-1.8741357296545282e+07	-3.3714475147271782e+07	0.0000000000000000e+00	-0.0000000000000000e+00	0.0000000000000000e+00	-4.1270233712412917e-03	0.0000000000000000e+00	0.0000000000000000e+00	0.0000000000000000e+00	0.0000000000000000e+00	0.0000000000000000e+00	
1.3189787074621802e+00	-0.0000000000000000e+00	-0.0000000000000000e+00	-2.0258468191981432e-02	6.9505741110303576e-01	0.0000000000000000e+00	-1.2054233903307081e+05	-1.8844977165900111e+07	-3.3711783198124327e+07	0.0000000000000000e+00	-0.0000000000000000e+00	0.0000000000000000e+00	-4.1188240808034977e-03	0.0000000000000000e+00	0.0000000000000000e+00	0.0000000000000000e+00	0.0000000000000000e+00	0.0000000000000000e+00	
1.3199308827083358e+00	-0.0000000000000000e+00	-0.0000000000000000e+00	-2.0258468191981432e-02	6.9505741110303576e-01	0.0000000000000000e+00	-1.2054233903307081e+05	-1.8844977165900111e+07	-3.3711783198124327e+07	0.0000000000000000e+00	-0.0000000000000000e+00	0.0000000000000000e+00	-4.1188240808034977e-03	0.0000000000000000e+00	0.0000000000000000e+00	0.0000000000000000e+00	0.0000000000000000e+00	0.0000000000000000e+00	
1.3208830579544917e+00	-0.0000000000000000e+00	-0.0000000000000000e+00	-2.3916933518618243e-02	6.9514856106627099e-01	0.0000000000000000e+00	-1.2205080952984112e+05	-1.8961279264113639e+07	-3.3710486816174209e+07	0.0000000000000000e+00	-0.0000000000000000e+00	0.0000000000000000e+00	-4.0428657781074358e-03	0.0000000000000000e+00	0.0000000000000000e+00	0.0000000000000000e+00	0.0000000000000000e+00	0.0000000000000000e+00	
1.3218352332006473e+00	-0.0000000000000000e+00	-0.0000000000000000e+00	-2.3916933518618243e-02	6.9514856106627099e-01	0.0000000000000000e+00	-1.2205080952984112e+05	-1.8961279264113639e+07	-3.3710486816174209e+07	0.0000000000000000e+00	-0.0000000000000000e+00	0.0000000000000000e+00	-4.0428657781074358e-03	0.0000000000000000e+00	0.0000000000000000e+00	0.0000000000000000e+00	0.0000000000000000e+00	0.0000000000000000e+00	
1.3227874084468032e+00	-0.0000000000000000e+00	-0.0000000000000000e+00	-2.7656064400066460e-02	6.9532774075779380e-01	0.0000000000000000e+00	-1.2427374340748340e+05	-1.9074726132616799e+07	-3.3706875749186642e+07	0.0000000000000000e+00	-0.0000000000000000e+00	0.0000000000000000e+00	-3.8935493685051548e-03	0.0000000000000000e+00	0.0000000000000000e+00	0.0000000000000000e+00	0.0000000000000000e+00	0.0000000000000000e+00	
1.3237395836929589e+00	-0.0000000000000000e+00	-0.0000000000000000e+00	-2.7656064400066460e-02	6.9532774075779380e-01	0.0000000000000000e+00	-1.2427374340748340e+05	-1.9074726132616799e+07	-3.3706875749186642e+07	0.0000000000000000e+00	-0.0000000000000000e+00	0.0000000000000000e+00	-3.8935493685051548e-03	0.0000000000000000e+00	0.0000000000000000e+00	0.0000000000000000e+00	0.0000000000000000e+00	0.0000000000000000e+00	
1.3246917589391147e+00	-0.0000000000000000e+00	-0.0000000000000000e+00	-3.0910479208580685e-02	6.9559789110692916e-01	0.0000000000000000e+00	-1.2068465927429113e+05	-1.9196142847231999e+07	-3.3707791709812120e+07	0.0000000000000000e+00	-0.0000000000000000e+00	0.0000000000000000e+00	-3.6684240775589861e-03	0.0000000000000000e+00	0.0000000000000000e+00	0.0000000000000000e+00	0.0000000000000000e+00	0.0000000000000000e+00	
1.3256439341852704e+00	-0.0000000000000000e+00	-0.0000000000000000e+00	-3.0910479208580685e-02	6.9559789110692916e-01	0.0000000000000000e+00	-1.2068465927429113e+05	-1.9196142847231999e+07	-3.3707791709812120e+07	0.0000000000000000e+00	-0.0000000000000000e+00	0.0000000000000000e+00	-3.6684240775589861e-03	0.0000000000000000e+00	0.0000000000000000e+00	0.0000000000000000e+00	0.0000000000000000e+00	0.0000000000000000e+00	
1.3265961094314263e+00	-0.0000000000000000e+00	-0.0000000000000000e+00	-3.4116790484285030e-02	6.9596240773340790e-01	0.0000000000000000e+00	-1.1725654881871014e+05	-1.9312343894910678e+07	-3.3705953031720690e+07	0.0000000000000000e+00	-0.0000000000000000e+00	0.0000000000000000e+00	-3.3646602221600250e-03	0.0000000000000000e+00	0.0000000000000000e+00	0.0000000000000000e+00	0.0000000000000000e+00	0.0000000000000000e+00	
1.3275482846775819e+00	-0.0000000000000000e+00	-0.0000000000000000e+00	-3.4116790484285030e-02	6.9596240773340790e-01	0.0000000000000000e+00	-1.1725654881871014e+05	-1.9312343894910678e+07	-3.3705953031720690e+07	0.0000000000000000e+00	-0.0000000000000000e+00	0.0000000000000000e+00	-3.3646602221600250e-03	0.0000000000000000e+00	0.0000000000000000e+00	0.0000000000000000e+00	0.0000000000000000e+00	0.0000000000000000e+00	
1.3285004599237378e+00	-0.0000000000000000e+00	-0.0000000000000000e+00	-3.6594559387060084e-02	6.9640476319112310e-01	0.0000000000000000e+00	-1.0800435701658961e+05	-1.9431323032953877e+07	-3.3711502115683399e+07	0.0000000000000000e+00	-0.0000000000000000e+00	0.0000000000000000e+00	-2.9960306740640353e-03	0.0000000000000000e+00	0.0000000000000000e+00	0.0000000000000000e+00	0.0000000000000000e+00	0.0000000000000000e+00	
1.3294526351698934e+00	-0.0000000000000000e+00	-0.0000000000000000e+00	-3.6594559387060084e-02	6.9640476319112310e-01	0.0000000000000000e+00	-1.0800435701658961e+05	-1.9431323032953877e+07	-3.3711502115683399e+07	0.0000000000000000e+00	-0.0000000000000000e+00	0.0000000000000000e+00	-2.9960306740640353e-03	0.0000000000000000e+00	0.0000000000000000e+00	0.0000000000000000e+00	0.0000000000000000e+00	0.0000000000000000e+00	
1.3304048104160493e+00	-0.0000000000000000e+00	-0.0000000000000000e+00	-3.8895902922367220e-02	6.9694466062868121e-01	0.0000000000000000e+00	-9.8385776297295961e+04	-1.9542193363524206e+07	-3.3713891960354976e+07	0.0000000000000000e+00	-0.0000000000000000e+00	0.0000000000000000e+00	-2.5461161427656294e-03	0.0000000000000000e+00	0.0000000000000000e+00	0.0000000000000000e+00	0.0000000000000000e+00	0.0000000000000000e+00	
1.3313569856622050e+00	-0.0000000000000000e+00	-0.0000000000000000e+00	-3.8895902922367220e-02	6.9694466062868121e-01	0.0000000000000000e+00	-9.8385776297295961e+04	-1.9542193363524206e+07	-3.3713891960354976e+07	0.0000000000000000e+00	-0.0000000000000000e+00	0.0000000000000000e+00	-2.5461161427656294e-03	0.0000000000000000e+00	0.0000000000000000e+00	0.0000000000000000e+00	0.0000000000000000e+00	0.0000000000000000e+00	
1.3323091609083608e+00	-0.0000000000000000e+00	-0.0000000000000000e+00	-4.0276620858113246e-02	6.9758374621932340e-01	0.0000000000000000e+00	-8.3145605214052950e+04	-1.9650251265033152e+07	-3.3725722325605839e+07	0.0000000000000000e+00	-0.0000000000000000e+00	0.0000000000000000e+00	-2.0135448172304308e-03	0.0000000000000000e+00	0.0000000000000000e+00	0.0000000000000000e+00	0.0000000000000000e+00	0.0000000000000000e+00	
1.3332613361545165e+00	-0.0000000000000000e+00	-0.0000000000000000e+00	-4.0276620858113246e-02	6.9758374621932340e-01	0.0000000000000000e+00	-8.3145605214052950e+04	-1.9650251265033152e+07	-3.3725722325605839e+07	0.0000000000000000e+00	-0.0000000000000000e+00	0.0000000000000000e+00	-2.0135448172304308e-03	0.0000000000000000e+00	0.0000000000000000e+00	0.0000000000000000e+00	0.0000000000000000e+00	0.0000000000000000e+00	
1.3342135114006723e+00	-0.0000000000000000e+00	-0.0000000000000000e+00	-4.1370496635580858e-02	6.9829233666816648e-01	0.0000000000000000e+00	-6.7139513366401967e+04	-1.9746827760857955e+07	-3.3733694429134928e+07	0.0000000000000000e+00	-0.0000000000000000e+00	0.0000000000000000e+00	-1.4230527765279088e-03	0.0000000000000000e+00	0.0000000000000000e+00	0.0000000000000000e+00	0.0000000000000000e+00	0.0000000000000000e+00	
1.3351656866468280e+00	-0.0000000000000000e+00	-0.0000000000000000e+00	-4.1370496635580858e-02	6.9829233666816648e-01	0.0000000000000000e+00	-6.7139513366401967e+04	-1.9746827760857955e+07	-3.3733694429134928e+07	0.0000000000000000e+00	-0.0000000000000000e+00	0.0000000000000000e+00	-1.4230527765279088e-03	0.0000000000000000e+00	0.0000000000000000e+00	0.0000000000000000e+00	0.0000000000000000e+00	0.0000000000000000e+00	
1.3361178618929839e+00	-0.0000000000000000e+00	-0.0000000000000000e+00	-4.1393603470693117e-02	6.9906206192390585e-01	0.0000000000000000e+00	-4.6067231511056489e+04	-1.9834407924611442e+07	-3.3752115642436475e+07	0.0000000000000000e+00	-0.0000000000000000e+00	0.0000000000000000e+00	-7.8161506341179528e-04	0.0000000000000000e+00	0.0000000000000000e+00	0.0000000000000000e+00	0.0000000000000000e+00	0.0000000000000000e+00	
1.3370700371391395e+00	-0.0000000000000000e+00	-0.0000000000000000e+00	-4.1393603470693117e-02	6.9906206192390585e-01	0.0000000000000000e+00	-4.6067231511056489e+04	-1.9834407924611442e+07	-3.3752115642436475e+07	0.0000000000000000e+00	-0.0000000000000000e+00	0.0000000000000000e+00	-7.8161506341179528e-04	0.0000000000000000e+00	0.0000000000000000e+00	0.0000000000000000e+00	0.0000000000000000e+00	0.0000000000000000e+00	
1.3380222123852954e+00	-0.0000000000000000e+00	-0.0000000000000000e+00	-4.0995359500515124e-02	6.9988063530421341e-01	0.0000000000000000e+00	-2.4258162459167881e+04	-1.9906892426167823e+07	-3.3766006793918312e+07	0.0000000000000000e+00	-0.0000000000000000e+00	0.0000000000000000e+00	-9.9470579822106325e-05	0.0000000000000000e+00	0.0000000000000000e+00	0.0000000000000000e+00	0.0000000000000000e+00	0.0000000000000000e+00	
1.3389743876314510e+00	-0.0000000000000000e+00	-0.0000000000000000e+00	-4.0995359500515124e-02	6.9988063530421341e-01	0.0000000000000000e+00	-2.4258162459167881e+04	-1.9906892426167823e+07	-3.3766006793918312e+07	0.0000000000000000e+00	-0.0000000000000000e+00	0.0000000000000000e+00	-9.9470579822106325e-05	0.0000000000000000e+00	0.0000000000000000e+00	0.0000000000000000e+00	0.0000000000000000e+00	0.0000000000000000e+00	
1.3399265628776069e+00	-0.0000000000000000e+00	-0.0000000000000000e+00	-3.9450014621620379e-02	6.9927212250073079e-01	0.0000000000000000e+00	1.6041765353913104e+03	-1.9964036128024939e+07	-3.3790568120412491e+07	0.0000000000000000e+00	-0.0000000000000000e+00	0.0000000000000000e+00	6.0656458272431582e-04	0.0000000000000000e+00	0.0000000000000000e+00	0.0000000000000000e+00	0.0000000000000000e+00	0.0000000000000000e+00	
1.3408787381237626e+00	-0.0000000000000000e+00	-0.0000000000000000e+00	-3.9450014621620379e-02	6.9927212250073079e-01	0.0000000000000000e+00	1.6041765353913104e+03	-1.9964036128024939e+07	-3.3790568120412491e+07	0.0000000000000000e+00	-0.0000000000000000e+00	0.0000000000000000e+00	6.0656458272431582e-04	0.0000000000000000e+00	0.0000000000000000e+00	0.0000000000000000e+00	0.0000000000000000e+00	0.0000000000000000e+00	
1.3418309133699184e+00	-0.0000000000000000e+00	-0.0000000000000000e+00	-3.7404680961263606e-02	6.9844308957866097e-01	0.0000000000000000e+00	2.7846265959114440e+04	-2.0002715035333440e+07	-3.3809909174044132e+07	0.0000000000000000e+00	-0.0000000000000000e+00	0.0000000000000000e+00	1.2974253511158146e-03	0.0000000000000000e+00	0.0000000000000000e+00	0.0000000000000000e+00	0.0000000000000000e+00	0.0000000000000000e+00	
1.3427830886160741e+00	-0.0000000000000000e+00	-0.0000000000000000e+00	-3.7404680961263606e-02	6.9844308957866097e-01	0.0000000000000000e+00	2.7846265959114440e+04	-2.0002715035333440e+07	-3.3809909174044132e+07	0.0000000000000000e+00	-0.0000000000000000e+00	0.0000000000000000e+00	1.2974253511158146e-03	0.0000000000000000e+00	0.0000000000000000e+00	0.0000000000000000e+00	0.0000000000000000e+00	0.0000000000000000e+00	
1.3437352638622300e+00	-0.0000000000000000e+00	-0.0000000000000000e+00	-3.4145194675018906e-02	6.9764875496434553e-01	0.0000000000000000e+00	5.6829843544921292e+04	-2.0020360392299749e+07	-3.3838196957362786e+07	0.0000000000000000e+00	-0.0000000000000000e+00	0.0000000000000000e+00	1.9593708630453624e-03	0.0000000000000000e+00	0.0000000000000000e+00	0.0000000000000000e+00	0.0000000000000000e+00	0.0000000000000000e+00	
1.3446874391083856e+00	-0.0000000000000000e+00	-0.0000000000000000e+00	-3.4145194675018906e-02	6.9764875496434553e-01	0.0000000000000000e+00	5.6829843544921292e+04	-2.0020360392299749e+07	-3.3838196957362786e+07	0.0000000000000000e+00	-0.0000000000000000e+00	0.0000000000000000e+00	1.9593708630453624e-03	0.0000000000000000e+00	0.0000000000000000e+00	0.0000000000000000e+00	0.0000000000000000e+00	0.0000000000000000e+00	
1.3456396143545415e+00	-0.0000000000000000e+00	-0.0000000000000000e+00	-3.0275488554599404e-02	6.9689727440490545e-01	0.0000000000000000e+00	8.5643719263346429e+04	-2.0017732436169438e+07	-3.3859271009250715e+07	0.0000000000000000e+00	-0.0000000000000000e+00	0.0000000000000000e+00	2.5856046625787402e-03	0.0000000000000000e+00	0.0000000000000000e+00	0.0000000000000000e+00	0.0000000000000000e+00	0.0000000000000000e+00	
1.3465917896006971e+00	-0.0000000000000000e+00	-0.0000000000000000e+00	-3.0275488554599404e-02	6.9689727440490545e-01	0.0000000000000000e+00	8.5643719263346429e+04	-2.0017732436169438e+07	-3.3859271009250715e+07	0.0000000000000000e+00	-0.0000000000000000e+00	0.0000000000000000e+00	2.5856046625787402e-03	0.0000000000000000e+00	0.0000000000000000e+00	0.0000000000000000e+00	0.0000000000000000e+00	0.0000000000000000e+00	
1.3475439648468530e+00	-0.0000000000000000e+00	-0.0000000000000000e+00	-2.5168394562353334e-02	6.9619975335956430e-01	0.0000000000000000e+00	1.1574247013366818e+05	-1.9991440801548049e+07	-3.3886950706412897e+07	0.0000000000000000e+00	-0.0000000000000000e+00	0.0000000000000000e+00	3.1668722003630303e-03	0.0000000000000000e+00	0.0000000000000000e+00	0.0000000000000000e+00	0.0000000000000000e+00	0.0000000000000000e+00	
1.3484961400930087e+00	-0.0000000000000000e+00	-0.0000000000000000e+00	-2.5168394562353334e-02	6.9619975335956430e-01	0.0000000000000000e+00	1.1574247013366818e+05	-1.9991440801548049e+07	-3.3886950706412897e+07	0.0000000000000000e+00	-0.0000000000000000e+00	0.0000000000000000e+00	3.1668722003630303e-03	0.0000000000000000e+00	0.0000000000000000e+00	0.0000000000000000e+00	0.0000000000000000e+00	0.0000000000000000e+00	
1.3494483153391645e+00	-0.0000000000000000e+00	-0.0000000000000000e+00	-1.9413870073748084e-02	6.9556268944958233e-01	0.0000000000000000e+00	1.4511599086187186e+05	-1.9944982486483309e+07	-3.3905680426240817e+07	0.0000000000000000e+00	-0.0000000000000000e+00	0.0000000000000000e+00	3.6977587920146871e-03	0.0000000000000000e+00	0.0000000000000000e+00	0.0000000000000000e+00	0.0000000000000000e+00	0.0000000000000000e+00	
1.3504004905853202e+00	-0.0000000000000000e+00	-0.0000000000000000e+00	-1.9413870073748084e-02	6.9556268944958233e-01	0.0000000000000000e+00	1.4511599086187186e+05	-1.9944982486483309e+07	-3.3905680426240817e+07	0.0000000000000000e+00	-0.0000000000000000e+00	0.0000000000000000e+00	3.6977587920146871e-03	0.0000000000000000e+00	0.0000000000000000e+00	0.0000000000000000e+00	0.0000000000000000e+00	0.0000000000000000e+00	
1.3513526658314761e+00	-0.0000000000000000e+00	-0.0000000000000000e+00	-1.2529900564206574e-02	6.9499318239199637e-01	0.0000000000000000e+00	1.7442360658787846e+05	-1.9871675716820583e+07	-3.3927951947864257e+07	0.0000000000000000e+00	-0.0000000000000000e+00	0.0000000000000000e+00	4.1723480066696251e-03	0.0000000000000000e+00	0.0000000000000000e+00	0.0000000000000000e+00	0.0000000000000000e+00	0.0000000000000000e+00	
1.3523048410776317e+00	-0.0000000000000000e+00	-0.0000000000000000e+00	-1.2529900564206574e-02	6.9499318239199637e-01	0.0000000000000000e+00	1.7442360658787846e+05	-1.9871675716820583e+07	-3.3927951947864257e+07	0.0000000000000000e+00	-0.0000000000000000e+00	0.0000000000000000e+00	4.1723480066696251e-03	0.0000000000000000e+00	0.0000000000000000e+00	0.0000000000000000e+00	0.0000000000000000e+00	0.0000000000000000e+00	
1.3532570163237876e+00	-0.0000000000000000e+00	-0.0000000000000000e+00	-5.0650902254443407e-03	6.9450033682086676e-01	0.0000000000000000e+00	2.0249382143797880e+05	-1.9777805324755814e+07	-3.3939642960020170e+07	0.0000000000000000e+00	-0.0000000000000000e+00	0.0000000000000000e+00	4.5830526492776436e-03	0.0000000000000000e+00	0.0000000000000000e+00	0.0000000000000000e+00	0.0000000000000000e+00	0.0000000000000000e+00	
1.3542091915699432e+00	-0.0000000000000000e+00	-0.0000000000000000e+00	-5.0650902254443407e-03	6.9450033682086676e-01	0.0000000000000000e+00	2.0249382143797880e+05	-1.9777805324755814e+07	-3.3939642960020170e+07	0.0000000000000000e+00	-0.0000000000000000e+00	0.0000000000000000e+00	4.5830526492776436e-03	0.0000000000000000e+00	0.0000000000000000e+00	0.0000000000000000e+00	0.0000000000000000e+00	0.0000000000000000e+00	
1.3551613668160991e+00	-0.0000000000000000e+00	-0.0000000000000000e+00	3.3558880097821981e-03	6.9410002319112374e-01	0.0000000000000000e+00	2.2915423658411598e+05	-1.9655065365747485e+07	-3.3952065935667977e+07	0.0000000000000000e+00	-0.0000000000000000e+00	0.0000000000000000e+00	4.9166473407301608e-03	0.0000000000000000e+00	0.0000000000000000e+00	0.0000000000000000e+00	0.0000000000000000e+00	0.0000000000000000e+00	
1.3561135420622548e+00	-0.0000000000000000e+00	-0.0000000000000000e+00	3.3558880097821981e-03	6.9410002319112374e-01	0.0000000000000000e+00	2.2915423658411598e+05	-1.9655065365747485e+07	-3.3952065935667977e+07	0.0000000000000000e+00	-0.0000000000000000e+00	0.0000000000000000e+00	4.9166473407301608e-03	0.0000000000000000e+00	0.0000000000000000e+00	0.0000000000000000e+00	0.0000000000000000e+00	0.0000000000000000e+00	
1.3570657173084106e+00	-0.0000000000000000e+00	-0.0000000000000000e+00	1.2253465697939121e-02	6.9380570269392872e-01	0.0000000000000000e+00	2.5404141403733476e+05	-1.9512462582069553e+07	-3.3952353163709849e+07	0.0000000000000000e+00	-0.0000000000000000e+00	0.0000000000000000e+00	5.1619144217260144e-03	0.0000000000000000e+00	0.0000000000000000e+00	0.0000000000000000e+00	0.0000000000000000e+00	0.0000000000000000e+00	
1.3580178925545663e+00	-0.0000000000000000e+00	-0.0000000000000000e+00	1.2253465697939121e-02	6.9380570269392872e-01	0.0000000000000000e+00	2.5404141403733476e+05	-1.9512462582069553e+07	-3.3952353163709849e+07	0.0000000000000000e+00	-0.0000000000000000e+00	0.0000000000000000e+00	5.1619144217260144e-03	0.0000000000000000e+00	0.0000000000000000e+00	0.0000000000000000e+00	0.0000000000000000e+00	0.0000000000000000e+00	
1.3589700678007222e+00	-0.0000000000000000e+00	-0.0000000000000000e+00	2.1905043398673694e-02	6.9360969566790687e-01	0.0000000000000000e+00	2.7628411248531495e+05	-1.9340426907471392e+07	-3.3951654567021899e+07	0.0000000000000000e+00	-0.0000000000000000e+00	0.0000000000000000e+00	5.3252536100775599e-03	0.0000000000000000e+00	0.0000000000000000e+00	0.0000000000000000e+00	0.0000000000000000e+00	0.0000000000000000e+00	
1.3599222430468778e+00	-0.0000000000000000e+00	-0.0000000000000000e+00	2.1905043398673694e-02	6.9360969566790687e-01	0.0000000000000000e+00	2.7628411248531495e+05	-1.9340426907471392e+07	-3.3951654567021899e+07	0.0000000000000000e+00	-0.0000000000000000e+00	0.0000000000000000e+00	5.3252536100775599e-03	0.0000000000000000e+00	0.0000000000000000e+00	0.0000000000000000e+00	0.0000000000000000e+00	0.0000000000000000e+00	
1.3608744182930337e+00	-0.0000000000000000e+00	-0.0000000000000000e+00	3.1855235171237277e-02	6.9350969109457261e-01	0.0000000000000000e+00	2.9647770711769810e+05	-1.9150255964886416e+07	-3.3939904071484543e+07	0.0000000000000000e+00	-0.0000000000000000e+00	0.0000000000000000e+00	5.4085907545228075e-03	0.0000000000000000e+00	0.0000000000000000e+00	0.0000000000000000e+00	0.0000000000000000e+00	0.0000000000000000e+00	
1.3618265935391893e+00	-0.0000000000000000e+00	-0.0000000000000000e+00	3.1855235171237277e-02	6.9350969109457261e-01	0.0000000000000000e+00	2.9647770711769810e+05	-1.9150255964886416e+07	-3.3939904071484543e+07	0.0000000000000000e+00	-0.0000000000000000e+00	0.0000000000000000e+00	5.4085907545228075e-03	0.0000000000000000e+00	0.0000000000000000e+00	0.0000000000000000e+00	0.0000000000000000e+00	0.0000000000000000e+00	
1.3627787687853452e+00	-0.0000000000000000e+00	-0.0000000000000000e+00	4.2271211524756797e-02	6.9351507355662301e-01	0.0000000000000000e+00	3.1302147514818347e+05	-1.8932493969571657e+07	-3.3926916743434727e+07	0.0000000000000000e+00	-0.0000000000000000e+00	0.0000000000000000e+00	5.4041053694807630e-03	0.0000000000000000e+00	0.0000000000000000e+00	0.0000000000000000e+00	0.0000000000000000e+00	0.0000000000000000e+00	
1.3637309440315009e+00	-0.0000000000000000e+00	-0.0000000000000000e+00	4.2271211524756797e-02	6.9351507355662301e-01	0.0000000000000000e+00	3.1302147514818347e+05	-1.8932493969571657e+07	-3.3926916743434727e+07	0.0000000000000000e+00	-0.0000000000000000e+00	0.0000000000000000e+00	5.4041053694807630e-03	0.0000000000000000e+00	0.0000000000000000e+00	0.0000000000000000e+00	0.0000000000000000e+00	0.0000000000000000e+00	
1.3646831192776567e+00	-0.0000000000000000e+00	-0.0000000000000000e+00	5.2650212292092394e-02	6.9363303338024129e-01	0.0000000000000000e+00	3.2732029330183018e+05	-1.8700839181384966e+07	-3.3903856959807388e+07	0.0000000000000000e+00	-0.0000000000000000e+00	0.0000000000000000e+00	5.3058055164655346e-03	0.0000000000000000e+00	0.0000000000000000e+00	0.0000000000000000e+00	0.0000000000000000e+00	0.0000000000000000e+00	
1.3656352945238124e+00	-0.0000000000000000e+00	-0.0000000000000000e+00	5.2650212292092394e-02	6.9363303338024129e-01	0.0000000000000000e+00	3.2732029330183018e+05	-1.8700839181384966e+07	-3.3903856959807388e+07	0.0000000000000000e+00	-0.0000000000000000e+00	0.0000000000000000e+00	5.3058055164655346e-03	0.0000000000000000e+00	0.0000000000000000e+00	0.0000000000000000e+00	0.0000000000000000e+00	0.0000000000000000e+00	
1.3665874697699683e+00	-0.0000000000000000e+00	-0.0000000000000000e+00	6.3083125835511206e-02	6.9387624206736542e-01	0.0000000000000000e+00	3.3712886845664895e+05	-1.8445511750013474e+07	-3.3880145082126938e+07	0.0000000000000000e+00	-0.0000000000000000e+00	0.0000000000000000e+00	5.1031316105287780e-03	0.0000000000000000e+00	0.0000000000000000e+00	0.0000000000000000e+00	0.0000000000000000e+00	0.0000000000000000e+00	
1.3675396450161239e+00	-0.0000000000000000e+00	-0.0000000000000000e+00	6.3083125835511206e-02	6.9387624206736542e-01	0.0000000000000000e+00	3.3712886845664895e+05	-1.8445511750013474e+07	-3.3880145082126938e+07	0.0000000000000000e+00	-0.0000000000000000e+00	0.0000000000000000e+00	5.1031316105287780e-03	0.0000000000000000e+00	0.0000000000000000e+00	0.0000000000000000e+00	0.0000000000000000e+00	0.0000000000000000e+00	
1.3684918202622798e+00	-0.0000000000000000e+00	-0.0000000000000000e+00	7.3048709884661972e-02	6.9427326498136410e-01	0.0000000000000000e+00	3.4465234419157152e+05	-1.8181730060508959e+07	-3.3848134496840797e+07	0.0000000000000000e+00	-0.0000000000000000e+00	0.0000000000000000e+00	4.7722791821965703e-03	0.0000000000000000e+00	0.0000000000000000e+00	0.0000000000000000e+00	0.0000000000000000e+00	0.0000000000000000e+00	
1.3694439955084354e+00	-0.0000000000000000e+00	-0.0000000000000000e+00	7.3048709884661972e-02	6.9427326498136410e-01	0.0000000000000000e+00	3.4465234419157152e+05	-1.8181730060508959e+07	-3.3848134496840797e+07	0.0000000000000000e+00	-0.0000000000000000e+00	0.0000000000000000e+00	4.7722791821965703e-03	0.0000000000000000e+00	0.0000000000000000e+00	0.0000000000000000e+00	0.0000000000000000e+00	0.0000000000000000e+00	
1.3703961707545913e+00	-0.0000000000000000e+00	-0.0000000000000000e+00	8.2654427051074994e-02	6.9482580548600692e-01	0.0000000000000000e+00	3.4714326115254709e+05	-1.7899456437394612e+07	-3.3815686458451688e+07	0.0000000000000000e+00	-0.0000000000000000e+00	0.0000000000000000e+00	4.3118287616608674e-03	0.0000000000000000e+00	0.0000000000000000e+00	0.0000000000000000e+00	0.0000000000000000e+00	0.0000000000000000e+00	
1.3713483460007470e+00	-0.0000000000000000e+00	-0.0000000000000000e+00	8.2654427051074994e-02	6.9482580548600692e-01	0.0000000000000000e+00	3.4714326115254709e+05	-1.7899456437394612e+07	-3.3815686458451688e+07	0.0000000000000000e+00	-0.0000000000000000e+00	0.0000000000000000e+00	4.3118287616608674e-03	0.0000000000000000e+00	0.0000000000000000e+00	0.0000000000000000e+00	0.0000000000000000e+00	0.0000000000000000e+00	
1.3723005212469028e+00	-0.0000000000000000e+00	-0.0000000000000000e+00	9.1202487339132748e-02	6.9553455134520059e-01	0.0000000000000000e+00	3.4746022367580421e+05	-1.7615564562149208e+07	-3.3775288302053995e+07	0.0000000000000000e+00	-0.0000000000000000e+00	0.0000000000000000e+00	3.7212072123328495e-03	0.0000000000000000e+00	0.0000000000000000e+00	0.0000000000000000e+00	0.0000000000000000e+00	0.0000000000000000e+00	
1.3732526964930585e+00	-0.0000000000000000e+00	-0.0000000000000000e+00	9.1202487339132748e-02	6.9553455134520059e-01	0.0000000000000000e+00	3.4746022367580421e+05	-1.7615564562149208e+07	-3.3775288302053995e+07	0.0000000000000000e+00	-0.0000000000000000e+00	0.0000000000000000e+00	3.7212072123328495e-03	0.0000000000000000e+00	0.0000000000000000e+00	0.0000000000000000e+00	0.0000000000000000e+00	0.0000000000000000e+00	
1.3742048717392144e+00	-0.0000000000000000e+00	-0.0000000000000000e+00	9.8906228279168951e-02	6.9639050975242123e-01	0.0000000000000000e+00	3.4245940624964761e+05	-1.7319552731852971e+07	-3.3735627724292308e+07	0.0000000000000000e+00	-0.0000000000000000e+00	0.0000000000000000e+00	3.0079085396489480e-03	0.0000000000000000e+00	0.0000000000000000e+00	0.0000000000000000e+00	0.0000000000000000e+00	0.0000000000000000e+00	
1.3751570469853700e+00	-0.0000000000000000e+00	-0.0000000000000000e+00	9.8906228279168951e-02	6.9639050975242123e-01	0.0000000000000000e+00	3.4245940624964761e+05	-1.7319552731852971e+07	-3.3735627724292308e+07	0.0000000000000000e+00	-0.0000000000000000e+00	0.0000000000000000e+00	3.0079085396489480e-03	0.0000000000000000e+00	0.0000000000000000e+00	0.0000000000000000e+00	0.0000000000000000e+00	0.0000000000000000e+00	
1.3761092222315259e+00	-0.0000000000000000e+00	-0.0000000000000000e+00	1.0498084825759273e-01	6.9729688241026355e-01	0.0000000000000000e+00	3.3549593365395576e+05	-1.7028741683427569e+07	-3.3689251225333050e+07	0.0000000000000000e+00	-0.0000000000000000e+00	0.0000000000000000e+00	2.2525979914469626e-03	0.0000000000000000e+00	0.0000000000000000e+00	0.0000000000000000e+00	0.0000000000000000e+00	0.0000000000000000e+00	
1.3770613974776815e+00	-0.0000000000000000e+00	-0.0000000000000000e+00	1.0498084825759273e-01	6.9729688241026355e-01	0.0000000000000000e+00	3.3549593365395576e+05	-1.7028741683427569e+07	-3.3689251225333050e+07	0.0000000000000000e+00	-0.0000000000000000e+00	0.0000000000000000e+00	2.2525979914469626e-03	0.0000000000000000e+00	0.0000000000000000e+00	0.0000000000000000e+00	0.0000000000000000e+00	0.0000000000000000e+00	
1.3780135727238374e+00	-0.0000000000000000e+00	-0.0000000000000000e+00	1.0991745438937213e-01	6.9824177125558540e-01	0.0000000000000000e+00	3.2331509821523650e+05	-1.6733745202542808e+07	-3.3646199534973465e+07	0.0000000000000000e+00	-0.0000000000000000e+00	0.0000000000000000e+00	1.4651906203454231e-03	0.0000000000000000e+00	0.0000000000000000e+00	0.0000000000000000e+00	0.0000000000000000e+00	0.0000000000000000e+00	
1.3789657479699930e+00	-0.0000000000000000e+00	-0.0000000000000000e+00	1.0991745438937213e-01	6.9824177125558540e-01	0.0000000000000000e+00	3.2331509821523650e+05	-1.6733745202542808e+07	-3.3646199534973465e+07	0.0000000000000000e+00	-0.0000000000000000e+00	0.0000000000000000e+00	1.4651906203454231e-03	0.0000000000000000e+00	0.0000000000000000e+00	0.0000000000000000e+00	0.0000000000000000e+00	0.0000000000000000e+00	
1.3799179232161489e+00	-0.0000000000000000e+00	-0.0000000000000000e+00	1.1288915303606169e-01	6.9921253065219324e-01	0.0000000000000000e+00	3.0939577907267527e+05	-1.6453608993218359e+07	-3.3597568489826843e+07	0.0000000000000000e+00	-0.0000000000000000e+00	0.0000000000000000e+00	6.5622445650560866e-04	0.0000000000000000e+00	0.0000000000000000e+00	0.0000000000000000e+00	0.0000000000000000e+00	0.0000000000000000e+00	
1.3808700984623046e+00	-0.0000000000000000e+00	-0.0000000000000000e+00	1.1288915303606169e-01	6.9921253065219324e-01	0.0000000000000000e+00	3.0939577907267527e+05	-1.6453608993218359e+07	-3.3597568489826843e+07	0.0000000000000000e+00	-0.0000000000000000e+00	0.0000000000000000e+00	6.5622445650560866e-04	0.0000000000000000e+00	0.0000000000000000e+00	0.0000000000000000e+00	0.0000000000000000e+00	0.0000000000000000e+00	
1.3818222737084604e+00	-0.0000000000000000e+00	-0.0000000000000000e+00	1.1459501056261895e-01	6.9981678487198073e-01	0.0000000000000000e+00	2.9055087970769760e+05	-1.6180404938714435e+07	-3.3554830438322663e+07	0.0000000000000000e+00	-0.0000000000000000e+00	0.0000000000000000e+00	-1.5267927334937918e-04	0.0000000000000000e+00	0.0000000000000000e+00	0.0000000000000000e+00	0.0000000000000000e+00	0.0000000000000000e+00	
1.3827744489546161e+00	-0.0000000000000000e+00	-0.0000000000000000e+00	1.1459501056261895e-01	6.9981678487198073e-01	0.0000000000000000e+00	2.9055087970769760e+05	-1.6180404938714435e+07	-3.3554830438322663e+07	0.0000000000000000e+00	-0.0000000000000000e+00	0.0000000000000000e+00	-1.5267927334937918e-04	0.0000000000000000e+00	0.0000000000000000e+00	0.0000000000000000e+00	0.0000000000000000e+00	0.0000000000000000e+00	
1.3837266242007720e+00	-0.0000000000000000e+00	-0.0000000000000000e+00	1.1400563232631655e-01	6.9885792486589737e-01	0.0000000000000000e+00	2.7029023126929201e+05	-1.5934414056478571e+07	-3.3508600200473294e+07	0.0000000000000000e+00	-0.0000000000000000e+00	0.0000000000000000e+00	-9.5172927841882175e-04	0.0000000000000000e+00	0.0000000000000000e+00	0.0000000000000000e+00	0.0000000000000000e+00	0.0000000000000000e+00	
1.3846787994469276e+00	-0.0000000000000000e+00	-0.0000000000000000e+00	1.1400563232631655e-01	6.9885792486589737e-01	0.0000000000000000e+00	2.7029023126929201e+05	-1.5934414056478571e+07	-3.3508600200473294e+07	0.0000000000000000e+00	-0.0000000000000000e+00	0.0000000000000000e+00	-9.5172927841882175e-04	0.0000000000000000e+00	0.0000000000000000e+00	0.0000000000000000e+00	0.0000000000000000e+00	0.0000000000000000e+00	
1.3856309746930835e+00	-0.0000000000000000e+00	-0.0000000000000000e+00	1.1190859454047752e-01	6.9790818446231362e-01	0.0000000000000000e+00	2.4562001048740614e+05	-1.5707825016332664e+07	-3.3471235306310032e+07	0.0000000000000000e+00	-0.0000000000000000e+00	0.0000000000000000e+00	-1.7431796147385876e-03	0.0000000000000000e+00	0.0000000000000000e+00	0.0000000000000000e+00	0.0000000000000000e+00	0.0000000000000000e+00	
1.3865831499392391e+00	-0.0000000000000000e+00	-0.0000000000000000e+00	1.1190859454047752e-01	6.9790818446231362e-01	0.0000000000000000e+00	2.4562001048740614e+05	-1.5707825016332664e+07	-3.3471235306310032e+07	0.0000000000000000e+00	-0.0000000000000000e+00	0.0000000000000000e+00	-1.7431796147385876e-03	0.0000000000000000e+00	0.0000000000000000e+00	0.0000000000000000e+00	0.0000000000000000e+00	0.0000000000000000e+00	
1.3875353251853950e+00	-0.0000000000000000e+00	-0.0000000000000000e+00	1.0716422364941003e-01	6.9697654697469347e-01	0.0000000000000000e+00	2.1994322213214712e+05	-1.5519622612361662e+07	-3.3431537938412532e+07	0.0000000000000000e+00	-0.0000000000000000e+00	0.0000000000000000e+00	-2.5195441877554113e-03	0.0000000000000000e+00	0.0000000000000000e+00	0.0000000000000000e+00	0.0000000000000000e+00	0.0000000000000000e+00	
1.3884875004315507e+00	-0.0000000000000000e+00	-0.0000000000000000e+00	1.0716422364941003e-01	6.9697654697469347e-01	0.0000000000000000e+00	2.1994322213214712e+05	-1.5519622612361662e+07	-3.3431537938412532e+07	0.0000000000000000e+00	-0.0000000000000000e+00	0.0000000000000000e+00	-2.5195441877554113e-03	0.0000000000000000e+00	0.0000000000000000e+00	0.0000000000000000e+00	0.0000000000000000e+00	0.0000000000000000e+00	
1.3894396756777065e+00	-0.0000000000000000e+00	-0.0000000000000000e+00	1.0068375802133994e-01	6.9607343797106924e-01	0.0000000000000000e+00	1.9045361340544678e+05	-1.5362769572696283e+07	-3.3402774079325352e+07	0.0000000000000000e+00	-0.0000000000000000e+00	0.0000000000000000e+00	-3.2721350241088892e-03	0.0000000000000000e+00	0.0000000000000000e+00	0.0000000000000000e+00	0.0000000000000000e+00	0.0000000000000000e+00	
1.3903918509238622e+00	-0.0000000000000000e+00	-0.0000000000000000e+00	1.0068375802133994e-01	6.9607343797106924e-01	0.0000000000000000e+00	1.9045361340544678e+05	-1.5362769572696283e+07	-3.3402774079325352e+07	0.0000000000000000e+00	-0.0000000000000000e+00	0.0000000000000000e+00	-3.2721350241088892e-03	0.0000000000000000e+00	0.0000000000000000e+00	0.0000000000000000e+00	0.0000000000000000e+00	0.0000000000000000e+00	
1.3913440261700181e+00	-0.0000000000000000e+00	-0.0000000000000000e+00	9.1258183676217242e-02	6.9520975834056009e-01	0.0000000000000000e+00	1.6048002432635354e+05	-1.5256092175838210e+07	-3.3372518823458053e+07	0.0000000000000000e+00	-0.0000000000000000e+00	0.0000000000000000e+00	-3.9918680495332308e-03	0.0000000000000000e+00	0.0000000000000000e+00	0.0000000000000000e+00	0.0000000000000000e+00	0.0000000000000000e+00	
1.3922962014161737e+00	-0.0000000000000000e+00	-0.0000000000000000e+00	9.1258183676217242e-02	6.9520975834056009e-01	0.0000000000000000e+00	1.6048002432635354e+05	-1.5256092175838210e+07	-3.3372518823458053e+07	0.0000000000000000e+00	-0.0000000000000000e+00	0.0000000000000000e+00	-3.9918680495332308e-03	0.0000000000000000e+00	0.0000000000000000e+00	0.0000000000000000e+00	0.0000000000000000e+00	0.0000000000000000e+00	
1.3932483766623296e+00	-0.0000000000000000e+00	-0.0000000000000000e+00	7.9893913657072824e-02	6.9438660802865038e-01	0.0000000000000000e+00	1.2732443573423705e+05	-1.5192292288924694e+07	-3.3355162325813960e+07	0.0000000000000000e+00	-0.0000000000000000e+00	0.0000000000000000e+00	-4.6778266427913101e-03	0.0000000000000000e+00	0.0000000000000000e+00	0.0000000000000000e+00	0.0000000000000000e+00	0.0000000000000000e+00	
1.3942005519084852e+00	-0.0000000000000000e+00	-0.0000000000000000e+00	7.9893913657072824e-02	6.9438660802865038e-01	0.0000000000000000e+00	1.2732443573423705e+05	-1.5192292288924694e+07	-3.3355162325813960e+07	0.0000000000000000e+00	-0.0000000000000000e+00	0.0000000000000000e+00	-4.6778266427913101e-03	0.0000000000000000e+00	0.0000000000000000e+00	0.0000000000000000e+00	0.0000000000000000e+00	0.0000000000000000e+00	
1.3951527271546411e+00	-0.0000000000000000e+00	-0.0000000000000000e+00	6.5361045047393984e-02	6.9361126166215692e-01	0.0000000000000000e+00	9.4178051946883264e+04	-1.5190246055102602e+07	-3.3337256889425751e+07	0.0000000000000000e+00	-0.0000000000000000e+00	0.0000000000000000e+00	-5.3239486148691541e-03	0.0000000000000000e+00	0.0000000000000000e+00	0.0000000000000000e+00	0.0000000000000000e+00	0.0000000000000000e+00	
1.3961049024007968e+00	-0.0000000000000000e+00	-0.0000000000000000e+00	6.5361045047393984e-02	6.9361126166215692e-01	0.0000000000000000e+00	9.4178051946883264e+04	-1.5190246055102602e+07	-3.3337256889425751e+07	0.0000000000000000e+00	-0.0000000000000000e+00	0.0000000000000000e+00	-5.3239486148691541e-03	0.0000000000000000e+00	0.0000000000000000e+00	0.0000000000000000e+00	0.0000000000000000e+00	0.0000000000000000e+00	
1.3970570776469526e+00	-0.0000000000000000e+00	-0.0000000000000000e+00	4.8652771543644453e-02	6.9288251014733948e-01	0.0000000000000000e+00	5.8397859641779884e+04	-1.5241640583410058e+07	-3.3332639992840968e+07	0.0000000000000000e+00	-0.0000000000000000e+00	0.0000000000000000e+00	-5.9312415438837751e-03	0.0000000000000000e+00	0.0000000000000000e+00	0.0000000000000000e+00	0.0000000000000000e+00	0.0000000000000000e+00	
1.3980092528931083e+00	-0.0000000000000000e+00	-0.0000000000000000e+00	4.8652771543644453e-02	6.9288251014733948e-01	0.0000000000000000e+00	5.8397859641779884e+04	-1.5241640583410058e+07	-3.3332639992840968e+07	0.0000000000000000e+00	-0.0000000000000000e+00	0.0000000000000000e+00	-5.9312415438837751e-03	0.0000000000000000e+00	0.0000000000000000e+00	0.0000000000000000e+00	0.0000000000000000e+00	0.0000000000000000e+00	
1.3989614281392642e+00	-0.0000000000000000e+00	-0.0000000000000000e+00	2.8604746359538181e-02	6.9218920791554295e-01	0.0000000000000000e+00	2.2920535218754972e+04	-1.5365050776566867e+07	-3.3327437281239964e+07	0.0000000000000000e+00	-0.0000000000000000e+00	0.0000000000000000e+00	-6.5089934037142090e-03	0.0000000000000000e+00	0.0000000000000000e+00	0.0000000000000000e+00	0.0000000000000000e+00	0.0000000000000000e+00	
1.3999136033854198e+00	-0.0000000000000000e+00	-0.0000000000000000e+00	2.8604746359538181e-02	6.9218920791554295e-01	0.0000000000000000e+00	2.2920535218754972e+04	-1.5365050776566867e+07	-3.3327437281239964e+07	0.0000000000000000e+00	-0.0000000000000000e+00	0.0000000000000000e+00	-6.5089934037142090e-03	0.0000000000000000e+00	0.0000000000000000e+00	0.0000000000000000e+00	0.0000000000000000e+00	0.0000000000000000e+00	
1.4008657786315757e+00	-0.0000000000000000e+00	-0.0000000000000000e+00	6.3017499485318318e-03	6.9149672129841822e-01	0.0000000000000000e+00	-1.4679461701035685e+04	-1.5551649453492258e+07	-3.3336679193462640e+07	0.0000000000000000e+00	-0.0000000000000000e+00	0.0000000000000000e+00	-7.0860655846514478e-03	0.0000000000000000e+00	0.0000000000000000e+00	0.0000000000000000e+00	0.0000000000000000e+00	0.0000000000000000e+00	
1.4018179538777313e+00	-0.0000000000000000e+00	-0.0000000000000000e+00	6.3017499485318318e-03	6.9149672129841822e-01	0.0000000000000000e+00	-1.4679461701035685e+04	-1.5551649453492258e+07	-3.3336679193462640e+07	0.0000000000000000e+00	-0.0000000000000000e+00	0.0000000000000000e+00	-7.0860655846514478e-03	0.0000000000000000e+00	0.0000000000000000e+00	0.0000000000000000e+00	0.0000000000000000e+00	0.0000000000000000e+00	
1.4027701291238872e+00	-0.0000000000000000e+00	-0.0000000000000000e+00	-1.9318401648505439e-02	6.9080637268437772e-01	0.0000000000000000e+00	-5.1822909948752771e+04	-1.5818687149551997e+07	-3.3346623086470135e+07	0.0000000000000000e+00	-0.0000000000000000e+00	0.0000000000000000e+00	-7.6613560963518876e-03	0.0000000000000000e+00	0.0000000000000000e+00	0.0000000000000000e+00	0.0000000000000000e+00	0.0000000000000000e+00	
1.4037223043700429e+00	-0.0000000000000000e+00	-0.0000000000000000e+00	-1.9318401648505439e-02	6.9080637268437772e-01	0.0000000000000000e+00	-5.1822909948752771e+04	-1.5818687149551997e+07	-3.3346623086470135e+07	0.0000000000000000e+00	-0.0000000000000000e+00	0.0000000000000000e+00	-7.6613560963518876e-03	0.0000000000000000e+00	0.0000000000000000e+00	0.0000000000000000e+00	0.0000000000000000e+00	0.0000000000000000e+00	
1.4046744796161987e+00	-0.0000000000000000e+00	-0.0000000000000000e+00	-4.7185932395505163e-02	6.9011956268124153e-01	0.0000000000000000e+00	-9.0418779836118396e+04	-1.6154239552262539e+07	-3.3371163983713195e+07	0.0000000000000000e+00	-0.0000000000000000e+00	0.0000000000000000e+00	-8.2336977656320594e-03	0.0000000000000000e+00	0.0000000000000000e+00	0.0000000000000000e+00	0.0000000000000000e+00	0.0000000000000000e+00	
1.4056266548623544e+00	-0.0000000000000000e+00	-0.0000000000000000e+00	-4.7185932395505163e-02	6.9011956268124153e-01	0.0000000000000000e+00	-9.0418779836118396e+04	-1.6154239552262539e+07	-3.3371163983713195e+07	0.0000000000000000e+00	-0.0000000000000000e+00	0.0000000000000000e+00	-8.2336977656320594e-03	0.0000000000000000e+00	0.0000000000000000e+00	0.0000000000000000e+00	0.0000000000000000e+00	0.0000000000000000e+00	
1.4065788301085103e+00	-0.0000000000000000e+00	-0.0000000000000000e+00	-7.8151857371368955e-02	6.8945063923804284e-01	0.0000000000000000e+00	-1.2810815252864335e+05	-1.6575157544103933e+07	-3.3396416675812054e+07	0.0000000000000000e+00	-0.0000000000000000e+00	0.0000000000000000e+00	-8.7911339682975615e-03	0.0000000000000000e+00	0.0000000000000000e+00	0.0000000000000000e+00	0.0000000000000000e+00	0.0000000000000000e+00	
1.4075310053546659e+00	-0.0000000000000000e+00	-0.0000000000000000e+00	-7.8151857371368955e-02	6.8945063923804284e-01	0.0000000000000000e+00	-1.2810815252864335e+05	-1.6575157544103933e+07	-3.3396416675812054e+07	0.0000000000000000e+00	-0.0000000000000000e+00	0.0000000000000000e+00	-8.7911339682975615e-03	0.0000000000000000e+00	0.0000000000000000e+00	0.0000000000000000e+00	0.0000000000000000e+00	0.0000000000000000e+00	
1.4084831806008218e+00	-0.0000000000000000e+00	-0.0000000000000000e+00	-1.1127638538023457e-01	6.8891802518978051e-01	0.0000000000000000e+00	-1.6636072231361564e+05	-1.7068626147739924e+07	-3.3435298399203911e+07	0.0000000000000000e+00	-0.0000000000000000e+00	0.0000000000000000e+00	-9.2349790085162128e-03	0.0000000000000000e+00	0.0000000000000000e+00	0.0000000000000000e+00	0.0000000000000000e+00	0.0000000000000000e+00	
1.4094353558469774e+00	-0.0000000000000000e+00	-0.0000000000000000e+00	-1.1127638538023457e-01	6.8891802518978051e-01	0.0000000000000000e+00	-1.6636072231361564e+05	-1.7068626147739924e+07	-3.3435298399203911e+07	0.0000000000000000e+00	-0.0000000000000000e+00	0.0000000000000000e+00	-9.2349790085162128e-03	0.0000000000000000e+00	0.0000000000000000e+00	0.0000000000000000e+00	0.0000000000000000e+00	0.0000000000000000e+00	
1.4103875310931333e+00	-0.0000000000000000e+00	-0.0000000000000000e+00	-1.4724355457357075e-01	6.8859571197511327e-01	0.0000000000000000e+00	-2.0302025089508761e+05	-1.7651479233586688e+07	-3.3475618063104510e+07	0.0000000000000000e+00	-0.0000000000000000e+00	0.0000000000000000e+00	-9.5035733540722693e-03	0.0000000000000000e+00	0.0000000000000000e+00	0.0000000000000000e+00	0.0000000000000000e+00	0.0000000000000000e+00	
1.4113397063392890e+00	-0.0000000000000000e+00	-0.0000000000000000e+00	-1.4724355457357075e-01	6.8859571197511327e-01	0.0000000000000000e+00	-2.0302025089508761e+05	-1.7651479233586688e+07	-3.3475618063104510e+07	0.0000000000000000e+00	-0.0000000000000000e+00	0.0000000000000000e+00	-9.5035733540722693e-03	0.0000000000000000e+00	0.0000000000000000e+00	0.0000000000000000e+00	0.0000000000000000e+00	0.0000000000000000e+00	
1.4122918815854448e+00	-0.0000000000000000e+00	-0.0000000000000000e+00	-1.8524145121004829e-01	6.8849502761764325e-01	0.0000000000000000e+00	-2.3920242312538362e+05	-1.8305677813073263e+07	-3.3527704059164800e+07	0.0000000000000000e+00	-0.0000000000000000e+00	0.0000000000000000e+00	-9.5874769852972441e-03	0.0000000000000000e+00	0.0000000000000000e+00	0.0000000000000000e+00	0.0000000000000000e+00	0.0000000000000000e+00	
1.4132440568316005e+00	-0.0000000000000000e+00	-0.0000000000000000e+00	-1.8524145121004829e-01	6.8849502761764325e-01	0.0000000000000000e+00	-2.3920242312538362e+05	-1.8305677813073263e+07	-3.3527704059164800e+07	0.0000000000000000e+00	-0.0000000000000000e+00	0.0000000000000000e+00	-9.5874769852972441e-03	0.0000000000000000e+00	0.0000000000000000e+00	0.0000000000000000e+00	0.0000000000000000e+00	0.0000000000000000e+00	
1.4141962320777564e+00	-0.0000000000000000e+00	-0.0000000000000000e+00	-2.2573382756391133e-01	6.8867271731181323e-01	0.0000000000000000e+00	-2.7277282679694216e+05	-1.9044302742365561e+07	-3.3579743592265822e+07	-4.0844451290769748e-07	-3.4348805249428976e-05	0.0000000000000000e+00	-9.4394022401556119e-03	6.4326380765065944e-02	1.4144234393600026e+00	0.0000000000000000e+00	0.0000000000000000e+00	0.0000000000000000e+00	
1.4151484073239120e+00	-0.0000000000000000e+00	-0.0000000000000000e+00	-2.2573382756391133e-01	6.8867271731181323e-01	0.0000000000000000e+00	-2.7277282679694216e+05	-1.9044302742365561e+07	-3.3579743592265822e+07	-4.0844451290769748e-07	-3.4348805249428976e-05	0.0000000000000000e+00	-9.4394022401556119e-03	6.4326380765065944e-02	1.4144234393600026e+00	0.0000000000000000e+00	0.0000000000000000e+00	0.0000000000000000e+00	
1.4161005825700679e+00	-0.0000000000000000e+00	-0.0000000000000000e+00	-2.6795960143232106e-01	6.8938360049335456e-01	0.0000000000000000e+00	-3.0487836015398003e+05	-1.9849335142444570e+07	-3.3641166800113261e+07	-5.0077427576819169e-06	-4.3414838102418576e-04	0.0000000000000000e+00	-8.8469995888712013e-03	2.9537798218183403e-01	1.4144234393600026e+00	0.0000000000000000e+00	0.0000000000000000e+00	0.0000000000000000e+00	
1.4170527578162235e+00	-0.0000000000000000e+00	-0.0000000000000000e+00	-2.6795960143232106e-01	6.8938360049335456e-01	0.0000000000000000e+00	-3.0487836015398003e+05	-1.9849335142444570e+07	-3.3641166800113261e+07	-5.0077427576819169e-06	-4.3414838102418576e-04	0.0000000000000000e+00	-8.8469995888712013e-03	2.9537798218183403e-01	1.4144234393600026e+00	0.0000000000000000e+00	0.0000000000000000e+00	0.0000000000000000e+00	
1.4180049330623794e+00	-0.0000000000000000e+00	-0.0000000000000000e+00	-3.1195889430239065e-01	6.9070714715697568e-01	0.0000000000000000e+00	-3.3357594705921377e+05	-2.0735879834611021e+07	-3.3704697715259552e+07	-1.4488996064995420e-05	-1.2826234880904182e-03	0.0000000000000000e+00	-7.7440440358535704e-03	5.3196494269841710e-01	1.4144234393600026e+00	0.0000000000000000e+00	0.0000000000000000e+00	0.0000000000000000e+00	
1.4189571083085351e+00	-0.0000000000000000e+00	-0.0000000000000000e+00	-3.1195889430239065e-01	6.9070714715697568e-01	0.0000000000000000e+00	-3.3357594705921377e+05	-2.0735879834611021e+07	-3.3704697715259552e+07	-1.4488996064995420e-05	-1.2826234880904182e-03	0.0000000000000000e+00	-7.7440440358535704e-03	5.3196494269841710e-01	1.4144234393600026e+00	0.0000000000000000e+00	0.0000000000000000e+00	0.0000000000000000e+00	
1.4199092835546909e+00	-0.0000000000000000e+00	-0.0000000000000000e+00	-3.5714129824926566e-01	6.9265402525070952e-01	0.0000000000000000e+00	-3.5989644886307820e+05	-2.1683496233627100e+07	-3.3776469686951250e+07	-2.8268175296749414e-05	-2.5910403287731937e-03	0.0000000000000000e+00	-6.1216456244086621e-03	7.7408792234252022e-01	1.4144234393600026e+00	0.0000000000000000e+00	0.0000000000000000e+00	0.0000000000000000e+00	
1.4208614588008466e+00	-0.0000000000000000e+00	-0.0000000000000000e+00	-3.5714129824926566e-01	6.9265402525070952e-01	0.0000000000000000e+00	-3.5989644886307820e+05	-2.1683496233627100e+07	-3.3776469686951250e+07	-2.8268175296749414e-05	-2.5910403287731937e-03	0.0000000000000000e+00	-6.1216456244086621e-03	7.7408792234252022e-01	1.4144234393600026e+00	0.0000000000000000e+00	0.0000000000000000e+00	0.0000000000000000e+00	
1.4218136340470025e+00	-0.0000000000000000e+00	-0.0000000000000000e+00	-4.0335648627741949e-01	6.9525480505546955e-01	0.0000000000000000e+00	-3.8205233480589528e+05	-2.2704083798549715e+07	-3.3850419451699026e+07	-4.5932790259671409e-05	-4.3658923158351078e-03	0.0000000000000000e+00	-3.9543291204419953e-03	1.0191804030729141e+00	1.4144234393600026e+00	0.0000000000000000e+00	0.0000000000000000e+00	0.0000000000000000e+00	
1.4227658092931581e+00	-0.0000000000000000e+00	-0.0000000000000000e+00	-4.0335648627741949e-01	6.9525480505546955e-01	0.0000000000000000e+00	-3.8205233480589528e+05	-2.2704083798549715e+07	-3.3850419451699026e+07	-4.5932790259671409e-05	-4.3658923158351078e-03	0.0000000000000000e+00	-3.9543291204419953e-03	1.0191804030729141e+00	1.4144234393600026e+00	0.0000000000000000e+00	0.0000000000000000e+00	0.0000000000000000e+00	
1.4237179845393140e+00	-0.0000000000000000e+00	-0.0000000000000000e+00	-4.5016833454535099e-01	6.9853247547785091e-01	0.0000000000000000e+00	-4.0099189950850443e+05	-2.3778017853206184e+07	-3.3928780185699545e+07	-6.6314278972922849e-05	-6.6132820686199672e-03	0.0000000000000000e+00	-1.2229371017908705e-03	1.2670153146395549e+00	1.4144234393600026e+00	0.0000000000000000e+00	0.0000000000000000e+00	0.0000000000000000e+00	
1.4246701597854696e+00	-0.0000000000000000e+00	-0.0000000000000000e+00	-4.5016833454535099e-01	6.9853247547785091e-01	0.0000000000000000e+00	-4.0099189950850443e+05	-2.3778017853206184e+07	-3.3928780185699545e+07	-6.6314278972922849e-05	-6.6132820686199672e-03	0.0000000000000000e+00	-1.2229371017908705e-03	1.2670153146395549e+00	1.4144234393600026e+00	0.0000000000000000e+00	0.0000000000000000e+00	0.0000000000000000e+00	
1.4256223350316255e+00	-3.7281895527213312e-03	-2.2370516427071854e-01	-4.9723545669751712e-01	6.9749975083308502e-01	0.0000000000000000e+00	-3.9860610043262248e+05	-2.3917840527047440e+07	-3.4008846283944108e+07	-8.8948454506338181e-05	-9.3495008214744581e-03	0.0000000000000000e+00	2.0835409724291004e-03	1.5430771015278295e+00	1.4144234393600026e+00	0.0000000000000000e+00	0.0000000000000000e+00	0.0000000000000000e+00	
1.4265745102777811e+00	-3.7281895527213312e-03	-2.2370516427071854e-01	-4.9723545669751712e-01	6.9749975083308502e-01	0.0000000000000000e+00	-3.9860610043262248e+05	-2.3917840527047440e+07	-3.4008846283944108e+07	-8.8948454506338181e-05	-9.3495008214744581e-03	0.0000000000000000e+00	2.0835409724291004e-03	1.5430771015278295e+00	1.4144234393600026e+00	0.0000000000000000e+00	0.0000000000000000e+00	0.0000000000000000e+00	
1.4275266855239370e+00	-8.3601616733314701e-03	-5.1265154120037548e-01	-5.4436073517677930e-01	6.9278545966314631e-01	0.0000000000000000e+00	-3.8834870857164660e+05	-2.3813841376717277e+07	-3.4089929821270846e+07	-1.1290477315058006e-04	-1.2675666104171123e-02	0.0000000000000000e+00	6.0121169473780437e-03	1.8631425391575414e+00	1.4144234393600026e+00	0.0000000000000000e+00	0.0000000000000000e+00	0.0000000000000000e+00	
1.4284788607700927e+00	-8.3601616733314701e-03	-5.1265154120037548e-01	-5.4436073517677930e-01	6.9278545966314631e-01	0.0000000000000000e+00	-3.8834870857164660e+05	-2.3813841376717277e+07	-3.4089929821270846e+07	-1.1290477315058006e-04	-1.2675666104171123e-02	0.0000000000000000e+00	6.0121169473780437e-03	1.8631425391575414e+00	1.4144234393600026e+00	0.0000000000000000e+00	0.0000000000000000e+00	0.0000000000000000e+00	
1.4294310360162485e+00	-1.2914309434759555e-02	-8.1911520183646680e-01	-5.9102420504846664e-01	6.8731517631645189e-01	0.0000000000000000e+00	-3.7341238960216462e+05	-2.3684407317510609e+07	-3.4172606084548332e+07	-1.3753789261079246e-04	-1.6623887833673908e-02	0.0000000000000000e+00	1.0570686402956681e-02	2.1932872781259118e+00	1.4144234393600026e+00	0.0000000000000000e+00	0.0000000000000000e+00	0.0000000000000000e+00	
1.4303832112624042e+00	-1.2914309434759555e-02	-8.1911520183646680e-01	-5.9102420504846664e-01	6.8731517631645189e-01	0.0000000000000000e+00	-3.7341238960216462e+05	-2.3684407317510609e+07	-3.4172606084548332e+07	-1.3753789261079246e-04	-1.6623887833673908e-02	0.0000000000000000e+00	1.0570686402956681e-02	2.1932872781259118e+00	1.4144234393600026e+00	0.0000000000000000e+00	0.0000000000000000e+00	0.0000000000000000e+00	
1.4313353865085601e+00	-1.7227644454824532e-02	-1.1408383239406155e+00	-6.3720983290802924e-01	6.8107757175363104e-01	0.0000000000000000e+00	-3.5526923479769559e+05	-2.3526417638643868e+07	-3.4253220028787702e+07	-1.6068422545028422e-04	-2.1214385959419400e-02	0.0000000000000000e+00	1.5768690205307408e-02	2.5336358787713609e+00	1.4144234393600026e+00	0.0000000000000000e+00	0.0000000000000000e+00	0.0000000000000000e+00	
1.4322875617547157e+00	-1.7227644454824532e-02	-1.1408383239406155e+00	-6.3720983290802924e-01	6.8107757175363104e-01	0.0000000000000000e+00	-3.5526923479769559e+05	-2.3526417638643868e+07	-3.4253220028787702e+07	-1.6068422545028422e-04	-2.1214385959419400e-02	0.0000000000000000e+00	1.5768690205307408e-02	2.5336358787713609e+00	1.4144234393600026e+00	0.0000000000000000e+00	0.0000000000000000e+00	0.0000000000000000e+00	
1.4332397370008716e+00	-2.1128317294408262e-02	-1.4775623866363465e+00	-6.8222985246801826e-01	6.7406170325651937e-01	0.0000000000000000e+00	-3.3377383543641458e+05	-2.3341738862219434e+07	-3.4335321259448491e+07	-1.8147223175010640e-04	-2.6464076580735955e-02	0.0000000000000000e+00	2.1615247286233812e-02	2.8826105665154227e+00	1.4144234393600026e+00	0.0000000000000000e+00	0.0000000000000000e+00	0.0000000000000000e+00	
1.4341919122470272e+00	-2.1128317294408262e-02	-1.4775623866363465e+00	-6.8222985246801826e-01	6.7406170325651937e-01	0.0000000000000000e+00	-3.3377383543641458e+05	-2.3341738862219434e+07	-3.4335321259448491e+07	-1.8147223175010640e-04	-2.6464076580735955e-02	0.0000000000000000e+00	2.1615247286233812e-02	2.8826105665154227e+00	1.4144234393600026e+00	0.0000000000000000e+00	0.0000000000000000e+00	0.0000000000000000e+00	
1.4351440874931831e+00	-2.4502704732228903e-02	-1.8276927104023935e+00	-7.2623943945125025e-01	6.6625249493563099e-01	0.0000000000000000e+00	-3.1001007820285484e+05	-2.3124106757788293e+07	-3.4410654957247168e+07	-1.9738451545906605e-04	-3.2390499606853737e-02	0.0000000000000000e+00	2.8122920886974101e-02	3.2403549018361550e+00	1.4144234393600026e+00	0.0000000000000000e+00	0.0000000000000000e+00	0.0000000000000000e+00	
1.4360962627393388e+00	-2.4502704732228903e-02	-1.8276927104023935e+00	-7.2623943945125025e-01	6.6625249493563099e-01	0.0000000000000000e+00	-3.1001007820285484e+05	-2.3124106757788293e+07	-3.4410654957247168e+07	-1.9738451545906605e-04	-3.2390499606853737e-02	0.0000000000000000e+00	2.8122920886974101e-02	3.2403549018361550e+00	1.4144234393600026e+00	0.0000000000000000e+00	0.0000000000000000e+00	0.0000000000000000e+00	
1.4370484379854946e+00	-2.7196822397563897e-02	-2.1899527323303065e+00	-7.6841056277586817e-01	6.5761933981878284e-01	0.0000000000000000e+00	-2.8410279479876149e+05	-2.2876631785775933e+07	-3.4485597469356693e+07	-2.0748448272058277e-04	-3.9008207492703617e-02	0.0000000000000000e+00	3.5317216817680894e-02	3.6055588819214042e+00	1.4144234393600026e+00	0.0000000000000000e+00	0.0000000000000000e+00	0.0000000000000000e+00	
1.4380006132316503e+00	-2.7196822397563897e-02	-2.1899527323303065e+00	-7.6841056277586817e-01	6.5761933981878284e-01	0.0000000000000000e+00	-2.8410279479876149e+05	-2.2876631785775933e+07	-3.4485597469356693e+07	-2.0748448272058277e-04	-3.9008207492703617e-02	0.0000000000000000e+00	3.5317216817680894e-02	3.6055588819214042e+00	1.4144234393600026e+00	0.0000000000000000e+00	0.0000000000000000e+00	0.0000000000000000e+00	
1.4389527884778062e+00	-2.9136779180040411e-02	-2.5646625488365506e+00	-8.0897389453408219e-01	6.4814144057834100e-01	0.0000000000000000e+00	-2.5666453273997633e+05	-2.2591993118572399e+07	-3.4550253439761169e+07	-2.0910032938163074e-04	-4.6329967709971991e-02	0.0000000000000000e+00	4.3215466184715771e-02	3.9770146413931737e+00	1.4144234393600026e+00	0.0000000000000000e+00	0.0000000000000000e+00	0.0000000000000000e+00	
1.4399049637239618e+00	-2.9136779180040411e-02	-2.5646625488365506e+00	-8.0897389453408219e-01	6.4814144057834100e-01	0.0000000000000000e+00	-2.5666453273997633e+05	-2.2591993118572399e+07	-3.4550253439761169e+07	-2.0910032938163074e-04	-4.6329967709971991e-02	0.0000000000000000e+00	4.3215466184715771e-02	3.9770146413931737e+00	1.4144234393600026e+00	0.0000000000000000e+00	0.0000000000000000e+00	0.0000000000000000e+00	
1.4408571389701177e+00	-3.0231583348821020e-02	-2.9493160474778137e+00	-8.4711540338118874e-01	6.3780902434307785e-01	0.0000000000000000e+00	-2.2834268018168421e+05	-2.2276528596382473e+07	-3.4614905122992106e+07	-2.0131418931249170e-04	-5.4364708863731771e-02	0.0000000000000000e+00	5.1825813047435124e-02	4.3529157100002287e+00	1.4144234393600026e+00	0.0000000000000000e+00	0.0000000000000000e+00	0.0000000000000000e+00	
1.4418093142162733e+00	-3.0231583348821020e-02	-2.9493160474778137e+00	-8.4711540338118874e-01	6.3780902434307785e-01	0.0000000000000000e+00	-2.2834268018168421e+05	-2.2276528596382473e+07	-3.4614905122992106e+07	-2.0131418931249170e-04	-5.4364708863731771e-02	0.0000000000000000e+00	5.1825813047435124e-02	4.3529157100002287e+00	1.4144234393600026e+00	0.0000000000000000e+00	0.0000000000000000e+00	0.0000000000000000e+00	
1.4427614894624292e+00	-3.0427811176255516e-02	-3.3448309748672704e+00	-8.8317339482473767e-01	6.2662606839155344e-01	0.0000000000000000e+00	-1.9943146322543093e+05	-2.1922856418935020e+07	-3.4667826007424936e+07	-1.8154344392455645e-04	-6.3117831265735752e-02	0.0000000000000000e+00	6.1144943007038724e-02	4.7311005155410752e+00	1.4144234393600026e+00	0.0000000000000000e+00	0.0000000000000000e+00	0.0000000000000000e+00	
1.4437136647085849e+00	-3.0427811176255516e-02	-3.3448309748672704e+00	-8.8317339482473767e-01	6.2662606839155344e-01	0.0000000000000000e+00	-1.9943146322543093e+05	-2.1922856418935020e+07	-3.4667826007424936e+07	-1.8154344392455645e-04	-6.3117831265735752e-02	0.0000000000000000e+00	6.1144943007038724e-02	4.7311005155410752e+00	1.4144234393600026e+00	0.0000000000000000e+00	0.0000000000000000e+00	0.0000000000000000e+00	
1.4446658399547407e+00	-2.9746218768865636e-02	-3.7477905823856248e+00	-9.1627362324355932e-01	6.1459305276185172e-01	0.0000000000000000e+00	-1.7094566213177142e+05	-2.1537814524099745e+07	-3.4719710571894027e+07	-1.4904306460426136e-04	-7.2592857071953953e-02	0.0000000000000000e+00	7.1172456031790218e-02	5.1108686016853788e+00	1.4144234393600026e+00	0.0000000000000000e+00	0.0000000000000000e+00	0.0000000000000000e+00	
1.4456180152008964e+00	-2.9746218768865636e-02	-3.7477905823856248e+00	-9.1627362324355932e-01	6.1459305276185172e-01	0.0000000000000000e+00	-1.7094566213177142e+05	-2.1537814524099745e+07	-3.4719710571894027e+07	-1.4904306460426136e-04	-7.2592857071953953e-02	0.0000000000000000e+00	7.1172456031790218e-02	5.1108686016853788e+00	1.4144234393600026e+00	0.0000000000000000e+00	0.0000000000000000e+00	0.0000000000000000e+00	
1.4465701904470523e+00	-2.8110188361214226e-02	-4.1588868205238869e+00	-9.4681320826011728e-01	6.0172413994629614e-01	0.0000000000000000e+00	-1.4271171037433474e+05	-2.1114118617189992e+07	-3.4757789362491228e+07	-1.0162669501641507e-04	-8.2787623623990947e-02	0.0000000000000000e+00	8.1896550044753200e-02	5.4889157001661069e+00	1.4144234393600026e+00	0.0000000000000000e+00	0.0000000000000000e+00	0.0000000000000000e+00	
1.4475223656932079e+00	-2.8110188361214226e-02	-4.1588868205238869e+00	-9.4681320826011728e-01	6.0172413994629614e-01	0.0000000000000000e+00	-1.4271171037433474e+05	-2.1114118617189992e+07	-3.4757789362491228e+07	-1.0162669501641507e-04	-8.2787623623990947e-02	0.0000000000000000e+00	8.1896550044753200e-02	5.4889157001661069e+00	1.4144234393600026e+00	0.0000000000000000e+00	0.0000000000000000e+00	0.0000000000000000e+00	
1.4484745409393638e+00	-2.5670574321853094e-02	-4.5743508272657625e+00	-9.7393057213298939e-01	5.8800405829063285e-01	0.0000000000000000e+00	-1.1593321180500617e+05	-2.0658641161617436e+07	-3.4793920501969419e+07	-3.8869676287610558e-05	-9.3699036602440736e-02	0.0000000000000000e+00	9.3329951424472618e-02	5.8651442344363538e+00	1.4144234393600026e+00	0.0000000000000000e+00	0.0000000000000000e+00	0.0000000000000000e+00	
1.4494267161855194e+00	-2.5670574321853094e-02	-4.5743508272657625e+00	-9.7393057213298939e-01	5.8800405829063285e-01	0.0000000000000000e+00	-1.1593321180500617e+05	-2.0658641161617436e+07	-3.4793920501969419e+07	-3.8869676287610558e-05	-9.3699036602440736e-02	0.0000000000000000e+00	9.3329951424472618e-02	5.8651442344363538e+00	1.4144234393600026e+00	0.0000000000000000e+00	0.0000000000000000e+00	0.0000000000000000e+00	
1.4503788914316753e+00	-2.2324119386327921e-02	-4.9948292260429152e+00	-9.9803892220452273e-01	5.7346463849039175e-01	0.0000000000000000e+00	-9.0125812236009268e+04	-2.0164873390390545e+07	-3.4814831561656378e+07	4.0866811212630155e-05	-1.0531975487860017e-01	0.0000000000000000e+00	1.0544613459134014e-01	6.2369054253974001e+00	1.4144234393600026e+00	0.0000000000000000e+00	0.0000000000000000e+00	0.0000000000000000e+00	
1.4513310666778310e+00	-2.2324119386327921e-02	-4.9948292260429152e+00	-9.9803892220452273e-01	5.7346463849039175e-01	0.0000000000000000e+00	-9.0125812236009268e+04	-2.0164873390390545e+07	-3.4814831561656378e+07	4.0866811212630155e-05	-1.0531975487860017e-01	0.0000000000000000e+00	1.0544613459134014e-01	6.2369054253974001e+00	1.4144234393600026e+00	0.0000000000000000e+00	0.0000000000000000e+00	0.0000000000000000e+00	
1.4522832419239868e+00	-1.8301683344706582e-02	-5.4158690343113403e+00	-1.0182652915830055e+00	5.5814577611891114e-01	0.0000000000000000e+00	-6.6377504357910293e+04	-1.9642557662917372e+07	-3.4834393895345122e+07	1.3765185734392852e-04	-1.1764108818105413e-01	0.0000000000000000e+00	1.1821185323424072e-01	6.6037088291002721e+00	1.4144234393600026e+00	0.0000000000000000e+00	0.0000000000000000e+00	0.0000000000000000e+00	
1.4532354171701425e+00	-1.8301683344706582e-02	-5.4158690343113403e+00	-1.0182652915830055e+00	5.5814577611891114e-01	0.0000000000000000e+00	-6.6377504357910293e+04	-1.9642557662917372e+07	-3.4834393895345122e+07	1.3765185734392852e-04	-1.1764108818105413e-01	0.0000000000000000e+00	1.1821185323424072e-01	6.6037088291002721e+00	1.4144234393600026e+00	0.0000000000000000e+00	0.0000000000000000e+00	0.0000000000000000e+00	
1.4541875924162984e+00	-1.3519683192253709e-02	-5.8383948674941131e+00	-1.0351773608199368e+00	5.4203593723028698e-01	0.0000000000000000e+00	-4.4190257711179336e+04	-1.9083300262685966e+07	-3.4837821867879935e+07	2.5238272807671485e-04	-1.3064949129362013e-01	0.0000000000000000e+00	1.3163671897476081e-01	6.9629604493313435e+00	1.4144234393600026e+00	0.0000000000000000e+00	0.0000000000000000e+00	0.0000000000000000e+00	
1.4551397676624540e+00	-1.3519683192253709e-02	-5.8383948674941131e+00	-1.0351773608199368e+00	5.4203593723028698e-01	0.0000000000000000e+00	-4.4190257711179336e+04	-1.9083300262685966e+07	-3.4837821867879935e+07	2.5238272807671485e-04	-1.3064949129362013e-01	0.0000000000000000e+00	1.3163671897476081e-01	6.9629604493313435e+00	1.4144234393600026e+00	0.0000000000000000e+00	0.0000000000000000e+00	0.0000000000000000e+00	
1.4560919429086099e+00	-8.2654938203875969e-03	-6.2581144081282716e+00	-1.0480399550878181e+00	5.2515215170919693e-01	0.0000000000000000e+00	-2.4428815210243018e+04	-1.8495969359217435e+07	-3.4839399271270201e+07	3.8464824184533615e-04	-1.4433127287770722e-01	0.0000000000000000e+00	1.4570654024233581e-01	7.3147152129611737e+00	1.4144234393600026e+00	0.0000000000000000e+00	0.0000000000000000e+00	0.0000000000000000e+00	
1.4570441181547655e+00	-8.2654938203875969e-03	-6.2581144081282716e+00	-1.0480399550878181e+00	5.2515215170919693e-01	0.0000000000000000e+00	-2.4428815210243018e+04	-1.8495969359217435e+07	-3.4839399271270201e+07	3.8464824184533615e-04	-1.4433127287770722e-01	0.0000000000000000e+00	1.4570654024233581e-01	7.3147152129611737e+00	1.4144234393600026e+00	0.0000000000000000e+00	0.0000000000000000e+00	0.0000000000000000e+00	
1.4579962934009214e+00	-2.4644868127796371e-03	-6.6750664304166323e+00	-1.0575747749173492e+00	5.0754490946771158e-01	0.0000000000000000e+00	-6.5993530112756098e+03	-1.7874358069018312e+07	-3.4823242155695513e+07	5.3447587111379847e-04	-1.5866732927261068e-01	0.0000000000000000e+00	1.6037924211024032e-01	7.6557985023198594e+00	1.4144234393600026e+00	0.0000000000000000e+00	0.0000000000000000e+00	0.0000000000000000e+00	
1.4589484686470771e+00	-2.4644868127796371e-03	-6.6750664304166323e+00	-1.0575747749173492e+00	5.0754490946771158e-01	0.0000000000000000e+00	-6.5993530112756098e+03	-1.7874358069018312e+07	-3.4823242155695513e+07	5.3447587111379847e-04	-1.5866732927261068e-01	0.0000000000000000e+00	1.6037924211024032e-01	7.6557985023198594e+00	1.4144234393600026e+00	0.0000000000000000e+00	0.0000000000000000e+00	0.0000000000000000e+00	
1.4599006438932329e+00	3.5761504471088219e-03	-7.0846370486709604e+00	-1.0630945909043106e+00	4.8923646901489581e-01	0.0000000000000000e+00	8.6963223536307687e+03	-1.7228102800749645e+07	-3.4805469489797592e+07	7.0110877829124459e-04	-1.7363818200345338e-01	0.0000000000000000e+00	1.7563627582092015e-01	7.9863386033334871e+00	1.4144234393600026e+00	0.0000000000000000e+00	0.0000000000000000e+00	0.0000000000000000e+00	
1.4608528191393886e+00	3.5761504471088219e-03	-7.0846370486709604e+00	-1.0630945909043106e+00	4.8923646901489581e-01	0.0000000000000000e+00	8.6963223536307687e+03	-1.7228102800749645e+07	-3.4805469489797592e+07	7.0110877829124459e-04	-1.7363818200345338e-01	0.0000000000000000e+00	1.7563627582092015e-01	7.9863386033334871e+00	1.4144234393600026e+00	0.0000000000000000e+00	0.0000000000000000e+00	0.0000000000000000e+00	
1.4618049943855445e+00	9.9275620786092901e-03	-7.4871605929719482e+00	-1.0653647339297043e+00	4.7025236396934655e-01	0.0000000000000000e+00	2.1945490150373953e+04	-1.6550831689220937e+07	-3.4770364789777562e+07	8.8371347805083107e-04	-1.8921999976657347e-01	0.0000000000000000e+00	1.9145636335887786e-01	8.3038741991844685e+00	1.4144234393600026e+00	0.0000000000000000e+00	0.0000000000000000e+00	0.0000000000000000e+00	
1.4627571696317001e+00	9.9275620786092901e-03	-7.4871605929719482e+00	-1.0653647339297043e+00	4.7025236396934655e-01	0.0000000000000000e+00	2.1945490150373953e+04	-1.6550831689220937e+07	-3.4770364789777562e+07	8.8371347805083107e-04	-1.8921999976657347e-01	0.0000000000000000e+00	1.9145636335887786e-01	8.3038741991844685e+00	1.4144234393600026e+00	0.0000000000000000e+00	0.0000000000000000e+00	0.0000000000000000e+00	
1.4637093448778560e+00	1.6252987743941408e-02	-7.8787037823245489e+00	-1.0636863377756856e+00	4.5062756562809186e-01	0.0000000000000000e+00	3.2700918718780467e+04	-1.5851907111122426e+07	-3.4733651543605372e+07	1.0812255452786017e-03	-2.0538886767224149e-01	0.0000000000000000e+00	2.0781036197659009e-01	8.6085696139327386e+00	1.4144234393600026e+00	0.0000000000000000e+00	0.0000000000000000e+00	0.0000000000000000e+00	
1.4646615201240116e+00	1.6252987743941408e-02	-7.8787037823245489e+00	-1.0636863377756856e+00	4.5062756562809186e-01	0.0000000000000000e+00	3.2700918718780467e+04	-1.5851907111122426e+07	-3.4733651543605372e+07	1.0812255452786017e-03	-2.0538886767224149e-01	0.0000000000000000e+00	2.0781036197659009e-01	8.6085696139327386e+00	1.4144234393600026e+00	0.0000000000000000e+00	0.0000000000000000e+00	0.0000000000000000e+00	
1.4656136953701675e+00	2.2639103623271831e-02	-8.2597433048494100e+00	-1.0588354527810846e+00	4.3039247995746444e-01	0.0000000000000000e+00	4.1458196087572112e+04	-1.5125778090148410e+07	-3.4679590377216578e+07	1.2919843217692600e-03	-2.2211731231197593e-01	0.0000000000000000e+00	2.2467293336877961e-01	8.8984470876100126e+00	1.4144234393600026e+00	0.0000000000000000e+00	0.0000000000000000e+00	0.0000000000000000e+00	
1.4665658706163232e+00	2.2639103623271831e-02	-8.2597433048494100e+00	-1.0588354527810846e+00	4.3039247995746444e-01	0.0000000000000000e+00	4.1458196087572112e+04	-1.5125778090148410e+07	-3.4679590377216578e+07	1.2919843217692600e-03	-2.2211731231197593e-01	0.0000000000000000e+00	2.2467293336877961e-01	8.8984470876100126e+00	1.4144234393600026e+00	0.0000000000000000e+00	0.0000000000000000e+00	0.0000000000000000e+00	
1.4675180458624790e+00	2.8772299321682560e-02	-8.6269134299553762e+00	-1.0501787632216668e+00	4.0957437656071488e-01	0.0000000000000000e+00	4.7963264734260425e+04	-1.4381017243509902e+07	-3.4623985380634889e+07	1.5147209610862030e-03	-2.3937860878972972e-01	0.0000000000000000e+00	2.4202135286607090e-01	9.1741222821907726e+00	1.4144234393600026e+00	0.0000000000000000e+00	0.0000000000000000e+00	0.0000000000000000e+00	
1.4684702211086347e+00	2.8772299321682560e-02	-8.6269134299553762e+00	-1.0501787632216668e+00	4.0957437656071488e-01	0.0000000000000000e+00	4.7963264734260425e+04	-1.4381017243509902e+07	-3.4623985380634889e+07	1.5147209610862030e-03	-2.3937860878972972e-01	0.0000000000000000e+00	2.4202135286607090e-01	9.1741222821907726e+00	1.4144234393600026e+00	0.0000000000000000e+00	0.0000000000000000e+00	0.0000000000000000e+00	
1.4694223963547905e+00	3.4779016434547436e-02	-8.9773570896896118e+00	-1.0388043593207577e+00	3.8821400804558787e-01	0.0000000000000000e+00	5.2734797893930503e+04	-1.3612205297335003e+07	-3.4548746743933082e+07	1.7471369410084236e-03	-2.5713769945698717e-01	0.0000000000000000e+00	2.5982165996201007e-01	9.4311404456078272e+00	1.4144234393600026e+00	0.0000000000000000e+00	0.0000000000000000e+00	0.0000000000000000e+00	
1.4703745716009462e+00	3.4779016434547436e-02	-8.9773570896896118e+00	-1.0388043593207577e+00	3.8821400804558787e-01	0.0000000000000000e+00	5.2734797893930503e+04	-1.3612205297335003e+07	-3.4548746743933082e+07	1.7471369410084236e-03	-2.5713769945698717e-01	0.0000000000000000e+00	2.5982165996201007e-01	9.4311404456078272e+00	1.4144234393600026e+00	0.0000000000000000e+00	0.0000000000000000e+00	0.0000000000000000e+00	
1.4713267468471021e+00	4.0375143598411697e-02	-9.3086377105966349e+00	-1.0241937299698118e+00	3.6634847027124223e-01	0.0000000000000000e+00	5.5637626496627738e+04	-1.2827459223080151e+07	-3.4468766510914214e+07	1.9879212048477097e-03	-2.7536177287227193e-01	0.0000000000000000e+00	2.7804294144063146e-01	9.6708647310492371e+00	1.4144234393600026e+00	0.0000000000000000e+00	0.0000000000000000e+00	0.0000000000000000e+00	
1.4722789220932577e+00	4.0375143598411697e-02	-9.3086377105966349e+00	-1.0241937299698118e+00	3.6634847027124223e-01	0.0000000000000000e+00	5.5637626496627738e+04	-1.2827459223080151e+07	-3.4468766510914214e+07	1.9879212048477097e-03	-2.7536177287227193e-01	0.0000000000000000e+00	2.7804294144063146e-01	9.6708647310492371e+00	1.4144234393600026e+00	0.0000000000000000e+00	0.0000000000000000e+00	0.0000000000000000e+00	
1.4732310973394136e+00	4.5678290854998915e-02	-9.6218906170587175e+00	-1.0071352025679905e+00	3.4400854171104339e-01	0.0000000000000000e+00	5.7078804828112690e+04	-1.2023348648310350e+07	-3.4369739991637185e+07	2.2343364079194972e-03	-2.9401705497400354e-01	0.0000000000000000e+00	2.9665954857413046e-01	9.8926987926864385e+00	1.4144234393600026e+00	0.0000000000000000e+00	0.0000000000000000e+00	0.0000000000000000e+00	
1.4741832725855692e+00	4.5678290854998915e-02	-9.6218906170587175e+00	-1.0071352025679905e+00	3.4400854171104339e-01	0.0000000000000000e+00	5.7078804828112690e+04	-1.2023348648310350e+07	-3.4369739991637185e+07	2.2343364079194972e-03	-2.9401705497400354e-01	0.0000000000000000e+00	2.9665954857413046e-01	9.8926987926864385e+00	1.4144234393600026e+00	0.0000000000000000e+00	0.0000000000000000e+00	0.0000000000000000e+00	
1.4751354478317251e+00	5.0420063109243220e-02	-9.9151382686857232e+00	-9.8711714992613053e-01	3.2120423521791097e-01	0.0000000000000000e+00	5.6983488860840815e+04	-1.1205840220057020e+07	-3.4264757115449525e+07	2.4850875036377495e-03	-3.1307150519533605e-01	0.0000000000000000e+00	3.1566313731840751e-01	1.0097780844233307e+01	1.4144234393600026e+00	0.0000000000000000e+00	0.0000000000000000e+00	0.0000000000000000e+00	
1.4760876230778808e+00	5.0420063109243220e-02	-9.9151382686857232e+00	-9.8711714992613053e-01	3.2120423521791097e-01	0.0000000000000000e+00	5.6983488860840815e+04	-1.1205840220057020e+07	-3.4264757115449525e+07	2.4850875036377495e-03	-3.1307150519533605e-01	0.0000000000000000e+00	3.1566313731840751e-01	1.0097780844233307e+01	1.4144234393600026e+00	0.0000000000000000e+00	0.0000000000000000e+00	0.0000000000000000e+00	
1.4770397983240366e+00	5.4694538379561015e-02	-1.0189840519798452e+01	-9.6503412961853008e-01	2.9797737675431307e-01	0.0000000000000000e+00	5.5676259881162223e+04	-1.0372739687294714e+07	-3.4139803564094700e+07	2.7371435859132208e-03	-3.3249308026480895e-01	0.0000000000000000e+00	3.3501885270473908e-01	1.0285905433274683e+01	1.4144234393600026e+00	0.0000000000000000e+00	0.0000000000000000e+00	0.0000000000000000e+00	
1.4779919735701923e+00	5.4694538379561015e-02	-1.0189840519798452e+01	-9.6503412961853008e-01	2.9797737675431307e-01	0.0000000000000000e+00	5.5676259881162223e+04	-1.0372739687294714e+07	-3.4139803564094700e+07	2.7371435859132208e-03	-3.3249308026480895e-01	0.0000000000000000e+00	3.3501885270473908e-01	1.0285905433274683e+01	1.4144234393600026e+00	0.0000000000000000e+00	0.0000000000000000e+00	0.0000000000000000e+00	
1.4789441488163482e+00	5.8230466842042923e-02	-1.0443928217065318e+01	-9.4038197666845802e-01	2.7437049075136405e-01	0.0000000000000000e+00	5.3138384113686843e+04	-9.5306374712683093e+06	-3.4007977978873901e+07	2.9892766842660660e-03	-3.5225111249961483e-01	0.0000000000000000e+00	3.5469125770719662e-01	1.0457912646859473e+01	1.4144234393600026e+00	0.0000000000000000e+00	0.0000000000000000e+00	0.0000000000000000e+00	
1.4798963240625038e+00	5.8230466842042923e-02	-1.0443928217065318e+01	-9.4038197666845802e-01	2.7437049075136405e-01	0.0000000000000000e+00	5.3138384113686843e+04	-9.5306374712683093e+06	-3.4007977978873901e+07	2.9892766842660660e-03	-3.5225111249961483e-01	0.0000000000000000e+00	3.5469125770719662e-01	1.0457912646859473e+01	1.4144234393600026e+00	0.0000000000000000e+00	0.0000000000000000e+00	0.0000000000000000e+00	
1.4808484993086597e+00	6.1187542644322877e-02	-1.0679540336029278e+01	-9.1430300548184229e-01	2.5041823122034246e-01	0.0000000000000000e+00	4.9717235714328046e+04	-8.6775379637888875e+06	-3.3854086208901465e+07	3.2383126016764887e-03	-3.7231593095252663e-01	0.0000000000000000e+00	3.7465147398304793e-01	1.0614223638204630e+01	1.4144234393600026e+00	0.0000000000000000e+00	0.0000000000000000e+00	0.0000000000000000e+00	
1.4818006745548153e+00	6.1187542644322877e-02	-1.0679540336029278e+01	-9.1430300548184229e-01	2.5041823122034246e-01	0.0000000000000000e+00	4.9717235714328046e+04	-8.6775379637888875e+06	-3.3854086208901465e+07	3.2383126016764887e-03	-3.7231593095252663e-01	0.0000000000000000e+00	3.7465147398304793e-01	1.0614223638204630e+01	1.4144234393600026e+00	0.0000000000000000e+00	0.0000000000000000e+00	0.0000000000000000e+00	
1.4827528498009712e+00	6.3275360649431053e-02	-1.0895040217148772e+01	-8.8628313408323522e-01	2.2615387245807428e-01	0.0000000000000000e+00	4.5412365134539068e+04	-7.8193081701717731e+06	-3.3691397619820990e+07	3.4831472627760772e-03	-3.9265847030701884e-01	0.0000000000000000e+00	3.9487177295160475e-01	1.0755264789555142e+01	1.4144234393600026e+00	0.0000000000000000e+00	0.0000000000000000e+00	0.0000000000000000e+00	
1.4837050250471269e+00	6.3275360649431053e-02	-1.0895040217148772e+01	-8.8628313408323522e-01	2.2615387245807428e-01	0.0000000000000000e+00	4.5412365134539068e+04	-7.8193081701717731e+06	-3.3691397619820990e+07	3.4831472627760772e-03	-3.9265847030701884e-01	0.0000000000000000e+00	3.9487177295160475e-01	1.0755264789555142e+01	1.4144234393600026e+00	0.0000000000000000e+00	0.0000000000000000e+00	0.0000000000000000e+00	
1.4846572002932827e+00	6.4739387089228481e-02	-1.1092133910282499e+01	-8.5725559969675191e-01	2.0163532619832736e-01	0.0000000000000000e+00	4.0601093474900430e+04	-6.9563952637797818e+06	-3.3508581430498492e+07	3.7207659798393984e-03	-4.1325058998203529e-01	0.0000000000000000e+00	4.1530389483472718e-01	1.0881407759262405e+01	1.4144234393600026e+00	0.0000000000000000e+00	0.0000000000000000e+00	0.0000000000000000e+00	
1.4856093755394384e+00	6.4739387089228481e-02	-1.1092133910282499e+01	-8.5725559969675191e-01	2.0163532619832736e-01	0.0000000000000000e+00	4.0601093474900430e+04	-6.9563952637797818e+06	-3.3508581430498492e+07	3.7207659798393984e-03	-4.1325058998203529e-01	0.0000000000000000e+00	4.1530389483472718e-01	1.0881407759262405e+01	1.4144234393600026e+00	0.0000000000000000e+00	0.0000000000000000e+00	0.0000000000000000e+00	
1.4865615507855943e+00	6.5263505059489774e-02	-1.1268986839303931e+01	-8.2671059018492177e-01	1.7695783674808488e-01	0.0000000000000000e+00	3.5302987752428817e+04	-6.0957330441820379e+06	-3.3317740423337743e+07	3.9504418667875452e-03	-4.3406374444701279e-01	5.4568501114996952e+03	4.3586846937659590e-01	1.0992414611164635e+01	1.4144234393600026e+00	0.0000000000000000e+00	0.0000000000000000e+00	0.0000000000000000e+00	
1.4875137260317499e+00	6.5263505059489774e-02	-1.1268986839303931e+01	-8.2671059018492177e-01	1.7695783674808488e-01	0.0000000000000000e+00	3.5302987752428817e+04	-6.0957330441820379e+06	-3.3317740423337743e+07	3.9504418667875452e-03	-4.3406374444701279e-01	5.4568501114996952e+03	4.3586846937659590e-01	1.0992414611164635e+01	1.4144234393600026e+00	0.0000000000000000e+00	0.0000000000000000e+00	0.0000000000000000e+00	
1.4884659012779058e+00	6.5221106972830248e-02	-1.1427439205068319e+01	-7.9550003488827525e-01	1.5216210939448024e-01	0.0000000000000000e+00	2.9895102855989699e+04	-5.2379434553055950e+06	-3.3109614387564152e+07	4.1696020246201988e-03	-4.5507031992559921e-01	5.4568501114996952e+03	4.5653157550459977e-01	1.1088919658701831e+01	1.4144234393600026e+00	0.0000000000000000e+00	0.0000000000000000e+00	0.0000000000000000e+00	
1.4894180765240614e+00	6.5221106972830248e-02	-1.1427439205068319e+01	-7.9550003488827525e-01	1.5216210939448024e-01	0.0000000000000000e+00	2.9895102855989699e+04	-5.2379434553055950e+06	-3.3109614387564152e+07	4.1696020246201988e-03	-4.5507031992559921e-01	5.4568501114996952e+03	4.5653157550459977e-01	1.1088919658701831e+01	1.4144234393600026e+00	0.0000000000000000e+00	0.0000000000000000e+00	0.0000000000000000e+00	
1.4903702517702173e+00	6.4295389223838928e-02	-1.1566699585154527e+01	-7.6309349502936064e-01	1.2727933055315194e-01	0.0000000000000000e+00	2.4385651844405689e+04	-4.3869632407146133e+06	-3.2896394079141691e+07	4.3781274383340053e-03	-4.7624324003057622e-01	5.4568501114996952e+03	4.7726722453904002e-01	1.1171306333960297e+01	1.4144234393600026e+00	0.0000000000000000e+00	0.0000000000000000e+00	0.0000000000000000e+00	
1.4913224270163730e+00	6.4295389223838928e-02	-1.1566699585154527e+01	-7.6309349502936064e-01	1.2727933055315194e-01	0.0000000000000000e+00	2.4385651844405689e+04	-4.3869632407146133e+06	-3.2896394079141691e+07	4.3781274383340053e-03	-4.7624324003057622e-01	5.4568501114996952e+03	4.7726722453904002e-01	1.1171306333960297e+01	1.4144234393600026e+00	0.0000000000000000e+00	0.0000000000000000e+00	0.0000000000000000e+00	
1.4922746022625288e+00	6.2871648807316535e-02	-1.1688803131366063e+01	-7.3028271988435012e-01	1.0233707415325791e-01	0.0000000000000000e+00	1.9059149815854489e+04	-3.5433880656052753e+06	-3.2670851209164865e+07	4.5738659251903218e-03	-4.9755710746840692e-01	5.4568501114996952e+03	4.9805243820561840e-01	1.1240474795596658e+01	1.4144234393600026e+00	0.0000000000000000e+00	0.0000000000000000e+00	0.0000000000000000e+00	
1.4932267775086845e+00	6.2871648807316535e-02	-1.1688803131366063e+01	-7.3028271988435012e-01	1.0233707415325791e-01	0.0000000000000000e+00	1.9059149815854489e+04	-3.5433880656052753e+06	-3.2670851209164865e+07	4.5738659251903218e-03	-4.9755710746840692e-01	5.4568501114996952e+03	4.9805243820561840e-01	1.1240474795596658e+01	1.4144234393600026e+00	0.0000000000000000e+00	0.0000000000000000e+00	0.0000000000000000e+00	
1.4941789527548404e+00	5.9783254214133087e-02	-1.1628423133687031e+01	-6.9662390129554774e-01	9.9999999999999978e-02	0.0000000000000000e+00	1.7708520434240680e+04	-3.4444790834463574e+06	-3.2445246040630065e+07	4.7563826211577198e-03	-5.1887935353313963e-01	5.4568501114996952e+03	5.1880740880011211e-01	1.1240474795596658e+01	1.4144234393600026e+00	1.4932910783656212e+00	0.0000000000000000e+00	0.0000000000000000e+00	
1.4951311280009960e+00	5.9783254214133087e-02	-1.1628423133687031e+01	-6.9662390129554774e-01	9.9999999999999978e-02	0.0000000000000000e+00	1.7708520434240680e+04	-3.4444790834463574e+06	-3.2445246040630065e+07	4.7563826211577198e-03	-5.1887935353313963e-01	5.4568501114996952e+03	5.1880740880011211e-01	1.1240474795596658e+01	1.4144234393600026e+00	1.4932910783656212e+00	0.0000000000000000e+00	0.0000000000000000e+00	
1.4960833032471519e+00	5.6305554711193709e-02	-1.1537931879713582e+01	-6.6283994115653322e-01	9.9999999999999978e-02	0.0000000000000000e+00	1.6696434652494037e+04	-3.4213733732436914e+06	-3.2214141126252130e+07	4.9224020999866693e-03	-5.3996455742849470e-01	5.4568501114996952e+03	5.3939904825332141e-01	1.1240474795596658e+01	1.4144234393600026e+00	1.4932910783656212e+00	0.0000000000000000e+00	0.0000000000000000e+00	
1.4970354784933075e+00	5.6305554711193709e-02	-1.1537931879713582e+01	-6.6283994115653322e-01	9.9999999999999978e-02	0.0000000000000000e+00	1.6696434652494037e+04	-3.4213733732436914e+06	-3.2214141126252130e+07	4.9224020999866693e-03	-5.3996455742849470e-01	5.4568501114996952e+03	5.3939904825332141e-01	1.1240474795596658e+01	1.4144234393600026e+00	1.4932910783656212e+00	0.0000000000000000e+00	0.0000000000000000e+00	
1.4979876537394634e+00	5.2302944467162417e-02	-1.1434338672919830e+01	-6.2870532153964631e-01	9.9999999999999978e-02	0.0000000000000000e+00	1.5548138725985240e+04	-3.3990951319791395e+06	-3.1991306919361133e+07	5.0734999666978350e-03	-5.6079096219644009e-01	5.4568501114996952e+03	5.5981306770466088e-01	1.1240474795596658e+01	1.4144234393600026e+00	1.4932910783656212e+00	0.0000000000000000e+00	0.0000000000000000e+00	
1.4989398289856191e+00	5.2302944467162417e-02	-1.1434338672919830e+01	-6.2870532153964631e-01	9.9999999999999978e-02	0.0000000000000000e+00	1.5548138725985240e+04	-3.3990951319791395e+06	-3.1991306919361133e+07	5.0734999666978350e-03	-5.6079096219644009e-01	5.4568501114996952e+03	5.5981306770466088e-01	1.1240474795596658e+01	1.4144234393600026e+00	1.4932910783656212e+00	0.0000000000000000e+00	0.0000000000000000e+00	
1.4998920042317749e+00	4.8161594314865365e-02	-1.1320100888604019e+01	-5.9491181497548784e-01	9.9999999999999978e-02	0.0000000000000000e+00	1.4369092404086246e+04	-3.3773710776381195e+06	-3.1774016442944691e+07	5.2090726884638384e-03	-5.8134432990258456e-01	5.4568501114996952e+03	5.8002741293803617e-01	1.1240474795596658e+01	1.4144234393600026e+00	1.4932910783656212e+00	0.0000000000000000e+00	0.0000000000000000e+00	
1.5008441794779306e+00	4.8161594314865365e-02	-1.1320100888604019e+01	-5.9491181497548784e-01	9.9999999999999978e-02	0.0000000000000000e+00	1.4369092404086246e+04	-3.3773710776381195e+06	-3.1774016442944691e+07	5.2090726884638384e-03	-5.8134432990258456e-01	5.4568501114996952e+03	5.8002741293803617e-01	1.1240474795596658e+01	1.4144234393600026e+00	1.4932910783656212e+00	0.0000000000000000e+00	0.0000000000000000e+00	
1.5017963547240865e+00	4.3724551462546689e-02	-1.1195582743326288e+01	-5.6094918285323958e-01	9.9999999999999978e-02	0.0000000000000000e+00	1.3110235649067639e+04	-3.3568492548037767e+06	-3.1568748558377061e+07	5.3312927963169842e-03	-6.0161082201923710e-01	5.4568501114996952e+03	6.0000264115759605e-01	1.1240474795596658e+01	1.4144234393600026e+00	1.4932910783656212e+00	0.0000000000000000e+00	0.0000000000000000e+00	
1.5027485299702421e+00	4.3724551462546689e-02	-1.1195582743326288e+01	-5.6094918285323958e-01	9.9999999999999978e-02	0.0000000000000000e+00	1.3110235649067639e+04	-3.3568492548037767e+06	-3.1568748558377061e+07	5.3312927963169842e-03	-6.0161082201923710e-01	5.4568501114996952e+03	6.0000264115759605e-01	1.1240474795596658e+01	1.4144234393600026e+00	1.4932910783656212e+00	0.0000000000000000e+00	0.0000000000000000e+00	
1.5037007052163980e+00	3.9220101087718687e-02	-1.1062779288447473e+01	-5.2734446156220760e-01	9.9999999999999978e-02	0.0000000000000000e+00	1.1830404776221827e+04	-3.3369918307871372e+06	-3.1370128014763772e+07	5.4399634854548577e-03	-6.2158035798184519e-01	5.4568501114996952e+03	6.1972661295848108e-01	1.1240474795596658e+01	1.4144234393600026e+00	1.4932910783656212e+00	0.0000000000000000e+00	0.0000000000000000e+00	
1.5046528804625536e+00	3.9220101087718687e-02	-1.1062779288447473e+01	-5.2734446156220760e-01	9.9999999999999978e-02	0.0000000000000000e+00	1.1830404776221827e+04	-3.3369918307871372e+06	-3.1370128014763772e+07	5.4399634854548577e-03	-6.2158035798184519e-01	5.4568501114996952e+03	6.1972661295848108e-01	1.1240474795596658e+01	1.4144234393600026e+00	1.4932910783656212e+00	0.0000000000000000e+00	0.0000000000000000e+00	
1.5056050557087095e+00	3.4615024008692617e-02	-1.0922254281729442e+01	-4.9373597638300998e-01	9.9999999999999978e-02	0.0000000000000000e+00	1.0516296951828735e+04	-3.3182605732484180e+06	-3.1182772374345832e+07	5.5377765148601670e-03	-6.4124297011038678e-01	5.4568501114996952e+03	6.3918879015925456e-01	1.1240474795596658e+01	1.4144234393600026e+00	1.4932910783656212e+00	0.0000000000000000e+00	0.0000000000000000e+00	
1.5065572309548652e+00	3.4615024008692617e-02	-1.0922254281729442e+01	-4.9373597638300998e-01	9.9999999999999978e-02	0.0000000000000000e+00	1.0516296951828735e+04	-3.3182605732484180e+06	-3.1182772374345832e+07	5.5377765148601670e-03	-6.4124297011038678e-01	5.4568501114996952e+03	6.3918879015925456e-01	1.1240474795596658e+01	1.4144234393600026e+00	1.4932910783656212e+00	0.0000000000000000e+00	0.0000000000000000e+00	
1.5075094062010210e+00	3.0045424460400361e-02	-1.0775632596428499e+01	-4.6041061390970195e-01	9.9999999999999978e-02	0.0000000000000000e+00	9.2026250561231009e+03	-3.3004728110327758e+06	-3.1004856407314479e+07	5.6247241838649834e-03	-6.6059325572201544e-01	5.4568501114996952e+03	6.5838326296052341e-01	1.1240474795596658e+01	1.4144234393600026e+00	1.4932910783656212e+00	0.0000000000000000e+00	0.0000000000000000e+00	
1.5084615814471767e+00	3.0045424460400361e-02	-1.0775632596428499e+01	-4.6041061390970195e-01	9.9999999999999978e-02	0.0000000000000000e+00	9.2026250561231009e+03	-3.3004728110327758e+06	-3.1004856407314479e+07	5.6247241838649834e-03	-6.6059325572201544e-01	5.4568501114996952e+03	6.5838326296052341e-01	1.1240474795596658e+01	1.4144234393600026e+00	1.4932910783656212e+00	0.0000000000000000e+00	0.0000000000000000e+00	
1.5094137566933326e+00	2.5607782236804762e-02	-1.0623147904377586e+01	-4.2700694623208119e-01	9.9999999999999978e-02	0.0000000000000000e+00	7.9163765821399656e+03	-3.2840344595705885e+06	-3.0840440010245390e+07	5.7037687254203997e-03	-6.7962420311507654e-01	5.4568501114996952e+03	6.7730130413508338e-01	1.1240474795596658e+01	1.4144234393600026e+00	1.4932910783656212e+00	0.0000000000000000e+00	0.0000000000000000e+00	
1.5103659319394882e+00	2.5607782236804762e-02	-1.0623147904377586e+01	-4.2700694623208119e-01	9.9999999999999978e-02	0.0000000000000000e+00	7.9163765821399656e+03	-3.2840344595705885e+06	-3.0840440010245390e+07	5.7037687254203997e-03	-6.7962420311507654e-01	5.4568501114996952e+03	6.7730130413508338e-01	1.1240474795596658e+01	1.4144234393600026e+00	1.4932910783656212e+00	0.0000000000000000e+00	0.0000000000000000e+00	
1.5113181071856441e+00	2.1284080474403739e-02	-1.0466128822802359e+01	-3.9375496014295541e-01	9.9999999999999978e-02	0.0000000000000000e+00	6.6475020775395787e+03	-3.2688099059329201e+06	-3.0688166651571337e+07	5.7748341552542604e-03	-6.9833371439116854e-01	5.4568501114996952e+03	6.9593759126602028e-01	1.1240474795596658e+01	1.4144234393600026e+00	1.4932910783656212e+00	0.0000000000000000e+00	0.0000000000000000e+00	
1.5122702824317997e+00	2.1284080474403739e-02	-1.0466128822802359e+01	-3.9375496014295541e-01	9.9999999999999978e-02	0.0000000000000000e+00	6.6475020775395787e+03	-3.2688099059329201e+06	-3.0688166651571337e+07	5.7748341552542604e-03	-6.9833371439116854e-01	5.4568501114996952e+03	6.9593759126602028e-01	1.1240474795596658e+01	1.4144234393600026e+00	1.4932910783656212e+00	0.0000000000000000e+00	0.0000000000000000e+00	
1.5132224576779556e+00	1.7285647325564750e-02	-1.0304799238514798e+01	-3.6040887259561938e-01	9.9999999999999978e-02	0.0000000000000000e+00	5.4601219745005637e+03	-3.2550392649654485e+06	-3.0550438444664236e+07	5.8409498676940457e-03	-7.1671717437589100e-01	5.4568501114996952e+03	7.1428529808772878e-01	1.1240474795596658e+01	1.4144234393600026e+00	1.4932910783656212e+00	0.0000000000000000e+00	0.0000000000000000e+00	
1.5141746329241113e+00	1.7285647325564750e-02	-1.0304799238514798e+01	-3.6040887259561938e-01	9.9999999999999978e-02	0.0000000000000000e+00	5.4601219745005637e+03	-3.2550392649654485e+06	-3.0550438444664236e+07	5.8409498676940457e-03	-7.1671717437589100e-01	5.4568501114996952e+03	7.1428529808772878e-01	1.1240474795596658e+01	1.4144234393600026e+00	1.4932910783656212e+00	0.0000000000000000e+00	0.0000000000000000e+00	
1.5151268081702671e+00	1.3408282626764531e-02	-1.0140401679659265e+01	-3.2704919774420871e-01	9.9999999999999978e-02	0.0000000000000000e+00	4.2877533372077078e+03	-3.2427375192566980e+06	-3.0427403540252432e+07	5.9017779326973980e-03	-7.3477549118936480e-01	5.4568501114996952e+03	7.3233601582493846e-01	1.1240474795596658e+01	1.4144234393600026e+00	1.4932910783656212e+00	0.0000000000000000e+00	0.0000000000000000e+00	
1.5160789834164228e+00	1.3408282626764531e-02	-1.0140401679659265e+01	-3.2704919774420871e-01	9.9999999999999978e-02	0.0000000000000000e+00	4.2877533372077078e+03	-3.2427375192566980e+06	-3.0427403540252432e+07	5.9017779326973980e-03	-7.3477549118936480e-01	5.4568501114996952e+03	7.3233601582493846e-01	1.1240474795596658e+01	1.4144234393600026e+00	1.4932910783656212e+00	0.0000000000000000e+00	0.0000000000000000e+00	
1.5170311586625786e+00	1.0000453087720709e-02	-9.9730814017064020e+00	-2.9362002833384199e-01	9.9999999999999978e-02	0.0000000000000000e+00	3.2407461081927304e+03	-3.2318760415951721e+06	-3.0318776664150234e+07	5.9601479617777146e-03	-7.5250661218398884e-01	5.4568501114996952e+03	7.5008552328284261e-01	1.1240474795596658e+01	1.4144234393600026e+00	1.4932910783656212e+00	0.0000000000000000e+00	0.0000000000000000e+00	
1.5179833339087343e+00	1.0000453087720709e-02	-9.9730814017064020e+00	-2.9362002833384199e-01	9.9999999999999978e-02	0.0000000000000000e+00	3.2407461081927304e+03	-3.2318760415951721e+06	-3.0318776664150234e+07	5.9601479617777146e-03	-7.5250661218398884e-01	5.4568501114996952e+03	7.5008552328284261e-01	1.1240474795596658e+01	1.4144234393600026e+00	1.4932910783656212e+00	0.0000000000000000e+00	0.0000000000000000e+00	
1.5189355091548902e+00	6.5925293777894019e-03	-9.8039467482039502e+00	-2.6013259361754232e-01	9.9999999999999978e-02	0.0000000000000000e+00	2.1669418586186630e+03	-3.2225237645457368e+06	-3.0225244931107987e+07	6.0153079421054832e-03	-7.6991358637782159e-01	5.4568501114996952e+03	7.6753641054659183e-01	1.1240474795596658e+01	1.4144234393600026e+00	1.4932910783656212e+00	0.0000000000000000e+00	0.0000000000000000e+00	
1.5198876844010458e+00	6.5925293777894019e-03	-9.8039467482039502e+00	-2.6013259361754232e-01	9.9999999999999978e-02	0.0000000000000000e+00	2.1669418586186630e+03	-3.2225237645457368e+06	-3.0225244931107987e+07	6.0153079421054832e-03	-7.6991358637782159e-01	5.4568501114996952e+03	7.6753641054659183e-01	1.1240474795596658e+01	1.4144234393600026e+00	1.4932910783656212e+00	0.0000000000000000e+00	0.0000000000000000e+00	
1.5208398596472017e+00	3.6667291877576463e-03	-9.6332996896472061e+00	-2.2665856035151516e-01	9.9999999999999978e-02	0.0000000000000000e+00	1.2235098974280513e+03	-3.2144281488095690e+06	-3.0144283816622458e+07	6.0698265129631264e-03	-7.8699638812850625e-01	5.4568501114996952e+03	7.8468782569150342e-01	1.1240474795596658e+01	1.4144234393600026e+00	1.4932910783656212e+00	0.0000000000000000e+00	0.0000000000000000e+00	
1.5217920348933573e+00	3.6667291877576463e-03	-9.6332996896472061e+00	-2.2665856035151516e-01	9.9999999999999978e-02	0.0000000000000000e+00	1.2235098974280513e+03	-3.2144281488095690e+06	-3.0144283816622458e+07	6.0698265129631264e-03	-7.8699638812850625e-01	5.4568501114996952e+03	7.8468782569150342e-01	1.1240474795596658e+01	1.4144234393600026e+00	1.4932910783656212e+00	0.0000000000000000e+00	0.0000000000000000e+00	
1.5227442101395132e+00	5.9485276825845586e-04	-9.4620494043832615e+00	-1.9306502865171288e-01	9.9999999999999978e-02	0.0000000000000000e+00	2.0166655094544959e+02	-3.2078170769287776e+06	-3.0078170832678813e+07	6.1226564238345445e-03	-8.0375974268265493e-01	5.4568501114996952e+03	8.0154397634410057e-01	1.1240474795596658e+01	1.4144234393600026e+00	1.4932910783656212e+00	0.0000000000000000e+00	0.0000000000000000e+00	
1.5236963853856689e+00	5.9485276825845586e-04	-9.4620494043832615e+00	-1.9306502865171288e-01	9.9999999999999978e-02	0.0000000000000000e+00	2.0166655094544959e+02	-3.2078170769287776e+06	-3.0078170832678813e+07	6.1226564238345445e-03	-8.0375974268265493e-01	5.4568501114996952e+03	8.0154397634410057e-01	1.1240474795596658e+01	1.4144234393600026e+00	1.4932910783656212e+00	0.0000000000000000e+00	0.0000000000000000e+00	
1.5246485606318247e+00	-1.8823916172550138e-03	-9.2905557884460777e+00	-1.5957458626113591e-01	9.9999999999999978e-02	0.0000000000000000e+00	-6.4884488495160406e+02	-3.2023780526958555e+06	-3.0023781184282083e+07	6.1760380998098574e-03	-8.2020552333830621e-01	5.4568501114996952e+03	8.1810587115744138e-01	1.1240474795596658e+01	1.4144234393600026e+00	1.4932910783656212e+00	0.0000000000000000e+00	0.0000000000000000e+00	
1.5256007358779804e+00	-1.8823916172550138e-03	-9.2905557884460777e+00	-1.5957458626113591e-01	9.9999999999999978e-02	0.0000000000000000e+00	-6.4884488495160406e+02	-3.2023780526958555e+06	-3.0023781184282083e+07	6.1760380998098574e-03	-8.2020552333830621e-01	5.4568501114996952e+03	8.1810587115744138e-01	1.1240474795596658e+01	1.4144234393600026e+00	1.4932910783656212e+00	0.0000000000000000e+00	0.0000000000000000e+00	
1.5265529111241363e+00	-4.6570712132506156e-03	-9.1197728784567573e+00	-1.2604974853056733e-01	9.9999999999999978e-02	0.0000000000000000e+00	-1.6333335882703284e+03	-3.1984976560737789e+06	-2.9984980731099505e+07	6.2286401231293059e-03	-8.3634037818405571e-01	5.4568501114996952e+03	8.3437958690950076e-01	1.1240474795596658e+01	1.4144234393600026e+00	1.4932910783656212e+00	0.0000000000000000e+00	0.0000000000000000e+00	
1.5275050863702919e+00	-4.6570712132506156e-03	-9.1197728784567573e+00	-1.2604974853056733e-01	9.9999999999999978e-02	0.0000000000000000e+00	-1.6333335882703284e+03	-3.1984976560737789e+06	-2.9984980731099505e+07	6.2286401231293059e-03	-8.3634037818405571e-01	5.4568501114996952e+03	8.3437958690950076e-01	1.1240474795596658e+01	1.4144234393600026e+00	1.4932910783656212e+00	0.0000000000000000e+00	0.0000000000000000e+00	
1.5284572616164478e+00	-6.7414119914002407e-03	-8.9499378305991826e+00	-9.2785642270581073e-02	9.9999999999999978e-02	0.0000000000000000e+00	-2.4071435749090747e+03	-3.1957378324031588e+06	-2.9957387389761683e+07	6.2823952136155277e-03	-8.5216824888773446e-01	5.4568501114996952e+03	8.5036544690488669e-01	1.1240474795596658e+01	1.4144234393600026e+00	1.4932910783656212e+00	0.0000000000000000e+00	0.0000000000000000e+00	
1.5294094368626034e+00	-6.7414119914002407e-03	-8.9499378305991826e+00	-9.2785642270581073e-02	9.9999999999999978e-02	0.0000000000000000e+00	-2.4071435749090747e+03	-3.1957378324031588e+06	-2.9957387389761683e+07	6.2823952136155277e-03	-8.5216824888773446e-01	5.4568501114996952e+03	8.5036544690488669e-01	1.1240474795596658e+01	1.4144234393600026e+00	1.4932910783656212e+00	0.0000000000000000e+00	0.0000000000000000e+00	
1.5303616121087593e+00	-9.2594122274587132e-03	-8.7820979937540180e+00	-5.9596044518716418e-02	9.9999999999999978e-02	0.0000000000000000e+00	-3.3681445157252901e+03	-3.1945197456997801e+06	-2.9945215213022493e+07	6.3357475668807291e-03	-8.6769760724342770e-01	5.4568501114996952e+03	8.6603238373029789e-01	1.1240474795596658e+01	1.4144234393600026e+00	1.4932910783656212e+00	0.0000000000000000e+00	0.0000000000000000e+00	
1.5313137873549150e+00	-9.2594122274587132e-03	-8.7820979937540180e+00	-5.9596044518716418e-02	9.9999999999999978e-02	0.0000000000000000e+00	-3.3681445157252901e+03	-3.1945197456997801e+06	-2.9945215213022493e+07	6.3357475668807291e-03	-8.6769760724342770e-01	5.4568501114996952e+03	8.6603238373029789e-01	1.1240474795596658e+01	1.4144234393600026e+00	1.4932910783656212e+00	0.0000000000000000e+00	0.0000000000000000e+00	
1.5322659626010708e+00	-1.1019707410762157e-02	-8.6161259718611340e+00	-2.7014960386050221e-02	9.9999999999999978e-02	0.0000000000000000e+00	-4.0857627171971544e+03	-3.1945899242385384e+06	-2.9945925370073907e+07	6.3903511639744398e-03	-8.8293411314344850e-01	5.4568501114996952e+03	8.8137827520689793e-01	1.1240474795596658e+01	1.4144234393600026e+00	1.4932910783656212e+00	0.0000000000000000e+00	0.0000000000000000e+00	
1.5332181378472265e+00	-1.1019707410762157e-02	-8.6161259718611340e+00	-2.7014960386050221e-02	9.9999999999999978e-02	0.0000000000000000e+00	-4.0857627171971544e+03	-3.1945899242385384e+06	-2.9945925370073907e+07	6.3903511639744398e-03	-8.8293411314344850e-01	5.4568501114996952e+03	8.8137827520689793e-01	1.1240474795596658e+01	1.4144234393600026e+00	1.4932910783656212e+00	0.0000000000000000e+00	0.0000000000000000e+00	
1.5341703130933824e+00	-1.3327927215656775e-02	-8.4531634206702009e+00	5.0116048586446565e-03	9.9999999999999978e-02	0.0000000000000000e+00	-5.0401107911985027e+03	-3.1966621280920431e+06	-2.9966661014085829e+07	6.4445231101852149e-03	-8.9788746367215977e-01	5.4568501114996952e+03	8.9642512450256184e-01	1.1240474795596658e+01	1.4144234393600026e+00	1.4932910783656212e+00	0.0000000000000000e+00	0.0000000000000000e+00	
1.5351224883395380e+00	-1.3327927215656775e-02	-8.4531634206702009e+00	5.0116048586446565e-03	9.9999999999999978e-02	0.0000000000000000e+00	-5.0401107911985027e+03	-3.1966621280920431e+06	-2.9966661014085829e+07	6.4445231101852149e-03	-8.9788746367215977e-01	5.4568501114996952e+03	8.9642512450256184e-01	1.1240474795596658e+01	1.4144234393600026e+00	1.4932910783656212e+00	0.0000000000000000e+00	0.0000000000000000e+00	
1.5360746635856939e+00	-1.4862152693101857e-02	-8.2930829731910549e+00	3.6135184748034066e-02	9.9999999999999978e-02	0.0000000000000000e+00	-5.7349519974048326e+03	-3.2001038977211267e+06	-3.0001090365617748e+07	6.4997014794856986e-03	-9.1256511943067864e-01	5.4568501114996952e+03	9.1118076197089592e-01	1.1240474795596658e+01	1.4144234393600026e+00	1.4932910783656212e+00	0.0000000000000000e+00	0.0000000000000000e+00	
1.5370268388318495e+00	-1.4862152693101857e-02	-8.2930829731910549e+00	3.6135184748034066e-02	9.9999999999999978e-02	0.0000000000000000e+00	-5.7349519974048326e+03	-3.2001038977211267e+06	-3.0001090365617748e+07	6.4997014794856986e-03	-9.1256511943067864e-01	5.4568501114996952e+03	9.1118076197089592e-01	1.1240474795596658e+01	1.4144234393600026e+00	1.4932910783656212e+00	0.0000000000000000e+00	0.0000000000000000e+00	
1.5379790140780054e+00	-1.7036801409273647e-02	-8.1371129135939420e+00	6.6594275756018589e-02	9.9999999999999978e-02	0.0000000000000000e+00	-6.7111383920781982e+03	-3.2053722740082517e+06	-3.0053792996086009e+07	6.5542213050964245e-03	-9.2697793730287970e-01	5.4568501114996952e+03	9.2565626275465673e-01	1.1240474795596658e+01	1.4144234393600026e+00	1.4932910783656212e+00	0.0000000000000000e+00	0.0000000000000000e+00	
1.5389311893241611e+00	-1.7036801409273647e-02	-8.1371129135939420e+00	6.6594275756018589e-02	9.9999999999999978e-02	0.0000000000000000e+00	-6.7111383920781982e+03	-3.2053722740082517e+06	-3.0053792996086009e+07	6.5542213050964245e-03	-9.2697793730287970e-01	5.4568501114996952e+03	9.2565626275465673e-01	1.1240474795596658e+01	1.4144234393600026e+00	1.4932910783656212e+00	0.0000000000000000e+00	0.0000000000000000e+00	
1.5398833645703169e+00	-1.8450328225034351e-02	-7.9849382721789279e+00	9.6060643569906554e-02	9.9999999999999978e-02	0.0000000000000000e+00	-7.4213078952425012e+03	-3.2117957317373566e+06	-3.0118043057162028e+07	6.6093640650610498e-03	-9.4113465006095642e-01	5.4568501114996952e+03	9.3986564530012484e-01	1.1240474795596658e+01	1.4144234393600026e+00	1.4932910783656212e+00	0.0000000000000000e+00	0.0000000000000000e+00	
1.5408355398164726e+00	-1.8450328225034351e-02	-7.9849382721789279e+00	9.6060643569906554e-02	9.9999999999999978e-02	0.0000000000000000e+00	-7.4213078952425012e+03	-3.2117957317373566e+06	-3.0118043057162028e+07	6.6093640650610498e-03	-9.4113465006095642e-01	5.4568501114996952e+03	9.3986564530012484e-01	1.1240474795596658e+01	1.4144234393600026e+00	1.4932910783656212e+00	0.0000000000000000e+00	0.0000000000000000e+00	
1.5417877150626285e+00	-2.0539921033103186e-02	-7.8376774657760304e+00	1.2455695142526917e-01	9.9999999999999978e-02	0.0000000000000000e+00	-8.4375665945634282e+03	-3.2196290072194953e+06	-3.0196400632150158e+07	6.6635953057677128e-03	-9.5504659261015123e-01	5.4568501114996952e+03	9.5382390054558686e-01	1.1240474795596658e+01	1.4144234393600026e+00	1.4932910783656212e+00	0.0000000000000000e+00	0.0000000000000000e+00	
1.5427398903087841e+00	-2.0539921033103186e-02	-7.8376774657760304e+00	1.2455695142526917e-01	9.9999999999999978e-02	0.0000000000000000e+00	-8.4375665945634282e+03	-3.2196290072194953e+06	-3.0196400632150158e+07	6.6635953057677128e-03	-9.5504659261015123e-01	5.4568501114996952e+03	9.5382390054558686e-01	1.1240474795596658e+01	1.4144234393600026e+00	1.4932910783656212e+00	0.0000000000000000e+00	0.0000000000000000e+00	
1.5436920655549400e+00	-2.1953426188758764e-02	-7.6949222134140909e+00	1.5124463368740212e-01	9.9999999999999978e-02	0.0000000000000000e+00	-9.2077512954567228e+03	-3.2274201470778361e+06	-3.0274332817965116e+07	6.7179883602808714e-03	-9.6872311298752678e-01	5.4568501114996952e+03	9.6754033937982897e-01	1.1240474795596658e+01	1.4144234393600026e+00	1.4932910783656212e+00	0.0000000000000000e+00	0.0000000000000000e+00	
1.5446442408010956e+00	-2.1953426188758764e-02	-7.6949222134140909e+00	1.5124463368740212e-01	9.9999999999999978e-02	0.0000000000000000e+00	-9.2077512954567228e+03	-3.2274201470778361e+06	-3.0274332817965116e+07	6.7179883602808714e-03	-9.6872311298752678e-01	5.4568501114996952e+03	9.6754033937982897e-01	1.1240474795596658e+01	1.4144234393600026e+00	1.4932910783656212e+00	0.0000000000000000e+00	0.0000000000000000e+00	
1.5455964160472515e+00	-2.4046400250839418e-02	-7.5575668562135654e+00	1.7634685367679889e-01	9.9999999999999978e-02	0.0000000000000000e+00	-1.0295145823640432e+04	-3.2356715369026959e+06	-3.0356879152275756e+07	6.7712229310806825e-03	-9.8217570674714949e-01	5.4568501114996952e+03	9.8102650811613690e-01	1.1240474795596658e+01	1.4144234393600026e+00	1.4932910783656212e+00	0.0000000000000000e+00	0.0000000000000000e+00	
1.5465485912934072e+00	-2.4046400250839418e-02	-7.5575668562135654e+00	1.7634685367679889e-01	9.9999999999999978e-02	0.0000000000000000e+00	-1.0295145823640432e+04	-3.2356715369026959e+06	-3.0356879152275756e+07	6.7712229310806825e-03	-9.8217570674714949e-01	5.4568501114996952e+03	9.8102650811613690e-01	1.1240474795596658e+01	1.4144234393600026e+00	1.4932910783656212e+00	0.0000000000000000e+00	0.0000000000000000e+00	
1.5475007665395630e+00	-2.5535291790619200e-02	-7.4255476526079143e+00	1.9967473321238802e-01	9.9999999999999978e-02	0.0000000000000000e+00	-1.1155152482561101e+04	-3.2438680164904315e+06	-3.0438871968421549e+07	6.8242302511345963e-03	-9.9541453987986361e-01	5.4568501114996952e+03	9.9429258389210129e-01	1.1240474795596658e+01	1.4144234393600026e+00	1.4932910783656212e+00	0.0000000000000000e+00	0.0000000000000000e+00	
1.5484529417857187e+00	-2.5535291790619200e-02	-7.4255476526079143e+00	1.9967473321238802e-01	9.9999999999999978e-02	0.0000000000000000e+00	-1.1155152482561101e+04	-3.2438680164904315e+06	-3.0438871968421549e+07	6.8242302511345963e-03	-9.9541453987986361e-01	5.4568501114996952e+03	9.9429258389210129e-01	1.1240474795596658e+01	1.4144234393600026e+00	1.4932910783656212e+00	0.0000000000000000e+00	0.0000000000000000e+00	
1.5494051170318746e+00	-2.7578914339583236e-02	-7.2992621640367599e+00	2.2142855010470186e-01	9.9999999999999978e-02	0.0000000000000000e+00	-1.2288836082594768e+04	-3.2524643701791726e+06	-3.0524875856453680e+07	6.8760282527116990e-03	-1.0084511025474614e+00	5.4568501114996952e+03	1.0073501336385482e+00	1.1240474795596658e+01	1.4144234393600026e+00	1.4932910783656212e+00	0.0000000000000000e+00	0.0000000000000000e+00	
1.5503572922780302e+00	-2.7578914339583236e-02	-7.2992621640367599e+00	2.2142855010470186e-01	9.9999999999999978e-02	0.0000000000000000e+00	-1.2288836082594768e+04	-3.2524643701791726e+06	-3.0524875856453680e+07	6.8760282527116990e-03	-1.0084511025474614e+00	5.4568501114996952e+03	1.0073501336385482e+00	1.1240474795596658e+01	1.4144234393600026e+00	1.4932910783656212e+00	0.0000000000000000e+00	0.0000000000000000e+00	
1.5513094675241861e+00	-2.9078715396603835e-02	-7.1789029545322371e+00	2.4146808682677659e-01	9.9999999999999978e-02	0.0000000000000000e+00	-1.3208884849883829e+04	-3.2609866420013290e+06	-3.0610133937090889e+07	6.9273908164337395e-03	-1.0212960309961752e+00	5.4568501114996952e+03	1.0202101971703275e+00	1.1240474795596658e+01	1.4144234393600026e+00	1.4932910783656212e+00	0.0000000000000000e+00	0.0000000000000000e+00	
1.5522616427703417e+00	-2.9078715396603835e-02	-7.1789029545322371e+00	2.4146808682677659e-01	9.9999999999999978e-02	0.0000000000000000e+00	-1.3208884849883829e+04	-3.2609866420013290e+06	-3.0610133937090889e+07	6.9273908164337395e-03	-1.0212960309961752e+00	5.4568501114996952e+03	1.0202101971703275e+00	1.1240474795596658e+01	1.4144234393600026e+00	1.4932910783656212e+00	0.0000000000000000e+00	0.0000000000000000e+00	
1.5532138180164976e+00	-3.0935249845363565e-02	-7.0644213261564346e+00	2.5995463445833661e-01	9.9999999999999978e-02	0.0000000000000000e+00	-1.4318615551982728e+04	-3.2698211125519704e+06	-3.0698524631612848e+07	6.9777091477477085e-03	-1.0339605472835940e+00	5.4568501114996952e+03	1.0328870666046448e+00	1.1240474795596658e+01	1.4144234393600026e+00	1.4932910783656212e+00	0.0000000000000000e+00	0.0000000000000000e+00	
1.5541659932626533e+00	-3.0935249845363565e-02	-7.0644213261564346e+00	2.5995463445833661e-01	9.9999999999999978e-02	0.0000000000000000e+00	-1.4318615551982728e+04	-3.2698211125519704e+06	-3.0698524631612848e+07	6.9777091477477085e-03	-1.0339605472835940e+00	5.4568501114996952e+03	1.0328870666046448e+00	1.1240474795596658e+01	1.4144234393600026e+00	1.4932910783656212e+00	0.0000000000000000e+00	0.0000000000000000e+00	
1.5551181685088091e+00	-3.2278151474628411e-02	-6.9560982309671058e+00	2.7682776856168512e-01	9.9999999999999978e-02	0.0000000000000000e+00	-1.5213548843850924e+04	-3.2785935800135061e+06	-3.0786288772860792e+07	7.0275730385248670e-03	-1.0464553281813100e+00	5.4568501114996952e+03	1.0453920955202611e+00	1.1240474795596658e+01	1.4144234393600026e+00	1.4932910783656212e+00	0.0000000000000000e+00	0.0000000000000000e+00	
1.5560703437549648e+00	-3.2278151474628411e-02	-6.9560982309671058e+00	2.7682776856168512e-01	9.9999999999999978e-02	0.0000000000000000e+00	-1.5213548843850924e+04	-3.2785935800135061e+06	-3.0786288772860792e+07	7.0275730385248670e-03	-1.0464553281813100e+00	5.4568501114996952e+03	1.0453920955202611e+00	1.1240474795596658e+01	1.4144234393600026e+00	1.4932910783656212e+00	0.0000000000000000e+00	0.0000000000000000e+00	
1.5570225190011207e+00	-3.3714345574502529e-02	-6.8536711916669271e+00	2.9228135804864891e-01	9.9999999999999978e-02	0.0000000000000000e+00	-1.6172481991450413e+04	-3.2876472028085440e+06	-3.0876869801288217e+07	7.0767446294839470e-03	-1.0587910010602617e+00	5.4568501114996952e+03	1.0577359548998710e+00	1.1240474795596658e+01	1.4144234393600026e+00	1.4932910783656212e+00	0.0000000000000000e+00	0.0000000000000000e+00	
1.5579746942472763e+00	-3.3714345574502529e-02	-6.8536711916669271e+00	2.9228135804864891e-01	9.9999999999999978e-02	0.0000000000000000e+00	-1.6172481991450413e+04	-3.2876472028085440e+06	-3.0876869801288217e+07	7.0767446294839470e-03	-1.0587910010602617e+00	5.4568501114996952e+03	1.0577359548998710e+00	1.1240474795596658e+01	1.4144234393600026e+00	1.4932910783656212e+00	0.0000000000000000e+00	0.0000000000000000e+00	
1.5589268694934322e+00	-3.4640996225296247e-02	-6.7572584082986431e+00	3.0631978666459941e-01	9.9999999999999978e-02	0.0000000000000000e+00	-1.6900193209390360e+04	-3.2966422767774593e+06	-3.0966855958017800e+07	7.1256244024547263e-03	-1.0709777635653677e+00	5.4568501114996952e+03	1.0699288592436695e+00	1.1240474795596658e+01	1.4144234393600026e+00	1.4932910783656212e+00	0.0000000000000000e+00	0.0000000000000000e+00	
1.5598790447395878e+00	-3.4640996225296247e-02	-6.7572584082986431e+00	3.0631978666459941e-01	9.9999999999999978e-02	0.0000000000000000e+00	-1.6900193209390360e+04	-3.2966422767774593e+06	-3.0966855958017800e+07	7.1256244024547263e-03	-1.0709777635653677e+00	5.4568501114996952e+03	1.0699288592436695e+00	1.1240474795596658e+01	1.4144234393600026e+00	1.4932910783656212e+00	0.0000000000000000e+00	0.0000000000000000e+00	
1.5608312199857437e+00	-3.5393382632171663e-02	-6.6665682008197082e+00	3.1911453424429759e-01	9.9999999999999978e-02	0.0000000000000000e+00	-1.7551085614603937e+04	-3.3058583426216375e+06	-3.1059049324031230e+07	7.1743183762505332e-03	-1.0830253291403005e+00	5.4568501114996952e+03	1.0819805645285880e+00	1.1240474795596658e+01	1.4144234393600026e+00	1.4932910783656212e+00	0.0000000000000000e+00	0.0000000000000000e+00	
1.5617833952318994e+00	-3.5393382632171663e-02	-6.6665682008197082e+00	3.1911453424429759e-01	9.9999999999999978e-02	0.0000000000000000e+00	-1.7551085614603937e+04	-3.3058583426216375e+06	-3.1059049324031230e+07	7.1743183762505332e-03	-1.0830253291403005e+00	5.4568501114996952e+03	1.0819805645285880e+00	1.1240474795596658e+01	1.4144234393600026e+00	1.4932910783656212e+00	0.0000000000000000e+00	0.0000000000000000e+00	
1.5627355704780552e+00	-3.5649201542484944e-02	-6.5816072762852080e+00	3.3070495735897343e-01	9.9999999999999978e-02	0.0000000000000000e+00	-1.7955867856682307e+04	-3.3150383577791043e+06	-3.1150869863002453e+07	7.2230059740524145e-03	-1.0949432545932107e+00	5.4568501114996952e+03	1.0939006452205584e+00	1.1240474795596658e+01	1.4144234393600026e+00	1.4932910783656212e+00	0.0000000000000000e+00	0.0000000000000000e+00	
1.5636877457242109e+00	-3.5649201542484944e-02	-6.5816072762852080e+00	3.3070495735897343e-01	9.9999999999999978e-02	0.0000000000000000e+00	-1.7955867856682307e+04	-3.3150383577791043e+06	-3.1150869863002453e+07	7.2230059740524145e-03	-1.0949432545932107e+00	5.4568501114996952e+03	1.0939006452205584e+00	1.1240474795596658e+01	1.4144234393600026e+00	1.4932910783656212e+00	0.0000000000000000e+00	0.0000000000000000e+00	
1.5646399209703667e+00	-3.5493761545226113e-02	-6.5021206365600834e+00	3.4122957639885071e-01	9.9999999999999978e-02	0.0000000000000000e+00	-1.8147098999428323e+04	-3.3243765033893660e+06	-3.1244260336920407e+07	7.2720902718339080e-03	-1.1067403035365455e+00	5.4568501114996952e+03	1.1056981063671356e+00	1.1240474795596658e+01	1.4144234393600026e+00	1.4932910783656212e+00	0.0000000000000000e+00	0.0000000000000000e+00	
1.5655920962165224e+00	-3.5493761545226113e-02	-6.5021206365600834e+00	3.4122957639885071e-01	9.9999999999999978e-02	0.0000000000000000e+00	-1.8147098999428323e+04	-3.3243765033893660e+06	-3.1244260336920407e+07	7.2720902718339080e-03	-1.1067403035365455e+00	5.4568501114996952e+03	1.1056981063671356e+00	1.1240474795596658e+01	1.4144234393600026e+00	1.4932910783656212e+00	0.0000000000000000e+00	0.0000000000000000e+00	
1.5665442714626783e+00	-3.4856955946322363e-02	-6.4280191139024589e+00	3.5076453727259371e-01	9.9999999999999978e-02	0.0000000000000000e+00	-1.8077492231745186e+04	-3.3336951676448751e+06	-3.1337441813228823e+07	7.3215376284758429e-03	-1.1184254365558943e+00	5.4568501114996952e+03	1.1173833795553667e+00	1.1240474795596658e+01	1.4144234393600026e+00	1.4932910783656212e+00	0.0000000000000000e+00	0.0000000000000000e+00	
1.5674964467088339e+00	-3.4856955946322363e-02	-6.4280191139024589e+00	3.5076453727259371e-01	9.9999999999999978e-02	0.0000000000000000e+00	-1.8077492231745186e+04	-3.3336951676448751e+06	-3.1337441813228823e+07	7.3215376284758429e-03	-1.1184254365558943e+00	5.4568501114996952e+03	1.1173833795553667e+00	1.1240474795596658e+01	1.4144234393600026e+00	1.4932910783656212e+00	0.0000000000000000e+00	0.0000000000000000e+00	
1.5684486219549898e+00	-3.3621333533915429e-02	-6.3590486108839022e+00	3.5946991850708226e-01	9.9999999999999978e-02	0.0000000000000000e+00	-1.7675044624797760e+04	-3.3430104090081118e+06	-3.1430571341122881e+07	7.3720058620850319e-03	-1.1300064193421113e+00	5.4568501114996952e+03	1.1289645141524518e+00	1.1240474795596658e+01	1.4144234393600026e+00	1.4932910783656212e+00	0.0000000000000000e+00	0.0000000000000000e+00	
1.5694007972011454e+00	-3.3621333533915429e-02	-6.3590486108839022e+00	3.5946991850708226e-01	9.9999999999999978e-02	0.0000000000000000e+00	-1.7675044624797760e+04	-3.3430104090081118e+06	-3.1430571341122881e+07	7.3720058620850319e-03	-1.1300064193421113e+00	5.4568501114996952e+03	1.1289645141524518e+00	1.1240474795596658e+01	1.4144234393600026e+00	1.4932910783656212e+00	0.0000000000000000e+00	0.0000000000000000e+00	
1.5703529724473013e+00	-3.1939219355944758e-02	-6.2950431305608223e+00	3.6748576214483164e-01	9.9999999999999978e-02	0.0000000000000000e+00	-1.7007974580297716e+04	-3.3521775329961963e+06	-3.1522206794785731e+07	7.4232610326574284e-03	-1.1414915995645152e+00	5.4568501114996952e+03	1.1404498484001222e+00	1.1240474795596658e+01	1.4144234393600026e+00	1.4932910783656212e+00	0.0000000000000000e+00	0.0000000000000000e+00	
1.5713051476934570e+00	-3.1939219355944758e-02	-6.2950431305608223e+00	3.6748576214483164e-01	9.9999999999999978e-02	0.0000000000000000e+00	-1.7007974580297716e+04	-3.3521775329961963e+06	-3.1522206794785731e+07	7.4232610326574284e-03	-1.1414915995645152e+00	5.4568501114996952e+03	1.1404498484001222e+00	1.1240474795596658e+01	1.4144234393600026e+00	1.4932910783656212e+00	0.0000000000000000e+00	0.0000000000000000e+00	
1.5722573229396128e+00	-2.9542567316783380e-02	-6.2356648859480446e+00	3.7489535293729748e-01	9.9999999999999978e-02	0.0000000000000000e+00	-1.5924260230595783e+04	-3.3611957041454706e+06	-3.1612334259360574e+07	7.4761567352732089e-03	-1.1528875473382940e+00	5.4568501114996952e+03	1.1518459607024760e+00	1.1240474795596658e+01	1.4144234393600026e+00	1.4932910783656212e+00	0.0000000000000000e+00	0.0000000000000000e+00	
1.5732094981857685e+00	-2.9542567316783380e-02	-6.2356648859480446e+00	3.7489535293729748e-01	9.9999999999999978e-02	0.0000000000000000e+00	-1.5924260230595783e+04	-3.3611957041454706e+06	-3.1612334259360574e+07	7.4761567352732089e-03	-1.1528875473382940e+00	5.4568501114996952e+03	1.1518459607024760e+00	1.1240474795596658e+01	1.4144234393600026e+00	1.4932910783656212e+00	0.0000000000000000e+00	0.0000000000000000e+00	
1.5741616734319244e+00	-2.6783768763778613e-02	-6.1806455084362435e+00	3.8185961596182927e-01	9.9999999999999978e-02	0.0000000000000000e+00	-1.4604344762481118e+04	-3.3701111541081909e+06	-3.1701427978544731e+07	7.5302409223208704e-03	-1.1642017413676902e+00	5.4568501114996952e+03	1.1631603216574009e+00	1.1240474795596658e+01	1.4144234393600026e+00	1.4932910783656212e+00	0.0000000000000000e+00	0.0000000000000000e+00	
1.5751138486780800e+00	-2.6783768763778613e-02	-6.1806455084362435e+00	3.8185961596182927e-01	9.9999999999999978e-02	0.0000000000000000e+00	-1.4604344762481118e+04	-3.3701111541081909e+06	-3.1701427978544731e+07	7.5302409223208704e-03	-1.1642017413676902e+00	5.4568501114996952e+03	1.1631603216574009e+00	1.1240474795596658e+01	1.4144234393600026e+00	1.4932910783656212e+00	0.0000000000000000e+00	0.0000000000000000e+00	
1.5760660239242359e+00	-2.3321311929690600e-02	-6.1297970951667509e+00	3.8841457782489947e-01	9.9999999999999978e-02	0.0000000000000000e+00	-1.2855361317882813e+04	-3.3789161047726963e+06	-3.1789405593183890e+07	7.5864065788033008e-03	-1.1754396698809637e+00	5.4568501114996952e+03	1.1743984265346015e+00	1.1240474795596658e+01	1.4144234393600026e+00	1.4932910783656212e+00	0.0000000000000000e+00	0.0000000000000000e+00	
1.5770181991703915e+00	-2.3321311929690600e-02	-6.1297970951667509e+00	3.8841457782489947e-01	9.9999999999999978e-02	0.0000000000000000e+00	-1.2855361317882813e+04	-3.3789161047726963e+06	-3.1789405593183890e+07	7.5864065788033008e-03	-1.1754396698809637e+00	5.4568501114996952e+03	1.1743984265346015e+00	1.1240474795596658e+01	1.4144234393600026e+00	1.4932910783656212e+00	0.0000000000000000e+00	0.0000000000000000e+00	
1.5779703744165474e+00	-1.9563866055617628e-02	-6.0826542395022623e+00	3.9474273559050199e-01	9.9999999999999978e-02	0.0000000000000000e+00	-1.0896234577692143e+04	-3.3877776130836215e+06	-3.1877951360196628e+07	7.6440961559338114e-03	-1.1866078804458802e+00	5.4568501114996952e+03	1.1855668162032211e+00	1.1240474795596658e+01	1.4144234393600026e+00	1.4932910783656212e+00	0.0000000000000000e+00	0.0000000000000000e+00	
1.5789225496627031e+00	-1.9563866055617628e-02	-6.0826542395022623e+00	3.9474273559050199e-01	9.9999999999999978e-02	0.0000000000000000e+00	-1.0896234577692143e+04	-3.3877776130836215e+06	-3.1877951360196628e+07	7.6440961559338114e-03	-1.1866078804458802e+00	5.4568501114996952e+03	1.1855668162032211e+00	1.1240474795596658e+01	1.4144234393600026e+00	1.4932910783656212e+00	0.0000000000000000e+00	0.0000000000000000e+00	
1.5798747249088589e+00	-1.5221110843147017e-02	-6.0392222746568978e+00	4.0073598590464232e-01	9.9999999999999978e-02	0.0000000000000000e+00	-8.5602304012652257e+03	-3.3964100681111421e+06	-3.1964208555936132e+07	7.7041218706890421e-03	-1.1977108921708357e+00	5.4568501114996952e+03	1.1966700170943674e+00	1.1240474795596658e+01	1.4144234393600026e+00	1.4932910783656212e+00	0.0000000000000000e+00	0.0000000000000000e+00	
1.5808269001550146e+00	-1.5221110843147017e-02	-6.0392222746568978e+00	4.0073598590464232e-01	9.9999999999999978e-02	0.0000000000000000e+00	-8.5602304012652257e+03	-3.3964100681111421e+06	-3.1964208555936132e+07	7.7041218706890421e-03	-1.1977108921708357e+00	5.4568501114996952e+03	1.1966700170943674e+00	1.1240474795596658e+01	1.4144234393600026e+00	1.4932910783656212e+00	0.0000000000000000e+00	0.0000000000000000e+00	
1.5817790754011705e+00	-1.0639311072447010e-02	-5.9988596676235124e+00	4.0666864420836385e-01	9.9999999999999978e-02	0.0000000000000000e+00	-6.0392613943821698e+03	-3.4051717591757998e+06	-3.2051771146544725e+07	7.7658989208358887e-03	-1.2087543581705034e+00	5.4568501114996952e+03	1.2077136774301216e+00	1.1240474795596658e+01	1.4144234393600026e+00	1.4932910783656212e+00	0.0000000000000000e+00	0.0000000000000000e+00	
1.5827312506473261e+00	-1.0639311072447010e-02	-5.9988596676235124e+00	4.0666864420836385e-01	9.9999999999999978e-02	0.0000000000000000e+00	-6.0392613943821698e+03	-3.4051717591757998e+06	-3.2051771146544725e+07	7.7658989208358887e-03	-1.2087543581705034e+00	5.4568501114996952e+03	1.2077136774301216e+00	1.1240474795596658e+01	1.4144234393600026e+00	1.4932910783656212e+00	0.0000000000000000e+00	0.0000000000000000e+00	
1.5836834258934820e+00	-5.6350444664749850e-03	-5.9617727808071095e+00	4.1232340787462385e-01	9.9999999999999978e-02	0.0000000000000000e+00	-3.2265419876694223e+03	-3.4136217225331925e+06	-3.2136232473903216e+07	7.8301394384771850e-03	-1.2197419312267450e+00	5.4568501114996952e+03	1.2187014581495599e+00	1.1240474795596658e+01	1.4144234393600026e+00	1.4932910783656212e+00	0.0000000000000000e+00	0.0000000000000000e+00	
1.5846356011396376e+00	-5.6350444664749850e-03	-5.9617727808071095e+00	4.1232340787462385e-01	9.9999999999999978e-02	0.0000000000000000e+00	-3.2265419876694223e+03	-3.4136217225331925e+06	-3.2136232473903216e+07	7.8301394384771850e-03	-1.2197419312267450e+00	5.4568501114996952e+03	1.2187014581495599e+00	1.1240474795596658e+01	1.4144234393600026e+00	1.4932910783656212e+00	0.0000000000000000e+00	0.0000000000000000e+00	
1.5855877763857935e+00	-4.4698070318815856e-04	-5.9271753787696104e+00	4.1813587484232045e-01	9.9999999999999978e-02	0.0000000000000000e+00	-2.5808994585982504e+02	-3.4223946619532742e+06	-3.2223946716848243e+07	7.8963129717772636e-03	-1.2306784470626397e+00	5.4568501114996952e+03	1.2296381922506205e+00	1.1240474795596658e+01	1.4144234393600026e+00	1.4932910783656212e+00	0.0000000000000000e+00	0.0000000000000000e+00	
1.5865399516319492e+00	-4.4698070318815856e-04	-5.9271753787696104e+00	4.1813587484232045e-01	9.9999999999999978e-02	0.0000000000000000e+00	-2.5808994585982504e+02	-3.4223946619532742e+06	-3.2223946716848243e+07	7.8963129717772636e-03	-1.2306784470626397e+00	5.4568501114996952e+03	1.2296381922506205e+00	1.1240474795596658e+01	1.4144234393600026e+00	1.4932910783656212e+00	0.0000000000000000e+00	0.0000000000000000e+00	
1.5874921268781050e+00	4.9797742106976392e-03	-5.8954993843830028e+00	4.2376521822165664e-01	9.9999999999999978e-02	0.0000000000000000e+00	2.8979735555283642e+03	-3.4308787084940206e+06	-3.2308799324150473e+07	7.9650239390581280e-03	-1.2415668970995555e+00	5.4568501114996952e+03	1.2405268799628000e+00	1.1240474795596658e+01	1.4144234393600026e+00	1.4932910783656212e+00	0.0000000000000000e+00	0.0000000000000000e+00	
1.5884443021242607e+00	4.9797742106976392e-03	-5.8954993843830028e+00	4.2376521822165664e-01	9.9999999999999978e-02	0.0000000000000000e+00	2.8979735555283642e+03	-3.4308787084940206e+06	-3.2308799324150473e+07	7.9650239390581280e-03	-1.2415668970995555e+00	5.4568501114996952e+03	1.2405268799628000e+00	1.1240474795596658e+01	1.4144234393600026e+00	1.4932910783656212e+00	0.0000000000000000e+00	0.0000000000000000e+00	
1.5893964773704166e+00	1.0530205910741591e-02	-5.8657454028582228e+00	4.2965260982220044e-01	9.9999999999999978e-02	0.0000000000000000e+00	6.1750334209135108e+03	-3.4397403249532301e+06	-3.2397458676691644e+07	8.0358534533971019e-03	-1.2524112810492085e+00	5.4568501114996952e+03	1.2513715203766829e+00	1.1240474795596658e+01	1.4144234393600026e+00	1.4932910783656212e+00	0.0000000000000000e+00	0.0000000000000000e+00	
1.5903486526165722e+00	1.0530205910741591e-02	-5.8657454028582228e+00	4.2965260982220044e-01	9.9999999999999978e-02	0.0000000000000000e+00	6.1750334209135108e+03	-3.4397403249532301e+06	-3.2397458676691644e+07	8.0358534533971019e-03	-1.2524112810492085e+00	5.4568501114996952e+03	1.2513715203766829e+00	1.1240474795596658e+01	1.4144234393600026e+00	1.4932910783656212e+00	0.0000000000000000e+00	0.0000000000000000e+00	
1.5913008278627281e+00	1.6127905972369457e-02	-5.8385554508694923e+00	4.3536134201919452e-01	9.9999999999999978e-02	0.0000000000000000e+00	9.5251434986431777e+03	-3.4482516570725460e+06	-3.2482648127518002e+07	8.1092863955120990e-03	-1.2632139880790818e+00	5.4568501114996952e+03	1.2621745114390537e+00	1.1240474795596658e+01	1.4144234393600026e+00	1.4932910783656212e+00	0.0000000000000000e+00	0.0000000000000000e+00	
1.5922530031088837e+00	1.6127905972369457e-02	-5.8385554508694923e+00	4.3536134201919452e-01	9.9999999999999978e-02	0.0000000000000000e+00	9.5251434986431777e+03	-3.4482516570725460e+06	-3.2482648127518002e+07	8.1092863955120990e-03	-1.2632139880790818e+00	5.4568501114996952e+03	1.2621745114390537e+00	1.1240474795596658e+01	1.4144234393600026e+00	1.4932910783656212e+00	0.0000000000000000e+00	0.0000000000000000e+00	
1.5932051783550396e+00	2.1801735286257680e-02	-5.8127643773399029e+00	4.4139787374103368e-01	9.9999999999999978e-02	0.0000000000000000e+00	1.2966797399254259e+04	-3.4571990266340747e+06	-3.2572233436089061e+07	8.1850766910154284e-03	-1.2739782574223484e+00	5.4568501114996952e+03	1.2729390935509857e+00	1.1240474795596658e+01	1.4144234393600026e+00	1.4932910783656212e+00	0.0000000000000000e+00	0.0000000000000000e+00	
1.5941573536011953e+00	2.1801735286257680e-02	-5.8127643773399029e+00	4.4139787374103368e-01	9.9999999999999978e-02	0.0000000000000000e+00	1.2966797399254259e+04	-3.4571990266340747e+06	-3.2572233436089061e+07	8.1850766910154284e-03	-1.2739782574223484e+00	5.4568501114996952e+03	1.2729390935509857e+00	1.1240474795596658e+01	1.4144234393600026e+00	1.4932910783656212e+00	0.0000000000000000e+00	0.0000000000000000e+00	
1.5951095288473511e+00	2.7345191811532304e-02	-5.7891807087792140e+00	4.4723778559916549e-01	9.9999999999999978e-02	0.0000000000000000e+00	1.6370371077905525e+04	-3.4657294449774697e+06	-3.2657681074810911e+07	8.2635854254433996e-03	-1.2847059080800189e+00	5.4568501114996952e+03	1.2836670933490772e+00	1.1240474795596658e+01	1.4144234393600026e+00	1.4932910783656212e+00	0.0000000000000000e+00	0.0000000000000000e+00	
1.5960617040935068e+00	2.7345191811532304e-02	-5.7891807087792140e+00	4.4723778559916549e-01	9.9999999999999978e-02	0.0000000000000000e+00	1.6370371077905525e+04	-3.4657294449774697e+06	-3.2657681074810911e+07	8.2635854254433996e-03	-1.2847059080800189e+00	5.4568501114996952e+03	1.2836670933490772e+00	1.1240474795596658e+01	1.4144234393600026e+00	1.4932910783656212e+00	0.0000000000000000e+00	0.0000000000000000e+00	
1.5970138793396627e+00	3.2913782484424572e-02	-5.7664264412648922e+00	4.5345512906971946e-01	9.9999999999999978e-02	0.0000000000000000e+00	1.9833154335449581e+04	-3.4747275135502927e+06	-3.2747841152270555e+07	8.3447539720633741e-03	-1.2953992927045246e+00	5.4568501114996952e+03	1.2943608655936656e+00	1.1240474795596658e+01	1.4144234393600026e+00	1.4932910783656212e+00	0.0000000000000000e+00	0.0000000000000000e+00	
1.5979660545858183e+00	3.2913782484424572e-02	-5.7664264412648922e+00	4.5345512906971946e-01	9.9999999999999978e-02	0.0000000000000000e+00	1.9833154335449581e+04	-3.4747275135502927e+06	-3.2747841152270555e+07	8.3447539720633741e-03	-1.2953992927045246e+00	5.4568501114996952e+03	1.2943608655936656e+00	1.1240474795596658e+01	1.4144234393600026e+00	1.4932910783656212e+00	0.0000000000000000e+00	0.0000000000000000e+00	
1.5989182298319742e+00	3.8172545478631588e-02	-5.7455707946485779e+00	4.5942873102065857e-01	9.9999999999999978e-02	0.0000000000000000e+00	2.3141666126145981e+04	-3.4831861319895908e+06	-3.2832630056881551e+07	8.4287919137481532e-03	-1.3060597629463806e+00	5.4568501114996952e+03	1.3050217671030078e+00	1.1240474795596658e+01	1.4144234393600026e+00	1.4932910783656212e+00	0.0000000000000000e+00	0.0000000000000000e+00	
1.5998704050781298e+00	3.8172545478631588e-02	-5.7455707946485779e+00	4.5942873102065857e-01	9.9999999999999978e-02	0.0000000000000000e+00	2.3141666126145981e+04	-3.4831861319895908e+06	-3.2832630056881551e+07	8.4287919137481532e-03	-1.3060597629463806e+00	5.4568501114996952e+03	1.3050217671030078e+00	1.1240474795596658e+01	1.4144234393600026e+00	1.4932910783656212e+00	0.0000000000000000e+00	0.0000000000000000e+00	
1.6008225803242857e+00	4.3390608504893083e-02	-5.7249541982159684e+00	4.6576705690290021e-01	9.9999999999999978e-02	0.0000000000000000e+00	2.6466881733329697e+04	-3.4920387363511361e+06	-3.2921390338881865e+07	8.5158036763445799e-03	-1.3166889100611197e+00	5.4568501114996952e+03	1.3156513911484562e+00	1.1240474795596658e+01	1.4144234393600026e+00	1.4932910783656212e+00	0.0000000000000000e+00	0.0000000000000000e+00	
1.6017747555704414e+00	4.3390608504893083e-02	-5.7249541982159684e+00	4.6576705690290021e-01	9.9999999999999978e-02	0.0000000000000000e+00	2.6466881733329697e+04	-3.4920387363511361e+06	-3.2921390338881865e+07	8.5158036763445799e-03	-1.3166889100611197e+00	5.4568501114996952e+03	1.3156513911484562e+00	1.1240474795596658e+01	1.4144234393600026e+00	1.4932910783656212e+00	0.0000000000000000e+00	0.0000000000000000e+00	
1.6027269308165972e+00	4.8121864778127833e-02	-5.7059873474752694e+00	4.7182954097173191e-01	9.9999999999999978e-02	0.0000000000000000e+00	2.9519611312795663e+04	-3.5002494069968332e+06	-3.3003738826922052e+07	8.6058215644051143e-03	-1.3272876609555062e+00	5.4568501114996952e+03	1.3262506660456468e+00	1.1240474795596658e+01	1.4144234393600026e+00	1.4932910783656212e+00	0.0000000000000000e+00	0.0000000000000000e+00	
1.6036791060627529e+00	4.8121864778127833e-02	-5.7059873474752694e+00	4.7182954097173191e-01	9.9999999999999978e-02	0.0000000000000000e+00	2.9519611312795663e+04	-3.5002494069968332e+06	-3.3003738826922052e+07	8.6058215644051143e-03	-1.3272876609555062e+00	5.4568501114996952e+03	1.3262506660456468e+00	1.1240474795596658e+01	1.4144234393600026e+00	1.4932910783656212e+00	0.0000000000000000e+00	0.0000000000000000e+00	
1.6046312813089088e+00	5.2747652803468097e-02	-5.6868083675464272e+00	4.7827232176861278e-01	9.9999999999999978e-02	0.0000000000000000e+00	3.2545894401878635e+04	-3.5088246543122306e+06	-3.3089755898198783e+07	8.6990738644989463e-03	-1.3378570376790708e+00	5.4568501114996952e+03	1.3368206148754311e+00	1.1240474795596658e+01	1.4144234393600026e+00	1.4932910783656212e+00	0.0000000000000000e+00	0.0000000000000000e+00	
1.6055834565550644e+00	5.2747652803468097e-02	-5.6868083675464272e+00	4.7827232176861278e-01	9.9999999999999978e-02	0.0000000000000000e+00	3.2545894401878635e+04	-3.5088246543122306e+06	-3.3089755898198783e+07	8.6990738644989463e-03	-1.3378570376790708e+00	5.4568501114996952e+03	1.3368206148754311e+00	1.1240474795596658e+01	1.4144234393600026e+00	1.4932910783656212e+00	0.0000000000000000e+00	0.0000000000000000e+00	
1.6065356318012203e+00	5.6722426852555644e-02	-5.6690831064944085e+00	4.8442885461605667e-01	9.9999999999999978e-02	0.0000000000000000e+00	3.5186495127664130e+04	-3.5166895383994877e+06	-3.3168655645230144e+07	8.7954013240061756e-03	-1.3483975843502092e+00	5.4568501114996952e+03	1.3473617784362344e+00	1.1240474795596658e+01	1.4144234393600026e+00	1.4932910783656212e+00	0.0000000000000000e+00	0.0000000000000000e+00	
1.6074878070473759e+00	5.6722426852555644e-02	-5.6690831064944085e+00	4.8442885461605667e-01	9.9999999999999978e-02	0.0000000000000000e+00	3.5186495127664130e+04	-3.5166895383994877e+06	-3.3168655645230144e+07	8.7954013240061756e-03	-1.3483975843502092e+00	5.4568501114996952e+03	1.3473617784362344e+00	1.1240474795596658e+01	1.4144234393600026e+00	1.4932910783656212e+00	0.0000000000000000e+00	0.0000000000000000e+00	
1.6084399822935318e+00	6.0538419254351508e-02	-5.6508218604452143e+00	4.9098168425151195e-01	9.9999999999999978e-02	0.0000000000000000e+00	3.7762840285261678e+04	-3.5248869399763308e+06	-3.3250892147181276e+07	8.8951219639213600e-03	-1.3589098875945105e+00	5.4568501114996952e+03	1.3578747432126437e+00	1.1240474795596658e+01	1.4144234393600026e+00	1.4932910783656212e+00	0.0000000000000000e+00	0.0000000000000000e+00	
1.6093921575396875e+00	6.0538419254351508e-02	-5.6508218604452143e+00	4.9098168425151195e-01	9.9999999999999978e-02	0.0000000000000000e+00	3.7762840285261678e+04	-3.5248869399763308e+06	-3.3250892147181276e+07	8.8951219639213600e-03	-1.3589098875945105e+00	5.4568501114996952e+03	1.3578747432126437e+00	1.1240474795596658e+01	1.4144234393600026e+00	1.4932910783656212e+00	0.0000000000000000e+00	0.0000000000000000e+00	
1.6103443327858433e+00	6.3558253360312608e-02	-5.6338535714684488e+00	4.9724274497337367e-01	9.9999999999999978e-02	0.0000000000000000e+00	3.9849800965778508e+04	-3.5323177026379183e+06	-3.3325424780186627e+07	8.9978644306972395e-03	-1.3693941465328974e+00	5.4568501114996952e+03	1.3683596998664347e+00	1.1240474795596658e+01	1.4144234393600026e+00	1.4932910783656212e+00	0.0000000000000000e+00	0.0000000000000000e+00	
1.6112965080319990e+00	6.3558253360312608e-02	-5.6338535714684488e+00	4.9724274497337367e-01	9.9999999999999978e-02	0.0000000000000000e+00	3.9849800965778508e+04	-3.5323177026379183e+06	-3.3325424780186627e+07	8.9978644306972395e-03	-1.3693941465328974e+00	5.4568501114996952e+03	1.3683596998664347e+00	1.1240474795596658e+01	1.4144234393600026e+00	1.4932910783656212e+00	0.0000000000000000e+00	0.0000000000000000e+00	
1.6122486832781548e+00	6.6364972511599229e-02	-5.6161461218232640e+00	5.0390135048315499e-01	9.9999999999999978e-02	0.0000000000000000e+00	4.1831949550129815e+04	-3.5400352376131359e+06	-3.3402823892375883e+07	9.1039609519437282e-03	-1.3798506093145826e+00	5.4568501114996952e+03	1.3788168952430655e+00	1.1240474795596658e+01	1.4144234393600026e+00	1.4932910783656212e+00	0.0000000000000000e+00	0.0000000000000000e+00	
1.6132008585243105e+00	6.6364972511599229e-02	-5.6161461218232640e+00	5.0390135048315499e-01	9.9999999999999978e-02	0.0000000000000000e+00	4.1831949550129815e+04	-3.5400352376131359e+06	-3.3402823892375883e+07	9.1039609519437282e-03	-1.3798506093145826e+00	5.4568501114996952e+03	1.3788168952430655e+00	1.1240474795596658e+01	1.4144234393600026e+00	1.4932910783656212e+00	0.0000000000000000e+00	0.0000000000000000e+00	
1.6141530337704664e+00	6.8266938643357714e-02	-5.5995788070223398e+00	5.1026381774203722e-01	9.9999999999999978e-02	0.0000000000000000e+00	4.3242387669275922e+04	-3.5469461846375708e+06	-3.3472097683681365e+07	9.2128227094413727e-03	-1.3902791965412948e+00	5.4568501114996952e+03	1.3892462368291199e+00	1.1240474795596658e+01	1.4144234393600026e+00	1.4932910783656212e+00	0.0000000000000000e+00	0.0000000000000000e+00	
1.6151052090166220e+00	6.8266938643357714e-02	-5.5995788070223398e+00	5.1026381774203722e-01	9.9999999999999978e-02	0.0000000000000000e+00	4.3242387669275922e+04	-3.5469461846375708e+06	-3.3472097683681365e+07	9.2128227094413727e-03	-1.3902791965412948e+00	5.4568501114996952e+03	1.3892462368291199e+00	1.1240474795596658e+01	1.4144234393600026e+00	1.4932910783656212e+00	0.0000000000000000e+00	0.0000000000000000e+00	
1.6160573842627779e+00	6.9909207320430780e-02	-5.5821138078045189e+00	5.1700923860948234e-01	9.9999999999999978e-02	0.0000000000000000e+00	4.4510675945357696e+04	-3.5540906314453091e+06	-3.3543693416414130e+07	9.3247398088801749e-03	-1.4006798748043419e+00	5.4568501114996952e+03	1.3996476893885794e+00	1.1240474795596658e+01	1.4144234393600026e+00	1.4932910783656212e+00	0.0000000000000000e+00	0.0000000000000000e+00	
1.6170095595089335e+00	6.9909207320430780e-02	-5.5821138078045189e+00	5.1700923860948234e-01	9.9999999999999978e-02	0.0000000000000000e+00	4.4510675945357696e+04	-3.5540906314453091e+06	-3.3543693416414130e+07	9.3247398088801749e-03	-1.4006798748043419e+00	5.4568501114996952e+03	1.3996476893885794e+00	1.1240474795596658e+01	1.4144234393600026e+00	1.4932910783656212e+00	0.0000000000000000e+00	0.0000000000000000e+00	
1.6179617347550894e+00	7.0584190747174244e-02	-5.5656374056280642e+00	5.2345861418519113e-01	9.9999999999999978e-02	0.0000000000000000e+00	4.5153640170527317e+04	-3.5604118439713567e+06	-3.3606981548443750e+07	9.4389195538441290e-03	-1.4110523414191412e+00	5.4568501114996952e+03	1.4100209337185574e+00	1.1240474795596658e+01	1.4144234393600026e+00	1.4932910783656212e+00	0.0000000000000000e+00	0.0000000000000000e+00	
1.6189139100012451e+00	7.0584190747174244e-02	-5.5656374056280642e+00	5.2345861418519113e-01	9.9999999999999978e-02	0.0000000000000000e+00	4.5153640170527317e+04	-3.5604118439713567e+06	-3.3606981548443750e+07	9.4389195538441290e-03	-1.4110523414191412e+00	5.4568501114996952e+03	1.4100209337185574e+00	1.1240474795596658e+01	1.4144234393600026e+00	1.4932910783656212e+00	0.0000000000000000e+00	0.0000000000000000e+00	
1.6198660852474009e+00	7.0969596044057934e-02	-5.5481423047995557e+00	5.3026451769983340e-01	9.9999999999999978e-02	0.0000000000000000e+00	4.5626500024172114e+04	-3.5669121583687644e+06	-3.3672039643148169e+07	9.5555706677570400e-03	-1.4213962930131265e+00	5.4568501114996952e+03	1.4203656650354750e+00	1.1240474795596658e+01	1.4144234393600026e+00	1.4932910783656212e+00	0.0000000000000000e+00	0.0000000000000000e+00	
1.6208182604935566e+00	7.0969596044057934e-02	-5.5481423047995557e+00	5.3026451769983340e-01	9.9999999999999978e-02	0.0000000000000000e+00	4.5626500024172114e+04	-3.5669121583687644e+06	-3.3672039643148169e+07	9.5555706677570400e-03	-1.4213962930131265e+00	5.4568501114996952e+03	1.4203656650354750e+00	1.1240474795596658e+01	1.4144234393600026e+00	1.4932910783656212e+00	0.0000000000000000e+00	0.0000000000000000e+00	
1.6217704357397125e+00	7.0383001145245441e-02	-5.5314746035920761e+00	5.3678312414447826e-01	9.9999999999999978e-02	0.0000000000000000e+00	4.5458137423308661e+04	-3.5726031654254850e+06	-3.3728923605205581e+07	9.6737302269873111e-03	-1.4317112709269906e+00	5.4568501114996952e+03	1.4306814066174773e+00	1.1240474795596658e+01	1.4144234393600026e+00	1.4932910783656212e+00	0.0000000000000000e+00	0.0000000000000000e+00	
1.6227226109858681e+00	7.0383001145245441e-02	-5.5314746035920761e+00	5.3678312414447826e-01	9.9999999999999978e-02	0.0000000000000000e+00	4.5458137423308661e+04	-3.5726031654254850e+06	-3.3728923605205581e+07	9.6737302269873111e-03	-1.4317112709269906e+00	5.4568501114996952e+03	1.4306814066174773e+00	1.1240474795596658e+01	1.4144234393600026e+00	1.4932910783656212e+00	0.0000000000000000e+00	0.0000000000000000e+00	
1.6236747862320240e+00	6.9493996121520921e-02	-5.5137005482717090e+00	5.4361496042955726e-01	9.9999999999999978e-02	0.0000000000000000e+00	4.5101871669772940e+04	-3.5784129339587595e+06	-3.3786971518628724e+07	9.7935078226138034e-03	-1.4419968063530104e+00	5.4568501114996952e+03	1.4409676898368646e+00	1.1240474795596658e+01	1.4144234393600026e+00	1.4932910783656212e+00	0.0000000000000000e+00	0.0000000000000000e+00	
1.6246269614781796e+00	6.9493996121520921e-02	-5.5137005482717090e+00	5.4361496042955726e-01	9.9999999999999978e-02	0.0000000000000000e+00	4.5101871669772940e+04	-3.5784129339587595e+06	-3.3786971518628724e+07	9.7935078226138034e-03	-1.4419968063530104e+00	5.4568501114996952e+03	1.4409676898368646e+00	1.1240474795596658e+01	1.4144234393600026e+00	1.4932910783656212e+00	0.0000000000000000e+00	0.0000000000000000e+00	
1.6255791367243355e+00	6.7675711797339153e-02	-5.4966015468209095e+00	5.5016856132548853e-01	9.9999999999999978e-02	0.0000000000000000e+00	4.4120413431286092e+04	-3.5834470930875111e+06	-3.3837186942948900e+07	9.9138225153939438e-03	-1.4522523182528775e+00	5.4568501114996952e+03	1.4512239161647540e+00	1.1240474795596658e+01	1.4144234393600026e+00	1.4932910783656212e+00	0.0000000000000000e+00	0.0000000000000000e+00	
1.6265313119704912e+00	6.7675711797339153e-02	-5.4966015468209095e+00	5.5016856132548853e-01	9.9999999999999978e-02	0.0000000000000000e+00	4.4120413431286092e+04	-3.5834470930875111e+06	-3.3837186942948900e+07	9.9138225153939438e-03	-1.4522523182528775e+00	5.4568501114996952e+03	1.4512239161647540e+00	1.1240474795596658e+01	1.4144234393600026e+00	1.4932910783656212e+00	0.0000000000000000e+00	0.0000000000000000e+00	
1.6274834872166470e+00	6.5569324067613552e-02	-5.4782990150236550e+00	5.5698073045946650e-01	9.9999999999999978e-02	0.0000000000000000e+00	4.2950985784472730e+04	-3.5885430643565543e+06	-3.3888000936136529e+07	1.0034691215444947e-02	-1.4624771919318345e+00	5.4568501114996952e+03	1.4614494733990790e+00	1.1240474795596658e+01	1.4144234393600026e+00	1.4932910783656212e+00	0.0000000000000000e+00	0.0000000000000000e+00	
1.6284356624628027e+00	6.5569324067613552e-02	-5.4782990150236550e+00	5.5698073045946650e-01	9.9999999999999978e-02	0.0000000000000000e+00	4.2950985784472730e+04	-3.5885430643565543e+06	-3.3888000936136529e+07	1.0034691215444947e-02	-1.4624771919318345e+00	5.4568501114996952e+03	1.4614494733990790e+00	1.1240474795596658e+01	1.4144234393600026e+00	1.4932910783656212e+00	0.0000000000000000e+00	0.0000000000000000e+00	
1.6293878377089586e+00	6.2618168015531328e-02	-5.4605610951801911e+00	5.6352277465446288e-01	9.9999999999999978e-02	0.0000000000000000e+00	4.1201271713569840e+04	-3.5929198908419833e+06	-3.3931561177882001e+07	1.0154987491853418e-02	-1.4726707742976342e+00	5.4568501114996952e+03	1.4716436935891617e+00	1.1240474795596658e+01	1.4144234393600026e+00	1.4932910783656212e+00	0.0000000000000000e+00	0.0000000000000000e+00	
1.6303400129551142e+00	6.2618168015531328e-02	-5.4605610951801911e+00	5.6352277465446288e-01	9.9999999999999978e-02	0.0000000000000000e+00	4.1201271713569840e+04	-3.5929198908419833e+06	-3.3931561177882001e+07	1.0154987491853418e-02	-1.4726707742976342e+00	5.4568501114996952e+03	1.4716436935891617e+00	1.1240474795596658e+01	1.4144234393600026e+00	1.4932910783656212e+00	0.0000000000000000e+00	0.0000000000000000e+00	
1.6312921882012701e+00	5.9419302892413803e-02	-5.4415609298751377e+00	5.7025447261575613e-01	9.9999999999999978e-02	0.0000000000000000e+00	3.9280912044785058e+04	-3.5973070343791042e+06	-3.3975214925896458e+07	1.0274656408046978e-02	-1.4828323576886486e+00	5.4568501114996952e+03	1.4818058743677176e+00	1.1240474795596658e+01	1.4144234393600026e+00	1.4932910783656212e+00	0.0000000000000000e+00	0.0000000000000000e+00	
1.6322443634474257e+00	5.9419302892413803e-02	-5.4415609298751377e+00	5.7025447261575613e-01	9.9999999999999978e-02	0.0000000000000000e+00	3.9280912044785058e+04	-3.5973070343791042e+06	-3.3975214925896458e+07	1.0274656408046978e-02	-1.4828323576886486e+00	5.4568501114996952e+03	1.4818058743677176e+00	1.1240474795596658e+01	1.4144234393600026e+00	1.4932910783656212e+00	0.0000000000000000e+00	0.0000000000000000e+00	
1.6331965386935816e+00	5.5500305093729559e-02	-5.4230550959869115e+00	5.7672355580421375e-01	9.9999999999999978e-02	0.0000000000000000e+00	3.6853671253436987e+04	-3.6010520907816663e+06	-3.4012406686596021e+07	1.0392610417701096e-02	-1.4929612566484489e+00	5.4568501114996952e+03	1.4919353197524199e+00	1.1240474795596658e+01	1.4144234393600026e+00	1.4932910783656212e+00	0.0000000000000000e+00	0.0000000000000000e+00	
1.6341487139397373e+00	5.5500305093729559e-02	-5.4230550959869115e+00	5.7672355580421375e-01	9.9999999999999978e-02	0.0000000000000000e+00	3.6853671253436987e+04	-3.6010520907816663e+06	-3.4012406686596021e+07	1.0392610417701096e-02	-1.4929612566484489e+00	5.4568501114996952e+03	1.4919353197524199e+00	1.1240474795596658e+01	1.4144234393600026e+00	1.4932910783656212e+00	0.0000000000000000e+00	0.0000000000000000e+00	
1.6351008891858931e+00	5.1399522707885691e-02	-5.4032753617462763e+00	5.8330541726912588e-01	9.9999999999999978e-02	0.0000000000000000e+00	3.4290823301338060e+04	-3.6047564435789231e+06	-3.4049195383650973e+07	1.0508750031126111e-02	-1.5030567081798789e+00	5.4568501114996952e+03	1.5020312748924718e+00	1.1240474795596658e+01	1.4144234393600026e+00	1.4932910783656212e+00	0.0000000000000000e+00	0.0000000000000000e+00	
1.6360530644320488e+00	5.1399522707885691e-02	-5.4032753617462763e+00	5.8330541726912588e-01	9.9999999999999978e-02	0.0000000000000000e+00	3.4290823301338060e+04	-3.6047564435789231e+06	-3.4049195383650973e+07	1.0508750031126111e-02	-1.5030567081798789e+00	5.4568501114996952e+03	1.5020312748924718e+00	1.1240474795596658e+01	1.4144234393600026e+00	1.4932910783656212e+00	0.0000000000000000e+00	0.0000000000000000e+00	
1.6370052396782047e+00	4.6735098671976880e-02	-5.3839525931957430e+00	5.8963649665228690e-01	9.9999999999999978e-02	0.0000000000000000e+00	3.1318226517424708e+04	-3.6079060848094802e+06	-3.4080420103038467e+07	1.0622106412192956e-02	-1.5131180223061766e+00	5.4568501114996952e+03	1.5120930444374721e+00	1.1240474795596658e+01	1.4144234393600026e+00	1.4932910783656212e+00	0.0000000000000000e+00	0.0000000000000000e+00	
1.6379574149243603e+00	4.6735098671976880e-02	-5.3839525931957430e+00	5.8963649665228690e-01	9.9999999999999978e-02	0.0000000000000000e+00	3.1318226517424708e+04	-3.6079060848094802e+06	-3.4080420103038467e+07	1.0622106412192956e-02	-1.5131180223061766e+00	5.4568501114996952e+03	1.5120930444374721e+00	1.1240474795596658e+01	1.4144234393600026e+00	1.4932910783656212e+00	0.0000000000000000e+00	0.0000000000000000e+00	
1.6389095901705162e+00	4.1977243428744059e-02	-5.3633966957961547e+00	5.9600060628807272e-01	9.9999999999999978e-02	0.0000000000000000e+00	2.8261566003416236e+04	-3.6109562548590414e+06	-3.4110668493699454e+07	1.0732562415752350e-02	-1.5231444093590392e+00	5.4568501114996952e+03	1.5221198491437766e+00	1.1240474795596658e+01	1.4144234393600026e+00	1.4932910783656212e+00	0.0000000000000000e+00	0.0000000000000000e+00	
1.6398617654166718e+00	4.1977243428744059e-02	-5.3633966957961547e+00	5.9600060628807272e-01	9.9999999999999978e-02	0.0000000000000000e+00	2.8261566003416236e+04	-3.6109562548590414e+06	-3.4110668493699454e+07	1.0732562415752350e-02	-1.5231444093590392e+00	5.4568501114996952e+03	1.5221198491437766e+00	1.1240474795596658e+01	1.4144234393600026e+00	1.4932910783656212e+00	0.0000000000000000e+00	0.0000000000000000e+00	
1.6408139406628277e+00	3.6834816090311265e-02	-5.3432792204305306e+00	6.0213078432734257e-01	9.9999999999999978e-02	0.0000000000000000e+00	2.4910568502195416e+04	-3.6135411324050333e+06	-3.4136269940332986e+07	1.0839329841449785e-02	-1.5331352095542521e+00	5.4568501114996952e+03	1.5321110287520687e+00	1.1240474795596658e+01	1.4144234393600026e+00	1.4932910783656212e+00	0.0000000000000000e+00	0.0000000000000000e+00	
1.6417661159089834e+00	3.6834816090311265e-02	-5.3432792204305306e+00	6.0213078432734257e-01	9.9999999999999978e-02	0.0000000000000000e+00	2.4910568502195416e+04	-3.6135411324050333e+06	-3.4136269940332986e+07	1.0839329841449785e-02	-1.5331352095542521e+00	5.4568501114996952e+03	1.5321110287520687e+00	1.1240474795596658e+01	1.4144234393600026e+00	1.4932910783656212e+00	0.0000000000000000e+00	0.0000000000000000e+00	
1.6427182911551392e+00	3.1702007697115980e-02	-5.3220186588012792e+00	6.0821434146709485e-01	9.9999999999999978e-02	0.0000000000000000e+00	2.1539441056837786e+04	-3.6159636417944673e+06	-3.4160277939059764e+07	1.0942297551690633e-02	-1.5430896480811440e+00	5.4568501114996952e+03	1.5420658200846449e+00	1.1240474795596658e+01	1.4144234393600026e+00	1.4932910783656212e+00	0.0000000000000000e+00	0.0000000000000000e+00	
1.6436704664012949e+00	3.1702007697115980e-02	-5.3220186588012792e+00	6.0821434146709485e-01	9.9999999999999978e-02	0.0000000000000000e+00	2.1539441056837786e+04	-3.6159636417944673e+06	-3.4160277939059764e+07	1.0942297551690633e-02	-1.5430896480811440e+00	5.4568501114996952e+03	1.5420658200846449e+00	1.1240474795596658e+01	1.4144234393600026e+00	1.4932910783656212e+00	0.0000000000000000e+00	0.0000000000000000e+00	
1.6446226416474508e+00	2.6375343699615309e-02	-5.3011869043741262e+00	6.1408252135717467e-01	9.9999999999999978e-02	0.0000000000000000e+00	1.8000936707675031e+04	-3.6180127557013053e+06	-3.4180575360460609e+07	1.1040900599349758e-02	-1.5530071248665211e+00	5.4568501114996952e+03	1.5519836263149895e+00	1.1240474795596658e+01	1.4144234393600026e+00	1.4932910783656212e+00	0.0000000000000000e+00	0.0000000000000000e+00	
1.6455748168936064e+00	2.6375343699615309e-02	-5.3011869043741262e+00	6.1408252135717467e-01	9.9999999999999978e-02	0.0000000000000000e+00	1.8000936707675031e+04	-3.6180127557013053e+06	-3.4180575360460609e+07	1.1040900599349758e-02	-1.5530071248665211e+00	5.4568501114996952e+03	1.5519836263149895e+00	1.1240474795596658e+01	1.4144234393600026e+00	1.4932910783656212e+00	0.0000000000000000e+00	0.0000000000000000e+00	
1.6465269921397623e+00	2.1171294216491100e-02	-5.2793417397074691e+00	6.1982678687026616e-01	9.9999999999999978e-02	0.0000000000000000e+00	1.4516349096966336e+04	-3.6198433082140721e+06	-3.4198724149358198e+07	1.1135053568741613e-02	-1.5628869305441422e+00	5.4568501114996952e+03	1.5618637495794190e+00	1.1240474795596658e+01	1.4144234393600026e+00	1.4932910783656212e+00	0.0000000000000000e+00	0.0000000000000000e+00	
1.6474791673859179e+00	2.1171294216491100e-02	-5.2793417397074691e+00	6.1982678687026616e-01	9.9999999999999978e-02	0.0000000000000000e+00	1.4516349096966336e+04	-3.6198433082140721e+06	-3.4198724149358198e+07	1.1135053568741613e-02	-1.5628869305441422e+00	5.4568501114996952e+03	1.5618637495794190e+00	1.1240474795596658e+01	1.4144234393600026e+00	1.4932910783656212e+00	0.0000000000000000e+00	0.0000000000000000e+00	
1.6484313426320738e+00	1.5964157549623586e-02	-5.2579154732316695e+00	6.2537272173509173e-01	9.9999999999999978e-02	0.0000000000000000e+00	1.0995328778642010e+04	-3.6213943102729432e+06	-3.4214110023210801e+07	1.1224429471890248e-02	-1.5727285629067376e+00	5.4568501114996952e+03	1.5717056926775395e+00	1.1240474795596658e+01	1.4144234393600026e+00	1.4932910783656212e+00	0.0000000000000000e+00	0.0000000000000000e+00	
1.6493835178782295e+00	1.5964157549623586e-02	-5.2579154732316695e+00	6.2537272173509173e-01	9.9999999999999978e-02	0.0000000000000000e+00	1.0995328778642010e+04	-3.6213943102729432e+06	-3.4214110023210801e+07	1.1224429471890248e-02	-1.5727285629067376e+00	5.4568501114996952e+03	1.5717056926775395e+00	1.1240474795596658e+01	1.4144234393600026e+00	1.4932910783656212e+00	0.0000000000000000e+00	0.0000000000000000e+00	
1.6503356931243853e+00	1.0995196489661319e-02	-5.2356384671976519e+00	6.3072154834659289e-01	9.9999999999999978e-02	0.0000000000000000e+00	7.6078793932239614e+03	-3.6226825088974722e+06	-3.4226904974204630e+07	1.1308982912661457e-02	-1.5825314508429003e+00	5.4568501114996952e+03	1.5815088944533175e+00	1.1240474795596658e+01	1.4144234393600026e+00	1.4932910783656212e+00	0.0000000000000000e+00	0.0000000000000000e+00	
1.6512878683705410e+00	1.0995196489661319e-02	-5.2356384671976519e+00	6.3072154834659289e-01	9.9999999999999978e-02	0.0000000000000000e+00	7.6078793932239614e+03	-3.6226825088974722e+06	-3.4226904974204630e+07	1.1308982912661457e-02	-1.5825314508429003e+00	5.4568501114996952e+03	1.5815088944533175e+00	1.1240474795596658e+01	1.4144234393600026e+00	1.4932910783656212e+00	0.0000000000000000e+00	0.0000000000000000e+00	
1.6522400436166969e+00	6.2001869055817865e-03	-5.2137614945723918e+00	6.3588462682663038e-01	9.9999999999999978e-02	0.0000000000000000e+00	4.3093909628469528e+03	-3.6237837680248376e+06	-3.4237863303802520e+07	1.1388619389308621e-02	-1.5922952252532958e+00	5.4568501114996952e+03	1.5912729903967435e+00	1.1240474795596658e+01	1.4144234393600026e+00	1.4932910783656212e+00	0.0000000000000000e+00	0.0000000000000000e+00	
1.6531922188628525e+00	6.2001869055817865e-03	-5.2137614945723918e+00	6.3588462682663038e-01	9.9999999999999978e-02	0.0000000000000000e+00	4.3093909628469528e+03	-3.6237837680248376e+06	-3.4237863303802520e+07	1.1388619389308621e-02	-1.5922952252532958e+00	5.4568501114996952e+03	1.5912729903967435e+00	1.1240474795596658e+01	1.4144234393600026e+00	1.4932910783656212e+00	0.0000000000000000e+00	0.0000000000000000e+00	
1.6541443941090084e+00	1.7538692791373663e-03	-5.1912011963525533e+00	6.4077973748472872e-01	9.9999999999999978e-02	0.0000000000000000e+00	1.2245828087532818e+03	-3.6245892538659964e+06	-3.4245894607312277e+07	1.1463349614130293e-02	-1.6020194903090343e+00	5.4568501114996952e+03	1.6009975920064345e+00	1.1240474795596658e+01	1.4144234393600026e+00	1.4932910783656212e+00	0.0000000000000000e+00	0.0000000000000000e+00	
1.6550965693551640e+00	1.7538692791373663e-03	-5.1912011963525533e+00	6.4077973748472872e-01	9.9999999999999978e-02	0.0000000000000000e+00	1.2245828087532818e+03	-3.6245892538659964e+06	-3.4245894607312277e+07	1.1463349614130293e-02	-1.6020194903090343e+00	5.4568501114996952e+03	1.6009975920064345e+00	1.1240474795596658e+01	1.4144234393600026e+00	1.4932910783656212e+00	0.0000000000000000e+00	0.0000000000000000e+00	
1.6560487446013199e+00	-2.3688668702715786e-03	-5.1690103409823278e+00	6.4549676954535296e-01	9.9999999999999978e-02	0.0000000000000000e+00	-1.6614092816353855e+03	-3.6252952266501691e+06	-3.4252956073475279e+07	1.1533289830187999e-02	-1.6117040190206398e+00	5.4568501114996952e+03	1.6106824745822963e+00	1.1240474795596658e+01	1.4144234393600026e+00	1.4932910783656212e+00	0.0000000000000000e+00	0.0000000000000000e+00	
1.6570009198474756e+00	-2.3688668702715786e-03	-5.1690103409823278e+00	6.4549676954535296e-01	9.9999999999999978e-02	0.0000000000000000e+00	-1.6614092816353855e+03	-3.6252952266501691e+06	-3.4252956073475279e+07	1.1533289830187999e-02	-1.6117040190206398e+00	5.4568501114996952e+03	1.6106824745822963e+00	1.1240474795596658e+01	1.4144234393600026e+00	1.4932910783656212e+00	0.0000000000000000e+00	0.0000000000000000e+00	
1.6579530950936314e+00	-6.0532165603921226e-03	-5.1463054694938748e+00	6.4988075133864187e-01	9.9999999999999978e-02	0.0000000000000000e+00	-4.2646215174914896e+03	-3.6256831094363872e+06	-3.4256856175141498e+07	1.1598509823653359e-02	-1.6213486043210323e+00	5.4568501114996952e+03	1.6203274351850498e+00	1.1240474795596658e+01	1.4144234393600026e+00	1.4932910783656212e+00	0.0000000000000000e+00	0.0000000000000000e+00	
1.6589052703397871e+00	-6.0532165603921226e-03	-5.1463054694938748e+00	6.4988075133864187e-01	9.9999999999999978e-02	0.0000000000000000e+00	-4.2646215174914896e+03	-3.6256831094363872e+06	-3.4256856175141498e+07	1.1598509823653359e-02	-1.6213486043210323e+00	5.4568501114996952e+03	1.6203274351850498e+00	1.1240474795596658e+01	1.4144234393600026e+00	1.4932910783656212e+00	0.0000000000000000e+00	0.0000000000000000e+00	
1.6598574455859429e+00	-9.3034603146448583e-03	-5.1239333858688800e+00	6.5409233405098666e-01	9.9999999999999978e-02	0.0000000000000000e+00	-6.5837694191086548e+03	-3.6260482433946710e+06	-3.4260542204227082e+07	1.1659297797613998e-02	-1.6309531579215817e+00	5.4568501114996952e+03	1.6299323842911000e+00	1.1240474795596658e+01	1.4144234393600026e+00	1.4932910783656212e+00	0.0000000000000000e+00	0.0000000000000000e+00	
1.6608096208320986e+00	-9.3034603146448583e-03	-5.1239333858688800e+00	6.5409233405098666e-01	9.9999999999999978e-02	0.0000000000000000e+00	-6.5837694191086548e+03	-3.6260482433946710e+06	-3.4260542204227082e+07	1.1659297797613998e-02	-1.6309531579215817e+00	5.4568501114996952e+03	1.6299323842911000e+00	1.1240474795596658e+01	1.4144234393600026e+00	1.4932910783656212e+00	0.0000000000000000e+00	0.0000000000000000e+00	
1.6617617960782545e+00	-1.2061508686608954e-02	-5.1012101156767482e+00	6.5791782600522852e-01	9.9999999999999978e-02	0.0000000000000000e+00	-8.5736568062078059e+03	-3.6260824383194819e+06	-3.4260925742567509e+07	1.1715767554855729e-02	-1.6405176713633913e+00	5.4568501114996952e+03	1.6394973144547516e+00	1.1240474795596658e+01	1.4144234393600026e+00	1.4932910783656212e+00	0.0000000000000000e+00	0.0000000000000000e+00	
1.6627139713244101e+00	-1.2061508686608954e-02	-5.1012101156767482e+00	6.5791782600522852e-01	9.9999999999999978e-02	0.0000000000000000e+00	-8.5736568062078059e+03	-3.6260824383194819e+06	-3.4260925742567509e+07	1.1715767554855729e-02	-1.6405176713633913e+00	5.4568501114996952e+03	1.6394973144547516e+00	1.1240474795596658e+01	1.4144234393600026e+00	1.4932910783656212e+00	0.0000000000000000e+00	0.0000000000000000e+00	
1.6636661465705660e+00	-1.4322379733101137e-02	-5.0787900657344682e+00	6.6157712210655362e-01	9.9999999999999978e-02	0.0000000000000000e+00	-1.0225893199909615e+04	-3.6261547148422059e+06	-3.4261691335159816e+07	1.1768328889697538e-02	-1.6500421802698029e+00	5.4568501114996952e+03	1.6490222562621977e+00	1.1240474795596658e+01	1.4144234393600026e+00	1.4932910783656212e+00	0.0000000000000000e+00	0.0000000000000000e+00	
1.6646183218167216e+00	-1.4322379733101137e-02	-5.0787900657344682e+00	6.6157712210655362e-01	9.9999999999999978e-02	0.0000000000000000e+00	-1.0225893199909615e+04	-3.6261547148422059e+06	-3.4261691335159816e+07	1.1768328889697538e-02	-1.6500421802698029e+00	5.4568501114996952e+03	1.6490222562621977e+00	1.1240474795596658e+01	1.4144234393600026e+00	1.4932910783656212e+00	0.0000000000000000e+00	0.0000000000000000e+00	
1.6655704970628775e+00	-1.6080854724419405e-02	-5.0561910656199514e+00	6.6481045961392904e-01	9.9999999999999978e-02	0.0000000000000000e+00	-1.1531879900544245e+04	-3.6258886186176501e+06	-3.4259069567316569e+07	1.1817111679887599e-02	-1.6595268700930474e+00	5.4568501114996952e+03	1.6585073938119934e+00	1.1240474795596658e+01	1.4144234393600026e+00	1.4932910783656212e+00	0.0000000000000000e+00	0.0000000000000000e+00	
1.6665226723090332e+00	-1.6080854724419405e-02	-5.0561910656199514e+00	6.6481045961392904e-01	9.9999999999999978e-02	0.0000000000000000e+00	-1.1531879900544245e+04	-3.6258886186176501e+06	-3.4259069567316569e+07	1.1817111679887599e-02	-1.6595268700930474e+00	5.4568501114996952e+03	1.6585073938119934e+00	1.1240474795596658e+01	1.4144234393600026e+00	1.4932910783656212e+00	0.0000000000000000e+00	0.0000000000000000e+00	
1.6674748475551890e+00	-1.7325168249967410e-02	-5.0338654142703216e+00	6.6788575616902912e-01	9.9999999999999978e-02	0.0000000000000000e+00	-1.2478662751419472e+04	-3.6257026733820084e+06	-3.4257241473660775e+07	1.1862589164695564e-02	-1.6689718767892756e+00	5.4568501114996952e+03	1.6679528548182410e+00	1.1240474795596658e+01	1.4144234393600026e+00	1.4932910783656212e+00	0.0000000000000000e+00	0.0000000000000000e+00	
1.6684270228013447e+00	-1.7325168249967410e-02	-5.0338654142703216e+00	6.6788575616902912e-01	9.9999999999999978e-02	0.0000000000000000e+00	-1.2478662751419472e+04	-3.6257026733820084e+06	-3.4257241473660775e+07	1.1862589164695564e-02	-1.6689718767892756e+00	5.4568501114996952e+03	1.6679528548182410e+00	1.1240474795596658e+01	1.4144234393600026e+00	1.4932910783656212e+00	0.0000000000000000e+00	0.0000000000000000e+00	
1.6693791980475006e+00	-1.8099408256894989e-02	-5.0115338727619614e+00	6.7050882398632949e-01	9.9999999999999978e-02	0.0000000000000000e+00	-1.3092497364048117e+04	-3.6251734359307159e+06	-3.4251970779620945e+07	1.1904877783231243e-02	-1.6783775615555416e+00	5.4568501114996952e+03	1.6773589979553860e+00	1.1240474795596658e+01	1.4144234393600026e+00	1.4932910783656212e+00	0.0000000000000000e+00	0.0000000000000000e+00	
1.6703313732936562e+00	-1.8099408256894989e-02	-5.0115338727619614e+00	6.7050882398632949e-01	9.9999999999999978e-02	0.0000000000000000e+00	-1.3092497364048117e+04	-3.6251734359307159e+06	-3.4251970779620945e+07	1.1904877783231243e-02	-1.6783775615555416e+00	5.4568501114996952e+03	1.6773589979553860e+00	1.1240474795596658e+01	1.4144234393600026e+00	1.4932910783656212e+00	0.0000000000000000e+00	0.0000000000000000e+00	
1.6712835485398121e+00	-1.8385052980346116e-02	-4.9894400266300805e+00	6.7298445332352841e-01	9.9999999999999978e-02	0.0000000000000000e+00	-1.3356442781207625e+04	-3.6247472496912014e+06	-3.4247718574701600e+07	1.1944454973086797e-02	-1.6877441349272506e+00	5.4568501114996952e+03	1.6867260235686090e+00	1.1240474795596658e+01	1.4144234393600026e+00	1.4932910783656212e+00	0.0000000000000000e+00	0.0000000000000000e+00	
1.6722357237859677e+00	-1.8385052980346116e-02	-4.9894400266300805e+00	6.7298445332352841e-01	9.9999999999999978e-02	0.0000000000000000e+00	-1.3356442781207625e+04	-3.6247472496912014e+06	-3.4247718574701600e+07	1.1944454973086797e-02	-1.6877441349272506e+00	5.4568501114996952e+03	1.6867260235686090e+00	1.1240474795596658e+01	1.4144234393600026e+00	1.4932910783656212e+00	0.0000000000000000e+00	0.0000000000000000e+00	
1.6731878990321236e+00	-1.8271502894789921e-02	-4.9675035119180890e+00	6.7499536413181727e-01	9.9999999999999978e-02	0.0000000000000000e+00	-1.3329730176058294e+04	-3.6239756435882114e+06	-3.4240001582542919e+07	1.1981399533282245e-02	-1.6970721016900039e+00	5.4568501114996952e+03	1.6960544340856001e+00	1.1240474795596658e+01	1.4144234393600026e+00	1.4932910783656212e+00	0.0000000000000000e+00	0.0000000000000000e+00	
1.6741400742782793e+00	-1.8271502894789921e-02	-4.9675035119180890e+00	6.7499536413181727e-01	9.9999999999999978e-02	0.0000000000000000e+00	-1.3329730176058294e+04	-3.6239756435882114e+06	-3.4240001582542919e+07	1.1981399533282245e-02	-1.6970721016900039e+00	5.4568501114996952e+03	1.6960544340856001e+00	1.1240474795596658e+01	1.4144234393600026e+00	1.4932910783656212e+00	0.0000000000000000e+00	0.0000000000000000e+00	
1.6750922495244351e+00	-1.7730128241395519e-02	-4.9457641384929039e+00	6.7687223166098476e-01	9.9999999999999978e-02	0.0000000000000000e+00	-1.2989258377471831e+04	-3.6233132323831506e+06	-3.4233365149811856e+07	1.2016143604922565e-02	-1.7063617249467977e+00	5.4568501114996952e+03	1.7053444820448882e+00	1.1240474795596658e+01	1.4144234393600026e+00	1.4932910783656212e+00	0.0000000000000000e+00	0.0000000000000000e+00	
1.6760444247705908e+00	-1.7730128241395519e-02	-4.9457641384929039e+00	6.7687223166098476e-01	9.9999999999999978e-02	0.0000000000000000e+00	-1.2989258377471831e+04	-3.6233132323831506e+06	-3.4233365149811856e+07	1.2016143604922565e-02	-1.7063617249467977e+00	5.4568501114996952e+03	1.7053444820448882e+00	1.1240474795596658e+01	1.4144234393600026e+00	1.4932910783656212e+00	0.0000000000000000e+00	0.0000000000000000e+00	
1.6769966000167467e+00	-1.6891142549243843e-02	-4.9243333355464198e+00	6.7828614456109093e-01	9.9999999999999978e-02	0.0000000000000000e+00	-1.2425016537195001e+04	-3.6223081387437452e+06	-3.4223294484413065e+07	1.2048714880843135e-02	-1.7156136206075523e+00	5.4568501114996952e+03	1.7145967822868646e+00	1.1240474795596658e+01	1.4144234393600026e+00	1.4932910783656212e+00	0.0000000000000000e+00	0.0000000000000000e+00	
1.6779487752629023e+00	-1.6891142549243843e-02	-4.9243333355464198e+00	6.7828614456109093e-01	9.9999999999999978e-02	0.0000000000000000e+00	-1.2425016537195001e+04	-3.6223081387437452e+06	-3.4223294484413065e+07	1.2048714880843135e-02	-1.7156136206075523e+00	5.4568501114996952e+03	1.7145967822868646e+00	1.1240474795596658e+01	1.4144234393600026e+00	1.4932910783656212e+00	0.0000000000000000e+00	0.0000000000000000e+00	
1.6789009505090582e+00	-1.5709622284069819e-02	-4.9030571492795429e+00	6.7958275840213944e-01	9.9999999999999978e-02	0.0000000000000000e+00	-1.1603153179364926e+04	-3.6214061752419937e+06	-3.4214247637144871e+07	1.2079466030706877e-02	-1.7248280881108529e+00	5.4568501114996952e+03	1.7238116248064750e+00	1.1240474795596658e+01	1.4144234393600026e+00	1.4932910783656212e+00	0.0000000000000000e+00	0.0000000000000000e+00	
1.6798531257552138e+00	-1.5709622284069819e-02	-4.9030571492795429e+00	6.7958275840213944e-01	9.9999999999999978e-02	0.0000000000000000e+00	-1.1603153179364926e+04	-3.6214061752419937e+06	-3.4214247637144871e+07	1.2079466030706877e-02	-1.7248280881108529e+00	5.4568501114996952e+03	1.7238116248064750e+00	1.1240474795596658e+01	1.4144234393600026e+00	1.4932910783656212e+00	0.0000000000000000e+00	0.0000000000000000e+00	
1.6808053010013697e+00	-1.4349820476201040e-02	-4.8822236429001018e+00	6.8043062737299609e-01	9.9999999999999978e-02	0.0000000000000000e+00	-1.0640388746911090e+04	-3.6201677641862798e+06	-3.4201834012555450e+07	1.2108376258699189e-02	-1.7340058172527943e+00	5.4568501114996952e+03	1.7329897002741612e+00	1.1240474795596658e+01	1.4144234393600026e+00	1.4932910783656212e+00	0.0000000000000000e+00	0.0000000000000000e+00	
1.6817574762475254e+00	-1.4349820476201040e-02	-4.8822236429001018e+00	6.8043062737299609e-01	9.9999999999999978e-02	0.0000000000000000e+00	-1.0640388746911090e+04	-3.6201677641862798e+06	-3.4201834012555450e+07	1.2108376258699189e-02	-1.7340058172527943e+00	5.4568501114996952e+03	1.7329897002741612e+00	1.1240474795596658e+01	1.4144234393600026e+00	1.4932910783656212e+00	0.0000000000000000e+00	0.0000000000000000e+00	
1.6827096514936812e+00	-1.2745064096229624e-02	-4.8615015552922722e+00	6.8118196518499263e-01	9.9999999999999978e-02	0.0000000000000000e+00	-9.4877341320280266e+03	-3.6190194016109575e+06	-3.4190318382594354e+07	1.2135698356234469e-02	-1.7431471382525143e+00	5.4568501114996952e+03	1.7421313317029308e+00	1.1240474795596658e+01	1.4144234393600026e+00	1.4932910783656212e+00	0.0000000000000000e+00	0.0000000000000000e+00	
1.6836618267398369e+00	-1.2745064096229624e-02	-4.8615015552922722e+00	6.8118196518499263e-01	9.9999999999999978e-02	0.0000000000000000e+00	-9.4877341320280266e+03	-3.6190194016109575e+06	-3.4190318382594354e+07	1.2135698356234469e-02	-1.7431471382525143e+00	5.4568501114996952e+03	1.7421313317029308e+00	1.1240474795596658e+01	1.4144234393600026e+00	1.4932910783656212e+00	0.0000000000000000e+00	0.0000000000000000e+00	
1.6846140019859928e+00	-1.1083067819973444e-02	-4.8413384995276729e+00	6.8150885908554881e-01	9.9999999999999978e-02	0.0000000000000000e+00	-8.2814852803298327e+03	-3.6175429197195824e+06	-3.4175523989310354e+07	1.2161381513821483e-02	-1.7522527791651352e+00	5.4568501114996952e+03	1.7512372500673765e+00	1.1240474795596658e+01	1.4144234393600026e+00	1.4932910783656212e+00	0.0000000000000000e+00	0.0000000000000000e+00	
1.6855661772321484e+00	-1.1083067819973444e-02	-4.8413384995276729e+00	6.8150885908554881e-01	9.9999999999999978e-02	0.0000000000000000e+00	-8.2814852803298327e+03	-3.6175429197195824e+06	-3.4175523989310354e+07	1.2161381513821483e-02	-1.7522527791651352e+00	5.4568501114996952e+03	1.7512372500673765e+00	1.1240474795596658e+01	1.4144234393600026e+00	1.4932910783656212e+00	0.0000000000000000e+00	0.0000000000000000e+00	
1.6865183524783043e+00	-9.2747238295531696e-03	-4.8212453870941498e+00	6.8176462036387786e-01	9.9999999999999978e-02	0.0000000000000000e+00	-6.9564430191212978e+03	-3.6161420472317170e+06	-3.4161487383481145e+07	1.2185569473580193e-02	-1.7613231135958392e+00	5.4568501114996952e+03	1.7603078246009700e+00	1.1240474795596658e+01	1.4144234393600026e+00	1.4932910783656212e+00	0.0000000000000000e+00	0.0000000000000000e+00	
1.6874705277244599e+00	-9.2747238295531696e-03	-4.8212453870941498e+00	6.8176462036387786e-01	9.9999999999999978e-02	0.0000000000000000e+00	-6.9564430191212978e+03	-3.6161420472317170e+06	-3.4161487383481145e+07	1.2185569473580193e-02	-1.7613231135958392e+00	5.4568501114996952e+03	1.7603078246009700e+00	1.1240474795596658e+01	1.4144234393600026e+00	1.4932910783656212e+00	0.0000000000000000e+00	0.0000000000000000e+00	
1.6884227029706158e+00	-7.5206539429259426e-03	-4.8018050487091877e+00	6.8162945594604074e-01	9.9999999999999978e-02	0.0000000000000000e+00	-5.6609631080615336e+03	-3.6144252134345975e+06	-3.4144296465715066e+07	1.2208212075639819e-02	-1.7703588919119984e+00	5.4568501114996952e+03	1.7693438101984915e+00	1.1240474795596658e+01	1.4144234393600026e+00	1.4932910783656212e+00	0.0000000000000000e+00	0.0000000000000000e+00	
1.6893748782167715e+00	-7.5206539429259426e-03	-4.8018050487091877e+00	6.8162945594604074e-01	9.9999999999999978e-02	0.0000000000000000e+00	-5.6609631080615336e+03	-3.6144252134345975e+06	-3.4144296465715066e+07	1.2208212075639819e-02	-1.7703588919119984e+00	5.4568501114996952e+03	1.7693438101984915e+00	1.1240474795596658e+01	1.4144234393600026e+00	1.4932910783656212e+00	0.0000000000000000e+00	0.0000000000000000e+00	
1.6903270534629273e+00	-5.7116153131964798e-03	-4.7824048045633232e+00	6.8145364058750424e-01	9.9999999999999978e-02	0.0000000000000000e+00	-4.3147285521738813e+03	-3.6127745702008773e+06	-3.4127771467352621e+07	1.2229350192658571e-02	-1.7793605401264838e+00	5.4568501114996952e+03	1.7783456313522503e+00	1.1240474795596658e+01	1.4144234393600026e+00	1.4932910783656212e+00	0.0000000000000000e+00	0.0000000000000000e+00	
1.6912792287090830e+00	-5.7116153131964798e-03	-4.7824048045633232e+00	6.8145364058750424e-01	9.9999999999999978e-02	0.0000000000000000e+00	-4.3147285521738813e+03	-3.6127745702008773e+06	-3.4127771467352621e+07	1.2229350192658571e-02	-1.7793605401264838e+00	5.4568501114996952e+03	1.7783456313522503e+00	1.1240474795596658e+01	1.4144234393600026e+00	1.4932910783656212e+00	0.0000000000000000e+00	0.0000000000000000e+00	
1.6922314039552389e+00	-4.0512413137612441e-03	-4.7637385305668873e+00	6.8092890427345276e-01	9.9999999999999978e-02	0.0000000000000000e+00	-3.0707668249337753e+03	-3.6108266848028786e+06	-3.4108279905436397e+07	1.2248971374766899e-02	-1.7883288081387501e+00	5.4568501114996952e+03	1.7873140433081309e+00	1.1240474795596658e+01	1.4144234393600026e+00	1.4932910783656212e+00	0.0000000000000000e+00	0.0000000000000000e+00	
1.6931835792013945e+00	-4.0512413137612441e-03	-4.7637385305668873e+00	6.8092890427345276e-01	9.9999999999999978e-02	0.0000000000000000e+00	-3.0707668249337753e+03	-3.6108266848028786e+06	-3.4108279905436397e+07	1.2248971374766899e-02	-1.7883288081387501e+00	5.4568501114996952e+03	1.7873140433081309e+00	1.1240474795596658e+01	1.4144234393600026e+00	1.4932910783656212e+00	0.0000000000000000e+00	0.0000000000000000e+00	
1.6941357544475504e+00	-2.4101040158577072e-03	-4.7450921504233099e+00	6.8039865905350017e-01	9.9999999999999978e-02	0.0000000000000000e+00	-1.8330366590969550e+03	-3.6089429357700292e+06	-3.4089434012835078e+07	1.2267030708335661e-02	-1.7972641827727560e+00	5.4568501114996952e+03	1.7962495338358426e+00	1.1240474795596658e+01	1.4144234393600026e+00	1.4932910783656212e+00	0.0000000000000000e+00	0.0000000000000000e+00	
1.6950879296937060e+00	-2.4101040158577072e-03	-4.7450921504233099e+00	6.8039865905350017e-01	9.9999999999999978e-02	0.0000000000000000e+00	-1.8330366590969550e+03	-3.6089429357700292e+06	-3.4089434012835078e+07	1.2267030708335661e-02	-1.7972641827727560e+00	5.4568501114996952e+03	1.7962495338358426e+00	1.1240474795596658e+01	1.4144234393600026e+00	1.4932910783656212e+00	0.0000000000000000e+00	0.0000000000000000e+00	
1.6960401049398619e+00	-9.8782386566998608e-04	-4.7272430481661578e+00	6.7956784614352117e-01	9.9999999999999978e-02	0.0000000000000000e+00	-7.5368848970878116e+02	-3.6067853766861521e+06	-3.4067854554330498e+07	1.2283587679641009e-02	-1.8061673937408997e+00	5.4568501114996952e+03	1.8051528380046713e+00	1.1240474795596658e+01	1.4144234393600026e+00	1.4932910783656212e+00	0.0000000000000000e+00	0.0000000000000000e+00	
1.6969922801860176e+00	-9.8782386566998608e-04	-4.7272430481661578e+00	6.7956784614352117e-01	9.9999999999999978e-02	0.0000000000000000e+00	-7.5368848970878116e+02	-3.6067853766861521e+06	-3.4067854554330498e+07	1.2283587679641009e-02	-1.8061673937408997e+00	5.4568501114996952e+03	1.8051528380046713e+00	1.1240474795596658e+01	1.4144234393600026e+00	1.4932910783656212e+00	0.0000000000000000e+00	0.0000000000000000e+00	
1.6979444554321734e+00	3.6388729849130477e-04	-4.7094062695923693e+00	6.7877120109029399e-01	9.9999999999999978e-02	0.0000000000000000e+00	2.7852851949628041e+02	-3.6046983816895150e+06	-3.4046983924502082e+07	1.2298535280340568e-02	-1.8150389995056471e+00	5.4568501114996952e+03	1.8140245170808698e+00	1.1240474795596658e+01	1.4144234393600026e+00	1.4932910783656212e+00	0.0000000000000000e+00	0.0000000000000000e+00	
1.6988966306783291e+00	3.6388729849130477e-04	-4.7094062695923693e+00	6.7877120109029399e-01	9.9999999999999978e-02	0.0000000000000000e+00	2.7852851949628041e+02	-3.6046983816895150e+06	-3.4046983924502082e+07	1.2298535280340568e-02	-1.8150389995056471e+00	5.4568501114996952e+03	1.8140245170808698e+00	1.1240474795596658e+01	1.4144234393600026e+00	1.4932910783656212e+00	0.0000000000000000e+00	0.0000000000000000e+00	
1.6998488059244850e+00	1.4534075490737338e-03	-4.6924140479185992e+00	6.7772780442937441e-01	9.9999999999999978e-02	0.0000000000000000e+00	1.1157808432721047e+03	-3.6023658379379082e+06	-3.4023660107364118e+07	1.2312029746773850e-02	-1.8238796974436189e+00	5.4568501114996952e+03	1.8228652731735515e+00	1.1240474795596658e+01	1.4144234393600026e+00	1.4932910783656212e+00	0.0000000000000000e+00	0.0000000000000000e+00	
1.7008009811706406e+00	1.4534075490737338e-03	-4.6924140479185992e+00	6.7772780442937441e-01	9.9999999999999978e-02	0.0000000000000000e+00	1.1157808432721047e+03	-3.6023658379379082e+06	-3.4023660107364118e+07	1.2312029746773850e-02	-1.8238796974436189e+00	5.4568501114996952e+03	1.8228652731735515e+00	1.1240474795596658e+01	1.4144234393600026e+00	1.4932910783656212e+00	0.0000000000000000e+00	0.0000000000000000e+00	
1.7017531564167965e+00	2.4463067827197979e-03	-4.6754431773557972e+00	6.7676170554665649e-01	9.9999999999999978e-02	0.0000000000000000e+00	1.8836705776409428e+03	-3.6001186821052302e+06	-3.4001191748965614e+07	1.2323929507761471e-02	-1.8326901285478643e+00	5.4568501114996952e+03	1.8316757512300876e+00	1.1240474795596658e+01	1.4144234393600026e+00	1.4932910783656212e+00	0.0000000000000000e+00	0.0000000000000000e+00	
1.7027053316629521e+00	2.4463067827197979e-03	-4.6754431773557972e+00	6.7676170554665649e-01	9.9999999999999978e-02	0.0000000000000000e+00	1.8836705776409428e+03	-3.6001186821052302e+06	-3.4001191748965614e+07	1.2323929507761471e-02	-1.8326901285478643e+00	5.4568501114996952e+03	1.8316757512300876e+00	1.1240474795596658e+01	1.4144234393600026e+00	1.4932910783656212e+00	0.0000000000000000e+00	0.0000000000000000e+00	
1.7036575069091080e+00	3.1607772218028725e-03	-4.6593511146012645e+00	6.7560599729503734e-01	9.9999999999999978e-02	0.0000000000000000e+00	2.4405535530517668e+03	-3.5976581453553829e+06	-3.3976589731578998e+07	1.2334499188624806e-02	-1.8414709467351440e+00	5.4568501114996952e+03	1.8404566089159200e+00	1.1240474795596658e+01	1.4144234393600026e+00	1.4932910783656212e+00	0.0000000000000000e+00	0.0000000000000000e+00	
1.7046096821552637e+00	3.1607772218028725e-03	-4.6593511146012645e+00	6.7560599729503734e-01	9.9999999999999978e-02	0.0000000000000000e+00	2.4405535530517668e+03	-3.5976581453553829e+06	-3.3976589731578998e+07	1.2334499188624806e-02	-1.8414709467351440e+00	5.4568501114996952e+03	1.8404566089159200e+00	1.1240474795596658e+01	1.4144234393600026e+00	1.4932910783656212e+00	0.0000000000000000e+00	0.0000000000000000e+00	
1.7055618574014195e+00	3.7785758451944229e-03	-4.6433043461593932e+00	6.7457172190045234e-01	9.9999999999999978e-02	0.0000000000000000e+00	2.9257461087696934e+03	-3.5953042043340672e+06	-3.3953053947742015e+07	1.2343588878105083e-02	-1.8502228926107755e+00	5.4568501114996952e+03	1.8492085912582044e+00	1.1240474795596658e+01	1.4144234393600026e+00	1.4932910783656212e+00	0.0000000000000000e+00	0.0000000000000000e+00	
1.7065140326475752e+00	3.7785758451944229e-03	-4.6433043461593932e+00	6.7457172190045234e-01	9.9999999999999978e-02	0.0000000000000000e+00	2.9257461087696934e+03	-3.5953042043340672e+06	-3.3953053947742015e+07	1.2343588878105083e-02	-1.8502228926107755e+00	5.4568501114996952e+03	1.8492085912582044e+00	1.1240474795596658e+01	1.4144234393600026e+00	1.4932910783656212e+00	0.0000000000000000e+00	0.0000000000000000e+00	
1.7074662078937310e+00	4.1254738703605806e-03	-4.6281582054505899e+00	6.7340635193208587e-01	9.9999999999999978e-02	0.0000000000000000e+00	3.2025463932191183e+03	-3.5927730568397474e+06	-3.3927744841914319e+07	1.2351566245769179e-02	-1.8589465734372204e+00	5.4568501114996952e+03	1.8579323081500203e+00	1.1240474795596658e+01	1.4144234393600026e+00	1.4932910783656212e+00	0.0000000000000000e+00	0.0000000000000000e+00	
1.7084183831398867e+00	4.1254738703605806e-03	-4.6281582054505899e+00	6.7340635193208587e-01	9.9999999999999978e-02	0.0000000000000000e+00	3.2025463932191183e+03	-3.5927730568397474e+06	-3.3927744841914319e+07	1.2351566245769179e-02	-1.8589465734372204e+00	5.4568501114996952e+03	1.8579323081500203e+00	1.1240474795596658e+01	1.4144234393600026e+00	1.4932910783656212e+00	0.0000000000000000e+00	0.0000000000000000e+00	
1.7093705583860426e+00	4.4002861098282348e-03	-4.6130917228667236e+00	6.7240412771281322e-01	9.9999999999999978e-02	0.0000000000000000e+00	3.4247465333889727e+03	-3.5903733284132350e+06	-3.3903749617929764e+07	1.2358298395583472e-02	-1.8676428426549665e+00	5.4568501114996952e+03	1.8666286173136351e+00	1.1240474795596658e+01	1.4144234393600026e+00	1.4932910783656212e+00	0.0000000000000000e+00	0.0000000000000000e+00	
1.7103227336321982e+00	4.4002861098282348e-03	-4.6130917228667236e+00	6.7240412771281322e-01	9.9999999999999978e-02	0.0000000000000000e+00	3.4247465333889727e+03	-3.5903733284132350e+06	-3.3903749617929764e+07	1.2358298395583472e-02	-1.8676428426549665e+00	5.4568501114996952e+03	1.8666286173136351e+00	1.1240474795596658e+01	1.4144234393600026e+00	1.4932910783656212e+00	0.0000000000000000e+00	0.0000000000000000e+00	
1.7112749088783541e+00	4.4321715171674733e-03	-4.5989335811831964e+00	6.7132831502995893e-01	9.9999999999999978e-02	0.0000000000000000e+00	3.4577375300181798e+03	-3.5878361611543950e+06	-3.3878378273322113e+07	1.2364238587403773e-02	-1.8763122575407445e+00	5.4568501114996952e+03	1.8752980775506547e+00	1.1240474795596658e+01	1.4144234393600026e+00	1.4932910783656212e+00	0.0000000000000000e+00	0.0000000000000000e+00	
1.7122270841245097e+00	4.4321715171674733e-03	-4.5989335811831964e+00	6.7132831502995893e-01	9.9999999999999978e-02	0.0000000000000000e+00	3.4577375300181798e+03	-3.5878361611543950e+06	-3.3878378273322113e+07	1.2364238587403773e-02	-1.8763122575407445e+00	5.4568501114996952e+03	1.8752980775506547e+00	1.1240474795596658e+01	1.4144234393600026e+00	1.4932910783656212e+00	0.0000000000000000e+00	0.0000000000000000e+00	
1.7131792593706656e+00	4.4373352903765142e-03	-4.5848947853629163e+00	6.7045190595537196e-01	9.9999999999999978e-02	0.0000000000000000e+00	3.4700619974780493e+03	-3.5854557106931023e+06	-3.3854573898837559e+07	1.2369294732644462e-02	-1.8849557868257694e+00	5.4568501114996952e+03	1.8839416612649562e+00	1.1240474795596658e+01	1.4144234393600026e+00	1.4932910783656212e+00	0.0000000000000000e+00	0.0000000000000000e+00	
1.7141314346168213e+00	4.4373352903765142e-03	-4.5848947853629163e+00	6.7045190595537196e-01	9.9999999999999978e-02	0.0000000000000000e+00	3.4700619974780493e+03	-3.5854557106931023e+06	-3.3854573898837559e+07	1.2369294732644462e-02	-1.8849557868257694e+00	5.4568501114996952e+03	1.8839416612649562e+00	1.1240474795596658e+01	1.4144234393600026e+00	1.4932910783656212e+00	0.0000000000000000e+00	0.0000000000000000e+00	
1.7150836098629771e+00	4.2436714427375810e-03	-4.5717567014879963e+00	6.6955621529396181e-01	9.9999999999999978e-02	0.0000000000000000e+00	3.3258522326355824e+03	-3.5829793700788189e+06	-3.3829809136672020e+07	1.2373978675034675e-02	-1.8935739323197580e+00	5.4568501114996952e+03	1.8925598707721698e+00	1.1240474795596658e+01	1.4144234393600026e+00	1.4932910783656212e+00	0.0000000000000000e+00	0.0000000000000000e+00	
1.7160357851091328e+00	4.2436714427375810e-03	-4.5717567014879963e+00	6.6955621529396181e-01	9.9999999999999978e-02	0.0000000000000000e+00	3.3258522326355824e+03	-3.5829793700788189e+06	-3.3829809136672020e+07	1.2373978675034675e-02	-1.8935739323197580e+00	5.4568501114996952e+03	1.8925598707721698e+00	1.1240474795596658e+01	1.4144234393600026e+00	1.4932910783656212e+00	0.0000000000000000e+00	0.0000000000000000e+00	
1.7169879603552887e+00	4.0841076525518398e-03	-4.5587757126280204e+00	6.6888810746411709e-01	9.9999999999999978e-02	0.0000000000000000e+00	3.2078545545509328e+03	-3.5806816756677255e+06	-3.3806831125908703e+07	1.2378259158170698e-02	-1.9021677711570217e+00	5.4568501114996952e+03	1.9011537860106937e+00	1.1240474795596658e+01	1.4144234393600026e+00	1.4932910783656212e+00	0.0000000000000000e+00	0.0000000000000000e+00	
1.7179401356014443e+00	4.0841076525518398e-03	-4.5587757126280204e+00	6.6888810746411709e-01	9.9999999999999978e-02	0.0000000000000000e+00	3.2078545545509328e+03	-3.5806816756677255e+06	-3.3806831125908703e+07	1.2378259158170698e-02	-1.9021677711570217e+00	5.4568501114996952e+03	1.9011537860106937e+00	1.1240474795596658e+01	1.4144234393600026e+00	1.4932910783656212e+00	0.0000000000000000e+00	0.0000000000000000e+00	
1.7188923108476002e+00	3.7823860185139963e-03	-4.5466646973787670e+00	6.6824920721916614e-01	9.9999999999999978e-02	0.0000000000000000e+00	2.9768232305617767e+03	-3.5783278138438202e+06	-3.3783290520583481e+07	1.2382675065815170e-02	-1.9107377345989853e+00	5.4568501114996952e+03	1.9097238378428736e+00	1.1240474795596658e+01	1.4144234393600026e+00	1.4932910783656212e+00	0.0000000000000000e+00	0.0000000000000000e+00	
1.7198444860937558e+00	3.7823860185139963e-03	-4.5466646973787670e+00	6.6824920721916614e-01	9.9999999999999978e-02	0.0000000000000000e+00	2.9768232305617767e+03	-3.5783278138438202e+06	-3.3783290520583481e+07	1.2382675065815170e-02	-1.9107377345989853e+00	5.4568501114996952e+03	1.9097238378428736e+00	1.1240474795596658e+01	1.4144234393600026e+00	1.4932910783656212e+00	0.0000000000000000e+00	0.0000000000000000e+00	
1.7207966613399117e+00	3.5837057607976384e-03	-4.5347409954269393e+00	6.6785566984351896e-01	9.9999999999999978e-02	0.0000000000000000e+00	2.8261665910120373e+03	-3.5761678987098206e+06	-3.3761690154381961e+07	1.2387271175498786e-02	-1.9192849910055947e+00	5.4568501114996952e+03	1.9182711965643007e+00	1.1240474795596658e+01	1.4144234393600026e+00	1.4932910783656212e+00	0.0000000000000000e+00	0.0000000000000000e+00	
1.7217488365860674e+00	3.5837057607976384e-03	-4.5347409954269393e+00	6.6785566984351896e-01	9.9999999999999978e-02	0.0000000000000000e+00	2.8261665910120373e+03	-3.5761678987098206e+06	-3.3761690154381961e+07	1.2387271175498786e-02	-1.9192849910055947e+00	5.4568501114996952e+03	1.9182711965643007e+00	1.1240474795596658e+01	1.4144234393600026e+00	1.4932910783656212e+00	0.0000000000000000e+00	0.0000000000000000e+00	
1.7227010118322232e+00	3.3058856837400964e-03	-4.5236324285152145e+00	6.6753221092046022e-01	9.9999999999999978e-02	0.0000000000000000e+00	2.6118822106688440e+03	-3.5739877896488886e+06	-3.3739887440348797e+07	1.2392579096814712e-02	-1.9278098858611559e+00	5.4568501114996952e+03	1.9267962064764161e+00	1.1240474795596658e+01	1.4144234393600026e+00	1.4932910783656212e+00	0.0000000000000000e+00	0.0000000000000000e+00	
1.7236531870783789e+00	3.3058856837400964e-03	-4.5236324285152145e+00	6.6753221092046022e-01	9.9999999999999978e-02	0.0000000000000000e+00	2.6118822106688440e+03	-3.5739877896488886e+06	-3.3739887440348797e+07	1.2392579096814712e-02	-1.9278098858611559e+00	5.4568501114996952e+03	1.9267962064764161e+00	1.1240474795596658e+01	1.4144234393600026e+00	1.4932910783656212e+00	0.0000000000000000e+00	0.0000000000000000e+00	
1.7246053623245348e+00	3.1993154476024958e-03	-4.5127321923628303e+00	6.6746003050268898e-01	9.9999999999999978e-02	0.0000000000000000e+00	2.5323869316504788e+03	-3.5720091429431848e+06	-3.3720100406148434e+07	1.2398727702684657e-02	-1.9363136525036280e+00	5.4568501114996952e+03	1.9353001022119081e+00	1.1240474795596658e+01	1.4144234393600026e+00	1.4932910783656212e+00	0.0000000000000000e+00	0.0000000000000000e+00	
1.7255575375706904e+00	3.1993154476024958e-03	-4.5127321923628303e+00	6.6746003050268898e-01	9.9999999999999978e-02	0.0000000000000000e+00	2.5323869316504788e+03	-3.5720091429431848e+06	-3.3720100406148434e+07	1.2398727702684657e-02	-1.9363136525036280e+00	5.4568501114996952e+03	1.9353001022119081e+00	1.1240474795596658e+01	1.4144234393600026e+00	1.4932910783656212e+00	0.0000000000000000e+00	0.0000000000000000e+00	
1.7265097128168463e+00	3.0773469900853157e-03	-4.5025739308463022e+00	6.6749046399322498e-01	9.9999999999999978e-02	0.0000000000000000e+00	2.4399954449554666e+03	-3.5700426104851812e+06	-3.3700434443095505e+07	1.2406208122963098e-02	-1.9447965453297424e+00	5.4568501114996952e+03	1.9437831363249407e+00	1.1240474795596658e+01	1.4144234393600026e+00	1.4932910783656212e+00	0.0000000000000000e+00	0.0000000000000000e+00	
1.7274618880630019e+00	3.0773469900853157e-03	-4.5025739308463022e+00	6.6749046399322498e-01	9.9999999999999978e-02	0.0000000000000000e+00	2.4399954449554666e+03	-3.5700426104851812e+06	-3.3700434443095505e+07	1.2406208122963098e-02	-1.9447965453297424e+00	5.4568501114996952e+03	1.9437831363249407e+00	1.1240474795596658e+01	1.4144234393600026e+00	1.4932910783656212e+00	0.0000000000000000e+00	0.0000000000000000e+00	
1.7284140633091578e+00	3.1848873483453291e-03	-4.4926360845169127e+00	6.6776557197354502e-01	9.9999999999999978e-02	0.0000000000000000e+00	2.5295976323160967e+03	-3.5682774174632281e+06	-3.3682783140952177e+07	1.2415231923289737e-02	-1.9532598287284106e+00	5.4568501114996952e+03	1.9522465742050283e+00	1.1240474795596658e+01	1.4144234393600026e+00	1.4932910783656212e+00	0.0000000000000000e+00	0.0000000000000000e+00	
1.7293662385553135e+00	3.1848873483453291e-03	-4.4926360845169127e+00	6.6776557197354502e-01	9.9999999999999978e-02	0.0000000000000000e+00	2.5295976323160967e+03	-3.5682774174632281e+06	-3.3682783140952177e+07	1.2415231923289737e-02	-1.9532598287284106e+00	5.4568501114996952e+03	1.9522465742050283e+00	1.1240474795596658e+01	1.4144234393600026e+00	1.4932910783656212e+00	0.0000000000000000e+00	0.0000000000000000e+00	
1.7303184138014693e+00	3.3345040685076517e-03	-4.4833559533924232e+00	6.6816690761087960e-01	9.9999999999999978e-02	0.0000000000000000e+00	2.6526304877738335e+03	-3.5665533600169849e+06	-3.3665543464661978e+07	1.2426218185072396e-02	-1.9617036673427184e+00	5.4568501114996952e+03	1.9606905780638839e+00	1.1240474795596658e+01	1.4144234393600026e+00	1.4932910783656212e+00	0.0000000000000000e+00	0.0000000000000000e+00	
1.7312705890476250e+00	3.3345040685076517e-03	-4.4833559533924232e+00	6.6816690761087960e-01	9.9999999999999978e-02	0.0000000000000000e+00	2.6526304877738335e+03	-3.5665533600169849e+06	-3.3665543464661978e+07	1.2426218185072396e-02	-1.9617036673427184e+00	5.4568501114996952e+03	1.9606905780638839e+00	1.1240474795596658e+01	1.4144234393600026e+00	1.4932910783656212e+00	0.0000000000000000e+00	0.0000000000000000e+00	
1.7322227642937809e+00	3.7541737827839154e-03	-4.4742983343190268e+00	6.6879361857077757e-01	9.9999999999999978e-02	0.0000000000000000e+00	2.9912438185223687e+03	-3.5650233604387157e+06	-3.3650246153446577e+07	1.2439448844359192e-02	-1.9701293194244940e+00	5.4568501114996952e+03	1.9691164072248724e+00	1.1240474795596658e+01	1.4144234393600026e+00	1.4932910783656212e+00	0.0000000000000000e+00	0.0000000000000000e+00	
1.7331749395399365e+00	3.7541737827839154e-03	-4.4742983343190268e+00	6.6879361857077757e-01	9.9999999999999978e-02	0.0000000000000000e+00	2.9912438185223687e+03	-3.5650233604387157e+06	-3.3650246153446577e+07	1.2439448844359192e-02	-1.9701293194244940e+00	5.4568501114996952e+03	1.9691164072248724e+00	1.1240474795596658e+01	1.4144234393600026e+00	1.4932910783656212e+00	0.0000000000000000e+00	0.0000000000000000e+00	
1.7341271147860924e+00	4.2605514572323219e-03	-4.4658098614665720e+00	6.6956100550635544e-01	9.9999999999999978e-02	0.0000000000000000e+00	3.3997720382916054e+03	-3.5635611135700997e+06	-3.3635627353252634e+07	1.2455240840491891e-02	-1.9785368633443892e+00	5.4568501114996952e+03	1.9775241370939509e+00	1.1240474795596658e+01	1.4144234393600026e+00	1.4932910783656212e+00	0.0000000000000000e+00	0.0000000000000000e+00	
1.7350792900322480e+00	4.2605514572323219e-03	-4.4658098614665720e+00	6.6956100550635544e-01	9.9999999999999978e-02	0.0000000000000000e+00	3.3997720382916054e+03	-3.5635611135700997e+06	-3.3635627353252634e+07	1.2455240840491891e-02	-1.9785368633443892e+00	5.4568501114996952e+03	1.9775241370939509e+00	1.1240474795596658e+01	1.4144234393600026e+00	1.4932910783656212e+00	0.0000000000000000e+00	0.0000000000000000e+00	
1.7360314652784039e+00	5.0541002512538352e-03	-4.4575367957384513e+00	6.7052236161698464e-01	9.9999999999999978e-02	0.0000000000000000e+00	4.0390289517057640e+03	-3.5622799858043678e+06	-3.3622822755948476e+07	1.2473925490543035e-02	-1.9869275129637574e+00	5.4568501114996952e+03	1.9859149829784548e+00	1.1240474795596658e+01	1.4144234393600026e+00	1.4932910783656212e+00	0.0000000000000000e+00	0.0000000000000000e+00	
1.7369836405245596e+00	5.0541002512538352e-03	-4.4575367957384513e+00	6.7052236161698464e-01	9.9999999999999978e-02	0.0000000000000000e+00	4.0390289517057640e+03	-3.5622799858043678e+06	-3.3622822755948476e+07	1.2473925490543035e-02	-1.9869275129637574e+00	5.4568501114996952e+03	1.9859149829784548e+00	1.1240474795596658e+01	1.4144234393600026e+00	1.4932910783656212e+00	0.0000000000000000e+00	0.0000000000000000e+00	
1.7379358157707154e+00	5.9614583501377419e-03	-4.4497452284386378e+00	6.7162923675282382e-01	9.9999999999999978e-02	0.0000000000000000e+00	4.7709018568708307e+03	-3.5610913514955565e+06	-3.3610945473549224e+07	1.2495690812987827e-02	-1.9953012685589717e+00	5.4568501114996952e+03	1.9942889417319460e+00	1.1240474795596658e+01	1.4144234393600026e+00	1.4932910783656212e+00	0.0000000000000000e+00	0.0000000000000000e+00	
1.7388879910168711e+00	5.9614583501377419e-03	-4.4497452284386378e+00	6.7162923675282382e-01	9.9999999999999978e-02	0.0000000000000000e+00	4.7709018568708307e+03	-3.5610913514955565e+06	-3.3610945473549224e+07	1.2495690812987827e-02	-1.9953012685589717e+00	5.4568501114996952e+03	1.9942889417319460e+00	1.1240474795596658e+01	1.4144234393600026e+00	1.4932910783656212e+00	0.0000000000000000e+00	0.0000000000000000e+00	
1.7398401662630270e+00	7.1471417464203987e-03	-4.4421532561284076e+00	6.7288785341147594e-01	9.9999999999999978e-02	0.0000000000000000e+00	5.7279216662410136e+03	-3.5600673364703357e+06	-3.3600719443979733e+07	1.2520890546813965e-02	-2.0036592638090869e+00	5.4568501114996952e+03	2.0026471490367421e+00	1.1240474795596658e+01	1.4144234393600026e+00	1.4932910783656212e+00	0.0000000000000000e+00	0.0000000000000000e+00	
1.7407923415091826e+00	7.1471417464203987e-03	-4.4421532561284076e+00	6.7288785341147594e-01	9.9999999999999978e-02	0.0000000000000000e+00	5.7279216662410136e+03	-3.5600673364703357e+06	-3.3600719443979733e+07	1.2520890546813965e-02	-2.0036592638090869e+00	5.4568501114996952e+03	2.0026471490367421e+00	1.1240474795596658e+01	1.4144234393600026e+00	1.4932910783656212e+00	0.0000000000000000e+00	0.0000000000000000e+00	
1.7417445167553385e+00	8.4544950130810703e-03	-4.4349585116291355e+00	6.7428786035325239e-01	9.9999999999999978e-02	0.0000000000000000e+00	6.7849342906606498e+03	-3.5591601907230895e+06	-3.3591666578795269e+07	1.2549563890467184e-02	-2.0120014315028070e+00	5.4568501114996952e+03	2.0109895339392607e+00	1.1240474795596658e+01	1.4144234393600026e+00	1.4932910783656212e+00	0.0000000000000000e+00	0.0000000000000000e+00	
1.7426966920014941e+00	8.4544950130810703e-03	-4.4349585116291355e+00	6.7428786035325239e-01	9.9999999999999978e-02	0.0000000000000000e+00	6.7849342906606498e+03	-3.5591601907230895e+06	-3.3591666578795269e+07	1.2549563890467184e-02	-2.0120014315028070e+00	5.4568501114996952e+03	2.0109895339392607e+00	1.1240474795596658e+01	1.4144234393600026e+00	1.4932910783656212e+00	0.0000000000000000e+00	0.0000000000000000e+00	
1.7436488672476500e+00	1.0006076494460435e-02	-4.4279396524794894e+00	6.7578851614202995e-01	9.9999999999999978e-02	0.0000000000000000e+00	8.0411250774478049e+03	-3.5583993986757472e+06	-3.3584084841665387e+07	1.2582057510716029e-02	-2.0203287956645659e+00	5.4568501114996952e+03	2.0193171230532241e+00	1.1240474795596658e+01	1.4144234393600026e+00	1.4932910783656212e+00	0.0000000000000000e+00	0.0000000000000000e+00	
1.7446010424938057e+00	1.0006076494460435e-02	-4.4279396524794894e+00	6.7578851614202995e-01	9.9999999999999978e-02	0.0000000000000000e+00	8.0411250774478049e+03	-3.5583993986757472e+06	-3.3584084841665387e+07	1.2582057510716029e-02	-2.0203287956645659e+00	5.4568501114996952e+03	2.0193171230532241e+00	1.1240474795596658e+01	1.4144234393600026e+00	1.4932910783656212e+00	0.0000000000000000e+00	0.0000000000000000e+00	
1.7455532177399615e+00	1.1668443748541557e-02	-4.4212374395313594e+00	6.7741813555169861e-01	9.9999999999999978e-02	0.0000000000000000e+00	9.3896224254675653e+03	-3.5577795210042540e+06	-3.3577919114369988e+07	1.2618250803502536e-02	-2.0286412320159171e+00	5.4568501114996952e+03	2.0276297882007945e+00	1.1240474795596658e+01	1.4144234393600026e+00	1.4932910783656212e+00	0.0000000000000000e+00	0.0000000000000000e+00	
1.7465053929861172e+00	1.1668443748541557e-02	-4.4212374395313594e+00	6.7741813555169861e-01	9.9999999999999978e-02	0.0000000000000000e+00	9.3896224254675653e+03	-3.5577795210042540e+06	-3.3577919114369988e+07	1.2618250803502536e-02	-2.0286412320159171e+00	5.4568501114996952e+03	2.0276297882007945e+00	1.1240474795596658e+01	1.4144234393600026e+00	1.4932910783656212e+00	0.0000000000000000e+00	0.0000000000000000e+00	
1.7474575682322731e+00	1.3518416450177779e-02	-4.4146803438533304e+00	6.7909113050768188e-01	9.9999999999999978e-02	0.0000000000000000e+00	1.0892949693922908e+04	-3.5572872812132202e+06	-3.3573039591008157e+07	1.2658454383652974e-02	-2.0369396326984366e+00	5.4568501114996952e+03	2.0359284245708844e+00	1.1240474795596658e+01	1.4144234393600026e+00	1.4932910783656212e+00	0.0000000000000000e+00	0.0000000000000000e+00	
1.7484097434784287e+00	1.3518416450177779e-02	-4.4146803438533304e+00	6.7909113050768188e-01	9.9999999999999978e-02	0.0000000000000000e+00	1.0892949693922908e+04	-3.5572872812132202e+06	-3.3573039591008157e+07	1.2658454383652974e-02	-2.0369396326984366e+00	5.4568501114996952e+03	2.0359284245708844e+00	1.1240474795596658e+01	1.4144234393600026e+00	1.4932910783656212e+00	0.0000000000000000e+00	0.0000000000000000e+00	
1.7493619187245846e+00	1.5452401251897186e-02	-4.4083632194835189e+00	6.8087392592750284e-01	9.9999999999999978e-02	0.0000000000000000e+00	1.2468021794681164e+04	-3.5569597115310654e+06	-3.3569815632109493e+07	1.2702387305690189e-02	-2.0452238276517876e+00	5.4568501114996952e+03	2.0442128582212500e+00	1.1240474795596658e+01	1.4144234393600026e+00	1.4932910783656212e+00	0.0000000000000000e+00	0.0000000000000000e+00	
1.7503140939707402e+00	1.5452401251897186e-02	-4.4083632194835189e+00	6.8087392592750284e-01	9.9999999999999978e-02	0.0000000000000000e+00	1.2468021794681164e+04	-3.5569597115310654e+06	-3.3569815632109493e+07	1.2702387305690189e-02	-2.0452238276517876e+00	5.4568501114996952e+03	2.0442128582212500e+00	1.1240474795596658e+01	1.4144234393600026e+00	1.4932910783656212e+00	0.0000000000000000e+00	0.0000000000000000e+00	
1.7512662692168961e+00	1.7498612248726154e-02	-4.4021555270784871e+00	6.8263972385701033e-01	9.9999999999999978e-02	0.0000000000000000e+00	1.4138083571484001e+04	-3.5567416348145213e+06	-3.3567697342153221e+07	1.2750298138811894e-02	-2.0534945631065584e+00	5.4568501114996952e+03	2.0524838386061912e+00	1.1240474795596658e+01	1.4144234393600026e+00	1.4932910783656212e+00	0.0000000000000000e+00	0.0000000000000000e+00	
1.7522184444630517e+00	1.7498612248726154e-02	-4.4021555270784871e+00	6.8263972385701033e-01	9.9999999999999978e-02	0.0000000000000000e+00	1.4138083571484001e+04	-3.5567416348145213e+06	-3.3567697342153221e+07	1.2750298138811894e-02	-2.0534945631065584e+00	5.4568501114996952e+03	2.0524838386061912e+00	1.1240474795596658e+01	1.4144234393600026e+00	1.4932910783656212e+00	0.0000000000000000e+00	0.0000000000000000e+00	
1.7531706197092076e+00	1.9588162632132752e-02	-4.3961158835450789e+00	6.8449106865520493e-01	9.9999999999999978e-02	0.0000000000000000e+00	1.5847953045195816e+04	-3.5567112348448317e+06	-3.3567465422331035e+07	1.2801754086464900e-02	-2.0617516353726293e+00	5.4568501114996952e+03	2.0607411582749573e+00	1.1240474795596658e+01	1.4144234393600026e+00	1.4932910783656212e+00	0.0000000000000000e+00	0.0000000000000000e+00	
1.7541227949553633e+00	1.9588162632132752e-02	-4.3961158835450789e+00	6.8449106865520493e-01	9.9999999999999978e-02	0.0000000000000000e+00	1.5847953045195816e+04	-3.5567112348448317e+06	-3.3567465422331035e+07	1.2801754086464900e-02	-2.0617516353726293e+00	5.4568501114996952e+03	2.0607411582749573e+00	1.1240474795596658e+01	1.4144234393600026e+00	1.4932910783656212e+00	0.0000000000000000e+00	0.0000000000000000e+00	
1.7550749702015191e+00	2.1701241187998786e-02	-4.3901473978434193e+00	6.8626501137033447e-01	9.9999999999999978e-02	0.0000000000000000e+00	1.7581733466551053e+04	-3.5567735853956044e+06	-3.3568170398714051e+07	1.2856920443991960e-02	-2.0699956390105725e+00	5.4568501114996952e+03	2.0689854148020568e+00	1.1240474795596658e+01	1.4144234393600026e+00	1.4932910783656212e+00	0.0000000000000000e+00	0.0000000000000000e+00	
1.7560271454476748e+00	2.1701241187998786e-02	-4.3901473978434193e+00	6.8626501137033447e-01	9.9999999999999978e-02	0.0000000000000000e+00	1.7581733466551053e+04	-3.5567735853956044e+06	-3.3568170398714051e+07	1.2856920443991960e-02	-2.0699956390105725e+00	5.4568501114996952e+03	2.0689854148020568e+00	1.1240474795596658e+01	1.4144234393600026e+00	1.4932910783656212e+00	0.0000000000000000e+00	0.0000000000000000e+00	
1.7569793206938307e+00	2.3807304737237335e-02	-4.3842823326091054e+00	6.8809737083175659e-01	9.9999999999999978e-02	0.0000000000000000e+00	1.9315289438645854e+04	-3.5570461742630005e+06	-3.3570986163227357e+07	1.2915229777920227e-02	-2.0782263500994267e+00	5.4568501114996952e+03	2.0772163806869908e+00	1.1240474795596658e+01	1.4144234393600026e+00	1.4932910783656212e+00	0.0000000000000000e+00	0.0000000000000000e+00	
1.7579314959399863e+00	2.3807304737237335e-02	-4.3842823326091054e+00	6.8809737083175659e-01	9.9999999999999978e-02	0.0000000000000000e+00	1.9315289438645854e+04	-3.5570461742630005e+06	-3.3570986163227357e+07	1.2915229777920227e-02	-2.0782263500994267e+00	5.4568501114996952e+03	2.0772163806869908e+00	1.1240474795596658e+01	1.4144234393600026e+00	1.4932910783656212e+00	0.0000000000000000e+00	0.0000000000000000e+00	
1.7588836711861422e+00	2.5841573290051049e-02	-4.3784490937579843e+00	6.8979451724861640e-01	9.9999999999999978e-02	0.0000000000000000e+00	2.0995727396535684e+04	-3.5573965470420178e+06	-3.3574585048142679e+07	1.2976749523708357e-02	-2.0864442138224319e+00	5.4568501114996952e+03	2.0854345035096280e+00	1.1240474795596658e+01	1.4144234393600026e+00	1.4932910783656212e+00	0.0000000000000000e+00	0.0000000000000000e+00	
1.7598358464322978e+00	2.5841573290051049e-02	-4.3784490937579843e+00	6.8979451724861640e-01	9.9999999999999978e-02	0.0000000000000000e+00	2.0995727396535684e+04	-3.5573965470420178e+06	-3.3574585048142679e+07	1.2976749523708357e-02	-2.0864442138224319e+00	5.4568501114996952e+03	2.0854345035096280e+00	1.1240474795596658e+01	1.4144234393600026e+00	1.4932910783656212e+00	0.0000000000000000e+00	0.0000000000000000e+00	
1.7607880216784537e+00	2.7812939665932224e-02	-4.3726623669154749e+00	6.9152147540357545e-01	9.9999999999999978e-02	0.0000000000000000e+00	2.2631026612654448e+04	-3.5579783935980089e+06	-3.3580503667986177e+07	1.3040801563222718e-02	-2.0946490005893486e+00	5.4568501114996952e+03	2.0936395502741125e+00	1.1240474795596658e+01	1.4144234393600026e+00	1.4932910783656212e+00	0.0000000000000000e+00	0.0000000000000000e+00	
1.7617401969246094e+00	2.7812939665932224e-02	-4.3726623669154749e+00	6.9152147540357545e-01	9.9999999999999978e-02	0.0000000000000000e+00	2.2631026612654448e+04	-3.5579783935980089e+06	-3.3580503667986177e+07	1.3040801563222718e-02	-2.0946490005893486e+00	5.4568501114996952e+03	2.0936395502741125e+00	1.1240474795596658e+01	1.4144234393600026e+00	1.4932910783656212e+00	0.0000000000000000e+00	0.0000000000000000e+00	
1.7626923721707652e+00	2.9617727316191673e-02	-4.3668682850649079e+00	6.9306029079919484e-01	9.9999999999999978e-02	0.0000000000000000e+00	2.4135920690720719e+04	-3.5586250582280289e+06	-3.3587069066890009e+07	1.3107348776135574e-02	-2.1028410140688099e+00	5.4568501114996952e+03	2.1018318260919813e+00	1.1240474795596658e+01	1.4144234393600026e+00	1.4932910783656212e+00	0.0000000000000000e+00	0.0000000000000000e+00	
1.7636445474169209e+00	2.9617727316191673e-02	-4.3668682850649079e+00	6.9306029079919484e-01	9.9999999999999978e-02	0.0000000000000000e+00	2.4135920690720719e+04	-3.5586250582280289e+06	-3.3587069066890009e+07	1.3107348776135574e-02	-2.1028410140688099e+00	5.4568501114996952e+03	2.1018318260919813e+00	1.1240474795596658e+01	1.4144234393600026e+00	1.4932910783656212e+00	0.0000000000000000e+00	0.0000000000000000e+00	
1.7645967226630768e+00	3.1303848545133080e-02	-4.3610710959710124e+00	6.9460035902922579e-01	9.9999999999999978e-02	0.0000000000000000e+00	2.5550317921172726e+04	-3.5595224918834455e+06	-3.3596141910282910e+07	1.3175632415741205e-02	-2.1110200308269782e+00	5.4568501114996952e+03	2.1100111042959275e+00	1.1240474795596658e+01	1.4144234393600026e+00	1.4932910783656212e+00	0.0000000000000000e+00	0.0000000000000000e+00	
1.7655488979092324e+00	3.1303848545133080e-02	-4.3610710959710124e+00	6.9460035902922579e-01	9.9999999999999978e-02	0.0000000000000000e+00	2.5550317921172726e+04	-3.5595224918834455e+06	-3.3596141910282910e+07	1.3175632415741205e-02	-2.1110200308269782e+00	5.4568501114996952e+03	2.1100111042959275e+00	1.1240474795596658e+01	1.4144234393600026e+00	1.4932910783656212e+00	0.0000000000000000e+00	0.0000000000000000e+00	
1.7665010731553883e+00	3.2736021990575646e-02	-4.3552291484389407e+00	6.9590622406617619e-01	9.9999999999999978e-02	0.0000000000000000e+00	2.6762254170998312e+04	-3.5604738253484871e+06	-3.3605744029917374e+07	1.3245512816489282e-02	-2.1191862260139400e+00	5.4568501114996952e+03	2.1181775603321156e+00	1.1240474795596658e+01	1.4144234393600026e+00	1.4932910783656212e+00	0.0000000000000000e+00	0.0000000000000000e+00	
1.7674532484015439e+00	3.2736021990575646e-02	-4.3552291484389407e+00	6.9590622406617619e-01	9.9999999999999978e-02	0.0000000000000000e+00	2.6762254170998312e+04	-3.5604738253484871e+06	-3.3605744029917374e+07	1.3245512816489282e-02	-2.1191862260139400e+00	5.4568501114996952e+03	2.1181775603321156e+00	1.1240474795596658e+01	1.4144234393600026e+00	1.4932910783656212e+00	0.0000000000000000e+00	0.0000000000000000e+00	
1.7684054236476998e+00	3.3998485306899792e-02	-4.3493400712425236e+00	6.9718574048498416e-01	9.9999999999999978e-02	0.0000000000000000e+00	2.7841493607480297e+04	-3.5616917252987139e+06	-3.3618005411347233e+07	1.3316184548104947e-02	-2.1273393904379740e+00	5.4568501114996952e+03	2.1263309819610319e+00	1.1240474795596658e+01	1.4144234393600026e+00	1.4932910783656212e+00	0.0000000000000000e+00	0.0000000000000000e+00	
1.7693575988938555e+00	3.3998485306899792e-02	-4.3493400712425236e+00	6.9718574048498416e-01	9.9999999999999978e-02	0.0000000000000000e+00	2.7841493607480297e+04	-3.5616917252987139e+06	-3.3618005411347233e+07	1.3316184548104947e-02	-2.1273393904379740e+00	5.4568501114996952e+03	2.1263309819610319e+00	1.1240474795596658e+01	1.4144234393600026e+00	1.4932910783656212e+00	0.0000000000000000e+00	0.0000000000000000e+00	
1.7703097741400113e+00	3.4932981847668521e-02	-4.3433726939162627e+00	6.9819375459305055e-01	9.9999999999999978e-02	0.0000000000000000e+00	2.8656216534127441e+04	-3.5629546011286192e+06	-3.3630698377171367e+07	1.3387415592637565e-02	-2.1354795876339696e+00	5.4568501114996952e+03	2.1344714318602254e+00	1.1240474795596658e+01	1.4144234393600026e+00	1.4932910783656212e+00	0.0000000000000000e+00	0.0000000000000000e+00	
1.7712619493861670e+00	3.4932981847668521e-02	-4.3433726939162627e+00	6.9819375459305055e-01	9.9999999999999978e-02	0.0000000000000000e+00	2.8656216534127441e+04	-3.5629546011286192e+06	-3.3630698377171367e+07	1.3387415592637565e-02	-2.1354795876339696e+00	5.4568501114996952e+03	2.1344714318602254e+00	1.1240474795596658e+01	1.4144234393600026e+00	1.4932910783656212e+00	0.0000000000000000e+00	0.0000000000000000e+00	
1.7722141246323229e+00	3.5656186149182811e-02	-4.3373198944323477e+00	6.9915016190441626e-01	9.9999999999999978e-02	0.0000000000000000e+00	2.9302958774314968e+04	-3.5644952470749635e+06	-3.3646156917419448e+07	1.3458390254357546e-02	-2.1436066296779410e+00	5.4568501114996952e+03	2.1425987193341043e+00	1.1240474795596658e+01	1.4144234393600026e+00	1.4932910783656212e+00	0.0000000000000000e+00	0.0000000000000000e+00	
1.7731662998784785e+00	3.5656186149182811e-02	-4.3373198944323477e+00	6.9915016190441626e-01	9.9999999999999978e-02	0.0000000000000000e+00	2.9302958774314968e+04	-3.5644952470749635e+06	-3.3646156917419448e+07	1.3458390254357546e-02	-2.1436066296779410e+00	5.4568501114996952e+03	2.1425987193341043e+00	1.1240474795596658e+01	1.4144234393600026e+00	1.4932910783656212e+00	0.0000000000000000e+00	0.0000000000000000e+00	
1.7741184751246344e+00	3.5995074079836431e-02	-4.3311615747884984e+00	6.9980814404466685e-01	9.9999999999999978e-02	0.0000000000000000e+00	2.9636641567716044e+04	-3.5660735932695139e+06	-3.3661967420681573e+07	1.3528801355386940e-02	-2.1517204884619638e+00	5.4568501114996952e+03	2.1507128144382444e+00	1.1240474795596658e+01	1.4144234393600026e+00	1.4932910783656212e+00	0.0000000000000000e+00	0.0000000000000000e+00	
1.7750706503707900e+00	3.5995074079836431e-02	-4.3311615747884984e+00	6.9980814404466685e-01	9.9999999999999978e-02	0.0000000000000000e+00	2.9636641567716044e+04	-3.5660735932695139e+06	-3.3661967420681573e+07	1.3528801355386940e-02	-2.1517204884619638e+00	5.4568501114996952e+03	2.1507128144382444e+00	1.1240474795596658e+01	1.4144234393600026e+00	1.4932910783656212e+00	0.0000000000000000e+00	0.0000000000000000e+00	
1.7760228256169459e+00	3.6092871886830920e-02	-4.3248861140812318e+00	7.0039260779173351e-01	9.9999999999999978e-02	0.0000000000000000e+00	2.9775816322442643e+04	-3.5679348252520114e+06	-3.3680590685250372e+07	1.3597859012604992e-02	-2.1598210052019851e+00	5.4568501114996952e+03	2.1588135560302839e+00	1.1240474795596658e+01	1.4144234393600026e+00	1.4932910783656212e+00	0.0000000000000000e+00	0.0000000000000000e+00	
1.7769750008631016e+00	3.6092871886830920e-02	-4.3248861140812318e+00	7.0039260779173351e-01	9.9999999999999978e-02	0.0000000000000000e+00	2.9775816322442643e+04	-3.5679348252520114e+06	-3.3680590685250372e+07	1.3597859012604992e-02	-2.1598210052019851e+00	5.4568501114996952e+03	2.1588135560302839e+00	1.1240474795596658e+01	1.4144234393600026e+00	1.4932910783656212e+00	0.0000000000000000e+00	0.0000000000000000e+00	
1.7779271761092574e+00	3.5770574973073316e-02	-4.3184859909013715e+00	7.0066316482641855e-01	9.9999999999999978e-02	0.0000000000000000e+00	2.9569342185855257e+04	-3.5698277169412430e+06	-3.3699501781732485e+07	1.3665203027526664e-02	-2.1679080810210740e+00	5.4568501114996952e+03	2.1669008427512786e+00	1.1240474795596658e+01	1.4144234393600026e+00	1.4932910783656212e+00	0.0000000000000000e+00	0.0000000000000000e+00	
1.7788793513554131e+00	3.5770574973073316e-02	-4.3184859909013715e+00	7.0066316482641855e-01	9.9999999999999978e-02	0.0000000000000000e+00	2.9569342185855257e+04	-3.5698277169412430e+06	-3.3699501781732485e+07	1.3665203027526664e-02	-2.1679080810210740e+00	5.4568501114996952e+03	2.1669008427512786e+00	1.1240474795596658e+01	1.4144234393600026e+00	1.4932910783656212e+00	0.0000000000000000e+00	0.0000000000000000e+00	
1.7798315266015690e+00	3.5190942566517683e-02	-4.3119452087834933e+00	7.0084267805523248e-01	9.9999999999999978e-02	0.0000000000000000e+00	2.9152066364137507e+04	-3.5720018765451834e+06	-3.3721208334847234e+07	1.3730102880637208e-02	-2.1759815958428734e+00	5.4568501114996952e+03	2.1749745527697537e+00	1.1240474795596658e+01	1.4144234393600026e+00	1.4932910783656212e+00	0.0000000000000000e+00	0.0000000000000000e+00	
1.7807837018477246e+00	3.5190942566517683e-02	-4.3119452087834933e+00	7.0084267805523248e-01	9.9999999999999978e-02	0.0000000000000000e+00	2.9152066364137507e+04	-3.5720018765451834e+06	-3.3721208334847234e+07	1.3730102880637208e-02	-2.1759815958428734e+00	5.4568501114996952e+03	2.1749745527697537e+00	1.1240474795596658e+01	1.4144234393600026e+00	1.4932910783656212e+00	0.0000000000000000e+00	0.0000000000000000e+00	
1.7817358770938805e+00	3.4177794820724944e-02	-4.3052693148207322e+00	7.0070456720672813e-01	9.9999999999999978e-02	0.0000000000000000e+00	2.8374149924311165e+04	-3.5742024213101938e+06	-3.3743150449958362e+07	1.3792170862106776e-02	-2.1840414002678168e+00	5.4568501114996952e+03	2.1830345340064441e+00	1.1240474795596658e+01	1.4144234393600026e+00	1.4932910783656212e+00	0.0000000000000000e+00	0.0000000000000000e+00	
1.7826880523400361e+00	3.4177794820724944e-02	-4.3052693148207322e+00	7.0070456720672813e-01	9.9999999999999978e-02	0.0000000000000000e+00	2.8374149924311165e+04	-3.5742024213101938e+06	-3.3743150449958362e+07	1.3792170862106776e-02	-2.1840414002678168e+00	5.4568501114996952e+03	2.1830345340064441e+00	1.1240474795596658e+01	1.4144234393600026e+00	1.4932910783656212e+00	0.0000000000000000e+00	0.0000000000000000e+00	
1.7836402275861920e+00	3.2905003756251321e-02	-4.2984379369380985e+00	7.0046269125367466e-01	9.9999999999999978e-02	0.0000000000000000e+00	2.7379832954904610e+04	-3.5766752543843202e+06	-3.3767800506290235e+07	1.3850765228430512e-02	-2.1920874233055248e+00	5.4568501114996952e+03	2.1910807145151776e+00	1.1240474795596658e+01	1.4144234393600026e+00	1.4932910783656212e+00	0.0000000000000000e+00	0.0000000000000000e+00	
1.7845924028323477e+00	3.2905003756251321e-02	-4.2984379369380985e+00	7.0046269125367466e-01	9.9999999999999978e-02	0.0000000000000000e+00	2.7379832954904610e+04	-3.5766752543843202e+06	-3.3767800506290235e+07	1.3850765228430512e-02	-2.1920874233055248e+00	5.4568501114996952e+03	2.1910807145151776e+00	1.1240474795596658e+01	1.4144234393600026e+00	1.4932910783656212e+00	0.0000000000000000e+00	0.0000000000000000e+00	
1.7855445780785035e+00	3.1208308705369694e-02	-4.2914689149591254e+00	6.9991089249996397e-01	9.9999999999999978e-02	0.0000000000000000e+00	2.6028342694356295e+04	-3.5791694011771288e+06	-3.3792640412445188e+07	1.3905497580956170e-02	-2.2001194824590677e+00	5.4568501114996952e+03	2.1991129094219675e+00	1.1240474795596658e+01	1.4144234393600026e+00	1.4932910783656212e+00	0.0000000000000000e+00	0.0000000000000000e+00	
1.7864967533246592e+00	3.1208308705369694e-02	-4.2914689149591254e+00	6.9991089249996397e-01	9.9999999999999978e-02	0.0000000000000000e+00	2.6028342694356295e+04	-3.5791694011771288e+06	-3.3792640412445188e+07	1.3905497580956170e-02	-2.2001194824590677e+00	5.4568501114996952e+03	2.1991129094219675e+00	1.1240474795596658e+01	1.4144234393600026e+00	1.4932910783656212e+00	0.0000000000000000e+00	0.0000000000000000e+00	
1.7874489285708151e+00	2.9263707892048293e-02	-4.2843378384026050e+00	6.9924761669202029e-01	9.9999999999999978e-02	0.0000000000000000e+00	2.4465913510715032e+04	-3.5819192629906386e+06	-3.3820028179088980e+07	1.3955839159557098e-02	-2.2081375647920338e+00	5.4568501114996952e+03	2.2071311058070657e+00	1.1240474795596658e+01	1.4144234393600026e+00	1.4932910783656212e+00	0.0000000000000000e+00	0.0000000000000000e+00	
1.7884011038169707e+00	2.9263707892048293e-02	-4.2843378384026050e+00	6.9924761669202029e-01	9.9999999999999978e-02	0.0000000000000000e+00	2.4465913510715032e+04	-3.5819192629906386e+06	-3.3820028179088980e+07	1.3955839159557098e-02	-2.2081375647920338e+00	5.4568501114996952e+03	2.2071311058070657e+00	1.1240474795596658e+01	1.4144234393600026e+00	1.4932910783656212e+00	0.0000000000000000e+00	0.0000000000000000e+00	
1.7893532790631266e+00	2.6927205753772145e-02	-4.2770729092307302e+00	6.9829267558951924e-01	9.9999999999999978e-02	0.0000000000000000e+00	2.2568132075558166e+04	-3.5846848423478529e+06	-3.3847558828383006e+07	1.4001427193813420e-02	-2.2161414681484750e+00	5.4568501114996952e+03	2.2151350999080419e+00	1.1240474795596658e+01	1.4144234393600026e+00	1.4932910783656212e+00	0.0000000000000000e+00	0.0000000000000000e+00	
1.7903054543092822e+00	2.6927205753772145e-02	-4.2770729092307302e+00	6.9829267558951924e-01	9.9999999999999978e-02	0.0000000000000000e+00	2.2568132075558166e+04	-3.5846848423478529e+06	-3.3847558828383006e+07	1.4001427193813420e-02	-2.2161414681484750e+00	5.4568501114996952e+03	2.2151350999080419e+00	1.1240474795596658e+01	1.4144234393600026e+00	1.4932910783656212e+00	0.0000000000000000e+00	0.0000000000000000e+00	
1.7912576295554381e+00	2.4367305626351223e-02	-4.2696471787841732e+00	6.9722351903933810e-01	9.9999999999999978e-02	0.0000000000000000e+00	2.0475261258393286e+04	-3.5876819048980772e+06	-3.3877403316093929e+07	1.4041863784374133e-02	-2.2241312443864940e+00	5.4568501114996952e+03	2.2231249446584025e+00	1.1240474795596658e+01	1.4144234393600026e+00	1.4932910783656212e+00	0.0000000000000000e+00	0.0000000000000000e+00	
1.7922098048015938e+00	2.4367305626351223e-02	-4.2696471787841732e+00	6.9722351903933810e-01	9.9999999999999978e-02	0.0000000000000000e+00	2.0475261258393286e+04	-3.5876819048980772e+06	-3.3877403316093929e+07	1.4041863784374133e-02	-2.2241312443864940e+00	5.4568501114996952e+03	2.2231249446584025e+00	1.1240474795596658e+01	1.4144234393600026e+00	1.4932910783656212e+00	0.0000000000000000e+00	0.0000000000000000e+00	
1.7931619800477496e+00	2.1467852345955583e-02	-4.2620952809335515e+00	6.9589020425847092e-01	9.9999999999999978e-02	0.0000000000000000e+00	1.8086022651993295e+04	-3.5906876269557625e+06	-3.3907331756325953e+07	1.4076835475876596e-02	-2.2321066801855931e+00	5.4568501114996952e+03	2.2311004262573544e+00	1.1240474795596658e+01	1.4144234393600026e+00	1.4932910783656212e+00	0.0000000000000000e+00	0.0000000000000000e+00	
1.7941141552939053e+00	2.1467852345955583e-02	-4.2620952809335515e+00	6.9589020425847092e-01	9.9999999999999978e-02	0.0000000000000000e+00	1.8086022651993295e+04	-3.5906876269557625e+06	-3.3907331756325953e+07	1.4076835475876596e-02	-2.2321066801855931e+00	5.4568501114996952e+03	2.2311004262573544e+00	1.1240474795596658e+01	1.4144234393600026e+00	1.4932910783656212e+00	0.0000000000000000e+00	0.0000000000000000e+00	
1.7950663305400612e+00	1.8380623141431216e-02	-4.2543904334928193e+00	6.9444463021868585e-01	9.9999999999999978e-02	0.0000000000000000e+00	1.5527016786175702e+04	-3.5938929364640396e+06	-3.3939264776865385e+07	1.4106086381859933e-02	-2.2400678941852172e+00	5.4568501114996952e+03	2.2390616654453996e+00	1.1240474795596658e+01	1.4144234393600026e+00	1.4932910783656212e+00	0.0000000000000000e+00	0.0000000000000000e+00	
1.7960185057862168e+00	1.8380623141431216e-02	-4.2543904334928193e+00	6.9444463021868585e-01	9.9999999999999978e-02	0.0000000000000000e+00	1.5527016786175702e+04	-3.5938929364640396e+06	-3.3939264776865385e+07	1.4106086381859933e-02	-2.2400678941852172e+00	5.4568501114996952e+03	2.2390616654453996e+00	1.1240474795596658e+01	1.4144234393600026e+00	1.4932910783656212e+00	0.0000000000000000e+00	0.0000000000000000e+00	
1.7969706810323727e+00	1.5022932831996478e-02	-4.2465688415769955e+00	6.9277011308825343e-01	9.9999999999999978e-02	0.0000000000000000e+00	1.2725321545006309e+04	-3.5970974893128444e+06	-3.3971199981970541e+07	1.4129371517142700e-02	-2.2480146664356129e+00	5.4568501114996952e+03	2.2470084431006931e+00	1.1240474795596658e+01	1.4144234393600026e+00	1.4932910783656212e+00	0.0000000000000000e+00	0.0000000000000000e+00	
1.7979228562785283e+00	1.5022932831996478e-02	-4.2465688415769955e+00	6.9277011308825343e-01	9.9999999999999978e-02	0.0000000000000000e+00	1.2725321545006309e+04	-3.5970974893128444e+06	-3.3971199981970541e+07	1.4129371517142700e-02	-2.2480146664356129e+00	5.4568501114996952e+03	2.2470084431006931e+00	1.1240474795596658e+01	1.4144234393600026e+00	1.4932910783656212e+00	0.0000000000000000e+00	0.0000000000000000e+00	
1.7988750315246842e+00	1.1521624026995027e-02	-4.2386074062291392e+00	6.9098946055456656e-01	9.9999999999999978e-02	0.0000000000000000e+00	9.7869812368601160e+03	-3.6004621447463408e+06	-3.4004754464866325e+07	1.4146581409959407e-02	-2.2559471797375936e+00	5.4568501114996952e+03	2.2549409449782307e+00	1.1240474795596658e+01	1.4144234393600026e+00	1.4932910783656212e+00	0.0000000000000000e+00	0.0000000000000000e+00	
1.7998272067708398e+00	1.1521624026995027e-02	-4.2386074062291392e+00	6.9098946055456656e-01	9.9999999999999978e-02	0.0000000000000000e+00	9.7869812368601160e+03	-3.6004621447463408e+06	-3.4004754464866325e+07	1.4146581409959407e-02	-2.2559471797375936e+00	5.4568501114996952e+03	2.2549409449782307e+00	1.1240474795596658e+01	1.4144234393600026e+00	1.4932910783656212e+00	0.0000000000000000e+00	0.0000000000000000e+00	
1.8007793820169957e+00	7.8308323494734391e-03	-4.2305390216796219e+00	6.8902104968287203e-01	9.9999999999999978e-02	0.0000000000000000e+00	6.6707483035266450e+03	-3.6038137125719991e+06	-3.4038198864267439e+07	1.4157552409930208e-02	-2.2638652094889227e+00	5.4568501114996952e+03	2.2628589485986175e+00	1.1240474795596658e+01	1.4144234393600026e+00	1.4932910783656212e+00	0.0000000000000000e+00	0.0000000000000000e+00	
1.8017315572631514e+00	7.8308323494734391e-03	-4.2305390216796219e+00	6.8902104968287203e-01	9.9999999999999978e-02	0.0000000000000000e+00	6.6707483035266450e+03	-3.6038137125719991e+06	-3.4038198864267439e+07	1.4157552409930208e-02	-2.2638652094889227e+00	5.4568501114996952e+03	2.2628589485986175e+00	1.1240474795596658e+01	1.4144234393600026e+00	1.4932910783656212e+00	0.0000000000000000e+00	0.0000000000000000e+00	
1.8026837325093072e+00	4.0461708797328768e-03	-4.2223483182777555e+00	6.8695608275916098e-01	9.9999999999999978e-02	0.0000000000000000e+00	3.4567652544028683e+03	-3.6072789292546008e+06	-3.4072805855200969e+07	1.4162318898946601e-02	-2.2717689969536745e+00	5.4568501114996952e+03	2.2707626987483835e+00	1.1240474795596658e+01	1.4144234393600026e+00	1.4932910783656212e+00	0.0000000000000000e+00	0.0000000000000000e+00	
1.8036359077554629e+00	4.0461708797328768e-03	-4.2223483182777555e+00	6.8695608275916098e-01	9.9999999999999978e-02	0.0000000000000000e+00	3.4567652544028683e+03	-3.6072789292546008e+06	-3.4072805855200969e+07	1.4162318898946601e-02	-2.2717689969536745e+00	5.4568501114996952e+03	2.2707626987483835e+00	1.1240474795596658e+01	1.4144234393600026e+00	1.4932910783656212e+00	0.0000000000000000e+00	0.0000000000000000e+00	
1.8045880830016188e+00	1.5944475437961126e-04	-4.2140598102914923e+00	6.8474856150576058e-01	9.9999999999999978e-02	0.0000000000000000e+00	1.3661640586808716e+02	-3.6107158723966256e+06	-3.4107158749811575e+07	1.4160804504857969e-02	-2.2796583129336945e+00	5.4568501114996952e+03	2.2786519694469618e+00	1.1240474795596658e+01	1.4144234393600026e+00	1.4932910783656212e+00	0.0000000000000000e+00	0.0000000000000000e+00	
1.8055402582477744e+00	1.5944475437961126e-04	-4.2140598102914923e+00	6.8474856150576058e-01	9.9999999999999978e-02	0.0000000000000000e+00	1.3661640586808716e+02	-3.6107158723966256e+06	-3.4107158749811575e+07	1.4160804504857969e-02	-2.2796583129336945e+00	5.4568501114996952e+03	2.2786519694469618e+00	1.1240474795596658e+01	1.4144234393600026e+00	1.4932910783656212e+00	0.0000000000000000e+00	0.0000000000000000e+00	
1.8064924334939303e+00	-3.7687982722800027e-03	-4.2056698943665438e+00	6.8245650155987447e-01	9.9999999999999978e-02	0.0000000000000000e+00	-3.2387810834708803e+03	-3.6142141640658807e+06	-3.4142156152389847e+07	1.4153178848090132e-02	-2.2875334498693376e+00	5.4568501114996952e+03	2.2865270568660119e+00	1.1240474795596658e+01	1.4144234393600026e+00	1.4932910783656212e+00	0.0000000000000000e+00	0.0000000000000000e+00	
1.8074446087400859e+00	-3.7687982722800027e-03	-4.2056698943665438e+00	6.8245650155987447e-01	9.9999999999999978e-02	0.0000000000000000e+00	-3.2387810834708803e+03	-3.6142141640658807e+06	-3.4142156152389847e+07	1.4153178848090132e-02	-2.2875334498693376e+00	5.4568501114996952e+03	2.2865270568660119e+00	1.1240474795596658e+01	1.4144234393600026e+00	1.4932910783656212e+00	0.0000000000000000e+00	0.0000000000000000e+00	
1.8083967839862418e+00	-7.7107513589634476e-03	-4.1971894276669239e+00	6.8006908504669783e-01	9.9999999999999978e-02	0.0000000000000000e+00	-6.6460971010269996e+03	-3.6176667083466034e+06	-3.4176728131888859e+07	1.4139451690761062e-02	-2.2953941714511208e+00	5.4568501114996952e+03	2.2943877286593506e+00	1.1240474795596658e+01	1.4144234393600026e+00	1.4932910783656212e+00	0.0000000000000000e+00	0.0000000000000000e+00	
1.8093489592323975e+00	-7.7107513589634476e-03	-4.1971894276669239e+00	6.8006908504669783e-01	9.9999999999999978e-02	0.0000000000000000e+00	-6.6460971010269996e+03	-3.6176667083466034e+06	-3.4176728131888859e+07	1.4139451690761062e-02	-2.2953941714511208e+00	5.4568501114996952e+03	2.2943877286593506e+00	1.1240474795596658e+01	1.4144234393600026e+00	1.4932910783656212e+00	0.0000000000000000e+00	0.0000000000000000e+00	
1.8103011344785533e+00	-1.1641678247729726e-02	-4.1886310028365479e+00	6.7761067505576422e-01	9.9999999999999978e-02	0.0000000000000000e+00	-1.0064377310476786e+04	-3.6211241996068321e+06	-3.4211381858013719e+07	1.4119913842097959e-02	-2.3032408129267221e+00	5.4568501114996952e+03	2.3022343236383298e+00	1.1240474795596658e+01	1.4144234393600026e+00	1.4932910783656212e+00	0.0000000000000000e+00	0.0000000000000000e+00	
1.8112533097247090e+00	-1.1641678247729726e-02	-4.1886310028365479e+00	6.7761067505576422e-01	9.9999999999999978e-02	0.0000000000000000e+00	-1.0064377310476786e+04	-3.6211241996068321e+06	-3.4211381858013719e+07	1.4119913842097959e-02	-2.3032408129267221e+00	5.4568501114996952e+03	2.3022343236383298e+00	1.1240474795596658e+01	1.4144234393600026e+00	1.4932910783656212e+00	0.0000000000000000e+00	0.0000000000000000e+00	
1.8122054849708649e+00	-1.5502310789306006e-02	-4.1799860729919285e+00	6.7510419326645088e-01	9.9999999999999978e-02	0.0000000000000000e+00	-1.3442242770051860e+04	-3.6245169079786241e+06	-3.4245418345100671e+07	1.4094653607394585e-02	-2.3110731255945391e+00	5.4568501114996952e+03	2.3100665973651302e+00	1.1240474795596658e+01	1.4144234393600026e+00	1.4932910783656212e+00	0.0000000000000000e+00	0.0000000000000000e+00	
1.8131576602170205e+00	-1.5502310789306006e-02	-4.1799860729919285e+00	6.7510419326645088e-01	9.9999999999999978e-02	0.0000000000000000e+00	-1.3442242770051860e+04	-3.6245169079786241e+06	-3.4245418345100671e+07	1.4094653607394585e-02	-2.3110731255945391e+00	5.4568501114996952e+03	2.3100665973651302e+00	1.1240474795596658e+01	1.4144234393600026e+00	1.4932910783656212e+00	0.0000000000000000e+00	0.0000000000000000e+00	
1.8141098354631764e+00	-1.9301747385234703e-02	-4.1712888736411378e+00	6.7254087143065211e-01	9.9999999999999978e-02	0.0000000000000000e+00	-1.6787126768802274e+04	-3.6278557434987631e+06	-3.4278945827107616e+07	1.4064064212847253e-02	-2.3188914805670442e+00	5.4568501114996952e+03	2.3178849240044190e+00	1.1240474795596658e+01	1.4144234393600026e+00	1.4932910783656212e+00	0.0000000000000000e+00	0.0000000000000000e+00	
1.8150620107093320e+00	-1.9301747385234703e-02	-4.1712888736411378e+00	6.7254087143065211e-01	9.9999999999999978e-02	0.0000000000000000e+00	-1.6787126768802274e+04	-3.6278557434987631e+06	-3.4278945827107616e+07	1.4064064212847253e-02	-2.3188914805670442e+00	5.4568501114996952e+03	2.3178849240044190e+00	1.1240474795596658e+01	1.4144234393600026e+00	1.4932910783656212e+00	0.0000000000000000e+00	0.0000000000000000e+00	
1.8160141859554879e+00	-2.2955973757594141e-02	-4.1625047134657862e+00	6.6997523022482475e-01	9.9999999999999978e-02	0.0000000000000000e+00	-2.0025362097012272e+04	-3.6311099236243721e+06	-3.4311651425638139e+07	1.4028299528906985e-02	-2.3266956082104722e+00	5.4568501114996952e+03	2.3256890380120190e+00	1.1240474795596658e+01	1.4144234393600026e+00	1.4932910783656212e+00	0.0000000000000000e+00	0.0000000000000000e+00	
1.8169663612016436e+00	-2.2955973757594141e-02	-4.1625047134657862e+00	6.6997523022482475e-01	9.9999999999999978e-02	0.0000000000000000e+00	-2.0025362097012272e+04	-3.6311099236243721e+06	-3.4311651425638139e+07	1.4028299528906985e-02	-2.3266956082104722e+00	5.4568501114996952e+03	2.3256890380120190e+00	1.1240474795596658e+01	1.4144234393600026e+00	1.4932910783656212e+00	0.0000000000000000e+00	0.0000000000000000e+00	
1.8179185364477994e+00	-2.6503216121836645e-02	-4.1536964810598178e+00	6.6736687094867209e-01	9.9999999999999978e-02	0.0000000000000000e+00	-2.3188823206767134e+04	-3.6342507607781496e+06	-3.4343247397196442e+07	1.3987833133343532e-02	-2.3344859103816291e+00	5.4568501114996952e+03	2.3334793435210583e+00	1.1240474795596658e+01	1.4144234393600026e+00	1.4932910783656212e+00	0.0000000000000000e+00	0.0000000000000000e+00	
1.8188707116939551e+00	-2.6503216121836645e-02	-4.1536964810598178e+00	6.6736687094867209e-01	9.9999999999999978e-02	0.0000000000000000e+00	-2.3188823206767134e+04	-3.6342507607781496e+06	-3.4343247397196442e+07	1.3987833133343532e-02	-2.3344859103816291e+00	5.4568501114996952e+03	2.3334793435210583e+00	1.1240474795596658e+01	1.4144234393600026e+00	1.4932910783656212e+00	0.0000000000000000e+00	0.0000000000000000e+00	
1.8198228869401110e+00	-2.9843367814863846e-02	-4.1447954453908018e+00	6.6479920730802478e-01	9.9999999999999978e-02	0.0000000000000000e+00	-2.6189202796304184e+04	-3.6372868217126485e+06	-3.4373811042764805e+07	1.3942867761771342e-02	-2.3422620854503875e+00	5.4568501114996952e+03	2.3412555423795269e+00	1.1240474795596658e+01	1.4144234393600026e+00	1.4932910783656212e+00	0.0000000000000000e+00	0.0000000000000000e+00	
1.8207750621862666e+00	-2.9843367814863846e-02	-4.1447954453908018e+00	6.6479920730802478e-01	9.9999999999999978e-02	0.0000000000000000e+00	-2.6189202796304184e+04	-3.6372868217126485e+06	-3.4373811042764805e+07	1.3942867761771342e-02	-2.3422620854503875e+00	5.4568501114996952e+03	2.3412555423795269e+00	1.1240474795596658e+01	1.4144234393600026e+00	1.4932910783656212e+00	0.0000000000000000e+00	0.0000000000000000e+00	
1.8217272374324225e+00	-3.3036904302111036e-02	-4.1359011961045962e+00	6.6220247131722487e-01	9.9999999999999978e-02	0.0000000000000000e+00	-2.9076931721506426e+04	-3.6401508926589526e+06	-3.4402670217010282e+07	1.3893934243692179e-02	-2.3500245624069227e+00	5.4568501114996952e+03	2.3490180649178400e+00	1.1240474795596658e+01	1.4144234393600026e+00	1.4932910783656212e+00	0.0000000000000000e+00	0.0000000000000000e+00	
1.8226794126785781e+00	-3.3036904302111036e-02	-4.1359011961045962e+00	6.6220247131722487e-01	9.9999999999999978e-02	0.0000000000000000e+00	-2.9076931721506426e+04	-3.6401508926589526e+06	-3.4402670217010282e+07	1.3893934243692179e-02	-2.3500245624069227e+00	5.4568501114996952e+03	2.3490180649178400e+00	1.1240474795596658e+01	1.4144234393600026e+00	1.4932910783656212e+00	0.0000000000000000e+00	0.0000000000000000e+00	
1.8236315879247340e+00	-3.5977522028549945e-02	-4.1269031617450969e+00	6.5968595099359140e-01	9.9999999999999978e-02	0.0000000000000000e+00	-3.1757994724750744e+04	-3.6428903785047438e+06	-3.4430288058195956e+07	1.3841265064115366e-02	-2.3577729963518617e+00	5.4568501114996952e+03	2.3567665687657944e+00	1.1240474795596658e+01	1.4144234393600026e+00	1.4932910783656212e+00	0.0000000000000000e+00	0.0000000000000000e+00	
1.8245837631708897e+00	-3.5977522028549945e-02	-4.1269031617450969e+00	6.5968595099359140e-01	9.9999999999999978e-02	0.0000000000000000e+00	-3.1757994724750744e+04	-3.6428903785047438e+06	-3.4430288058195956e+07	1.3841265064115366e-02	-2.3577729963518617e+00	5.4568501114996952e+03	2.3567665687657944e+00	1.1240474795596658e+01	1.4144234393600026e+00	1.4932910783656212e+00	0.0000000000000000e+00	0.0000000000000000e+00	
1.8255359384170455e+00	-3.8739262437259926e-02	-4.1179456035930881e+00	6.5715329248727250e-01	9.9999999999999978e-02	0.0000000000000000e+00	-3.4293838801944534e+04	-3.6454014310029801e+06	-3.4455627357841924e+07	1.3785425742151089e-02	-2.3655078414782187e+00	5.4568501114996952e+03	2.3645015084781686e+00	1.1240474795596658e+01	1.4144234393600026e+00	1.4932910783656212e+00	0.0000000000000000e+00	0.0000000000000000e+00	
1.8264881136632012e+00	-3.8739262437259926e-02	-4.1179456035930881e+00	6.5715329248727250e-01	9.9999999999999978e-02	0.0000000000000000e+00	-3.4293838801944534e+04	-3.6454014310029801e+06	-3.4455627357841924e+07	1.3785425742151089e-02	-2.3655078414782187e+00	5.4568501114996952e+03	2.3645015084781686e+00	1.1240474795596658e+01	1.4144234393600026e+00	1.4932910783656212e+00	0.0000000000000000e+00	0.0000000000000000e+00	
1.8274402889093571e+00	-4.1220136219861953e-02	-4.1088695808353339e+00	6.5473647415834890e-01	9.9999999999999978e-02	0.0000000000000000e+00	-3.6594380982729941e+04	-3.6477690914804265e+06	-3.4479526440839984e+07	1.3726658419727606e-02	-2.3732287007121400e+00	5.4568501114996952e+03	2.3722224883634278e+00	1.1240474795596658e+01	1.4144234393600026e+00	1.4932910783656212e+00	0.0000000000000000e+00	0.0000000000000000e+00	
1.8283924641555127e+00	-4.1220136219861953e-02	-4.1088695808353339e+00	6.5473647415834890e-01	9.9999999999999978e-02	0.0000000000000000e+00	-3.6594380982729941e+04	-3.6477690914804265e+06	-3.4479526440839984e+07	1.3726658419727606e-02	-2.3732287007121400e+00	5.4568501114996952e+03	2.3722224883634278e+00	1.1240474795596658e+01	1.4144234393600026e+00	1.4932910783656212e+00	0.0000000000000000e+00	0.0000000000000000e+00	
1.8293446394016686e+00	-4.3498045749380598e-02	-4.0998710559648375e+00	6.5231563430760731e-01	9.9999999999999978e-02	0.0000000000000000e+00	-3.8723555056244237e+04	-3.6498555239439197e+06	-3.4500609391324021e+07	1.3665542521670111e-02	-2.3809360543345295e+00	5.4568501114996952e+03	2.3799299881523517e+00	1.1240474795596658e+01	1.4144234393600026e+00	1.4932910783656212e+00	0.0000000000000000e+00	0.0000000000000000e+00	
1.8302968146478242e+00	-4.3498045749380598e-02	-4.0998710559648375e+00	6.5231563430760731e-01	9.9999999999999978e-02	0.0000000000000000e+00	-3.8723555056244237e+04	-3.6498555239439197e+06	-3.4500609391324021e+07	1.3665542521670111e-02	-2.3809360543345295e+00	5.4568501114996952e+03	2.3799299881523517e+00	1.1240474795596658e+01	1.4144234393600026e+00	1.4932910783656212e+00	0.0000000000000000e+00	0.0000000000000000e+00	
1.8312489898939801e+00	-4.5485493292541271e-02	-4.0907376299214748e+00	6.5004210332136514e-01	9.9999999999999978e-02	0.0000000000000000e+00	-4.0604678875818616e+04	-3.6517816078168228e+06	-3.4520073454383709e+07	1.3602310084749139e-02	-2.3886294478173049e+00	5.4568501114996952e+03	2.3876235535076606e+00	1.1240474795596658e+01	1.4144234393600026e+00	1.4932910783656212e+00	0.0000000000000000e+00	0.0000000000000000e+00	
1.8322011651401358e+00	-4.5485493292541271e-02	-4.0907376299214748e+00	6.5004210332136514e-01	9.9999999999999978e-02	0.0000000000000000e+00	-4.0604678875818616e+04	-3.6517816078168228e+06	-3.4520073454383709e+07	1.3602310084749139e-02	-2.3886294478173049e+00	5.4568501114996952e+03	2.3876235535076606e+00	1.1240474795596658e+01	1.4144234393600026e+00	1.4932910783656212e+00	0.0000000000000000e+00	0.0000000000000000e+00	
1.8331533403862916e+00	-4.7254234626546592e-02	-4.0817222245203180e+00	6.4777575422919043e-01	9.9999999999999978e-02	0.0000000000000000e+00	-4.2295289463853180e+04	-3.6533788846964240e+06	-3.4536237034835003e+07	1.3537536217419715e-02	-2.3963093912370006e+00	5.4568501114996952e+03	2.3953036931974601e+00	1.1240474795596658e+01	1.4144234393600026e+00	1.4932910783656212e+00	0.0000000000000000e+00	0.0000000000000000e+00	
1.8341055156324473e+00	-4.7254234626546592e-02	-4.0817222245203180e+00	6.4777575422919043e-01	9.9999999999999978e-02	0.0000000000000000e+00	-4.2295289463853180e+04	-3.6533788846964240e+06	-3.4536237034835003e+07	1.3537536217419715e-02	-2.3963093912370006e+00	5.4568501114996952e+03	2.3953036931974601e+00	1.1240474795596658e+01	1.4144234393600026e+00	1.4932910783656212e+00	0.0000000000000000e+00	0.0000000000000000e+00	
1.8350576908786032e+00	-4.8740342358940779e-02	-4.0725555639597770e+00	6.4568386850017645e-01	9.9999999999999978e-02	0.0000000000000000e+00	-4.3740664048469822e+04	-3.6548016718885917e+06	-3.4550634066361986e+07	1.3471424742154851e-02	-2.4039753711562573e+00	5.4568501114996952e+03	2.4029698928784975e+00	1.1240474795596658e+01	1.4144234393600026e+00	1.4932910783656212e+00	0.0000000000000000e+00	0.0000000000000000e+00	
1.8360098661247588e+00	-4.8740342358940779e-02	-4.0725555639597770e+00	6.4568386850017645e-01	9.9999999999999978e-02	0.0000000000000000e+00	-4.3740664048469822e+04	-3.6548016718885917e+06	-3.4550634066361986e+07	1.3471424742154851e-02	-2.4039753711562573e+00	5.4568501114996952e+03	2.4029698928784975e+00	1.1240474795596658e+01	1.4144234393600026e+00	1.4932910783656212e+00	0.0000000000000000e+00	0.0000000000000000e+00	
1.8369620413709147e+00	-4.9999849574494805e-02	-4.0635501583909956e+00	6.4360929335890915e-01	9.9999999999999978e-02	0.0000000000000000e+00	-4.4983371090794339e+04	-3.6558546930946931e+06	-3.4561314309933037e+07	1.3404531526418130e-02	-2.4116279327519714e+00	5.4568501114996952e+03	2.4106226958636929e+00	1.1240474795596658e+01	1.4144234393600026e+00	1.4932910783656212e+00	0.0000000000000000e+00	0.0000000000000000e+00	
1.8379142166170703e+00	-4.9999849574494805e-02	-4.0635501583909956e+00	6.4360929335890915e-01	9.9999999999999978e-02	0.0000000000000000e+00	-4.4983371090794339e+04	-3.6558546930946931e+06	-3.4561314309933037e+07	1.3404531526418130e-02	-2.4116279327519714e+00	5.4568501114996952e+03	2.4106226958636929e+00	1.1240474795596658e+01	1.4144234393600026e+00	1.4932910783656212e+00	0.0000000000000000e+00	0.0000000000000000e+00	
1.8388663918632262e+00	-5.0999865934963327e-02	-4.0543789468023785e+00	6.4173194322945837e-01	9.9999999999999978e-02	0.0000000000000000e+00	-4.5997766549061882e+04	-3.6567228732375782e+06	-3.4570121638007142e+07	1.3337016674874915e-02	-2.4192665061586403e+00	5.4568501114996952e+03	2.4182615304889126e+00	1.1240474795596658e+01	1.4144234393600026e+00	1.4932910783656212e+00	0.0000000000000000e+00	0.0000000000000000e+00	
1.8398185671093819e+00	-5.0999865934963327e-02	-4.0543789468023785e+00	6.4173194322945837e-01	9.9999999999999978e-02	0.0000000000000000e+00	-4.5997766549061882e+04	-3.6567228732375782e+06	-3.4570121638007142e+07	1.3337016674874915e-02	-2.4192665061586403e+00	5.4568501114996952e+03	2.4182615304889126e+00	1.1240474795596658e+01	1.4144234393600026e+00	1.4932910783656212e+00	0.0000000000000000e+00	0.0000000000000000e+00	
1.8407707423555377e+00	-5.1772213564108757e-02	-4.0454136198799713e+00	6.3988077548558298e-01	9.9999999999999978e-02	0.0000000000000000e+00	-4.6803799275837016e+04	-3.6571881713754870e+06	-3.4574876508985527e+07	1.3269405452077802e-02	-2.4268916772001612e+00	5.4568501114996952e+03	2.4258869803761725e+00	1.1240474795596658e+01	1.4144234393600026e+00	1.4932910783656212e+00	0.0000000000000000e+00	0.0000000000000000e+00	
1.8417229176016934e+00	-5.1772213564108757e-02	-4.0454136198799713e+00	6.3988077548558298e-01	9.9999999999999978e-02	0.0000000000000000e+00	-4.6803799275837016e+04	-3.6571881713754870e+06	-3.4574876508985527e+07	1.3269405452077802e-02	-2.4268916772001612e+00	5.4568501114996952e+03	2.4258869803761725e+00	1.1240474795596658e+01	1.4144234393600026e+00	1.4932910783656212e+00	0.0000000000000000e+00	0.0000000000000000e+00	
1.8426750928478492e+00	-5.2320345218997283e-02	-4.0362711068907826e+00	6.3824519357552212e-01	9.9999999999999978e-02	0.0000000000000000e+00	-4.7410027961622400e+04	-3.6574629857159741e+06	-3.4577702501160055e+07	1.3201802210867055e-02	-2.4345028260231238e+00	5.4568501114996952e+03	2.4334984232525052e+00	1.1240474795596658e+01	1.4144234393600026e+00	1.4932910783656212e+00	0.0000000000000000e+00	0.0000000000000000e+00	
1.8436272680940049e+00	-5.2320345218997283e-02	-4.0362711068907826e+00	6.3824519357552212e-01	9.9999999999999978e-02	0.0000000000000000e+00	-4.7410027961622400e+04	-3.6574629857159741e+06	-3.4577702501160055e+07	1.3201802210867055e-02	-2.4345028260231238e+00	5.4568501114996952e+03	2.4334984232525052e+00	1.1240474795596658e+01	1.4144234393600026e+00	1.4932910783656212e+00	0.0000000000000000e+00	0.0000000000000000e+00	
1.8445794433401608e+00	-5.2644932000924669e-02	-4.0273788989388839e+00	6.3664333631414660e-01	9.9999999999999978e-02	0.0000000000000000e+00	-4.7807490474556682e+04	-3.6573107995477710e+06	-3.4576232502315223e+07	1.3134694064068258e-02	-2.4421005839733341e+00	5.4568501114996952e+03	2.4410964881260306e+00	1.1240474795596658e+01	1.4144234393600026e+00	1.4932910783656212e+00	0.0000000000000000e+00	0.0000000000000000e+00	
1.8455316185863164e+00	-5.2644932000924669e-02	-4.0273788989388839e+00	6.3664333631414660e-01	9.9999999999999978e-02	0.0000000000000000e+00	-4.7807490474556682e+04	-3.6573107995477710e+06	-3.4576232502315223e+07	1.3134694064068258e-02	-2.4421005839733341e+00	5.4568501114996952e+03	2.4410964881260306e+00	1.1240474795596658e+01	1.4144234393600026e+00	1.4932910783656212e+00	0.0000000000000000e+00	0.0000000000000000e+00	
1.8464837938324723e+00	-5.2788870654470091e-02	-4.0183019871310872e+00	6.3527101297813382e-01	9.9999999999999978e-02	0.0000000000000000e+00	-4.8041983900502812e+04	-3.6569677846811432e+06	-3.4572833374531969e+07	1.3068121670618481e-02	-2.4496842909534293e+00	5.4568501114996952e+03	2.4486805121575586e+00	1.1240474795596658e+01	1.4144234393600026e+00	1.4932910783656212e+00	0.0000000000000000e+00	0.0000000000000000e+00	
1.8474359690786279e+00	-5.2788870654470091e-02	-4.0183019871310872e+00	6.3527101297813382e-01	9.9999999999999978e-02	0.0000000000000000e+00	-4.8041983900502812e+04	-3.6569677846811432e+06	-3.4572833374531969e+07	1.3068121670618481e-02	-2.4496842909534293e+00	5.4568501114996952e+03	2.4486805121575586e+00	1.1240474795596658e+01	1.4144234393600026e+00	1.4932910783656212e+00	0.0000000000000000e+00	0.0000000000000000e+00	
1.8483881443247838e+00	-5.2716830201003616e-02	-4.0095171214009229e+00	6.3393850825019082e-01	9.9999999999999978e-02	0.0000000000000000e+00	-4.8071222811615349e+04	-3.6561832374012023e+06	-3.4564992421599276e+07	1.3002530037336322e-02	-2.4572546263563799e+00	5.4568501114996952e+03	2.4562511724315188e+00	1.1240474795596658e+01	1.4144234393600026e+00	1.4932910783656212e+00	0.0000000000000000e+00	0.0000000000000000e+00	
1.8493403195709395e+00	-5.2716830201003616e-02	-4.0095171214009229e+00	6.3393850825019082e-01	9.9999999999999978e-02	0.0000000000000000e+00	-4.8071222811615349e+04	-3.6561832374012023e+06	-3.4564992421599276e+07	1.3002530037336322e-02	-2.4572546263563799e+00	5.4568501114996952e+03	2.4562511724315188e+00	1.1240474795596658e+01	1.4144234393600026e+00	1.4932910783656212e+00	0.0000000000000000e+00	0.0000000000000000e+00	
1.8502924948170953e+00	-5.2511990960594501e-02	-4.0005441832122539e+00	6.3284517759747372e-01	9.9999999999999978e-02	0.0000000000000000e+00	-4.7979100924696497e+04	-3.6552130210425165e+06	-3.4555278994044445e+07	1.2937892612908305e-02	-2.4648109019563402e+00	5.4568501114996952e+03	2.4638077779480030e+00	1.1240474795596658e+01	1.4144234393600026e+00	1.4932910783656212e+00	0.0000000000000000e+00	0.0000000000000000e+00	
1.8512446700632510e+00	-5.2511990960594501e-02	-4.0005441832122539e+00	6.3284517759747372e-01	9.9999999999999978e-02	0.0000000000000000e+00	-4.7979100924696497e+04	-3.6552130210425165e+06	-3.4555278994044445e+07	1.2937892612908305e-02	-2.4648109019563402e+00	5.4568501114996952e+03	2.4638077779480030e+00	1.1240474795596658e+01	1.4144234393600026e+00	1.4932910783656212e+00	0.0000000000000000e+00	0.0000000000000000e+00	
1.8521968453094069e+00	-5.2100277723330125e-02	-3.9919005040700406e+00	6.3179648972012503e-01	9.9999999999999978e-02	0.0000000000000000e+00	-4.7687516611147585e+04	-3.6537966766467784e+06	-3.4541078601370782e+07	1.2874611644010971e-02	-2.4723538455634824e+00	5.4568501114996952e+03	2.4713510543511132e+00	1.1240474795596658e+01	1.4144234393600026e+00	1.4932910783656212e+00	0.0000000000000000e+00	0.0000000000000000e+00	
1.8531490205555625e+00	-5.2100277723330125e-02	-3.9919005040700406e+00	6.3179648972012503e-01	9.9999999999999978e-02	0.0000000000000000e+00	-4.7687516611147585e+04	-3.6537966766467784e+06	-3.4541078601370782e+07	1.2874611644010971e-02	-2.4723538455634824e+00	5.4568501114996952e+03	2.4713510543511132e+00	1.1240474795596658e+01	1.4144234393600026e+00	1.4932910783656212e+00	0.0000000000000000e+00	0.0000000000000000e+00	
1.8541011958017184e+00	-5.1604302650739863e-02	-3.9830695727427612e+00	6.3099248041234501e-01	9.9999999999999978e-02	0.0000000000000000e+00	-4.7317650152894188e+04	-3.6522050080442708e+06	-3.4525115168606408e+07	1.2812594143434062e-02	-2.4798827542655641e+00	5.4568501114996952e+03	2.4788802961792231e+00	1.1240474795596658e+01	1.4144234393600026e+00	1.4932910783656212e+00	0.0000000000000000e+00	0.0000000000000000e+00	
1.8550533710478740e+00	-5.1604302650739863e-02	-3.9830695727427612e+00	6.3099248041234501e-01	9.9999999999999978e-02	0.0000000000000000e+00	-4.7317650152894188e+04	-3.6522050080442708e+06	-3.4525115168606408e+07	1.2812594143434062e-02	-2.4798827542655641e+00	5.4568501114996952e+03	2.4788802961792231e+00	1.1240474795596658e+01	1.4144234393600026e+00	1.4932910783656212e+00	0.0000000000000000e+00	0.0000000000000000e+00	
1.8560055462940299e+00	-5.0910750390224933e-02	-3.9745990901945167e+00	6.3023693436520567e-01	9.9999999999999978e-02	0.0000000000000000e+00	-4.6755159482926458e+04	-3.6501723686712831e+06	-3.4504718004594393e+07	1.2752201130111005e-02	-2.4873984023013653e+00	5.4568501114996952e+03	2.4863962757053195e+00	1.1240474795596658e+01	1.4144234393600026e+00	1.4932910783656212e+00	0.0000000000000000e+00	0.0000000000000000e+00	
1.8569577215401856e+00	-5.0910750390224933e-02	-3.9745990901945167e+00	6.3023693436520567e-01	9.9999999999999978e-02	0.0000000000000000e+00	-4.6755159482926458e+04	-3.6501723686712831e+06	-3.4504718004594393e+07	1.2752201130111005e-02	-2.4873984023013653e+00	5.4568501114996952e+03	2.4863962757053195e+00	1.1240474795596658e+01	1.4144234393600026e+00	1.4932910783656212e+00	0.0000000000000000e+00	0.0000000000000000e+00	
1.8579098967863414e+00	-5.0179165347739078e-02	-3.9659464408660754e+00	6.2972768777004218e-01	9.9999999999999978e-02	0.0000000000000000e+00	-4.6156083956023664e+04	-3.6479793081681207e+06	-3.4482712915720612e+07	1.2693277860463148e-02	-2.4949000860146189e+00	5.4568501114996952e+03	2.4938982871552478e+00	1.1240474795596658e+01	1.4144234393600026e+00	1.4932910783656212e+00	0.0000000000000000e+00	0.0000000000000000e+00	
1.8588620720324971e+00	-5.0179165347739078e-02	-3.9659464408660754e+00	6.2972768777004218e-01	9.9999999999999978e-02	0.0000000000000000e+00	-4.6156083956023664e+04	-3.6479793081681207e+06	-3.4482712915720612e+07	1.2693277860463148e-02	-2.4949000860146189e+00	5.4568501114996952e+03	2.4938982871552478e+00	1.1240474795596658e+01	1.4144234393600026e+00	1.4932910783656212e+00	0.0000000000000000e+00	0.0000000000000000e+00	
1.8598142472786530e+00	-4.9258316401459376e-02	-3.9576784493340891e+00	6.2927004811387033e-01	9.9999999999999978e-02	0.0000000000000000e+00	-4.5371114831657069e+04	-3.6453597384049911e+06	-3.4456420779397875e+07	1.2636147242968647e-02	-2.5023886214766495e+00	5.4568501114996952e+03	2.5013871448416314e+00	1.1240474795596658e+01	1.4144234393600026e+00	1.4932910783656212e+00	0.0000000000000000e+00	0.0000000000000000e+00	
1.8607664225248086e+00	-4.9258316401459376e-02	-3.9576784493340891e+00	6.2927004811387033e-01	9.9999999999999978e-02	0.0000000000000000e+00	-4.5371114831657069e+04	-3.6453597384049911e+06	-3.4456420779397875e+07	1.2636147242968647e-02	-2.5023886214766495e+00	5.4568501114996952e+03	2.5013871448416314e+00	1.1240474795596658e+01	1.4144234393600026e+00	1.4932910783656212e+00	0.0000000000000000e+00	0.0000000000000000e+00	
1.8617185977709645e+00	-4.8341195062623604e-02	-3.9492375998028568e+00	6.2905665758498175e-01	9.9999999999999978e-02	0.0000000000000000e+00	-4.4587735097579731e+04	-3.6425984030656349e+06	-3.4428712840474367e+07	1.2580600612036353e-02	-2.5098633177955341e+00	5.4568501114996952e+03	2.5088621563363622e+00	1.1240474795596658e+01	1.4144234393600026e+00	1.4932910783656212e+00	0.0000000000000000e+00	0.0000000000000000e+00	
1.8626707730171201e+00	-4.8341195062623604e-02	-3.9492375998028568e+00	6.2905665758498175e-01	9.9999999999999978e-02	0.0000000000000000e+00	-4.4587735097579731e+04	-3.6425984030656349e+06	-3.4428712840474367e+07	1.2580600612036353e-02	-2.5098633177955341e+00	5.4568501114996952e+03	2.5088621563363622e+00	1.1240474795596658e+01	1.4144234393600026e+00	1.4932910783656212e+00	0.0000000000000000e+00	0.0000000000000000e+00	
1.8636229482632760e+00	-4.7241709990250062e-02	-3.9411976676743281e+00	6.2889747407456986e-01	9.9999999999999978e-02	0.0000000000000000e+00	-4.3624571851167704e+04	-3.6394334766583610e+06	-3.4396949232443564e+07	1.2526926494433294e-02	-2.5173250246845047e+00	5.4568501114996952e+03	2.5163241697721661e+00	1.1240474795596658e+01	1.4144234393600026e+00	1.4932910783656212e+00	0.0000000000000000e+00	0.0000000000000000e+00	
1.8645751235094317e+00	-4.7241709990250062e-02	-3.9411976676743281e+00	6.2889747407456986e-01	9.9999999999999978e-02	0.0000000000000000e+00	-4.3624571851167704e+04	-3.6394334766583610e+06	-3.4396949232443564e+07	1.2526926494433294e-02	-2.5173250246845047e+00	5.4568501114996952e+03	2.5163241697721661e+00	1.1240474795596658e+01	1.4144234393600026e+00	1.4932910783656212e+00	0.0000000000000000e+00	0.0000000000000000e+00	
1.8655272987555875e+00	-4.6181759711389839e-02	-3.9329981534374734e+00	6.2897704308022784e-01	9.9999999999999978e-02	0.0000000000000000e+00	-4.2696112332812343e+04	-3.6361483844124880e+06	-3.4363990473370574e+07	1.2474872503493018e-02	-2.5247730764441205e+00	5.4568501114996952e+03	2.5237725185861306e+00	1.1240474795596658e+01	1.4144234393600026e+00	1.4932910783656212e+00	0.0000000000000000e+00	0.0000000000000000e+00	
1.8664794740017432e+00	-4.6181759711389839e-02	-3.9329981534374734e+00	6.2897704308022784e-01	9.9999999999999978e-02	0.0000000000000000e+00	-4.2696112332812343e+04	-3.6361483844124880e+06	-3.4363990473370574e+07	1.2474872503493018e-02	-2.5247730764441205e+00	5.4568501114996952e+03	2.5237725185861306e+00	1.1240474795596658e+01	1.4144234393600026e+00	1.4932910783656212e+00	0.0000000000000000e+00	0.0000000000000000e+00	
1.8674316492478991e+00	-4.4944428753527083e-02	-3.9252075889442910e+00	6.2911313982974315e-01	9.9999999999999978e-02	0.0000000000000000e+00	-4.1592756794741828e+04	-3.6324903696324863e+06	-3.4327284846091256e+07	1.2424697183903804e-02	-2.5322083444875250e+00	5.4568501114996952e+03	2.5312080727416499e+00	1.1240474795596658e+01	1.4144234393600026e+00	1.4932910783656212e+00	0.0000000000000000e+00	0.0000000000000000e+00	
1.8683838244940547e+00	-4.4944428753527083e-02	-3.9252075889442910e+00	6.2911313982974315e-01	9.9999999999999978e-02	0.0000000000000000e+00	-4.1592756794741828e+04	-3.6324903696324863e+06	-3.4327284846091256e+07	1.2424697183903804e-02	-2.5322083444875250e+00	5.4568501114996952e+03	2.5312080727416499e+00	1.1240474795596658e+01	1.4144234393600026e+00	1.4932910783656212e+00	0.0000000000000000e+00	0.0000000000000000e+00	
1.8693359997402106e+00	-4.3775717054444677e-02	-3.9172741750684388e+00	6.2947920207081054e-01	9.9999999999999978e-02	0.0000000000000000e+00	-4.0551288262119160e+04	-3.6287358600516319e+06	-3.4289624342233628e+07	1.2376116102129893e-02	-2.5396301995891388e+00	5.4568501114996952e+03	2.5386302028562642e+00	1.1240474795596658e+01	1.4144234393600026e+00	1.4932910783656212e+00	0.0000000000000000e+00	0.0000000000000000e+00	
1.8702881749863662e+00	-4.3775717054444677e-02	-3.9172741750684388e+00	6.2947920207081054e-01	9.9999999999999978e-02	0.0000000000000000e+00	-4.0551288262119160e+04	-3.6287358600516319e+06	-3.4289624342233628e+07	1.2376116102129893e-02	-2.5396301995891388e+00	5.4568501114996952e+03	2.5386302028562642e+00	1.1240474795596658e+01	1.4144234393600026e+00	1.4932910783656212e+00	0.0000000000000000e+00	0.0000000000000000e+00	
1.8712403502325221e+00	-4.2432689193572300e-02	-3.9097490946847349e+00	6.2990388149522569e-01	9.9999999999999978e-02	0.0000000000000000e+00	-3.9338450236563585e+04	-3.6246458360689785e+06	-3.4248593008004032e+07	1.2329362584569025e-02	-2.5470395190747683e+00	5.4568501114996952e+03	2.5460397848879541e+00	1.1240474795596658e+01	1.4144234393600026e+00	1.4932910783656212e+00	0.0000000000000000e+00	0.0000000000000000e+00	
1.8721925254786778e+00	-4.2432689193572300e-02	-3.9097490946847349e+00	6.2990388149522569e-01	9.9999999999999978e-02	0.0000000000000000e+00	-3.9338450236563585e+04	-3.6246458360689785e+06	-3.4248593008004032e+07	1.2329362584569025e-02	-2.5470395190747683e+00	5.4568501114996952e+03	2.5460397848879541e+00	1.1240474795596658e+01	1.4144234393600026e+00	1.4932910783656212e+00	0.0000000000000000e+00	0.0000000000000000e+00	
1.8731447007248336e+00	-4.1180343114411634e-02	-3.9021006920169654e+00	6.3054663018695511e-01	9.9999999999999978e-02	0.0000000000000000e+00	-3.8208339094393428e+04	-3.6204843171610143e+06	-3.4206859250679538e+07	1.2284132551781599e-02	-2.5544357203478785e+00	5.4568501114996952e+03	2.5534362367689525e+00	1.1240474795596658e+01	1.4144234393600026e+00	1.4932910783656212e+00	0.0000000000000000e+00	0.0000000000000000e+00	
1.8740968759709893e+00	-4.1180343114411634e-02	-3.9021006920169654e+00	6.3054663018695511e-01	9.9999999999999978e-02	0.0000000000000000e+00	-3.8208339094393428e+04	-3.6204843171610143e+06	-3.4206859250679538e+07	1.2284132551781599e-02	-2.5544357203478785e+00	5.4568501114996952e+03	2.5534362367689525e+00	1.1240474795596658e+01	1.4144234393600026e+00	1.4932910783656212e+00	0.0000000000000000e+00	0.0000000000000000e+00	
1.8750490512171452e+00	-3.9754500710335261e-02	-3.8948515544263564e+00	6.3125006508712278e-01	9.9999999999999978e-02	0.0000000000000000e+00	-3.6908593974020638e+04	-3.6160306894262638e+06	-3.4162190463496119e+07	1.2240639789907425e-02	-2.5618196684111472e+00	5.4568501114996952e+03	2.5608204221751234e+00	1.1240474795596658e+01	1.4144234393600026e+00	1.4932910783656212e+00	0.0000000000000000e+00	0.0000000000000000e+00	
1.8760012264633008e+00	-3.9754500710335261e-02	-3.8948515544263564e+00	6.3125006508712278e-01	9.9999999999999978e-02	0.0000000000000000e+00	-3.6908593974020638e+04	-3.6160306894262638e+06	-3.4162190463496119e+07	1.2240639789907425e-02	-2.5618196684111472e+00	5.4568501114996952e+03	2.5608204221751234e+00	1.1240474795596658e+01	1.4144234393600026e+00	1.4932910783656212e+00	0.0000000000000000e+00	0.0000000000000000e+00	
1.8769534017094567e+00	-3.8434567673940982e-02	-3.8875006727780761e+00	6.3215674675822631e-01	9.9999999999999978e-02	0.0000000000000000e+00	-3.5706138722998869e+04	-3.6115311478335932e+06	-3.4117076515292197e+07	1.2198572958488271e-02	-2.5691908363424072e+00	5.4568501114996952e+03	2.5681918153288956e+00	1.1240474795596658e+01	1.4144234393600026e+00	1.4932910783656212e+00	0.0000000000000000e+00	0.0000000000000000e+00	
1.8779055769556123e+00	-3.8434567673940982e-02	-3.8875006727780761e+00	6.3215674675822631e-01	9.9999999999999978e-02	0.0000000000000000e+00	-3.5706138722998869e+04	-3.6115311478335932e+06	-3.4117076515292197e+07	1.2198572958488271e-02	-2.5691908363424072e+00	5.4568501114996952e+03	2.5681918153288956e+00	1.1240474795596658e+01	1.4144234393600026e+00	1.4932910783656212e+00	0.0000000000000000e+00	0.0000000000000000e+00	
1.8788577522017682e+00	-3.6939853352344308e-02	-3.8805323677428554e+00	6.3312633199736390e-01	9.9999999999999978e-02	0.0000000000000000e+00	-3.4334005540050064e+04	-3.6067880005256794e+06	-3.4069514142378479e+07	1.2158132485764818e-02	-2.5765500587043366e+00	5.4568501114996952e+03	2.5755512494822219e+00	1.1240474795596658e+01	1.4144234393600026e+00	1.4932910783656212e+00	0.0000000000000000e+00	0.0000000000000000e+00	
1.8798099274479239e+00	-3.6939853352344308e-02	-3.8805323677428554e+00	6.3312633199736390e-01	9.9999999999999978e-02	0.0000000000000000e+00	-3.4334005540050064e+04	-3.6067880005256794e+06	-3.4069514142378479e+07	1.2158132485764818e-02	-2.5765500587043366e+00	5.4568501114996952e+03	2.5755512494822219e+00	1.1240474795596658e+01	1.4144234393600026e+00	1.4932910783656212e+00	0.0000000000000000e+00	0.0000000000000000e+00	
1.8807621026940797e+00	-3.5559934215408068e-02	-3.8734851841632749e+00	6.3428170488881208e-01	9.9999999999999978e-02	0.0000000000000000e+00	-3.3067830503644604e+04	-3.6020244231154434e+06	-3.4021762069802098e+07	1.2119011623049849e-02	-2.5838968718011088e+00	5.4568501114996952e+03	2.5828982625887726e+00	1.1240474795596658e+01	1.4144234393600026e+00	1.4932910783656212e+00	0.0000000000000000e+00	0.0000000000000000e+00	
1.8817142779402354e+00	-3.5559934215408068e-02	-3.8734851841632749e+00	6.3428170488881208e-01	9.9999999999999978e-02	0.0000000000000000e+00	-3.3067830503644604e+04	-3.6020244231154434e+06	-3.4021762069802098e+07	1.2119011623049849e-02	-2.5838968718011088e+00	5.4568501114996952e+03	2.5828982625887726e+00	1.1240474795596658e+01	1.4144234393600026e+00	1.4932910783656212e+00	0.0000000000000000e+00	0.0000000000000000e+00	
1.8826664531863913e+00	-3.4001717608446697e-02	-3.8667979240793358e+00	6.3550273949661307e-01	9.9999999999999978e-02	0.0000000000000000e+00	-3.1629934522942629e+04	-3.5970701998209767e+06	-3.3972092620805383e+07	1.2081404374669161e-02	-2.5912320638823139e+00	5.4568501114996952e+03	2.5902336415935627e+00	1.1240474795596658e+01	1.4144234393600026e+00	1.4932910783656212e+00	0.0000000000000000e+00	0.0000000000000000e+00	
1.8836186284325469e+00	-3.4001717608446697e-02	-3.8667979240793358e+00	6.3550273949661307e-01	9.9999999999999978e-02	0.0000000000000000e+00	-3.1629934522942629e+04	-3.5970701998209767e+06	-3.3972092620805383e+07	1.2081404374669161e-02	-2.5912320638823139e+00	5.4568501114996952e+03	2.5902336415935627e+00	1.1240474795596658e+01	1.4144234393600026e+00	1.4932910783656212e+00	0.0000000000000000e+00	0.0000000000000000e+00	
1.8845708036787028e+00	-3.2561793803113560e-02	-3.8600551856753853e+00	6.3688980084260982e-01	9.9999999999999978e-02	0.0000000000000000e+00	-3.0301607579446278e+04	-3.5921202062322162e+06	-3.3922480097348034e+07	1.2045019217464087e-02	-2.5985552400496896e+00	5.4568501114996952e+03	2.5975569936147216e+00	1.1240474795596658e+01	1.4144234393600026e+00	1.4932910783656212e+00	0.0000000000000000e+00	0.0000000000000000e+00	
1.8855229789248584e+00	-3.2561793803113560e-02	-3.8600551856753853e+00	6.3688980084260982e-01	9.9999999999999978e-02	0.0000000000000000e+00	-3.0301607579446278e+04	-3.5921202062322162e+06	-3.3922480097348034e+07	1.2045019217464087e-02	-2.5985552400496896e+00	5.4568501114996952e+03	2.5975569936147216e+00	1.1240474795596658e+01	1.4144234393600026e+00	1.4932910783656212e+00	0.0000000000000000e+00	0.0000000000000000e+00	
1.8864751541710143e+00	-3.0938451746590424e-02	-3.8536453623691003e+00	6.3834602610992297e-01	9.9999999999999978e-02	0.0000000000000000e+00	-2.8798015754941003e+04	-3.5870359890156947e+06	-3.3871515875698939e+07	1.2010050433428655e-02	-2.6058671286477004e+00	5.4568501114996952e+03	2.6048690457073906e+00	1.1240474795596658e+01	1.4144234393600026e+00	1.4932910783656212e+00	0.0000000000000000e+00	0.0000000000000000e+00	
1.8874273294171700e+00	-3.0938451746590424e-02	-3.8536453623691003e+00	6.3834602610992297e-01	9.9999999999999978e-02	0.0000000000000000e+00	-2.8798015754941003e+04	-3.5870359890156947e+06	-3.3871515875698939e+07	1.2010050433428655e-02	-2.6058671286477004e+00	5.4568501114996952e+03	2.6048690457073906e+00	1.1240474795596658e+01	1.4144234393600026e+00	1.4932910783656212e+00	0.0000000000000000e+00	0.0000000000000000e+00	
1.8883795046633258e+00	-2.9432774054800076e-02	-3.8472035823465074e+00	6.3994665256601457e-01	9.9999999999999978e-02	0.0000000000000000e+00	-2.7403692958904856e+04	-3.5819792427556999e+06	-3.3820840662832655e+07	1.1976230453705850e-02	-2.6131674073613445e+00	5.4568501114996952e+03	2.6121694777909994e+00	1.1240474795596658e+01	1.4144234393600026e+00	1.4932910783656212e+00	0.0000000000000000e+00	0.0000000000000000e+00	
1.8893316799094815e+00	-2.9432774054800076e-02	-3.8472035823465074e+00	6.3994665256601457e-01	9.9999999999999978e-02	0.0000000000000000e+00	-2.7403692958904856e+04	-3.5819792427556999e+06	-3.3820840662832655e+07	1.1976230453705850e-02	-2.6131674073613445e+00	5.4568501114996952e+03	2.6121694777909994e+00	1.1240474795596658e+01	1.4144234393600026e+00	1.4932910783656212e+00	0.0000000000000000e+00	0.0000000000000000e+00	
1.8902838551556373e+00	-2.7737700453602743e-02	-3.8410656831753687e+00	6.4162097298904575e-01	9.9999999999999978e-02	0.0000000000000000e+00	-2.5829686015495819e+04	-3.5768473571650647e+06	-3.3769406186206579e+07	1.1943759675471597e-02	-2.6204567346290082e+00	5.4568501114996952e+03	2.6194589470559948e+00	1.1240474795596658e+01	1.4144234393600026e+00	1.4932910783656212e+00	0.0000000000000000e+00	0.0000000000000000e+00	
1.8912360304017930e+00	-2.7737700453602743e-02	-3.8410656831753687e+00	6.4162097298904575e-01	9.9999999999999978e-02	0.0000000000000000e+00	-2.5829686015495819e+04	-3.5768473571650647e+06	-3.3769406186206579e+07	1.1943759675471597e-02	-2.6204567346290082e+00	5.4568501114996952e+03	2.6194589470559948e+00	1.1240474795596658e+01	1.4144234393600026e+00	1.4932910783656212e+00	0.0000000000000000e+00	0.0000000000000000e+00	
1.8921882056479489e+00	-2.6157047648278822e-02	-3.8349193235573078e+00	6.4341661199342859e-01	9.9999999999999978e-02	0.0000000000000000e+00	-2.4362130868142012e+04	-3.5717642023488767e+06	-3.3718472854534686e+07	1.1912400669535717e-02	-2.6277348631176811e+00	5.4568501114996952e+03	2.6267372084794709e+00	1.1240474795596658e+01	1.4144234393600026e+00	1.4932910783656212e+00	0.0000000000000000e+00	0.0000000000000000e+00	
1.8931403808941045e+00	-2.6157047648278822e-02	-3.8349193235573078e+00	6.4341661199342859e-01	9.9999999999999978e-02	0.0000000000000000e+00	-2.4362130868142012e+04	-3.5717642023488767e+06	-3.3718472854534686e+07	1.1912400669535717e-02	-2.6277348631176811e+00	5.4568501114996952e+03	2.6267372084794709e+00	1.1240474795596658e+01	1.4144234393600026e+00	1.4932910783656212e+00	0.0000000000000000e+00	0.0000000000000000e+00	
1.8940925561402604e+00	-2.4381354395228944e-02	-3.8290469473207542e+00	6.4529130089986586e-01	9.9999999999999978e-02	0.0000000000000000e+00	-2.2710652422179526e+04	-3.5666662696069926e+06	-3.3667385736111447e+07	1.1882363894387819e-02	-2.6350023732628229e+00	5.4568501114996952e+03	2.6340048413314503e+00	1.1240474795596658e+01	1.4144234393600026e+00	1.4932910783656212e+00	0.0000000000000000e+00	0.0000000000000000e+00	
1.8950447313864160e+00	-2.4381354395228944e-02	-3.8290469473207542e+00	6.4529130089986586e-01	9.9999999999999978e-02	0.0000000000000000e+00	-2.2710652422179526e+04	-3.5666662696069926e+06	-3.3667385736111447e+07	1.1882363894387819e-02	-2.6350023732628229e+00	5.4568501114996952e+03	2.6340048413314503e+00	1.1240474795596658e+01	1.4144234393600026e+00	1.4932910783656212e+00	0.0000000000000000e+00	0.0000000000000000e+00	
1.8959969066325719e+00	-2.2715647472642469e-02	-3.8231899360490629e+00	6.4726319685425826e-01	9.9999999999999978e-02	0.0000000000000000e+00	-2.1161613697751425e+04	-3.5616360316043440e+06	-3.3616988973685905e+07	1.1853445607278471e-02	-2.6422590945945608e+00	5.4568501114996952e+03	2.6412616774065478e+00	1.1240474795596658e+01	1.4144234393600026e+00	1.4932910783656212e+00	0.0000000000000000e+00	0.0000000000000000e+00	
1.8969490818787276e+00	-2.2715647472642469e-02	-3.8231899360490629e+00	6.4726319685425826e-01	9.9999999999999978e-02	0.0000000000000000e+00	-2.1161613697751425e+04	-3.5616360316043440e+06	-3.3616988973685905e+07	1.1853445607278471e-02	-2.6422590945945608e+00	5.4568501114996952e+03	2.6412616774065478e+00	1.1240474795596658e+01	1.4144234393600026e+00	1.4932910783656212e+00	0.0000000000000000e+00	0.0000000000000000e+00	
1.8979012571248834e+00	-2.0850623495583011e-02	-3.8175773518374552e+00	6.4932003616646894e-01	9.9999999999999978e-02	0.0000000000000000e+00	-1.9425513352711620e+04	-3.5566514276575129e+06	-3.3567044758353516e+07	1.1825868036788610e-02	-2.6495055234815830e+00	5.4568501114996952e+03	2.6485082120410284e+00	1.1240474795596658e+01	1.4144234393600026e+00	1.4932910783656212e+00	0.0000000000000000e+00	0.0000000000000000e+00	
1.8988534323710391e+00	-2.0850623495583011e-02	-3.8175773518374552e+00	6.4932003616646894e-01	9.9999999999999978e-02	0.0000000000000000e+00	-1.9425513352711620e+04	-3.5566514276575129e+06	-3.3567044758353516e+07	1.1825868036788610e-02	-2.6495055234815830e+00	5.4568501114996952e+03	2.6485082120410284e+00	1.1240474795596658e+01	1.4144234393600026e+00	1.4932910783656212e+00	0.0000000000000000e+00	0.0000000000000000e+00	
1.8998056076171950e+00	-1.9091045864561208e-02	-3.8120046513086905e+00	6.5144930505400678e-01	9.9999999999999978e-02	0.0000000000000000e+00	-1.7787659658716202e+04	-3.5517510059928242e+06	-3.3517955472418673e+07	1.1799462369972619e-02	-2.6567415680087771e+00	5.4568501114996952e+03	2.6557443554492988e+00	1.1240474795596658e+01	1.4144234393600026e+00	1.4932910783656212e+00	0.0000000000000000e+00	0.0000000000000000e+00	
1.9007577828633506e+00	-1.9091045864561208e-02	-3.8120046513086905e+00	6.5144930505400678e-01	9.9999999999999978e-02	0.0000000000000000e+00	-1.7787659658716202e+04	-3.5517510059928242e+06	-3.3517955472418673e+07	1.1799462369972619e-02	-2.6567415680087771e+00	5.4568501114996952e+03	2.6557443554492988e+00	1.1240474795596658e+01	1.4144234393600026e+00	1.4932910783656212e+00	0.0000000000000000e+00	0.0000000000000000e+00	
1.9017099581095065e+00	-1.7130326379554087e-02	-3.8066479176059334e+00	6.5366948032527583e-01	9.9999999999999978e-02	0.0000000000000000e+00	-1.5961681945547889e+04	-3.5469553815403748e+06	-3.3469912960040819e+07	1.1774461700675476e-02	-2.6639676361090214e+00	5.4568501114996952e+03	2.6629705147212612e+00	1.1240474795596658e+01	1.4144234393600026e+00	1.4932910783656212e+00	0.0000000000000000e+00	0.0000000000000000e+00	
1.9026621333556621e+00	-1.7130326379554087e-02	-3.8066479176059334e+00	6.5366948032527583e-01	9.9999999999999978e-02	0.0000000000000000e+00	-1.5961681945547889e+04	-3.5469553815403748e+06	-3.3469912960040819e+07	1.1774461700675476e-02	-2.6639676361090214e+00	5.4568501114996952e+03	2.6629705147212612e+00	1.1240474795596658e+01	1.4144234393600026e+00	1.4932910783656212e+00	0.0000000000000000e+00	0.0000000000000000e+00	
1.9036143086018180e+00	-1.5270963153202855e-02	-3.8013565189137370e+00	6.5593701700179607e-01	9.9999999999999978e-02	0.0000000000000000e+00	-1.4230101482162918e+04	-3.5422578452539016e+06	-3.3422864280081842e+07	1.1750731807149905e-02	-2.6711837161145295e+00	5.4568501114996952e+03	2.6701866801314447e+00	1.1240474795596658e+01	1.4144234393600026e+00	1.4932910783656212e+00	0.0000000000000000e+00	0.0000000000000000e+00	
1.9045664838479737e+00	-1.5270963153202855e-02	-3.8013565189137370e+00	6.5593701700179607e-01	9.9999999999999978e-02	0.0000000000000000e+00	-1.4230101482162918e+04	-3.5422578452539016e+06	-3.3422864280081842e+07	1.1750731807149905e-02	-2.6711837161145295e+00	5.4568501114996952e+03	2.6701866801314447e+00	1.1240474795596658e+01	1.4144234393600026e+00	1.4932910783656212e+00	0.0000000000000000e+00	0.0000000000000000e+00	
1.9055186590941295e+00	-1.3211809305801573e-02	-3.7962543521414789e+00	6.5830109173165741e-01	9.9999999999999978e-02	0.0000000000000000e+00	-1.2312058694213121e+04	-3.5377218456515819e+06	-3.3377432699377287e+07	1.1728513470558399e-02	-2.6783901247804343e+00	5.4568501114996952e+03	2.6773931678374012e+00	1.1240474795596658e+01	1.4144234393600026e+00	1.4932910783656212e+00	0.0000000000000000e+00	0.0000000000000000e+00	
1.9064708343402852e+00	-1.3211809305801573e-02	-3.7962543521414789e+00	6.5830109173165741e-01	9.9999999999999978e-02	0.0000000000000000e+00	-1.2312058694213121e+04	-3.5377218456515819e+06	-3.3377432699377287e+07	1.1728513470558399e-02	-2.6783901247804343e+00	5.4568501114996952e+03	2.6773931678374012e+00	1.1240474795596658e+01	1.4144234393600026e+00	1.4932910783656212e+00	0.0000000000000000e+00	0.0000000000000000e+00	
1.9074230095864411e+00	-1.1250597010911708e-02	-3.7912438977149061e+00	6.6068752531338604e-01	9.9999999999999978e-02	0.0000000000000000e+00	-1.0485128463777939e+04	-3.5332951012723539e+06	-3.3333106586591125e+07	1.1707705687758578e-02	-2.6855869322436572e+00	5.4568501114996952e+03	2.6845900497169009e+00	1.1240474795596658e+01	1.4144234393600026e+00	1.4932910783656212e+00	0.0000000000000000e+00	0.0000000000000000e+00	
1.9083751848325967e+00	-1.1250597010911708e-02	-3.7912438977149061e+00	6.6068752531338604e-01	9.9999999999999978e-02	0.0000000000000000e+00	-1.0485128463777939e+04	-3.5332951012723539e+06	-3.3333106586591125e+07	1.1707705687758578e-02	-2.6855869322436572e+00	5.4568501114996952e+03	2.6845900497169009e+00	1.1240474795596658e+01	1.4144234393600026e+00	1.4932910783656212e+00	0.0000000000000000e+00	0.0000000000000000e+00	
1.9093273600787526e+00	-9.0947633347968990e-03	-3.7863979300117521e+00	6.6317538655425656e-01	9.9999999999999978e-02	0.0000000000000000e+00	-8.4767041476287541e+03	-3.5290830400270913e+06	-3.3290932203499593e+07	1.1688551810789451e-02	-2.6927743626686418e+00	5.4568501114996952e+03	2.6917775496311225e+00	1.1240474795596658e+01	1.4144234393600026e+00	1.4932910783656212e+00	0.0000000000000000e+00	0.0000000000000000e+00	
1.9102795353249082e+00	-9.0947633347968990e-03	-3.7863979300117521e+00	6.6317538655425656e-01	9.9999999999999978e-02	0.0000000000000000e+00	-8.4767041476287541e+03	-3.5290830400270913e+06	-3.3290932203499593e+07	1.1688551810789451e-02	-2.6927743626686418e+00	5.4568501114996952e+03	2.6917775496311225e+00	1.1240474795596658e+01	1.4144234393600026e+00	1.4932910783656212e+00	0.0000000000000000e+00	0.0000000000000000e+00	
1.9112317105710641e+00	-7.0341370034807220e-03	-3.7816708578502567e+00	6.6566098355159131e-01	9.9999999999999978e-02	0.0000000000000000e+00	-6.5566923306644494e+03	-3.5249885378228687e+06	-3.3249946357401598e+07	1.1670982074019485e-02	-2.6999525695090116e+00	5.4568501114996952e+03	2.6989558225926915e+00	1.1240474795596658e+01	1.4144234393600026e+00	1.4932910783656212e+00	0.0000000000000000e+00	0.0000000000000000e+00	
1.9121838858172198e+00	-7.0341370034807220e-03	-3.7816708578502567e+00	6.6566098355159131e-01	9.9999999999999978e-02	0.0000000000000000e+00	-6.5566923306644494e+03	-3.5249885378228687e+06	-3.3249946357401598e+07	1.1670982074019485e-02	-2.6999525695090116e+00	5.4568501114996952e+03	2.6989558225926915e+00	1.1240474795596658e+01	1.4144234393600026e+00	1.4932910783656212e+00	0.0000000000000000e+00	0.0000000000000000e+00	
1.9131360610633756e+00	-4.7883283778189728e-03	-3.7770857704300473e+00	6.6825176462945179e-01	9.9999999999999978e-02	0.0000000000000000e+00	-4.4638799180550495e+03	-3.5211572784944661e+06	-3.3211601079926006e+07	1.1655235766168680e-02	-2.7071216844357275e+00	5.4568501114996952e+03	2.7061250002986612e+00	1.1240474795596658e+01	1.4144234393600026e+00	1.4932910783656212e+00	0.0000000000000000e+00	0.0000000000000000e+00	
1.9140882363095313e+00	-4.7883283778189728e-03	-3.7770857704300473e+00	6.6825176462945179e-01	9.9999999999999978e-02	0.0000000000000000e+00	-4.4638799180550495e+03	-3.5211572784944661e+06	-3.3211601079926006e+07	1.1655235766168680e-02	-2.7071216844357275e+00	5.4568501114996952e+03	2.7061250002986612e+00	1.1240474795596658e+01	1.4144234393600026e+00	1.4932910783656212e+00	0.0000000000000000e+00	0.0000000000000000e+00	
1.9150404115556872e+00	-2.6355411089383999e-03	-3.7726472153235977e+00	6.7081625179198157e-01	9.9999999999999978e-02	0.0000000000000000e+00	-2.4572616626340441e+03	-3.5174489737248011e+06	-3.3174498320363443e+07	1.1641271916862013e-02	-2.7142819455926572e+00	5.4568501114996952e+03	2.7132853223148166e+00	1.1240474795596658e+01	1.4144234393600026e+00	1.4932910783656212e+00	0.0000000000000000e+00	0.0000000000000000e+00	
1.9159925868018428e+00	-2.6355411089383999e-03	-3.7726472153235977e+00	6.7081625179198157e-01	9.9999999999999978e-02	0.0000000000000000e+00	-2.4572616626340441e+03	-3.5174489737248011e+06	-3.3174498320363443e+07	1.1641271916862013e-02	-2.7142819455926572e+00	5.4568501114996952e+03	2.7132853223148166e+00	1.1240474795596658e+01	1.4144234393600026e+00	1.4932910783656212e+00	0.0000000000000000e+00	0.0000000000000000e+00	
1.9169447620479987e+00	-3.1137059191183725e-04	-3.7683304909889692e+00	6.7348818991529658e-01	9.9999999999999978e-02	0.0000000000000000e+00	-2.9035960337937524e+02	-3.5140471681476403e+06	-3.3140471801435925e+07	1.1629318310445764e-02	-2.7214333938859845e+00	5.4568501114996952e+03	2.7204368299143664e+00	1.1240474795596658e+01	1.4144234393600026e+00	1.4932910783656212e+00	0.0000000000000000e+00	0.0000000000000000e+00	
1.9178969372941543e+00	-3.1137059191183725e-04	-3.7683304909889692e+00	6.7348818991529658e-01	9.9999999999999978e-02	0.0000000000000000e+00	-2.9035960337937524e+02	-3.5140471681476403e+06	-3.3140471801435925e+07	1.1629318310445764e-02	-2.7214333938859845e+00	5.4568501114996952e+03	2.7204368299143664e+00	1.1240474795596658e+01	1.4144234393600026e+00	1.4932910783656212e+00	0.0000000000000000e+00	0.0000000000000000e+00	
1.9188491125403102e+00	1.9216148878782129e-03	-3.7641878624776659e+00	6.7611047735743612e-01	9.9999999999999978e-02	0.0000000000000000e+00	1.7922457021834930e+03	-3.5107708424359411e+06	-3.3107712999059062e+07	1.1619359995606173e-02	-2.7285763533503253e+00	5.4568501114996952e+03	2.7275798484745373e+00	1.1240474795596658e+01	1.4144234393600026e+00	1.4932910783656212e+00	0.0000000000000000e+00	0.0000000000000000e+00	
1.9198012877864659e+00	1.9216148878782129e-03	-3.7641878624776659e+00	6.7611047735743612e-01	9.9999999999999978e-02	0.0000000000000000e+00	1.7922457021834930e+03	-3.5107708424359411e+06	-3.3107712999059062e+07	1.1619359995606173e-02	-2.7285763533503253e+00	5.4568501114996952e+03	2.7275798484745373e+00	1.1240474795596658e+01	1.4144234393600026e+00	1.4932910783656212e+00	0.0000000000000000e+00	0.0000000000000000e+00	
1.9207534630326217e+00	4.3079713362947584e-03	-3.7601488837632773e+00	6.7884051430400316e-01	9.9999999999999978e-02	0.0000000000000000e+00	4.0189012165018389e+03	-3.5078383172801323e+06	-3.3078406194902416e+07	1.1611605554654236e-02	-2.7357107768709508e+00	5.4568501114996952e+03	2.7347143315703932e+00	1.1240474795596658e+01	1.4144234393600026e+00	1.4932910783656212e+00	0.0000000000000000e+00	0.0000000000000000e+00	
1.9217056382787774e+00	4.3079713362947584e-03	-3.7601488837632773e+00	6.7884051430400316e-01	9.9999999999999978e-02	0.0000000000000000e+00	4.0189012165018389e+03	-3.5078383172801323e+06	-3.3078406194902416e+07	1.1611605554654236e-02	-2.7357107768709508e+00	5.4568501114996952e+03	2.7347143315703932e+00	1.1240474795596658e+01	1.4144234393600026e+00	1.4932910783656212e+00	0.0000000000000000e+00	0.0000000000000000e+00	
1.9226578135249333e+00	6.6048668414809839e-03	-3.7563107798411379e+00	6.8149818347762214e-01	9.9999999999999978e-02	0.0000000000000000e+00	6.1630320718951252e+03	-3.5050311177794635e+06	-3.3050365361243606e+07	1.1606062970264924e-02	-2.7428370750780280e+00	5.4568501114996952e+03	2.7418406911527553e+00	1.1240474795596658e+01	1.4144234393600026e+00	1.4932910783656212e+00	0.0000000000000000e+00	0.0000000000000000e+00	
1.9236099887710889e+00	6.6048668414809839e-03	-3.7563107798411379e+00	6.8149818347762214e-01	9.9999999999999978e-02	0.0000000000000000e+00	6.1630320718951252e+03	-3.5050311177794635e+06	-3.3050365361243606e+07	1.1606062970264924e-02	-2.7428370750780280e+00	5.4568501114996952e+03	2.7418406911527553e+00	1.1240474795596658e+01	1.4144234393600026e+00	1.4932910783656212e+00	0.0000000000000000e+00	0.0000000000000000e+00	
1.9245621640172448e+00	9.0335319999563235e-03	-3.7525596399727235e+00	6.8426153078239693e-01	9.9999999999999978e-02	0.0000000000000000e+00	8.4318016044484484e+03	-3.5025988055697903e+06	-3.3026089544876680e+07	1.1602914568208644e-02	-2.7499551167415746e+00	5.4568501114996952e+03	2.7489587969491773e+00	1.1240474795596658e+01	1.4144234393600026e+00	1.4932910783656212e+00	0.0000000000000000e+00	0.0000000000000000e+00	
1.9255143392634004e+00	9.0335319999563235e-03	-3.7525596399727235e+00	6.8426153078239693e-01	9.9999999999999978e-02	0.0000000000000000e+00	8.4318016044484484e+03	-3.5025988055697903e+06	-3.3026089544876680e+07	1.1602914568208644e-02	-2.7499551167415746e+00	5.4568501114996952e+03	2.7489587969491773e+00	1.1240474795596658e+01	1.4144234393600026e+00	1.4932910783656212e+00	0.0000000000000000e+00	0.0000000000000000e+00	
1.9264665145095563e+00	1.1374554457109378e-02	-3.7490344732662768e+00	6.8693028242026444e-01	9.9999999999999978e-02	0.0000000000000000e+00	1.0619862539391199e+04	-3.5002892563105188e+06	-3.3003053665820602e+07	1.1602187938394147e-02	-2.7570653988181708e+00	5.4568501114996952e+03	2.7560691472603653e+00	1.1240474795596658e+01	1.4144234393600026e+00	1.4932910783656212e+00	0.0000000000000000e+00	0.0000000000000000e+00	
1.9274186897557120e+00	1.1374554457109378e-02	-3.7490344732662768e+00	6.8693028242026444e-01	9.9999999999999978e-02	0.0000000000000000e+00	1.0619862539391199e+04	-3.5002892563105188e+06	-3.3003053665820602e+07	1.1602187938394147e-02	-2.7570653988181708e+00	5.4568501114996952e+03	2.7560691472603653e+00	1.1240474795596658e+01	1.4144234393600026e+00	1.4932910783656212e+00	0.0000000000000000e+00	0.0000000000000000e+00	
1.9283708650018678e+00	1.3822770280692882e-02	-3.7455803191954296e+00	6.8969978751226113e-01	9.9999999999999978e-02	0.0000000000000000e+00	1.2910494056662370e+04	-3.4983792299060505e+06	-3.2984030524076004e+07	1.1604032829370066e-02	-2.7641677107787936e+00	5.4568501114996952e+03	2.7631715326914388e+00	1.1240474795596658e+01	1.4144234393600026e+00	1.4932910783656212e+00	0.0000000000000000e+00	0.0000000000000000e+00	
1.9293230402480235e+00	1.3822770280692882e-02	-3.7455803191954296e+00	6.8969978751226113e-01	9.9999999999999978e-02	0.0000000000000000e+00	1.2910494056662370e+04	-3.4983792299060505e+06	-3.2984030524076004e+07	1.1604032829370066e-02	-2.7641677107787936e+00	5.4568501114996952e+03	2.7631715326914388e+00	1.1240474795596658e+01	1.4144234393600026e+00	1.4932910783656212e+00	0.0000000000000000e+00	0.0000000000000000e+00	
1.9302752154941794e+00	1.6185476968512524e-02	-3.7423744106212600e+00	6.9235280735436089e-01	9.9999999999999978e-02	0.0000000000000000e+00	1.5122466965992813e+04	-3.4965873115205541e+06	-3.2966200131117582e+07	1.1608492945291114e-02	-2.7712626338638393e+00	5.4568501114996952e+03	2.7702665358763063e+00	1.1240474795596658e+01	1.4144234393600026e+00	1.4932910783656212e+00	0.0000000000000000e+00	0.0000000000000000e+00	
1.9312273907403350e+00	1.6185476968512524e-02	-3.7423744106212600e+00	6.9235280735436089e-01	9.9999999999999978e-02	0.0000000000000000e+00	1.5122466965992813e+04	-3.4965873115205541e+06	-3.2966200131117582e+07	1.1608492945291114e-02	-2.7712626338638393e+00	5.4568501114996952e+03	2.7702665358763063e+00	1.1240474795596658e+01	1.4144234393600026e+00	1.4932910783656212e+00	0.0000000000000000e+00	0.0000000000000000e+00	
1.9321795659864909e+00	1.8628714339682859e-02	-3.7392237923197871e+00	6.9509858472449926e-01	9.9999999999999978e-02	0.0000000000000000e+00	1.7413059945790508e+04	-3.4952131885831598e+06	-3.2952565640167680e+07	1.1615680375756271e-02	-2.7783498841654901e+00	5.4568501114996952e+03	2.7773538740942496e+00	1.1240474795596658e+01	1.4144234393600026e+00	1.4932910783656212e+00	0.0000000000000000e+00	0.0000000000000000e+00	
1.9331317412326465e+00	1.8628714339682859e-02	-3.7392237923197871e+00	6.9509858472449926e-01	9.9999999999999978e-02	0.0000000000000000e+00	1.7413059945790508e+04	-3.4952131885831598e+06	-3.2952565640167680e+07	1.1615680375756271e-02	-2.7783498841654901e+00	5.4568501114996952e+03	2.7773538740942496e+00	1.1240474795596658e+01	1.4144234393600026e+00	1.4932910783656212e+00	0.0000000000000000e+00	0.0000000000000000e+00	
1.9340839164788024e+00	2.0989002590224858e-02	-3.7363395937070019e+00	6.9770619711399950e-01	9.9999999999999978e-02	0.0000000000000000e+00	1.9627374973782295e+04	-3.4939506019805912e+06	-3.2940057302369840e+07	1.1625651335942212e-02	-2.7854301227960487e+00	5.4568501114996952e+03	2.7844342099048158e+00	1.1240474795596658e+01	1.4144234393600026e+00	1.4932910783656212e+00	0.0000000000000000e+00	0.0000000000000000e+00	
1.9350360917249581e+00	2.0989002590224858e-02	-3.7363395937070019e+00	6.9770619711399950e-01	9.9999999999999978e-02	0.0000000000000000e+00	1.9627374973782295e+04	-3.4939506019805912e+06	-3.2940057302369840e+07	1.1625651335942212e-02	-2.7854301227960487e+00	5.4568501114996952e+03	2.7844342099048158e+00	1.1240474795596658e+01	1.4144234393600026e+00	1.4932910783656212e+00	0.0000000000000000e+00	0.0000000000000000e+00	
1.9359882669711139e+00	2.3401555286943116e-02	-3.7334946365084458e+00	7.0039531322315285e-01	9.9999999999999978e-02	0.0000000000000000e+00	2.1894871376684525e+04	-3.4931176090468206e+06	-3.2931862269317307e+07	1.1638475829980852e-02	-2.7925029988581391e+00	5.4568501114996952e+03	2.7915071935051743e+00	1.1240474795596658e+01	1.4144234393600026e+00	1.4932910783656212e+00	0.0000000000000000e+00	0.0000000000000000e+00	
1.9369404422172696e+00	2.3401555286943116e-02	-3.7334946365084458e+00	7.0039531322315285e-01	9.9999999999999978e-02	0.0000000000000000e+00	2.1894871376684525e+04	-3.4931176090468206e+06	-3.2931862269317307e+07	1.1638475829980852e-02	-2.7925029988581391e+00	5.4568501114996952e+03	2.7915071935051743e+00	1.1240474795596658e+01	1.4144234393600026e+00	1.4932910783656212e+00	0.0000000000000000e+00	0.0000000000000000e+00	
1.9378926174634254e+00	2.5734243515467131e-02	-3.7309289320739829e+00	7.0292480799019874e-01	9.9999999999999978e-02	0.0000000000000000e+00	2.4088895475668440e+04	-3.4923877602182422e+06	-3.2924708363288336e+07	1.1654219039064578e-02	-2.7995692461506034e+00	5.4568501114996952e+03	2.7985735601806225e+00	1.1240474795596658e+01	1.4144234393600026e+00	1.4932910783656212e+00	0.0000000000000000e+00	0.0000000000000000e+00	
1.9388447927095811e+00	2.5734243515467131e-02	-3.7309289320739829e+00	7.0292480799019874e-01	9.9999999999999978e-02	0.0000000000000000e+00	2.4088895475668440e+04	-3.4923877602182422e+06	-3.2924708363288336e+07	1.1654219039064578e-02	-2.7995692461506034e+00	5.4568501114996952e+03	2.7985735601806225e+00	1.1240474795596658e+01	1.4144234393600026e+00	1.4932910783656212e+00	0.0000000000000000e+00	0.0000000000000000e+00	
1.9397969679557370e+00	2.8090005389782843e-02	-3.7283856862078113e+00	7.0552145291338852e-01	9.9999999999999978e-02	0.0000000000000000e+00	2.6309753846309868e+04	-3.4920929450560622e+06	-3.2921920537189443e+07	1.1672905447372078e-02	-2.8066284529444703e+00	5.4568501114996952e+03	2.8056328990489363e+00	1.1240474795596658e+01	1.4144234393600026e+00	1.4932910783656212e+00	0.0000000000000000e+00	0.0000000000000000e+00	
1.9407491432018926e+00	2.8090005389782843e-02	-3.7283856862078113e+00	7.0552145291338852e-01	9.9999999999999978e-02	0.0000000000000000e+00	2.6309753846309868e+04	-3.4920929450560622e+06	-3.2921920537189443e+07	1.1672905447372078e-02	-2.8066284529444703e+00	5.4568501114996952e+03	2.8056328990489363e+00	1.1240474795596658e+01	1.4144234393600026e+00	1.4932910783656212e+00	0.0000000000000000e+00	0.0000000000000000e+00	
1.9417013184480485e+00	3.0369473253871737e-02	-3.7261282183500812e+00	7.0793735417164561e-01	9.9999999999999978e-02	0.0000000000000000e+00	2.8460343872848898e+04	-3.4918910025895815e+06	-3.2920069824012954e+07	1.1694605830725036e-02	-2.8136814158415611e+00	5.4568501114996952e+03	2.8126860082107874e+00	1.1240474795596658e+01	1.4144234393600026e+00	1.4932910783656212e+00	0.0000000000000000e+00	0.0000000000000000e+00	
1.9426534936942041e+00	3.0369473253871737e-02	-3.7261282183500812e+00	7.0793735417164561e-01	9.9999999999999978e-02	0.0000000000000000e+00	2.8460343872848898e+04	-3.4918910025895815e+06	-3.2920069824012954e+07	1.1694605830725036e-02	-2.8136814158415611e+00	5.4568501114996952e+03	2.8126860082107874e+00	1.1240474795596658e+01	1.4144234393600026e+00	1.4932910783656212e+00	0.0000000000000000e+00	0.0000000000000000e+00	
1.9436056689403600e+00	3.2642056538899740e-02	-3.7238751383155684e+00	7.1040311090919828e-01	9.9999999999999978e-02	0.0000000000000000e+00	3.0610606920468163e+04	-3.4921230512559526e+06	-3.2922572090797082e+07	1.1719295995249837e-02	-2.8207276671083528e+00	5.4568501114996952e+03	2.8197324203807277e+00	1.1240474795596658e+01	1.4144234393600026e+00	1.4932910783656212e+00	0.0000000000000000e+00	0.0000000000000000e+00	
1.9445578441865157e+00	3.2642056538899740e-02	-3.7238751383155684e+00	7.1040311090919828e-01	9.9999999999999978e-02	0.0000000000000000e+00	3.0610606920468163e+04	-3.4921230512559526e+06	-3.2922572090797082e+07	1.1719295995249837e-02	-2.8207276671083528e+00	5.4568501114996952e+03	2.8197324203807277e+00	1.1240474795596658e+01	1.4144234393600026e+00	1.4932910783656212e+00	0.0000000000000000e+00	0.0000000000000000e+00	
1.9455100194326715e+00	3.4842328449145317e-02	-3.7219075266903290e+00	7.1266759135536595e-01	9.9999999999999978e-02	0.0000000000000000e+00	3.2694148100830538e+04	-3.4924358190592453e+06	-3.2925888474837761e+07	1.1747049283882899e-02	-2.8277680539412446e+00	5.4568501114996952e+03	2.8267729842346445e+00	1.1240474795596658e+01	1.4144234393600026e+00	1.4932910783656212e+00	0.0000000000000000e+00	0.0000000000000000e+00	
1.9464621946788272e+00	3.4842328449145317e-02	-3.7219075266903290e+00	7.1266759135536595e-01	9.9999999999999978e-02	0.0000000000000000e+00	3.2694148100830538e+04	-3.4924358190592453e+06	-3.2925888474837761e+07	1.1747049283882899e-02	-2.8277680539412446e+00	5.4568501114996952e+03	2.8267729842346445e+00	1.1240474795596658e+01	1.4144234393600026e+00	1.4932910783656212e+00	0.0000000000000000e+00	0.0000000000000000e+00	
1.9474143699249831e+00	3.7005407437265520e-02	-3.7199248148444117e+00	7.1496218612537654e-01	9.9999999999999978e-02	0.0000000000000000e+00	3.4749728486404361e+04	-3.4931753561917469e+06	-3.2933481951753959e+07	1.1777790372161687e-02	-2.8348020561712088e+00	5.4568501114996952e+03	2.8338071795205027e+00	1.1240474795596658e+01	1.4144234393600026e+00	1.4932910783656212e+00	0.0000000000000000e+00	0.0000000000000000e+00	
1.9483665451711387e+00	3.7005407437265520e-02	-3.7199248148444117e+00	7.1496218612537654e-01	9.9999999999999978e-02	0.0000000000000000e+00	3.4749728486404361e+04	-3.4931753561917469e+06	-3.2933481951753959e+07	1.1777790372161687e-02	-2.8348020561712088e+00	5.4568501114996952e+03	2.8338071795205027e+00	1.1240474795596658e+01	1.4144234393600026e+00	1.4932910783656212e+00	0.0000000000000000e+00	0.0000000000000000e+00	
1.9493187204172946e+00	3.9100373979422086e-02	-3.7182203178923001e+00	7.1703583216702282e-01	9.9999999999999978e-02	0.0000000000000000e+00	3.6742305413876442e+04	-3.4939815815569926e+06	-3.2941747651293296e+07	1.1811592570929900e-02	-2.8418305575844345e+00	5.4568501114996952e+03	2.8408358914532132e+00	1.1240474795596658e+01	1.4144234393600026e+00	1.4932910783656212e+00	0.0000000000000000e+00	0.0000000000000000e+00	
1.9502708956634502e+00	3.9100373979422086e-02	-3.7182203178923001e+00	7.1703583216702282e-01	9.9999999999999978e-02	0.0000000000000000e+00	3.6742305413876442e+04	-3.4939815815569926e+06	-3.2941747651293296e+07	1.1811592570929900e-02	-2.8418305575844345e+00	5.4568501114996952e+03	2.8408358914532132e+00	1.1240474795596658e+01	1.4144234393600026e+00	1.4932910783656212e+00	0.0000000000000000e+00	0.0000000000000000e+00	
1.9512230709096061e+00	4.1127526989658200e-02	-3.7164795278989278e+00	7.1911781909251227e-01	9.9999999999999978e-02	0.0000000000000000e+00	3.8678805584456182e+04	-3.4952013806803804e+06	-3.2954153889790345e+07	1.1848327268960792e-02	-2.8488529876570841e+00	5.4568501114996952e+03	2.8478585487897470e+00	1.1240474795596658e+01	1.4144234393600026e+00	1.4932910783656212e+00	0.0000000000000000e+00	0.0000000000000000e+00	
1.9521752461557618e+00	4.1127526989658200e-02	-3.7164795278989278e+00	7.1911781909251227e-01	9.9999999999999978e-02	0.0000000000000000e+00	3.8678805584456182e+04	-3.4952013806803804e+06	-3.2954153889790345e+07	1.1848327268960792e-02	-2.8488529876570841e+00	5.4568501114996952e+03	2.8478585487897470e+00	1.1240474795596658e+01	1.4144234393600026e+00	1.4932910783656212e+00	0.0000000000000000e+00	0.0000000000000000e+00	
1.9531274214019176e+00	4.3090840232030865e-02	-3.7150030650850225e+00	7.2096038446259592e-01	9.9999999999999978e-02	0.0000000000000000e+00	4.0556069545233848e+04	-3.4964721471446380e+06	-3.2967073469959099e+07	1.1888065722176577e-02	-2.8558702515613441e+00	5.4568501114996952e+03	2.8548760580526333e+00	1.1240474795596658e+01	1.4144234393600026e+00	1.4932910783656212e+00	0.0000000000000000e+00	0.0000000000000000e+00	
1.9540795966480733e+00	4.3090840232030865e-02	-3.7150030650850225e+00	7.2096038446259592e-01	9.9999999999999978e-02	0.0000000000000000e+00	4.0556069545233848e+04	-3.4964721471446380e+06	-3.2967073469959099e+07	1.1888065722176577e-02	-2.8558702515613441e+00	5.4568501114996952e+03	2.8548760580526333e+00	1.1240474795596658e+01	1.4144234393600026e+00	1.4932910783656212e+00	0.0000000000000000e+00	0.0000000000000000e+00	
1.9550317718942292e+00	4.4955848641487307e-02	-3.7134675197598517e+00	7.2278816668806822e-01	9.9999999999999978e-02	0.0000000000000000e+00	4.2349034053341391e+04	-3.4981379998947438e+06	-3.2983943326893326e+07	1.1930624815209869e-02	-2.8628817298094265e+00	5.4568501114996952e+03	2.8618877983312423e+00	1.1240474795596658e+01	1.4144234393600026e+00	1.4932910783656212e+00	0.0000000000000000e+00	0.0000000000000000e+00	
1.9559839471403848e+00	4.4955848641487307e-02	-3.7134675197598517e+00	7.2278816668806822e-01	9.9999999999999978e-02	0.0000000000000000e+00	4.2349034053341391e+04	-3.4981379998947438e+06	-3.2983943326893326e+07	1.1930624815209869e-02	-2.8628817298094265e+00	5.4568501114996952e+03	2.8618877983312423e+00	1.1240474795596658e+01	1.4144234393600026e+00	1.4932910783656212e+00	0.0000000000000000e+00	0.0000000000000000e+00	
1.9569361223865407e+00	4.6761180241908611e-02	-3.7121764534454615e+00	7.2435955242030092e-01	9.9999999999999978e-02	0.0000000000000000e+00	4.4086411728496030e+04	-3.4998376578348428e+06	-3.3001153185142264e+07	1.1976072287292193e-02	-2.8698883331658243e+00	5.4568501114996952e+03	2.8688946816381864e+00	1.1240474795596658e+01	1.4144234393600026e+00	1.4932910783656212e+00	0.0000000000000000e+00	0.0000000000000000e+00	
1.9578882976326963e+00	4.6761180241908611e-02	-3.7121764534454615e+00	7.2435955242030092e-01	9.9999999999999978e-02	0.0000000000000000e+00	4.4086411728496030e+04	-3.4998376578348428e+06	-3.3001153185142264e+07	1.1976072287292193e-02	-2.8698883331658243e+00	5.4568501114996952e+03	2.8688946816381864e+00	1.1240474795596658e+01	1.4144234393600026e+00	1.4932910783656212e+00	0.0000000000000000e+00	0.0000000000000000e+00	
1.9588404728788522e+00	4.8437984315749784e-02	-3.7108019065943845e+00	7.2589222583738355e-01	9.9999999999999978e-02	0.0000000000000000e+00	4.5711257765395807e+04	-3.5019091909965631e+06	-3.3022075182765339e+07	1.2024169918015578e-02	-2.8768893940942211e+00	5.4568501114996952e+03	2.8758960382820851e+00	1.1240474795596658e+01	1.4144234393600026e+00	1.4932910783656212e+00	0.0000000000000000e+00	0.0000000000000000e+00	
1.9597926481250079e+00	4.8437984315749784e-02	-3.7108019065943845e+00	7.2589222583738355e-01	9.9999999999999978e-02	0.0000000000000000e+00	4.5711257765395807e+04	-3.5019091909965631e+06	-3.3022075182765339e+07	1.2024169918015578e-02	-2.8768893940942211e+00	5.4568501114996952e+03	2.8758960382820851e+00	1.1240474795596658e+01	1.4144234393600026e+00	1.4932910783656212e+00	0.0000000000000000e+00	0.0000000000000000e+00	
1.9607448233711637e+00	5.0059094965234092e-02	-3.7096470602011129e+00	7.2715334490495331e-01	9.9999999999999978e-02	0.0000000000000000e+00	4.7283982599213625e+04	-3.5039963700024039e+06	-3.3043153876328580e+07	1.2074981051636373e-02	-2.8838858132932170e+00	5.4568501114996952e+03	2.8828927700866349e+00	1.1240474795596658e+01	1.4144234393600026e+00	1.4932910783656212e+00	0.0000000000000000e+00	0.0000000000000000e+00	
1.9616969986173194e+00	5.0059094965234092e-02	-3.7096470602011129e+00	7.2715334490495331e-01	9.9999999999999978e-02	0.0000000000000000e+00	4.7283982599213625e+04	-3.5039963700024039e+06	-3.3043153876328580e+07	1.2074981051636373e-02	-2.8838858132932170e+00	5.4568501114996952e+03	2.8828927700866349e+00	1.1240474795596658e+01	1.4144234393600026e+00	1.4932910783656212e+00	0.0000000000000000e+00	0.0000000000000000e+00	
1.9626491738634753e+00	5.1522334497122325e-02	-3.7083828879678618e+00	7.2835173036898393e-01	9.9999999999999978e-02	0.0000000000000000e+00	4.8716484685373471e+04	-3.5064284243426789e+06	-3.3067668287068032e+07	1.2128212924641864e-02	-2.8908768761796009e+00	5.4568501114996952e+03	2.8898841595975067e+00	1.1240474795596658e+01	1.4144234393600026e+00	1.4932910783656212e+00	0.0000000000000000e+00	0.0000000000000000e+00	
1.9636013491096309e+00	5.1522334497122325e-02	-3.7083828879678618e+00	7.2835173036898393e-01	9.9999999999999978e-02	0.0000000000000000e+00	4.8716484685373471e+04	-3.5064284243426789e+06	-3.3067668287068032e+07	1.2128212924641864e-02	-2.8908768761796009e+00	5.4568501114996952e+03	2.8898841595975067e+00	1.1240474795596658e+01	1.4144234393600026e+00	1.4932910783656212e+00	0.0000000000000000e+00	0.0000000000000000e+00	
1.9645535243557868e+00	5.2933596694061405e-02	-3.7073099778234231e+00	7.2926547286069610e-01	9.9999999999999978e-02	0.0000000000000000e+00	5.0100057919955951e+04	-3.5088574405720998e+06	-3.3092150908802606e+07	1.2183924094879523e-02	-2.8978634584963441e+00	5.4568501114996952e+03	2.8968710835383056e+00	1.1240474795596658e+01	1.4144234393600026e+00	1.4932910783656212e+00	0.0000000000000000e+00	0.0000000000000000e+00	
1.9655056996019424e+00	5.2933596694061405e-02	-3.7073099778234231e+00	7.2926547286069610e-01	9.9999999999999978e-02	0.0000000000000000e+00	5.0100057919955951e+04	-3.5088574405720998e+06	-3.3092150908802606e+07	1.2183924094879523e-02	-2.8978634584963441e+00	5.4568501114996952e+03	2.8968710835383056e+00	1.1240474795596658e+01	1.4144234393600026e+00	1.4932910783656212e+00	0.0000000000000000e+00	0.0000000000000000e+00	
1.9664578748480983e+00	5.4158832046627914e-02	-3.7061003954164846e+00	7.3009291767171258e-01	9.9999999999999978e-02	0.0000000000000000e+00	5.1316533170240029e+04	-3.5116012788071670e+06	-3.3119762140277550e+07	1.2241768642707186e-02	-2.9048447998020004e+00	5.4568501114996952e+03	2.9038527779349730e+00	1.1240474795596658e+01	1.4144234393600026e+00	1.4932910783656212e+00	0.0000000000000000e+00	0.0000000000000000e+00	
1.9674100500942540e+00	5.4158832046627914e-02	-3.7061003954164846e+00	7.3009291767171258e-01	9.9999999999999978e-02	0.0000000000000000e+00	5.1316533170240029e+04	-3.5116012788071670e+06	-3.3119762140277550e+07	1.2241768642707186e-02	-2.9048447998020004e+00	5.4568501114996952e+03	2.9038527779349730e+00	1.1240474795596658e+01	1.4144234393600026e+00	1.4932910783656212e+00	0.0000000000000000e+00	0.0000000000000000e+00	
1.9683622253404098e+00	5.5335536816455623e-02	-3.7050514709057318e+00	7.3062497101614343e-01	9.9999999999999978e-02	0.0000000000000000e+00	5.2486982879832329e+04	-3.5143234223492462e+06	-3.3147153512403127e+07	1.2301800418480396e-02	-2.9118217374194764e+00	5.4568501114996952e+03	2.9108300809227012e+00	1.1240474795596658e+01	1.4144234393600026e+00	1.4932910783656212e+00	0.0000000000000000e+00	0.0000000000000000e+00	
1.9693144005865655e+00	5.5335536816455623e-02	-3.7050514709057318e+00	7.3062497101614343e-01	9.9999999999999978e-02	0.0000000000000000e+00	5.2486982879832329e+04	-3.5143234223492462e+06	-3.3147153512403127e+07	1.2301800418480396e-02	-2.9118217374194764e+00	5.4568501114996952e+03	2.9108300809227012e+00	1.1240474795596658e+01	1.4144234393600026e+00	1.4932910783656212e+00	0.0000000000000000e+00	0.0000000000000000e+00	
1.9702665758327214e+00	5.6299868906605731e-02	-3.7038374911943461e+00	7.3104835629118392e-01	9.9999999999999978e-02	0.0000000000000000e+00	5.3464851580611525e+04	-3.5173282920768298e+06	-3.3177346125878528e+07	1.2363622902468096e-02	-2.9187934672557381e+00	5.4568501114996952e+03	2.9178021843069954e+00	1.1240474795596658e+01	1.4144234393600026e+00	1.4932910783656212e+00	0.0000000000000000e+00	0.0000000000000000e+00	
1.9712187510788770e+00	5.6299868906605731e-02	-3.7038374911943461e+00	7.3104835629118392e-01	9.9999999999999978e-02	0.0000000000000000e+00	5.3464851580611525e+04	-3.5173282920768298e+06	-3.3177346125878528e+07	1.2363622902468096e-02	-2.9187934672557381e+00	5.4568501114996952e+03	2.9178021843069954e+00	1.1240474795596658e+01	1.4144234393600026e+00	1.4932910783656212e+00	0.0000000000000000e+00	0.0000000000000000e+00	
1.9721709263250329e+00	5.7218853638962730e-02	-3.7027529196200448e+00	7.3116813902794542e-01	9.9999999999999978e-02	0.0000000000000000e+00	5.4399294666459697e+04	-3.5202933009191621e+06	-3.3207135935427230e+07	1.2427285737783610e-02	-2.9257607766244367e+00	5.4568501114996952e+03	2.9247698760182548e+00	1.1240474795596658e+01	1.4144234393600026e+00	1.4932910783656212e+00	0.0000000000000000e+00	0.0000000000000000e+00	
1.9731231015711885e+00	5.7218853638962730e-02	-3.7027529196200448e+00	7.3116813902794542e-01	9.9999999999999978e-02	0.0000000000000000e+00	5.4399294666459697e+04	-3.5202933009191621e+06	-3.3207135935427230e+07	1.2427285737783610e-02	-2.9257607766244367e+00	5.4568501114996952e+03	2.9247698760182548e+00	1.1240474795596658e+01	1.4144234393600026e+00	1.4932910783656212e+00	0.0000000000000000e+00	0.0000000000000000e+00	
1.9740752768173444e+00	5.7901183848855294e-02	-3.7014743736980433e+00	7.3115867384815503e-01	9.9999999999999978e-02	0.0000000000000000e+00	5.5117298408434312e+04	-3.5235077082165238e+06	-3.3239387745029110e+07	1.2492345182772297e-02	-2.9327228214906862e+00	5.4568501114996952e+03	2.9317323074718531e+00	1.1240474795596658e+01	1.4144234393600026e+00	1.4932910783656212e+00	0.0000000000000000e+00	0.0000000000000000e+00	
1.9750274520635001e+00	5.7901183848855294e-02	-3.7014743736980433e+00	7.3115867384815503e-01	9.9999999999999978e-02	0.0000000000000000e+00	5.5117298408434312e+04	-3.5235077082165238e+06	-3.3239387745029110e+07	1.2492345182772297e-02	-2.9327228214906862e+00	5.4568501114996952e+03	2.9317323074718531e+00	1.1240474795596658e+01	1.4144234393600026e+00	1.4932910783656212e+00	0.0000000000000000e+00	0.0000000000000000e+00	
1.9759796273096559e+00	5.8541269247350668e-02	-3.7002947207541048e+00	7.3084011690294426e-01	9.9999999999999978e-02	0.0000000000000000e+00	5.5794324990495705e+04	-3.5266650153767169e+06	-3.3271063405266311e+07	1.2558847706710938e-02	-2.9396803296421168e+00	5.4568501114996952e+03	2.9386902068513838e+00	1.1240474795596658e+01	1.4144234393600026e+00	1.4932910783656212e+00	0.0000000000000000e+00	0.0000000000000000e+00	
1.9769318025558116e+00	5.8541269247350668e-02	-3.7002947207541048e+00	7.3084011690294426e-01	9.9999999999999978e-02	0.0000000000000000e+00	5.5794324990495705e+04	-3.5266650153767169e+06	-3.3271063405266311e+07	1.2558847706710938e-02	-2.9396803296421168e+00	5.4568501114996952e+03	2.9386902068513838e+00	1.1240474795596658e+01	1.4144234393600026e+00	1.4932910783656212e+00	0.0000000000000000e+00	0.0000000000000000e+00	
1.9778839778019675e+00	5.8923028206507570e-02	-3.6988924257362878e+00	7.3037422647394390e-01	9.9999999999999978e-02	0.0000000000000000e+00	5.6233194454475022e+04	-3.5300381425348613e+06	-3.3304860090233359e+07	1.2626306845073995e-02	-2.9466324225473626e+00	5.4568501114996952e+03	2.9456426907764435e+00	1.1240474795596658e+01	1.4144234393600026e+00	1.4932910783656212e+00	0.0000000000000000e+00	0.0000000000000000e+00	
1.9788361530481231e+00	5.8923028206507570e-02	-3.6988924257362878e+00	7.3037422647394390e-01	9.9999999999999978e-02	0.0000000000000000e+00	5.6233194454475022e+04	-3.5300381425348613e+06	-3.3304860090233359e+07	1.2626306845073995e-02	-2.9466324225473626e+00	5.4568501114996952e+03	2.9456426907764435e+00	1.1240474795596658e+01	1.4144234393600026e+00	1.4932910783656212e+00	0.0000000000000000e+00	0.0000000000000000e+00	
1.9797883282942790e+00	5.9265820918671198e-02	-3.6975603217438482e+00	7.2959656628250757e-01	9.9999999999999978e-02	0.0000000000000000e+00	5.6633609306197497e+04	-3.5333381602039374e+06	-3.3337920029419351e+07	1.2694767504969713e-02	-2.9535797610472394e+00	5.4568501114996952e+03	2.9525904202463646e+00	1.1240474795596658e+01	1.4144234393600026e+00	1.4932910783656212e+00	0.0000000000000000e+00	0.0000000000000000e+00	
1.9807405035404346e+00	5.9265820918671198e-02	-3.6975603217438482e+00	7.2959656628250757e-01	9.9999999999999978e-02	0.0000000000000000e+00	5.6633609306197497e+04	-3.5333381602039374e+06	-3.3337920029419351e+07	1.2694767504969713e-02	-2.9535797610472394e+00	5.4568501114996952e+03	2.9525904202463646e+00	1.1240474795596658e+01	1.4144234393600026e+00	1.4932910783656212e+00	0.0000000000000000e+00	0.0000000000000000e+00	
1.9816926787865905e+00	5.9331421993146109e-02	-3.6959775115174347e+00	7.2865644532385065e-01	9.9999999999999978e-02	0.0000000000000000e+00	5.6776484763647466e+04	-3.5368208584939931e+06	-3.3372765447870046e+07	1.2763705822180256e-02	-2.9605214386402148e+00	5.4568501114996952e+03	2.9595324837802677e+00	1.1240474795596658e+01	1.4144234393600026e+00	1.4932910783656212e+00	0.0000000000000000e+00	0.0000000000000000e+00	
1.9826448540327462e+00	5.9331421993146109e-02	-3.6959775115174347e+00	7.2865644532385065e-01	9.9999999999999978e-02	0.0000000000000000e+00	5.6776484763647466e+04	-3.5368208584939931e+06	-3.3372765447870046e+07	1.2763705822180256e-02	-2.9605214386402148e+00	5.4568501114996952e+03	2.9595324837802677e+00	1.1240474795596658e+01	1.4144234393600026e+00	1.4932910783656212e+00	0.0000000000000000e+00	0.0000000000000000e+00	
1.9835970292789020e+00	5.9361963767907491e-02	-3.6944387707317627e+00	7.2740474368163366e-01	9.9999999999999978e-02	0.0000000000000000e+00	5.6883923499997160e+04	-3.5402159745152090e+06	-3.3406729483200494e+07	1.2833167448087617e-02	-2.9674580439266487e+00	5.4568501114996952e+03	2.9664694699025893e+00	1.1240474795596658e+01	1.4144234393600026e+00	1.4932910783656212e+00	0.0000000000000000e+00	0.0000000000000000e+00	
1.9845492045250577e+00	5.9361963767907491e-02	-3.6944387707317627e+00	7.2740474368163366e-01	9.9999999999999978e-02	0.0000000000000000e+00	5.6883923499997160e+04	-3.5402159745152090e+06	-3.3406729483200494e+07	1.2833167448087617e-02	-2.9674580439266487e+00	5.4568501114996952e+03	2.9664694699025893e+00	1.1240474795596658e+01	1.4144234393600026e+00	1.4932910783656212e+00	0.0000000000000000e+00	0.0000000000000000e+00	
1.9855013797712135e+00	5.9099803885345262e-02	-3.6926224591729944e+00	7.2597893715266204e-01	9.9999999999999978e-02	0.0000000000000000e+00	5.6717316676223651e+04	-3.5437619689732473e+06	-3.3442158154875509e+07	1.2902597533525576e-02	-2.9743886501785597e+00	5.4568501114996952e+03	2.9734004469669930e+00	1.1240474795596658e+01	1.4144234393600026e+00	1.4932910783656212e+00	0.0000000000000000e+00	0.0000000000000000e+00	
1.9864535550173692e+00	5.9099803885345262e-02	-3.6926224591729944e+00	7.2597893715266204e-01	9.9999999999999978e-02	0.0000000000000000e+00	5.6717316676223651e+04	-3.5437619689732473e+06	-3.3442158154875509e+07	1.2902597533525576e-02	-2.9743886501785597e+00	5.4568501114996952e+03	2.9734004469669930e+00	1.1240474795596658e+01	1.4144234393600026e+00	1.4932910783656212e+00	0.0000000000000000e+00	0.0000000000000000e+00	
1.9874057302635251e+00	5.8807675025027192e-02	-3.6908269746401201e+00	7.2424456662504089e-01	9.9999999999999978e-02	0.0000000000000000e+00	5.6519320992519861e+04	-3.5472076462599859e+06	-3.3476578920931414e+07	1.2972045542979873e-02	-2.9813137703631405e+00	5.4568501114996952e+03	2.9803259276614003e+00	1.1240474795596658e+01	1.4144234393600026e+00	1.4932910783656212e+00	0.0000000000000000e+00	0.0000000000000000e+00	
1.9883579055096807e+00	5.8807675025027192e-02	-3.6908269746401201e+00	7.2424456662504089e-01	9.9999999999999978e-02	0.0000000000000000e+00	5.6519320992519861e+04	-3.5472076462599859e+06	-3.3476578920931414e+07	1.2972045542979873e-02	-2.9813137703631405e+00	5.4568501114996952e+03	2.9803259276614003e+00	1.1240474795596658e+01	1.4144234393600026e+00	1.4932910783656212e+00	0.0000000000000000e+00	0.0000000000000000e+00	
1.9893100807558366e+00	5.8211009167816796e-02	-3.6887281173606041e+00	7.2232816212895401e-01	9.9999999999999978e-02	0.0000000000000000e+00	5.6033989611098550e+04	-3.5507742600800116e+06	-3.3512163626056999e+07	1.3040933001709032e-02	-2.9882324656002783e+00	5.4568501114996952e+03	2.9872449684522575e+00	1.1240474795596658e+01	1.4144234393600026e+00	1.4932910783656212e+00	0.0000000000000000e+00	0.0000000000000000e+00	
1.9902622560019922e+00	5.8211009167816796e-02	-3.6887281173606041e+00	7.2232816212895401e-01	9.9999999999999978e-02	0.0000000000000000e+00	5.6033989611098550e+04	-3.5507742600800116e+06	-3.3512163626056999e+07	1.3040933001709032e-02	-2.9882324656002783e+00	5.4568501114996952e+03	2.9872449684522575e+00	1.1240474795596658e+01	1.4144234393600026e+00	1.4932910783656212e+00	0.0000000000000000e+00	0.0000000000000000e+00	
1.9912144312481481e+00	5.7591322134155798e-02	-3.6866297643393207e+00	7.2010901900743796e-01	9.9999999999999978e-02	0.0000000000000000e+00	5.5523012419176062e+04	-3.5542297451256737e+06	-3.3546633998234190e+07	1.3109317029989642e-02	-2.9951451715654658e+00	5.4568501114996952e+03	2.9941580045978249e+00	1.1240474795596658e+01	1.4144234393600026e+00	1.4932910783656212e+00	0.0000000000000000e+00	0.0000000000000000e+00	
1.9921666064943038e+00	5.7591322134155798e-02	-3.6866297643393207e+00	7.2010901900743796e-01	9.9999999999999978e-02	0.0000000000000000e+00	5.5523012419176062e+04	-3.5542297451256737e+06	-3.3546633998234190e+07	1.3109317029989642e-02	-2.9951451715654658e+00	5.4568501114996952e+03	2.9941580045978249e+00	1.1240474795596658e+01	1.4144234393600026e+00	1.4932910783656212e+00	0.0000000000000000e+00	0.0000000000000000e+00	
1.9931187817404596e+00	5.6659757304658477e-02	-3.6842029988188183e+00	7.1770386526125107e-01	9.9999999999999978e-02	0.0000000000000000e+00	5.4715462454410372e+04	-3.5577785794669241e+06	-3.3581992921062291e+07	1.3176604277544753e-02	-3.0020509449549038e+00	5.4568501114996952e+03	3.0010640886167992e+00	1.1240474795596658e+01	1.4144234393600026e+00	1.4932910783656212e+00	0.0000000000000000e+00	0.0000000000000000e+00	
1.9940709569866153e+00	5.6659757304658477e-02	-3.6842029988188183e+00	7.1770386526125107e-01	9.9999999999999978e-02	0.0000000000000000e+00	5.4715462454410372e+04	-3.5577785794669241e+06	-3.3581992921062291e+07	1.3176604277544753e-02	-3.0020509449549038e+00	5.4568501114996952e+03	3.0010640886167992e+00	1.1240474795596658e+01	1.4144234393600026e+00	1.4932910783656212e+00	0.0000000000000000e+00	0.0000000000000000e+00	
1.9950231322327712e+00	5.5714564947439170e-02	-3.6817592950979741e+00	7.1500459710713649e-01	9.9999999999999978e-02	0.0000000000000000e+00	5.3890303462687225e+04	-3.5612074845526554e+06	-3.3616152112266608e+07	1.3242863989510694e-02	-3.0089501441723296e+00	5.4568501114996952e+03	3.0079635784546959e+00	1.1240474795596658e+01	1.4144234393600026e+00	1.4932910783656212e+00	0.0000000000000000e+00	0.0000000000000000e+00	
1.9959753074789268e+00	5.5714564947439170e-02	-3.6817592950979741e+00	7.1500459710713649e-01	9.9999999999999978e-02	0.0000000000000000e+00	5.3890303462687225e+04	-3.5612074845526554e+06	-3.3616152112266608e+07	1.3242863989510694e-02	-3.0089501441723296e+00	5.4568501114996952e+03	3.0079635784546959e+00	1.1240474795596658e+01	1.4144234393600026e+00	1.4932910783656212e+00	0.0000000000000000e+00	0.0000000000000000e+00	
1.9969274827250827e+00	5.4454994682883853e-02	-3.6789623714205146e+00	7.1211931269712747e-01	9.9999999999999978e-02	0.0000000000000000e+00	5.2763782218504479e+04	-3.5647045874514263e+06	-3.3650950636008620e+07	1.3307497558150349e-02	-3.0158418286378899e+00	5.4568501114996952e+03	3.0148555300272726e+00	1.1240474795596658e+01	1.4144234393600026e+00	1.4932910783656212e+00	0.0000000000000000e+00	0.0000000000000000e+00	
1.9978796579712383e+00	5.4454994682883853e-02	-3.6789623714205146e+00	7.1211931269712747e-01	9.9999999999999978e-02	0.0000000000000000e+00	5.2763782218504479e+04	-3.5647045874514263e+06	-3.3650950636008620e+07	1.3307497558150349e-02	-3.0158418286378899e+00	5.4568501114996952e+03	3.0148555300272726e+00	1.1240474795596658e+01	1.4144234393600026e+00	1.4932910783656212e+00	0.0000000000000000e+00	0.0000000000000000e+00	
1.9988318332173942e+00	5.3194169134720602e-02	-3.6761339627540606e+00	7.0895141879064671e-01	9.9999999999999978e-02	0.0000000000000000e+00	5.1630541513605705e+04	-3.5680750401960872e+06	-3.3684485711983114e+07	1.3370591259641637e-02	-3.0227262810441866e+00	5.4568501114996952e+03	3.0217402256486343e+00	1.1240474795596658e+01	1.4144234393600026e+00	1.4932910783656212e+00	0.0000000000000000e+00	0.0000000000000000e+00	
1.9997840084635499e+00	5.3194169134720602e-02	-3.6761339627540606e+00	7.0895141879064671e-01	9.9999999999999978e-02	0.0000000000000000e+00	5.1630541513605705e+04	-3.5680750401960872e+06	-3.3684485711983114e+07	1.3370591259641637e-02	-3.0227262810441866e+00	5.4568501114996952e+03	3.0217402256486343e+00	1.1240474795596658e+01	1.4144234393600026e+00	1.4932910783656212e+00	0.0000000000000000e+00	0.0000000000000000e+00	
2.0000000000000000e+00	5.1621922177200304e-02	-3.6729279981707053e+00	7.0560165500199445e-01	9.9999999999999978e-02	0.0000000000000000e+00	5.0196257344992904e+04	-3.5714911655739173e+06	-3.3718438949685283e+07	1.3377628602773908e-02	-3.0235067268728124e+00	5.4568501114996952e+03	3.0225206972315455e+00	1.1240474795596658e+01	1.4144234393600026e+00	1.4932910783656212e+00	0.0000000000000000e+00	0.0000000000000000e+00	
